DATE,OPEN,HIGH,LOW,CLOSE,VOLUME,LOG_RETURNS
1999-01-04,5.548724617708314,6.115973747751305,5.548724617708314,5.899387836456299,4376700,
1999-01-05,5.940639727787307,6.208793761762026,5.940639727787307,6.146912097930908,2144700,0.04110126883189302
1999-01-06,6.229423580474574,6.33256004982127,6.229423580474574,6.239737510681152,2920200,0.014988258072930352
1999-01-07,6.023148829043776,6.260361561298079,6.023148829043776,6.074716567993164,2391000,-0.026802783236749783
1999-01-08,5.981893307410426,6.043774963942671,5.858129994345938,6.023148059844971,5310300,-0.00852527649613037
1999-01-11,6.023151214339159,6.08503290328059,5.775624458573438,5.899387836456299,2760300,-0.020761467171943323
1999-01-12,5.889070922344452,5.889070922344452,5.7137398739468805,5.796248435974121,1889400,-0.01763770210636056
1999-01-13,5.589976903637177,5.682799395733811,5.538408695099177,5.6106038093566895,2143500,-0.032552542245215366
1999-01-14,5.589977851844785,5.589977851844785,5.24962865642493,5.2702555656433105,3462000,-0.06257948883726096
1999-01-15,5.301196766043411,5.600291691469343,5.301196766043411,5.507469177246094,2976000,0.04402634736630035
1999-01-19,5.528096639707083,5.589978316748134,5.352765064050865,5.435274124145508,2229600,-0.01319524704664591
1999-01-20,5.445587158203125,5.620918720291229,5.383705485950816,5.445587158203125,2254800,0.0018956288253747526
1999-01-21,5.280566429932818,5.301193327188727,5.074294152537817,5.0846076011657715,3173100,-0.06858772634136338
1999-01-22,4.4554801389395475,5.208373616155648,4.4554801389395475,5.136178493499756,8016900,0.010091460580457026
1999-01-25,5.105238968679642,5.156807196443608,5.012416441976376,5.1155524253845215,2897400,-0.004023924566459333
1999-01-26,5.1155524253845215,5.239315794322209,5.1155524253845215,5.1155524253845215,4121400,0.0
1999-01-27,5.1568056388613535,5.280568970417069,5.094923973083496,5.094923973083496,1513200,-0.004040649929044723
1999-01-28,5.125865440270134,5.239314860155187,5.125865440270134,5.2083740234375,1840200,0.022022974728294425
1999-01-29,5.239315651639887,5.528097152709961,5.208374810248077,5.528097152709961,2874600,0.059575941545195264
1999-02-01,5.445584979916575,5.651857295619916,5.32182168491847,5.559034824371338,3205800,0.005580839485526212
1999-02-02,5.517781556988217,5.569349767766673,5.321823111421487,5.486840724945068,2140800,-0.013071870510885377
1999-02-03,5.466215798740834,5.651860858258978,5.445588412532218,5.58997917175293,1927200,0.018622931233016473
1999-02-04,5.548723470638741,5.559037398076694,5.486841794489909,5.507469177246094,1617300,-0.014870358003465391
1999-02-05,5.486841448998099,5.486841448998099,5.40433286740815,5.445587158203125,2383800,-0.011299618221271037
1999-02-08,5.486841662531232,5.734368361173539,5.466214752390846,5.569350719451904,3111900,0.02247289476937193
1999-02-09,5.569348274914678,5.651857295619916,5.528094000621811,5.559034824371338,5652900,-0.001853979266766471
1999-02-10,5.548721350812577,5.5590352743102125,5.301194740781986,5.394017219543457,2658600,-0.030134083390715844
1999-02-11,5.363077284021351,5.497154534802628,5.352763830930337,5.383704662322998,2346900,-0.0019136809208276896
1999-02-12,5.321822078814064,5.321822078814064,5.063982019190437,5.146490573883057,2455200,-0.04506169571893449
1999-02-16,5.115552176746853,5.187747786531347,4.971161901417391,5.156806945800781,2190600,0.0020025385747702183
1999-02-17,5.074296894600337,5.229001068216202,5.033042605675997,5.06398344039917,2037000,-0.01816416422567832
1999-02-18,5.156806945800781,5.249629467992477,5.136179561273817,5.156806945800781,1493700,0.018164164225678278
1999-02-19,5.074297879812687,5.321824605657208,5.033043582878521,5.156806945800781,1789200,0.0
1999-02-22,5.187749186700376,5.528098526596586,5.187749186700376,5.517784595489502,1635000,0.06765885933430943
1999-02-23,5.517782182281574,5.589977779976785,5.342451095581055,5.342451095581055,1771800,-0.032291884009272596
1999-02-24,5.383708111119685,5.538412367186343,5.167122152626365,5.218690395355225,1559700,-0.02343806602138107
1999-02-25,5.18774670803663,5.301196119050222,4.9711608679492905,5.136178493499756,1868100,-0.01593716911145954
1999-02-26,5.125864737123241,5.249628067016602,5.022728314132349,5.249628067016602,1157400,0.02184791052511302
1999-03-01,5.280567838025797,5.424958045797281,5.167117984388596,5.394017219543457,990600,0.02713318734768284
1999-03-02,5.373391469083856,5.373391469083856,5.084610047374092,5.094923973083496,1260600,-0.05704567236830011
1999-03-03,5.08461067656675,5.218687950423196,5.002102093399384,5.2083740234375,1761600,0.022022974728294425
1999-03-04,5.229000687994496,5.352764017887857,5.06398307217656,5.249628067016602,1593900,0.007889510292322665
1999-03-05,5.4868434237082715,5.497157354208758,5.363080034661318,5.455902576446533,2655300,0.03854083444243318
1999-03-08,5.4146456828345375,5.466213894329983,5.14649164402571,5.249628067016602,1137600,-0.03854083444243322
1999-03-09,5.280568127078858,5.363076686859131,5.156804815288881,5.363076686859131,997500,0.021380589428922306
1999-03-10,5.332137153202753,5.435273586142166,5.198060356925134,5.424959659576416,1364400,0.01147264423101234
1999-03-11,5.445587370130751,5.610605011852385,5.373392240399982,5.569350719451904,2616900,0.02626801634523065
1999-03-12,5.321822941651818,5.455899718855113,5.198059617427357,5.290882110595703,3296100,-0.05129349716725249
1999-03-15,5.259944597880045,5.311512839546291,5.074299494425455,5.105240345001221,2704200,-0.03571745173203055
1999-03-16,5.084613058684173,5.321826408693022,5.084613058684173,5.218690395355225,3167400,0.02197895748046438
1999-03-17,5.177432852971023,5.187746779291861,4.991787844631986,5.06398344039917,2100900,-0.030093073529333943
1999-03-18,5.033040825062292,5.321821689605713,5.033040825062292,5.321821689605713,1849200,0.049662252825269475
1999-03-19,5.3940183070864185,5.3940183070864185,5.115550814657336,5.167119026184082,1958400,-0.02950038271894798
1999-03-22,5.1568059445686885,5.1568059445686885,5.0227286793551595,5.06398344039917,1508700,-0.0201618701063215
1999-03-23,5.063983670020455,5.063983670020455,4.703007091175426,4.764888763427734,2807400,-0.06087922244574181
1999-03-24,4.775199669655252,4.82676785971769,4.744258850041677,4.8164544105529785,4777200,0.010763865578698236
1999-03-25,4.77520206454298,5.012415291255456,4.744261229411774,4.991787910461426,953100,0.03575608637331496
1999-03-26,4.9195903185584156,4.960844587336702,4.785513590939404,4.8164544105529785,1621200,-0.03575608637331499
1999-03-29,4.846218005138001,4.95988212824741,4.825552144944449,4.949549198150635,1718100,0.02725844344656666
1999-03-30,4.866883351252629,4.949548194294598,4.794551909222858,4.835884094238281,779100,-0.023232536166468223
1999-03-31,4.825549643618675,4.856548890851748,4.608554912987165,4.6498870849609375,1857000,-0.03922102868589488
1999-04-01,4.649887221135893,4.815216386883729,4.608555047951682,4.660220146179199,2084100,0.0022197521907245514
1999-04-05,4.68088633219401,4.691219256934709,4.567222268002418,4.6498870849609375,1506300,-0.002219752190724627
1999-04-06,4.577554673939537,4.629219759459783,4.505222797393799,4.505222797393799,1214700,-0.031605591081609784
1999-04-07,4.525890285465993,4.61888803105776,4.4845581117622055,4.556889533996582,2121300,0.011402925620463196
1999-04-08,4.546557853108075,4.897882608266977,4.525891524094802,4.835884094238281,2012400,0.059423694147041344
1999-04-09,4.77388647017359,4.877217188480969,4.763553540246216,4.794552803039551,1609200,-0.008583524382683203
1999-04-12,4.75322013730763,4.877217188480969,4.7015550146595455,4.794552803039551,1828200,0.0
1999-04-13,4.794549266168959,4.856547746020235,4.773882948548246,4.815215110778809,1565400,0.00430027858442545
1999-04-14,4.804884786163757,4.804884786163757,4.63955557484785,4.722219944000244,1683600,-0.01950170324094229
1999-04-15,4.722217936789626,5.19753998592708,4.722217936789626,5.104542255401611,4596600,0.07785176551432857
1999-04-16,5.207873870090107,5.796859605397916,5.156208297041894,5.786526679992676,6074100,0.1254014473646194
1999-04-19,5.910521695230896,6.416842438505491,5.621195150778973,5.714192867279053,5816400,-0.01257917232552283
1999-04-20,5.7555282474631895,5.88985818883647,5.662530486586824,5.70386266708374,1536900,-0.0018094504765267811
1999-04-21,5.683195412498155,5.920856475830078,5.559198418239934,5.920856475830078,1093500,0.037337507178870265
1999-04-22,5.879521702342235,6.013851562388556,5.7865239977692156,5.86918830871582,1788900,-0.008764767025966914
1999-04-23,5.858858998263506,5.951856760140705,5.786527563362711,5.817526817321777,993600,-0.008841120425757633
1999-04-26,5.817527605807982,5.951857566833496,5.817527605807982,5.951857566833496,1092300,0.0228281409898719
1999-04-27,6.034520168948391,6.613172457428932,6.034520168948391,6.571840286254883,5213700,0.09909053078644459
1999-04-28,6.582174024745862,6.592507423575424,6.447844097060771,6.489176273345947,2679900,-0.012658297509568397
1999-04-29,6.571839194186012,6.613171358491729,6.458175151081682,6.561506271362305,1435800,0.011084590917730732
1999-04-30,6.613170146942139,6.861164033365104,6.592504305080759,6.613170146942139,5031300,0.007842946387052312
1999-05-03,6.602837226011449,6.63383646181432,6.4065088902635345,6.613170146942139,1804800,0.0
1999-05-04,6.654503540296637,6.757834180493221,6.613170905809319,6.6338372230529785,1669800,0.003120265928988543
1999-05-05,6.675169960235987,6.675169960235987,6.292846132824966,6.499507904052734,1328700,-0.02045693648473539
1999-05-06,6.530508995056152,6.551174846922383,6.365179342060129,6.530508995056152,921600,0.004758420459281041
1999-05-07,6.602838121929451,6.757834321974743,6.56150595958766,6.64417028427124,4074300,0.01725493377841828
1999-05-10,6.6545052397933935,6.6545052397933935,6.509841928163871,6.5821733474731445,1310100,-0.009374834434472134
1999-05-11,6.5821709111392686,6.63383646181432,6.540838754405708,6.613170146942139,1078200,0.004698150752519773
1999-05-12,6.602837226011449,6.6545027766865,6.468507361869276,6.613170146942139,1120200,0.0
1999-05-13,6.602839098412569,7.429485778575847,6.530507685364746,7.35715389251709,4102800,0.10661002104442796
1999-05-14,7.315825539446892,7.34682480020726,7.140162904134412,7.284826278686523,3590700,-0.00987956564393014
1999-05-17,7.357156519959583,7.429488431850051,6.954166196325358,7.047163963317871,1961400,-0.03316833173978473
1999-05-18,7.036832192603578,7.357157729456989,6.974833671082842,7.284826278686523,2053800,0.0331683317397847
1999-05-19,7.243489535036467,7.439817905426025,7.191823975245158,7.439817905426025,1861200,0.021052780545232467
1999-05-20,7.4191567894272,7.4191567894272,7.191829018356453,7.3261590003967285,1046100,-0.015395005771373368
1999-05-21,7.24349308013916,7.305491593027623,7.191827495061736,7.24349308013916,980100,-0.011347808017905471
1999-05-24,7.274492494087559,7.305491751202973,7.1091628074646,7.1091628074646,1283400,-0.01871907139532505
1999-05-25,7.11949183860519,7.150491076693441,6.788833141326904,6.788833141326904,1851000,-0.046105411064623236
1999-05-26,6.819836885738387,6.881835402881464,6.6338413343091585,6.840503215789795,4389300,0.0075822212691567725
1999-05-27,6.778501527324992,6.861165862833821,6.675170398422565,6.850832939147949,3236700,0.0015089433494650216
1999-05-28,6.850833214562514,7.233157082440937,6.850833214562514,7.191824913024902,1251300,0.048574710350173855
1999-06-01,7.2331558956896105,7.315820693969727,7.109158934774869,7.315820693969727,3147600,0.01709426928828498
1999-06-02,7.2951558926882525,7.336488536926113,6.964497576851171,7.036828994750977,2396400,-0.038881579660859554
1999-06-03,7.047163569373453,7.119495477220485,6.861168045785786,6.871501445770264,1623900,-0.0237750084016106
1999-06-04,6.871500753970285,6.871500753970285,6.292847914506262,6.530508995056152,4777200,-0.050897745987579526
1999-06-07,6.561509757491891,6.850836007372696,6.499511241588065,6.830169677734375,2259300,0.04486462885447587
1999-06-08,6.830167421664138,6.830167421664138,6.726836753625926,6.768168926239014,1571100,-0.009118934737493992
1999-06-09,6.7578361896282075,6.768169114816634,6.4891758776301485,6.602839946746826,1422600,-0.02473073009942791
1999-06-10,6.571839311127551,6.571839311127551,6.3755109359182525,6.499507904052734,2028600,-0.01577338447683496
1999-06-11,6.499508360692477,6.633838261272229,6.385844307579808,6.427176475524902,1429800,-0.01119114249429778
1999-06-14,6.458175077744361,6.468508473461612,6.28251302668167,6.34451150894165,2721600,-0.012945214616432185
1999-06-15,6.489175921064026,6.530508568116376,6.282514577846273,6.354846000671387,1947000,0.0016275617098290755
1999-06-16,6.437511046815667,6.778502795357875,6.4271776481858325,6.623506546020508,2169900,0.041407247878069056
1999-06-17,6.623505854980668,6.633838779521438,6.551173964162376,6.571840286254883,673800,-0.00783102171663571
1999-06-18,6.5511743747827005,6.602839946746826,6.540841449594274,6.602839946746826,1237200,0.004705953716302731
1999-06-21,6.602841243257403,6.71650533469276,6.551175661148407,6.592508316040039,2039100,-0.0015659507596619158
1999-06-22,6.623505959756889,6.623505959756889,6.33417933792884,6.36517858505249,1904100,-0.035091611715158524
1999-06-23,6.344512183964695,6.365178031576172,6.292846618914137,6.323845863342285,1781100,-0.006514743204212464
1999-06-24,6.292846134730748,6.303179057741453,6.0758514404296875,6.0758514404296875,1199100,-0.040005411555572495
1999-06-25,6.096521241431479,6.261850469083425,6.075854910595799,6.086187839508057,1187400,0.0016997809872440672
1999-06-28,6.116155632534708,6.292085817100222,6.116155632534708,6.229992866516113,1157700,0.023353272580885404
1999-06-29,6.105809082556345,6.1472042393891115,6.064413451991796,6.095459938049316,1656000,-0.021830966157126885
1999-06-30,6.147199997013972,6.757780626008336,6.033362802121747,6.726734161376953,3783900,0.0985455384883554
1999-07-01,6.6439469156737125,6.933713912963867,6.602551765698463,6.933713912963867,2631300,0.030305827717112033
1999-07-02,6.913016230440699,6.964760046898997,6.871620608796046,6.94406270980835,1355400,0.0014914202820884188
1999-07-06,6.94405841372217,7.192430095003067,6.923360615704967,7.016499996185303,1562700,0.010377509557733547
1999-07-07,6.985454919302165,7.016501385610175,6.768129655146097,6.9026641845703125,910200,-0.016357066879036694
1999-07-08,6.892315481818235,6.892315481818235,6.716385349146616,6.788827419281006,982200,-0.016629216429062496
1999-07-09,6.78882870391771,6.985456202065324,6.78882870391771,6.964758396148682,1101900,0.02558468399554896
1999-07-12,6.964760046898997,7.016504337088974,6.881969751073049,6.94406270980835,825600,-0.0029759102451830683
1999-07-13,6.623248232531243,6.685341186191635,6.457667180680746,6.633597373962402,1389600,-0.04573976071755027
1999-07-14,6.664643850792598,6.71638766302183,6.561155278870851,6.633597373962402,633300,0.0
1999-07-15,6.664643850792598,6.695690327622795,6.550806611171333,6.633597373962402,1155600,0.0
1999-07-16,6.623245385157177,6.623245385157177,6.416269277757271,6.561152458190918,780300,-0.010980980261676885
1999-07-19,6.54045710104208,6.55080576740866,6.3541782640541555,6.416271209716797,686100,-0.022329126616444296
1999-07-20,6.43697025005375,6.499063212188454,6.3127843257843415,6.32313346862793,1601400,-0.014622253224316852
1999-07-21,6.343828389051798,6.405921327521249,6.343828389051798,6.395572662353516,1165500,0.011391092186391522
1999-07-22,6.4162724686172155,6.530109242179606,6.34383036864296,6.364528179168701,1277400,-0.004865877601298181
1999-07-23,6.5611565941870875,6.5611565941870875,6.219645280592099,6.24034309387207,1570500,-0.019704938010603922
1999-07-26,6.271387840035392,6.37487593031026,6.229992698671766,6.292085647583008,1095000,0.008257433380943511
1999-07-27,6.312782255835696,6.592200493821184,6.302433590117121,6.571503162384033,1374300,0.04345000092384258
1999-07-28,6.5921989341757525,6.664640998261396,6.457664416737534,6.488710880279541,1270500,-0.012678718878889599
1999-07-29,6.436969630424272,6.436969630424272,6.240342093835852,6.312783718109131,857100,-0.027487140253549883
1999-07-30,6.416272294192855,6.488713918466134,6.312783718109131,6.312783718109131,1350600,0.0
1999-08-02,6.271387413436291,6.416271108950954,6.167899330201002,6.333480358123779,1329000,0.0032731656349838964
1999-08-03,6.364529609680176,6.385227424858021,6.188599364997935,6.209297180175781,1369500,-0.019802190623961963
1999-08-04,6.1885957166318395,6.38522366057375,6.126502781435763,6.147200584411621,497700,-0.010050925383855002
1999-08-05,6.126502781435763,6.198944854985519,6.064409846239685,6.147200584411621,1053900,0.0
1999-08-06,6.1472042393891115,6.1989485407289076,6.074762596498824,6.095459938049316,1929000,-0.008452567041570864
1999-08-09,6.116158164813966,6.178251141106493,6.095460348139185,6.16790246963501,463200,0.011814602199939505
1999-08-10,6.209297211504153,6.209297211504153,6.023018295159029,6.095459938049316,1225200,-0.011814602199939534
1999-08-11,6.095456032266745,6.2506883630862,6.054060901958716,6.198944568634033,821400,0.016834825074560442
1999-08-12,6.188594621579318,6.19894375810175,6.085106572474911,6.136850833892822,863400,-0.010067329613259403
1999-08-13,6.147199802422324,6.364525047962507,6.147199802422324,6.343827247619629,880200,0.03317053605120315
1999-08-16,6.343829764344189,6.3541789054870605,6.219643860482759,6.3541789054870605,676200,0.0016304386745120978
1999-08-17,6.436969026347565,6.530108451843262,6.343829600851869,6.530108451843262,632400,0.027310859588842
1999-08-18,6.561154750006941,6.561154750006941,6.395573711503155,6.47836446762085,776700,-0.00795546986133097
1999-08-19,6.333480457589415,6.4473176825481175,6.2610388455601935,6.416271209716797,639600,-0.009630941022642635
1999-08-20,6.478364203713891,6.488712870157682,6.395573450968816,6.457666397094727,648900,0.006430873180244542
1999-08-23,6.47836385672311,6.499061188502111,6.41627091392299,6.468014717102051,1107600,0.0016012033914286385
1999-08-24,6.499061801351571,6.499061801351571,6.4162715189654795,6.47836446762085,714300,0.0015988644509694074
1999-08-25,6.478364587839315,6.478364587839315,6.323132213320255,6.374876022338867,960300,-0.016103438155486732
1999-08-26,6.167899838801194,6.436968972146491,6.147202030954783,6.374876022338867,719100,0.0
1999-08-27,6.323130781734468,6.333479446448883,6.178247107075136,6.188595771789551,861300,-0.029656436733053442
1999-08-30,6.209294533103192,6.209294533103192,5.8470855274283124,5.888481140136719,1479000,-0.049710113181539194
1999-08-31,5.929878016135094,6.105808237351594,5.847087240198203,5.950575828552246,1069500,0.010489899318262922
1999-09-01,5.950574301133562,5.950574301133562,5.826388405970647,5.867783546447754,972600,-0.014011020290836493
1999-09-02,5.847087534659462,5.847087534659462,5.660808634719177,5.7435994148254395,752100,-0.02139088293677203
1999-09-03,5.795341622410475,5.826388094541724,5.753946010414428,5.805690288543701,1497000,0.010752431280262436
1999-09-07,5.805690185745272,5.8263879913768095,5.722899436950684,5.722899436950684,1711500,-0.01436294929960459
1999-09-08,5.6918536018592505,5.7125514098053145,5.536621226592802,5.546970367431641,1539300,-0.03122367256614204
1999-09-09,5.505574598287925,5.505574598287925,5.226156330586124,5.3089470863342285,2631600,-0.04385837220363318
1999-09-10,5.308948806255539,5.557320680232406,5.308948806255539,5.371041774749756,1870800,0.011628361961623935
1999-09-13,5.339995220803792,5.350343890840503,5.267553583083315,5.288250923156738,1840500,-0.015534335875060333
1999-09-14,5.25720533480432,5.288251823934526,5.195112356543907,5.205461502075195,2010300,-0.015779189572096553
1999-09-15,5.205458890107517,5.246854030266147,5.112319469451904,5.112319469451904,1498800,-0.018055154133738986
1999-09-16,5.07092271900531,5.112318323617449,5.0295275881246555,5.060574054718018,1384800,-0.010173282733325342
1999-09-17,5.050225390430725,5.174411256804174,5.050225390430725,5.060574054718018,1210200,0.0
1999-09-20,5.070924758911133,5.122669048625994,5.050227422010528,5.070924758911133,1410300,0.0020432727644091636
1999-09-21,5.029530305408093,5.133018425386568,5.008832491919701,5.050228118896484,2565000,-0.004089784852133769
1999-09-22,5.050228118896484,5.143367568996634,4.967437338674659,5.050228118896484,2850600,0.0
1999-09-23,4.988131999969482,5.029527127055342,4.926039072474972,4.988131999969482,3134100,-0.012371923351802256
1999-09-24,4.977783319225224,5.09162052131138,4.967434654937931,5.060574054718018,2134200,0.014418435439526787
1999-09-27,5.101971942019851,5.164064908753285,5.008832491919701,5.050228118896484,2036100,-0.0020465120877245693
1999-09-28,4.966040961562891,5.080083335854123,4.966040961562891,5.069715976715088,1284000,0.0038513813363630313
1999-09-29,5.0386173768477,5.163027682448878,5.007514800447406,5.131925106048584,835500,0.012196057463468657
1999-09-30,5.225228736737023,5.266698647880445,5.038613424710701,5.069715976715088,1604700,-0.012196057463468517
1999-10-01,5.017880951139627,5.017880951139627,4.8208981732251965,4.862368106842041,849600,-0.04175921164233415
1999-10-04,4.872736093117308,4.94530859778199,4.862368253459817,4.914206027984619,1801800,0.010604615937102647
1999-10-05,4.872734461563878,5.121554936629482,4.862366625377883,4.99714469909668,1047000,0.016736489179585708
1999-10-06,5.0282460117645,5.328903694864722,5.0282460117645,5.194126129150391,1223700,0.03866170743465782
1999-10-07,5.1526603151779975,5.277070620779176,5.080087320518875,5.131925106048584,870900,-0.012047543445543171
1999-10-08,5.100819387553651,5.163024502036012,4.966041797704321,5.038614273071289,1022700,-0.018349754666025956
1999-10-11,5.069716556532043,5.069716556532043,4.914203778724312,4.955673694610596,824100,-0.016597977334292826
1999-10-12,4.945309719443322,5.038617449998855,4.934942352021927,4.976412296295166,827700,0.004176087851665747
1999-10-13,4.976409879999823,4.986777242387346,4.7690593101373535,4.810529708862305,1161000,-0.033902004340147604
1999-10-14,4.831263855023815,4.893468971073853,4.717221458656994,4.779426574707031,740100,-0.006486628780020118
1999-10-15,4.737955917770814,4.737955917770814,4.551340579986572,4.551340579986572,1305300,-0.048898753325589676
1999-10-18,4.56171006043456,4.67575249159885,4.540974857228545,4.623915195465088,1094700,0.01581996858964254
1999-10-19,4.644648452282254,4.6861188455531,4.603178533598775,4.613545894622803,2201400,-0.0022450552368233905
1999-10-20,4.65501690011231,4.810529708862305,4.65501690011231,4.810529708862305,827100,0.041810468752790604
1999-10-21,4.789795748795135,5.048983672244042,4.7275906092003925,4.914206027984619,1359600,0.021322995320100357
1999-10-22,4.903836447061751,5.277067115981782,4.872733891318415,5.256331920623779,932400,0.06730323003510919
1999-10-25,5.214865068084143,5.214865068084143,4.976411842438112,5.163027286529541,858300,-0.01791033909400831
1999-10-26,5.121555772754095,5.225230829427873,5.100820571584352,5.111187934875488,602700,-0.010091241121560148
1999-10-27,5.090449860481628,5.245962580510729,5.0800820294215825,5.235594749450684,1780800,0.02404859830317993
1999-10-28,5.318536763676949,5.484416894406775,5.30816940381487,5.463682174682617,1851300,0.04264250534532038
1999-10-29,5.505153616696668,5.805811882019043,5.463683691150888,5.805811882019043,2067000,0.06073651103583435
1999-11-01,5.785073869313321,5.785073869313321,5.58809122550735,5.681398868560791,1153800,-0.021661982373363958
1999-11-02,5.68139932143119,5.712501871594887,5.536253929138184,5.536253929138184,1116600,-0.025879396121256282
1999-11-03,5.474051522994921,5.474051522994921,5.245966201065962,5.328906059265137,1919100,-0.03817211101757986
1999-11-04,5.328904989175041,5.53625554221017,5.328904989175041,5.442947864532471,1075200,0.021174826014212104
1999-11-05,5.536254746814807,5.6502976057876655,5.463682277243346,5.494784832000732,927000,0.009478629074424767
1999-11-08,5.525889536177651,5.525889536177651,5.214863867623327,5.24596643447876,1197000,-0.04633994692050077
1999-11-09,5.266701342169252,5.370376884946074,5.266701342169252,5.30817174911499,1170900,0.01178798948296452
1999-11-10,5.183762891578292,5.214865467978586,5.131925106048584,5.131925106048584,570000,-0.03376661947407587
1999-11-11,5.163025700506112,5.173393063797249,5.059350643832335,5.111187934875488,474000,-0.004049003349159342
1999-11-12,5.111185830497768,5.515519002017134,5.03861336816441,5.474049091339111,1123800,0.06858672889449044
1999-11-15,5.453315607725832,5.453315607725832,5.349640561246324,5.411845684051514,553800,-0.011428382432694978
1999-11-16,5.4325814123068845,5.7021366543253285,5.4325814123068845,5.588094234466553,1239900,0.03204810873416076
1999-11-17,5.515520376842343,5.536255574643547,5.3911101392099035,5.453315258026123,926100,-0.02441457701426882
1999-11-18,5.328904989175041,5.474050423758371,5.318537627628872,5.442947864532471,566100,-0.0019029269953407698
1999-11-19,5.45331377612514,5.577723979949951,5.411843866379291,5.577723979949951,1228800,0.024460003323286978
1999-11-22,5.5051547265854515,5.577727229568698,5.4636847926789605,5.546624660491943,1403400,-0.00559123081839746
1999-11-23,5.567357197065344,5.671032219448071,5.360006677712577,5.463682174682617,2841300,-0.015066620042735679
1999-11-24,5.4533152393493465,5.639930595158876,5.432580516206548,5.598460674285889,3907200,0.024368726938054277
1999-11-26,5.55698973169661,5.55698973169661,5.401476963781475,5.432579517364502,680700,-0.030077609978903262
1999-11-29,5.308167668522369,5.37037275653401,5.152654948493268,5.235594749450684,1188300,-0.036933622304471316
1999-11-30,5.22523400778089,5.380746924679131,5.194131424401242,5.214866638183594,2160000,-0.003966932689504352
1999-12-01,5.163022304966156,5.266697293456503,5.152654948493268,5.235594749450684,1082700,0.0039669326895042985
1999-12-02,5.194129265066934,5.297804341702755,5.121556758880615,5.121556758880615,783900,-0.022022000774509477
1999-12-03,5.163026273979954,5.401479452861616,5.163026273979954,5.30817174911499,1093200,0.03578902529456469
1999-12-06,5.266697473526689,5.266697473526689,5.131919936422431,5.152655124664307,922500,-0.029735332591231643
1999-12-07,5.111185470074599,5.235595667922964,5.059348204029274,5.225228309631348,1040700,0.013986352511045717
1999-12-08,5.235598621024938,5.328906322040754,5.069718421859324,5.090453624725342,1081200,-0.02613154515687488
1999-12-09,5.090453860222813,5.225231498618315,5.090453860222813,5.173393726348877,723600,0.016161952563868848
1999-12-10,5.173390568998782,5.339271149188097,5.173390568998782,5.225228309631348,1062300,0.009969592593006076
1999-12-13,5.370377044138855,5.370377044138855,5.0178809475887425,5.0282487869262695,4534200,-0.03842672271998304
1999-12-14,4.997143547361006,5.1008185632143155,4.997143547361006,5.08008337020874,2113800,0.010255903114647249
1999-12-15,5.059350643832335,5.194128264966992,5.048982805953728,5.111187934875488,2503200,0.0061041768622862825
1999-12-16,5.121555100679096,5.121555100679096,4.997144859161283,5.0489821434021,1778700,-0.012245182566208252
1999-12-17,5.03861230121475,5.163022481491658,5.007509756145523,5.152655124664307,4240200,0.020325472798211786
1999-12-20,5.080084191197077,5.173391862920619,4.997144354945501,5.038614273071289,2616000,-0.022381041548870256
1999-12-21,5.080085370414608,5.131923136045232,4.997145514910574,5.111187934875488,1311000,0.014300751316866665
1999-12-22,5.0697171794616835,5.080084541060286,4.976409501312082,4.99714469909668,857100,-0.02256516063995511
1999-12-23,5.007512968625191,5.1422905921936035,4.98677776708102,5.1422905921936035,1785000,0.028631931566958452
1999-12-27,5.1008172035217285,5.204492191739052,5.090449847076143,5.1008172035217285,1677900,-0.008097857824908473
1999-12-28,5.059348204029274,5.256330859093439,5.028245654567183,5.225228309631348,2106000,0.024097729640954677
1999-12-29,5.255975428161352,5.370235443115234,5.224813519447931,5.370235443115234,742200,0.02737325919571041
1999-12-30,5.328688214572404,5.380624905375896,5.266364375805475,5.349462985992432,485100,-0.003875572295334116
1999-12-31,5.391010052976553,5.391010052976553,5.318299093225973,5.328686237335205,459300,-0.003891456176900561
2000-01-03,5.318300304115299,5.391011280420969,5.1728778760108725,5.266363620758057,1188000,-0.011764613896041961
2000-01-04,5.2559792923948185,5.276753596481855,5.079394854694964,5.17288064956665,1565700,-0.017910390393997035
2000-01-05,5.162492802012622,5.2663657349336725,5.058619393598294,5.255978584289551,2461800,0.015936487694757313
2000-01-06,5.245586286492089,5.713014781590182,5.245586286492089,5.577980041503906,3629700,0.05946050447735022
2000-01-07,5.744179774114011,5.744179774114011,5.484497295513536,5.619532108306885,1439700,0.007421694565048527
2000-01-10,5.661083426525431,5.6922453527714545,5.588371948289202,5.65069580078125,748800,0.005530282466625575
2000-01-11,5.577985222981825,5.640309080221845,5.5260485167840425,5.557210445404053,826200,-0.01668242424952546
2000-01-12,5.494881483877739,5.619529082570564,5.494881483877739,5.577980041503906,864600,0.0037304472178513464
2000-01-13,5.6403038408503186,5.681852881916976,5.5468181418307,5.577980041503906,2897700,0.0
2000-01-14,5.577980156694905,5.59875491540368,5.45333255542798,5.546818256378174,5083800,-0.005602234897646197
2000-01-18,5.515656553110075,5.598755115421036,5.463719892229114,5.536431312561035,1296600,-0.0018743504409013262
2000-01-19,5.526043695089115,5.577980355970076,5.494881793659115,5.536431312561035,1097400,0.0
2000-01-20,5.5260454451209275,5.723404533674089,5.505271154583881,5.692242622375488,2076900,0.027754178686520158
2000-01-21,5.92076334476098,6.014249081783522,5.816890462122505,5.879214286804199,2886000,0.03231882381580735
2000-01-24,5.889602868344771,6.035025319888042,5.889602868344771,5.9519267082214355,1769100,0.012291855359295346
2000-01-25,5.993477836860184,6.512843506220867,5.972703533421218,6.398582935333252,4832100,0.07236156584713409
2000-01-26,6.107733096380407,6.398577371043741,6.003860243034841,6.315479278564453,2701500,-0.013072901313059411
2000-01-27,6.294706716836012,6.294706716836012,6.076573315757536,6.128509998321533,1982100,-0.030051994937644936
2000-01-28,6.107737988485644,6.107737988485644,5.91037926640309,5.9415411949157715,1404900,-0.030983093100472918
2000-01-31,5.941539012760367,5.962313307143495,5.858440408748497,5.931151390075684,1673700,-0.0017502023939203048
2000-02-01,5.931152208415594,5.931152208415594,5.785730225696889,5.816892147064209,1577700,-0.019452233982868654
2000-02-02,5.816891275509417,6.014249922767467,5.692243608716309,5.910377025604248,7222500,0.01594350013444776
2000-02-03,5.951925257101827,5.993474315058608,5.837664753354372,5.879214286804199,800700,-0.0052864956129109455
2000-02-04,5.868826974547679,6.076573226250516,5.868826974547679,6.035024166107178,2298600,0.026156730578641697
2000-02-07,5.98308800606919,6.055798986534132,5.910377025604248,5.910377025604248,1297500,-0.020870234965730705
2000-02-08,5.94154087159529,5.951928022036515,5.816893164327509,5.837667465209961,1023900,-0.012378313487780429
2000-02-09,5.837662380283007,5.837662380283007,5.567592900110456,5.577980041503906,1068300,-0.04550459928891042
2000-02-10,5.59876132460521,5.764958158051226,5.494887887644718,5.515662670135498,976500,-0.01123490786176349
2000-02-11,5.474108495950573,5.640305175022646,5.401397062518506,5.484495639801025,959700,-0.00566666639823379
2000-02-14,5.484496397130629,5.484496397130629,5.25597587241453,5.297524929046631,1509300,-0.03468541990234819
2000-02-15,5.2975262951889395,5.380624905375896,5.255977227842038,5.349462985992432,2182500,0.00975646245717744
2000-02-16,5.339072784236123,5.629917541691611,5.152101358225991,5.359847545623779,2101800,0.0019393522777137878
2000-02-17,5.328690953688188,5.328690953688188,5.120944559179153,5.141719341278076,1389900,-0.04154800596969725
2000-02-18,5.131330652608692,5.183266879075848,4.902809544377477,4.954746246337891,2033100,-0.03704157089443148
2000-02-22,4.985908106301016,5.037844807572735,4.871647553700534,4.933971405029297,5856000,-0.004201732237733637
2000-02-23,4.933969757952784,5.069005041082613,4.78854780372648,4.871645927429199,994800,-0.01271236982306688
2000-02-24,4.892421863541945,4.892421863541945,4.674288404657909,4.788548946380615,3215700,-0.017204421193334887
2000-02-25,4.788545835655285,4.798932977975782,4.601574420928955,4.601574420928955,2167500,-0.03982892122435873
2000-02-28,4.643125737643538,4.674287655345843,4.570414754835867,4.6327385902404785,2653500,0.006749671055911109
2000-02-29,4.466541230441463,4.591188897109532,4.4146050196585085,4.518477916717529,2582100,-0.024972988366776243
2000-03-01,4.445766936325526,4.560026980442514,4.092598230437253,4.518477916717529,5560800,0.0
2000-03-02,4.518478259648362,4.560027326526723,4.414605354705887,4.54964017868042,2813100,0.0068729551829697965
2000-03-03,4.497703493323245,4.695062631068328,4.476929197608189,4.622351169586182,1230600,0.01585533858107319
2000-03-06,4.95474842432383,4.975523209338733,4.570417992255652,4.611967086791992,2680500,-0.0022490208552190384
2000-03-07,4.632735175569538,4.653509455063464,4.373052402460454,4.383440017700195,1705800,-0.050820657654587126
2000-03-08,4.383441492503874,4.393828635745579,4.186082442460908,4.206857204437256,1733100,-0.04111794663887241
2000-03-09,4.206858728526017,4.383443080566788,4.1237601260080465,4.373055458068848,2644800,0.03874609261840411
2000-03-10,4.238022232055664,4.523673398841493,4.186085526596435,4.362669944763184,2575500,-0.002377711688415186
2000-03-13,4.2899582041408495,4.321120126990557,4.20685958471056,4.279570579528809,3209700,-0.019231569915095552
2000-03-14,4.2380209603518715,4.2587957314003315,4.154922351651178,4.186084270477295,3876900,-0.022086917348790272
2000-03-15,4.476926775036108,4.705447232695894,4.196469655206552,4.653510570526123,2316600,0.10585614083718252
2000-03-16,4.611965355278668,5.08978142728275,4.601578204417695,5.058619499206543,3479100,0.08347172366903263
2000-03-17,5.31830256735193,5.31830256735193,4.985908508300781,4.985908508300781,3333000,-0.01447798461780683
2000-03-20,4.985905058065038,5.110552684516664,4.830095525000505,4.892419338226318,1453500,-0.01892870188316215
2000-03-21,4.850873644698732,4.996295659195312,4.757387860168092,4.985908508300781,1165200,0.018928701883162175
2000-03-22,4.944357608852903,5.04823050603493,4.809322319473844,5.006681442260742,1336500,0.004157673633476606
2000-03-23,4.965131049510734,5.297524929046631,4.923581992878633,5.297524929046631,1929000,0.05646640811524455
2000-03-24,5.255978385327119,5.764956355514424,5.235203609332017,5.65069580078125,3634200,0.06453897119401941
2000-03-27,5.629920477162148,5.661082397745162,5.318301271332015,5.411787033081055,2235000,-0.0431993294943569
2000-03-28,5.432559926729696,5.494883751799226,5.235201305840534,5.287137985229492,1915800,-0.023302282784302797
2000-03-29,5.307534495279594,5.526080033320518,5.286720475716636,5.297127723693848,2348400,0.0018876588523786357
2000-03-30,5.317944838354431,5.515676966019175,5.22428240200538,5.463642120361328,1998900,0.030950887655330054
2000-03-31,5.369977401875359,5.61974379266026,5.3075358041791345,5.567708969116211,1884300,0.01886803080264145
2000-04-03,5.567708527748861,5.817474898734105,5.567708527748861,5.619743347167969,1803600,0.009302341910706906
2000-04-04,5.661371882963326,5.702999936158925,5.328350315748301,5.442826271057129,2103300,-0.03198753402208735
2000-04-05,5.453232626078071,5.744626568585973,5.401197806333551,5.671778202056885,2108700,0.04120422337852593
2000-04-06,5.682184301546064,5.8278814937162045,5.661370280838475,5.786253452301025,1094700,0.019982325546397634
2000-04-07,5.744628105374331,5.786255686471122,5.609338109516002,5.650965690612793,1113600,-0.02365856075598156
2000-04-10,5.515676498413086,5.619745704514249,5.453234879474039,5.515676498413086,1472400,-0.024232138893137536
2000-04-11,5.598930685788494,5.723813901652859,5.536489077856311,5.692593097686768,1932600,0.03157156291573054
2000-04-12,5.713406906316216,6.036021709442139,5.703000130857845,6.036021709442139,3300000,0.05857926429099174
2000-04-13,5.931950644471166,5.942357416629214,5.786253452301025,5.786253452301025,3443100,-0.042260127557603284
2000-04-14,5.744625571361443,5.744625571361443,5.224278893419228,5.297127723693848,2034300,-0.08832027527151487
2000-04-17,5.172247320654743,5.307537329069067,5.120212482160747,5.193060874938965,1887300,-0.01984144743761724
2000-04-18,5.109805975309279,5.53649005379827,5.005736292816369,5.515676498413086,1385100,0.06027102306001301
2000-04-19,5.474050620427381,5.640561988340627,5.307539728906072,5.453237056732178,1127700,-0.011384922635623462
2000-04-20,5.349162537721642,5.546894550323486,5.349162537721642,5.546894550323486,871500,0.01702884295771099
2000-04-24,5.567708331565087,5.640557171463246,5.463639172785399,5.6093363761901855,1726800,0.011194188848313837
2000-04-25,5.515675921726336,5.78625592457745,5.463641085920338,5.765442371368408,1438500,0.02744946522935359
2000-04-26,5.661371764894528,5.723813366994069,5.453233408823802,5.5885233879089355,1425300,-0.031166784911269063
2000-04-27,5.432421578356719,5.463642392025436,5.151434255338268,5.349165916442871,2215800,-0.043774454556207876
2000-04-28,5.578114808843333,5.578114808843333,5.203465317422321,5.369976043701172,2228100,0.0038828020900163263
2000-05-01,5.161839144718995,5.494861194065638,5.161839144718995,5.2450947761535645,3306600,-0.02353013588007501
2000-05-02,5.224278299529648,5.307533891925619,5.172243971124653,5.26590633392334,1988100,0.003959962471290127
2000-05-03,5.2242793243622145,5.359569748094145,5.026547789573669,5.12021017074585,1858200,-0.028057786783586256
2000-05-04,5.099398674821518,5.1202127064090455,4.974515438079834,4.974515438079834,836400,-0.028867520696738574
2000-05-05,4.974514092013748,5.1722461476111015,4.953700542449951,4.953700542449951,821700,-0.00419308487404327
2000-05-08,4.995326995849609,5.1930585306381545,4.974512974569734,5.12021017074585,1049700,0.03306060557078192
2000-05-09,5.078582961474139,5.265907736982716,5.005734120070889,5.088989734649658,779100,-0.006116156742607551
2000-05-10,5.109803683577339,5.120210456602524,4.9224789107748075,4.984920501708984,791700,-0.020661874654187926
2000-05-11,5.036957656587987,5.120213316466001,4.974516030777425,5.109806537628174,887400,0.024744088149029876
2000-05-12,5.036956458317674,5.234688543939368,5.026549681955574,5.172246932983398,768600,0.012145660031255735
2000-05-15,5.307538323681852,5.369979951019285,5.29713154458955,5.349165916442871,915300,0.03363344131886462
2000-05-16,5.33875647902238,5.380384051055773,5.28672165668696,5.359570503234863,1140900,0.0019431965935517044
2000-05-17,5.245095937392291,5.359572396410401,5.19306109667647,5.30753755569458,864600,-0.009755851341447252
2000-05-18,5.286723524129903,5.53648999733906,5.2763167465434355,5.30753755569458,821100,0.0
2000-05-19,5.099398674821518,5.2555027207486225,4.964108660481941,4.974515438079834,1150800,-0.06480002405119777
2000-05-22,5.016141944385248,5.120211117239255,4.787189097158203,4.94329309463501,1109700,-0.006296239030307143
2000-05-23,4.974514701151522,5.088991143336687,4.9537011490390706,5.036956310272217,1165500,0.018770265510478192
2000-05-24,5.068175473024586,5.28672103415037,5.068175473024586,5.151431083679199,1226700,0.022472563433954342
2000-05-25,5.109804516742996,5.265908519531564,4.839224086445608,4.901665687561035,1255800,-0.04969947281182111
2000-05-26,4.943293657459355,5.03695606660948,4.891259303303718,4.92248010635376,2280600,0.004237406564191662
2000-05-30,4.912071661358089,5.016141297176073,4.891258115307719,4.984920501708984,931500,0.01260496563344708
2000-05-31,4.922480515490498,5.109805349360431,4.891259709845508,4.995328903198242,1993800,0.002085800632933067
2000-06-01,4.984921122183904,5.161838667590708,4.922479523477599,5.06817626953125,2248500,0.014477786321382614
2000-06-02,5.109804864415189,5.463640469347122,5.109804864415189,5.401198863983154,1772100,0.06363989803772817
2000-06-05,5.422010041775931,5.484451614324631,5.307533666639516,5.328347682952881,1029300,-0.013579753859482527
2000-06-06,5.286722353675032,5.307536380631583,5.161839144718995,5.2450947761535645,973200,-0.01574787542346966
2000-06-07,5.234690019305633,5.536490906392483,5.234690019305633,5.432421684265137,1508100,0.035091705399510884
2000-06-08,5.401197439251524,5.432418233698065,5.141024310994191,5.151431083679199,1131000,-0.05311046049442013
2000-06-09,5.172245349228428,5.3907909206551,5.047362165556043,5.088989734649658,1621200,-0.012195225959994413
2000-06-12,5.13061511802923,5.182649914522349,5.0057319875588115,5.026546001434326,672000,-0.012346261836242786
2000-06-13,5.005733884131504,5.161837856364207,5.005733884131504,5.151431083679199,716700,0.024541487796237115
2000-06-14,5.307535055911902,5.307535055911902,5.151431083679199,5.151431083679199,1812000,0.0
2000-06-15,5.141025727704051,5.141025727704051,4.693527233059023,4.92248010635376,3807600,-0.04546206624762949
2000-06-16,4.922479432220834,4.974513779250374,4.870444608799711,4.91207218170166,2202000,-0.0021166044437789053
2000-06-19,4.901664614677429,5.24509334564209,4.901664614677429,5.12021017074585,2607000,0.04149960147402154
2000-06-20,5.099399289778998,5.203468983875087,5.078585732073219,5.161840915679932,1754400,0.008097795289307761
2000-06-21,5.120212125778198,5.1826537370681764,4.922480515490498,4.995328903198242,1288500,-0.03279002605317009
2000-06-22,4.953701882884047,5.005736247265255,4.912073819708992,4.974515438079834,1170600,-0.00417528993287624
2000-06-23,4.9849221755849635,4.9849221755849635,4.766376533930386,4.870445728302002,1191600,-0.021142508260992246
2000-06-26,4.8912578422332444,5.130616943190034,4.860037048509184,5.12021017074585,2025300,0.05001002895773093
2000-06-27,5.130620095303828,5.234689789249296,5.0473649118176125,5.109806537628174,864900,-0.002033943247765609
2000-06-28,5.068178192792778,5.203468692257253,5.047364636253453,5.146230220794678,1196700,0.0071029067386276954
2000-06-29,5.119744713973428,5.2552978730206235,5.057181644056516,5.151026248931885,1899600,0.0009315157873571508
2000-06-30,5.171879974251945,5.297006106510607,5.0050452903465,5.06760835647583,2346900,-0.016326984715870064
2000-07-03,5.036328480284552,5.192736197063575,5.005046936928748,5.171881675720215,966600,0.02036760104517666
2000-07-05,5.192735261628122,5.3074343923766385,5.119745166052731,5.161453723907471,1394400,-0.00201831353563784
2000-07-06,5.203160249622071,5.244869268505371,5.046752622105193,5.224014759063721,753900,0.01204794795742823
2000-07-07,5.255298951092888,5.338716553867176,5.255298951092888,5.317862033843994,1062600,0.017805132031181496
2000-07-10,5.297004155495246,5.380421705382416,5.2135870829262165,5.3387131690979,2220000,0.00391329511895275
2000-07-11,5.328286393323132,5.557684567021456,5.328286393323132,5.47426700592041,2159700,0.025073742180445727
2000-07-12,5.6723856470229554,5.8392208418860845,5.599395547594343,5.693240165710449,3371100,0.03922114867921925
2000-07-13,5.693236585606865,5.901780209387146,5.693236585606865,5.849644184112549,1735500,0.02710130094348866
2000-07-14,5.880927523800273,5.985199129300575,5.849645994418357,5.901782035827637,1378200,0.008873509112237042
2000-07-17,5.880929355038571,5.880929355038571,5.60982252353704,5.714094638824463,1667100,-0.032318478983735674
2000-07-18,5.714093433128494,5.714093433128494,5.515976742276827,5.59939432144165,668700,-0.02027743128752843
2000-07-19,5.609820594356119,5.609820594356119,5.4429859355153685,5.484694480895996,756600,-0.020697043669842884
2000-07-20,5.495124507110813,5.714095306556919,5.474269986152648,5.630677700042725,3288300,0.026268416580251197
2000-07-21,5.672384717603296,5.776656816637383,5.609821649110178,5.682812213897705,1717500,0.009216410371362092
2000-07-24,5.682811338108469,5.714092867534171,5.609820784569661,5.641102313995361,1230300,-0.007366726131281986
2000-07-25,5.661956826051916,5.672383843421063,5.588966749831366,5.641102313995361,1057200,0.0
2000-07-26,5.630677409800978,5.630677409800978,5.526405765021921,5.54725980758667,1364100,-0.01677541468519507
2000-07-27,5.547258919367724,5.797511208622184,5.547258919367724,5.745375633239746,1022700,0.03509121606758912
2000-07-28,5.776657581329346,5.891356237204547,5.745376042941856,5.776657581329346,2727600,0.005429948754296104
2000-07-31,5.818363851111644,6.037334533680362,5.807936834857298,5.985198497772217,3115800,0.03546426204320405
2000-08-01,6.026910374682045,6.079045957988578,5.933065751948164,5.995628833770752,1135200,0.001741171681223216
2000-08-02,5.912210851284123,5.995628447445413,5.901783830758363,5.953919410705566,1377300,-0.006980948835788637
2000-08-03,5.9330617290882826,5.943488743215958,5.818362664411412,5.849644184112549,1346100,-0.0176688910167901
2000-08-04,5.891354185742817,6.172887933195773,5.891354185742817,6.099897861480713,2085300,0.04189119085419414
2000-08-07,6.131180899188841,6.329297129682365,6.016481777682935,6.298015594482422,1512600,0.0319625717569737
2000-08-08,6.277157813868289,6.277157813868289,6.162458760738373,6.256303310394287,1377600,-0.006645113589468288
2000-08-09,6.089471899551781,6.152034965378277,5.933064234985539,6.047762870788574,1935600,-0.03390105495070928
2000-08-10,6.110328133463545,6.152037177222419,5.91221184622359,5.933066368103027,1155000,-0.019147256758599726
2000-08-11,5.97477305629266,6.037336124944939,5.870501434311639,5.912209987640381,1817400,-0.0035214715789129132
2000-08-14,5.943492889404297,5.953919910805876,5.7975122031899735,5.943492889404297,1440000,0.005277287173960585
2000-08-15,5.953915806921062,5.953915806921062,5.818362712860108,5.818362712860107,1246500,-0.02127808772196285
2000-08-16,5.75580306329822,5.860074698817057,5.75580306329822,5.776657581329346,1210500,-0.0071936590573238
2000-08-17,5.818366956550953,5.91221158488242,5.797512435593362,5.839221477508545,1249200,0.010772237014466557
2000-08-18,5.755802652852561,5.828792744778991,5.693239580538947,5.745375633239746,1158600,-0.016202185768762555
2000-08-21,5.714092273939083,6.047761568271937,5.661956237872857,5.974771499633789,1302600,0.039150560807998495
2000-08-22,6.006054298648952,6.277161075402403,5.974772765843488,6.05819034576416,1608300,0.01386527832617073
2000-08-23,6.06861972808838,6.120755795511456,5.99562961555087,6.068619728088379,1221300,0.0017200541332891913
2000-08-24,6.089471899551781,6.120753432465029,6.047762870788575,6.047762870788574,1387200,-0.003442756570323559
2000-08-25,6.068617550021069,6.26673377141393,6.068617550021069,6.2041707038879395,1591800,0.025533329832886864
2000-08-28,6.1624622553495705,6.235452342922726,6.120753702067528,6.152035236358643,1038000,-0.00843880025570309
2000-08-29,6.141606256573848,6.225023820307152,6.00605313316067,6.183315277099609,849000,0.005071620421947617
2000-08-30,6.141607636361949,6.339724335073136,6.141607636361949,6.2041707038879395,845700,0.0033671798337553916
2000-08-31,6.2250254207529405,6.412714629418859,6.214598401599837,6.339724540710449,1688100,0.021613559598570746
2000-09-01,6.49612906835988,6.49612906835988,6.329293978802604,6.475274562835693,1397100,0.021155690545564043
2000-09-05,6.433568020466606,6.579548172366343,6.391858996508176,6.423140525817871,2375700,-0.008083833643957298
2000-09-06,6.4544231736686175,6.767238520975955,6.443996154531153,6.579549312591553,1398900,0.024059072894929423
2000-09-07,6.6212541417906925,6.6212541417906925,6.485700592437091,6.496128082275391,1299600,-0.012759929700275945
2000-09-08,6.4127149363618825,6.66296722656137,6.4127149363618825,6.65254020690918,1453200,0.023792447967022682
2000-09-11,6.65253982987655,7.080053816525749,6.621258295374494,7.074840545654297,2336100,0.0615461378275519
2000-09-12,7.007061634893003,7.21560529503755,6.892362550215774,7.194750785827637,2253600,0.016806797047776163
2000-09-13,7.194752683306766,7.538849550769264,7.184325664610979,7.439791202545166,4033800,0.0334910816707651
2000-09-14,7.4450031324667245,7.611837777449547,7.319877029400057,7.387653827667236,3912000,-0.007032579065657467
2000-09-15,7.4658619439935086,7.4762889661511585,6.986211287645968,6.991425037384033,2289900,-0.0551258017348789
2000-09-18,7.111334512167751,7.163470555960603,6.9757813710882735,7.012276649475098,2029500,0.0029780165227286594
2000-09-19,7.09047951009744,7.330304228757064,7.09047951009744,7.283381938934326,2550900,0.03793288638976557
2000-09-20,7.382442134657435,7.434578184545026,7.299024550300956,7.3146653175354,2811300,0.004285974136126167
2000-09-21,7.278172433394744,7.278172433394744,6.944502485209457,7.095696449279785,1758600,-0.030392814155646895
2000-09-22,7.132190093994141,7.476286984493859,7.069627022994193,7.4293646812438965,1412100,0.04595188146911393
2000-09-25,7.470862420034981,7.474198874105505,7.272328605975292,7.3056960105896,1442100,-0.01678602851773936
2000-09-26,7.3824375402691675,7.3824375402691675,6.975361146606331,7.037089824676514,1127400,-0.03745961179154825
2000-09-27,7.00706172078564,7.257313925099413,7.00706172078564,7.1989216804504395,1674900,0.022736540672345276
2000-09-28,7.2406332013003665,7.50590049588398,7.2406332013003665,7.460855007171631,1378200,0.03573877166782262
2000-09-29,7.425771929695505,7.47421887016375,7.300477689624197,7.422430992126465,1046700,-0.005163389377074665
2000-10-02,7.380665612802486,7.601183241363985,7.340571020559033,7.574453353881836,2729400,0.02027455379488745
2000-10-03,7.308829456281988,7.350594515582254,7.183535234300243,7.277088642120361,2707800,-0.04005031386150887
2000-10-04,7.277088781852579,7.277088781852579,6.867793869424175,7.024829864501953,3084000,-0.03527987407559224
2000-10-05,6.849417594518932,7.348923533526519,6.799299714784885,7.071605682373047,3028500,0.006636569847533182
2000-10-06,7.15012226525115,7.1668279026636394,6.785933442962154,6.8310394287109375,1564500,-0.03461071843858461
2000-10-09,6.816006726813541,6.866124135152713,6.6322413030379535,6.807653427124023,1157700,-0.0034293644931288193
2000-10-10,6.849418076539761,6.916241602248112,6.448476444330099,6.578782558441162,2014200,-0.03419777656098743
2000-10-11,6.54035934416537,6.647276992368908,6.475206282801441,6.5721001625061035,2413800,-0.0010162658510434422
2000-10-12,6.640596533415324,6.653961243252706,6.21459580989913,6.353255271911621,1987200,-0.03386611805919769
2000-10-13,6.373301679872883,6.4919131089864575,6.323183784167694,6.458501815795898,1640400,0.016430051043240457
2000-10-16,6.498592917579522,6.538687024305241,6.398357650765226,6.49023962020874,1454700,0.004902077646015404
2000-10-17,6.557063703674847,6.565417001774648,6.291440103945249,6.341557502746582,1367100,-0.02317505031141794
2000-10-18,6.364945756301328,6.406710333542481,6.139416274463937,6.2196044921875,1745700,-0.01941808290837857
2000-10-19,6.219606748899706,6.513630798528802,6.181183094475719,6.426759719848633,1024200,0.03276416137467497
2000-10-20,6.426759790572496,6.76756032126301,6.426759790572496,6.704078197479248,1084500,0.04224554777452577
2000-10-23,6.682358739544781,6.682358739544781,6.44847640113231,6.498594284057617,660600,-0.031130137891525016
2000-10-24,6.523651802548228,6.749181270599366,6.523651802548228,6.749181270599365,867300,0.03783531476125294
2000-10-25,6.682358064240685,6.849417338469368,6.557063847548925,6.6339111328125,2272500,-0.017226659565281206
2000-10-26,6.598831135809819,6.598831135809819,6.381653910304227,6.496924877166748,1525800,-0.020865575582043435
2000-10-27,6.381655635461825,6.71076250076294,6.373303288016356,6.7107625007629395,1488000,0.032383611868838466
2000-10-30,6.682359992209897,7.033183804573281,6.603842693779499,6.956336975097656,2202900,0.03594045811745357
2000-10-31,6.956337740881541,7.156808376312256,6.775914168993898,7.156808376312256,1611000,0.028411084972611602
2000-11-01,7.116707586896784,7.116707586896784,6.760872183653983,6.919578552246094,1966800,-0.03370925917454518
2000-11-02,6.8911801488906255,7.043203733956803,6.790944896862275,6.837721347808838,1620000,-0.011900325073331016
2000-11-03,6.824358675239501,6.929605840630888,6.705746805606653,6.747511386871338,2420100,-0.013280786369456118
2000-11-06,6.759205179279744,6.759205179279744,6.532004744115995,6.680687427520752,1629000,-0.009952862912179047
2000-11-07,6.648946955327001,6.71075859205925,6.5654173160470695,6.62388801574707,1043400,-0.008538379460579075
2000-11-08,6.65730258930685,6.6656558919364155,6.423420152833877,6.515302658081055,1215000,-0.01652884603046233
2000-11-09,6.5487121453777055,6.662312146237248,6.5086180274272785,6.550382614135742,1836000,0.005369797238670945
2000-11-10,6.54871307866618,6.54871307866618,6.381653752104722,6.43344259262085,1504500,-0.01801367190552084
2000-11-13,6.344900618059978,6.450147805097166,6.121041536995473,6.271394729614258,1096500,-0.025511015585273425
2000-11-14,6.256357795081959,6.281416735048706,6.122711230498199,6.20289945602417,2844300,-0.010981937889833862
2000-11-15,6.2563577849954495,6.373299663971578,6.172828622520325,6.364946365356445,1042500,0.025788968546065792
2000-11-16,6.348240083506941,6.530334040815408,6.348240083506941,6.411722183227539,786600,0.0073221006988351415
2000-11-17,6.406712664834534,6.430101142494308,6.289771710414617,6.390007019042969,1062300,-0.0033925393466300953
2000-11-20,6.406709576763021,6.4217447463203206,6.206239056134282,6.304803848266602,997500,-0.013423508402578837
2000-11-21,6.231298194960072,6.266380417730215,5.990733084360618,6.264709949493408,1800600,-0.0063795681200772775
2000-11-22,6.281417959528171,6.339888671528832,5.948970756905676,6.074265003204346,2487600,-0.030871295527740532
2000-11-24,6.1143552275705035,6.314826180679284,6.1143552275705035,6.134402275085449,633600,0.009851649962242212
2000-11-27,6.1728292545818695,6.3816526601115,6.1728292545818695,6.318170547485352,1726500,0.0295170511770808
2000-11-28,6.356596811122267,6.416738011074137,6.176172733306885,6.176172733306885,1536900,-0.022730915112325313
2000-11-29,6.177838818567356,6.2212738564794785,6.065909331702434,6.162803649902344,1750800,-0.002166968834501828
2000-11-30,6.1628067468606575,6.293112881997773,5.888829769288241,6.049206256866455,1179000,-0.018604745749231467
2000-12-01,6.126051075578747,6.206239286810716,6.097651203590618,6.109344959259033,1053900,0.009892493235586235
2000-12-04,6.131063406174197,6.157793291914155,5.9823816728448564,6.014122486114502,1268100,-0.015709108270322653
2000-12-05,6.055886125190481,6.363274744856607,6.047533306047007,6.264709949493408,1775100,0.04082183911921284
2000-12-06,6.306471930924595,6.511954256331926,6.149436988146112,6.171154022216797,1484400,-0.01504643224359089
2000-12-07,6.189533621283262,6.384992265813416,6.131062453400627,6.264709949493408,1242000,0.01504643224359099
2000-12-08,6.264714094308707,6.545373496036029,6.2229494929999,6.515302658081055,2295600,0.03922137476634244
2000-12-11,6.498594603747271,6.657300125579087,6.473535661051876,6.640594482421875,1128300,0.019047824891644236
2000-12-12,6.515301747997302,6.515301747997302,6.191207320889986,6.273066520690918,1781400,-0.056936176620797266
2000-12-13,6.273061495789471,6.364943436642384,6.014119872977239,6.032496452331543,1575000,-0.03910438292085061
2000-12-14,6.055886605473851,6.064239903239251,5.771886908396623,5.87379264831543,2219100,-0.026660398183182735
2000-12-15,5.763535976409912,5.93727766303824,5.763535976409912,5.763535976409912,2154900,-0.018949361090122168
2000-12-18,5.738474893862238,6.12271083317939,5.673321845360458,6.10600471496582,3786000,0.057721495347080244
2000-12-19,6.106005752186254,6.405041160758359,6.106005752186254,6.19287633895874,1692000,0.014126987384876858
2000-12-20,6.281417681501385,6.356594512728897,6.122712153037921,6.181182384490967,1698900,-0.0018900763622353603
2000-12-21,6.172828747285619,6.431770016519374,6.106005224771072,6.348240852355957,3859500,0.02666816587862463
2000-12-22,6.264711210233005,6.3883349658646855,6.264711210233005,6.348240852355957,1107600,0.0
2000-12-26,6.348243386232671,6.3816546828664,6.172831211147244,6.353255271911621,981900,0.0007895793955480483
2000-12-27,6.394254898159004,6.394254898159004,6.2419709155411125,6.354092121124268,1088700,0.00013171107831915982
2000-12-28,6.384209329589108,6.384209329589108,6.275434869830613,6.359107494354248,2116800,0.0007890025551171981
2000-12-29,6.399273474515735,6.5298027007068455,6.362457367054372,6.375844955444336,1286700,0.00262858786372721
2001-01-02,6.359110012701349,6.426047947318074,6.191764697381658,6.275437355041504,2098500,-0.01587344368841898
2001-01-03,6.317272015744025,6.752368971127423,6.258701695284283,6.692124843597412,3647100,0.06428825799507575
2001-01-04,6.777471662657666,6.916367982729908,6.534821793740329,6.574984550476074,1911300,-0.01765921027512351
2001-01-05,6.616820046893577,6.660329935540999,6.444454778213412,6.509719371795654,1452000,-0.009975880283306357
2001-01-08,6.543193565195243,6.543193565195243,6.409318083247762,6.503030776977539,702900,-0.0010280064291845704
2001-01-09,6.503029276114548,6.521437336160402,6.362459549795293,6.364133358001709,753000,-0.02159027629513184
2001-01-10,6.322295122069567,6.509721853728062,6.322295122069567,6.4712324142456055,1303200,0.016688506393837677
2001-01-11,6.51306608948647,6.690451823667187,6.451148630810186,6.501351833343506,1160400,0.004643557928658046
2001-01-12,6.534824275511244,6.635231205482771,6.441110662093142,6.484620571136475,1599300,-0.00257682227312322
2001-01-16,6.476251102196318,6.680412519156843,6.442782135180954,6.6101274490356445,965100,0.01916962755831281
2001-01-17,6.611799669820837,6.752369307731561,6.611799669820837,6.672043800354004,1838400,0.0093232949125058
2001-01-18,6.630211409348092,6.842739552294053,6.4678864970725005,6.747352600097656,2170200,0.011223990721905636
2001-01-19,6.777474718756011,6.794208968886132,6.6687001777980575,6.698822498321533,1481700,-0.007218456125545415
2001-01-22,6.693801532223198,6.8293512462959125,6.662006363593185,6.802576065063477,1638000,0.01536960910797363
2001-01-23,6.819308363704754,6.969918954453399,6.81763503505078,6.899633884429932,820800,0.014166976427433168
2001-01-24,6.986654082249897,7.095428111508289,6.894613819278947,7.0268168449401855,1487700,0.018265457428307916
2001-01-25,7.008406930634411,7.145629427318864,6.777470867122103,7.11550760269165,1939800,0.012542764213842664
2001-01-26,7.153998839133027,7.513790848963949,7.153998839133027,7.27281379699707,2881500,0.021866687281764118
2001-01-29,7.272815543211842,7.948889347985252,7.246040361984302,7.873584270477295,5023500,0.07937013448087765
2001-01-30,7.83175078884238,8.032564715211398,7.738037144425339,7.950565814971924,3645600,0.00972970445552108
2001-01-31,7.915421124703829,7.917094453894073,7.719627246104587,7.82505464553833,2163900,-0.015912377971026934
2001-02-01,7.7179487247282,8.014149355520521,7.697867350375046,8.004108428955078,2334000,0.022624243618480696
2001-02-02,7.9622726055883914,8.082761334321244,7.85015195429681,7.940517902374268,3592800,-0.007976463344556942
2001-02-05,7.9405192828556554,7.9405192828556554,7.736358362215573,7.8150105476379395,2248800,-0.01593218659284188
2001-02-06,7.7982765738495,7.7982765738495,7.461913092914494,7.4769744873046875,3186900,-0.044218083682990725
2001-02-07,7.476974716838139,7.522157465062149,7.3966487139581565,7.406689643859863,2245500,-0.009444632085434617
2001-02-08,7.406691671894895,7.503751946150057,7.338080387632292,7.3531413078308105,1884300,-0.007255987029191141
2001-02-09,7.353137257135824,7.353137257135824,7.162364429639439,7.237669467926025,2415300,-0.01582835285821327
2001-02-12,7.363179736967154,7.42175006866455,7.24269145878953,7.421750068664551,2729100,0.025115629797214194
2001-02-13,7.195832569963996,7.37154495603403,7.195832569963996,7.3548102378845215,3019500,-0.009060334382699148
2001-02-14,7.396646887973036,7.430116326864312,7.287873366076365,7.301260471343994,987300,-0.007307552740519633
2001-02-15,7.262775549791926,7.312978778385314,7.222612775406001,7.2460408210754395,2004300,-0.007591774498083418
2001-02-16,7.246037411825586,7.29624061679844,7.212568448917747,7.269465446472168,1559700,0.003227534100354059
2001-02-20,7.24603936955533,7.271140739434721,6.902982047979631,6.928083896636963,2728500,-0.04809947918020817
2001-02-21,6.961552868587426,7.016777031389145,6.902982047979631,6.928083896636963,1732200,0.0
2001-02-22,6.944818097431987,6.944818097431987,6.735637143815332,6.921390056610107,2779200,-0.0009666562889959864
2001-02-23,6.911348638372565,6.944817126645994,6.702167235218537,6.936450004577637,2019900,0.002173492236844924
2001-02-26,7.070323575911239,7.153996205746459,6.86114271948976,7.150649070739746,1558500,0.030413014783811636
2001-02-27,7.192487711706816,7.232650470772956,6.986653451798384,7.140610694885254,1238400,-0.001404827519763692
2001-02-28,7.162366355460298,7.162366355460298,6.944817344631562,6.98498010635376,1011600,-0.02203615953798029
2001-03-01,6.984978589395599,6.984978589395599,6.827674712868299,6.889592170715332,2190000,-0.013750252856935614
2001-03-02,6.919715935838893,7.194161970382992,6.894614088482872,7.170733451843262,2325300,0.03999605212310723
2001-03-05,7.137263072480045,7.229302357142991,7.005060076626775,7.088732719421387,1342500,-0.011501361322418085
2001-03-06,7.162365057538605,7.2560776724638,7.070324813465202,7.108814239501953,1121400,0.0028288736822736976
2001-03-07,7.150652069714029,7.179101053480546,7.046898501435284,7.170733451843262,801300,0.00867248764014437
2001-03-08,7.229305275731017,7.354814051203971,7.177428723759407,7.2661213874816895,1963200,0.013214695972850927
2001-03-09,7.279507118358946,7.311302277286015,7.066979062489273,7.153998374938965,1725000,-0.015551226208843735
2001-03-12,7.112164183740456,7.113837512808655,6.836044778812062,6.8879218101501465,2235600,-0.03790199822583404
2001-03-13,6.861146586101623,6.872860368282151,6.764086319096491,6.792534828186035,2073300,-0.013945225704224504
2001-03-14,6.64359627697709,6.7105346932084196,6.492986157095809,6.590046405792236,1875900,-0.03026379941282334
2001-03-15,6.57665840250177,6.765758422935567,6.57665840250177,6.752370357513428,1872000,0.02433321697709465
2001-03-16,6.593392473929848,6.744003059126793,6.539842128753663,6.539842128753662,3284100,-0.031980581473382105
2001-03-19,6.539842566104211,6.77579914939971,6.446129455778843,6.740656852722168,2247900,0.030244350225748798
2001-03-20,6.777474236581268,6.836045065425828,6.471232980473605,6.484620571136475,1821900,-0.03872406870385701
2001-03-21,6.467886215782846,6.543191297902394,6.359112155079273,6.360785484313965,2274000,-0.019281433816326368
2001-03-22,6.334008185187984,6.334008185187984,5.723198692245837,6.037807464599609,3112200,-0.05211093005339622
2001-03-23,6.183398864054254,6.501354359144074,6.116460915485658,6.469559192657471,3066600,0.06906703173133155
2001-03-26,6.469559203582109,6.635230746263634,6.461191600913423,6.506374835968018,1768800,0.005674465054546474
2001-03-27,6.518088416489228,6.650291459522725,6.421028633289084,6.635230541229248,2029800,0.019610973128015696
2001-03-28,6.601760700460012,6.6352301505740225,6.409314474361013,6.508047580718994,1416900,-0.019353912967121762
2001-03-29,6.529001056299399,6.601080421576732,6.435131515298393,6.502181529998779,1774200,-0.0009017598487779315
2001-03-30,6.500505750380827,6.596051906590949,6.445189125582729,6.555821895599365,1429200,0.008215753292865677
2001-04-02,6.513915323131464,6.775410876109987,6.478714183145725,6.636281967163086,1747500,0.012198368069930611
2001-04-03,6.594373661289307,6.62119414154611,6.227274782123059,6.280914783477783,1541400,-0.05503622592570087
2001-04-04,6.185367681518101,6.3362304014730535,6.042886570145744,6.1820149421691895,1588800,-0.015871375279187125
2001-04-05,6.218894125683752,6.627899646759033,6.210512994728298,6.627899646759033,2877900,0.06964369789537386
2001-04-06,6.604433491131196,6.612814624099999,6.359700667721327,6.376463413238525,2079300,-0.038674338928316024
2001-04-09,6.394901708030529,6.604432890678286,6.378138964037343,6.4787139892578125,1616100,0.015908412502255092
2001-04-10,6.478712699936525,6.887718200683594,6.478712699936525,6.887718200683594,8007300,0.06121782243639319
2001-04-11,7.040258517384019,7.199502428067164,7.003381247728093,7.1844162940979,4102500,0.042174422060489686
2001-04-12,7.142510159430452,7.202855178991024,7.097251274865125,7.167654037475586,2135400,-0.002335867070977455
2001-04-16,7.167650525442891,7.241405513211508,6.991643944946905,7.040255546569824,1955700,-0.017933940906918352
2001-04-17,7.0318755592625655,7.16597604751587,6.958121034071411,7.165976047515869,1985400,0.017699807619337794
2001-04-18,7.162624761182179,7.543134212493897,7.08551748033533,7.5431342124938965,2956500,0.05129349734011069
2001-04-19,7.543131618176476,7.543131618176476,7.308456156501976,7.417412757873535,1925100,-0.016807462247404252
2001-04-20,7.383893013000488,7.383893013000488,7.258174063266745,7.383893013000488,1348800,-0.004529303386548051
2001-04-23,7.249791135236396,7.283315668657647,7.196151114435012,7.2665534019470215,1342500,-0.016018913947881994
2001-04-24,7.266553597988794,7.409034787191516,7.266553597988794,7.325222492218018,2125500,0.008041434688641559
2001-04-25,7.333600024478443,7.417412757873535,7.1844139057556875,7.417412757873535,1156800,0.012506782645788672
2001-04-26,7.3755110205825,7.6101861423470964,7.295050978834638,7.559898376464844,2758500,0.019027436382676146
2001-04-27,7.643711159742039,7.6772366567166594,7.528049969624407,7.559898376464844,1841100,0.0
2001-04-30,7.559897348662084,7.57498348454386,7.2564961023815675,7.316841125488281,1917900,-0.03267905323544323
2001-05-01,7.358747652681883,7.450941562652588,7.179388704821335,7.450941562652588,1968900,0.018161714055225972
2001-05-02,7.409032752690222,7.43920549670947,7.2749332134719396,7.345335483551025,2245500,-0.014274924979517156
2001-05-03,7.35036753031912,7.358748665220681,7.1240735309190635,7.204533576965332,1992600,-0.0193549923402522
2001-05-04,7.204527519211993,7.249786376953126,7.107304805530276,7.249786376953125,1685700,0.006261511850077661
2001-05-07,7.249792472761285,7.308460896651911,7.140835800722185,7.204533576965332,1120500,-0.0062615118500777
2001-05-08,7.18273938776628,7.241408270268904,7.073783234246787,7.112337112426758,5117400,-0.012879593736368164
2001-05-09,7.082162806828186,7.12406941629152,7.040256676944279,7.083839416503906,864900,-0.004014846412240007
2001-05-10,7.115688905129169,7.174358263350751,7.045286634422274,7.095573902130127,1462800,0.001655144404273486
2001-05-11,7.095574102394988,7.098926842779206,6.9497402066410565,6.973207950592041,1348800,-0.017395825539881605
2001-05-14,7.00673246383667,7.023495205420008,6.872632449487886,7.00673246383667,1661700,0.004796097338504191
2001-05-15,7.048639500451656,7.098926769056578,6.958121745551483,7.025171756744385,1216800,0.00262819689072006
2001-05-16,7.023493715630671,7.326894813843958,6.922918726202561,7.291693687438965,1821300,0.037236184995057514
2001-05-17,7.300075420274629,7.440880407866334,7.243082205927954,7.387239933013916,2762700,0.013018329184997414
2001-05-18,7.39227216482573,7.39394829554555,7.286668256203379,7.353718280792236,2065500,-0.004548104610177344
2001-05-21,7.341983424182729,7.450939572548549,7.325220681583636,7.420767307281494,1470900,0.009076388668172819
2001-05-22,7.400652583322976,7.568277617745064,7.392270971917226,7.526371479034424,2922600,0.014130587860747761
2001-05-23,7.543134212493897,7.635328107063016,7.486141937030516,7.5431342124938965,2443800,0.002224723320908433
2001-05-24,7.526373046329535,7.576660327338243,7.489495291287473,7.538106441497803,1031400,-0.0006667582989636253
2001-05-25,7.50960902805578,7.559896300549685,7.462674016591014,7.5163140296936035,1087500,-0.0028951532299420243
2001-05-29,7.476082796878459,7.509607799583331,7.459320055736289,7.492845058441162,4651200,-0.003127289176124555
2001-05-30,7.450939677949476,7.580010831512341,7.392270797391986,7.4006524085998535,1285200,-0.0123804133459652
2001-05-31,7.392270535387151,7.492845550101225,7.392270535387151,7.459320545196533,2033700,0.00789617068701948
2001-06-01,7.392270797391986,7.417414671856555,7.296724649922042,7.4006524085998535,1275300,-0.007896170687019458
2001-06-04,7.409036569830414,7.48111596654394,7.358749276662951,7.4760870933532715,747300,0.010141379603414633
2001-06-05,7.517987472183088,7.623591330115479,7.501225213871577,7.6101813316345215,1560000,0.017777460410892343
2001-06-06,7.6018016335195595,7.6018016335195595,7.44255775168564,7.477758884429932,1627200,-0.017553866950573205
2001-06-07,7.442559388956304,7.482789400822589,7.330250485934699,7.437530517578125,1257000,-0.00539425864489316
2001-06-08,7.437529839323213,7.437529839323213,7.293372070158835,7.362098693847656,975300,-0.010193833352862367
2001-06-11,7.367127466096489,7.3838902101686035,7.241408564084061,7.2833147048950195,951300,-0.010758965524348307
2001-06-12,7.241406759445727,7.308456759865484,7.1743572386054035,7.279961109161377,1550400,-0.00046055514373811014
2001-06-13,7.2380544992144555,7.425794979969205,7.219615629204164,7.279961109161377,1571700,0.0
2001-06-14,7.249786376953126,7.249786376953126,7.176031396759144,7.249786376953125,1587900,-0.0041535168615330865
2001-06-15,7.207880956459183,7.3503625511668735,7.122392095550445,7.291693687438965,3174000,0.005763846089987831
2001-06-18,7.266553248826722,7.365452154990187,7.224647103353588,7.353718280792236,1656000,0.00847022457482
2001-06-19,7.395622978600323,7.548161864684367,7.395622978600323,7.486140727996826,2815200,0.01784733428015246
2001-06-20,7.519664737892359,7.811332488697313,7.519664737892359,7.735901355743408,4267800,0.03281859861427822
2001-06-21,7.777809997067876,7.945435047149658,7.7275222422535546,7.945435047149658,2488200,0.026725549096174087
2001-06-22,7.945432328899086,7.945432328899086,7.695670730039708,7.757692337036133,1148100,-0.023912645118812543
2001-06-25,7.794568551199908,7.836474673873459,7.643705838164041,7.677231311798096,1887900,-0.010425934835948003
2001-06-26,7.546487397547175,7.60180354571405,7.476084634769672,7.5934224128723145,2772600,-0.010976575320596227
2001-06-27,7.590071523178581,7.735905476259246,7.573309253406854,7.660473823547363,1849800,0.008791438134726976
2001-06-28,7.643708664899687,7.7778091702898555,7.616888659737557,7.628622531890869,2271900,-0.004166542874009003
2001-06-29,7.59342014554409,7.672204017639159,7.512959663717624,7.67220401763916,1989600,0.005696633899443271
2001-07-02,7.6545802532117335,7.671366357487253,7.5740058000613395,7.666330814361572,1473300,-0.0007658102457569896
2001-07-03,7.6663285853787,7.6713641270403,7.557217498526966,7.594147205352783,1559100,-0.009460273428491825
2001-07-05,7.604220342988063,7.651221620159214,7.579040710012297,7.605898857116699,1565100,0.0015462655911797074
2001-07-06,7.604217038397684,7.605895551796884,7.469925880973482,7.486712455749512,1481700,-0.015794334934208665
2001-07-09,7.444749004395066,7.520287898352217,7.411176802985028,7.506858825683594,838200,0.0026873360162574175
2001-07-10,7.473286887623237,7.518610132455002,7.391033929408916,7.414534568786621,1407300,-0.012374907979687546
2001-07-11,7.38599716376594,7.417890851123667,7.283600124581065,7.340673923492432,1937400,-0.01001155114276626
2001-07-12,7.310457643291448,7.570645526377147,7.310457643291448,7.53035831451416,1668600,0.02551197200714243
2001-07-13,7.532042609932342,7.612617090370301,7.469932754398408,7.577365875244141,1047900,0.006223003787970445
2001-07-16,7.6193280058979616,7.629399571030777,7.5118954164196206,7.520288467407227,1152600,-0.007561132142906945
2001-07-17,7.537070599960616,7.688147829853387,7.486711363242601,7.678075790405273,1746000,0.020764470389264423
2001-07-18,7.671366202447241,7.691509815327732,7.60422130644055,7.688153266906738,1276500,0.001311639688390952
2001-07-19,7.713330371890243,7.73347397941469,7.6210053840044925,7.676400184631348,1730400,-0.0015298960174641308
2001-07-20,7.67808156971633,7.698225183513429,7.602543138042617,7.659616470336914,1134000,-0.002188797961387878
2001-07-23,7.646188979229984,7.7183703970287345,7.604223228520234,7.637795925140381,873000,-0.0028528432693948
2001-07-24,7.587432595159309,7.587432595159309,7.43131975916604,7.4632134437561035,1881000,-0.02312299208060905
2001-07-25,7.478321779101869,7.545466658706716,7.4447486189072,7.537074089050293,1474800,0.009847976855790402
2001-07-26,7.427960504252609,7.5874308107445625,7.278561758877969,7.575680255889893,2688600,0.005109095262980298
2001-07-27,7.402784382100389,7.503502442213414,7.385998278879016,7.434678554534912,2238300,-0.018787805234448667
2001-07-30,7.285277416884681,7.451462272222704,7.016695546283603,7.250025749206543,5604300,-0.025150324411727463
2001-07-31,7.229882858170245,7.377602637429849,7.2265258305905276,7.241633415222168,2442600,-0.001158229686103116
2001-08-01,7.209740522286124,7.3692108866968224,7.172810330833281,7.280243396759033,1797000,0.005317504481580942
2001-08-02,7.302063608230669,7.396067576328555,7.29367007947778,7.36417293548584,1020300,0.011462451730918045
2001-08-03,7.377604299093597,7.377604299093597,7.271850222330122,7.3507466316223145,823200,-0.0018248564021305933
2001-08-06,7.318851248568537,7.360817460398317,7.218133204647794,7.243312835693359,1381500,-0.014723214865871604
2001-08-07,7.2517065089792485,7.342352996426495,7.219812819193696,7.238277435302734,835500,-0.0006954209447067034
2001-08-08,7.218128525158322,7.275202286510099,7.176162820796289,7.189591884613037,1196400,-0.006748846194789516
2001-08-09,7.181200739546918,7.216451921326118,7.083839760988496,7.1560211181640625,1041600,-0.004680291838830245
2001-08-10,7.134200287709106,7.201345636640104,7.050268361414649,7.177844524383545,822000,0.0030450157167846055
2001-08-13,7.177845756443483,7.2265265029704535,7.125807982024447,7.218132972717285,1063800,0.005597195956097017
2001-08-14,7.243314759467975,7.310460620176799,7.176169379020795,7.209742069244385,1355700,-0.0011631518008738762
2001-08-15,7.2181343476349,7.275208155025014,7.211419810310273,7.236599445343018,1320300,0.003718229561991063
2001-08-16,7.218133553253484,7.234920134848421,7.109022453801781,7.181203842163086,1093500,-0.0076843711438574075
2001-08-17,7.159380110533927,7.159380110533927,6.999909302109977,7.036839485168457,1707300,-0.02030790244335371
2001-08-20,7.036845226507932,7.0922400660306915,7.03348819636077,7.068739414215088,1484700,0.0045230307324083795
2001-08-21,7.075447264751896,7.194630366998245,6.900868895098629,6.951228141784668,3059100,-0.016763808320938794
2001-08-22,6.983124712579823,7.092235811091287,6.949552029940792,7.067056179046631,1177200,0.016525656153937168
2001-08-23,6.999913949917192,7.115740117111219,6.999913949917192,7.040201187133789,1558200,-0.003807263687749913
2001-08-24,7.092238369326637,7.323890203225653,7.070416237805208,7.258423328399658,2096700,0.0305258853751401
2001-08-27,7.268491662529727,7.285278241456622,7.14091548767889,7.15434455871582,803700,-0.014442830091800862
2001-08-28,7.150987274930294,7.18456043383623,6.932765103872055,6.946193695068359,2885400,-0.029525962986328598
2001-08-29,6.957942675992049,7.025088018065856,6.927727512189521,6.951228141784668,1699500,0.000724515236802116
2001-08-30,6.915979886367909,6.968018152455105,6.798475719943447,6.848834991455078,1052700,-0.01483979144356058
2001-08-31,6.848836255077861,7.0435578790102245,6.828692638808996,6.887444972991943,1417500,0.005621621475123076
2001-09-04,6.882404949682591,7.065375904406624,6.798473023868679,6.894155025482178,1344900,0.0009737698120970603
2001-09-05,6.865620050418698,6.922693850763204,6.7984746854613585,6.835404396057129,1704900,-0.008558320951056514
2001-09-06,6.806869877356979,6.8152624496977685,6.622219358271746,6.645720481872559,2893200,-0.02814252295718729
2001-09-07,6.613825430811282,6.662505705780126,6.430854410920394,6.444283485412598,2253300,-0.030779654451921115
2001-09-10,6.429175418602698,6.6608271764984615,6.387209203738965,6.610467910766602,3312300,0.02546098317710287
2001-09-17,6.529892005410238,6.529892005410238,6.034693950797615,6.07666015625,2583900,-0.08419921103159986
2001-09-18,6.0766601635940285,6.15219904534275,5.9490835135992395,5.975942134857178,1679100,-0.016713463780816635
2001-09-19,6.009514814063755,6.083374701840505,5.87522410901512,5.959155559539795,3303900,-0.0028129784634098793
2001-09-20,5.796329500970283,5.866831896817404,5.628466081975292,5.6301445960998535,4543800,-0.056793661432428685
2001-09-21,5.415275843283318,5.640212936257214,5.31287933630805,5.35484504699707,4744500,-0.05013335761958562
2001-09-24,5.465636403395497,5.959154932664072,5.465636403395497,5.712395668029785,2535300,0.06463672490525876
2001-09-25,5.673789630865819,5.7896152761475115,5.578107116687259,5.719112396240234,1991700,0.001175125616957255
2001-09-26,5.782899815088133,5.816472978381759,5.68386076033964,5.751006126403809,1187100,0.005561200139047049
2001-09-27,5.421994171341876,5.589857596986885,5.3464552696054435,5.539498329162598,3540900,-0.03747087565119242
2001-09-28,5.6402145788572975,5.841651105403776,5.606641904476454,5.819828987121582,2144100,0.04936693529942893
2001-10-01,5.782901199315932,5.782901199315932,5.648610915304656,5.670433044433594,1759200,-0.026005388152643322
2001-10-02,5.690575860928251,5.698968912452706,5.522712429131201,5.631823539733887,3931200,-0.006832202861403517
2001-10-03,5.543135387929946,5.852206884503119,5.475945932153169,5.801815032958984,2680200,0.02973751867345229
2001-10-04,5.796775703631503,5.931155095761952,5.769899921320792,5.801815032958984,1585200,0.0
2001-10-05,5.796773850397085,5.818610776975921,5.69095037123631,5.756460189819336,2096400,-0.007848069899231688
2001-10-08,5.697667251727653,5.71950368798167,5.580085073334368,5.618719100952148,921600,-0.024219015467421702
2001-10-09,5.578404439384235,5.744698304799517,5.56832627086814,5.717823028564453,975000,0.01748442358906144
2001-10-10,5.669110735443742,5.8622803705005175,5.660711700449968,5.825326442718506,1238700,0.0186268960125353
2001-10-11,5.811891101603666,6.08064930774153,5.811891101603666,5.983224391937256,3159600,0.026744579074850904
2001-10-12,5.941228660882985,5.963065096911718,5.601921932370244,5.672471046447754,4482300,-0.05333478516199619
2001-10-15,5.677514139738746,5.761500709699092,5.601925650082225,5.6607160568237305,1726500,-0.002074437443295771
2001-10-16,5.6607142967563595,5.773257188218166,5.618721024833017,5.704387664794922,1362300,0.007685248456832409
2001-10-17,5.795092187563,5.862281598124536,5.543131657668956,5.601922512054443,1662000,-0.018125799927108045
2001-10-18,5.576726562136818,5.6724718360392234,5.4944191708266885,5.534732818603516,941100,-0.012066550808689978
2001-10-19,5.492741866199755,5.528016683275472,5.385239240816552,5.494421482086182,1535100,-0.007309992212365414
2001-10-22,5.452425869488779,5.669112085196346,5.452425869488779,5.645595550537109,971400,0.02714239104672293
2001-10-23,5.635516216969205,5.719503205550798,5.333163442536661,5.405392646789551,3936300,-0.043478599017759086
2001-10-24,5.447388121665991,5.509538220597244,5.373479272459075,5.4641852378845215,1409100,0.010817929652952767
2001-10-25,5.333164852697186,5.546491850489429,5.27437447377924,5.470903396606445,2440800,0.0012287343599543974
2001-10-26,5.470904421931246,5.601924048755389,5.4591461517133455,5.568329334259033,1773300,0.017651311388794957
2001-10-29,5.543132951934462,5.543132951934462,5.400355541298261,5.427231311798096,1486500,-0.025665952379701804
2001-10-30,5.408751453726002,5.41043154914221,5.232379400567047,5.3146867752075195,1233000,-0.020955038749879015
2001-10-31,5.356682001842175,5.422191810474921,5.324766905254854,5.391956329345703,2863800,0.014434196591038409
2001-11-01,5.358362900965374,5.450748501366624,5.1819902600420455,5.433950901031494,1778700,0.007758201031763425
2001-11-02,5.391955482343904,5.533053250770176,5.366759332123635,5.517935752868652,1156200,0.015337357083677117
2001-11-05,5.5431320045190535,5.71110554143349,5.517935853837737,5.709425926208496,1831800,0.03411464776065832
2001-11-06,5.694308795031629,5.811890038161609,5.62711937593546,5.808530807495117,1203300,0.017209185525159456
2001-11-07,5.808533268083517,5.929474754266019,5.808533268083517,5.89755916595459,2221200,0.015210898806761975
2001-11-08,5.963065521794309,6.112562315908301,5.921072261690815,5.931150913238525,2674500,0.005679712726474429
2001-11-09,5.92107298770711,5.946269139089273,5.825328189146834,5.9126739501953125,1125300,-0.003120103217628622
2001-11-12,5.921071835989619,5.979862684253621,5.724542470127948,5.811888694763184,2323500,-0.017192579547911157
2001-11-13,5.904273696051694,6.215024513222865,5.904273696051694,6.198227405548096,4541100,0.06435775425302233
2001-11-14,6.181430662652102,6.319168683788585,6.147835484167167,6.24022102355957,1908300,0.006752253354055499
2001-11-15,6.231825301150849,6.297335111986057,6.194870876370126,6.248622417449951,1054800,0.0013454240494550566
2001-11-16,6.2402240452559585,6.268779432161381,6.151198172833742,6.189831733703613,1138500,-0.009453123488407359
2001-11-19,6.189829009967211,6.3578029875096,6.189829009967211,6.278855323791504,1368600,0.014279787827372362
2001-11-20,6.257018958616816,6.2990122131791795,6.204946573260156,6.253659248352051,681000,-0.004020918426459908
2001-11-21,6.223421333828304,6.253656309118215,6.131035832751323,6.204943656921387,963000,-0.007820433813427518
2001-11-23,6.189827620980549,6.312448606682085,6.189827620980549,6.307409763336182,264300,0.016378756837199054
2001-11-26,6.215028849019226,6.292296943841803,6.173035569960055,6.27549934387207,1517100,-0.005072036617548285
2001-11-27,6.299011892019034,6.314129385998468,6.156234545440719,6.194868087768555,2806500,-0.012931837048479288
2001-11-28,6.1814358101097735,6.189833890859628,6.030259303344453,6.036977767944336,1616100,-0.025817704341522207
2001-11-29,6.030257516340957,6.139440222963788,5.979865202160128,6.089047908782959,2370900,0.008588215508215464
2001-11-30,6.0974462511456515,6.1075244244836595,5.996661634305556,6.00506067276001,1305000,-0.013889173494866177
2001-12-03,5.996660961276981,5.996660961276981,5.8387660724737716,5.9126739501953125,2268900,-0.01550438505069786
2001-12-04,5.9210710525512695,5.956345364611789,5.860600597343325,5.9210710525512695,1642500,0.0014191794336232133
2001-12-05,5.963069360221244,6.114245866713299,5.959710127927375,6.094089031219482,2057100,0.028801936538086725
2001-12-06,6.055450068006807,6.226782776941066,6.055450068006807,6.198227405548096,2269200,0.016944058733401223
2001-12-07,6.206629106471445,6.240223819431701,6.090727466902737,6.1999101638793945,1301400,0.0002714534069667527
2001-12-10,6.181433694729849,6.299014954796468,6.1142437853788785,6.115923881530762,1101600,-0.013638960052708407
2001-12-11,6.114241645327803,6.139437792443403,6.0134575374419335,6.097444534301758,1827300,-0.0030260875954001305
2001-12-12,6.080648940129465,6.080648940129465,5.934511815546288,6.006740570068359,967800,-0.014987487601705015
2001-12-13,6.006737650906639,6.006737650906639,5.91435211308372,5.9210710525512695,654600,-0.014364913428641213
2001-12-14,5.879079895409533,5.88747845259179,5.769896729733675,5.853883743286133,2387100,-0.011412024861737738
2001-12-17,5.8454842835017855,5.9277911884474666,5.795091987036067,5.837085247039795,1772700,-0.0028737579957796317
2001-12-18,5.862283680373303,5.89923810959643,5.806852036538613,5.870682239532471,2821500,0.005739281165786331
2001-12-19,5.870681442055544,5.959707791010256,5.823649324922379,5.942910194396973,2815500,0.012228093234846062
2001-12-20,5.971465546791816,5.971465546791816,5.889158628025518,5.922752857208252,1506600,-0.003397594637875644
2001-12-21,5.912671149440762,5.929469216507335,5.870677904079884,5.887475490570068,3714300,-0.005974054102609014
2001-12-24,5.887478216365252,5.922752539576703,5.887478216365252,5.90091609954834,388800,0.0022803135948776462
2001-12-26,5.900916162716704,6.01345855572396,5.889158375238096,5.9126739501953125,1170900,0.001990564168868636
2001-12-27,5.922772745144701,5.991779488916362,5.843667747122446,5.927822113037109,1188900,0.0025587054842046526
2001-12-28,5.927820203965382,6.025439198465173,5.924453799276527,5.97494649887085,1289400,0.007918263992287126
2001-12-31,5.924456108642718,6.027124990963387,5.907625523240058,5.9362382888793945,1173900,-0.006499495548951763
2002-01-02,5.949697414996992,5.949697414996992,5.810002037586553,5.9227681159973145,1467600,-0.0022717212918478653
2002-01-03,5.899208858941389,6.059101790761998,5.892476530038775,6.022074222564697,1540800,0.01662782844569714
2002-01-04,6.064153528158702,6.225729484977702,6.043956533556327,6.190384864807129,1852200,0.027565504796750993
2002-01-07,6.19038173707291,6.225726339385372,6.126424379046463,6.176916599273682,1140300,-0.0021780452100863424
2002-01-08,6.16850207323609,6.16850207323609,6.074248993533938,6.096128940582275,841800,-0.01316524497420065
2002-01-09,6.092767329986719,6.207216994491411,6.092767329986719,6.146625995635986,1530300,0.008249342845433454
2002-01-10,6.118011068108326,6.202164956217596,6.082666454363803,6.109595775604248,1352100,-0.006042699520340296
2002-01-11,6.08434807337983,6.1584036904425705,6.043954100436516,6.054052352905273,1213200,-0.009132754938615081
2002-01-14,6.067520838528464,6.079302059317396,5.924457929432155,5.956437110900879,1382400,-0.016255356078381567
2002-01-15,5.971579965633481,6.022072660069251,5.916038386981352,6.0153398513793945,1009200,0.009840346336425327
2002-01-16,5.991779288356672,6.025440937288954,5.902575557535468,5.905941963195801,920100,-0.018353891955212375
2002-01-17,5.904255873625935,6.006924218009576,5.890791701621157,5.986727237701416,884400,0.013585935290617381
2002-01-18,5.966533546189899,6.013659859551971,5.899210241386939,5.9244561195373535,872100,-0.01045600317395789
2002-01-22,5.907621649954594,5.966529623309874,5.875643462348934,5.885741710662842,952500,-0.00655612176899152
2002-01-23,5.87732901483026,5.942969343180693,5.850399698741278,5.860497951507568,1136100,-0.00429819222917586
2002-01-24,5.9749477478700515,6.261071981802941,5.9749477478700515,6.144939422607422,4523700,0.047394310333468984
2002-01-25,6.2274084781028005,6.336809156950657,6.143254628333403,6.266119480133057,3552600,0.019528375383155692
2002-01-28,6.345229250163001,6.358693914844133,6.272856557118323,6.301468849182129,2134200,0.005625496530526369
2002-01-29,6.303148250365813,6.360373765227623,5.9295037758205265,5.969897747039795,3402900,-0.05405295742712591
2002-01-30,6.0170239008325295,6.1398887634277335,5.9160389833157705,6.139888763427734,3513300,0.02807682583056199
2002-01-31,6.176917456110995,6.303148746490478,6.16850264669563,6.3031487464904785,2330400,0.0262426842794273
2002-02-01,6.311563148687925,6.511850015314628,6.242556429588051,6.4832377433776855,3718200,0.028170727766836476
2002-02-04,6.521952180292584,6.521952180292584,6.32334768911483,6.341862201690674,3733500,-0.02204758935040262
2002-02-05,6.341861862598929,6.4041358020078665,6.294735547080274,6.348593711853027,3403800,0.0010608776925827511
2002-02-06,6.37889091186583,6.39572198348444,6.2577089297356485,6.301468849182129,3111000,-0.0074505687918798
2002-02-07,6.319980536414648,6.5135346434264605,6.311564763604778,6.39908504486084,3046800,0.015372261519203798
2002-02-08,6.395722087880785,6.547199808783254,6.395722087880785,6.527002811431885,1628100,0.019792831986618596
2002-02-11,6.5438307718901,6.661646301656994,6.515218009324046,6.646498680114746,1945800,0.01814235135024656
2002-02-12,6.646499515082272,6.698675679076868,6.575809803114365,6.604422569274902,1755300,-0.006350690863392095
2002-02-13,6.604422143170285,6.824906557703397,6.604422143170285,6.823223114013672,2921700,0.032592446700515795
2002-02-14,6.823221685174881,6.959551221905699,6.732335006331577,6.79965877532959,2529000,-0.0034595267547097167
2002-02-15,6.883813771326703,6.8922290632544145,6.690259167784053,6.7357025146484375,2784000,-0.00945031836192898
2002-02-19,6.693623342126032,6.695306303643709,6.521948747437621,6.530364036560059,1680000,-0.03095942240335512
2002-02-20,6.54719414700648,6.617883335839617,6.370470211855669,6.577489376068115,3210300,0.007190428678893373
2002-02-21,6.587591009558453,6.641449164785396,6.456310341686079,6.459676265716553,1428300,-0.018073915865406978
2002-02-22,6.463041168639292,6.532047892096247,6.3839361939045425,6.4916534423828125,1879500,0.004938063097120322
2002-02-25,6.488285252238458,6.681839254322812,6.488285252238458,6.659959316253662,1415100,0.025596109893287766
2002-02-26,6.639769251517998,6.707092578381919,6.5522494081293186,6.673431396484375,2112000,0.0020208040258576296
2002-02-27,6.690257270920626,6.799657961099767,6.66501092076128,6.782826900482178,2936400,0.016259782138964944
2002-02-28,6.799660785169261,6.951138467503738,6.799660785169261,6.877082347869873,3042300,0.013800522626688615
2002-03-01,6.9847985510529265,7.026875972747803,6.909059962456874,7.026875972747803,2676900,0.021547737299837742
2002-03-04,7.018458942939616,7.269238540035558,7.018458942939616,7.2608232498168945,4135200,0.03275099574516059
2002-03-05,7.237259869101053,7.296167863779192,7.169936584192929,7.178352355957031,3292800,-0.011423337859451793
2002-03-06,7.190135857337516,7.2793395993731576,7.137960656083821,7.2574591636657715,2803800,0.010959910283720764
2002-03-07,7.321416378021241,7.366859729137199,7.284388801154568,7.32141637802124,3280500,0.008774013397019241
2002-03-08,7.321416162426399,7.430816890637241,7.314683832145774,7.346662521362305,2189100,0.003442327852748229
2002-03-11,7.237260818066834,7.309633960750442,7.180036259158574,7.225479602813721,2652600,-0.01663251856591078
2002-03-12,7.195185395225478,7.195185395225478,7.127862087310979,7.181720733642578,1740600,-0.006074601964370747
2002-03-13,7.181721797347614,7.200235830149837,7.09756789075736,7.11439847946167,1556100,-0.00941832546686656
2002-03-14,7.085784004910282,7.212015315986206,7.085784004910282,7.136276721954346,1164300,0.0030704874502101237
2002-03-15,7.0942002679549345,7.267557902176565,7.0942002679549345,7.245677947998047,2459700,0.015213973171094146
2002-03-18,7.270922744600574,7.304584874297373,7.180036535328651,7.20359992980957,2028900,-0.005824254677858902
2002-03-19,7.262507030822517,7.291119309714137,7.203599511112515,7.254091739654541,1312500,0.006984796228806016
2002-03-20,7.178354802264512,7.254093403213538,7.146375629117342,7.193502426147461,1524900,-0.008387509784369465
2002-03-21,7.169936584192929,7.2120135168769774,7.057170443122407,7.178352355957031,1512900,-0.0021082979242222463
2002-03-22,7.1615295682854985,7.1615295682854985,7.053812187977473,7.0874738693237305,1775100,-0.012740897660906152
2002-03-25,7.087468575578037,7.087468575578037,6.927575588226318,6.927575588226318,1499400,-0.022819073155470927
2002-03-26,6.937688777375264,7.077622218286796,6.937688777375264,7.02198600769043,1300500,0.013536176081767992
2002-03-27,6.988266341393912,7.1703493445141255,6.988266341393912,7.1113409996032715,971700,0.012644748464654701
2002-03-28,6.996698088836031,7.129888724209812,6.996698088836031,7.067508220672607,2273700,-0.006182859819628215
2002-04-01,7.025360085959486,7.025360085959486,6.866880554653507,6.96466588973999,1899300,-0.014658337555893464
2002-04-02,6.964668117397311,6.9764694086709245,6.895543787827442,6.954552173614502,2026200,-0.0014532020202998165
2002-04-03,6.97983780769715,6.988267434759172,6.870250726472894,6.915771484375,1592400,-0.005591908487487338
2002-04-04,6.9157710685638385,6.9157710685638385,6.752234094562613,6.846647262573242,2623800,-0.010045443952015955
2002-04-05,6.853391380066267,6.946118241208908,6.828102016866236,6.851705551147461,1406100,0.0007385251165469075
2002-04-08,6.8483325280476794,6.875307716688795,6.757291025206707,6.8702497482299805,1571100,0.0027028521762889487
2002-04-09,6.870248641783642,7.072562524009564,6.870248641783642,7.0624470710754395,3716700,0.027591143055843977
2002-04-10,7.097855654222179,7.2428475880953025,7.097855654222179,7.207442760467529,5104800,0.020322606752908118
2002-04-11,7.207440686150932,7.22429993927218,6.984895361411006,7.02198600769043,2632200,-0.026068123730917693
2002-04-12,7.027042433384768,7.146744937205145,7.025356604913754,7.145059108734131,2960700,0.017374998983100787
2002-04-15,7.145062890845357,7.173723919441216,7.032103641116079,7.038847923278809,3664200,-0.014976574571823763
2002-04-16,7.092797107550677,7.241161170375654,7.092797107550677,7.200698375701904,2454000,0.022733508426661594
2002-04-17,7.215869896563526,7.308596741893196,7.190580537676161,7.273191928863525,1524900,0.010017232109946976
2002-04-18,7.249592561196127,7.3254601990656845,7.205758097486489,7.236105442047119,1194000,-0.005112110757053239
2002-04-19,7.236103036999085,7.364235208697076,7.236103036999085,7.2934250831604,2162400,0.0078901294682517
2002-04-22,7.293425707861681,7.325458391763975,7.128202389027302,7.1400041580200195,1796100,-0.021259910057482637
2002-04-23,7.182154583311146,7.182154583311146,7.0388489373318865,7.057394027709961,1579800,-0.011637493230801486
2002-04-24,7.09785620129242,7.123145572556275,6.870252824627003,6.898914337158203,1779000,-0.02271180869351391
2002-04-25,6.828104706230748,6.8533940793914265,6.743806956480046,6.826418876647949,3416100,-0.010563843304344182
2002-04-26,6.937687253555521,6.97140575239196,6.836530309983138,6.885422229766846,2858400,0.00860624285914971
2002-04-29,6.853394350657079,6.947807563996238,6.780898369825837,6.843278408050537,2812200,-0.0061395401077850974
2002-04-30,6.844960464109906,7.145060164598053,6.844960464109906,7.06413459777832,3721800,0.031763600935987776
2002-05-01,7.038847626900755,7.106285622142411,6.969723320012116,7.094483852386475,2378400,0.004287042721958479
2002-05-02,7.052330924670462,7.17877721786499,7.028727880294517,7.17877721786499,1930200,0.011811504750528872
2002-05-03,7.136634072856537,7.156865475947903,7.050650489129556,7.089427947998047,1333500,-0.01252441169379162
2002-05-06,7.080997860443196,7.080997860443196,6.833163051092812,6.834848880767822,2726400,-0.03657029262996296
2002-05-07,6.887112261384209,6.983211771461913,6.858451232476377,6.9393768310546875,1803600,0.015177616376360118
2002-05-08,7.021987384370143,7.156863365200779,7.021987384370143,7.151805877685547,2900400,0.03015291843022284
2002-05-09,7.131572069473449,7.2242989131789095,7.092794635151569,7.106282711029053,1924200,-0.0063856134798275024
2002-05-10,7.106282480407659,7.106282480407659,6.937687566840451,6.947803020477295,1471500,-0.02255378420007043
2002-05-13,6.949490576599781,7.113027562825074,6.887110563661447,7.097854137420654,1228500,0.02136700675803522
2002-05-14,7.160233319763286,7.284993322763091,7.160233319763286,7.279935836791992,2083800,0.025329544343066293
2002-05-15,7.249587950744299,7.342315755054256,7.23441452929102,7.3035383224487305,1921800,0.003236883887442697
2002-05-16,7.283309587857528,7.359177687486916,7.274879959794667,7.335574150085449,1140000,0.004376751505467791
2002-05-17,7.335576856200856,7.401329040527343,7.325460912909985,7.401329040527344,1244100,0.008923900220033336
2002-05-20,7.359178391560112,7.359178391560112,7.202384689875456,7.231046199798584,1130400,-0.02327585585288204
2002-05-21,7.300168511596274,7.342317611915585,7.10965633392334,7.10965633392334,1916100,-0.016929821249862618
2002-05-22,7.134946372545654,7.219243622147925,7.0809959784467384,7.210814476013184,2303400,0.014128002637317949
2002-05-23,7.401326565162236,7.499111894065992,7.376037197747783,7.440103530883789,3720900,0.03130285449975322
2002-05-24,7.451904117259709,7.499111189252305,7.3928962419780015,7.411441326141357,2724000,-0.0038598328461071055
2002-05-28,7.435045304761758,7.435045304761758,7.308598954400658,7.335574150085449,951600,-0.0102892474082526
2002-05-29,7.337259517869167,7.387837762095545,7.305225874170435,7.3507466316223145,1330200,0.002066206664045888
2002-05-30,7.325455334317825,7.325455334317825,7.148430802730519,7.190579891204834,1744200,-0.022030069656092284
2002-05-31,7.190583232353288,7.446847609816061,7.190583232353288,7.33894681930542,1946700,0.020423526280052798
2002-06-03,7.317029492889708,7.384467486047046,7.190583135131058,7.214186191558838,1986600,-0.01714595532182006
2002-06-04,7.182153613163527,7.342319462989165,7.17541029564941,7.251277923583984,2267100,0.0051283267542278155
2002-06-05,7.252965409529216,7.403015352645638,7.2512795797656455,7.401329040527344,2005500,0.020481865499619105
2002-06-06,7.392895130031146,7.401324756324294,7.207440457455214,7.256333351135254,1419600,-0.019784930951241047
2002-06-07,7.256333538584923,7.26644899392712,7.14843229335659,7.2091264724731445,2457900,-0.006526864243775399
2002-06-10,7.182151880027974,7.2715075684920745,7.129887805423187,7.246218204498291,1824900,0.005131916845947225
2002-06-11,7.300167942941271,7.337259071156289,7.129887173038206,7.14843225479126,1170600,-0.01358663820649742
2002-06-12,7.131574630737305,7.148433887518878,6.988268536321105,7.131574630737305,1952700,-0.0023610117305941586
2002-06-13,7.106282575545252,7.114712200747872,6.971406160531409,6.996695518493652,1707600,-0.01909408705992048
2002-06-14,6.828101454362495,6.988266764962183,6.743803744758391,6.962977886199951,5548500,-0.004830728754976052
2002-06-17,7.00512672393965,7.241159643086318,7.00512672393965,7.224299907684326,2277600,0.036843090658952096
2002-06-18,7.225987037365134,7.274879455566406,7.1686645093307515,7.274879455566406,2311200,0.006976912525564478
2002-06-19,7.2748806102465515,7.2748806102465515,7.0894263645092925,7.094483852386475,1360500,-0.02510968335096392
2002-06-20,7.064133967177766,7.106282575545252,6.978150439518765,6.996695518493652,1635300,-0.013879591078576522
2002-06-21,6.870251838611552,6.996698194428664,6.848334611760593,6.9258880615234375,2224800,-0.010171685026596015
2002-06-24,6.912402729582727,6.94612125199202,6.7522373363651225,6.843278408050537,3603600,-0.011999367552773834
2002-06-25,6.895536776521415,7.04052860761726,6.811239581699291,6.831470966339111,2063100,-0.0017268974110574364
2002-06-26,6.723572793396562,6.844961155894246,6.65107684520516,6.829787731170654,3193500,-0.00024642461053491583
2002-06-27,6.861820198374564,7.079308020968414,6.861820198374564,7.06413459777832,2623200,0.03373692295758018
2002-06-28,7.038847245346066,7.232731591744589,7.038847245346066,7.188896656036377,2914800,0.017507187442117194
2002-07-01,7.188898099156092,7.274881676277528,6.969724341326603,6.99501371383667,2650200,-0.027340135972460336
2002-07-02,6.962980853142449,6.983212254185549,6.7235752172671335,6.730319499969482,3464700,-0.03857495211314252
2002-07-03,6.732006099903393,6.806318187553639,6.558047654356252,6.654315948486328,3603600,-0.011356957563568972
2002-07-05,6.704982003855199,6.838406562805176,6.688093137234817,6.838406562805176,2081700,0.02728908688245595
2002-07-08,6.797873509068399,6.877251964718509,6.745516663372668,6.759028434753418,2471700,-0.011675588784995392
2002-07-09,6.775916310789639,6.775916310789639,6.549602508544922,6.549602508544922,2390100,-0.03147479496879213
2002-07-10,6.578314314747405,6.598581246903068,6.274310332412459,6.291199684143066,3041400,-0.040252580762871276
2002-07-11,6.223644827890258,6.308090648192278,6.080087464898955,6.297957420349121,3723000,0.0010735805104394494
2002-07-12,6.297955592722178,6.333422604683832,6.162842222807604,6.235466003417969,3656400,-0.009972045573143061
2002-07-15,6.206754357062376,6.206754357062376,5.914572367519153,6.203376293182373,2688300,-0.005159609015091987
2002-07-16,6.161155593463101,6.178044468624835,6.004086928370316,6.037865161895752,3344100,-0.027043207795424132
2002-07-17,6.037863970551646,6.078397842784343,5.892617353450215,5.971996307373047,5049000,-0.010969238097865836
2002-07-18,5.939904219136655,5.975371220705266,5.695011821330239,5.706834316253662,3250200,-0.04541680189126408
2002-07-19,5.581855806509971,5.583544596489842,5.320074031561409,5.348785877227783,5769900,-0.06479486314468161
2002-07-22,5.362299797504985,5.4940351565502,5.30318824823279,5.3268327713012695,5057700,-0.004112761535165894
2002-07-23,5.269407170485306,5.303185873805464,5.16131734930826,5.244073867797852,7251300,-0.015658182824865596
2002-07-24,5.075183555631152,5.441677180049605,4.9839821055425695,5.37918758392334,11633400,0.025438704107892524
2002-07-25,5.379188336190675,5.48727867247742,5.117406932195735,5.230563640594482,5995500,-0.028018313127182313
2002-07-26,5.286296682338179,5.42647642087783,5.218740240054225,5.328519821166992,3279900,0.018554449573719725
2002-07-29,5.607190087074881,5.890927631021152,5.564966947777035,5.889238357543945,5357400,0.10005318567713907
2002-07-30,5.784526540682087,5.907816937546862,5.627457436597609,5.879105567932129,3078900,-0.0017220421462847938
2002-07-31,5.852081728471923,5.852081728471923,5.674745728166033,5.798036098480225,2099400,-0.013885379539838092
2002-08-01,5.7591909411876,5.762568520926567,5.5734105258974616,5.6173224449157715,2277900,-0.031664139416696935
2002-08-02,5.556519847187813,5.563275004460905,5.40958454606457,5.487274169921875,1768800,-0.023423493076719714
2002-08-05,5.463631945596755,5.463631945596755,5.237318117017625,5.257585048675537,2621400,-0.042759818907355245
2002-08-06,5.294741116823225,5.492344072905133,5.294741116823225,5.328519821166992,3004200,0.013401687409755728
2002-08-07,5.438298804369942,5.50247767048929,5.277852605475219,5.424787998199463,1839600,0.017905327478150674
2002-08-08,5.450122463964403,5.7507489314636695,5.4382994802918905,5.7000813484191895,1998600,0.04950162640113275
2002-08-09,5.691631519487625,5.791277809040336,5.60380868661035,5.737232208251953,1572900,0.006496453963231607
2002-08-12,5.640970406503419,5.728794298312176,5.570035873335416,5.6916375160217285,916800,-0.007978905214764688
2002-08-13,5.666303327309342,5.767638013889753,5.534567993153859,5.536257266998291,1850400,-0.027679306264161756
2002-08-14,5.514300241994824,5.83350482001387,5.46869951896327,5.830127239227295,2864100,0.051720136159123374
2002-08-15,5.8436363271286895,6.012527880038762,5.8436363271286895,5.99732780456543,3409800,0.028275179082858988
2002-08-16,5.9973325582017365,6.071644204573015,5.911197923577565,5.992265701293945,1790100,-0.0008444162130768453
2002-08-19,6.037863883582097,6.130754126911167,5.9517292855278345,6.12230920791626,1660800,0.021469759006937362
2002-08-20,6.107109848706941,6.107109848706941,5.978752573313806,6.01253080368042,1531500,-0.01809358821929639
2002-08-21,6.0294169702246885,6.122307182828274,5.884170403258895,6.091906547546387,1365000,0.013115336030598676
2002-08-22,6.080086187832206,6.233777229587201,6.009151675021503,6.196620941162109,1714800,0.017043039266801955
2002-08-23,6.154400199693302,6.156088990638488,5.99564225399809,6.015909194946289,1371300,-0.029596641380934176
2002-08-26,6.046312643004499,6.130758510926525,5.936533449587854,6.098669052124023,1110000,0.013663066587900124
2002-08-27,6.139198279665397,6.172976504482139,5.9618627201779635,6.0463080406188965,2010600,-0.008622714646597966
2002-08-28,6.0294166758219205,6.036172318532287,5.804791676502637,5.860525608062744,1919700,-0.031208550774479173
2002-08-29,5.830130689656028,5.919642915099771,5.7524404871637165,5.865597724914551,2757000,0.0008650970187000734
2002-08-30,5.8689702400435415,5.978749800217933,5.809858726720828,5.911193370819092,2403600,0.00774334423656707
2002-09-03,5.91119234579641,5.91119234579641,5.696700115646712,5.7017669677734375,3663900,-0.03607161388216118
2002-09-04,5.705147079192663,5.894305116642538,5.674746438715897,5.8639044761657715,2644200,0.02803955342703444
2002-09-05,5.742303020005431,5.792970594295615,5.654479643344003,5.733858585357666,4018500,-0.02242696989524522
2002-09-06,5.7760833428215435,5.818306014620464,5.679815496495373,5.6916375160217285,2602800,-0.007390709540569239
2002-09-09,5.691637139802586,5.852084345077213,5.548079775254263,5.8149285316467285,2176500,0.021430500410978506
2002-09-10,5.852084167622374,5.852084167622374,5.728793745920698,5.808172225952148,964800,-0.0011625652390778285
2002-09-11,5.892615841653762,5.909504709150146,5.776080626481372,5.781147480010986,991200,-0.004663741377447759
2002-09-12,5.708526624045365,5.732170660058682,5.539634992156398,5.576791286468506,2034600,-0.03598861620606214
2002-09-13,5.590299203903779,5.740612610895806,5.548076559369706,5.7271013259887695,3006300,0.026595953209011727
2002-09-16,5.7085268488839915,5.759193953884749,5.632525466579958,5.730482578277588,1086300,0.0005902208380454091
2002-09-17,5.818301716686254,5.826746631369425,5.526120328530922,5.561587810516357,1306500,-0.029916101851051972
2002-09-18,5.488967733561835,5.644348082829811,5.429856190394691,5.580169200897217,2851500,0.0033354537509136277
2002-09-19,5.488968928391234,5.488968928391234,5.367367267608643,5.367367267608643,2770200,-0.03888157711373589
2002-09-20,5.367364322545416,5.4382983441462,5.336963682429523,5.429854393005371,3251400,0.01157479674065056
2002-09-23,5.3876344935794345,5.3876344935794345,5.2457658818940285,5.3555450439453125,2444100,-0.01377983733223743
2002-09-24,5.294740703190954,5.421409143378306,5.279540625664963,5.343719482421875,2879100,-0.0022105381747952848
2002-09-25,5.4112772180950275,5.522745124306114,5.336964636351812,5.434922218322754,3096300,0.016923266419789407
2002-09-26,5.455189501447295,5.556524187725167,5.412966353096758,5.531190395355225,1989900,0.01755784452046227
2002-09-27,5.531190598660253,5.573413265360833,5.352165254852889,5.362298965454102,1933500,-0.031010259143266352
2002-09-30,5.210295513491982,5.316697034792688,5.179895354949957,5.252518653869629,3860400,-0.020685089434217582
2002-10-01,5.266029788533295,5.438298476028381,5.15287262607176,5.421409606933594,2665500,0.03164815156031159
2002-10-02,5.404520534160609,5.43660948087174,5.066737849775016,5.244073867797852,2970900,-0.03325720476045149
2002-10-03,5.188215393585425,5.205142427743386,5.052796698853128,5.06126070022583,5645100,-0.03548304944857525
2002-10-04,5.078187967433699,5.105271610764346,4.829356873259947,4.905529499053955,4927800,-0.03125256444035339
2002-10-07,4.825968460469886,4.869979598267143,4.722712249440107,4.788728713989258,3343200,-0.024098066049218294
2002-10-08,4.812428230125552,5.06125924114587,4.812428230125552,4.9969353675842285,3405000,0.042559826015425066
2002-10-09,4.9258410418487015,4.9258410418487015,4.741333887294803,4.770110130310059,2640600,-0.04645540528567974
2002-10-10,4.731176698597832,5.02401884853237,4.722713184217051,5.000320911407471,2797200,0.04713269990696036
2002-10-11,5.061258245736681,5.425194630870535,5.0494085527027375,5.237301349639893,2307600,0.046304263403243236
2002-10-14,5.238996872666397,5.259309603814659,4.9596969404512254,5.198371410369873,2921100,-0.007460969839676337
2002-10-15,5.3320945534486155,5.5826181221210955,5.3320945534486155,5.5470709800720215,2859600,0.06492465089064806
2002-10-16,5.501368036451507,5.516602458935755,5.321938725736996,5.393033504486084,1946100,-0.02816200818660842
2002-10-17,5.543687618770605,5.657100474323801,5.543687618770605,5.640172958374023,1896900,0.04480670249453018
2002-10-18,5.641863294952843,5.770510524100357,5.552148900962809,5.626628875732422,2034000,-0.0024042473392567143
2002-10-21,5.501370098816965,5.712961424103912,5.399806437024977,5.680799961090088,2402400,0.00958157695749478
2002-10-22,5.682490043639268,5.682490043639268,5.506446426392239,5.580926418304443,1256400,-0.01773727363800228
2002-10-23,5.569076165182095,5.697723388671875,5.41673052679748,5.697723388671875,2402100,0.0207119021623497
2002-10-24,5.740044559954869,5.8060610553586915,5.586006232110516,5.6113972663879395,1937100,-0.015266933945851994
2002-10-25,5.616475687768128,5.802675963978561,5.548766584472281,5.770513534545898,1527600,0.027961321732653338
2002-10-28,5.83991354533684,5.882231598002308,5.728193324519513,5.7434282302856445,1542000,-0.004704792637432431
2002-10-29,5.745120582562206,5.745120582562206,5.5081392844022465,5.6080098152160645,1846800,-0.023860384762489372
2002-10-30,5.619859635748608,5.6537141797758315,5.501368489506529,5.599546909332275,2000400,-0.001510214527619891
2002-10-31,5.636785658888575,5.662176196972588,5.557226896102175,5.584311008453369,1179300,-0.0027246251546326995
2002-11-01,5.567385530025478,5.704496326019068,5.51152564784937,5.684183597564697,1316100,0.0177264502157383
2002-11-04,5.7383475452136015,5.922854585015373,5.7383475452136015,5.787436485290527,1769400,0.01800193440720538
2002-11-05,5.785745029683094,5.838219674825955,5.718035966367602,5.799286842346191,1196400,0.0020455068879258026
2002-11-06,5.8094452283531535,5.839914560890467,5.721423895963076,5.812830924987793,1469100,0.0023327508478488148
2002-11-07,5.807752825077458,5.807752825077458,5.643557442859319,5.662177562713623,1580100,-0.02625915600333504
2002-11-08,5.668948182719707,5.758663080952685,5.545379227266025,5.619859218597412,2041500,-0.007501933100525693
2002-11-11,5.597855835292525,5.628325178039067,5.489521739676408,5.516604900360107,1764900,-0.018543996737269537
2002-11-12,5.531839623238531,5.6672578434590255,5.4945993705310165,5.569079875946045,1482300,0.009467230682059378
2002-11-13,5.543686664495125,5.6943392543350555,5.470898794304875,5.580926418304443,1157700,0.0021249399333762137
2002-11-14,5.679108644520269,5.772208817990693,5.662181120119333,5.7586669921875,1199700,0.03135123555908921
2002-11-15,5.839914348948328,5.9296292528402095,5.800981502677783,5.904238224029541,3150300,0.02496441312518573
2002-11-18,5.95840670411653,5.966870705656268,5.809446669694393,5.817910671234131,1893600,-0.014729229988951533
2002-11-19,5.848379441775189,5.922858967439193,5.795904283937895,5.841608047485352,1335600,0.004064903441228054
2002-11-20,5.848379289269731,6.0515065838574795,5.841607895156469,6.0176520347595215,1679100,0.02969104625673263
2002-11-21,6.0599697742179695,6.356197668264214,6.0599697742179695,6.29525899887085,3073200,0.04509965444379971
2002-11-22,6.2918749046827855,6.364661831047454,6.252941563025988,6.296952724456787,1791000,0.0002690116134266718
2002-11-25,6.322341546783659,6.390050629666524,6.241090647324221,6.3037214279174805,1897200,0.001074339996397328
2002-11-26,6.305411881707246,6.305411881707246,6.081972001621439,6.090435028076172,2104200,-0.03442064949306592
2002-11-27,6.127679463200017,6.296952216008738,6.122601643836025,6.2867960929870605,1551900,0.03173206340473252
2002-11-29,6.280024457729124,6.30202979197991,6.241091608005217,6.25463342666626,608100,-0.00512903840492311
2002-12-02,6.330807559050535,6.4069801804491515,6.266483667705061,6.33927059173584,2136600,0.013441175856402449
2002-12-03,6.296949750059902,6.339267800616485,6.2495538821278505,6.261402606964111,1300500,-0.01235949457333854
2002-12-04,6.186925166464893,6.217394020408222,6.102289030583467,6.154763221740723,1825800,-0.017177928992779624
2002-12-05,6.178461210753854,6.178461210753854,5.983796949752648,6.05658483505249,1221000,-0.016080206992101026
2002-12-06,5.93301480411441,6.076896986068283,5.882232743591014,6.075203895568848,2202300,0.003069469069778105
2002-12-09,6.032884108774678,6.039655015954535,5.909315173815652,5.929627895355225,2079300,-0.02425409019769697
2002-12-10,5.933013205054118,6.01764978835073,5.895772972801432,6.009185791015625,1788300,0.013327802142610238
2002-12-11,5.99225906091341,6.059968137177718,5.970253732200889,6.002415180206299,1524900,-0.001127345395941161
2002-12-12,5.966868036240916,6.095515281143101,5.953326220988054,6.002415180206299,1446000,0.0
2002-12-13,5.960097402931708,6.002415456471237,5.865304691798784,5.936398983001709,1331100,-0.01105920054510766
2002-12-16,5.9414788728366315,6.112444707182068,5.9414788728366315,6.105673313140869,1395300,0.028115672560217964
2002-12-17,6.105671737306978,6.127677551527151,6.043040959380316,6.0599684715271,845100,-0.007513792934679816
2002-12-18,6.056584747341944,6.0582773536843115,5.927936979448783,5.966869831085205,933900,-0.015482123847925302
2002-12-19,5.941476928096262,6.031191816106196,5.824678894254612,5.873767852783203,1534200,-0.015726162652900003
2002-12-20,5.91608588925518,6.02611349958889,5.91608588925518,5.9719462394714355,3196800,0.01657656668997735
2002-12-23,5.94994183056957,5.982103283014105,5.850070808221519,5.853456020355225,3067200,-0.020040618021979748
2002-12-24,5.84837627646999,5.850068881979522,5.773895822529528,5.799286842346191,2199000,-0.00929730774034226
2002-12-26,5.822988975299227,5.905932509756303,5.800983152448386,5.817910671234131,1579500,0.003206254317477635
2002-12-27,5.817060600887424,5.830632032553783,5.689828307677131,5.70679235458374,1468800,-0.019284099538927485
2002-12-30,5.733936907870445,5.806883004387335,5.674561275165473,5.781436443328857,1702200,0.012995064860704062
2002-12-31,5.771258110117135,5.810276105693098,5.755990367623161,5.781436443328857,1668300,0.0
2003-01-02,5.823847510719771,5.98840201649215,5.78991940712312,5.983312606811523,3941400,0.03432219080206335
2003-01-03,5.979917147322838,6.022327745448719,5.954470594306257,6.015542030334473,1298400,0.005372096255477107
2003-01-06,6.022331682483584,6.168224895492317,6.022331682483584,6.139385223388672,2838300,0.020378152189117326
2003-01-07,6.127508270520587,6.224204616358028,6.091883377636177,6.142776012420654,2486400,0.0005521486085431651
2003-01-08,6.142774130355218,6.142774130355218,5.996881016990778,6.02911376953125,1709700,-0.018676729559751727
2003-01-09,6.034203235331511,6.171614338768963,6.034203235331511,6.158042907714844,2331600,0.021158987567508496
2003-01-10,6.1156350069724645,6.217420784815294,6.095277851403899,6.1834917068481445,1611600,0.004124095746252425
2003-01-13,6.241168967396677,6.278490652443304,6.2004546666291285,6.20893669128418,1887900,0.004106543023948214
2003-01-14,6.191970553619148,6.254738291461368,6.15973828837757,6.242863655090332,1123800,0.005449340146536935
2003-01-15,6.2428649220520285,6.2428649220520285,6.141078698452597,6.151257514953613,1594500,-0.014782461302498665
2003-01-16,6.156348016211836,6.175008374188882,6.073222617870932,6.0935797691345215,1482600,-0.009420814840362016
2003-01-17,6.076615065645576,6.108847342259502,5.9731330042564,6.022329330444336,1631700,-0.011761603602949472
2003-01-21,6.039293363835299,6.044382772425952,5.8815255803467785,5.905275344848633,1394100,-0.01962803878491112
2003-01-22,5.878131682312968,5.890006320277104,5.776345951067611,5.806881427764893,1434900,-0.016802410328379057
2003-01-23,5.823846592229892,5.874739710304061,5.791614801825846,5.845900535583496,2139600,0.0066969851103141275
2003-01-24,5.835722204461098,5.835722204461098,5.615185682993126,5.676257133483887,2848200,-0.02944859229239348
2003-01-27,5.66607913573036,5.7373289228347195,5.598221964510601,5.649115085601807,5627700,-0.004793149279527198
2003-01-28,5.6660783086893,5.7101857062204555,5.596524839679513,5.696613788604736,1795200,0.008373015260643178
2003-01-29,5.684740278484975,5.7390260183192074,5.571079389368853,5.715275764465332,1517100,0.003270622697382577
2003-01-30,5.716971315335037,5.739025258236445,5.549024708627714,5.576168060302734,1553400,-0.024640735888948193
2003-01-31,5.564294475513146,5.674562279138664,5.5541156551477515,5.6559014320373535,2487300,0.01419768834848132
2003-02-03,5.657597721951216,5.747508362193757,5.657597721951216,5.70849084854126,1816800,0.009255187712492804
2003-02-04,5.666080041616492,5.666080041616492,5.532061985692628,5.593133449554443,2014200,-0.020415013347001913
2003-02-05,5.610098765146129,5.698313607044137,5.552420390081617,5.574473857879639,2351400,-0.0033417380331803807
2003-02-06,5.574470937695812,5.574470937695812,5.470988887295999,5.49813175201416,2151600,-0.013789584542688332
2003-02-07,5.538845786527137,5.5473278100113035,5.394649445885586,5.423488616943359,2112000,-0.01366908842532236
2003-02-10,5.428579310010607,5.4659005133857255,5.375989392974289,5.448936462402344,1943100,0.004681180462333565
2003-02-11,5.481169121301939,5.513400917473192,5.3759897652977235,5.4014363288879395,1613700,-0.008755540085550247
2003-02-12,5.409914475369798,5.476075293181853,5.306432481710199,5.336967945098877,1988400,-0.012007213864054551
2003-02-13,5.33527115296983,5.37428960629886,5.2589320091456955,5.336967945098877,2564700,0.0
2003-02-14,5.343758418188675,5.487954815062711,5.33357959775608,5.486258506774902,2261100,0.02758882141280907
2003-02-18,5.513399657848295,5.662685903639396,5.513399657848295,5.589738845825195,1783500,0.018686055394576562
2003-02-19,5.589738980752893,5.596525182652984,5.521882300632029,5.564292907714844,1282500,-0.004562651930102659
2003-02-20,5.56598789702382,5.594826576313055,5.5015233680394005,5.5269694328308105,1127400,-0.006730273727811773
2003-02-21,5.564292988448921,5.601614672677276,5.470989263230772,5.567685604095459,1964700,0.007339814337697007
2003-02-24,5.569381893571111,5.569381893571111,5.435364354272311,5.450632095336914,1644300,-0.021247873910552134
2003-02-25,5.433665497344547,5.489647511886923,5.3301830033692355,5.48455810546875,1796700,0.006204943555341236
2003-02-26,5.486258249145754,5.486258249145754,5.392954988110377,5.431972503662109,1647900,-0.009634197975295833
2003-02-27,5.474379915965125,5.589736562001184,5.438755040845018,5.532058238983154,1651200,0.018257613075608355
2003-02-28,5.555812055617649,5.632151261544454,5.528668698348365,5.542240619659424,1731600,0.0018389215742982815
2003-03-03,5.560901482116028,5.613490432597225,5.433669148287923,5.457418918609619,2337900,-0.015422910518115222
2003-03-04,5.450629346484317,5.450629346484317,5.345450549187905,5.352236747741699,2933100,-0.019461395232182786
2003-03-05,5.35393641271434,5.416704177856446,5.314917930643695,5.416704177856445,2865900,0.011972988001068151
2003-03-06,5.386167354127552,5.40822129638789,5.328489007545672,5.347149848937988,2045700,-0.012923864790317544
2003-03-07,5.318310000017549,5.4574174235750785,5.286078212364486,5.4336676597595215,2053200,0.0160506692865707
2003-03-10,5.41161622860098,5.41161622860098,5.255544684970773,5.267419815063477,2173800,-0.031073705721608835
2003-03-11,5.2589370058217675,5.286080366799405,5.157151222229004,5.157151222229004,3325200,-0.02115630567995946
2003-03-12,5.158847141406784,5.226704318965008,5.08759686229424,5.225008010864258,4359900,0.013071992708390202
2003-03-13,5.280989572009249,5.447239398956299,5.262328728570465,5.447239398956299,2463300,0.04165261701327057
2003-03-14,5.455720601810295,5.528666679433251,5.394649162299873,5.442148685455322,2498100,-0.0009349862145370616
2003-03-17,5.42857854448458,5.706792921271814,5.392953654160983,5.689828872680664,3182400,0.04450621075772039
2003-03-18,5.705098650411732,5.77125953131507,5.633848358972853,5.749206066131592,2346600,0.010381597234674762
2003-03-19,5.767864101802492,5.820454008978848,5.715274679978844,5.772953510284424,2563500,0.004122053269678999
2003-03-20,5.733937058781365,5.8187582840716505,5.632150811868548,5.788222312927246,2924100,0.0026413942238738236
2003-03-21,5.844202845262281,5.935810249592299,5.786524504675186,5.922239303588867,3722700,0.022889420800575034
2003-03-24,5.8747405240828146,5.876437317512343,5.666079584709604,5.722061634063721,3235500,-0.0343854721250766
2003-03-25,5.718669323483185,5.811973067627537,5.677955015349596,5.7678656578063965,2172300,0.007972942772807438
2003-03-26,5.749203300131661,5.789917594122133,5.70848900614119,5.784828186035156,1869000,0.0029365515346472747
2003-03-27,5.738073385068616,5.800979489470151,5.673466747579737,5.763576030731201,2182800,-0.0036805395612831394
2003-03-28,5.743172290418076,5.783976316681386,5.6887664356446335,5.741472244262695,1748700,-0.003842454744394517
2003-03-31,5.687069970647832,5.687069970647832,5.583359793527683,5.595261096954346,1920600,-0.02579565919404614
2003-04-01,5.627560840786015,5.707468853469406,5.58335671872014,5.670065402984619,1952700,0.01328064579368352
2003-04-02,5.746575090067079,5.891089283995377,5.746575090067079,5.828183174133301,2435400,0.027504665263998647
2003-04-03,5.843482583185951,5.892787328954217,5.816279411315918,5.816279411315918,2114400,-0.002044536942196889
2003-04-04,5.848581776683444,5.925089189171695,5.833280391470248,5.901286602020264,5015400,0.014509614364442936
2003-04-07,5.972696809374347,6.09170834429395,5.921691518392729,5.926792144775391,2550600,0.004312717700602896
2003-04-08,5.931891125418755,5.950593092684856,5.870685085075271,5.916589736938477,1093500,-0.0017228880166995845
2003-04-09,5.914893322453059,6.005001662478789,5.83498477935791,5.83498477935791,1892700,-0.013888567733728853
2003-04-10,5.824777554435735,5.845179557800293,5.755070344790232,5.845179557800293,4788900,0.0017456571221081993
2003-04-11,5.887686527098798,5.9403918501771775,5.765274446258777,5.792477130889893,1535700,-0.00905728508824543
2003-04-14,5.806079667497444,5.947193744653664,5.806079667497444,5.945493698120117,1602000,0.02607354169248418
2003-04-15,5.945493408666272,6.044103399148226,5.923390859116342,6.040702819824219,1587300,0.0158867951215464
2003-04-16,6.050905969297236,6.0781091553413065,5.916593004733388,5.936995029449463,1581000,-0.017317248003036977
2003-04-17,5.938693409673025,6.0152008592782185,5.9216914839704815,6.011800765991211,1453200,0.012521213879921724
2003-04-21,6.013502616038668,6.020303291074656,5.962497310057432,5.974398612976074,1449000,-0.006240889748222891
2003-04-22,5.967595726275205,6.132511913172275,5.913190346150607,6.108710289001465,2490900,0.02223222670204619
2003-04-23,6.08660855404015,6.130813174525498,6.054305233657303,6.078107833862305,2675400,-0.0050222329001660135
2003-04-24,6.079807437283772,6.079807437283772,5.94039339898932,5.993098735809326,2732700,-0.014084839476301977
2003-04-25,5.994797211943964,6.0117991330283385,5.843482400478168,5.916589736938477,2032800,-0.012848371568404725
2003-04-28,5.933590512895614,6.086605839978837,5.933590512895614,6.023699760437012,1544700,0.017941423729400833
2003-04-29,6.035601574005159,6.074705556890588,5.911489440244343,6.010098934173584,1680600,-0.0022604386860370475
2003-04-30,5.967597846814629,6.0152025713396196,5.928493844349154,5.93019437789917,3222000,-0.013384218797040432
2003-05-01,5.931891244135508,5.931891244135508,5.773775271933642,5.875785827636719,2747700,-0.009217182226482995
2003-05-02,5.840086115657445,6.023704858117258,5.829885344644525,5.999902248382568,1968000,0.020903368178056644
2003-05-05,5.993100499415819,6.0101019435348535,5.91149240023012,5.93019437789917,1364700,-0.011686185951573723
2003-05-06,5.925092158101955,6.030502348016532,5.909790765221575,5.984597682952881,4336200,0.00913212464956317
2003-05-07,5.9794973650291485,6.015200776161898,5.9063900097211395,5.960795879364014,1468500,-0.003985106889035559
2003-05-08,5.908089078997658,5.935292252530267,5.841782407560953,5.857083797454834,1559100,-0.017552174731268126
2003-05-09,5.882586740669876,5.9590946669176414,5.870685929264116,5.950593948364258,1779300,0.01583920359323868
2003-05-12,5.925093352782165,6.062807375740481,5.904691329353815,6.01350212097168,2282400,0.010516256640147133
2003-05-13,6.015200028173679,6.02880137228745,5.960795138141025,5.970995903015137,2003700,-0.007093563052741864
2003-05-14,6.011803245561798,6.011803245561798,5.926794554832214,5.952297210693359,3305400,-0.003136500541032553
2003-05-15,5.957395888216002,6.091708826492843,5.9539953082175465,6.076407432556152,2497800,0.020636407658370902
2003-05-16,6.069606970166057,6.069606970166057,5.996500091514858,6.047504901885986,2380200,-0.004767864469020511
2003-05-19,6.049204097074367,6.120611405247686,5.902989387512207,5.902989387512207,2327700,-0.024186875621415596
2003-05-20,5.91319246505636,5.9267938149613535,5.83668450702379,5.891090393066406,1822500,-0.0020177917572862312
2003-05-21,5.857085846136907,5.923392540766261,5.8264830556449505,5.919992446899414,2810700,0.004894066346467517
2003-05-22,5.89108997164613,5.9301939714313345,5.8230832269860375,5.877488136291504,1843500,-0.007205690099167847
2003-05-23,5.8757881989282925,5.908091035753516,5.806080925304603,5.8825883865356445,1084800,0.0008673839075804124
2003-05-27,5.875791328930318,6.037307544785549,5.828186585362038,6.027106285095215,3198900,0.024270142329307586
2003-05-28,6.061107521355578,6.166518230756289,6.054306846117553,6.127414226531982,2395200,0.016505829032925523
2003-05-29,6.146113792497054,6.198818640086418,6.103609710549271,6.134212493896484,2391900,0.0011088688664392823
2003-05-30,6.222622784681942,6.363737383598624,6.212422016503712,6.353536128997803,6552600,0.03512982154736161
2003-06-02,6.375638584864879,6.545655451653735,6.350135933240895,6.452146053314209,2976600,0.015401268294278049
2003-06-03,6.452142662357658,6.521849905923057,6.40113787233814,6.426640510559082,2064600,-0.00396086633998474
2003-06-04,6.401139268040569,6.513350608825821,6.401139268040569,6.511650562286377,1694700,0.013141036105644845
2003-06-05,6.511653764521027,6.584760665893555,6.4878511555735345,6.584760665893555,3055200,0.011165022510375544
2003-06-06,6.673169123833939,6.742876413440696,6.618764205542683,6.640866279602051,3657900,0.00848442958589594
2003-06-09,6.61366251268961,6.630663955714769,6.5524564422383405,6.571157932281494,2371200,-0.010552356406516215
2003-06-10,6.613661261702204,6.707170153498402,6.593259242077531,6.69866943359375,2570700,0.019218852306329914
2003-06-11,6.710568751508838,6.817679444511437,6.681666020515239,6.804078102111816,3180000,0.01561323864616163
2003-06-12,6.82618371970557,6.87208839583535,6.747975716934639,6.814282417297363,1810800,0.0014986116839500313
2003-06-13,6.848282221537098,6.848282221537098,6.712268320782598,6.7649736404418945,1410600,-0.0072623998498538315
2003-06-16,6.800676883207623,6.904387474060058,6.787076028510516,6.904387474060059,1803600,0.020398710177773036
2003-06-17,6.921390086514833,6.921390086514833,6.841482072217842,6.868685245513916,1444800,-0.005184363611367004
2003-06-18,6.826180894515743,6.860184254164155,6.739472205806687,6.800678253173828,1762200,-0.009950361398803193
2003-06-19,6.94519454697636,6.94519454697636,6.679968278689466,6.707170486450195,4074300,-0.01384517434582607
2003-06-20,6.775176776607343,6.790478169474108,6.710570625379608,6.732672691345215,4199100,0.003795019802673593
2003-06-23,6.724172828388082,6.7326735492391885,6.5915594428515005,6.617062091827393,1912200,-0.017320717110253472
2003-06-24,6.630665703528062,6.7411770580123225,6.630665703528062,6.71567440032959,2424300,0.014792778181846516
2003-06-25,6.7173689964082275,6.800677091713372,6.700367562698841,6.705467700958252,2145000,-0.0015209884914407332
2003-06-26,6.745500238559236,6.81363654060993,6.6978048271237505,6.7352800369262695,2608800,0.004436119989681467
2003-06-27,6.735277829581426,6.74890508552552,6.648403951100549,6.660327434539795,1522200,-0.011190740659441393
2003-06-30,6.673958126125558,6.725060114816204,6.653517233179434,6.655220031738281,2961900,-0.0007671337682391322
2003-07-01,6.612633264749689,6.767643451690674,6.585379235157586,6.767643451690674,3258900,0.016751425507572828
2003-07-02,6.75401974157292,6.811935372646661,6.745502335656666,6.7846808433532715,2719200,0.002514314189540902
2003-07-03,6.786382989214731,6.857926360262464,6.781273131342949,6.796603679656982,1843500,0.0017557749189973158
2003-07-07,6.827262771540989,6.978866386255515,6.827262771540989,6.9601287841796875,2442600,0.023774949112276834
2003-07-08,6.919246685043716,7.077663921516253,6.890288396883111,7.075960636138916,2909700,0.01650523562250267
2003-07-09,7.052118106252873,7.120254447154894,7.043600698127957,7.094703197479248,3056700,0.002645263833723771
2003-07-10,7.094697863614167,7.099808207177199,6.9839765147271935,7.069146633148193,2974500,-0.003608707007123157
2003-07-11,7.111731292325717,7.166239829916286,7.091290407973331,7.159426689147949,2837700,0.012690136320283518
2003-07-14,7.2020166559455,7.396205433434811,7.2020166559455,7.365543842315674,4058400,0.028382982224772108
2003-07-15,7.379168779850432,7.530772426564962,7.358727888002897,7.423457622528076,3985500,0.00783204686135651
2003-07-16,7.426866239687864,7.4507141970862385,7.307627914744303,7.384281158447266,2583000,-0.005291362316304921
2003-07-17,7.38427874085953,7.38427874085953,7.23267510202444,7.261633396148682,2367900,-0.016748783961815367
2003-07-18,7.290595726606464,7.384282829061587,7.242899801019026,7.36895227432251,1500900,0.014670745989900815
2003-07-21,7.368947140441082,7.368947140441082,7.256522013531176,7.299107074737549,1750500,-0.009523513072808904
2003-07-22,7.333175016880775,7.529066474893937,7.3076237876271755,7.471150875091553,2429700,0.023297031411330986
2003-07-23,7.460935592651366,7.462638879097651,7.396205834197732,7.460935592651367,2916300,-0.0013682326386052462
2003-07-24,7.477964702675415,7.578465849690528,7.394497871398926,7.394497871398926,1838400,-0.008944628154547515
2003-07-25,7.418346322154372,7.5324742472590644,7.416642549319829,7.5188469886779785,2446200,0.016676607470547306
2003-07-28,7.512036298274148,7.522256989883144,7.452416896820069,7.452416896820068,2969400,-0.008874404771820974
2003-07-29,7.454122943422088,7.486487339571353,7.35702829292565,7.36895227432251,2658300,-0.011262860244095606
2003-07-30,7.389388291163228,7.431973353884471,7.322955281414585,7.375761032104492,2219400,0.0009235524793791132
2003-07-31,7.4183485911988765,7.534179837218115,7.3927973517067,7.401313781738281,2594700,0.003458434828936885
2003-08-01,7.35021023089261,7.377465237958817,7.217344203597837,7.22245454788208,3124800,-0.02446266231452485
2003-08-04,7.224161488544995,7.363840719666656,7.094701975774479,7.324662208557129,1849500,0.014052178756739414
2003-08-05,7.345101176742158,7.375762760483926,7.19009094678783,7.202014923095703,1847700,-0.016886201665919764
2003-08-06,7.196903480923422,7.426863618212239,7.17475930497652,7.367244720458984,3132300,0.022682948316524273
2003-08-07,7.375761220023165,7.4932962105619945,7.329769097690844,7.45752477645874,2958600,0.01217977413809004
2003-08-08,7.460933057308675,7.5972056736934945,7.459229771441194,7.501814842224121,1945500,0.00592141047753849
2003-08-11,7.529069414763119,7.580171893224258,7.425161659201317,7.498408317565918,1504200,-0.0004541965383417751
2003-08-12,7.495003014530764,7.546105501643817,7.464341424793044,7.5392913818359375,2223000,0.005437422719536386
2003-08-13,7.563135822741113,7.573356023002324,7.481372271254594,7.5188469886779785,1520400,-0.0027153961820417594
2003-08-14,7.53758667486861,7.58868915234983,7.476263994300753,7.569951057434082,1867800,0.006773801863656646
2003-08-15,7.56313751959729,7.569950663067212,7.449009081537674,7.501814842224121,786000,-0.009041631862809662
2003-08-18,7.529067188939188,7.537584591064274,7.496702815321014,7.5188469886779785,966300,0.0022678299991530193
2003-08-19,7.537584056314986,7.542694399757646,7.447303109108309,7.522253513336182,1851900,0.00045296216403726734
2003-08-20,7.460932372742716,7.527364901622917,7.450711683776979,7.4847798347473145,1635600,-0.004994159152913799
2003-08-21,7.494999385598471,7.5631356771926574,7.460931239801378,7.496702671051025,1526100,0.0015916767671344974
2003-08-22,7.554619439280503,7.575060329908382,7.421753406524657,7.421753406524658,1488300,-0.010047942590828154
2003-08-25,7.431976585894578,7.438790705736489,7.341696077206668,7.384281158447266,835500,-0.00506176423143172
2003-08-26,7.368947402575125,7.380870888739599,7.242895012607206,7.375761032104492,1493100,-0.0011544854925354955
2003-08-27,7.375760938450843,7.375760938450843,7.307624644022325,7.3195481300354,1074000,-0.007650492497598433
2003-08-28,7.33317662700646,7.377465466593691,7.229268401853419,7.363837718963623,918900,0.0060326308525174
2003-08-29,7.307627389973014,7.3689500780016015,7.288889780126929,7.357026100158691,1846200,-0.0009254374437219187
2003-09-02,7.392796760536357,7.576764792940051,7.389389701446815,7.563137531280518,1656300,0.02763033285359647
2003-09-03,7.554622972370235,7.556326746231323,7.443901551525179,7.503520965576172,2136300,-0.00791374900445905
2003-09-04,7.460934889499668,7.484782359548604,7.382577872161507,7.384281158447266,3086100,-0.01601879926779907
2003-09-05,7.307625794031202,7.382575729697525,7.29059196141805,7.305922508239746,2161800,-0.010668251463481281
2003-09-08,7.333174380872651,7.471150227116747,7.331471095696581,7.450709342956543,2155500,0.01962391995362689
2003-09-09,7.450713173596425,7.464340436709421,7.399610693248004,7.418348789215088,1806000,-0.004352744410135583
2003-09-10,7.414940879532877,7.414940879532877,7.328066965311525,7.350211143493652,4421700,-0.009227457450382911
2003-09-11,7.508627916797028,7.585281628322126,7.467746132256702,7.5682477951049805,3697200,0.029232533877641086
2003-09-12,7.537586282187807,7.539289568055287,7.435381819899192,7.501814842224121,2191500,-0.0088166034624193
2003-09-15,7.520554199850191,7.578469831623771,7.510333507566952,7.542698383331299,2737500,0.005435023537692495
2003-09-16,7.539291369163469,7.713039240236483,7.539291369163469,7.692598342895508,3137400,0.019678618618165455
2003-09-17,7.658531755389284,7.776067304779347,7.653421895515439,7.743701934814453,2258100,0.006621247021858425
2003-09-18,7.755620558547468,7.997504134191428,7.748806442485102,7.971953392028809,3614100,0.029049696463442312
2003-09-19,7.968550151689596,7.988991047622321,7.9021171180708905,7.941295623779297,2236200,-0.00385311712889345
2003-09-22,7.869752704137437,7.878270110119094,7.719852791872752,7.789692401885986,1713300,-0.01927506592158309
2003-09-23,7.767547785853256,7.835684105814766,7.711335443722359,7.816946983337402,1225500,0.0034926941649679713
2003-09-24,7.8186485301278035,7.827165446390931,7.672155231125405,7.713037014007568,2967900,-0.013382051136685598
2003-09-25,7.71474111243175,7.793097622585153,7.629570484161376,7.629570484161377,2011200,-0.01088046517298979
2003-09-26,7.656824976742549,7.656824976742549,7.546104079348376,7.569951057434082,2150400,-0.00784494858316524
2003-09-29,7.586983675942321,7.675560855633732,7.530770869472408,7.619348049163818,1469100,0.006504206089652477
2003-09-30,7.619353264182291,7.62276032479235,7.435385149676619,7.530776023864746,3706800,-0.01169271406586487
2003-10-01,7.573355171128106,7.752213285398263,7.539287028507479,7.733475685119629,2206500,0.026560303273419357
2003-10-02,7.763336274810867,7.916896866966903,7.7292117530157105,7.773573875427246,4563300,0.005171619465330419
2003-10-03,7.773576404579264,7.933961465120335,7.773576404579264,7.838412284851074,2210100,0.008306282307444492
2003-10-06,7.8384103008843145,7.913484742413018,7.823054387006034,7.88106632232666,1235400,0.005426915640980524
2003-10-07,7.88106285820472,7.976611484135588,7.737739919308418,7.91689395904541,4203300,0.004535737209595237
2003-10-08,7.925425683259759,7.937369873514652,7.831583634615807,7.84523344039917,1584600,-0.009092809690677911
2003-10-09,7.845235103559195,8.061925938346608,7.845235103559195,7.968083381652832,2742000,0.015537842466424241
2003-10-10,7.962965865275797,8.048276933955018,7.945902870490813,7.951021671295166,1690800,-0.0021435522705415067
2003-10-13,7.993676653026682,8.232547809490143,7.985145644900626,8.189892768859863,1996800,0.029600372322095298
2003-10-14,8.138707260186859,8.25473114020351,8.104582733168943,8.25131893157959,1997700,0.00747225321919855
2003-10-15,8.249612603038646,8.278617841737153,8.198425566796296,8.229138374328613,2551800,-0.002691742132108727
2003-10-16,8.164302628257103,8.222314581416173,8.142121802706216,8.195014953613281,1517700,-0.004155279012910492
2003-10-17,8.198428218465926,8.201840428302646,8.002211996333049,8.049986839294434,1739700,-0.017855580359261602
2003-10-20,8.049984054367185,8.077283188084428,7.976615710388848,8.056808471679688,1902900,0.0008470502867170888
2003-10-21,8.010738065916277,8.113112108340813,7.976613547826637,8.07728099822998,1942800,0.002537798935120474
2003-10-22,7.985152637699524,7.9868587431876845,7.701918624109609,7.758224010467529,3832200,-0.04030186240956818
2003-10-23,7.759924139163117,7.9254279597874016,7.729212311406557,7.88106632232666,2171400,0.015709771435917525
2003-10-24,7.882774020650655,7.94931697845459,7.85035608216405,7.94931697845459,2771400,0.008622795508498943
2003-10-27,8.036334513122751,8.13870810480056,8.022684700899044,8.08752155303955,2668800,0.017236314489609657
2003-10-28,8.130180472264122,8.249616622924805,8.099468137922004,8.249616622924805,3353400,0.019844404513145168
2003-10-29,8.232547809490143,8.280322626569614,8.130174735666174,8.189892768859863,2966700,-0.007265924474358347
2003-10-30,8.20695438560773,8.217191985385163,8.11311232447793,8.148942947387695,2145000,-0.005012585709955445
2003-10-31,8.164304057211083,8.225728230518332,8.089230067613336,8.090936660766602,3604200,-0.007143714695563147
2003-11-03,8.121649458118641,8.309334698255148,8.121649458118641,8.249616622924805,2698500,0.019422224879877093
2003-11-04,8.24961020059739,8.24961020059739,8.078987121582031,8.078987121582031,3262500,-0.020900220882913257
2003-11-05,8.078988849783666,8.078988849783666,7.81964245619926,7.910072326660156,5103000,-0.021129582998512284
2003-11-06,7.91178124459691,8.179658726248759,7.759926695496048,8.162596702575684,5400300,0.03142541627167221
2003-11-07,8.039745140319102,8.304210306102375,7.951020895552426,8.26667308807373,4227900,0.012669799577071341
2003-11-10,8.292266214429036,8.295678422168425,8.068750010208253,8.078987121582031,2824800,-0.022965632850231378
2003-11-11,8.082406909230864,8.169424628960277,8.07216978887472,8.126769065856934,3519900,0.00589692726279287
2003-11-12,8.121648992400583,8.374171097136792,8.121648992400583,8.357109069824219,3361500,0.027949126549109027
2003-11-13,8.33492053587371,8.340039335198636,8.230840886429934,8.300796508789062,1428600,-0.006761087134748996
2003-11-14,8.300802311258872,8.300802311258872,7.891307353973388,7.891307353973389,4947900,-0.05058965639258996
2003-11-17,7.891302387024528,7.891302387024528,7.69508580054116,7.821346759796143,5006700,-0.008905059068117779
2003-11-18,7.848650836212638,7.893012978412478,7.707034373709643,7.734333515167236,3002700,-0.01118744415276709
2003-11-19,7.734330865356075,7.734330865356075,7.56200164634474,7.606363773345947,4576500,-0.016684079981038873
2003-11-20,7.532998102738327,7.544941323169257,7.403324389206396,7.43233060836792,5410500,-0.023145750554587695
2003-11-21,7.592713523616138,7.7411553222272405,7.567120009064771,7.66096305847168,6065700,0.030298216535279213
2003-11-24,7.703621354800857,7.804288856843147,7.666084609725006,7.802582263946533,2444400,0.018317036889035635
2003-11-25,7.823054541578618,8.046570790095595,7.720680966774493,7.997089862823486,5145600,0.02462296996568064
2003-11-26,8.019270786014413,8.157475471496582,8.01585808960656,8.157475471496582,3904800,0.019857034262097395
2003-11-28,8.1574740913328,8.20012961620211,8.126761781481086,8.16088581085205,1336500,0.00041797572024688997
2003-12-01,8.189892542461921,8.25814158189502,8.09946219909634,8.16600513458252,2668500,0.0006271033371076511
2003-12-02,8.166007701240034,8.188189012144324,8.072165608640747,8.135295867919922,2151900,-0.003767711912816015
2003-12-03,8.113112653755383,8.171124094329862,8.04827582094852,8.0841064453125,2626200,-0.006312142899107752
2003-12-04,8.067046227160516,8.177951309242529,8.056808624685852,8.174538612365723,2946000,0.011124309475257674
2003-12-05,8.174540991817365,8.174540991817365,8.03121744438786,8.07046127319336,2749800,-0.012813636680044403
2003-12-08,8.070458667884278,8.169419551834368,8.067045971115789,8.147238731384277,1974300,0.009468424223749165
2003-12-09,8.275206283739251,8.358810764123897,8.261555496720952,8.343454360961914,4751400,0.02379825869875915
2003-12-10,8.328101137572133,8.367343987620387,8.2274336349356,8.275208473205566,2565900,-0.008213208496293915
2003-12-11,8.275205041909267,8.411702152182437,8.275205041909267,8.362221717834473,2554500,0.010460033429231179
2003-12-12,8.358809041187628,8.399758464867523,8.326390625402135,8.363927841186523,1737600,0.00020400670841154366
2003-12-15,8.403173427392792,8.53796494274759,8.396348033846087,8.449240684509277,3662700,0.010148423290007548
2003-12-16,8.44924524444146,8.488488105501506,8.380996153698767,8.425357818603516,2461200,-0.0028306311226412857
2003-12-17,8.406583801808383,8.40999698638916,8.336629138884504,8.40999698638916,1631100,-0.0018248307392298418
2003-12-18,8.40999784462802,8.452652893126892,8.353692009035736,8.449240684509277,2943900,0.0046554618618711435
2003-12-19,8.54820505098006,8.718827247619629,8.503842420699419,8.718827247619629,5805600,0.031408161414366864
2003-12-22,8.624984510423154,8.727357625706295,8.497017384085456,8.650577545166016,4930200,-0.00785865198225222
2003-12-23,8.624980313578051,8.79389679909796,8.624980313578051,8.758066177368164,2461200,0.012349037627731237
2003-12-24,8.701763372484702,8.778543442273728,8.693232362098318,8.725650787353516,806700,-0.0037080704545955127
2003-12-26,8.710289178082215,8.785363586720567,8.698345965940193,8.727351188659668,381300,0.0001948548809962409
2003-12-29,8.760681068738373,8.887151718139648,8.760681068738373,8.887151718139648,1615800,0.018144697532801523
2003-12-30,8.895701851234476,8.904247063451587,8.74872185405173,8.849556922912598,1929600,-0.004239213970190044
2003-12-31,8.895700030081047,8.92988184988854,8.861518210273553,8.897408485412598,2944800,0.005392660363322286
2004-01-02,9.023879161439666,9.0495147900544,8.890571741182644,8.919626235961914,2440200,0.002493990993781375
2004-01-05,8.989693474597608,9.092237900776398,8.962348424674747,9.068310737609863,2860800,0.01653195563330675
2004-01-06,9.058059692382812,9.119585583503577,9.040968297794683,9.058059692382812,2650800,-0.001131064419045652
2004-01-07,9.015336084969384,9.184534812785154,8.998245659995344,9.174280166625977,3646500,0.01274899977895022
2004-01-08,9.217005312055425,9.271694465141323,9.158896314391423,9.240931510925293,4389600,0.00723875853378682
2004-01-09,9.198207057252944,9.273405511521014,9.169152553367068,9.182825088500977,1861200,-0.006307792308622497
2004-01-12,9.203331569115438,9.230675653094458,9.109332307570309,9.186241149902344,3155400,0.0003719363190716922
2004-01-13,9.143510301196994,9.293909072875975,9.143510301196994,9.293909072875977,4185600,0.011652409739464749
2004-01-14,9.29391415423201,9.529765124339153,9.283659509113408,9.507547378540039,3814500,0.022726696895499825
2004-01-15,9.567365418123815,9.6545279510452,9.466530350193915,9.623764991760254,2878500,0.01214961530826659
2004-01-16,9.62376000281466,9.801502865783663,9.58445087383246,9.765612602233887,3879000,0.01463173744797385
2004-01-20,9.733142943688565,9.825432777404785,9.661361418611165,9.825432777404785,2514300,0.006106908531358322
2004-01-21,9.825431656728528,10.186044762431504,9.75877746089748,10.167244911193848,9362400,0.034197064462687034
2004-01-22,10.247576950852373,10.613317567260902,10.186050044176984,10.213395118713379,9340500,0.004528835829644224
2004-01-23,10.074957478444636,10.177501968082758,10.03223142270936,10.080084800720215,3432900,-0.013138430290665236
2004-01-26,10.080083524620585,10.280044178370275,10.020266076227127,10.262953758239746,2269500,0.017979013599001337
2004-01-27,10.237319211641196,10.23902766707312,10.042484880958606,10.092047691345215,1947000,-0.016792932550590275
2004-01-28,10.093753386597905,10.133061538088763,9.810048184547737,9.81346607208252,3125700,-0.0279922249579192
2004-01-29,9.827140571007481,9.924556732177734,9.796376646277084,9.924556732177734,2867700,0.011256632362382356
2004-01-30,9.827145155526777,9.897216290472493,9.743399528871883,9.873289108276367,3539400,-0.005179122911832743
2004-02-02,9.897214740980054,10.001467688160973,9.827143617004563,9.934814453125,2446800,0.006212158828607185
2004-02-03,9.929683574552918,9.936519349983806,9.789539420919347,9.837393760681152,2450100,-0.00985438548463977
2004-02-04,9.810054429758315,9.861326687166025,9.657947091358992,9.68187427520752,6292200,-0.01593530824497531
2004-02-05,9.673324622685803,9.673324622685803,9.427219073595769,9.587871551513672,7361100,-0.009756586331986653
2004-02-06,9.604961601914718,9.782704491665232,9.592997526971208,9.745104789733887,1822500,0.016266166395429132
2004-02-09,9.74681162859057,9.844228745502416,9.690412090704308,9.714339256286621,1930800,-0.0031620182990060013
2004-02-10,9.724595069885254,9.724595069885254,9.615213868005085,9.724595069885254,2991300,0.001055182797382361
2004-02-11,9.72459934158799,10.080085225558909,9.72288990811184,10.078376770019531,3868200,0.03573396437590483
2004-02-12,10.049316084445358,10.049316084445358,9.970698817846715,10.013425827026367,1789200,-0.006465439717059775
2004-02-13,10.040773207504978,10.081791775707346,9.924557190719906,9.989501953125,1384800,-0.0023920383627543114
2004-02-17,10.074959099133032,10.15699431286527,10.032233036524714,10.13306713104248,1512000,0.014269312560450657
2004-02-18,10.032230223615105,10.066411064117888,9.90405011585644,9.980957984924316,3028200,-0.015124973246131336
2004-02-19,9.656233268894287,9.857904317157432,9.656233268894287,9.676742553710938,5746500,-0.030953744581086236
2004-02-20,9.675028139243196,9.675028139243196,9.540011371861551,9.581028938293457,2305200,-0.009940340561288636
2004-02-23,9.622051209500453,9.651105699988772,9.468235504655427,9.53317928314209,2000100,-0.005006721131417715
2004-02-24,9.531473668291406,9.553691412016999,9.401584116742773,9.46652889251709,2344200,-0.007015967130371577
2004-02-25,9.509256951504204,9.567364978133872,9.476784560110238,9.536602020263672,1667400,0.007374936864096275
2004-02-26,9.538306972427296,9.608379052112232,9.446017154777977,9.572488784790039,1694400,0.0037559931115295608
2004-02-27,9.630598158075426,9.729724743452516,9.616925626775473,9.656233787536621,2291100,0.00871046237457849
2004-03-01,9.68187287791716,9.926270048791507,9.680163444340053,9.86132526397705,3139500,0.021016872557845307
2004-03-02,9.859613211152887,9.975830215101903,9.808340974765482,9.871576309204102,2979300,0.0010389801125985875
2004-03-03,9.871575732071959,9.967284422632437,9.871575732071959,9.93310260772705,1639500,0.006213329357015677
2004-03-04,9.921139765368267,10.080082812819013,9.897212592113172,10.076664924621582,2133900,0.014349470080679811
2004-03-05,10.033938984532783,10.208264014629796,9.972413078578922,10.083502769470215,3106200,0.0006783520072450068
2004-03-08,10.100592009681947,10.117682428456414,9.994629652994494,10.006592750549316,1566600,-0.007656548428737482
2004-03-09,9.989505019719843,10.044195156863216,9.922850803865865,9.955324172973633,2262300,-0.005136650002059122
2004-03-10,9.938232045497225,9.97754021197056,9.722889401745652,9.74339771270752,2130000,-0.021517602856666502
2004-03-11,9.74168777393689,9.750232983697924,9.490454890803537,9.500709533691406,2907900,-0.02522341438942834
2004-03-12,9.517801529644986,9.652818408867217,9.510964773941847,9.639144897460938,1898400,0.014465917530674874
2004-03-15,9.596417036810848,9.618634777278348,9.381074430680119,9.44601821899414,2225400,-0.020239100880812128
2004-03-16,9.510964230746282,9.618636036880007,9.478492821305275,9.570782661437988,2184600,0.013121684700862751
2004-03-17,9.681867218160312,9.79808418504557,9.587868963041672,9.77244758605957,1955700,0.020851970333712225
2004-03-18,9.733140507026933,9.750230922936854,9.553688206163677,9.712631225585938,1932900,-0.006139728656599294
2004-03-19,9.709214254799198,9.791249432436754,9.611798092564886,9.645978927612305,2091600,-0.006886089530579292
2004-03-22,9.386203910996223,9.572492065091536,9.333222230368678,9.43747615814209,2086200,-0.021852548789380772
2004-03-23,9.485324202566037,9.528050236205699,9.365689352502537,9.391325950622559,2263500,-0.004902096232230032
2004-03-24,9.405001390783436,9.405001390783436,9.193077633603481,9.305875778198242,3264600,-0.009140487287781671
2004-03-25,9.399876210137661,9.499002823238502,9.340059724665386,9.471657752990723,1750800,0.017657940229738527
2004-03-26,9.451147575689268,9.622054737690966,9.437476019783361,9.519511222839355,2127900,0.0050395603543991535
2004-03-29,9.585409555010983,9.674416348787561,9.549463448906025,9.624777793884277,1445700,0.01099728821117043
2004-03-30,9.585407463005854,9.64360427542232,9.513516245917364,9.549461364746094,1821300,-0.007856042252927282
2004-03-31,9.576847447957547,9.576847447957547,9.4604528530188,9.530632019042969,2412000,-0.0019737169453993143
2004-04-01,9.653873043716667,9.720629099996605,9.605946547898915,9.657297134399414,2068500,0.013202774962217395
2004-04-02,9.799366553513703,9.82161922749298,9.664144340708834,9.759998321533203,2319300,0.010578419129369812
2004-04-05,9.739457532515175,9.814770876060642,9.732610330685064,9.778825759887695,2260800,0.0019271829362075587
2004-04-06,9.756576541517179,9.819908522205132,9.722342482549221,9.765134811401367,1280100,-0.0014010415827340557
2004-04-07,9.765134801080505,9.842161188819196,9.703514866206998,9.739459991455078,1784100,-0.0026326960426847333
2004-04-08,9.782251743431969,9.833602344227428,9.703515265567678,9.73603630065918,2142300,-0.000351589585170501
2004-04-12,9.739462654959691,9.895225559919513,9.739462654959691,9.766849517822266,1830600,0.003159864964434657
2004-04-13,9.807926937441975,9.826755522570327,9.506670554819536,9.51865291595459,3452100,-0.02574061077477606
2004-04-14,9.499822590449085,9.504957747218887,9.309825707690461,9.37144660949707,3179700,-0.015585866679433987
2004-04-15,9.414240246150055,9.424510562194394,9.263613514845549,9.37658405303955,2769300,0.0005480515541653805
2004-04-16,9.457031640501153,9.462165818052082,9.376582153691569,9.436491012573242,3633000,0.006368673043627987
2004-04-19,9.397122926980153,9.414239466014816,9.200280769219196,9.263612747192383,2397300,-0.01849007822829956
2004-04-20,9.380010142738882,9.397126688625255,9.06848430633545,9.06848430633545,3103200,-0.02128897855137568
2004-04-21,9.029114516938213,9.058213426690234,8.943531792800501,8.979476928710938,4129800,-0.0098635073604599
2004-04-22,9.037672752477583,9.357756806029666,9.005150733303525,9.313253402709961,6652800,0.036496850593257905
2004-04-23,9.380008507689519,9.427936003134883,9.246497318299017,9.313253402709961,2670300,0.0
2004-04-26,9.35433290852427,9.496402357446785,9.311540575426207,9.474150657653809,3264000,0.01712862385970505
2004-04-27,9.496399520483477,9.72576463356926,9.486129206899095,9.611082077026367,3325800,0.01434970911222787
2004-04-28,9.593968412269914,9.593968412269914,9.405684477944309,9.43991756439209,2748000,-0.017969568175925023
2004-04-29,9.482708923208985,9.585410130815738,9.421088002758674,9.45703411102295,3733800,0.0018115674534094142
2004-04-30,9.50838414683136,9.50838414683136,9.306405814714587,9.385143280029297,3162600,-0.007630878146759856
2004-05-03,9.391987047875313,9.451895903077983,9.337212369908283,9.433067321777344,1912800,0.005093379638258934
2004-05-04,9.438201319225453,9.561443118014912,9.386851712399308,9.426219940185547,2460000,-0.0007261548962662303
2004-05-05,9.448473536623895,9.50495929083405,9.38000640095909,9.40910530090332,2394300,-0.0018172921118510496
2004-05-06,9.397126618495427,9.40910898407171,9.227670268962937,9.256769180297852,2645700,-0.016322782308163194
2004-05-07,9.256765955065955,9.311539665954625,8.996590828344777,9.029111862182617,2440800,-0.024901078703115666
2004-05-10,8.9435281970665,9.022264663389901,8.772358899883486,8.986319541931152,3872400,-0.0047506384689484805
2004-05-11,8.866503334141658,8.888755033163847,8.55668963482836,8.621733665466309,10656000,-0.04141718425303793
2004-05-12,8.592633260498875,8.63884869632498,8.370114350309317,8.618308067321777,5564400,-0.0003974002201049378
2004-05-13,8.618310178226828,8.649120149846897,8.527591329915248,8.531014442443848,4111500,-0.010180504655191793
2004-05-14,8.489929946317961,8.524163992932062,8.347860562759607,8.44884967803955,4935300,-0.00967798153613497
2004-05-17,8.344442763842617,8.380387899039365,8.233183265809656,8.298227310180664,3283800,-0.017988384420739256
2004-05-18,8.301648154738063,8.431735213154148,8.2896657947394,8.430024147033691,3990900,0.01575772152141836
2004-05-19,8.447140120100439,8.572092012939445,8.390654373848706,8.409482955932617,4242300,-0.0024396440066409212
2004-05-20,8.43002473924433,8.459122659647159,8.274260904336934,8.34786319732666,2561700,-0.007354390817988636
2004-05-21,8.390655918286672,8.488221958108017,8.341017365215492,8.387231826782227,2261700,0.004704927222933493
2004-05-24,8.447140684824818,8.471104425391049,8.322187804201196,8.430024147033691,2352300,0.005089107601696068
2004-05-25,8.430025668083971,8.654254704240536,8.306783831343976,8.630291938781738,2469600,0.02347869646074919
2004-05-26,8.60803546789158,8.724430049341224,8.549838666882177,8.613170623779297,2110200,-0.0019858332474540644
2004-05-27,8.647408886498711,8.719299145119894,8.565248311094127,8.6439847946167,1764000,0.003571179935384448
2004-05-28,8.643987077346676,8.695337695393196,8.584079165629241,8.606330871582031,1409400,-0.004365599281243298
2004-06-01,8.60119227041788,8.60119227041788,8.433447050544432,8.594346046447754,2577000,-0.0013935297001228645
2004-06-02,8.62686708342502,8.638849444525032,8.541283407171948,8.54299545288086,2868300,-0.0059928486870136025
2004-06-03,8.536147478953533,8.560111219559262,8.462545191013062,8.507049560546875,2038500,-0.004216522075181517
2004-06-04,8.575519566376844,8.64227467391196,8.529304115225061,8.601194381713867,2231400,0.011005895379354138
2004-06-07,8.635426718929546,8.779207223113655,8.616598133013774,8.762090682983398,1829100,0.018533463703035522
2004-06-08,8.744973372635142,8.744973372635142,8.635425958359988,8.66623592376709,2406900,-0.010999991899543295
2004-06-09,8.66623860298994,8.678219987843729,8.60632971985811,8.625158309936523,1878300,-0.0047512294902085205
2004-06-10,8.640559981019337,8.659387583372894,8.587497347054361,8.650829315185547,1608300,0.0029718734118122495
2004-06-14,8.650831978991388,8.650831978991388,8.554977974573847,8.575518608093262,1815600,-0.008743720634888557
2004-06-15,8.652544038408214,8.702182596915716,8.532726287841797,8.532726287841797,2061900,-0.005002548157719328
2004-06-16,8.5584016835428,8.643984387940325,8.515608372481497,8.630291938781738,1706700,0.011369410743788971
2004-06-17,8.630292541223934,8.630292541223934,8.418043893549365,8.531014442443848,2356200,-0.01157005202529339
2004-06-18,8.531012518771204,8.654253356893035,8.445428848266602,8.445428848266602,2438400,-0.010082950569216046
2004-06-21,8.464257229303646,8.471104432084163,8.253720680126955,8.293088912963867,4551600,-0.018202823433647188
2004-06-22,8.313632717885593,8.548133097232338,8.294804127335059,8.54642105102539,2843400,0.030090097932791597
2004-06-23,8.52416324946258,8.5686666246916,8.42488618797299,8.55839729309082,3154800,0.0014003357161178538
2004-06-24,8.558403199662454,8.621735195680891,8.536150517259514,8.616600036621094,2521500,0.00677763905458248
2004-06-25,8.616598335798102,8.739839190612518,8.616598335798102,8.632002830505371,4092900,0.001785976301632827
2004-06-28,8.686776345557629,8.686776345557629,8.534436608944038,8.54813003540039,1911600,-0.009764006145782874
2004-06-29,8.520742215605717,8.57722796710803,8.47795087001104,8.57380485534668,1936800,0.002999058150161276
2004-06-30,8.575517101221168,8.606327066655115,8.531012729559755,8.57209300994873,1776000,-0.00019967987877756542
2004-07-01,8.572952333669589,8.64153490060354,8.4323553243849,8.531801223754883,3038400,-0.00471142538357524
2004-07-02,8.547230038475876,8.576377423479466,8.488933306276433,8.504364967346191,2434500,-0.0032209453489342546
2004-07-06,8.487218196599377,8.487218196599377,8.317473871911229,8.34147834777832,1414200,-0.019339096669849103
2004-07-07,8.343193823699433,8.394631715213945,8.25403572743071,8.255749702453613,2345100,-0.010330569355562941
2004-07-08,8.187165746802272,8.25746373281265,8.166590690612793,8.166590690612793,3198000,-0.01085836558283983
2004-07-09,8.238606060802605,8.238606060802605,8.086007795971293,8.135730743408203,2369100,-0.003785961918419874
2004-07-12,8.140878180721,8.192316107115342,8.058577890928788,8.151165962219238,2040900,0.001895416138637706
2004-07-13,8.21288791953517,8.320906639099121,8.190597898652943,8.320906639099121,4810200,0.02061024007252733
2004-07-14,8.315764934846891,8.389491400729808,8.264327021426856,8.319192886352539,2940600,-0.0002059786661756465
2004-07-15,8.319193166515028,8.356915350796445,8.254039520491862,8.262612342834473,2496900,-0.0068244394780353455
2004-07-16,8.341480098721364,8.375771373361506,8.207741969213156,8.212885856628418,1763700,-0.006036435026205155
2004-07-19,8.332908746649458,8.535229461046303,8.17002222015221,8.20259952545166,3071400,-0.001253247440897667
2004-07-20,8.206029679250598,8.434070850304101,8.175167325827791,8.418639183044434,3088800,0.025997078646682537
2004-07-21,8.512940179086318,8.595240432407909,8.447785566599288,8.487221717834473,4300200,0.008113507075251627
2004-07-22,8.401490916715167,8.442642021363302,8.247178198669998,8.382631301879883,2814900,-0.012399842007709338
2004-07-23,8.382632185518636,8.382632185518636,8.156305991577831,8.195741653442383,2894400,-0.02254715421871012
2004-07-26,8.212888575129112,8.226604795196433,8.032856380388333,8.122014999389648,2136900,-0.009036432802964794
2004-07-27,8.14430202237724,8.320904739781591,8.080862377961928,8.286613464355469,1961700,0.020063101140202596
2004-07-28,8.272902753047873,8.334628474400226,8.13059266271009,8.243755340576172,1889700,-0.005185391846583355
2004-07-29,8.27804059662845,8.341481229284312,8.243749317340638,8.314047813415527,1884600,0.008490606449354073
2004-07-30,8.290042431872434,8.336336438776799,8.218029968286192,8.272895812988281,2011200,-0.004961985256444878
2004-08-02,8.274610246052758,8.320904250030237,8.224887310953733,8.317475318908691,1356300,0.005374155027597917
2004-08-03,8.372342365016538,8.394631889546607,8.298614947903733,8.31576156616211,1967100,-0.00020606365008657253
2004-08-04,8.303760962236455,8.3912051076966,8.230033526238755,8.362056732177734,1336800,0.005551719546881457
2004-08-05,8.401490275214087,8.40320523147559,8.274610982558066,8.28489875793457,2027700,-0.009269986553473993
2004-08-06,8.247180272713459,8.291760320261382,8.168309428011744,8.187170028686523,3077700,-0.011866132571039628
2004-08-09,8.24375015751046,8.250609002724852,8.134015992303485,8.178595542907715,1961700,-0.001047856456927285
2004-08-10,8.221460261506008,8.331194428375678,8.197456755633034,8.30718994140625,1602300,0.01560095596589525
2004-08-11,8.307189195299307,8.452929098437092,8.245464498460501,8.36034107208252,2371800,0.006377826542002225
2004-08-12,8.375771781270227,8.408349082422635,8.298615428476108,8.339765548706055,2751600,-0.002464120050811288
2004-08-13,8.374060713471414,8.41006695853646,8.27804275183583,8.319192886352539,3360000,-0.002469863033978483
2004-08-16,8.33633859891413,8.504368051187742,8.331194710025608,8.502654075622559,1459500,0.021813117673491866
2004-08-17,8.555802790999913,8.701543639286944,8.550658904016029,8.627815246582031,2684700,0.014612956110496901
2004-08-18,8.56437811932291,8.75126815606978,8.562664143889966,8.746124267578125,2864700,0.013619346334449113
2004-08-19,8.735835984132185,8.804419517181662,8.727263165138032,8.783844947814941,2408100,0.004303571556936669
2004-08-20,8.782128049307769,8.91072226797246,8.771840276351547,8.866143226623535,2467200,0.00932565783463248
2004-08-23,8.866147910235913,8.994742196831547,8.859289064276515,8.969022750854492,3173400,0.011536832956979243
2004-08-24,8.975881034562137,9.082185782049729,8.975881034562137,9.041035652160645,2369100,0.007997007391736838
2004-08-25,9.06160727501391,9.234780559254153,9.027315020727757,9.212491035461426,2550900,0.018786553296421038
2004-08-26,9.212496039189014,9.303369139815217,9.19192146031926,9.22449779510498,3306600,0.0013024644589486585
2004-08-27,9.233069046679294,9.243355842722043,9.13019323748038,9.133622169494629,2153400,-0.009900400266592573
2004-08-30,9.138767764685108,9.15591340905465,9.083900917825282,9.101046562194824,1217400,-0.00357293487847486
2004-08-31,9.121620416896542,9.167914432926409,9.083899221450512,9.133622169494629,1338000,0.0035729348784748543
2004-09-01,9.147338650450942,9.221066082948399,9.09247181520599,9.107903480529785,1567200,-0.0028197976967060424
2004-09-02,9.109617980896456,9.320513494755753,9.087329431527248,9.315369606018066,1400700,0.02252313092485757
2004-09-03,9.315369469074712,9.342802887874772,9.190204127888268,9.200491905212402,801600,-0.012408731267743667
2004-09-07,9.234779052864138,9.41309619521477,9.234779052864138,9.373661041259766,2178600,0.018646788807274335
2004-09-08,9.335943748017238,9.342802593049035,9.284505844116211,9.284505844116211,2898000,-0.009556766883789753
2004-09-09,9.291366944506773,9.291366944506773,9.131909305597677,9.17991828918457,2061000,-0.011328668874489986
2004-09-10,9.162770758772124,9.44224883695023,9.152482981392208,9.431961059570312,2306100,0.02708573104976436
2004-09-13,9.43367408130212,9.514260346121157,9.40281173658874,9.452534675598145,2420700,0.0021788904989465223
2004-09-14,9.413099419138332,9.56398320665017,9.40452659930311,9.534835815429688,2668800,0.00866909457553682
2004-09-15,9.473109761368168,9.50397210456738,9.440531480913164,9.442246437072754,2503500,-0.009758097880819824
2004-09-16,9.44567956523993,9.526265861911686,9.44567956523993,9.514264106750488,1694700,0.007598235550263598
2004-09-17,9.514259661649888,9.519402567818586,9.383950467196101,9.409668922424316,2104800,-0.011054388037198359
2004-09-20,9.353089547340886,9.392525699474612,9.31365437630359,9.344517707824707,1321500,-0.006947939462866109
2004-09-21,9.370233622116345,9.68228891683775,9.370233622116345,9.656569480895996,3107400,0.03284862902481603
2004-09-22,9.550269205278319,9.589704379864521,9.49025847449304,9.495401382446289,2370600,-0.016830842547387526
2004-09-23,9.495396662553475,9.495396662553475,9.332511175028138,9.351371765136719,2548200,-0.015284571015389162
2004-09-24,9.361661910623209,9.418242714192042,9.327369652345368,9.38223648071289,1675500,0.0032951199894931085
2004-09-27,9.375382596930745,9.377096572859521,9.231356620788576,9.231356620788574,1826400,-0.01621214816293872
2004-09-28,9.229641368920166,9.282794242948198,9.161057806542596,9.274221420288086,1849500,0.004632643851043053
2004-09-29,9.257073059012932,9.430245399475098,9.231353617481815,9.430245399475098,1869900,0.016683458515139412
2004-09-30,9.429386245360565,9.656062715693304,9.420800156860704,9.57535171508789,4111500,0.01527014745743543
2004-10-01,9.573634974423104,9.831221583288567,9.558180406764732,9.779705047607422,2784000,0.02111705782225747
2004-10-04,9.788295730526448,9.872441017145524,9.771123543907175,9.79001235961914,1911900,0.0010533941548926068
2004-10-05,9.692124222816881,9.719600097765078,9.637172472920488,9.698993682861328,1740900,-0.009340582922849434
2004-10-06,9.676671544450855,9.901630460131255,9.668085453810049,9.89819622039795,2865300,0.020330404487674085
2004-10-07,9.925672282680015,9.951431537682543,9.831223318695917,9.93769359588623,2766600,0.003982420557421439
2004-10-08,9.891326662442399,10.009816272550282,9.796877710461493,9.855263710021973,3488400,-0.008329261883255137
2004-10-11,9.85354920920292,9.917087072828108,9.820921471711436,9.843245506286621,2022600,-0.0012202146969156238
2004-10-12,9.844960345871689,10.178105124577733,9.841525124123288,10.140325546264648,3864000,0.029734618244419645
2004-10-13,10.162651995460696,10.275989763825404,10.009817032318775,10.114568710327148,4853700,-0.0025432717144446785
2004-10-14,10.114568568854162,10.114568568854162,9.918802174053702,9.922237396240234,4569300,-0.019198391246144725
2004-10-15,9.922238496998048,10.032142036398536,9.894762612147925,9.965168952941895,2634600,0.004317468315050352
2004-10-18,9.966886046073379,9.996079540689621,9.824354777996305,9.891327857971191,2713800,-0.007437508847577783
2004-10-19,9.889611292155198,9.942845453431227,9.788293838500977,9.788293838500977,2424600,-0.010471233899005436
2004-10-20,9.745366600820208,9.786580443929303,9.577076004496426,9.769407272338867,2712600,-0.001931369328730605
2004-10-21,9.767683315999687,9.965166308786737,9.765966687786513,9.953145980834961,2487900,0.018632884093720423
2004-10-22,9.954865860111033,10.016686107400046,9.832941011522237,9.8346586227417,2108100,-0.01197593938447477
2004-10-25,9.796881823836086,9.832943808782721,9.695564350597735,9.79001235961914,2426400,-0.004550021774887722
2004-10-26,9.783141271641648,9.882741106637022,9.705865469826955,9.87415599822998,4713900,0.008558119585382079
2004-10-27,9.891327220083198,10.21588594924474,9.82435414442738,10.17467212677002,3696900,0.029980668795338002
2004-10-28,10.140324622830283,10.463166654736082,10.124870056829522,10.440842628479004,4304100,0.02582378334141864
2004-10-29,10.440846076055813,10.542163524334082,10.265687064367446,10.40993595123291,2976000,-0.002964560748992973
2004-11-01,10.380740611048385,10.495795981322338,10.33781016270249,10.406499862670898,2406600,-0.00033013226893764805
2004-11-02,10.20043325063385,10.389331218084257,10.190130529094537,10.274274826049805,3340800,-0.012787416368203342
2004-11-03,10.47519218863605,10.550751375938262,10.349834057143292,10.468323707580566,2812200,0.018710726374830847
2004-11-04,10.46831460202559,10.60397631971554,10.42710080369535,10.598825454711914,1958400,0.012389281092989077
2004-11-05,10.641758392375795,10.708730455806121,10.583371432723375,10.670950889587402,3015300,0.006781990573001091
2004-11-08,10.603980844763761,10.645195643296098,10.478622768815798,10.511250495910645,2888700,-0.015079020048307247
2004-11-09,10.63145298629219,10.775701769291409,10.621149291232008,10.712162971496582,4191600,0.018933662847785325
2004-11-10,10.710450128413743,10.947429302843732,10.681256642966366,10.865001678466797,4289100,0.014166946000418394
2004-11-11,10.887327175100152,11.004100150054263,10.868437385801036,10.98864459991455,2126100,0.01131566230946457
2004-11-12,10.95601899700045,11.095116027400065,10.90793570898017,11.076226234436035,4072500,0.007938600242719767
2004-11-15,11.067638942045651,11.13461103314426,10.968039119607202,10.990362167358398,3130200,-0.007782308608113164
2004-11-16,10.97319548324246,10.974913095136642,10.852989181268194,10.854705810546875,1918500,-0.012420020919311714
2004-11-17,10.89763063365841,10.964602717549612,10.87358899484558,10.9010648727417,1985100,0.004261777993252917
2004-11-18,10.890761172876928,10.916520422538854,10.792878972006319,10.9010648727417,2292000,0.0
2004-11-19,10.883895639651643,10.89076411967668,10.638329300375949,10.698432922363281,2183400,-0.018763204321966157
2004-11-22,10.707015270804614,10.784291048456081,10.64347743101596,10.744794845581055,1772400,0.004324162011478242
2004-11-23,10.74479318137643,10.756813506664066,10.662365566966335,10.732771873474121,2535600,-0.001119584310464303
2004-11-24,10.749947604318022,10.822071538544195,10.743078143498195,10.798029899597168,1659900,0.0060618481969876405
2004-11-26,10.775703109138446,10.973185054198256,10.775703109138446,10.947426795959473,1833300,0.013740732057624352
2004-11-29,11.076224017000253,11.25138298704108,11.076224017000253,11.242796897888184,7365600,0.02662321499922477
2004-11-30,11.22219562601276,11.289168730161684,11.127747611140105,11.270278930664062,3312300,0.002441429739401521
2004-12-01,11.24794527427856,11.40936725201761,11.244512018515644,11.376738548278809,3073200,0.009401714984879612
2004-12-02,11.381892407012021,11.479775587668923,11.356134140709354,11.471189498901367,3011400,0.008267838419315204
2004-12-03,11.436848963971654,11.534731194708343,11.380179580039211,11.419676780700684,2073300,-0.004500730075250801
2004-12-06,11.40250028104885,11.464320515795949,11.38189288105654,11.44543170928955,2668800,0.0022527721215309738
2004-12-07,11.44543579982137,11.47806353972688,11.332098007202148,11.332098007202148,2061600,-0.009951442390310133
2004-12-08,11.33380757124619,11.419670404892672,11.316635397562754,11.404214859008789,1623300,0.0063437809009804095
2004-12-09,11.462603395373065,11.462603395373065,11.349265648126462,11.42138957977295,3040800,0.001504864771612403
2004-12-10,11.385330806381798,11.701303481247695,11.385330806381798,11.651503562927246,2466300,0.019947356564235966
2004-12-13,11.660086870769454,11.861004107370151,11.646348931663296,11.847267150878906,3461700,0.01666198792572047
2004-12-14,11.848986075237782,11.897068380119302,11.71160665755472,11.728778839111328,4219500,-0.010051669346832274
2004-12-15,11.582813124831103,11.795751709763625,11.582813124831103,11.689282417297363,4069500,-0.003373162178664433
2004-12-16,11.689274297033906,11.6909909243975,11.510680198669434,11.510680198669434,2919900,-0.015397071969773826
2004-12-17,11.512402580650578,11.7631196975708,11.512402580650578,11.7631196975708,3857100,0.02169387038558447
2004-12-20,11.776861624330241,11.897067872714851,11.776861624330241,11.854137420654297,3151800,0.007707768369432231
2004-12-21,11.852415726459355,12.120305978537337,11.788877893205985,12.072222709655762,4035000,0.018230213677705373
2004-12-22,12.149502754211424,12.269710968711118,12.122027854259441,12.149502754211426,3405900,0.0063810736271029825
2004-12-23,12.161523425535185,12.226778888843942,12.082530021667479,12.08253002166748,1247100,-0.005527633912609717
2004-12-27,12.106570304627327,12.118590632786782,11.998384403347515,12.003535270690918,1298400,-0.006559397166050915
2004-12-28,11.994951835872886,12.044751753003068,11.974345414094763,12.01384162902832,1780800,0.0008582418482296836
2004-12-29,12.03791277871067,12.103261635326014,12.000080110584028,12.031034469604492,1908300,0.001430062973558951
2004-12-30,12.089505349267455,12.20644547299564,12.070589505155446,12.094664573669434,2831400,0.005274893920414462
2004-12-31,12.106703646559701,12.146256390091551,11.977725982666016,11.977725982666016,1662900,-0.00971565417120707
2005-01-03,12.020717264363677,12.130778093608862,11.843588486305245,11.957088470458984,3059100,-0.0017244769005252591
2005-01-04,11.957089567545228,11.989764002228014,11.829831968059707,11.877983093261719,3782700,-0.00663775373467311
2005-01-05,11.900336738679757,11.926131871688604,11.70772933959961,11.70772933959961,3159300,-0.014437275225164825
2005-01-06,11.650984261499891,11.848750975567993,11.644105949787484,11.750727653503418,2662500,0.0036659156286999914
2005-01-07,11.77651547515884,11.795431311035312,11.632060206860343,11.637219429016113,2094600,-0.009706633532407477
2005-01-10,11.63894443825825,11.841869354248047,11.60970915916768,11.841869354248047,2924100,0.01743296854467705
2005-01-11,11.841866203631628,11.922692725015727,11.776518336496691,11.82295036315918,3066600,-0.001598913099305891
2005-01-12,11.865946368217076,11.926136016845703,11.78511981879162,11.926136016845703,3084300,0.008689707160861412
2005-01-13,11.917534137477729,11.91925322269172,11.411942024644572,11.458373069763184,7146300,-0.04001156048505632
2005-01-14,11.522003900264217,11.709452119330205,11.480731087483182,11.671618461608887,4316700,0.018439387119568936
2005-01-18,11.668178017270241,11.769640460481845,11.573593883418052,11.754162788391113,2342100,0.007047335372162683
2005-01-19,11.754163727335968,11.779958865526384,11.637224586713682,11.638943672180176,1598700,-0.009850769338370525
2005-01-20,11.638939786967585,11.659576677848241,11.448053466427098,11.461811065673828,2501400,-0.015335955918075923
2005-01-21,11.45321898491302,11.461817366166068,11.11787621191426,11.176346778869629,5168400,-0.025221082091676523
2005-01-24,11.255452510942582,11.28984603365355,11.13507222938942,11.172906875610352,4176000,-0.00030783160275707537
2005-01-25,11.215897565988687,11.315639951889166,11.131632854047176,11.1539888381958,2281800,-0.0016946414928851353
2005-01-26,11.135071231222124,11.329397765988412,11.135071231222124,11.327678680419922,4127100,0.015451994205958467
2005-01-27,11.436018610715296,11.520283310795902,11.221055211191645,11.341434478759766,2960700,0.0012136160714908352
2005-01-28,11.401624750435667,11.540920852188156,11.350033492302739,11.539200782775879,3491400,0.017287214878405437
2005-01-31,11.570162239902354,11.676783976361325,11.56500399654483,11.669905662536621,2301000,0.011263360084107851
2005-02-01,11.668176161852386,11.75932014251022,11.640660960747335,11.683653831481934,2008500,0.0011773940102828132
2005-02-02,11.683656624355354,11.697413244175065,11.497928480489,11.607989311218262,3332100,-0.006497161747625576
2005-02-03,11.628627203421864,11.628627203421864,11.448058268557132,11.546080589294434,1415100,-0.005347558310068978
2005-02-04,11.522001843622279,11.781677192698456,11.51684360396417,11.759321212768555,2409000,0.018300184342208616
2005-02-07,11.785119099478797,11.805755999016037,11.539202278796372,11.546080589294434,2937300,-0.018300184342208762
2005-02-08,11.575312244329837,11.602827445749165,11.50480417168485,11.511683464050293,1828200,-0.0029835634262273506
2005-02-09,11.690539552870531,11.767925982047577,11.583917834972935,11.71805477142334,4761300,0.01776832220543501
2005-02-10,11.857345652896688,11.970845632866794,11.83670875616318,11.963967323303223,4104000,0.020768614273209172
2005-02-11,11.98976283583518,12.122180631307218,11.972566077366082,12.111862182617188,3972000,0.012285908536400686
2005-02-14,12.130779683220117,12.137658977960118,12.046514964800663,12.092947006225586,1551600,-0.0015629274409425145
2005-02-15,12.120464714532451,12.208169590404047,12.07919188965298,12.175495147705078,2316000,0.006802946750096403
2005-02-16,12.123904710422106,12.242563967167381,12.039638984781279,12.192692756652832,3480600,0.0014114805639592852
2005-02-17,12.221924515797868,12.285553317183503,12.149696350097656,12.149696350097656,3505200,-0.0035326402089170344
2005-02-18,12.184089906398086,12.184089906398086,11.9553688755258,12.056832313537598,2052600,-0.007672681484059558
2005-02-22,12.013838971472545,12.034475868995807,11.778239639529604,11.779958724975586,3436500,-0.02323182183349305
2005-02-23,11.883139503025905,11.953647580535227,11.749002640847307,11.838427543640137,2651100,0.004951137426614739
2005-02-24,11.83842578464108,11.9639642501326,11.759319340851611,11.93644905090332,1994700,0.008245852488835088
2005-02-25,11.979443674531076,12.036194154928925,11.890019748594142,12.015558242797852,2480100,0.006605665953914174
2005-02-28,12.017276788558204,12.104981625225433,11.960526310708431,12.070588111877441,2964600,0.004569428751260198
2005-03-01,12.098102121342944,12.431723694367715,12.098102121342944,12.41452693939209,4325700,0.02809555526280539
2005-03-02,12.39045535186371,12.488478661745729,12.28383366139896,12.373258590698242,3569400,-0.003329735669427937
2005-03-03,12.37325451692321,12.407648027930414,12.213321541871684,12.354337692260742,3773400,-0.00153034705950845
2005-03-04,12.433442857129892,12.615730808234465,12.419685257348016,12.529746055603027,3158400,0.01409827024174026
2005-03-07,12.529752478040946,12.596821426368681,12.524593252475608,12.595101356506348,2585700,0.005202455341331914
2005-03-08,12.591656175222003,12.622610529779546,12.426563988198986,12.460958480834961,3276900,-0.010707522106402587
2005-03-09,12.433448488998271,12.560706098618084,12.402494121473215,12.50739574432373,2767800,0.0037196938662945175
2005-03-10,12.515993654992217,12.646690415201183,12.491917599367397,12.553826332092285,2587200,0.003705377235842907
2005-03-11,12.53662523626059,12.540065374461422,12.252874844007845,12.299306869506836,2563200,-0.020482597410576925
2005-03-14,12.331981630306258,12.3457392314208,12.220200752242626,12.278670310974121,3410700,-0.001679272727018411
2005-03-15,12.373254508364946,12.445481668647123,12.288988832021568,12.292428970336914,3607500,0.0011199060036565724
2005-03-16,12.433449051812921,12.519433847284327,12.215046431448277,12.337145805358887,6281400,0.0036311535674370308
2005-03-17,12.337149567842522,12.529756119490173,12.261482216255686,12.430012702941895,4579500,0.007499231918421292
2005-03-18,12.39045982437169,12.529756001744664,12.328551068220548,12.362944602966309,14800200,-0.005410267338728987
2005-03-21,12.440320653364239,12.50566949564577,12.27351037788279,12.306183815002441,3090900,-0.004601774912155418
2005-03-22,12.295871809264973,12.414532025667466,12.020719680839315,12.02587890625,3720000,-0.02304098199180435
2005-03-23,12.003524553528418,12.02588054400487,11.865948470579673,11.86938762664795,3809100,-0.013098285951345394
2005-03-24,11.92785366577178,11.958808026663098,11.852186356902568,11.857345581054688,2521200,-0.0010150614938690683
2005-03-28,11.883143418024567,12.000083562661876,11.871105881615238,11.914097785949707,2113200,0.004774831030939166
2005-03-29,11.979711214840437,12.01517984120389,11.820100366642853,11.864436149597168,3135900,-0.00417702022278331
2005-03-30,11.860893955840016,12.162382467352442,11.860893955840016,12.10385799407959,3173100,0.01997887766848016
2005-03-31,12.139325563456541,12.21026384548973,12.06838626664212,12.17479419708252,2254800,0.005843520826246901
2005-04-01,12.236868177835305,12.396479095981439,12.029373781289037,12.086124420166016,3341700,-0.007309712639596745
2005-04-04,12.084352095744993,12.206720549302664,12.008093288354818,12.135782241821289,2315100,0.004100246270362554
2005-04-05,12.13400369399842,12.254598252433903,12.109175044397778,12.137550354003906,1722900,0.0001456835132764473
2005-04-06,12.142876420415078,12.217361388596464,12.06839043745211,12.125142097473145,2814600,-0.0010228261053337195
2005-04-07,12.148192449439298,12.206716916235981,12.075481340150285,12.157060623168945,1750500,0.002628966115360395
2005-04-08,12.157064792961505,12.190760617391467,12.06661831997195,12.098540306091309,1983000,-0.004825312784082045
2005-04-11,12.103858078319355,12.148193878275773,12.004544465723,12.022278785705566,1990200,-0.006323315489474374
2005-04-12,12.022283645496723,12.064846639529053,11.768679519930599,12.034698486328125,5213100,0.0010325238774191625
2005-04-13,12.024058063508697,12.025830887440161,11.632122919974663,11.719022750854492,5728500,-0.026580620213911912
2005-04-14,11.717238956876871,11.804138713924457,11.637433533873235,11.765122413635254,5189700,0.003926029384654251
2005-04-15,11.740298949984274,11.775767588454611,11.41930229200832,11.449451446533203,4234200,-0.02719760677119451
2005-04-18,11.476052593981676,11.57181953873623,11.280972043684223,11.504427909851074,2944500,0.004790176648353693
2005-04-19,11.531027192127187,11.68354473957722,11.522161049235354,11.653396606445312,2701200,0.012865694818128645
2005-04-20,11.642758829457136,11.642758829457136,11.408661946016217,11.417529106140137,1944600,-0.02044787638873495
2005-04-21,11.492013455779432,11.715469309620023,11.27210426253154,11.710148811340332,3515700,0.025306070254647556
2005-04-22,11.669359749575955,11.734978557949137,11.378513258261947,11.458318710327148,3261600,-0.021739894457089133
2005-04-25,11.518613943969946,11.710147806477918,11.509746785858459,11.704827308654785,2300100,0.021285356066796
2005-04-26,11.669364812263124,11.820109636876486,11.64098948300585,11.750944137573242,3623700,0.003932242301024556
2005-04-27,11.70659822518143,11.871530586498416,11.600191330388991,11.78995132446289,2722800,0.003313996500471924
2005-04-28,11.788178555047804,11.988578529156076,11.681770644995467,11.88039779663086,4898400,0.007642211942317448
2005-04-29,12.05419495642315,12.21203193857841,11.855566828877725,12.180109977722168,4550100,0.02491449367183202
2005-05-02,12.215584986541854,12.245734141040602,12.016957769892313,12.149967193603516,2955900,-0.0024778219426473966
2005-05-03,12.10563081719666,12.219133102726818,12.034693537760097,12.10385799407959,2928600,-0.003802225398826676
2005-05-04,12.139329280684734,12.376971837179385,12.135781604410804,12.346823692321777,3993000,0.019874594820465767
2005-05-05,12.24218153437128,12.44258249152463,12.24040769739827,12.391152381896973,3526200,0.003583861257597772
2005-05-06,12.43549617283868,12.463871494008906,12.329088211059572,12.32908821105957,2666400,-0.005021334724482889
2005-05-09,12.325539549859863,12.501111933507543,12.316671376229271,12.4957914352417,2755200,0.013430536813681872
2005-05-10,12.369871771515637,12.43371671748516,12.254596710205076,12.254596710205078,4638300,-0.019490794181821258
2005-05-11,12.290067833959895,12.34327179289449,12.192528088230736,12.302481651306152,3905700,0.0038998940417093028
2005-05-12,12.302487264638115,12.423082892262698,12.105632831194464,12.110953330993652,2453400,-0.015690725204356486
2005-05-13,12.165931803268842,12.25460443684224,12.015187006977946,12.084352493286133,3000600,-0.0021988437441905944
2005-05-16,12.102088618612692,12.430177688598631,12.102088618612692,12.430177688598633,3620100,0.028215767213371795
2005-05-17,12.385835842898377,12.520618067263191,12.270560757564612,12.490469932556152,3800100,0.004838747572826845
2005-05-18,12.586235100606396,12.768900765138483,12.522390150277039,12.674907684326172,2813700,0.01465831802889711
2005-05-19,12.676688308464753,12.738758439952973,12.619936647354356,12.6802339553833,1518900,0.00042013341602730874
2005-05-20,12.635895034445706,12.733434803252235,12.591559237161535,12.658949851989746,2253000,-0.0016799363831918978
2005-05-23,12.676685307070338,12.788412735033917,12.61993365939674,12.761811256408691,1651200,0.008092752641709052
2005-05-24,12.765358025083742,12.788412843043263,12.669591077573918,12.768904685974121,2087400,0.0005556780909679815
2005-05-25,12.680226002847066,12.731657131760869,12.6270230663668,12.653624534606934,3029400,-0.009069195320272547
2005-05-26,12.697967433350204,12.797281049877364,12.676686451485109,12.685552597045898,2062800,0.00252005652513224
2005-05-27,12.689099948488511,12.85048469806547,12.644763133129741,12.83452320098877,1571700,0.011674910154621264
2005-05-31,12.813239784349964,12.85757760957466,12.68732470397585,12.793732643127441,1953000,-0.0031832515294029757
2005-06-01,12.76890103037054,12.946246201493855,12.751166716214424,12.866440773010254,2363100,0.005667017388326541
2005-06-02,12.822108220748502,12.995906775820576,12.79727956580068,12.99236011505127,1845000,0.009739070103567974
2005-06-03,12.963976172206516,12.985258152222528,12.74761377275994,12.82032585144043,2243100,-0.013329632651775418
2005-06-06,12.83629316609489,12.963982059839278,12.76180823177261,12.914324760437012,1955100,0.0073052732248563195
2005-06-07,12.90723690097507,13.033153025370586,12.869994418058004,12.893049240112305,1787100,-0.001648794266637522
2005-06-08,12.923196206391792,12.974626341441818,12.775998108296912,12.779545783996582,1485900,-0.008842440397316152
2005-06-09,12.795505042114318,13.068618202337273,12.760036406759895,13.01718807220459,1947900,0.01842473641935142
2005-06-10,13.057977488136212,13.070392322603698,12.923195250181571,12.955117225646973,1664400,-0.004779780925864497
2005-06-13,12.919641686792291,13.088120675930199,12.816781471180207,12.857571601867676,1488300,-0.007557995122057346
2005-06-14,12.85580581005645,12.944478430220482,12.807922331324692,12.891274452209473,1901100,0.0026178159221610336
2005-06-15,12.907236546434973,12.93561186738108,12.795508085971216,12.859353065490723,1876800,-0.002479271858363534
2005-06-16,12.87176581219994,12.87176581219994,12.76003837585449,12.760038375854492,2459400,-0.007753126170458284
2005-06-17,12.795502764060943,12.804370936101982,12.722791668617017,12.724565505981445,4101300,-0.0027838684836426876
2005-06-20,12.696190300091617,12.807918723924132,12.644760174586345,12.73343276977539,2611500,0.0006966191180066838
2005-06-21,12.747619940728248,12.813237719559174,12.646533531083264,12.777769088745117,3265200,0.0034758349569549256
2005-06-22,12.800821469294402,12.92319086078103,12.749391355518174,12.901908874511719,2590200,0.0096684041732429
2005-06-23,12.889491271711803,12.956881840607627,12.82032585144043,12.82032585144043,2914800,-0.006343406590233345
2005-06-24,12.822101356831292,13.18211310911881,12.777764569214613,13.132455825805664,5062800,0.02405484151099501
2005-06-27,13.123601369285387,13.279664646339752,12.995911388456005,13.157296180725098,3189000,0.0018897372866476124
2005-06-28,13.286754531137937,13.591789688498691,13.251285893183256,13.542132377624512,4922400,0.028829294957277166
2005-06-29,13.55809450350492,13.756721726667479,13.478288034836234,13.692877769470215,5574900,0.011070084459313232
2005-06-30,13.726615449278315,13.78699093714237,13.632500449229166,13.669791221618652,3888600,-0.0016874489354306746
2005-07-01,13.714185366507126,13.80652524339846,13.655585001397395,13.797645568847656,2596500,0.009309588777026628
2005-07-05,13.753257675237382,14.126166557150375,13.74437799720098,14.088875770568848,4607700,0.02088756690104247
2005-07-06,14.088863834341288,14.310833243046625,14.087087697019223,14.209614753723145,5097600,0.008533297258778093
2005-07-07,14.10485285330686,14.31971883288615,13.953912606829837,14.2948579788208,5689800,0.005981059885937608
2005-07-08,14.31083511823689,14.749447613347774,14.27354435836215,14.713932991027832,5112300,0.028894976703311853
2005-07-11,14.729918054139942,14.930578974743513,14.676645090496041,14.918148040771484,3987900,0.013783593714240705
2005-07-12,14.928804801859277,15.044229402265326,14.845344593505532,14.976750373840332,4108800,0.003920562453154926
2005-07-13,14.747674507798852,14.907493389387096,14.747674507798852,14.871978759765625,7062000,-0.007020201355686103
2005-07-14,14.898614731981729,14.951887692511143,14.848893031195018,14.871978759765625,4884900,0.0
2005-07-15,14.587858113741804,14.61982148684462,14.403179379229417,14.5612211227417,6357300,-0.02111691464320545
2005-07-18,14.499066602304922,14.650005784886972,14.486635671160046,14.552339553833008,2591700,-0.0006101328025713452
2005-07-19,14.59673494991721,14.618044540057197,14.479535252438836,14.58785629272461,2901300,0.0024376470676923446
2005-07-20,14.557675038055061,14.721044226444063,14.442250414970012,14.65001392364502,1961100,0.004251864044998257
2005-07-21,14.605619683594432,14.648237862543079,14.406733832403212,14.527485847473145,2385600,-0.00839885510416635
2005-07-22,14.561223161035066,14.610944873797147,14.445799570868543,14.596738815307617,1596600,0.004755704171301363
2005-07-25,14.561219205651186,14.575426276378984,14.396073947582348,14.48841381072998,2290500,-0.007448852467191615
2005-07-26,14.374768047601624,14.465331789730165,14.305512883334131,14.362337112426758,2900100,-0.008739980542791749
2005-07-27,14.399629960842375,14.45822931634285,14.341029589244462,14.429817199707031,2158500,0.0046874026933365065
2005-07-28,14.58785284746856,14.646453190416524,14.349901232954757,14.51327133178711,2439000,0.005766790456206411
2005-07-29,14.561220268310201,14.593184655634703,14.3356995156273,14.35168170928955,2997900,-0.011196367464637489
2005-08-01,14.387196239825299,14.401402295393343,14.154571952886418,14.333924293518066,2622600,-0.0012380716682779864
2005-08-02,14.41027798868667,14.697951316833496,14.404951608029462,14.697951316833496,2523300,0.025079061914657277
2005-08-03,14.626925874209562,14.697956160847214,14.44757452746166,14.674871444702148,2205300,-0.0015715123513091183
2005-08-04,14.58785284746856,14.616264950213584,14.472429315127494,14.51327133178711,1654800,-0.011073110430432609
2005-08-05,14.454676946897713,14.490192598016623,14.275325601405225,14.28065299987793,2042700,-0.016157810940073923
2005-08-08,14.3214987807581,14.46000812899891,14.225607615353107,14.254019737243652,2233500,-0.0018667303889325988
2005-08-09,14.339252633023785,14.56654852094172,14.339252633023785,14.5612211227417,2500200,0.021322953812192725
2005-08-10,14.721036006154124,14.825805771291028,14.491963026505944,14.534581184387207,2520600,-0.0018311882599066885
2005-08-11,14.570093524616786,14.657104942193383,14.495511003140953,14.64112377166748,1483200,0.007303546634986529
2005-08-12,14.472438746665883,14.566552755232834,14.385425228170144,14.48664379119873,1413600,-0.010607158858610409
2005-08-15,14.468879318522,14.564770434409972,14.41738250119993,14.543460845947266,1294200,0.003914359111383096
2005-08-16,14.554118326418951,14.589633975046185,14.305511834320187,14.344578742980957,1814100,-0.01376938331960483
2005-08-17,14.309071549656458,14.458234709586968,14.259349818947742,14.390755653381348,1410000,0.0032139490365427166
2005-08-18,14.357005979300345,14.463550865544626,14.277096044495849,14.330368995666504,1543800,-0.004205040536140781
2005-08-19,14.438694989463421,14.497295357531684,14.332150066545303,14.456453323364258,1618800,0.008759920255786556
2005-08-22,14.557670121491421,14.710384458859936,14.408506027941833,14.523929595947266,2019900,0.004656694475361288
2005-08-23,14.586079495283895,14.648232125016001,14.550564868119421,14.56832218170166,1998900,0.003051851781634719
2005-08-24,14.600286932590834,14.738796217428806,14.429813263184524,14.444019317626953,1772100,-0.008569017063750699
2005-08-25,14.447575943192902,14.481314443566655,14.342805117026234,14.355236053466797,1695600,-0.006165683402488022
2005-08-26,14.390744670671957,14.415605517053047,14.255787677354833,14.261115074157715,2742000,-0.006578149554408695
2005-08-29,14.225607828283,14.385425762285069,14.209625628443735,14.357014656066895,1533600,0.00670204110302778
2005-08-30,14.349902867756501,14.349902867756501,14.090642654696381,14.182981491088867,2886000,-0.012195889670932056
2005-08-31,14.152793036239796,14.284198760986328,14.087089157769558,14.284198760986328,2843400,0.007111185269384812
2005-09-01,14.285981053321407,14.516829239837275,14.266447596725058,14.422714233398438,2445600,0.009650396574149771
2005-09-02,14.467107612312352,14.54346427940458,14.335700823329393,14.463555335998535,1494000,0.0028277192190394075
2005-09-06,14.55767413768893,14.696182457507375,14.477764162896893,14.658891677856445,1267800,0.013415031449805936
2005-09-07,14.660668023435807,14.674874083317658,14.53281348449915,14.621601104736328,1182000,-0.002547128804036739
2005-09-08,14.56122234229937,14.694404260162457,14.513277786678263,14.632253646850586,1868400,0.0007282830023976494
2005-09-09,14.676640540115805,14.790288952068428,14.596731627473737,14.726362228393555,1314300,0.006410990509280916
2005-09-12,14.655341555030295,14.804505701314989,14.655341555030295,14.744129180908203,1911300,0.0012057453959887752
2005-09-13,14.6500095250449,14.655336923167502,14.474209451388253,14.475984573364258,3480600,-0.018353941889704014
2005-09-14,14.490194904172379,14.525709544846183,14.30551511471751,14.310842514038086,4076100,-0.011473572302258699
2005-09-15,14.419159177700479,14.419159177700479,14.225600800954751,14.309062004089355,3538800,-0.00012442459057818164
2005-09-16,14.314389483443218,14.415606984711793,14.220273485139748,14.277097702026367,15223500,-0.0022363490383743943
2005-09-19,14.325045352247315,14.475984573364256,14.24336129062689,14.475984573364258,3825000,0.0138343459312114
2005-09-20,14.520382706024597,14.774316664253963,14.470662003942504,14.575431823730469,5530200,0.006846319466720336
2005-09-21,14.54346360282806,14.54346360282806,14.108403255580512,14.117281913757324,4083000,-0.031937644988772905
2005-09-22,14.223823177981801,14.461774797011149,14.127932075373412,14.412053108215332,3769200,0.020665163369638143
2005-09-23,14.431591107619278,14.531033500475738,14.376543021181648,14.408506393432617,2808900,-0.00024612393804611377
2005-09-26,14.538127251829472,14.561210934382585,14.264660093455861,14.372981071472168,2060400,-0.0024686243228410412
2005-09-27,14.435150263919414,14.58786570479718,14.346362618610556,14.47066593170166,2493000,0.0067734315078219354
2005-09-28,14.516829058744447,14.717490004824294,14.468883486987407,14.500846862792969,3492900,0.0020834909259436303
2005-09-29,14.500842752059192,14.75686625328905,14.483063667236106,14.739086151123047,1829100,0.01629583489909879
2005-09-30,14.666190113009888,14.968438595864164,14.664411797758154,14.927546501159668,2391000,0.012705377617239073
2005-10-03,14.851091104065457,14.9310989962,14.753305149840342,14.82264518737793,2262900,-0.0070521729497158726
2005-10-04,14.863545838726221,14.923995354038906,14.609300583482804,14.61463451385498,1980000,-0.014132700972579118
2005-10-05,14.570186185679884,14.70530868591542,14.474177477646935,14.529293060302734,2509500,-0.005856568045945735
2005-10-06,14.507953488130129,14.630630788404414,14.35682924815912,14.468838691711426,3049200,-0.004169541451285582
2005-10-07,14.475953154851164,14.513289644383871,14.399502877496552,14.454618453979492,2294700,-0.000983301464004018
2005-10-10,14.410171451616296,14.579074832634745,14.267936704229237,14.344388008117676,2507400,-0.007655193544030176
2005-10-11,14.436839824549432,14.579073542001893,14.287492844342589,14.347942352294922,3012600,0.0002477556999225339
2005-10-12,14.347945304959905,14.385281803359328,14.061697460773276,14.097256660461426,3444000,-0.017626326473884107
2005-10-13,14.086577062637394,14.12391352993007,13.800329456936973,13.910561561584473,4138200,-0.013331839175910135
2005-10-14,14.266158142794795,14.372833685219907,14.079474671872008,14.347942352294922,3720600,0.030958165649794193
2005-10-17,14.32483299309059,14.531073919881944,14.315943447063692,14.385282516479492,2084100,0.002599094628285868
2005-10-18,14.347941134344307,14.547069746154664,14.314160260530034,14.330162048339844,2395800,-0.00383908636448324
2005-10-19,14.223483006736137,14.756863594055174,14.22170469163712,14.756863594055176,2188200,0.02934175286054449
2005-10-20,14.792429366716462,14.870657976488593,14.579076208162952,14.625303268432617,2845200,-0.008955173758647607
2005-10-21,14.755089713893605,15.085785207716624,14.72664276781543,14.852875709533691,4705200,0.015440367768514207
2005-10-24,14.897323599652875,15.667169415749267,14.897323599652875,15.617387771606445,5712600,0.05019139731874328
2005-10-25,15.468056498899399,15.61029136554226,15.261815433595242,15.373826026916504,4357800,-0.015718439488863038
2005-10-26,15.418262102657286,15.912527094056923,15.379146274874163,15.596055030822754,4403700,0.014351544831312395
2005-10-27,16.072537348355052,16.401455493831993,15.716950576491959,15.766732215881348,12119700,0.010884164640893904
2005-10-28,15.636955119916221,15.636955119916221,14.979117330348302,15.40048885345459,8128800,-0.023502911630032562
2005-10-31,15.565826122688673,15.805847842093648,15.564048824575671,15.711617469787598,4055400,0.020001152296164015
2005-11-01,15.734732975915776,15.820073819143463,15.55160613132669,15.802294731140137,3677400,0.005754760692539335
2005-11-02,15.786296392579507,16.076099863228798,15.725846869747443,16.035207748413086,2431500,0.014631623360618708
2005-11-03,16.013859499507497,16.024527353235296,15.775617209422686,15.892960548400879,2083500,-0.008910510609796843
2005-11-04,15.992527191799436,16.22365930940165,15.92496546458209,16.20587921142578,2171400,0.01949781230031486
2005-11-07,16.277007011062903,16.39079482798477,16.221891418745123,16.29300880432129,2841600,0.005362017408725372
2005-11-08,16.28944772498358,16.50813373943865,16.179214542639755,16.469018936157227,2613900,0.010744867602399715
2005-11-09,16.469020791337055,16.67348335648026,16.355232999768184,16.56680679321289,3887700,0.005920127043987473
2005-11-10,16.73038052948382,16.86017013616948,16.50280490176758,16.83705711364746,2026800,0.016181135079440908
2005-11-11,16.64148287693841,16.89039421081543,16.64148287693841,16.89039421081543,1944900,0.0031628326207061804
2005-11-14,16.872612691739754,16.883280551977702,16.748157035212085,16.854833602905273,1662000,-0.0021075940734297796
2005-11-15,16.66814942658258,16.726821638113947,16.316118192080605,16.56680679321289,3090000,-0.01723637362671731
2005-11-16,16.577474484160014,16.687706660455376,16.483244097394703,16.685928344726562,1847100,0.0071646473941523415
2005-11-17,16.712594863229636,17.068182680638245,16.712594863229636,17.050403594970703,1928400,0.021608124572960206
2005-11-18,17.22820328280576,17.22820328280576,16.86906072739456,16.979291915893555,2805000,-0.004179395761296681
2005-11-21,16.7126004191278,17.231758845825908,16.70371189068211,17.21931266784668,2421300,0.014037104496427553
2005-11-22,17.242426707710017,17.33310048169504,17.121525629481177,17.21931266784668,2889300,0.0
2005-11-23,16.87438688557795,17.381097914986135,16.87438688557795,17.17485809326172,7634100,-0.0025850077705607062
2005-11-25,17.2317554395387,17.445108565673106,17.071741612281,17.429105758666992,1437900,0.014694977818944495
2005-11-28,17.51266390959512,17.576671052250205,17.053957244671654,17.06106948852539,2367900,-0.021342323562051627
2005-11-29,17.112633946109423,17.123301806660983,16.771270547204907,16.81927490234375,3388500,-0.014273685568772407
2005-11-30,16.776604491593428,16.87261320195188,16.46368804233439,16.513469696044922,3043500,-0.018349151268479753
2005-12-01,16.757049553484038,16.977512925864556,16.7552712374557,16.844167709350586,2685900,0.019828073779829827
2005-12-02,16.826384457459355,16.922393152382433,16.76060000614105,16.84238624572754,1563900,-0.00010576704444645874
2005-12-05,16.897504542056843,16.98995662069138,16.748157546198435,16.9561767578125,2468400,0.006733478107256701
2005-12-06,17.09840975422488,17.32776364610442,16.981065334746187,17.2459774017334,3925200,0.016946744245488997
2005-12-07,17.23709376071683,17.270875666386488,17.109083472618245,17.192646026611328,3731400,-0.00309718638232324
2005-12-08,17.272647183618698,17.272647183618698,16.93839604250076,17.100189208984375,3504000,-0.005392207498374876
2005-12-09,17.24242218707837,17.55000364623406,17.10729868488857,17.405990600585938,2939400,0.01772490605688946
2005-12-12,17.085964035961023,17.27620312643488,17.085964035961023,17.139301300048828,3355500,-0.015440286309628825
2005-12-13,17.107302154240266,17.36332472019614,16.945509988864135,17.30643081665039,2594700,0.009704007889923138
2005-12-14,17.402438742147663,17.459332643107157,17.192642228023733,17.329544067382812,3392400,0.001334638579725342
2005-12-15,17.418435082288426,17.48955345772862,17.309982255700923,17.341983795166016,2332800,0.0007175760102815613
2005-12-16,17.379321921220342,17.41488212963947,17.1624142128882,17.24775505065918,2141700,-0.005448377510084468
2005-12-19,17.44155251081849,17.45577496786501,16.956176065767654,16.973955154418945,3256800,-0.016001873489484487
2005-12-20,17.157088586041287,17.157088586041287,16.952624930883577,17.02196502685547,2344800,0.002824450939828978
2005-12-21,17.146417659757375,17.21931234077984,16.966845379263365,17.064632415771484,1904400,0.0025034714170098886
2005-12-22,17.069966635921265,17.103746502913,16.91350737485654,17.077077865600586,1956000,0.0007290466867520478
2005-12-23,17.219306587480638,17.229974445597787,17.071738958679525,17.151744842529297,1007400,0.004362819954449609
2005-12-27,17.27619975553928,17.285089297819408,16.831716537475586,16.831716537475586,1801200,-0.018834912804257718
2005-12-28,16.803234572194675,16.954551660741135,16.762290571399483,16.911827087402344,1308900,0.004748209099094348
2005-12-29,16.99193661305965,17.002616993096282,16.733807565473292,16.819257736206055,1454400,-0.005488681082904702
2005-12-30,16.774752522950145,16.822817798149885,16.669721146570602,16.73558807373047,1263000,-0.004987049343598731
2006-01-03,16.911827473538548,17.10764767517007,16.60919430816999,17.072044372558594,2907900,0.01990481930411078
2006-01-04,17.089853159985108,17.148599856185637,16.963458938214508,17.093414306640625,2541600,0.0012509673626534853
2006-01-05,17.057809634003643,17.06315033524693,16.835284829616654,16.894031524658203,2552100,-0.011732865730597118
2006-01-06,17.08984818070106,17.191318420857257,16.991938067528483,17.061365127563477,2448300,0.009856162732391042
2006-01-09,17.089847415621623,17.440544864348816,17.08094658924389,17.40494155883789,1890600,0.01993760547231011
2006-01-10,17.25184478033168,17.431643916632595,17.25184478033168,17.41206169128418,1896300,0.0004090031812557218
2006-01-11,17.41028846732885,17.83397531296179,17.41028846732885,17.727163314819336,2994600,0.017934947045373215
2006-01-12,17.7556352814614,17.903392227953965,17.51708951751472,17.575836181640625,2522400,-0.00857309929410489
2006-01-13,17.618564474323477,17.67375000221158,17.36221498472808,17.45122528076172,1476900,-0.007115151621749979
2006-01-17,17.340855726376926,17.410281766771064,17.196659889970544,17.250064849853516,1974600,-0.01159395996382424
2006-01-18,17.209121525950863,17.406724379040902,17.057806439358053,17.127233505249023,2314500,-0.007146103574061271
2006-01-19,17.225139167182828,17.52599070899794,17.225139167182828,17.42452049255371,1950600,0.017208638598575157
2006-01-20,17.577617745997827,17.914072598540876,17.196656731125653,17.262523651123047,3450900,-0.009340549085361643
2006-01-23,17.26964839205248,17.62034587812207,17.267867819133624,17.319494247436523,1676100,0.003294813392266965
2006-01-24,17.33551666527338,17.47081169577108,17.282111697204318,17.433427810668945,2257800,0.006556799524598729
2006-01-25,17.442322429237077,17.49928852313847,17.307027446904215,17.321269989013672,3080400,-0.00645427629118599
2006-01-26,17.677308995745122,18.04581011135977,17.60610238919402,17.944337844848633,3919500,0.03533939932716375
2006-01-27,18.300374672388656,18.300374672388656,17.88024922767047,17.96213722229004,2944800,0.0009914300340588824
2006-01-30,18.03334968586695,18.092096363667597,17.773441067689205,17.784122467041016,1419900,-0.009959991809139132
2006-01-31,17.828634047059573,17.8375369146287,17.43165171879409,17.534902572631836,3166800,-0.014112735588158613
2006-02-01,17.442322820467233,17.66840662872164,17.38891787021239,17.615001678466797,2938500,0.004557579668561362
2006-02-02,17.641700552159225,17.659502198610085,17.381792031987388,17.467243194580078,2632200,-0.008423597641974253
2006-02-03,17.267866781329538,17.383579566875383,16.99905834889812,17.102310180664062,3184200,-0.021113756769333126
2006-02-06,17.089847932935967,17.27854790257816,17.023981000839516,17.250064849853516,2575500,0.00860235021398932
2006-02-07,17.285668587679904,17.380016526466395,16.837059020996094,16.837059020996094,3887100,-0.024233551778353752
2006-02-08,16.831714999542374,16.98125149225488,16.7533871366046,16.94742774963379,2407800,0.006533716022882481
2006-02-09,16.961667416314718,17.01507337348633,16.712440295269793,16.765846252441406,2733000,-0.010772211152138734
2006-02-10,16.721353575975158,16.911835202813,16.566477305290036,16.847747802734375,3042900,0.004873130331587463
2006-02-13,16.917169202251838,16.9830361349652,16.87444462276471,16.93497085571289,2697600,0.005163779012243779
2006-02-14,16.911833834410427,17.23582889947992,16.8459658662634,17.214466094970703,2404500,0.016369317048191098
2006-02-15,17.686212813806243,17.7093541472775,17.449445537341546,17.542016983032227,4071900,0.018848891297667696
2006-02-16,17.570498881701198,17.732496354444226,17.44232413922314,17.687990188598633,2565600,0.008286915198286782
2006-02-17,17.721817150192138,17.721817150192138,17.472589924767377,17.54379653930664,2417100,-0.008185474980871908
2006-02-21,17.623907358460258,17.70757595181545,17.438766479492188,17.438766479492188,2312100,-0.0060047272891186115
2006-02-22,17.46368591697066,17.83218496953471,17.44054254909972,17.819725036621094,3276000,0.02161030528743264
2006-02-23,17.83753590517127,18.15618927895101,17.80193054871813,17.96748924255371,2871000,0.008257979763450494
2006-02-24,18.068958955207673,18.264781279167327,18.01733455145052,18.1668701171875,2844600,0.011035640406257877
2006-02-27,18.211362932246555,18.544258638554886,18.20424268051588,18.430326461791992,2682000,0.014397873083043126
2006-02-28,18.26477217482919,18.496195664239746,18.083192490972735,18.27901268005371,3502500,-0.008243931503280877
2006-03-01,18.37158612320537,18.437453050929207,18.275455571982793,18.4018497467041,1858800,0.006697635644966616
2006-03-02,18.309282102780205,18.43033458462545,18.25943624416078,18.405412673950195,2273100,0.00019359914445713912
2006-03-03,18.360901123188686,18.558501867602917,18.318175536683935,18.3502197265625,1543500,-0.003003239790323095
2006-03-06,18.350227694957333,18.387611580748505,17.92654093963209,18.031572341918945,1983000,-0.017517308231705237
2006-03-07,18.033349841804895,18.058271748995548,17.757420140847728,17.82150650024414,2948100,-0.011718282070830654
2006-03-08,17.82150983004778,17.833971804605838,17.499295362808468,17.62390899658203,4373700,-0.011149512446699341
2006-03-09,17.55269550946366,17.627463253050713,17.314147699324835,17.321269989013672,3154200,-0.017321220432313218
2006-03-10,17.321269217390654,17.552694727531165,17.178853988981444,17.312368392944336,3365400,-0.0005140433798597088
2006-03-13,17.469030428084746,17.655951883431705,17.221583752120004,17.33551597595215,2174400,0.0013361616083218861
2006-03-14,17.347976572850136,17.793024032217016,17.30525097366934,17.748519897460938,2945400,0.0235447827106811
2006-03-15,17.87312989215075,18.004863734163273,17.76631795310039,18.001304626464844,2379600,0.014142108131642316
2006-03-16,18.072521625568235,18.243420011466842,17.979952175857186,18.184673309326172,3352800,0.01013487891665183
2006-03-17,18.389389579910343,18.45703708693754,18.013768164215747,18.0600528717041,4817700,-0.006876637891448951
2006-03-20,18.157959677406634,18.157959677406634,17.940776699908643,18.081411361694336,1975800,0.0011819384150431622
2006-03-21,18.079631593162144,18.079631593162144,17.661286696766393,17.689769744873047,2595300,-0.021897921988953926
2006-03-22,17.632808241203552,17.857113576757467,17.60432518567836,17.739620208740234,2354100,0.00281407593129311
2006-03-23,17.757418457487596,17.757418457487596,17.397820205120173,17.458345413208008,3289800,-0.015982786400354717
2006-03-24,17.458350820970416,17.522439231411564,17.314154953381436,17.339078903198242,2472000,-0.00685493132787835
2006-03-27,17.34797960880012,17.517097387738048,17.26787011495107,17.34619903564453,2580300,0.00041055646484107206
2006-03-28,17.490397891807138,17.490397891807138,16.62700413661811,16.69287109375,4829100,-0.03839165896744139
2006-03-29,16.75524961979514,17.0832254392037,16.544918719872843,16.99588394165039,7718700,0.017989445991316872
2006-03-30,16.951323474267618,17.117092205039995,16.735644002943786,16.831897735595703,3155400,-0.009695432718305474
2006-03-31,16.80337546836133,16.92814975727992,16.740989853811165,16.79802894592285,3056100,-0.0020142060637920378
2006-04-03,16.93349637245156,17.186606564883373,16.860414657207823,16.888933181762695,3725700,0.005397011232298918
2006-04-04,16.897848800469536,17.16878451114237,16.783770606502024,17.154525756835938,4616700,0.01560346521432935
2006-04-05,17.143830671166608,17.33277242494042,17.072530779997408,17.154525756835938,3149700,0.0
2006-04-06,17.156308015009277,17.220478534425553,17.01192842608103,17.0867919921875,2362500,-0.00395626438751236
2006-04-07,17.086789144387787,17.206214871335973,16.812288767787763,16.929931640625,2078400,-0.009222608566713225
2006-04-10,16.951319609917974,17.120654010659553,16.894279505104976,17.067180633544922,2465400,0.008074199799578423
2006-04-11,17.09392306448187,17.129571994533876,16.658999386245846,16.76238250732422,3173100,-0.0180201188447556
2006-04-12,16.915671066835557,16.915671066835557,16.735641567849388,16.77663803100586,2039700,0.0008500859185093941
2006-04-13,16.776642305713082,16.888937659454257,16.71960320160208,16.86933135986328,1498500,0.005509935665094872
2006-04-17,16.86041934088861,16.96915000698491,16.703561802596628,16.835464477539062,1710000,-0.0020096186836677014
2006-04-18,16.676815428518932,17.375544100048362,16.676815428518932,17.352373123168945,3369000,0.030241634246931805
2006-04-19,17.44149878853885,17.530621075531542,17.21868899130034,17.388023376464844,2465100,0.002052381055023899
2006-04-20,17.37910817873023,17.49318631849455,17.257900665200147,17.33454704284668,2327100,-0.003080208363201152
2006-04-21,17.432591038066814,17.432591038066814,17.13848330126626,17.265039443969727,2088300,-0.004017833704945503
2006-04-24,17.26326201973626,17.289998724241023,17.02084576443075,17.175920486450195,1883700,-0.005175184234243007
2006-04-25,17.209777483067988,17.26681656508254,17.11530663097379,17.12065315246582,2220900,-0.0032229098104901623
2006-04-26,17.158090361220324,17.414766311645508,17.156307506865037,17.414766311645508,2814000,0.017032963515732545
2006-04-27,17.209787289573175,17.218699523723927,16.591268244100842,16.609092712402344,5202300,-0.04736818577131598
2006-04-28,16.621563470817588,16.778421997494963,16.44331681403966,16.598392486572266,5304000,-0.0006444466442605385
2006-05-01,16.578780420354818,16.593041210425206,15.582378344976854,15.751713752746582,10406400,-0.052356683464591144
2006-05-02,15.685764689791357,15.908574536934937,15.562774274291273,15.881837844848633,10270200,0.008227013374726283
2006-05-03,15.82836399832568,15.922834870952547,15.587729681314354,15.805191993713379,5190300,-0.004837689174767734
2006-05-04,16.13138138622073,16.322104923549922,15.972741057481215,16.113555908203125,9129900,0.019322406348041703
2006-05-05,16.2205019252521,16.732072792331277,16.2205019252521,16.678598403930664,7317000,0.03446546526018569
2006-05-08,16.826552850626012,16.97806285080148,16.370238975592333,16.416584014892578,4312800,-0.015834320547196357
2006-05-09,16.4254905540579,16.675036050214207,16.273979586463078,16.639387130737305,4592100,0.013480559317801236
2006-05-10,16.577008611984162,16.844379718629067,16.414803501151315,16.719606399536133,3789000,0.0048094630525863605
2006-05-11,16.86219545847361,16.949536940614838,16.175943578636485,16.286457061767578,5300700,-0.02624815932684459
2006-05-12,16.298936338926268,16.45222915837152,15.88540290921918,15.917487144470215,7134900,-0.022915582081286943
2006-05-15,15.906790974235966,16.104644922029298,15.801624011615374,15.819448471069336,6286500,-0.006178226306214781
2006-05-16,15.86579689691954,16.031566649266967,15.828365116061045,15.862232208251953,4587600,0.0027008518659847407
2006-05-17,15.819455952317103,15.867582831554143,15.429094394007594,15.630514144897461,5076900,-0.014715912194024428
2006-05-18,15.470084333467922,15.926397015886986,15.420174623858689,15.461172103881836,4244400,-0.010893183096481547
2006-05-19,15.698240922855218,15.876488577212779,15.614465147470145,15.819448471069336,5628600,0.022908243424521205
2006-05-22,15.685759492034835,15.837270423469656,15.480776214085846,15.607331275939941,4687500,-0.013499341519739265
2006-05-23,15.7748967825193,15.912147038513499,15.632298981494165,15.64655876159668,3513000,0.002510247921679324
2006-05-24,15.605558613357783,15.712507455983573,15.302538592484298,15.480786323547363,5367600,-0.010651342403169159
2006-05-25,15.632292512918742,15.823017120361326,15.495042313718084,15.823017120361328,4327200,0.02186599676208761
2006-05-26,15.937098156481925,16.111780166625977,15.897883515447642,16.111780166625977,2316000,0.018085032077408403
2006-05-30,15.864016782331793,15.947792584769434,15.63229465484619,15.632294654846191,3648600,-0.030211747217416436
2006-05-31,15.689332535448886,16.072564627198567,15.6643776741383,16.033349990844727,6108000,0.02533198278471694
2006-06-01,16.03156687743135,16.158123016357422,15.865797122724654,16.158123016357422,3320700,0.007751968996045239
2006-06-02,16.241899104041597,16.26507213097778,16.065434260055532,16.165252685546875,3529500,0.0004411463314246591
2006-06-05,16.040471912584078,16.08681488206267,15.67862916462645,15.710713386535645,3777300,-0.028521181754558683
2006-06-06,15.746369376495483,15.757064461228394,15.509299757966565,15.601988792419434,4197900,-0.006944468122695
2006-06-07,15.675075021806956,15.896102076834161,15.484350375595652,15.726766586303711,5662200,0.00796574598448527
2006-06-08,15.653682628103953,15.810541173922468,15.231236918854227,15.612686157226562,6965100,-0.007280339825800672
2006-06-09,15.568122258315666,15.710719993366533,15.46830384378006,15.500389099121094,3410400,-0.007218672202767116
2006-06-12,15.496823407638926,15.505736658536318,14.947821617126465,14.947821617126465,4964700,-0.03629954878844057
2006-06-13,14.913950433990777,15.159932224659284,14.520024426100408,14.602018356323242,6684600,-0.02340581524747318
2006-06-14,14.562806388357021,14.732140800812212,14.28830500845937,14.47903060913086,5931000,-0.008458324910011009
2006-06-15,14.705407461308189,15.159938441372907,14.67867076480892,15.149243354797363,4775400,0.045249149297124605
2006-06-16,15.08151661227895,15.186682635667454,14.917529623563722,15.158163070678711,4331400,0.0005886162618906201
2006-06-19,15.204504845264067,15.24906704140242,15.008433630111185,15.056560516357422,4431000,-0.006725392472510217
2006-06-20,15.106462805964275,15.361356909043293,15.088638343073852,15.220541000366211,4103400,0.010832086241160215
2006-06-21,15.20449427091607,15.546729781755225,15.199146729503354,15.486124992370605,3098100,0.017298564085123057
2006-06-22,15.48077856022551,15.557423934412071,15.372047937377513,15.514644622802734,3912900,0.001839930997319747
2006-06-23,15.418397622255752,15.525346457761446,15.297190029951631,15.452265739440918,3326700,-0.00402874984968336
2006-06-26,15.436212335906163,15.44690741598106,15.177753680416957,15.275790214538574,4246800,-0.01148640613479704
2006-06-27,15.249061266369537,15.263321041340639,14.851569401587817,14.871176719665527,5117700,-0.026844345113774908
2006-06-28,14.972774267725054,14.985251185238292,14.785614385390629,14.928213119506836,2624700,0.0038280293522222415
2006-06-29,15.070809408643441,15.454041392654716,15.060115345322107,15.425521850585938,5473500,0.03277048020225475
2006-06-30,15.595093271517827,15.614727811970253,15.429093363840323,15.495136260986328,3289200,0.004502784369523726
2006-07-03,15.439804035639943,15.616514919833685,15.339848035082163,15.568321228027344,1715700,0.004711974027714061
2006-07-05,15.297009097464349,15.352342065098483,15.06496524810791,15.06496524810791,4012200,-0.03286629331395061
2006-07-06,15.020341195226505,15.111373609436908,14.915029206656738,15.06496524810791,4013100,0.0
2006-07-07,14.957875890647053,14.982865414414844,14.702628746133664,14.72583293914795,3942600,-0.022768571519243757
2006-07-10,14.877547954767714,14.995354207714328,14.804365762210464,14.8936128616333,2988000,0.011329159779298461
2006-07-11,15.082813389185352,15.082813389185352,14.716898453314714,14.943587303161621,5781900,0.0033498108390553863
2006-07-12,15.08281697072596,15.19883788549955,15.020342677712437,15.093525886535645,4533900,0.009983637763567855
2006-07-13,15.029271629398885,15.111378442207009,14.838281112236539,14.932884216308594,3902700,-0.010700127145784662
2006-07-14,15.000710245499278,15.027485092183015,14.740108206365367,14.822216033935547,3540600,-0.007438636855193573
2006-07-17,14.752602753189821,14.927528350552274,14.715118988428149,14.802581787109375,2208000,-0.0013255280133622148
2006-07-18,14.79008467269235,14.911460552075923,14.707976859370644,14.868621826171875,2869200,0.0044514640507841265
2006-07-19,14.950727154183507,15.463007471308682,14.927522975845598,15.36305046081543,3723900,0.03271223102891107
2006-07-20,15.439805021655545,15.525483495837316,15.22561138959062,15.245245933532715,2433300,-0.007697593322615477
2006-07-21,15.368406792356334,15.368406792356334,15.064965074695982,15.075675010681152,3365100,-0.011185193949599931
2006-07-24,14.993570457718267,15.439806992817832,14.868623901056491,15.302367210388184,3875100,0.014925017625022366
2006-07-25,15.245245917471337,15.321998763216548,15.052472159493899,15.243461608886719,3212100,-0.0038568719068406148
2006-07-26,15.243465442295548,15.257745021342512,14.99892726810779,15.05426025390625,2656500,-0.012489639670479759
2006-07-27,15.350558946739044,15.816429968661536,15.350558946739044,15.564752578735352,5310300,0.033347883279209206
2006-07-28,15.939586106645384,16.255521996302335,15.930661502488586,16.243026733398438,4630200,0.04265478481144846
2006-07-31,16.135934917955833,16.366193445664784,16.07881661849523,16.323354721069336,3393900,0.004933194723586124
2006-08-01,16.234116702236832,16.26446017742846,16.062761708132353,16.16450309753418,2583600,-0.00977921599975845
2006-08-02,16.314426807683994,16.412598481975117,16.268017432762132,16.355480194091797,2296800,0.011745349948827914
2006-08-03,16.291230629860586,16.578607557900014,16.225187700597534,16.385833740234375,4000800,0.0018541439662056254
2006-08-04,16.716037167917722,16.958789848081157,16.55360693808012,16.626789093017578,4479900,0.01459803015352396
2006-08-07,16.537544783437376,16.839201120524088,16.45186735269322,16.50006103515625,2477100,-0.007651115369406868
2006-08-08,16.617869570556227,16.669632897865455,16.300149309129413,16.344772338867188,2886600,-0.00945596840868335
2006-08-09,16.519697447834435,16.78386904524894,16.425094380304362,16.437589645385742,3599700,0.005662652043403345
2006-08-10,16.323354646748413,16.6357209838487,16.134149514629815,16.589311599731445,2979000,0.009187844814004883
2006-08-11,16.52326783488823,16.614300247175688,16.360837552312155,16.45186996459961,1678800,-0.008319462038453485
2006-08-14,16.757097230265945,16.81957049907025,16.494709909830178,16.562538146972656,2641500,0.006704260546888646
2006-08-15,16.835635315922776,17.108732571604776,16.798151559107637,17.087312698364258,3450600,0.031192833708064277
2006-08-16,17.224747254671772,17.342552422506095,17.06588666616297,17.324703216552734,2951400,0.013797173906237878
2006-08-17,17.260446702251517,17.546038100062916,17.2211776297136,17.51212501525879,2839800,0.010760084457419512
2006-08-18,17.513912322285538,17.66741592857181,17.40859831206963,17.642427444458008,3467100,0.007413152312318154
2006-08-21,17.601371758720063,17.601371758720063,17.262232726187467,17.33541488647461,2163900,-0.01755513903382911
2006-08-22,17.381836390644743,17.483579811578057,17.272955732465583,17.347923278808594,2017800,0.0007212911754155608
2006-08-23,17.554964787463717,17.836987602974666,17.422879005635355,17.50141716003418,3671100,0.008809054741242097
2006-08-24,17.626364429317228,17.658492190080477,17.35505153609658,17.451438903808594,2529600,-0.0028597543042140254
2006-08-25,17.32827365458304,17.524616960285147,17.26758472094443,17.33719825744629,1487400,-0.006567722470977461
2006-08-28,17.294365166208124,17.533548291608337,17.237246868880057,17.408601760864258,1267500,0.004110056691514389
2006-08-29,17.421097342056278,17.522838672665987,17.21582935100465,17.38361358642578,3213000,-0.001436423549669511
2006-08-30,17.403249372098472,17.481787548633086,17.356841006703913,17.430023193359375,2043900,0.00266617559774168
2006-08-31,17.510344676733833,17.581741525180487,17.387183478994242,17.565677642822266,1814400,0.007752673938128218
2006-09-01,17.590671207915573,17.640650241879047,17.378263888316773,17.48535919189453,2138700,-0.004582950963005108
2006-09-05,17.546040972836312,17.635289065281313,17.38718137014113,17.578170776367188,1567500,0.005293922278505861
2006-09-06,17.554961193400572,17.683478332715353,17.503198906024963,17.617435455322266,2450700,0.002231227101821914
2006-09-07,17.474642465303067,17.579956483128868,17.349697992994646,17.560319900512695,2739600,-0.0032472569338536737
2006-09-08,17.5513969048741,17.763804136724954,17.51034249650217,17.717395782470703,3038100,0.00890516389459055
2006-09-11,17.7173982370465,18.06010801690577,17.7173982370465,17.938732147216797,4265700,0.012415212790065888
2006-09-12,18.027981720724163,18.556324986369496,18.01905711381592,18.484928131103516,3812100,0.029993522128674326
2006-09-13,18.340347445881775,18.81335775041695,18.272519206280414,18.588455200195312,3627000,0.005584995427548082
2006-09-14,18.479576406924554,18.66521195034673,18.374264386929063,18.58131980895996,3006600,-0.00038393513661272793
2006-09-15,18.70626465140274,18.825855217629343,18.642005021505113,18.700908660888672,6869400,0.006415349457026579
2006-09-18,18.700911046803178,18.71519164728412,18.442093292156223,18.540266036987305,2829000,-0.008627204784561329
2006-09-19,18.56345873315034,18.790146515939355,18.438512244694888,18.61522102355957,3103500,0.004034671279109278
2006-09-20,18.831208498686017,19.006132018785255,18.772304867777585,18.882970809936523,3426000,0.014280919894073188
2006-09-21,18.915095920285925,19.043611044233405,18.592020738235295,18.68126678466797,2781300,-0.010739255033593001
2006-09-22,18.649143582306248,18.724111096713845,18.39032589898238,18.495637893676758,2346000,-0.009986330775842465
2006-09-25,18.706260451476254,18.929377647716755,18.56703332733585,18.850841522216797,2466300,0.01902264123539993
2006-09-26,18.795507921258135,18.902605245688438,18.502777141012757,18.759809494018555,3125400,-0.0048407673625159
2006-09-27,18.677707495230194,18.843706450113896,18.581320082782586,18.688417434692383,2388600,-0.003812845182351549
2006-09-28,18.634863892650287,18.83656328503084,18.515273338301842,18.82585334777832,2052300,0.007327159776728361
2006-09-29,18.772299247739156,18.954364032989883,18.741954776412207,18.875825881958008,2032800,0.0026509462955432894
2006-10-02,18.856177546454,18.879409116110985,18.613149969438414,18.81865119934082,3102600,-0.0030335863973069447
2006-10-03,18.76325112477632,19.06524919198913,18.664966883066555,19.00985336303711,2683200,0.010108979679458974
2006-10-04,19.054530774691653,19.265396118164062,18.890130614071087,19.265396118164062,3045000,0.013353096616189131
2006-10-05,19.24752394435039,19.37439979991146,19.031300622928633,19.34402084350586,3383400,0.0040728319780192635
2006-10-06,19.24931408137192,19.315432033666124,19.1456697789927,19.240379333496094,1226700,-0.005372210468355361
2006-10-09,19.124216609232,19.338654547885042,18.99555548206557,19.302915573120117,1708200,0.0032449895449186274
2006-10-10,18.945526197616275,19.159964209922574,18.920507270662153,19.0831241607666,3888000,-0.011451757767995535
2006-10-11,18.580974916672858,18.940158128069015,18.49698751476535,18.763246536254883,4325700,-0.01690440778917427
2006-10-12,18.836514864973168,19.08133176970618,18.818645376166128,19.075969696044922,2967300,0.016529426934945395
2006-10-13,19.006281415976904,19.077759379919755,18.802565537681893,18.83830451965332,2505300,-0.012537140394503437
2006-10-16,18.865113256743253,18.947315388926917,18.80078266484104,18.945528030395508,1370700,0.005675644387426281
2006-10-17,18.920510610080477,18.934807434439392,18.664973535589294,18.811506271362305,2091900,-0.00709919750780324
2006-10-18,18.99556357124173,19.1206520812191,18.69177806631067,18.972332000732422,2705700,0.008512989044539315
2006-10-19,18.941954824102442,18.94731690012434,18.700712528937363,18.811506271362305,2220600,-0.008512989044539435
2006-10-20,18.843662120757703,18.968748527964003,18.78111687212288,18.891910552978516,2047500,0.0042650990427438055
2006-10-23,18.798995408234198,19.322578983980378,18.798995408234198,19.315431594848633,4085100,0.022170523557422377
2006-10-24,19.20642223651978,19.37082236867772,18.93122635414349,19.329723358154297,3616500,0.0007396406599787395
2006-10-25,19.35474225968437,19.567392901924052,19.120649453420583,19.560245513916016,5436300,0.011855234774755754
2006-10-26,19.860455655475846,20.014135740644203,19.71035028671876,20.00877571105957,5360100,0.02267174650464485
2006-10-27,19.92120826361423,20.04808407703559,19.735361915291463,19.817564010620117,3158700,-0.00960234713998266
2006-10-30,19.865815006850273,20.40012051528467,19.828288669805183,20.27503204345703,5225400,0.022821564713247738
2006-10-31,20.34472494241314,20.546653448809803,20.276819654286616,20.364381790161133,6177300,0.0043972037115309805
2006-11-01,20.493043446880527,20.528782427304293,19.728217813632373,19.755022048950195,4586400,-0.030379644170825202
2006-11-02,19.71034747329796,19.808631710256307,19.553092694164604,19.647804260253906,4972800,-0.005442150391813846
2006-11-03,19.799696044927867,19.8801087436742,19.21714212709827,19.379756927490234,3348600,-0.013736525648098208
2006-11-06,19.3761925187957,19.721079149517543,19.335091446109438,19.69427490234375,3434400,0.016098915470459108
2006-11-07,19.726433747559863,20.103486598055934,19.71571368766942,19.760387420654297,2412600,0.003351319022678575
2006-11-08,19.653159665834384,19.926566062018725,19.644224923215624,19.681751251220703,2042700,-0.0039874244283634105
2006-11-09,19.576327867645634,19.585262614013924,19.03130015905057,19.070613861083984,5149200,-0.03154326502953279
2006-11-10,19.149242844860836,19.265396602263017,19.0241543403533,19.120651245117188,2487900,0.0026203590022458342
2006-11-13,19.12065115861235,19.24752497594094,19.10099430606299,19.192129135131836,3677700,0.0037312861261667592
2006-11-14,19.32435616573639,19.335078266303753,19.06345921704633,19.299339294433594,3104400,0.00557060776937246
2006-11-15,19.293982301102716,19.460169773454833,19.236797074072516,19.33150863647461,2544000,0.0016654746763265925
2006-11-16,19.461960736441966,19.58347450943942,19.426221752330765,19.45123863220215,1520100,0.0061744143742048
2006-11-17,19.3797562045145,19.52986153926671,19.28504464636219,19.388690948486328,2643000,-0.0032207956327966656
2006-11-20,19.467314920532605,19.592403372393377,19.29219272395285,19.42978858947754,2367900,0.00211742741268976
2006-11-21,19.517348290505204,19.585253558526766,19.306485101657046,19.365455627441406,2010000,-0.003316541617592939
2006-11-22,19.365458983167173,19.53164848962733,19.33508003628394,19.463743209838867,1314000,0.005062571222862585
2006-11-24,19.297558192810705,19.32972450494063,19.145665468089618,19.245737075805664,835800,-0.011263826709030865
2006-11-27,19.17604346687552,19.20284770313254,18.547028391236,18.561323165893555,3628500,-0.03620956951971938
2006-11-28,18.58098189397319,18.815076746696608,18.482697639392182,18.677478790283203,2358000,0.0062384392086160785
2006-11-29,18.761454729433222,18.97053052833618,18.711418953661884,18.934791564941406,3982200,0.013682598076852657
2006-11-30,19.03129029930469,19.18497031125943,18.900841842891094,19.07417869567871,4602600,0.00733446629229165
2006-12-01,19.029513635173803,19.11171575940528,18.672119674706565,19.0831241607666,5773500,0.0004688730377734607
2006-12-04,19.28147465613879,19.57632533826047,19.224291468757226,19.519142150878906,4031100,0.02259124013235638
2006-12-05,19.626361524664063,19.87653848563914,19.47625616609187,19.839012145996094,4478700,0.016254676758029732
2006-12-06,19.835438775693756,20.060596828829386,19.760386091315215,20.00877571105957,3429900,0.008520653280050144
2006-12-07,20.174956769166553,20.269668318521344,19.93728932954126,19.99447250366211,3268500,-0.0007151023302011497
2006-12-08,19.928362802375982,20.155310279821173,19.81935848209859,20.07847023010254,2605800,0.00419224762302618
2006-12-11,20.130282674155996,20.130282674155996,19.8747457530618,19.95158576965332,2881500,-0.0063394807839647176
2006-12-12,20.008771317671613,20.191042959011384,19.894404958009936,20.08561134338379,3730500,0.006695077778928094
2006-12-13,20.24644199035187,20.283968330249778,20.03200605451127,20.06953239440918,1976400,-0.0008008413536732063
2006-12-14,20.049877482827135,20.44658512723369,19.96767536270215,20.371532440185547,3214200,0.01493559385586492
2006-12-15,20.37152834413771,20.435858913668152,20.212488255705477,20.2357177734375,3229200,-0.00668920808268651
2006-12-18,20.23750472222351,20.496616398048804,20.198191029129696,20.31077003479004,1926600,0.003702039368935192
2006-12-19,20.01414056386139,20.174968075577915,19.90870889967582,20.019502639770508,2883300,-0.014444358534796831
2006-12-20,20.014139374728206,20.16245945724327,19.96053088901875,19.9641056060791,1811700,-0.0027709889911586055
2006-12-21,19.92835628794881,20.1302847722478,19.892617312329673,19.949800491333008,2121000,-0.0007167985675808566
2006-12-22,19.978392754743812,19.987327498949984,19.60312736298908,19.73179054260254,1906500,-0.010988074648659927
2006-12-26,19.703161473910708,19.778316241042784,19.62084754966981,19.65663719177246,2001600,-0.0038160163454779533
2006-12-27,19.772948311550028,19.89283962807819,19.699583328358386,19.851682662963867,2589900,0.00987372059827995
2006-12-28,19.95189064268895,19.962627331454478,19.762211871583293,19.871366500854492,1944000,0.0009910538045833181
2006-12-29,19.83558073110475,19.85526432101947,19.654850890496768,19.713899612426758,1906500,-0.007955875226956058
2007-01-03,19.941159891592143,20.45292923897781,19.932212989592514,20.28830337524414,3660900,0.02872058054258754
2007-01-04,20.290092012047282,20.46724434763806,20.105784612640964,20.37777328491211,2777700,0.004400230431645783
2007-01-05,20.238200667748647,20.350932856756426,19.966209943970025,20.00020980834961,2013600,-0.01870199809098734
2007-01-08,20.044928701203787,20.572803676386577,19.9178803398991,20.567434310913086,2851500,0.02796620230996512
2007-01-09,20.578177942209713,21.08636951120496,20.57281062273688,20.930692672729492,4179900,0.01750766441533897
2007-01-10,20.73922446685257,21.208050922023837,20.62291479543489,21.14900016784668,2876400,0.010376000345249842
2007-01-11,21.256371051548932,21.524782157767287,21.118585919172865,21.494361877441406,2771100,0.016198031497612064
2007-01-12,21.50508916983308,21.58203370793309,21.35656741237369,21.45856285095215,2578800,-0.001666896259322194
2007-01-16,21.4728875186981,21.641090875918827,21.331524861312918,21.54804229736328,3328200,0.004161201527921259
2007-01-17,21.607094956462486,21.789614598255735,21.4549955962705,21.517623901367188,2866800,-0.0014126520608908617
2007-01-18,21.666147888894656,21.666147888894656,21.324369694018767,21.374473571777344,2459700,-0.0066749293937202955
2007-01-19,21.49973101035272,21.49973101035272,21.05237981156102,21.077430725097656,3808200,-0.01399455216478476
2007-01-22,21.129327060444684,21.211638970595633,20.989752109031116,21.100696563720703,2378100,0.0011032183019152428
2007-01-23,21.143636450391195,21.22952792092399,20.82691126883635,21.0577449798584,2366700,-0.0020376274430773562
2007-01-24,21.166895477469787,21.506881713867188,21.157948579028474,21.506881713867188,2048700,0.02110453864113199
2007-01-25,21.65182071396043,21.748448841042904,21.208049292788726,21.23488998413086,4989900,-0.01272738075643177
2007-01-26,21.383411612697053,21.42814815007207,20.97542774358203,21.132896423339844,2770500,-0.004814684290448909
2007-01-29,21.168688969703044,21.370892186349607,20.89133097387733,20.977222442626953,2467500,-0.007393695106394685
2007-01-30,21.016595057017696,21.102486547980273,20.878809894346308,21.02911949157715,3070200,0.002470916198127938
2007-01-31,20.953959126999873,21.39415315723198,20.939644906215708,21.313631057739258,3620100,0.01343870411477942
2007-02-01,21.4549871962346,21.764553116728763,21.37088554319215,21.723398208618164,4591500,0.0190431143115453
2007-02-02,21.650039872582017,21.744878240903653,21.528358756550073,21.608882904052734,4017900,-0.005285462395125284
2007-02-05,21.70551773964485,21.75740936584578,21.55520608791736,21.692991256713867,1920300,0.003884749104578354
2007-02-06,21.750238734700822,21.941705200801696,21.682241087618753,21.86655044555664,3560400,0.007968867463604534
2007-02-07,21.92024042753678,22.12960077008131,21.8880324042618,22.08307647705078,2175000,0.009853452624668234
2007-02-08,22.09022788068187,22.421267184767242,21.925602099266342,22.18506622314453,3276900,0.0046078249651764205
2007-02-09,22.24591076080452,22.328224697783153,21.623197103872965,21.81287384033203,2733600,-0.01691903124030406
2007-02-12,21.85760521562823,21.966757778833383,21.691189639310892,21.948863983154297,2517900,0.006215044800504501
2007-02-13,21.891609037028346,22.004343257305084,21.786033975242596,21.993606567382812,1800600,0.002036417121305458
2007-02-14,22.03833695913549,22.546528583074043,22.00075957532214,22.473163604736328,2255400,0.021570068115668153
2007-02-15,22.435590088272377,22.593058822198486,22.365804670113643,22.564428329467773,1920000,0.004052829902034132
2007-02-16,22.492848888595827,22.65568491334588,22.344327083610136,22.55010986328125,1946400,-0.000634760644389899
2007-02-20,22.578744578845768,22.59842817056832,22.369382181120198,22.534008026123047,2281200,-0.0007143020024185167
2007-02-21,22.510739068921513,22.673575067497953,22.43737204902642,22.508949279785156,3395100,-0.0011126600215415343
2007-02-22,22.54115831623547,22.610943706872234,22.23159033975329,22.466001510620117,2721000,-0.0019098534390693104
2007-02-23,22.3496959222269,22.41411605898439,21.99181583004009,22.1439151763916,2293200,-0.01444037357763163
2007-02-26,22.228010522107024,22.285271484368803,21.809289991544446,21.90591812133789,2092500,-0.010805914715112993
2007-02-27,21.50330785586693,21.50330785586693,20.606813734670286,20.7535457611084,5259300,-0.05403972203511914
2007-02-28,20.757121431574454,21.113213717182973,20.681966666857694,20.98795509338379,3345000,0.01123159405744236
2007-03-01,20.571025674564186,20.869857041610747,20.098621585054563,20.642602920532227,4451100,-0.016591663036228232
2007-03-02,20.637232949753674,20.807226088222716,20.46008270124091,20.48155403137207,4191300,-0.007832365422383405
2007-03-05,20.220306388305175,20.443980971167438,19.946525881089062,19.991262435913086,5052600,-0.024229377840062714
2007-03-06,20.399239659913544,20.665860918824016,20.12009192409286,20.640810012817383,3573900,0.031974884759789574
2007-03-07,20.658704726917524,20.78933067830324,20.49765850043563,20.526288986206055,2418300,-0.005563730494167168
2007-03-08,20.792903826028287,21.157942918653646,20.74101019070073,21.032684326171875,3304200,0.024371170121866
2007-03-09,21.419201552725042,21.53909080555727,21.2867837757007,21.422779083251953,5004000,0.018377174774469235
2007-03-12,21.419205879561318,21.67151091257165,21.22058019780781,21.594566345214844,4477500,0.007986925899653434
2007-03-13,21.41920691998741,21.438890510165695,20.75891380201968,20.782176971435547,4176000,-0.038345981946599765
2007-03-14,20.71238365704666,21.03089854130051,20.3974483510187,20.991531372070312,3684300,0.010023345386795392
2007-03-15,20.986173134852436,21.097115534104447,20.796496363065692,21.01301383972168,3845400,0.0010228640455958453
2007-03-16,20.84658826526966,22.367585390624015,20.363449664264564,20.49944496154785,7155300,-0.02474414170658077
2007-03-19,20.757128939380173,20.943226129263312,20.69449858092045,20.927122116088867,3925500,0.020648215846718818
2007-03-20,20.893113268951726,21.077422637537502,20.846588991484303,20.99690055847168,2132400,0.0033288077987560535
2007-03-21,21.05594846096749,21.769922745440688,20.918165422917486,21.707294464111328,3748500,0.03327352010354105
2007-03-22,21.91844905813923,21.91844905813923,21.540883359479334,21.741296768188477,3244800,0.0015651743844509556
2007-03-23,21.809297325691848,22.08307575363193,21.762773034185404,21.988237380981445,2813400,0.011294117008592838
2007-03-26,22.00433701706092,22.077701988274168,21.72339951257327,21.990020751953125,3807000,8.110239233517082e-05
2007-03-27,21.866551272081434,21.993599673890724,21.703715280291018,21.72697639465332,3526800,-0.012034107965449155
2007-03-28,21.526319590345192,21.59081735332795,21.26653448486138,21.365074157714844,4236900,-0.016797100219730368
2007-03-29,21.71622435924691,21.752058261492266,21.359693742227954,21.58364486694336,2221200,0.010178305716426056
2007-03-30,21.55499138070975,21.818360564573492,21.30774817975847,21.648157119750977,3565200,0.0029844835388748324
2007-04-02,21.594393237820572,21.673224946453757,21.284442410883447,21.628435134887695,3160800,-0.0009114389650888417
2007-04-03,21.80760193238403,22.30388014089721,21.66068844290437,22.273422241210938,4809000,0.029385249555368677
2007-04-04,22.341512662070585,22.520676123666806,22.164143254500328,22.488426208496094,3818700,0.00960664620639082
2007-04-05,22.3791273940489,22.58158066970299,22.341503533562857,22.53679084777832,3592800,0.0021483364676919384
2007-04-09,22.540374098799067,22.595913886194964,22.305670929011402,22.524248123168945,3291000,-0.0005566993225075158
2007-04-10,22.323588195106666,22.672954966397405,22.323588195106666,22.637123107910156,3817500,0.004998750777618559
2007-04-11,22.615616587273408,22.81986181180092,22.491995071212198,22.551118850708008,5758500,-0.003806492898158711
2007-04-12,22.572623842428936,22.678329467773438,22.339712655994372,22.678329467773438,4118700,0.005625138365810915
2007-04-13,22.678329520776323,22.853908912530898,22.59233182793981,22.67116355895996,3271800,-0.00031603038512000606
2007-04-16,22.758962791935346,23.262407188983126,22.758962791935346,23.196117401123047,3312600,0.02289112212935007
2007-04-17,23.19610550071986,23.627885927361753,23.099357849078395,23.459474563598633,3513300,0.011289534588699619
2007-04-18,23.459474752411122,23.957544936912857,23.434390812689426,23.826757431030273,3703500,0.015534765120441494
2007-04-19,23.319730450822238,23.42902008818802,22.857494109215672,23.106529235839844,6821400,-0.030693982484729005
2007-04-20,23.138770429569945,23.46305319169621,23.138770429569945,23.343015670776367,3870600,0.010182596137593028
2007-04-23,23.515021842936566,23.63147746258597,23.260612713359503,23.323318481445312,2787900,-0.0008441713221582517
2007-04-24,23.321519460542255,23.427225078072055,22.896904987518948,23.192523956298828,2677200,-0.00562366982933384
2007-04-25,23.269573451200053,23.604608452713382,23.00083028874164,23.472026824951172,2162100,0.011979380771183388
2007-04-26,23.721063763487706,23.721063763487706,23.129829583414413,23.40932273864746,2927100,-0.0026750135940348395
2007-04-27,23.382441619865645,23.579518935666265,23.262401996785265,23.531145095825195,2313600,0.005190516256173818
2007-04-30,23.54369375508322,23.73718916939572,23.382448259938705,23.52577781677246,3355200,-0.00022811857400787799
2007-05-01,23.595639526299752,23.652971319657034,23.36093634392338,23.579513549804688,3322500,0.002281516780072646
2007-05-02,23.685228385271774,23.909181687215924,23.633272580651443,23.824975967407227,2002500,0.0103561757093715
2007-05-03,23.962931496718866,24.136718961888132,23.75510416018646,24.118803024291992,3241800,0.012257303942515797
2007-05-04,24.219125792425057,24.290789516348063,24.08117025338765,24.222707748413086,2350800,0.004298785142193997
2007-05-07,24.303332296971078,24.366038057490513,24.12775288696156,24.228084564208984,1965900,0.00022194955175461987
2007-05-08,24.118790675396983,24.186872433612834,23.946795302119018,24.11699867248535,2827200,-0.004595548493823753
2007-05-09,24.15283738184566,24.5129521255126,24.125961433520793,24.41620445251465,3356400,0.012330097808284665
2007-05-10,24.186877645821866,24.4126208530163,23.99338229659977,24.009506225585938,2704800,-0.016797184120774845
2007-05-11,24.063254346020855,24.452034969517175,24.063254346020855,24.36962127685547,1293000,0.014887482312104338
2007-05-14,24.457401843623572,24.518317626541958,24.15282702972385,24.249574661254883,2113800,-0.004938249481176611
2007-05-15,24.33198946720937,24.699272083796753,24.108036302157956,24.15999412536621,2832300,-0.0037009475763898274
2007-05-16,24.27645380984099,24.593570659631343,24.27645380984099,24.523696899414062,2133900,0.014941740567478216
2007-05-17,24.348122911977814,24.35708087805551,23.896634450482264,24.0972957611084,3825600,-0.017540245360630615
2007-05-18,24.131331395580393,24.364242553710934,24.048915668686703,24.364242553710938,2643300,0.011016963220797421
2007-05-21,24.337368107499994,24.541613384118513,24.18687266701614,24.477115631103516,2997300,0.004622036836478005
2007-05-22,24.521909423960782,24.521909423960782,24.143876708252545,24.242416381835938,3098700,-0.009634783223208541
2007-05-23,24.287206858652453,24.4663682136305,24.17612521929555,24.202999114990234,2639700,-0.0016272860967229685
2007-05-24,24.186873971706014,24.58819653487553,23.794509373317723,23.910964965820312,4070700,-0.012139416946915902
2007-05-25,23.869753144673137,24.138496144298074,23.82854528329571,23.998750686645508,1916100,0.003664635361459554
2007-05-29,24.043529741907243,24.27285678024306,23.909158302235756,24.10265350341797,2398500,0.004320164041939073
2007-05-30,23.919924427866263,24.271081180033523,23.76763696670637,24.247791290283203,2933100,0.006003594110432697
2007-05-31,24.40186326666973,24.54519271850586,24.283615700025088,24.54519271850586,3208500,0.012190486696956547
2007-06-01,24.319454235219794,24.589989290657147,24.319454235219794,24.389328002929688,2633100,-0.006370359426418788
2007-06-04,24.63477667443699,24.63477667443699,24.08475070336545,24.582820892333984,2105700,0.00790220158410074
2007-06-05,24.452036488654894,24.452036488654894,23.803470724695387,23.946800231933594,5139300,-0.026213148352524626
2007-06-06,23.681640148151267,23.828551605350455,23.454102899188506,23.56697654724121,3817200,-0.01598827967146253
2007-06-07,23.566982754135633,23.566982754135633,22.86287498474121,22.86287498474121,5821200,-0.030332017932222864
2007-06-08,22.818087383303485,22.98470683528613,22.556510180291205,22.981124877929688,5128500,0.005158806203388025
2007-06-11,22.844961720712256,23.301824294909707,22.83421174774497,23.095788955688477,2744100,0.004977083095081709
2007-06-12,23.090405664485623,23.29823499241953,22.898702316092574,22.920202255249023,4779300,-0.007631588411568592
2007-06-13,22.963195080461922,23.300019869259895,22.877197392918607,23.251646041870117,5147700,0.014357210819481938
2007-06-14,23.23911072035333,23.509645806680542,23.20148685275519,23.33406639099121,3308400,0.003538442617388835
2007-06-15,23.574144676739394,23.893053614965943,23.515020867645205,23.69955825805664,4060200,0.015542039422295846
2007-06-18,23.79629868134961,24.02920983997699,23.68163510485856,23.894838333129883,3422400,0.008206057220807002
2007-06-19,23.738962780763355,24.127743261720948,23.738962780763355,24.088327407836914,3748500,0.008064916954739782
2007-06-20,24.412616759935194,24.96264481036084,24.124165787762266,24.17074966430664,8712300,0.0034158273059203166
2007-06-21,24.17074991311072,24.3929090787486,23.728219484157353,24.156415939331055,2764800,-0.0005931953681479576
2007-06-22,24.10625219137913,24.256749702520807,23.70492959569509,23.756887435913086,4721700,-0.016677529438970377
2007-06-25,23.87333732932366,24.11699639326673,23.30360142771767,23.518596649169922,4424700,-0.010081030767630011
2007-06-26,23.783765360022052,23.923510875803863,23.652977811264176,23.738975524902344,3059700,0.009326779313153418
2007-06-27,23.676196151904847,23.990084431816307,23.405354433971603,23.94524383544922,4400100,0.008651482602799581
2007-06-28,23.979316493640383,24.24836411228259,23.94882612706849,24.110254287719727,2611200,0.00686752222929805
2007-06-29,24.142535701537835,24.370328702323313,23.604440576572443,23.760486602783203,3274200,-0.014613264918933274
2007-07-02,23.76049481123034,24.21070092025743,23.76049481123034,24.045686721801758,3229200,0.011931659980620957
2007-07-03,24.21069165095582,24.35418354206959,24.12997861683116,24.20710563659668,1761300,0.0066905772308269015
2007-07-05,24.207114627495077,24.278859573364187,24.04927246230994,24.21428871154785,2214000,0.00029669013462177635
2007-07-06,24.25015700395853,24.348808340192576,24.11742723484563,24.28961753845215,2435400,0.0031060957061617954
2007-07-09,24.278855505545526,24.528172845475858,24.169444070892418,24.488712310791016,2832600,0.008163292125074155
2007-07-10,24.321900640529005,24.34880498688658,23.737170891810113,23.78739356994629,3916800,-0.029056530965790188
2007-07-11,24.092322613931838,24.348814096103045,23.87708365720735,24.18379783630371,4221900,0.016527139632227395
2007-07-12,24.2716858844886,24.90125846862793,24.183796682231435,24.90125846862793,2825400,0.029235445058671004
2007-07-13,24.59276401815633,25.23668513060879,24.59276401815633,25.152381896972656,2645400,0.010034256592105618
2007-07-16,25.29048186930362,25.31738622671551,25.05013258161647,25.240259170532227,2710200,0.0034877061720495917
2007-07-17,25.469853415730363,26.113774402386888,25.398108442601284,25.819616317749023,4608600,0.022694219555881467
2007-07-18,25.66356758853198,25.78912334154273,25.17928081939459,25.475234985351562,3796200,-0.01342772220094037
2007-07-19,25.54160025424584,25.694060373698676,25.288694709943048,25.505727767944336,3666900,0.0011962420708523473
2007-07-20,25.478803128213954,25.478803128213954,24.460011698255038,24.741613388061523,4904700,-0.03041646670878269
2007-07-23,25.042956651926268,25.39092539629701,24.824129634687075,24.922780990600586,3351300,0.007295705842939765
2007-07-24,24.499473076817015,24.85102980135182,24.043887025149157,24.092315673828125,4610700,-0.03388934648215231
2007-07-25,24.334463055887092,24.71292422538519,23.834034243105428,24.393653869628906,4487400,0.012430073216076573
2007-07-26,23.927299618114596,24.095901846369554,22.743489794737922,23.254680633544922,6118500,-0.047816581816768344
2007-07-27,23.31567545339344,23.66902431270151,22.869055271053085,23.344371795654297,4905000,0.0038494891287111366
2007-07-30,23.652869891592967,23.92550347631083,23.285170998379794,23.774837493896484,4232100,0.018271854768516
2007-07-31,24.088732454388232,24.481541771543558,22.815241220210698,22.845733642578125,6008700,-0.03986338481784531
2007-08-01,21.834117451712526,23.032275867287957,21.830529382851907,22.53184700012207,7366200,-0.013834657750701704
2007-08-02,22.481622185479782,23.03765375167575,22.481622185479782,22.815242767333984,4893300,0.012499124340180556
2007-08-03,23.120162482377907,23.120162482377907,21.60273384685918,21.61170196533203,8205000,-0.054193929365704774
2007-08-06,21.816177595718766,22.63946486316329,21.32830495187772,22.62152862548828,6784500,0.04566712124993467
2007-08-07,22.41704441285436,22.953345542250748,22.162347048301854,22.549774169921875,8018100,-0.003176995635687777
2007-08-08,22.530054173013262,23.448404846801328,21.828736518161477,22.50494384765625,8956200,-0.001990039624400797
2007-08-09,21.687029627580685,22.560537288281687,20.899617114566738,21.853839874267578,10604400,-0.029358367582285202
2007-08-10,21.611700561163005,22.31481208817354,20.99468419750046,21.887922286987305,6806700,0.001558346894729659
2007-08-13,22.079847234695286,22.72915018231835,21.938149301970718,22.244863510131836,4524000,0.016176137535289428
2007-08-14,22.397321783959846,22.686099729430044,21.715734481811523,21.715734481811523,4178700,-0.02407403936184068
2007-08-15,21.608111473719802,22.203603505289323,21.170461593845076,21.335477828979492,4215000,-0.01766577624956782
2007-08-16,21.15611274721761,22.268175806676396,20.282604912139035,22.176700592041016,8202300,0.03867090198955255
2007-08-17,23.265443620607442,24.06541029570783,22.599998694590248,23.586505889892578,7494300,0.06163254931157473
2007-08-20,23.764080243018782,23.905778139147113,22.84214382217771,23.19728660583496,4308300,-0.016639448986723655
2007-08-21,23.157820377280252,23.521931188796167,22.95154962378263,23.37485122680664,2807100,0.007625395338645758
2007-08-22,23.640320876161994,23.973939389513873,23.148860198010563,23.803543090820312,4062300,0.01817372843377966
2007-08-23,23.89321313092667,24.07795956420947,23.586499115238503,23.799943923950195,3306600,-0.000151214421576259
2007-08-24,23.859154341992262,24.124614019990503,23.65109146208399,24.09770965576172,2326800,0.012433576411753668
2007-08-27,24.061823433671588,24.146124547864382,23.640315810037375,23.643901824951172,2455500,-0.0190115702146302
2007-08-28,23.58471848949546,23.58651047102837,22.492383611280257,22.4959716796875,4094100,-0.04976897401212915
2007-08-29,22.68429593166115,23.34077262878418,22.262788365287282,23.34077262878418,4200300,0.03686547279153066
2007-08-30,23.13451588430989,23.399977588102427,22.82600761264391,23.00358009338379,4176600,-0.014551869464578884
2007-08-31,23.251101732708122,23.85018198941119,23.084293472479654,23.63494300842285,3687000,0.027076392871014848
2007-09-04,23.676191955874444,24.14792233566877,23.4914454473104,23.83403205871582,2496000,0.008388224829960997
2007-09-05,23.53987488038913,23.60265375891885,23.166795835482898,23.39997100830078,2694000,-0.01837969434964546
2007-09-06,23.36768724769202,23.52373539228252,23.04124278915626,23.5201473236084,2625000,0.005122603368286208
2007-09-07,23.138103356283516,23.138103356283516,22.571309533994665,22.625118255615234,5765400,-0.03879667042981487
2007-09-10,22.806277854544604,22.92107349437831,22.148008763035783,22.424230575561523,3769800,-0.008918619995380172
2007-09-11,22.600000617372668,22.973079636847366,22.341715142351728,22.60896873474121,3724800,0.008204577880917871
2007-09-12,22.501363689494866,22.510331812608978,21.988380478817966,22.081649780273438,5308500,-0.023599737298286006
2007-09-13,22.14082043703288,22.330946936906027,21.93993178870107,22.13005828857422,4055700,0.002189851048977039
2007-09-14,22.06190897827637,22.62511464142079,21.801829426647092,22.62152862548828,3579600,0.02196525892053423
2007-09-17,22.549790481498196,22.549790481498196,22.099584170431392,22.20899772644043,3278700,-0.01840453713864316
2007-09-18,22.402702613157366,23.59368896484375,22.03679965322272,23.59368896484375,6018300,0.06048174976744795
2007-09-19,23.826860329507372,24.176623111757593,23.751527312449358,23.873497009277344,4448100,0.011789672368779059
2007-09-20,23.760490574717625,23.853761862523505,23.105807789546688,23.193696975708008,2587800,-0.028888372215750992
2007-09-21,23.22956661531683,23.503996291017902,23.19369415273398,23.36947250366211,3369000,0.00755001710119183
2007-09-24,23.306700733979795,23.719242389904345,23.143478516353227,23.304908752441406,2775000,-0.00276656232662767
2007-09-25,22.947966180663126,23.003568911278638,22.503140230398607,22.741695404052734,6287400,-0.024463972882841786
2007-09-26,22.971281532066758,23.039440443591452,22.3811717136429,22.54080581665039,4705800,-0.008872783080700797
2007-09-27,22.7524659255125,22.7524659255125,22.384766870381394,22.696863174438477,3139200,0.006899470301214769
2007-09-28,22.63766982901862,22.953352114031784,22.580273049925317,22.869050979614258,2739600,0.00755778208280024
2007-10-01,22.78654228259317,23.448399230007237,22.78654228259317,23.394588470458984,4104600,0.022720222798804
2007-10-02,23.493350451426885,23.635211480897624,23.25092840420874,23.575952529907227,3485400,0.007722498268847187
2007-10-03,23.502329444901502,23.502329444901502,22.99593831052555,23.109067916870117,2487300,-0.020002140927327945
2007-10-04,23.29402067583942,23.29402067583942,22.832519825675945,22.87561798095703,2741100,-0.010153464656175944
2007-10-05,23.049803547894832,23.545422079036957,22.965405387837627,23.367645263671875,3268500,0.021280758180874722
2007-10-08,23.376631767837818,23.434094627064965,23.107274358331324,23.184490203857422,2148300,-0.007868855124992474
2007-10-09,23.265298562963086,24.649795502123894,23.265298562963086,24.63363265991211,5542800,0.06062916108065663
2007-10-10,24.534861801612788,24.606691386786157,24.112868896940498,24.391206741333008,4184700,-0.00989000260086293
2007-10-11,24.667756435267542,25.488397397101764,24.58156213112409,24.829370498657227,6831900,0.017804558855012646
2007-10-12,24.947888134992105,25.206471044287067,24.685713025763523,25.197492599487305,2559900,0.014717242798254194
2007-10-15,25.274702293552107,25.403992689149877,24.226004167438486,24.601308822631836,2901600,-0.023944843851525906
2007-10-16,24.428923061563086,24.700074525539307,24.09312228230226,24.229597091674805,2923200,-0.015224739495387425
2007-10-17,24.42534144320197,24.773710961453123,24.062607230917212,24.62287139892578,4616100,0.016100836469520055
2007-10-18,24.62285754868689,24.9604502739662,24.296035255322103,24.852706909179688,3204600,0.009290933887886675
2007-10-19,24.7503565264799,24.789862502878574,23.854293823242188,23.854293823242188,3306600,-0.04100244090949715
2007-10-22,23.617272421749703,24.247568165197567,23.577766424605706,24.1739444732666,3504300,0.013311142826128757
2007-10-23,24.603099132790195,25.48659295876647,24.603099132790195,25.44349479675293,4514400,0.05118472464946351
2007-10-24,25.33575478364422,25.693102546443296,24.897601038977268,25.536874771118164,5322600,0.003663373945268499
2007-10-25,24.80781687817313,25.544061556425305,24.27808050517318,24.89580726623535,5751600,-0.025424070657875896
2007-10-26,24.834748108582193,24.942491465057874,22.895375912154325,23.69985580444336,10450200,-0.049230442488683974
2007-10-29,23.692678028701522,23.83633518001398,22.99414525888433,23.25452423095703,5169600,-0.01896926024000307
2007-10-30,23.030059376130122,23.487966167443076,22.63500169037552,23.21322250366211,4840500,-0.0017776518584849668
2007-10-31,23.437681954232907,23.52387622515576,22.787631696202062,23.286840438842773,5491800,0.0031663611629301133
2007-11-01,22.93308543017831,22.981569837103923,22.110646611779643,22.12501335144043,4253400,-0.05117961863757071
2007-11-02,22.195055933230282,22.433885867028824,21.29719701511916,22.308185577392578,7377900,0.008244883015780587
2007-11-05,22.001110253109875,22.20582243148074,21.297189297247154,21.864635467529297,5727000,-0.020083164601607847
2007-11-06,21.846686514661936,22.16812061173596,21.40673652816468,21.902353286743164,4058100,0.0017235743022221734
2007-11-07,21.686863160717795,21.8197457627138,20.907522379919875,20.923683166503906,6061800,-0.045712403780771536
2007-11-08,21.026041884679582,21.658135486095546,20.438842561609732,21.370819091796875,8204700,0.021144714362071788
2007-11-09,21.144562265209668,21.60067511592866,20.79080657252523,21.051185607910156,6935100,-0.015069515687995165
2007-11-12,20.921882530028693,22.069345394450682,20.921882530028693,21.148143768310547,5289900,0.004595254590560156
2007-11-13,21.23613770994811,22.26149281338846,21.23613770994811,22.23276138305664,4980000,0.050014802473570256
2007-11-14,22.611655828939227,22.861262309087316,22.105264635011206,22.184276580810547,6449700,-0.0021831632061055273
2007-11-15,22.062172281686287,22.234560890094794,20.841085277942227,21.135581970214844,15210600,-0.04842580632563473
2007-11-16,21.295393415032986,21.442642743612215,20.94343396102856,21.36004066467285,4575300,0.010563948376164764
2007-11-19,21.26846000173054,21.392364158802184,20.656121559744943,20.73333740234375,3525600,-0.02977901053547426
2007-11-20,20.869816580794147,21.473176706411092,20.580706135283762,21.040409088134766,5091900,0.014701923701375777
2007-11-21,20.824919282378538,21.076319812030746,20.375990939447597,20.66869354248047,4602900,-0.01782466482877154
2007-11-23,21.083494655355576,21.492918934004113,20.75128825187754,21.379789352416992,1292700,0.033825886791237755
2007-11-26,21.422891017563515,21.422891017563515,20.56094818876467,20.562742233276367,5876700,-0.03896524419745779
2007-11-27,20.627388447126652,21.180467887306538,20.481935216778602,21.07093048095703,4796400,0.024413579455394203
2007-11-28,21.21638611348841,22.489549630093236,21.17328999268355,22.173503875732422,6268500,0.051003668702616606
2007-11-29,22.08730689321354,22.103467679670903,21.440848719478563,22.00290870666504,4641000,-0.007723398397778339
2007-11-30,22.311783917649436,22.80919691286257,21.852078759166368,22.11964225769043,5764200,0.005291345166404434
2007-12-03,22.207620435842784,22.238147966354838,21.53422688497173,21.649154663085938,3429600,-0.021499595623292733
2007-12-04,21.541420087324312,21.72817343613353,21.045801162719727,21.045801162719727,4049400,-0.028265337574118102
2007-12-05,21.374399567656525,21.814349279899787,21.212785597346056,21.722768783569336,2903100,0.03165989263746029
2007-12-06,21.715589079635627,22.266872333579197,21.489327849700338,22.2560977935791,2655900,0.02425506603896669
2007-12-07,22.25251347293035,22.40155686269187,21.7102064628795,21.735347747802734,2764800,-0.02367616545197918
2007-12-10,21.83950410784584,22.378219046539417,21.737146954272045,21.817955017089844,2799600,0.0037933916879582205
2007-12-11,21.807172738171616,21.857453247093027,20.641752866022326,20.6435489654541,4700100,-0.05533038360651702
2007-12-12,21.151731341447817,21.525241846396984,20.571716714934194,20.83568572998047,5701800,0.009264304905859465
2007-12-13,20.77284792912402,20.79260091900614,20.059948303440695,20.666900634765625,6110700,-0.008133759388939696
2007-12-14,20.417292320580536,20.632777013666423,19.92526582123296,19.93963050842285,4863300,-0.03582418315730479
2007-12-17,19.813928122524633,19.991704978909404,19.65051800682264,19.833681106567383,4968300,-0.005327675677989199
2007-12-18,19.973754327736064,20.22515284532084,19.515845407953233,19.98273277282715,4207800,0.00748698076962531
2007-12-19,20.17306928492272,20.354436260979963,19.718752767650557,19.905508041381836,3416100,-0.0038720598529211237
2007-12-20,20.08868045822571,20.08868045822571,19.47633980496849,19.625385284423828,5821500,-0.014172583628266731
2007-12-21,19.89653457143412,20.71538134463403,19.77801665339491,20.672283172607422,5736000,0.05196993006857742
2007-12-24,20.65792070385694,20.938052687012945,20.41370249789079,20.70999526977539,1386000,0.0018226211328734067
2007-12-26,20.57328164294856,20.74956812770439,20.434772598015165,20.69740104675293,1996200,-0.0006083079126516184
2007-12-27,20.576872987957145,20.63443564983434,20.436562713004502,20.481534957885742,3108000,-0.010484392613611308
2007-12-28,20.661428938564153,20.834117017612716,20.370017033193093,20.531911849975586,2376600,0.0024566049111080777
2007-12-31,20.375417374789937,20.812533231761467,20.366423331485418,20.584081649780273,2010300,0.002537690244660122
2008-01-02,20.515704263757424,20.58226093815666,20.17392479924557,20.450946807861328,4584600,-0.006488861544059535
2008-01-03,20.52112667613409,20.61286634444557,19.8483601878954,20.024646759033203,3811200,-0.02106532728949147
2008-01-04,19.78359644795716,19.95988296379563,19.10723378914415,19.202571868896484,6448500,-0.0419196312324351
2008-01-07,19.35727112444821,19.571333020024685,18.84460251881005,19.51017189025879,6685500,0.015891743395078678
2008-01-08,19.627102708653634,19.684665416576863,18.486641815250252,18.569387435913086,6946500,-0.0494215769001061
2008-01-09,18.519008245193366,18.851793862485692,17.903806922544604,18.342723846435547,10011600,-0.012281412827760753
2008-01-10,18.17183403801535,19.355469395936947,17.89841235583404,19.06045913696289,6967200,0.03838301173332927
2008-01-11,18.794235393537214,18.966923450499856,18.16464223256673,18.34812355041504,7614000,-0.038088676529779986
2008-01-14,18.46144923282714,18.58736786182249,18.125067168417782,18.258180618286133,4925700,-0.004914077788934499
2008-01-15,17.990158475175903,18.087295783546253,17.346175546108913,17.641183853149414,8213700,-0.03437707246659789
2008-01-16,17.55304129837293,17.80667575421726,16.912654800404933,16.964820861816406,10097700,-0.03909432128274956
2008-01-17,16.87667793737115,16.894667051109128,15.86933079873467,15.90170955657959,15749400,-0.06471521617240125
2008-01-18,16.090582688498618,16.44495278588481,15.858532763625599,16.28665542602539,11879700,0.023919464258655068
2008-01-22,15.469985032547374,16.612244543950492,15.290100121233884,16.239885330200195,9746700,-0.0028758132264529866
2008-01-23,15.97366323681743,16.939637594330737,15.966467385320719,16.910856246948242,11303700,0.040485523406253034
2008-01-24,16.997199207386004,18.06031073760484,16.997199207386004,17.790485382080078,10784700,0.050707988123215426
2008-01-25,18.078300900650877,18.528009192077565,17.62859260922419,17.698745727539062,11354400,-0.0051700110718152946
2008-01-28,17.756307647889887,18.038725504836805,17.33358150182408,18.024335861206055,4602600,0.018229062848749186
2008-01-29,18.103484374050684,18.245593952520494,17.70594316247545,18.197025299072266,4526400,0.009535298551481547
2008-01-30,18.1124721592223,18.64672716258061,17.939784130755786,18.180828094482422,7166700,-0.0008904981547405467
2008-01-31,17.844447978078033,18.887773138499018,17.75990317445592,18.724079132080078,7045200,0.029442712203398447
2008-02-01,18.86798323301797,19.20076885934298,18.774444401864436,19.18457794189453,4550400,0.02429637441003597
2008-02-04,19.112626589391716,19.15939600732039,18.75825442771745,18.869783401489258,2520000,-0.01654484322077508
2008-02-05,18.31934347401103,18.461450978055566,17.844450255232204,17.867835998535156,5038200,-0.054559655909894735
2008-02-06,17.8534404714888,18.2401903529117,17.481082288692757,17.51346206665039,4087200,-0.020032378794881223
2008-02-07,17.45051128393521,18.141265848302716,17.308403732540157,17.903818130493164,3672000,0.022044147328918424
2008-02-08,17.72393236275307,17.80847719189555,17.466699434619965,17.57103157043457,4072800,-0.018762380970922424
2008-02-11,17.54764120553945,17.64297927310698,17.124915112459423,17.51885986328125,6257100,-0.0029736054154028756
2008-02-12,17.590812674441256,17.85883877157863,17.29400317901685,17.481082916259766,4573500,-0.002158687054390971
2008-02-13,17.48107975625384,17.90560495449225,17.382143275663513,17.833650588989258,5290500,0.01996783507282302
2008-02-14,17.833657642603143,17.903812816460917,17.459500146368757,17.52425765991211,3803400,-0.017501082009751524
2008-02-15,17.410930891790137,17.51346584816015,17.094336098281065,17.434316635131836,3866100,-0.00514558874564506
2008-02-19,17.651973315068915,17.894816533702283,17.3137920288617,17.409130096435547,5051100,-0.001445697567009824
2008-02-20,17.292207330131134,17.612400568499957,17.042170293531576,17.56203269958496,5714100,0.008744552097171
2008-02-21,17.58721016682639,17.758098945678313,17.23283910330861,17.274211883544922,3602100,-0.016524592066028052
2008-02-22,17.31199361603323,17.473888397216797,16.898260564327163,17.473888397216797,5267100,0.01149292824353581
2008-02-25,17.450509177978386,17.925402497681713,17.268827028874114,17.880430221557617,5064900,0.022999155999596507
2008-02-26,17.767095153785604,18.393089738208662,17.718526519709524,18.128662109375,4562100,0.013787396681441806
2008-02-27,17.975767787967712,18.745669329221883,17.91820509438991,18.42547607421875,4730700,0.016240048488088358
2008-02-28,18.232998616382872,18.268974781128556,17.750910597816056,17.8156681060791,4159200,-0.033655975432987414
2008-02-29,17.65376748742899,17.657365926159137,16.918044250272924,16.97560691833496,5505300,-0.04830087433775475
2008-03-03,16.923442690284194,17.063751966027322,16.763346116614308,16.927040100097656,6922200,-0.0028650772568466717
2008-03-04,16.75615465724331,16.973813962155365,16.507915816953282,16.90365982055664,6128100,-0.0013821932929620746
2008-03-05,17.094337194088766,17.231049105609717,16.80652372699429,16.979211807250977,6419400,0.004459605002758774
2008-03-06,16.813719521512223,16.900063561348823,16.211109433505424,16.225500106811523,5119500,-0.045405675576739565
2008-03-07,16.058204543678947,16.63203317482217,15.851338525986757,16.14095115661621,5259900,-0.005224492597164533
2008-03-10,16.10138031471222,16.35321762263373,15.68405077157839,15.689447402954102,6859800,-0.028371246314379008
2008-03-11,16.46114267999992,17.020581648192934,16.101375930432454,16.99180030822754,8400000,0.07974254645750362
2008-03-12,16.954028172149716,17.374955092357844,16.70219088461528,16.77414321899414,5838600,-0.012892286205511704
2008-03-13,16.509717486109192,16.997203286460984,16.106778576098986,16.788537979125977,7630200,0.0008577837348270851
2008-03-14,16.85689284197073,16.999000365844022,15.997048758964997,16.270471572875977,6617400,-0.031344485407187594
2008-03-17,14.978902736825715,16.340621822456544,14.978902736825715,16.09058380126953,8133600,-0.011117661176540283
2008-03-18,16.430560638118397,17.231042434188094,16.398181892932033,17.22024917602539,9124800,0.06785172521654857
2008-03-19,17.49727747794363,17.542249751142847,16.723778464589348,16.74896240234375,5459100,-0.02774965882375141
2008-03-20,16.83889533001842,17.86243192346977,16.73456324985199,17.833650588989258,6835800,0.06275084488878778
2008-03-24,17.939787780409386,18.887774968818473,17.76350333544731,18.474042892456055,6957300,0.03527950482950381
2008-03-25,18.45065351913991,19.015489083954964,18.340925824952432,18.693496704101562,5304000,0.011809033598552121
2008-03-26,18.52408136640869,18.52408136640869,17.87705414136492,18.100540161132812,6247200,-0.03223391255745636
2008-03-27,18.282566706905225,18.39791608939171,17.877048398601193,17.925710678100586,6100200,-0.009705747969400573
2008-03-28,17.891474944930742,18.02304238936456,17.049798475727265,17.053403854370117,5794200,-0.04988620965688856
2008-03-31,17.044386148078836,17.734668469893627,16.88758625825334,17.480545043945312,5216700,0.02473872738830675
2008-04-01,17.78873763061964,18.848491668701172,17.73106190696174,18.848491668701172,5208300,0.07534434237189977
2008-04-02,18.826869294318957,18.96023941859014,18.43396761570489,18.529489517211914,4756200,-0.01706940218930288
2008-04-03,18.453796059152214,18.980067947235156,18.29158906925005,18.63222312927246,3541500,0.005529017176998929
2008-04-04,18.590772515342433,18.65385428203619,18.181650627017166,18.241127014160156,2958000,-0.021213737310196153
2008-04-07,18.387107732827342,18.684487505458904,18.176238477008116,18.293386459350586,4172400,0.002860828069913912
2008-04-08,18.504258769596085,18.9620449524014,18.433970381103055,18.74576759338379,5401800,0.02442839971875393
2008-04-09,18.841296134822322,18.841296134822322,17.94554901123047,17.94554901123047,5235900,-0.04362588034559042
2008-04-10,17.985190927673404,18.448382996401218,17.866238204746608,18.179840087890625,5425800,0.012971174427541393
2008-04-11,17.909499764236468,18.109554987782367,17.60130585732901,17.626537322998047,5143500,-0.030907723770597525
2008-04-14,17.496775636269735,17.695028205223405,17.327357854548268,17.345382690429688,3708600,-0.01607922527248508
2008-04-15,17.473337342166737,17.71124279854874,17.399443590603227,17.678800582885742,3741900,0.019039870951776464
2008-04-16,17.864440671715222,18.671872226058262,17.831998451870273,18.630420684814453,4761900,0.052429550826935234
2008-04-17,18.55292067621923,18.704315649329413,18.143798867370986,18.43036460876465,5602500,-0.01079621047648866
2008-04-18,18.47542747820763,18.680890824763647,17.93293535331556,18.015840530395508,8769000,-0.022748154560486268
2008-04-21,17.893282689578196,17.996013321614093,17.58148335123486,17.69683074951172,6319500,-0.017865830515828112
2008-04-22,17.628339484754026,17.68421254557684,17.026370111323782,17.08945083618164,7464600,-0.0349242068714281
2008-04-23,17.078634589592063,17.43909612329856,16.948868808720956,17.258865356445312,7824000,0.009864582189221377
2008-04-24,16.76142987516273,17.038984212942484,16.438817586429415,16.920032501220703,11263500,-0.019827670113486046
2008-04-25,16.76863897652898,16.927242637720774,16.444225021912192,16.87677764892578,6983700,-0.0025597016830976814
2008-04-28,16.907416644282492,17.392236934072418,16.887591187261776,17.294912338256836,8046000,0.02447380038952129
2008-04-29,17.305730361099684,17.415669681875507,17.051604740407264,17.357995986938477,5956800,0.0036408902696685196
2008-04-30,17.41206466959174,17.52200397966248,17.07142853966242,17.148927688598633,6638400,-0.012117617817244818
2008-05-01,17.21741198349411,18.10955238342285,17.107471657702238,18.10955238342285,7718100,0.054503908836771066
2008-05-02,18.181646609701183,18.56373425469406,17.9689746398272,18.35466766357422,6397500,0.01344435569374747
2008-05-05,18.194261786647388,18.4231538158136,17.89507931591869,18.113157272338867,4732200,-0.013245315425243074
2008-05-06,17.86804686584219,18.451994541668682,17.637352098870906,18.383506774902344,5037000,0.014815296388781244
2008-05-07,18.26094923464091,18.271761246225513,17.657176146671297,17.664384841918945,6030000,-0.03990343505428973
2008-05-08,17.69681744662174,17.810362069715136,17.426471927310242,17.5688533782959,4329000,-0.005422816780744918
2008-05-09,17.529212354372866,18.520481191834616,17.449912579937905,18.01042938232422,5836800,0.02482336036202026
2008-05-12,18.06089072184629,18.558327786254438,17.981590954395955,18.470014572143555,3056700,0.025197582941621912
2008-05-13,18.561930634090732,18.697103439538267,18.30960778891222,18.442977905273438,3504600,-0.0014648864744017662
2008-05-14,18.51867624695149,18.725940136537517,18.338446508714917,18.426759719848633,5449500,-0.0008797560012896203
2008-05-15,18.414143970826494,18.69710638736496,18.356470286411206,18.689895629882812,3448200,0.014179096477965933
2008-05-16,18.67547630835014,18.67727693496078,18.3853052269173,18.594371795654297,3338700,-0.0051240938783652795
2008-05-19,18.637624414838836,18.98006103972155,18.504252254941527,18.704309463500977,3924000,0.005895006606474964
2008-05-20,18.41414474903892,18.428562139465217,18.143799084095303,18.31682014465332,4442400,-0.02093417861369184
2008-05-21,18.315022062959642,18.437578162711198,17.93834031420373,17.94554901123047,5943900,-0.020477653052878485
2008-05-22,17.94193994507905,18.196063450083336,17.770721585753556,17.913103103637695,5860200,-0.0018096562215152543
2008-05-23,17.79233680025752,17.846407134036053,17.61571254344054,17.621118545532227,4366800,-0.016434361937550584
2008-05-27,17.633750429833697,17.857236521861754,17.572471353166193,17.74909782409668,3754800,0.007236587739824298
2008-05-28,17.803158523061374,17.84100674169638,17.40845419831544,17.781530380249023,5598600,0.001825611693301615
2008-05-29,17.774326541635972,18.151008204447834,17.491364106511394,17.819385528564453,6652500,0.0021266398133886824
2008-05-30,18.024845606264268,18.47181769267536,17.95635784806062,18.2429256439209,6465900,0.02349042960379039
2008-06-02,18.242929725031658,18.340252284699684,17.869851318912072,18.066303253173828,4742700,-0.009728864491526027
2008-06-03,18.086124109103306,18.424957510873618,17.886068908814114,18.264551162719727,4510800,0.010913581882034777
2008-06-04,18.20328006074894,18.574553740226584,18.123978205641826,18.40513801574707,4936200,0.007667779301731555
2008-06-05,18.47361737529269,19.025122667333886,18.415943700147466,19.017911911010742,4875000,0.03275140161105918
2008-06-06,18.69530186235162,18.80344052565584,17.89687968063799,17.956356048583984,6175800,-0.057437117561280816
2008-06-09,18.141993014723514,18.246526294847303,17.732869214636032,17.963563919067383,4989000,0.00040132999108203986
2008-06-10,17.718452732221817,18.64483697550266,17.480549321764627,18.401525497436523,5682000,0.02408808898585619
2008-06-11,18.248335041148156,18.444786967974824,17.64816724756077,17.658981323242188,5995200,-0.04118905785119771
2008-06-12,18.160012668941913,18.907969703642795,18.140187217266128,18.56372833251953,7335300,0.04996507637277624
2008-06-13,18.798028882630607,19.27383767312477,18.495243158057733,19.2450008392334,4464300,0.03604174317431491
2008-06-16,19.10262116421522,19.42883774953468,18.84489026110964,19.309885025024414,3194100,0.0033658119115613314
2008-06-17,19.398195866558474,19.46488091422075,18.534891499406843,18.56372833251953,4018500,-0.03940755508587628
2008-06-18,18.361875302572155,18.697105379925034,18.24833062923015,18.522281646728516,4658700,-0.002235166472194625
2008-06-19,18.52228852781221,18.794434894566795,18.224908627002716,18.75118064880371,6032100,0.012282297673154639
2008-06-20,18.62321086029616,18.62861892849463,17.9203125623739,18.098739624023438,9132000,-0.03541441655485647
2008-06-23,18.199663144422743,18.201465833182343,17.669786090612806,17.943737030029297,5575200,-0.008601159741105938
2008-06-24,17.954560050040296,18.199672216633118,17.711248510531703,17.83740997314453,7840200,-0.005943206339707225
2008-06-25,17.979787500605553,18.073506716154437,17.48775852511365,17.536420822143555,7753500,-0.017018027643770712
2008-06-26,17.4081973468299,17.469600570643987,17.099367591188184,17.151742935180664,7415100,-0.022180110769187276
2008-06-27,17.18063203532145,17.409995492070983,17.019897388756004,17.29621696472168,9197400,0.008388007710369747
2008-06-30,17.28718890821506,17.303442393832707,16.476286926915325,16.552139282226562,10921500,-0.04397244979651745
2008-07-01,16.367927530656967,17.09575267030043,16.272208873768882,17.03615379333496,12333900,0.028822424334372418
2008-07-02,17.090333887642863,17.090333887642863,16.40765953063965,16.40765953063965,7683900,-0.03758950921982606
2008-07-03,16.593673512709397,16.664107674842942,16.367920846736414,16.46002769470215,4595100,0.0031866074432123502
2008-07-07,16.516022531728154,16.640637433538032,15.871274293260264,16.07896614074707,8271600,-0.023422910839038063
2008-07-08,15.983245781301305,16.88444830419442,15.777360358141276,16.75983238220215,7457100,0.04147312698783591
2008-07-09,16.8122076148429,16.93501610041935,15.77013568924616,15.802644729614258,7251000,-0.05880777996661097
2008-07-10,15.705118681717773,16.245117183822597,15.421573481330208,16.199966430664062,9323700,0.024831856079570006
2008-07-11,15.979634237285849,16.47990123441211,15.596758588114533,15.96518611907959,9105900,-0.014598686011941335
2008-07-14,16.190943226629464,16.284856542938126,15.22472435406246,15.231947898864746,5868000,-0.047015426505063
2008-07-15,15.091080233491095,15.589541053446275,14.746131643046994,14.99174976348877,9733200,-0.01589502351731997
2008-07-16,15.20847023619685,16.033819673151346,14.802116377944019,15.995893478393555,10928400,0.06483199767654323
2008-07-17,16.11328179314126,16.83027068442821,16.048265766940315,16.756223678588867,7777500,0.04643772046232334
2008-07-18,16.7381649017334,16.812211912507976,15.914620936617405,16.7381649017334,8201700,-0.0010783166596403041
2008-07-21,16.839302013249895,16.88625918426279,16.248734387478574,16.34084129333496,4028100,-0.02402386065319698
2008-07-22,15.858633081688188,17.61588658033544,15.844184961693017,17.585186004638672,6616800,0.07338926848359913
2008-07-23,17.520172779406273,18.175756535400794,17.198702278603122,18.052947998046875,12113400,0.02625215210423064
2008-07-24,17.668262002697542,18.535149206487233,17.08311262343397,17.19147300720215,7441800,-0.04889548993764763
2008-07-25,17.352210170089748,17.561707399204746,16.662310095747163,17.366657257080078,5316900,0.010138612775411423
2008-07-28,17.15715497377081,17.39916117755656,16.693007821664597,17.158960342407227,7673400,-0.01203161215466032
2008-07-29,17.16257108207038,17.97889114535415,17.16257108207038,17.95360565185547,7106700,0.04527046061428017
2008-07-30,18.081837637802547,18.508057656947013,17.57976525369541,18.09809112548828,6371100,0.008015503298116046
2008-07-31,17.722446702008465,18.41415232541677,17.722446702008465,18.170339584350586,4897800,0.003984101490761112
2008-08-01,18.1269912880463,18.24076984715428,17.763980846882852,18.128795623779297,4941900,-0.002288978978256968
2008-08-04,17.946386707606383,18.421369264888764,17.75856219430386,18.152273178100586,3603000,0.0012942042984730494
2008-08-05,18.334680924106202,19.24491347165078,18.334680924106202,19.178091049194336,6039600,0.05497273946472745
2008-08-06,19.17628943783045,19.17628943783045,18.61281161203159,18.862041473388672,4627500,-0.016617021406407424
2008-08-07,18.609199870668206,18.609199870668206,17.899434451394942,18.090871810913086,4601100,-0.041744023678590494
2008-08-08,18.10893016068595,19.00652212416023,18.04391413347114,18.871070861816406,3665700,0.04222261598340059
2008-08-11,18.69407854595285,19.68377626667915,18.522507517044147,19.27019691467285,3474600,0.020929593886767874
2008-08-12,18.704920416176936,19.042645433208772,18.31482004706097,18.4556884765625,5040600,-0.04318705961184685
2008-08-13,18.314820633203198,18.406926519512965,17.74953636048831,18.052947998046875,5220600,-0.022063646044528012
2008-08-14,17.865113167938993,18.59474464614148,17.83802333536586,18.518892288208008,3054300,0.02548242034291428
2008-08-15,18.98123688919515,19.535684698052503,18.91441445839765,19.04986572265625,5608800,0.02826863709099617
2008-08-18,19.08959351522774,19.096817057244035,18.305782368861337,18.365381240844727,4861200,-0.036592614713700296
2008-08-19,18.22813057249235,18.231743378291647,17.71702809348629,17.861509323120117,3713400,-0.0278193577036462
2008-08-20,17.897626086325527,18.15046871212041,17.55448399904832,17.97167205810547,4554000,0.006148663211416149
2008-08-21,17.659238443187625,18.107129293711495,17.581579640586927,17.996963500976562,2869800,0.0014063056129989487
2008-08-22,18.206456903768842,18.42137336730957,18.040302981814474,18.42137336730957,2484000,0.023308537258201974
2008-08-25,18.318425552470053,18.35454533023094,18.04391028111499,18.054746627807617,3153600,-0.02010296525594369
2008-08-26,18.002375888651162,18.16491906368034,17.773012347812852,18.072811126708984,2277300,0.0010000399434475112
2008-08-27,17.93374451674433,18.443042535065256,17.921103833184613,18.417757034301758,2260800,0.018906594238444964
2008-08-28,18.553211200246956,19.138361679217713,18.535151306474628,19.127525329589844,3419100,0.037813158913261286
2008-08-29,18.88190134347635,19.096817744059212,18.72839021929483,18.87287139892578,2103000,-0.013402899164061283
2008-09-02,18.964974905608706,19.43453811356599,18.685042555960425,19.002901077270508,3182400,0.00686614057934149
2008-09-03,18.925239915650913,19.143766975267617,18.69587651311141,19.102230072021484,3080400,0.00521343014622761
2008-09-04,18.963173822191532,19.22685276274261,18.28591761425612,18.341903686523438,4811400,-0.04061682479150515
2008-09-05,18.060165350235412,18.213678552814127,17.657424419175324,18.181169509887695,6909600,-0.00880184498583788
2008-09-08,18.964977451590126,19.282836015571597,18.195613437120596,18.93246841430664,10313400,0.04049193751551515
2008-09-09,18.748258311141416,18.948725579601952,17.635752087733717,17.659231185913086,8696700,-0.06961969365090094
2008-09-10,17.505719487839343,17.783845518102144,17.17702349134816,17.48585319519043,10762800,-0.009866494860920876
2008-09-11,16.909733093696868,17.355819418682536,16.644248774932407,17.314281463623047,10230000,-0.009860486081193429
2008-09-12,17.041571050457357,17.540031633821812,16.987390350076478,17.2926082611084,4862100,-0.0012525370248837558
2008-09-15,16.469063264415652,17.269127860419022,16.12772560119629,16.12772560119629,9818100,-0.06973926412516052
2008-09-16,15.894752166647125,17.157158791760775,15.356558945413838,17.113813400268555,10699200,0.05934606066862675
2008-09-17,16.61174277446631,16.880839930628316,15.712346472832252,16.145790100097656,12232800,-0.058226597827634
2008-09-18,15.894752649967625,16.953079233767568,14.69375230408548,16.862777709960938,15837600,0.04344934971365717
2008-09-19,19.19073031718047,19.50497817993164,17.64116989790515,19.50497817993164,125700,0.14556103378281599
2008-09-22,19.060695634256632,19.685576401369207,17.088526223423475,17.47681999206543,6008400,-0.10979429324023572
2008-09-23,17.475015957643148,17.69715590342582,17.15715735827152,17.303443908691406,2520600,-0.00996987946822576
2008-09-24,17.330537247864743,17.73689101641004,16.987393101020597,17.15715980529785,3381300,-0.00848998370918318
2008-09-25,17.3756807199298,17.59782061739299,17.164377167077184,17.317888259887695,2482200,0.009324402902762314
2008-09-26,17.207719186854007,18.027650894668575,16.528656839709278,17.84343719482422,3037200,0.029895805713014412
2008-09-29,18.103504832392737,18.150460945635714,15.134413719177248,15.134413719177246,6473700,-0.1646645714990783
2008-09-30,15.443248479090645,16.960303159062875,15.441443109956907,15.916425704956055,4499100,0.05038043422236669
2008-10-01,15.708732003230365,17.25106993714141,15.29696011133801,16.599098205566406,4009800,0.04199672973257008
2008-10-02,16.6968399710649,16.742088169432122,15.84254072938131,15.907699584960938,2923800,-0.042545126279800456
2008-10-03,16.533942697956167,16.742086460529443,14.961091041564941,14.961091041564941,4013400,-0.0613503421682465
2008-10-06,14.859728525061445,15.744796975312735,13.531221714652427,13.89321231842041,6801300,-0.07405250202028889
2008-10-07,13.954757481086789,14.009055318184556,12.67149829864502,12.67149829864502,7638900,-0.09204515549599022
2008-10-08,12.215387483017821,13.353848013072401,11.965613143451012,11.974662780761719,8169300,-0.05656226032658706
2008-10-09,11.99638257289947,12.561089095876635,10.935749053955078,10.935749053955078,9022200,-0.09075583025706459
2008-10-10,10.579191528626202,12.041635419989912,9.605435484097868,11.766522407531738,11130900,0.07322126283986242
2008-10-13,12.651584297844249,13.648870176548254,12.028960407939126,13.57104206085205,6568200,0.1426798472001327
2008-10-14,13.650680222578446,14.438011058613842,13.002716694267429,13.2307710647583,8273400,-0.02539300444562177
2008-10-15,12.941180273564767,13.212673580501995,11.491407008758145,11.54570484161377,8753100,-0.13623176534723586
2008-10-16,11.666972355699261,11.744799452950934,10.273306295311627,11.40452766418457,9955500,-0.012303052543268005
2008-10-17,11.037104640747733,12.68054249945869,10.86153777390604,12.137556076049805,8498100,0.06229401359581041
2008-10-20,11.88054887862945,12.740278190000248,11.88054887862945,12.704079627990723,3774300,0.04561871875884334
2008-10-21,12.333034690639913,12.843442349853092,12.057921761084488,12.18642807006836,3460200,-0.04160029320081585
2008-10-22,11.76471119341633,11.76471119341633,10.904980968081865,11.228963851928711,6894600,-0.08182638081648508
2008-10-23,11.552941340558553,11.552941340558553,9.265158610371364,10.088687896728516,10138500,-0.107081712472062
2008-10-24,9.764710283845766,10.28054699174078,8.923080335704109,10.041633605957031,7634100,-0.004674975157683703
2008-10-27,10.072400877000327,10.593668544366235,9.77375866537962,9.782808303833008,4947000,-0.02611322032554054
2008-10-28,10.204526231344362,11.449775130825108,9.770137441641044,11.359277725219727,7113000,0.14940824028632313
2008-10-29,11.339368281679324,11.70859927636373,10.95746800214382,11.227150917053223,4947300,-0.01169979702767544
2008-10-30,11.619913150049317,11.952944617137288,11.26335241528823,11.706790924072266,4079400,0.04183406056798063
2008-10-31,11.581901763306593,12.376471881352332,11.234390741928376,12.307694435119629,5853000,0.050055536340194454
2008-11-03,12.229863801983035,12.62081468942377,12.18823527095508,12.428958892822266,3157800,0.009804513772136403
2008-11-04,12.725793862060108,13.212671176812183,12.60633720157897,13.18371295928955,5139900,0.05895305663367573
2008-11-05,12.95023347623934,13.114939420318139,12.0705945343433,12.115843772888184,3981900,-0.08446820223096409
2008-11-06,11.992761163016,12.07420996408105,10.895929253337549,11.028055191040039,5731800,-0.09407150102334332
2008-11-07,11.13846511958268,11.68145174507762,10.980999536734844,11.659732818603516,3556500,0.05569876852608476
2008-11-10,11.82262250442208,11.909500238383725,11.047962192098609,11.274206161499023,4129200,-0.03362379035567176
2008-11-11,10.789144758553395,10.85973256453033,9.956564502451881,10.220818519592285,8615100,-0.09809080439946008
2008-11-12,10.036201015764027,10.244345780070969,9.59276257532669,9.596381187438965,6823800,-0.06304060378333279
2008-11-13,9.701357531219623,10.772850757268742,9.118551880647198,10.767420768737793,7507500,0.11513891178295663
2008-11-14,10.53936612829255,10.950226618217522,9.820813891924944,9.851583480834961,3984000,-0.08889277780861851
2008-11-17,9.473304122146457,9.884163628493821,9.230770134141489,9.259729385375977,5512800,-0.06195737754962211
2008-11-18,9.261538033855846,9.809954401143605,9.234388093496454,9.75384521484375,6367800,0.05198676408203544
2008-11-19,9.66696869601851,9.746607150229291,9.078733032470534,9.227149963378906,8512800,-0.05551136713805463
2008-11-20,9.123980560593143,9.967419325696369,8.789138910747626,8.94117546081543,13295100,-0.031483157278629534
2008-11-21,9.299551079353424,9.513125872726572,8.238916927215042,9.4298677444458,10429200,0.053215007712841184
2008-11-24,9.638010832204927,10.771042412158387,9.26516018117978,10.570137977600098,8499000,0.11415078192832656
2008-11-25,10.870594446660565,10.897743368553664,9.838919879748016,10.533942222595215,6686700,-0.0034302172994638987
2008-11-26,10.262443994099696,10.885068916622368,10.217195812403217,10.863348960876465,5472000,0.030792006542426194
2008-11-28,10.84344483096527,11.13122817616404,10.745708087669762,10.995481491088867,1889700,0.012089772131366743
2008-12-01,10.702263260053726,10.702263260053726,9.187331485940138,9.315838813781738,6439800,-0.16576836508242163
2008-12-02,9.391858433987078,10.03077244398195,9.113124802480527,9.971043586730957,6510300,0.06796920139909955
2008-12-03,9.63801544942731,10.734849005471059,9.482359127003175,10.68416976928711,5872500,0.06907793398369293
2008-12-04,10.42172099973869,11.1058841447921,10.280544379108818,10.476019859313965,5151300,-0.01967436283088192
2008-12-05,10.287786682286704,11.243443272728554,9.847967803186895,11.187334060668945,4728900,0.0656934285851424
2008-12-08,11.438914714295933,12.012669703994513,11.288688481083934,11.866063117980957,4687200,0.05890023612705138
2008-12-09,11.379188705682227,11.744799055284021,11.123985390580742,11.21810245513916,4364400,-0.05615372290559605
2008-12-10,11.31583855720828,11.40271631292982,10.894119062935768,11.332128524780273,3218100,0.01011315951354491
2008-12-11,11.120362843354604,11.728508155636044,10.5990963205401,10.67873477935791,4280100,-0.05938756349796533
2008-12-12,10.588236651888334,10.984616544655944,10.396381865549625,10.734843254089355,4649100,0.0052404696730677
2008-12-15,10.854301760264606,10.941179531414786,10.372853335058823,10.604528427124023,3085200,-0.012213709839362654
2008-12-16,10.80181545651114,11.513127742379739,10.588240632952866,11.408150672912598,6762600,0.07304695124254318
2008-12-17,11.14932398461803,11.990952755623224,11.14751467839743,11.683260917663574,4906200,0.023829055352099313
2008-12-18,11.627148327682194,11.808144127820928,10.924886114500502,11.060632705688477,4137000,-0.05476492546988712
2008-12-19,11.158371771338604,11.53846272234033,10.848869642845681,11.355657577514648,5178300,0.026323883593715756
2008-12-22,11.330319700682205,11.361088262664216,10.84163200038028,11.015387535095215,3229800,-0.030422922591776834
2008-12-23,11.107694538908726,11.400907760599324,10.879640156148687,10.926698684692383,2830800,-0.008083947214510485
2008-12-24,10.96108484721827,11.067872195128082,10.794568666715552,10.986424446105957,1407300,0.005451154447801774
2008-12-26,11.049775234968397,11.290498885553442,10.638914685862439,10.794570922851562,2186400,-0.017617053946324113
2008-12-29,10.80546760559082,10.856324844473722,10.505770229795434,10.80546760559082,2750700,0.0010089503913887224
2008-12-30,10.834536143458575,11.517484664916994,10.75280053748048,11.517484664916992,3806400,0.0638140205668476
2008-12-31,11.492056125103337,11.740896435234502,11.343115702660622,11.58469009399414,4855800,0.00581812053251666
2009-01-02,11.599218514357828,12.214962134084715,11.243213510048323,12.096899032592773,3931800,0.04326473455946257
2009-01-05,11.907995943976651,12.273082512985829,11.760871273034674,12.142305374145508,4899000,0.003746525166650277
2009-01-06,12.300329446832238,12.863397991265598,12.07873509143277,12.716273307800293,4869300,0.046186869412409175
2009-01-07,12.389329597273385,12.521922432468717,11.642808945270438,11.724544525146484,6019500,-0.08119806893032563
2009-01-08,11.599218404797373,11.81173115401601,11.261377677286948,11.762689590454102,4111800,0.003248155883947671
2009-01-09,11.835339672920735,11.853502901057814,11.22686217641163,11.279537200927734,4535700,-0.04194240605068294
2009-01-12,11.24321119981712,11.277721961459326,10.721918376262824,10.814552307128906,4543200,-0.0420975539432793
2009-01-13,10.671061863560608,11.279540581774786,10.6637969858579,11.014352798461914,4953900,0.018306559148556136
2009-01-14,10.745532456002458,10.850881496107732,9.935440399051753,10.07348346710205,10110600,-0.08929265000125611
2009-01-15,10.158845357726976,10.158845357726976,9.430489330354835,9.621206283569336,10665900,-0.04593692202674419
2009-01-16,9.893662969957205,10.064398995833487,9.337859398516684,9.953601837158203,10809300,0.03396482923187887
2009-01-20,9.797392792799604,9.910006658362946,9.096281500198746,9.156221389770508,11468100,-0.08350089780507992
2009-01-21,9.356024605860839,9.875500787556176,9.043611993329222,9.801031112670898,11784600,0.06805401417466185
2009-01-22,9.475901004933343,9.788313538339358,9.114447960173857,9.372369766235352,6380100,-0.04472162149600695
2009-01-23,9.134426303485345,9.633923392922263,8.954607642298804,9.506778717041016,7580100,0.014239119089129181
2009-01-26,9.735637164588098,9.74108633992001,9.10173063840265,9.236141204833984,6540000,-0.028880913411310567
2009-01-27,9.34512240918219,9.62484087779977,9.261571151663965,9.590330123901367,7773600,0.03763113216511281
2009-01-28,9.143512748975247,10.02444319207899,9.136246831096937,9.880950927734375,12002100,0.02985344280731048
2009-01-29,9.664804013769091,9.819193568679475,8.9455291977414,8.952794075012207,7364700,-0.09864308415595696
2009-01-30,9.159856793147009,9.192551855859614,8.674891462143595,8.794770240783691,8898600,-0.017808416715355564
2009-02-02,8.602236733303355,9.063589615252713,8.538664391678617,9.003649711608887,7318800,0.02347276464254008
2009-02-03,9.072671147678749,9.30516484486192,8.905566530180504,9.243408203125,8914800,0.02628065215016738
2009-02-04,9.294267768393722,9.577618753743762,9.199817093502274,9.421412467956543,7960800,0.019074350071620286
2009-02-05,9.35602291740979,9.946336228535296,9.248858193582194,9.764701843261719,5215500,0.03578900979070083
2009-02-06,9.790132031439667,10.33322058489679,9.790132031439667,10.258750915527344,6067800,0.04935705854696823
2009-02-09,10.18609529234556,10.267830873419538,9.87549946066986,10.149768829345703,3945900,-0.010680159410826376
2009-02-10,10.029891985430371,10.149770791559602,9.31424846981885,9.41596508026123,9367500,-0.0750442683968077
2009-02-11,9.426859912536736,9.768334045217161,9.34512433720852,9.753803253173828,6002700,0.03525062480029902
2009-02-12,9.481352713279351,9.93362410415176,9.385086324883003,9.888216018676758,7192800,0.013686460827724883
2009-02-13,9.85370227077897,10.216973119004175,9.795580140679068,10.048052787780762,7679400,0.016035116247298975
2009-02-17,9.659351445663273,9.71565786238338,9.16530358830971,9.18165111541748,11375700,-0.09017181474624636
2009-02-18,9.306981547620266,9.532209353866543,8.967324138743168,9.205265998840332,7044600,0.0025686629531652496
2009-02-19,9.481352450769576,9.853703937977574,8.99093786594647,9.05814266204834,7423800,-0.016111616630213495
2009-02-20,8.885588993342342,9.448657497105666,8.829281519371415,9.223429679870605,10450200,0.018082856182770314
2009-02-23,9.25612032642762,9.30697755936193,8.440578507510727,8.462374687194824,9459000,-0.08611712091617697
2009-02-24,8.447848771596856,9.270655418831558,8.447848771596856,9.26339054107666,8748000,0.09044030066987076
2009-02-25,9.156225240121055,9.399616298562432,8.803853746740238,9.116265296936035,7578000,-0.016009917485718936
2009-02-26,9.325144329991334,9.357838352123698,8.794769902922637,8.901934623718262,7306500,-0.023791586733078282
2009-02-27,8.900116898486699,8.900116898486699,8.30617071206858,8.318885803222656,10995300,-0.0677402985839739
2009-03-02,8.068233314603939,8.313440650750527,7.710411519065203,7.833923816680908,10373400,-0.060064817489533004
2009-03-03,7.990126131654246,8.22261930805379,7.768531828032389,7.930186748504639,10464900,0.012213074497851696
2009-03-04,8.051882478375227,8.29164105699591,7.7975936279645985,8.080944061279297,9401700,0.0188321199833249
2009-03-05,7.661365422206971,7.786693337386427,7.038357244114056,7.158236503601074,12598500,-0.12124505271867934
2009-03-06,7.247237540704604,7.347136318599665,6.773170191786459,7.022010326385498,12270900,-0.019214103935111894
2009-03-09,6.918481120922192,7.265403967715865,6.740478629394465,7.172770023345947,10282800,0.021242366876718943
2009-03-10,7.35622145133371,8.040986025515894,7.334425260412541,8.019189834594727,13198200,0.11154548344741914
2009-03-11,7.957430140084281,8.289822032825128,7.695875446395817,8.128167152404785,12883800,0.013498056989685647
2009-03-12,8.08821010339269,8.940079249418071,7.901126018580962,8.87832260131836,14342700,0.08827718727790244
2009-03-13,8.878324235534935,8.952794951132367,8.602239125063829,8.90738582611084,11152200,0.0032681577772854043
2009-03-16,8.896487605564193,9.08175548649993,8.407888754222538,8.422419548034668,10970700,-0.05598365646646666
2009-03-17,8.41515022125847,8.627663384387333,8.122718244211873,8.618581771850586,11628000,0.02302339928808283
2009-03-18,8.513235103711995,9.10536509691408,8.313436987252189,9.081753730773926,13135800,0.05234677260747109
2009-03-19,9.163490658352655,9.261573771990445,8.509603926983592,8.569543838500977,9763800,-0.058052812639170566
2009-03-20,8.622217919552526,8.849261968312865,8.438766772985007,8.553196907043457,10214400,-0.0019093831608898908
2009-03-23,8.792956316250326,9.81192873869279,8.248050966269487,9.810111999511719,11295900,0.1371085700645192
2009-03-24,9.523126711604741,9.939070477390105,9.243408203124998,9.243408203125,9787500,-0.059503019587786164
2009-03-25,9.377818915418105,9.862785297854233,9.179836992006312,9.7792329788208,10745100,0.05635038265164305
2009-03-26,9.846437520901762,10.191544103627274,9.670252310896473,10.131604194641113,9391500,0.03539861304920562
2009-03-27,10.117020340916094,10.206357135613006,9.777901903545182,9.88182544708252,7314000,-0.02496240995303164
2009-03-30,9.471601769491636,9.72320492166708,9.271048063542954,9.325743675231934,7388100,-0.05791854349879022
2009-03-31,9.447895797473352,9.943810641546264,9.358559036857612,9.8216552734375,7966800,0.05181095656626168
2009-04-01,9.655744542466941,10.146188663610914,9.650274773567347,9.954751968383789,8087100,0.013460352314049325
2009-04-02,10.195417958828605,10.893710334038296,10.193595397597587,10.784317016601562,11500800,0.08004292875253942
2009-04-03,10.738735417288643,10.970284134887976,10.47436912443769,10.962990760803223,7709100,0.0164321732523986
2009-04-06,10.74238201348407,10.866361031881286,10.620227642746096,10.789786338806152,5660100,-0.01592514663519388
2009-04-07,10.529067875921616,10.596526644195784,10.313928424721547,10.315752029418945,5375400,-0.04492792703886588
2009-04-08,10.07873220172386,10.441552289298814,10.073263474837548,10.392325401306152,6978900,0.00739554129560465
2009-04-09,10.886416708710513,11.26382145434873,10.614758069108323,11.252882957458496,11157900,0.07955676715403508
2009-04-13,11.05962475412889,11.34951639175415,10.919237426103791,11.212775230407715,7205700,-0.00357058487463388
2009-04-14,10.966637606934679,11.247413226465545,10.791609137059217,10.79890251159668,9511500,-0.03760926416129062
2009-04-15,10.525417858725653,11.285697992039001,10.494422849723046,11.225531578063965,6849000,0.03874627945744665
2009-04-16,11.134370296349795,11.331277785588211,10.915584776780248,11.128900527954102,8137800,-0.00864541326988315
2009-04-17,11.138020760027434,11.251060249583388,10.930174697022778,11.110672950744629,6875700,-0.0016392024162123582
2009-04-20,10.724151727592,10.888241721188772,10.457962823638098,10.519951820373535,8435700,-0.054632545954656046
2009-04-21,10.199064754926596,11.176307024609464,10.162599969506484,11.15989875793457,9807300,0.05905325755567823
2009-04-22,10.93564541739106,11.570124245781335,10.75879331422861,11.074210166931152,9149700,-0.00770788840996667
2009-04-23,11.159897914306358,11.437026298192384,10.906471169688311,11.325810432434082,9830100,0.02246523353915205
2009-04-24,11.216414307556223,11.42243772183792,10.939285993348468,11.241939544677734,9087000,-0.007432843236631073
2009-04-27,11.010392548016808,11.240117630132373,10.955696944431198,11.041387557983398,8398800,-0.018000669383660135
2009-04-28,10.828070913971912,10.977574096295209,10.494422333964884,10.632987022399902,8421900,-0.037689565385262164
2009-04-29,10.758790336933906,11.010393472969852,10.665806342474566,10.94658088684082,7178100,0.02906600755994327
2009-04-30,11.061444195200487,11.303932444965708,10.928349250634058,11.026803016662598,5853900,0.0073017871622616925
2009-05-01,10.983043250899835,11.150779333496976,10.88823671632446,11.132546424865723,4020000,0.00954398152709542
2009-05-04,11.261996007884884,11.646694029477251,11.048680246022386,11.601113319396973,7656300,0.04122814090173402
2009-05-05,11.48078833505706,11.575595976039791,11.241947192425306,11.26564884185791,5430900,-0.029342899057079725
2009-05-06,11.265643034836259,11.478959856277408,11.05232725664689,11.409677505493164,9116100,0.012703729015933534
2009-05-07,11.582882172689182,11.621170555757677,11.004923824012097,11.077851295471191,6240300,-0.029514163164408604
2009-05-08,11.243765749118525,11.891006499911176,11.114316973008885,11.878244400024414,7427100,0.0697607891271
2009-05-11,11.69410208062239,11.74515258024098,11.245591298875015,11.29117202758789,8503800,-0.0506873413411793
2009-05-12,11.360452678268171,11.619349216774578,11.223711556122195,11.384154319763184,7947600,0.008201232645368131
2009-05-13,11.338574567496215,11.517250261086211,10.857246235416097,10.919235229492188,7653300,-0.04169648260777176
2009-05-14,10.895533528741227,11.16536962905545,10.767908332062175,11.039566993713379,6519000,0.010959884560847857
2009-05-15,11.004926721756023,11.14349041456644,10.820781260777856,10.95752239227295,5890500,-0.007459621630353304
2009-05-18,11.19271532157142,11.876420857867128,11.132548900536802,11.81807804107666,7287900,0.07560419961351383
2009-05-19,11.641226811619246,11.841780519365173,11.47896149295141,11.520895004272461,4499700,-0.025468052885965597
2009-05-20,11.721446631750567,11.82719271509854,11.185421798811635,11.247410774230957,5676600,-0.02402439483364682
2009-05-21,11.070558849248098,11.207299943299954,10.933817755196241,11.12707805633545,4225200,-0.010756346569734516
2009-05-22,11.154429177429247,11.466198768571362,11.09608635436761,11.289346694946289,4168200,0.014477908482427346
2009-05-26,11.198186088352346,11.774321977094289,11.17630700848146,11.745150566101074,6564600,0.03958092694804203
2009-05-27,11.745147127285557,11.77431852973779,11.271111315810947,11.309398651123047,5835000,-0.03780631856761673
2009-05-28,11.48807819621228,11.752445579683148,11.480785864072832,11.748798370361328,7072500,0.038116849955884526
2009-05-29,11.832664714533436,12.202777119271783,11.650342875502611,12.188191413879395,5164500,0.036716597101652565
2009-06-01,12.386920564596126,13.123499089722259,12.239239930100673,12.977642059326172,10611000,0.06276046913579025
2009-06-02,12.922943168815824,13.344105923007076,12.839075130083815,13.174546241760254,6561000,0.015058617735391187
2009-06-03,13.085213584575582,13.296706846795113,12.897423007854279,13.014108657836914,5840400,-0.012252602639687927
2009-06-04,13.189139747433678,13.39698688510799,13.119858411461118,13.362345695495605,7906200,0.02640667836545951
2009-06-05,13.531900756299436,13.78350495301377,13.380573934698328,13.599359512329102,6908100,0.017581968244347233
2009-06-08,13.417037986760162,13.668641126486309,13.34775563014657,13.548309326171875,3996300,-0.0037609303866641213
2009-06-09,13.654056825461792,14.013230745557646,13.58659806618167,13.98405933380127,5524500,0.03165629531728876
2009-06-10,14.036929067061775,14.15179108246481,13.770739215307497,13.98952579498291,5502000,0.0003908302225872166
2009-06-11,13.918425021519662,14.122624931481173,13.872844293255138,13.9257173538208,4947300,-0.004571592083369485
2009-06-12,13.965824396575737,14.018697442320946,13.608474132683263,13.854608535766602,3181800,-0.005119376470852342
2009-06-15,13.72151363114424,13.809028897205376,13.384218839513933,13.555601119995117,4000800,-0.02181809484782005
2009-06-16,13.621238275461739,13.621238275461739,13.026870542551785,13.101621627807617,5479800,-0.034063817774285986
2009-06-17,12.964876779117565,13.24929846311231,12.924765841560328,13.004987716674805,5328000,-0.007403056535944897
2009-06-18,13.090678195212138,13.251121943952318,13.014103528405483,13.138082504272461,4672500,0.010182119878085491
2009-06-19,13.254769133239122,13.417035455057281,13.1836631857759,13.376924514770508,4654800,0.018016097115493963
2009-06-22,13.185488800418906,13.294882100928094,12.565595865121121,12.574711799621582,5861100,-0.061843374181840674
2009-06-23,12.625758881233612,12.941175580895525,12.578356656643619,12.77161693572998,4545300,0.015537484694041051
2009-06-24,12.458023971811654,13.256592420894943,12.458023971811654,13.057861328125,5714400,0.02216507112283547
2009-06-25,12.957584319197858,13.170900058407755,12.866422908717993,12.94664478302002,6126000,-0.008553688559267084
2009-06-26,12.977734178401324,13.186196678573962,12.977734178401324,13.138652801513672,3668100,0.014721816817611467
2009-06-29,13.20082634500435,13.209969318282312,13.01979275360052,13.177054405212402,2217300,0.0029185330764831163
2009-06-30,13.14597240937735,13.237403222933354,13.036254596032855,13.167915344238281,3921000,-0.0006937993421615143
2009-07-01,13.215454026352088,13.337971739785475,13.160595145672966,13.193510055541992,2991900,0.001941831214213377
2009-07-02,12.999680625242343,13.193514212183947,12.752817153930664,12.752817153930664,4236900,-0.033972845780442115
2009-07-06,12.900928054915967,12.930185978978095,12.52605998731728,12.679664611816406,6444900,-0.005752701960264649
2009-07-07,12.608358164422306,12.750990911585493,12.251775773341,12.262747764587402,4250700,-0.03343346873650544
2009-07-08,12.30114568485358,12.427321460693925,11.973823412125341,12.116455078125,5433000,-0.012001577194772763
2009-07-09,12.264577457668594,12.34869431797077,12.017713919035756,12.08354377746582,5564700,-0.0027199440087289787
2009-07-10,12.023192265821004,12.195081812558414,12.010391268019832,12.10365104675293,3079800,0.00166263794253328
2009-07-13,12.290174909642618,12.646756172180176,12.076225315042935,12.646756172180176,6088200,0.043893606723719614
2009-07-14,12.672354558383876,12.83693017035337,12.548007819635085,12.794872283935547,4853700,0.01164373463198499
2009-07-15,12.835103041331415,13.253857105032163,12.820474073838174,13.155111312866211,5742300,0.027765888250558275
2009-07-16,13.089286206116096,13.316034760919543,12.937509436459376,13.24837589263916,3177000,0.007064594683117243
2009-07-17,13.233739375011123,13.326999154060873,13.008818916069856,13.270312309265137,2727600,0.001654412274275247
2009-07-20,13.319691987226912,13.546440528383496,13.310547964240975,13.509868621826172,4298100,0.017891044358345588
2009-07-21,13.632386399733363,14.30714812101544,13.632386399733363,13.86279296875,8406600,0.02578805894599872
2009-07-22,13.676269468403095,14.067594618246407,13.566551686840201,14.016392707824707,4892700,0.011019065981659486
2009-07-23,14.164514100518243,14.901449670392239,13.90484961121883,14.802703857421875,7375800,0.05458230481352304
2009-07-24,14.669208710152327,14.810013415676154,14.33457047742383,14.733210563659668,3088200,-0.004705689555224026
2009-07-27,14.705787175897235,14.910592765592192,14.599726353616742,14.90693473815918,6301200,0.011722355748595628
2009-07-28,14.79904175556608,14.853900637827941,14.583263206310452,14.725895881652832,4432500,-0.012218954799944223
2009-07-29,14.597889398721923,14.753321985840758,14.597889398721923,14.705778121948242,4193400,-0.0013670824728030115
2009-07-30,15.034937599856518,16.207084117743413,14.954477748255387,16.004106521606445,10485300,0.08460486083586369
2009-07-31,15.969355616137827,16.232676922384364,15.821236988994452,16.216218948364258,6220200,0.013166564145113566
2009-08-03,16.455774894218102,16.969616683985628,16.41371596193898,16.761154174804688,8315700,0.03305204647364052
2009-08-04,16.671549438628197,16.960472799004418,16.63132057051587,16.874526977539062,3755700,0.006741247877059822
2009-08-05,16.861730569851048,17.004363267053076,16.645951987525557,16.870872497558594,5606100,-0.00021659130142769533
2009-08-06,17.031792658798754,17.09579452528665,16.673382415735805,16.856245040893555,4439700,-0.0008674003976464477
2009-08-07,17.050077406767336,17.456031506172955,16.823328939446945,17.256711959838867,4746600,0.02347995321303356
2009-08-10,17.212828414770637,17.25671532471396,16.750186323564957,16.847103118896484,3356700,-0.024022446628105154
2009-08-11,16.722756815114465,17.095796059820515,16.719099834333104,16.934877395629883,6285600,0.005196526249614456
2009-08-12,16.817843902303064,17.37008770439738,16.770298971671792,17.22562599182129,4902900,0.01702291174940946
2009-08-13,17.331684131108933,17.459688896754635,17.183566498293235,17.424943923950195,4591200,0.011504580213738578
2009-08-14,17.439576698656175,17.446890659939196,17.079337423634424,17.289628982543945,5140800,-0.007795897538207793
2009-08-17,16.96231179154853,17.07751457091385,16.437496688519612,16.505155563354492,7047900,-0.04643405047877906
2009-08-18,16.57463945056275,17.072025499276794,16.57463945056275,16.969621658325195,6666300,0.02775199377461531
2009-08-19,16.730073584818477,16.989737035528844,16.704472623960125,16.83979034423828,3123000,-0.007680225391720762
2009-08-20,16.88366748245185,17.114073904089807,16.82332366592839,17.084815979003906,4494600,0.014445555729727102
2009-08-21,17.223798554682794,17.371917252219294,17.029963938483505,17.293285369873047,5751000,0.012128182653818364
2009-08-24,17.362772950112237,17.4688327077837,17.01899167486127,17.04276466369629,3796800,-0.014592543490269292
2009-08-25,17.14333677092905,17.541976899896262,17.121392797616064,17.406658172607422,4464000,0.02112703286252298
2009-08-26,17.287799697104433,17.379231536128664,16.99522032345819,17.090309143066406,4793700,-0.018341200541172772
2009-08-27,17.12505452758525,17.17625539914468,16.834303096386805,17.00253677368164,2911800,-0.005149031179224739
2009-08-28,17.150656214885725,17.31523292831614,17.002538533048902,17.136028289794922,3037500,0.007820609697430113
2009-08-31,16.95864718278403,17.08116491731784,16.80504249969739,17.06653594970703,2764200,-0.004063580451259726
2009-09-01,17.05373684897603,17.21099852989875,16.51063597354,16.54903793334961,4431900,-0.03079161493319366
2009-09-02,16.490522902329857,16.709957466118528,16.368005140087867,16.60024070739746,3493800,0.0030892264850239494
2009-09-03,17.006192241987005,17.146995934184957,16.88184548552285,17.0683650970459,4644900,0.027809560127859862
2009-09-04,17.086652493021084,17.15065331669121,16.918418826746855,17.12505340576172,3246900,0.0033157468971950835
2009-09-08,17.28048192300955,17.498088438110692,17.276824943232473,17.48345947265625,3721500,0.020712758252696133
2009-09-09,17.53832089957893,17.865644199439544,17.410318210401762,17.84370231628418,4809300,0.020395373579659534
2009-09-10,17.785183043726214,17.89672983551854,17.510890690192507,17.891244888305664,3816900,0.002660846246662395
2009-09-11,17.891253892582622,17.958912769952946,17.737648088312437,17.88393783569336,3985800,-0.0004084984146853472
2009-09-14,17.82906638850207,18.21856241351249,17.648031786834338,18.191133499145508,3189600,0.01703132260770132
2009-09-15,18.12165634452224,18.255147154784822,18.00096653892153,18.18383026123047,4322400,-0.0004015530055938762
2009-09-16,18.213086121089574,18.726928057647996,18.160055187297147,18.699499130249023,6576900,0.027963987028675946
2009-09-17,18.602582344501627,18.712300146869246,18.36486078815396,18.51297950744629,4502100,-0.010024657944506549
2009-09-18,18.593434754778666,19.023160789114403,18.573319794457863,18.918930053710938,5361600,0.021690929873637438
2009-09-21,18.758014231695018,18.80738713603537,18.520292685412365,18.567838668823242,2427000,-0.018732030685335768
2009-09-22,18.690351217959236,18.82932692463943,18.600748404634043,18.68669319152832,3167700,0.006380696254449425
2009-09-23,18.65926164121695,19.008529871901032,18.470913067730834,18.472742080688477,4270500,-0.011515432003705067
2009-09-24,18.646461797790113,18.646461797790113,17.947927464257543,18.27707862854004,4804200,-0.01064850370617833
2009-09-25,18.039361774848,18.262455362046005,17.878444177455822,18.141765594482422,6222900,-0.007430969301828849
2009-09-28,18.1819992308843,18.65744025223454,18.13262632431355,18.637325286865234,3056400,0.026949534257685658
2009-09-29,18.639150541946204,18.750697335836268,18.4690899701457,18.51480484008789,2924700,-0.006595632095338657
2009-09-30,18.5440575211673,18.683033197645695,18.156390511435795,18.395938873291016,5316600,-0.006440746825993788
2009-10-01,18.401441655948172,18.476573393521715,17.78757255876755,17.805896759033203,5538900,-0.03260024581128253
2009-10-02,17.631810226987866,18.220025712003352,17.56584165504025,17.99646759033203,5218800,0.010645812621273164
2009-10-05,18.113747523431396,18.538873973168577,17.9653189950581,18.520549774169922,3532500,0.028705420551726066
2009-10-06,18.628657029517342,18.956665936677215,18.581013711111805,18.833890914916992,3763500,0.016777040940049868
2009-10-07,18.75327903916332,18.88338131936997,18.637833187653705,18.86688995361328,2347500,0.001750576320344119
2009-10-08,19.02631156244244,19.19123149460511,18.95484548957936,18.978668212890625,3823500,0.005907091332377471
2009-10-09,18.95300479811058,19.521063271936026,18.95300479811058,19.50457191467285,4051200,0.02733327245108392
2009-10-12,19.596192497174403,19.72079827443835,19.233368004111206,19.36530303955078,2247600,-0.007165933579529845
2009-10-13,19.29933733065956,19.407451762893974,19.101432661882026,19.187557220458984,2895900,-0.009220954155368869
2009-10-14,19.447770301347255,20.00666678664521,19.444104622538713,19.97001838684082,3461400,0.03997006063369836
2009-10-15,19.84541490013516,20.468448321173298,19.797771550345143,20.35483741760254,4928100,0.01908652642810943
2009-10-16,20.20457932867448,20.2687140531796,20.01034021797369,20.169761657714844,6117000,-0.009134059354773301
2009-10-19,20.204575780040354,20.558238365437784,20.07080573711069,20.528919219970703,5182800,0.017650050484208916
2009-10-20,20.451954587251894,21.036504595693525,20.4482889080502,20.90273666381836,6188100,0.01804550554334271
2009-10-21,20.774463905079614,21.084146672754837,20.48493608059091,20.53257942199707,4834500,-0.0178672265151963
2009-10-22,20.5673885345459,20.622361114001183,20.210060476878095,20.5673885345459,5067600,0.0016938758155984788
2009-10-23,20.640694351077872,20.943049961770498,20.52891630446157,20.693836212158203,4043700,0.006129147849465591
2009-10-26,20.816597448456257,21.327848193103073,20.67916393395349,20.71031379699707,7767000,0.0007959388469575748
2009-10-27,21.040158430534767,21.041991269103836,19.31949000130693,19.97367286682129,13527000,-0.03621677751158675
2009-10-28,19.649341823387385,20.02499427426808,19.04463473905262,19.143587112426758,7518000,-0.042447266829276964
2009-10-29,19.546715629424263,19.761111627080922,19.205881020253916,19.709802627563477,6978600,0.02914832438496655
2009-10-30,19.662168283143032,19.832586714074804,19.114266684059242,19.17290496826172,5318400,-0.027618024508106943
2009-11-02,19.28467934029155,19.515566728799318,19.007979364233,19.50273895263672,5039400,0.017056832031684774
2009-11-03,19.24070294827114,19.662165825428588,19.161907632656348,19.565046310424805,3214800,0.0031897078473230446
2009-11-04,19.67865610173437,20.046979199793725,19.59619720902502,19.640174865722656,4282500,0.003832583773574674
2009-11-05,19.84358103808925,20.37132557951804,19.786773498162983,20.338340759277344,4059900,0.03493060559948711
2009-11-06,20.10195616806912,20.440960203056264,20.068973442638093,20.19907569885254,2750700,-0.006870966158497986
2009-11-09,20.296184800603406,20.884402299075795,20.15692051476568,20.8734073638916,3299700,0.03283912800336967
2009-11-10,20.85141788487632,21.02183623782567,20.702989402708077,20.81110382080078,3407700,-0.002989292075871767
2009-11-11,20.985193339547582,21.28754683233433,20.93755000034685,21.074983596801758,2784600,0.012600043757466295
2009-11-12,21.049333987885454,21.18493476974641,20.844099975352805,20.8752498626709,3567900,-0.009522485428119731
2009-11-13,20.97969829851664,20.97969829851664,20.503260681027122,20.670013427734375,4232400,-0.009880216816779834
2009-11-16,20.79279107104042,21.082316839747122,20.76163908646727,20.922895431518555,5652600,0.012160011250176182
2009-11-17,20.82027135759379,21.326025935291348,20.82027135759379,21.183095932006836,3568500,0.012359467350305976
2009-11-18,21.16293576504669,21.230736126752902,20.981524553202973,21.19042205810547,2298900,0.0003457879599868413
2009-11-19,21.067657605289014,21.06949044497926,20.609546245044875,20.692005157470703,2782200,-0.023801888487499444
2009-11-20,20.651689352403633,20.651689352403633,20.33101163665036,20.40614128112793,2443800,-0.013911502652433412
2009-11-23,20.68467038046313,20.88807149336376,20.607707910558563,20.737810134887695,1959000,0.016122711935273475
2009-11-24,20.79462160865359,20.79462160865359,20.34017386570264,20.453786849975586,2705100,-0.013790569289809491
2009-11-25,20.453788716293605,20.60771369934082,20.40064684987127,20.60771369934082,1662000,0.007497415746638204
2009-11-27,20.109284699083403,20.219229897821354,19.93153702522537,19.968185424804688,2288400,-0.03152517888851584
2009-11-30,19.643840664052792,19.80876054754757,19.313998799993136,19.79593276977539,5891700,-0.008663777310000788
2009-12-01,20.003003559130814,20.05981110227348,19.71714348914118,19.863737106323242,4832700,0.003419312506734834
2009-12-02,19.810598029896997,20.12577935079155,19.808765190204245,19.982847213745117,2833200,0.00597845281961187
2009-12-03,20.02865374493257,20.224725591194726,19.713472519603496,19.781272888183594,2957400,-0.010138589849884926
2009-12-04,20.00116462333966,20.20090214059907,19.594362426679595,19.949857711791992,4716000,0.008486334661081308
2009-12-07,19.85640144555799,20.046976861202957,19.605357021141575,19.614519119262695,2757000,-0.01695194767771422
2009-12-08,19.574209449592562,19.667665387923574,19.321332129283277,19.532062530517578,2963700,-0.004212715757866872
2009-12-09,19.52106875319852,19.894888334639695,19.365310943776436,19.812429428100586,2286900,0.014252142008687529
2009-12-10,19.887560390967234,20.343841006245256,19.801435799603816,19.960859298706055,4440300,0.007463831351484609
2009-12-11,19.960857472951247,20.156929359453553,19.718972986901043,19.784942626953125,3228300,-0.008852145986310513
2009-12-14,19.876563483759124,19.96818658510163,19.607194795300515,19.671329498291016,5024100,-0.005758954738799556
2009-12-15,19.48442283947449,19.656674129866264,19.072121962895206,19.1087703704834,4927200,-0.029014808907286103
2009-12-16,18.96216968835688,19.378136135833685,18.819239677867273,19.2736873626709,4834200,0.008593405258877786
2009-12-17,19.10143359177269,19.17656321717836,18.93834656452506,18.9566707611084,4895400,-0.016584927980391535
2009-12-18,19.035468876893763,19.149079751322905,18.956673561702523,19.055625915527344,4366800,0.005206492982877806
2009-12-21,19.29933911732061,19.6365102210497,19.11059652891563,19.60719108581543,6781200,0.02853400945845684
2009-12-22,19.60719108581543,19.79043515676213,19.539388619583086,19.60719108581543,3395400,0.0
2009-12-23,19.659977363687634,19.922034880523004,19.648667422116326,19.793834686279297,2867700,0.009474118649538593
2009-12-24,19.899424748916374,19.952213857278174,19.654334155322257,19.876800537109375,1298100,0.0041827397682093585
2009-12-28,19.954087567648624,20.06343499402713,19.79572247824269,20.00876235961914,2220300,0.006617046090089083
2009-12-29,20.04465322188304,20.135335821480655,19.906738615256607,19.919963836669922,2794500,-0.004447858862700522
2009-12-30,19.836839163378208,19.97097452829598,19.799055284373953,19.91240692138672,2205600,-0.0003794358824268653
2009-12-31,19.916188607695197,20.082441154898802,19.902965545654297,19.902965545654297,1843800,-0.0004742578217597181
2010-01-04,20.059775420728936,20.464069139258452,20.006876672032377,20.403614044189453,3746700,0.024843301165856903
2010-01-05,20.33181881479115,20.594420710567874,20.290255675943694,20.56230354309082,3276600,0.007747430156290844
2010-01-06,20.51129531652013,20.713442139417293,20.464065457633428,20.57741928100586,2470800,0.000734848830162675
2010-01-07,20.558529342684064,20.66621429626683,20.331821673826646,20.392276763916016,3049200,-0.00903808401194614
2010-01-08,20.345042092805222,20.41683276557749,19.98797835544602,20.413053512573242,3692400,0.001018335120040269
2010-01-11,20.431956046044593,21.055401230270284,20.431956046044593,20.85892105102539,3252900,0.021607150607222743
2010-01-12,20.76067724219235,21.115851455059914,20.541525907928307,20.951488494873047,5898000,0.004427968828804172
2010-01-13,20.947708678982263,21.208420991017462,20.8966995603628,21.087512969970703,3539700,0.006471369207988937
2010-01-14,21.015716668638117,21.079948834981604,20.743666667258044,20.979820251464844,1731900,-0.005120027609059502
2010-01-15,20.979828693552754,20.979828693552754,20.413061593029862,20.462181091308594,3330300,-0.024982677772690923
2010-01-19,20.43194375899133,20.953370366085995,20.384713910575535,20.921253204345703,3393000,0.022187184462877308
2010-01-20,20.809791732342262,20.862690466657437,20.350709762820806,20.583084106445312,2156400,-0.016295963430167586
2010-01-21,20.59064095672389,20.662431627082405,19.77071604589476,19.7839412689209,3979800,-0.03959901697806877
2010-01-22,19.840618163123562,19.867066445680543,19.03391851958745,19.13027000427246,4684500,-0.03359866406668068
2010-01-25,19.307855820116263,19.58557251410726,19.245513285832914,19.553455352783203,3771300,0.021880117668782128
2010-01-26,19.372092157850993,19.544011416192138,18.948906623787263,18.98102378845215,3578700,-0.02971228309266729
2010-01-27,18.948906522629102,19.687592657801734,18.948906522629102,19.625247955322266,5362200,0.033377166145612175
2010-01-28,19.83683813641864,20.16367429419914,18.65418505605191,18.954570770263672,6083700,-0.03477179421372371
2010-01-29,19.01313792504539,19.256847845641417,18.52949733671614,18.708972930908203,5793300,-0.013041859387471114
2010-02-01,18.814777058355315,19.19262248291335,18.70897956114296,19.16617202758789,3535800,0.024143606892334822
2010-02-02,19.13972126937659,19.436327824703113,19.020700721874437,19.230403900146484,3034200,0.003345711481979851
2010-02-03,19.160505307993844,19.313532672506497,19.02636989040205,19.23796272277832,2854200,0.000392989013711583
2010-02-04,19.53645672146907,19.53645672146907,18.550281314366583,18.567283630371094,5029500,-0.03548446468558588
2010-02-05,18.59562186610608,18.722198734363133,17.839932342389595,18.514385223388672,6282900,-0.0028530777875192684
2010-02-08,18.504934023237123,18.61828563607356,18.179987544201783,18.19321060180664,3813000,-0.017499528940681575
2010-02-09,18.476605689955928,18.59373879112296,18.178109460682933,18.36703109741211,4401600,0.009508788630468808
2010-02-10,18.268785400680727,18.55594808571298,18.26122905687567,18.382139205932617,2889900,0.0008222285971064201
2010-02-11,18.35002554155638,18.586177005317566,18.21211089008272,18.51249885559082,2362800,0.0070666199203505
2010-02-12,18.39348010469291,18.518167380572237,18.10253916389266,18.487939834594727,3818400,-0.001327499103907145
2010-02-16,18.635294732715128,18.89222771336452,18.616402792553608,18.888450622558594,3912000,0.021432038437909296
2010-02-17,18.896014955182103,19.10383070890828,18.850672549989163,19.062265396118164,3474900,0.00916009009328358
2010-02-18,19.07548691961119,19.183174030005933,18.94324114621103,19.158613204956055,3449700,0.00504164302058365
2010-02-19,19.196392059326172,19.324860707363985,19.037698037684038,19.196392059326172,4464600,0.0019699575754077376
2010-02-22,19.313525193909868,19.338083850579473,19.05281296808359,19.14916229248047,2446200,-0.0024633776471611924
2010-02-23,19.039595206995823,19.14350307759063,18.818556400126685,18.897903442382812,3590700,-0.013207983213775872
2010-02-24,18.97158030507324,19.21151320457748,18.8601182577559,19.203954696655273,3674400,0.01606524467010852
2010-02-25,18.98669545759688,18.98669545759688,18.65608207827052,18.92435073852539,4352100,-0.014666739952405564
2010-02-26,19.009362910152326,19.254960321956364,18.90356543887966,19.21717643737793,3145800,0.015354993569846175
2010-03-01,19.476002085134997,19.476002085134997,19.16239107295789,19.428770065307617,2659800,0.010950475352513546
2010-03-02,19.430663071040804,19.70082136381171,19.38532283209319,19.672483444213867,3442800,0.012465919278500357
2010-03-03,19.672484113847734,19.827401106451717,19.574245124413377,19.632810592651367,3160500,-0.002018703383725818
2010-03-04,19.63281478695145,19.982322368023613,19.53079652149597,19.969097137451172,3771600,0.01698375898891526
2010-03-05,20.09755331357646,20.668099454205002,20.095665849080497,20.64731788635254,4580100,0.03339949107137293
2010-03-08,20.630308500853808,20.6775383379475,20.394154991298645,20.46405601501465,3455700,-0.008915444453842309
2010-03-09,20.324259526673533,20.482953552349002,20.24679997820112,20.433834075927734,3471900,-0.0014779219427085769
2010-03-10,20.488624063289382,20.488624063289382,20.188236139567156,20.295923233032227,4466700,-0.006772020216138173
2010-03-11,20.23358434615249,20.409280749930144,20.114563783197678,20.397947311401367,3079200,0.005014233876804773
2010-03-12,20.53586117733264,20.592537021897936,20.390390149418888,20.467849731445312,1921200,0.0034210754850757075
2010-03-15,20.41116356208405,20.57552647245488,20.27891781560734,20.465951919555664,2312400,-9.27259044829747e-05
2010-03-16,20.48295686257999,20.592531429542433,20.345044381030686,20.581195831298828,2699400,0.005615211816990769
2010-03-17,20.637870079492412,21.259423109136822,20.637870079492412,21.059165954589844,3796800,0.022958067430876312
2010-03-18,20.968482903007224,21.12339983156606,20.883469176465947,21.081836700439453,3168900,0.001075947253665676
2010-03-19,20.85135841369629,21.21597857406871,20.802238924212393,20.85135841369629,4360800,-0.01099275202087375
2010-03-22,20.677549971608727,21.076176939494836,20.675660344653163,21.049726486206055,3166800,0.009468468656008871
2010-03-23,21.038387484728545,21.344442140705755,20.913700232401855,21.289653778076172,2783400,0.011333650073343932
2010-03-24,21.208414726700873,21.282095023398217,20.89669338811915,20.90047264099121,3867900,-0.01844944347135712
2010-03-25,21.08372872440029,21.671277181896524,20.9949335730536,21.202749252319336,3882300,0.01435908186663956
2010-03-26,21.287760845985403,21.287760845985403,20.80223069975403,20.962814331054688,4317000,-0.01138073302418413
2010-03-29,21.04800723080684,21.101011070163047,20.88710449796902,21.05747413635254,2540100,0.004505441008390831
2010-03-30,21.12372365287423,21.19565695818552,20.93821133042197,21.144546508789062,3319500,0.0041264609920941275
2010-03-31,21.0252897239714,21.167262955219446,20.81516778195979,20.99310874938965,2544000,-0.007187794881609182
2010-04-01,21.307344977897607,21.51935815598387,21.252447760798034,21.5098934173584,3978600,0.024318759161970467
2010-04-05,21.6064252651429,21.75218521267893,21.470132218664062,21.668893814086914,2926800,0.007364779124388573
2010-04-06,21.483392400075804,21.720013030043397,21.413352468306055,21.579933166503906,2511600,-0.004113904549995021
2010-04-07,21.46445541450332,21.547746826042303,21.246764315805606,21.358449935913086,3519300,-0.010316419898877369
2010-04-08,21.373597808441687,21.572361649095885,21.25623418481598,21.492856979370117,2852100,0.006273203498790998
2010-04-09,21.494743692113744,21.78626364183839,21.494743692113744,21.735153198242188,2511600,0.01121026646009668
2010-04-12,21.657544383011935,21.877131082467653,21.64807964449865,21.780588150024414,3812400,0.002088208399298786
2010-04-13,21.786268856925368,22.56995962454395,21.727584877016092,22.49424171447754,6210600,0.03224023138172998
2010-04-14,22.60403278801347,22.976948674577077,22.47531104790668,22.963699340820312,4185600,0.020655326933328253
2010-04-15,22.93151147497071,23.075375886533013,22.770608806591746,22.954225540161133,3159000,-0.00041264063296257437
2010-04-16,22.886082763781403,22.952338088880936,22.128892974825916,22.422304153442383,4141500,-0.023445854360305628
2010-04-19,22.24625430565635,22.6551378330647,22.132675307338566,22.56806182861328,2938200,0.0064795287591016245
2010-04-20,22.797109192271105,22.797109192271105,22.42608680525643,22.600238800048828,4043700,0.0014247592418049537
2010-04-21,22.484771358521876,22.62674457076816,22.119426901239056,22.325759887695312,4588200,-0.012219308890212598
2010-04-22,22.14026083338876,22.244372985817467,21.96042641924023,22.189477920532227,4981800,-0.006122954729525705
2010-04-23,22.259510801625666,22.689217278001315,22.259510801625666,22.647571563720703,3757200,0.020434421474735575
2010-04-26,22.622964859523368,22.622964859523368,22.055071833569393,22.07400131225586,3741600,-0.02565212565253299
2010-04-27,21.992597757768493,22.1137481241563,21.3679164518738,21.384952545166016,3938100,-0.0317129821933431
2010-04-28,21.619685510494353,21.82791409125148,21.29219992421622,21.6177921295166,4812900,0.010829162721927686
2010-04-29,21.829801975383948,22.463950193114467,21.790049646275165,22.40148162841797,4263900,0.03561041547206293
2010-04-30,22.268969145238277,22.479088870858696,21.865765784460457,21.89037322998047,3319800,-0.023080139159588335
2010-05-03,22.00017606751092,22.282229190234155,21.890381628534445,22.197044372558594,1959300,0.013912182003784048
2010-05-04,21.803297849758557,21.88658925676657,21.316803070529744,21.45309829711914,3693600,-0.03409006594425324
2010-05-05,21.172939759298707,21.617788903740333,20.98174946953073,21.282732009887695,3372600,-0.007973037543085617
2010-05-06,21.241084951461943,21.60832279480096,18.929761194723355,20.29081153869629,9035400,-0.04772789013973704
2010-05-07,20.300276067004187,20.349493129753355,19.554444437204946,19.78538703918457,9318300,-0.02522451311698755
2010-05-10,20.75080207762956,21.015818989178566,20.567183186537196,21.00824546813965,4862100,0.05997136510046443
2010-05-11,20.775417176952548,21.008253208894413,20.603156337607924,20.726200103759766,4690500,-0.013516396562953283
2010-05-12,20.760273778120606,21.11047342180647,20.6561594922925,21.066936492919922,5685600,0.01630621517388814
2010-05-13,20.90602989914451,21.07071936208175,20.726197722967267,20.73566246032715,3741000,-0.01584977852842709
2010-05-14,20.482002958482294,20.538793547203262,19.885715858118534,20.08258628845215,5159400,-0.03200195632714976
2010-05-17,20.07881061551068,20.474442909004956,19.75321828150193,20.17913818359375,5716500,0.004796221796037898
2010-05-18,20.391139823328064,20.48389597798728,19.51847765014772,19.647201538085938,6505800,-0.026714394742706916
2010-05-19,19.560124644235344,19.880038838114352,19.253461949418185,19.645309448242188,4605000,-9.630791200243281e-05
2010-05-20,19.31782426265382,19.31782426265382,18.558741034353478,18.74993133544922,9410700,-0.04664851459631429
2010-05-21,18.447061355073153,19.529843728324582,18.356198544024227,19.446552276611328,8859300,0.03647970320895082
2010-05-24,19.15881437528271,19.206138062384227,18.407302525877153,18.428125381469727,7045800,-0.05379174260214931
2010-05-25,18.057095153377333,18.47733562194452,17.82615152961053,18.43568992614746,7581600,0.00041040487647763814
2010-05-26,18.607960928269424,18.734791465542934,18.098750813930394,18.18204116821289,5445300,-0.013854097857448741
2010-05-27,18.411085457378437,18.91083178010258,18.36186839397231,18.8900089263916,5602200,0.03819879613301299
2010-05-28,18.83321411694685,18.92975483042225,18.543587643843445,18.56819725036621,4777800,-0.01718286200871258
2010-06-01,18.407300004026933,18.568202684467515,18.0684574682215,18.07602882385254,4692000,-0.026863605910290706
2010-06-02,18.147965514414526,18.553061278895036,17.951096149960232,18.528453826904297,3161100,0.024720909062276187
2010-06-03,18.49248697683039,18.556848930674185,17.996528404966774,18.147966384887695,5641200,-0.020749085678864507
2010-06-04,17.733399726094234,17.968127986497844,17.24122589001766,17.299907684326172,7626900,-0.04785734420021248
2010-06-07,17.40781250636037,17.521390449228853,16.749056754945602,16.78123664855957,8733300,-0.030439769231118952
2010-06-08,16.841805896284168,17.110607384957206,16.55218047558391,17.065176010131836,7692600,0.016778500314119267
2010-06-09,17.19200767789638,17.371840904052515,16.67333301738357,16.76230239868164,5777100,-0.017907436164462
2010-06-10,16.96674677620034,17.360485471034405,16.85695344314816,17.326412200927734,4897200,0.03309959383116241
2010-06-11,17.114399301347056,17.74097400331331,17.078432650045006,17.699329376220703,4881600,0.021294696439809444
2010-06-14,17.81100463170974,17.835614235420042,17.35101192763998,17.390764236450195,4332300,-0.017587476220430612
2010-06-15,17.481642485524606,17.812913824980317,17.354813010781008,17.788305282592773,5083200,0.022601960486255252
2010-06-16,17.678507579424505,17.9189160497404,17.57060869561765,17.811016082763672,3861600,0.0012759121455615948
2010-06-17,17.884842778211382,17.89430751657017,17.407812599373234,17.623611450195312,3871200,-0.010577584297125959
2010-06-18,17.523275288895665,17.676606574359152,17.44944971617399,17.661462783813477,4710600,0.002145459458935232
2010-06-21,17.84131001058354,17.996533715010205,17.627403394641416,17.714479446411133,5868300,0.0029973308947870273
2010-06-22,17.71447256177496,17.934058153695236,17.527067943764916,17.540319442749023,5665800,-0.009880153959287655
2010-06-23,17.572503452676568,17.663366253424925,17.24691229157995,17.345346450805664,3876000,-0.011177944696977376
2010-06-24,17.246908362114507,17.282873931442712,16.81341623453551,16.877777099609375,6925200,-0.027326462240242624
2010-06-25,17.02542307273257,17.290439957817124,16.891022333289012,17.226078033447266,7889700,0.020426608253041875
2010-06-28,17.193824023964236,17.33614129802403,16.97560427612552,17.07238006591797,3309900,-0.008962443495474391
2010-06-29,16.924371122156263,16.924371122156263,16.167243216073977,16.264019012451172,4896600,-0.04850671152670365
2010-06-30,16.258328635482282,16.613172913623103,16.205197435130195,16.355104446411133,5932500,0.005584801861461682
2010-07-01,16.336126638896097,16.588502245658624,15.954716275032405,16.264019012451172,5557200,-0.005584801861461642
2010-07-02,16.3114568512328,16.347510660879536,15.939534198399095,16.123598098754883,3607200,-0.00867132602495893
2010-07-06,16.317153384839884,16.628353045551577,16.102728447131266,16.294382095336914,3585600,0.010536472386870527
2010-07-07,16.319051761176112,16.973711149583757,16.319051761176112,16.93955421447754,5176800,0.038830981644283086
2010-07-08,17.110338053433747,17.27732355633066,16.92817205027347,17.212806701660156,4620000,0.01600230911694993
2010-07-09,17.10274500332932,17.51072157268762,17.10274500332932,17.503131866455078,3443700,0.01672614627641891
2010-07-12,17.448099542234164,17.55246504822887,17.2109044207591,17.391172409057617,2522100,-0.006417084043923547
2010-07-13,17.584726410332756,18.08378597821335,17.584726410332756,17.950956344604492,4895400,0.03168064709513102
2010-07-14,17.846585759696847,17.882639569204418,17.54677072731382,17.77068328857422,2935500,-0.01009329853372617
2010-07-15,17.785870368655303,17.842796428730246,17.35322558015678,17.78966522216797,3436200,0.0010675899529445463
2010-07-16,17.52969877146471,17.628372563450835,17.055307336500064,17.104644775390625,3883200,-0.03926763226795281
2010-07-19,17.17105798580664,17.35891678965779,16.96042789140631,17.28301429748535,2450700,0.010374135757900815
2010-07-20,16.968012649315,17.52210118802494,16.859851229260816,17.493637084960938,4161600,0.012113032992472093
2010-07-21,17.73083838268183,17.73083838268183,17.191930180663064,17.218496322631836,4667100,-0.01585304604689803
2010-07-22,17.455686859586628,18.053418924501596,17.434813545382635,18.02305793762207,5532900,0.045667761033936105
2010-07-23,17.897822794801783,18.191945051012056,17.761198325930902,18.125530242919922,3292800,0.005669520439938973
2010-07-26,18.14261395655587,18.673931489184803,18.057222688741245,18.66634178161621,4226400,0.029400542264689557
2010-07-27,18.72136149402329,18.865576731209014,18.603713478818143,18.6815128326416,3804900,0.00081241892025777
2010-07-28,18.61510180085463,18.79347181828192,18.25835959441057,18.262155532836914,3479700,-0.02270350137450557
2010-07-29,18.448118512412925,19.16350102080997,18.448118512412925,18.941486358642578,5889000,0.036523646998756557
2010-07-30,18.74413252460002,19.393098911568995,18.339952009430096,19.085695266723633,5208000,0.0075845536389213776
2010-08-02,19.417775920399194,19.890268304087783,19.21663456692863,19.65686798095703,4826400,0.02948767727653004
2010-08-03,19.67204747486179,19.67204747486179,19.412079947142335,19.457622528076172,4279500,-0.010187895771898726
2010-08-04,19.482281355467958,19.65875552437261,19.288729811749228,19.569570541381836,2982300,0.005736939376949743
2010-08-05,19.36844043249631,19.527835146658656,19.357054785543273,19.506961822509766,2454900,-0.0032044180308919337
2010-08-06,19.358946219660574,19.596140241069467,19.116058290902387,19.487979888916016,3145200,-0.0009735588391697246
2010-08-09,19.3475574480082,19.780200958251953,19.3475574480082,19.780200958251953,3745800,0.014883626257659396
2010-08-10,19.603729275158233,20.142635160261577,19.480387359546256,20.007909774780273,4401900,0.011446198296033607
2010-08-11,19.698611532568115,19.823851452187867,19.095185395369832,19.108469009399414,4232100,-0.04599604369622746
2010-08-12,19.011688909867654,19.12933691871464,18.789674330857025,19.000303268432617,3461100,-0.005676699876208663
2010-08-13,18.810550057670795,19.1483169305982,18.810550057670795,18.88645362854004,3210600,-0.00601001468096145
2010-08-16,18.763110825426633,19.024974115514564,18.71187651461904,18.799165725708008,2661900,-0.004632433295429747
2010-08-17,19.01549082761671,19.41208179266228,18.926305798330475,19.260276794433594,2771100,0.0242322851735101
2010-08-18,19.197650780547843,19.328584586157355,19.06671914652764,19.231807708740234,1636800,-0.0014792179354214507
2010-08-19,19.034459488342765,19.201443822836076,18.611301488424687,18.675819396972656,3152700,-0.029335953062291205
2010-08-20,18.493657755219143,18.839014316571852,18.393087103224182,18.770700454711914,2906100,0.0050675609462138005
2010-08-23,18.901635167423727,18.91491660931305,18.681516332527167,18.685312271118164,2288700,-0.004559392487392907
2010-08-24,18.46329791473121,18.495556878468534,18.131223859712545,18.161584854125977,3237900,-0.02842913412557209
2010-08-25,18.053419805535846,18.42534354165228,17.82761036177249,18.34185028076172,3244200,0.009876708390070656
2010-08-26,18.47847884619775,18.622694124422217,18.133122234886944,18.21851348876953,2944500,-0.006747047740233544
2010-08-27,18.2887247874852,18.658750691817055,18.045836790562134,18.65685272216797,2984100,0.023775215068892748
2010-08-30,18.552482562022718,18.609408611076855,18.279233617701642,18.283029556274414,2492100,-0.020240233843113797
2010-08-31,18.197634963663102,18.431035196394582,18.024956707388768,18.313385009765625,2976600,0.0016589308440628275
2010-09-01,18.615103077075155,19.17678256525973,18.440526814516065,19.04395294189453,4650300,0.0391174065213436
2010-09-02,19.049642826120365,19.26216976852257,19.01738386518987,19.176780700683594,2669100,0.0069505883785859306
2010-09-03,19.36464242340614,19.480394678732722,19.298228690133094,19.476598739624023,4498800,0.01551347159308555
2010-09-07,19.265971086835734,19.410186380920795,19.06482973162817,19.184375762939453,2838600,-0.015117494878342816
2010-09-08,19.28873607392673,19.601835857759898,19.209038736801766,19.49367332458496,2683800,0.015993782630473755
2010-09-09,19.77451446598771,20.078124408333448,19.599938206241514,19.922523498535156,4493700,0.02176095775338955
2010-09-10,19.947197758315202,19.960479203655385,19.59804515127044,19.7365665435791,3761400,-0.009377840871868992
2010-09-13,19.969962270385036,20.256492635043752,19.95098475053394,20.152128219604492,3069900,0.020836816739836388
2010-09-14,20.055354748473224,20.385531944831694,19.971861464650182,20.12746238708496,2669100,-0.0012247311966767957
2010-09-15,20.007913873497934,20.322909446411526,19.909239017840893,20.30393409729004,2046600,0.008729494709745387
2010-09-16,20.21474874837699,20.26977900308863,20.062943770056602,20.2071590423584,1920000,-0.004777715510406697
2010-09-17,20.374138030987698,20.374138030987698,19.869384765554415,20.06863021850586,3868800,-0.006879039376924088
2010-09-20,20.180592076599968,20.57148904445357,20.13315370398386,20.53923225402832,3249300,0.02317891543159857
2010-09-21,20.54871517195861,20.54871517195861,20.12555716845288,20.18817710876465,3442800,-0.017239684299857505
2010-09-22,20.10657989153191,20.351365722905147,19.82004743729607,19.920618057250977,2807700,-0.013341862766270276
2010-09-23,19.749845096145748,19.895958330141813,19.54111407631239,19.556293487548828,2649600,-0.018458126496830093
2010-09-24,19.848517800079048,20.45194167719528,19.806768994738604,20.29823875427246,3132000,0.03723696926179554
2010-09-27,20.4557402938704,20.558208922569563,20.281164031212942,20.38363265991211,3075600,0.004198136815678972
2010-09-28,20.387434989407108,20.61180493031162,20.016649784328177,20.533845901489258,3042900,0.0073422860684663185
2010-09-29,20.400746977549534,20.505327771649533,20.20679813033067,20.305675506591797,2244000,-0.011174115717072138
2010-09-30,20.474898797614728,20.762019347725044,20.21439999284,20.326583862304688,2724600,0.0010291506248024408
2010-10-01,20.57567384270653,20.725888451530935,20.258130025842814,20.518630981445312,4000800,0.00940372257070526
2010-10-04,20.492016445908718,20.670754724273227,20.16306568193443,20.311378479003906,2564100,-0.010152056548805037
2010-10-05,20.579484171451334,21.33816491459304,20.31708344381113,21.302038192749023,4556100,0.04762151271352876
2010-10-06,21.322950637740405,21.41041680637553,21.11188723282449,21.39900779724121,2723100,0.0045417984002110645
2010-10-07,21.541617015303412,21.676621083844974,21.332457651912332,21.43703842163086,3581700,0.001775637003822371
2010-10-08,21.541618652227623,21.62718513868961,21.28302168060436,21.558731079101562,1830300,0.005660695637653083
2010-10-11,21.541612697694987,21.674714875373674,21.435132261179362,21.560626983642578,1784400,8.793751240363461e-05
2010-10-12,21.623374028257984,22.121555686278217,21.488369995545195,21.961833953857422,5639100,0.018437300043851187
2010-10-13,21.88578722562305,22.596932257163104,21.88578722562305,22.24325942993164,4214400,0.012732889209414634
2010-10-14,22.140574279992464,22.501852287976966,21.90669505083923,22.09303855895996,3376800,-0.006776454175683428
2010-10-15,22.260375114708413,22.37065932947614,21.952338318392428,22.134878158569336,2517900,0.0018920001300341688
2010-10-18,22.02458740505241,22.302200812253243,21.885781789474944,22.163393020629883,3255600,0.0012874031080620755
2010-10-19,21.908591805869182,22.163387128068347,21.4978784846247,21.60245704650879,4012200,-0.02563490443357609
2010-10-20,21.693733079335296,22.252761456131335,21.6385920753376,22.079730987548828,3713400,0.021852977425729968
2010-10-21,22.05881357189922,22.43720403920054,21.324850655918347,21.994165420532227,3443400,-0.0038828277729611046
2010-10-22,22.003672702142072,22.338328998502426,21.9960674212363,22.032194137573242,2352300,0.001727543538937685
2010-10-25,22.243264697550764,22.33643649986273,21.999878198146575,22.015090942382812,2042700,-0.0007765834384088077
2010-10-26,21.92381354025746,22.132972925948554,21.849656061455487,22.053112030029297,2417400,0.0017255569556315555
2010-10-27,21.788805250055947,22.11015063607126,21.788805250055947,22.05881118774414,2573400,0.00025839534215804264
2010-10-28,21.794517883663687,21.959943114123938,20.94456500364866,21.830644607543945,6691200,-0.0103974237813945
2010-10-29,21.6842240825865,21.90289274389115,21.625279355328587,21.809720993041992,2155200,-0.0009589111281397061
2010-11-01,21.899093177576248,22.309808834539712,21.838246574770267,22.269878387451172,2955000,0.020879232914868297
2010-11-02,22.526570427495034,22.676785035184533,22.441003960204014,22.555091857910156,2687400,0.012725823040121254
2010-11-03,22.553189455972444,22.758547231735307,22.4105801312533,22.735729217529297,2418900,0.007976817957934226
2010-11-04,22.9068647548656,23.313776663637068,22.75094452662969,23.228212356567383,3065700,0.021429928306065976
2010-11-05,23.186387889163274,23.76823451342089,23.17688074071783,23.69027328491211,2865300,0.019696964246003163
2010-11-08,23.602797988533165,23.60469985269872,23.07609476906461,23.182575225830078,2514900,-0.02166362535321745
2010-11-09,23.294765322486782,23.443080288525827,22.99433601350936,23.102718353271484,3283200,-0.0034506403922682696
2010-11-10,23.02475439933706,23.106517146830132,22.67108166419975,22.844114303588867,4756800,-0.011256783785863644
2010-11-11,22.59313622886063,22.988639331537122,22.59313622886063,22.897369384765625,2045700,0.00232852548475037
2010-11-12,22.62545499558138,22.86884145130761,22.332630938041575,22.499958038330078,2440500,-0.017508585688437776
2010-11-15,22.585518934690697,22.800383894808384,22.46572542521197,22.537981033325195,1575000,0.001688487742222155
2010-11-16,22.28698265256911,22.28698265256911,21.64238796612981,21.733657836914062,4530300,-0.03633982068836812
2010-11-17,21.874372593038057,22.085433810761053,21.697536224864482,21.971345901489258,3501900,0.010877034098747991
2010-11-18,22.292697739278264,22.460024818967735,22.20903311141038,22.2375545501709,2266200,0.012043360662019227
2010-11-19,22.182411613540424,22.342135589300597,21.88388417131775,22.0987491607666,2265000,-0.006261498198563651
2010-11-22,21.97895683141743,22.10255191689426,21.84965832823162,22.028396606445312,2138700,-0.0031886319727457207
2010-11-23,21.70514251848294,21.765989116129,21.423727548381418,21.43703842163086,3038400,-0.027212182546979945
2010-11-24,21.592956002791816,22.161491523299418,21.592956002791816,22.0626163482666,3294300,0.028764414913574177
2010-11-26,21.752681022021655,21.85726180510152,21.663312978319887,21.682327270507812,946200,-0.01738709101956625
2010-11-29,21.514993187093474,21.847747544110575,21.399003431264607,21.773590087890625,2010300,0.004200254285402672
2010-11-30,21.535907626428592,21.842042393946258,21.47696290931422,21.693727493286133,2921700,-0.003674608368414883
2010-12-01,22.12536725870511,22.389669826804372,21.99036317812347,22.366851806640625,2537400,0.030556869617522922
2010-12-02,22.402982363611144,22.842217316101934,22.37826247725843,22.811796188354492,2487900,0.019697746079061655
2010-12-03,22.70151648139483,22.865042059362114,22.332635174487972,22.82131004333496,2466000,0.00041697162012188134
2010-12-06,22.692007148900803,22.743346620207912,22.551299613035912,22.650177001953125,3683100,-0.007527083915285778
2010-12-07,22.85362252333946,22.95630142855967,22.56270040924619,22.60072898864746,3517200,-0.0021855046614102187
2010-12-08,22.65967447399823,22.7034086473888,22.404881242716414,22.612138748168945,2643300,0.0005047129427890612
2010-12-09,22.785170421142833,22.81369185541331,22.05691312295859,22.33072280883789,6362400,-0.012523440101380555
2010-12-10,22.427701776231963,22.562705877078447,22.188119056688468,22.448617935180664,4567800,0.005265615651657139
2010-12-13,22.539888666231622,22.539888666231622,22.25276802451728,22.325023651123047,1925700,-0.0055208642231213126
2010-12-14,22.279383203101556,22.39917453183909,22.081630676640497,22.140575408935547,2006100,-0.00829626965655743
2010-12-15,22.06832716475917,22.46192826996637,22.034100130201242,22.20332908630371,2934000,0.002830319971787546
2010-12-16,22.239451219122287,22.24325277110781,21.925711113958968,22.115856170654297,1873800,-0.0039474114303420516
2010-12-17,21.90859800632202,22.003671629169183,21.51689885819989,21.790708541870117,6952200,-0.014811159783202662
2010-12-20,21.416122550766264,21.51499991532927,21.041535776998337,21.239288330078125,6734400,-0.02563097556894885
2010-12-21,21.273509504273132,21.355274427150103,21.2278756467175,21.277313232421875,4430700,0.0017887089317888184
2010-12-22,21.081464675398482,21.197452270954173,20.77342797786982,20.91033172607422,6298200,-0.017398020842320717
2010-12-23,20.85899950806052,20.885621262140607,20.497723547672074,20.642234802246094,4457100,-0.012904167730379263
2010-12-27,20.520536923263652,21.10618715384139,20.493917348438167,20.97688865661621,3311400,0.016082081468644142
2010-12-28,21.014916320273617,21.033930612321264,20.92174454840316,20.98639488220215,1644600,0.00045307349410636874
2010-12-29,21.011169447695533,21.112175290406448,20.936843611762185,20.98448944091797,1691100,-9.079824341177001e-05
2010-12-30,20.94065028530195,21.09311209899822,20.866324469566944,21.058807373046875,1508700,0.003535308368531224
2010-12-31,20.98829450033347,21.281783227183308,20.974955590694307,21.19411849975586,2147700,0.006404838788047008
2011-01-03,21.33896008747305,21.71249103663267,21.321806631669304,21.567651748657227,3542400,0.017470874000644638
2011-01-04,21.73535674208401,21.77156764771544,21.35420113762305,21.373258590698242,5490000,-0.009054045868206101
2011-01-05,20.994015895495,21.161722827469152,20.645258758124264,21.022602081298828,8698500,-0.016542393538289613
2011-01-06,21.037846321406736,21.1521932409705,20.88538448898375,20.913972854614258,6545100,-0.005180655301988747
2011-01-07,20.893010024459176,21.38851268646354,20.837743829103747,21.285600662231445,4686900,0.017613325637213774
2011-01-10,21.205556839821085,21.621015088219313,21.087397548707745,21.521915435791016,4242600,0.01104091971210757
2011-01-11,21.84208471559001,22.350926212361017,21.823025078371046,22.080305099487305,5344800,0.025614300652956893
2011-01-12,22.280415140163775,22.505296637394945,22.232769313488266,22.490049362182617,3145800,0.018386921594096776
2011-01-13,22.488146491272634,22.728275299072266,22.404294098710597,22.728275299072266,3375300,0.010536796431011084
2011-01-14,22.676809075289825,23.12847811499099,22.596766902377848,23.099889755249023,3775800,0.016218087766218314
2011-01-18,23.162784740860513,23.162784740860513,22.83689744741382,22.924564361572266,2608200,-0.007618829821093095
2011-01-19,22.75494541963465,22.823552685910922,22.45955053926704,22.4919490814209,2839500,-0.019051588620716868
2011-01-20,22.488131038916006,22.64631134678143,22.288025654071017,22.539587020874023,2767500,0.0021157598139935887
2011-01-21,22.610112345581957,22.743516732655245,22.497671598519595,22.570091247558594,3205500,0.0013524473020042412
2011-01-24,22.577712049815347,22.81974477787016,22.57580586814829,22.80259132385254,2994300,0.010248550366636296
2011-01-25,22.67491583627842,22.869305016155216,22.54151141161839,22.85787010192871,2643300,0.002421298574604589
2011-01-26,22.875020353726036,22.99698985867268,22.699690826105325,22.934101104736328,3649500,0.003329451483253305
2011-01-27,23.216154252670517,23.63161259218798,23.05606982810147,23.38957977294922,4372200,0.019665680220902416
2011-01-28,23.536326091260683,23.660199597726162,22.892173825100976,23.029388427734375,3571500,-0.015519456316858147
2011-01-31,23.17803014490039,23.267601052632795,22.96077123979524,22.9931697845459,2786100,-0.0015739520823040483
2011-02-01,23.24283027306257,23.715463098066607,23.090368423220355,23.5534725189209,3711600,0.024076056688291755
2011-02-02,23.462000097040818,23.490586290663202,23.199003626136033,23.229496002197266,1803000,-0.013850412066139324
2011-02-03,23.174217997155676,23.256166360116453,22.846424545312576,23.193275451660156,2679600,-0.001560465123157049
2011-02-04,23.19328357410578,23.45437602661956,23.017951877882016,23.33431053161621,1628100,0.006062446994983628
2011-02-07,23.381953068544014,23.8050338814182,23.3209683289773,23.759296417236328,2039700,0.0180490495561014
2011-02-08,23.765006809322994,24.1309173357421,23.69068317608457,24.129011154174805,3386700,0.015441016875683057
2011-02-09,23.980360523116953,24.039439068245738,23.787877615543827,24.026100158691406,3472200,-0.004274152809360111
2011-02-10,23.827896664690094,24.220487172786925,23.772630487589474,24.18999481201172,2061300,0.006798364100465363
2011-02-11,24.048966818860706,24.594019155397035,24.00704172926786,24.498729705810547,3134100,0.012682157310453614
2011-02-14,24.449182304220642,24.609266676066284,24.33293138885121,24.59211540222168,2708400,0.0038046119944626657
2011-02-15,24.550190650011718,24.83986923929279,24.483489548551223,24.76935577392578,3365400,0.007181355385012978
2011-02-16,24.830340142783236,24.95993216086471,24.57306010755913,24.807470321655273,2454900,0.001537595616355513
2011-02-17,24.57305887050201,24.742674157511736,24.55590759601256,24.715991973876953,2055900,-0.0036943479951119336
2011-02-18,24.71218586670661,24.866553919151883,24.55781999524796,24.851308822631836,2788800,0.005459937609683612
2011-02-22,24.519694000372038,24.519694000372038,23.763101290016348,23.816463470458984,3213900,-0.042533336084311674
2011-02-23,23.848860553896657,24.10614053224492,23.27712823800527,23.54584312438965,3474300,-0.01142779187270895
2011-02-24,23.616361202527557,23.79359904035183,23.2466404338329,23.58586883544922,3194700,0.0016984624159535667
2011-02-25,23.770735577167468,23.896515261888467,23.667823538131472,23.81075668334961,1752900,0.009489685525480181
2011-02-28,23.955589223252698,24.01276159274575,23.7592939317488,23.94034194946289,2091900,0.005427543572234622
2011-03-01,23.96129842585495,24.014660596690344,23.475326887461005,23.490571975708008,3192900,-0.01896583550331445
2011-03-02,23.46008999222188,23.7268987833956,23.263794672588677,23.57253074645996,2023800,0.0034829345650293406
2011-03-03,23.795506666364886,24.262423153058744,23.740240469420577,24.1823787689209,2594100,0.025542135195218994
2011-03-04,24.11949668419804,24.243370206478154,23.610652773258174,23.927011489868164,2314200,-0.010616209271491168
2011-03-07,24.035633089962214,24.342462959152602,23.629703567675005,23.69831085205078,2079300,-0.0096042350808123
2011-03-08,23.80313416118303,24.249087098690005,23.73643303835618,24.22621726989746,3658800,0.022031631478052285
2011-03-09,23.833610576827557,23.856478207225138,23.181834038328244,23.62778663635254,5628600,-0.025011985728397742
2011-03-10,23.30952911638467,23.341927662235925,22.726361834019812,22.743513107299805,4978200,-0.03814345268871523
2011-03-11,22.8349857048398,23.12275801647964,22.642502830301925,23.0617733001709,2605200,0.013896444687922232
2011-03-14,22.869297420787582,23.004607983043737,22.54341010702025,22.589147567749023,3347100,-0.020706816454742493
2011-03-15,22.16606498789583,22.40047518019554,21.87257624733074,22.261354446411133,4401600,-0.014617404184348481
2011-03-16,22.196565639519232,22.39286099408992,21.60005702695631,21.748708724975586,3270900,-0.023297803839867338
2011-03-17,22.148921077855764,22.249926934209242,21.840184961650763,22.02504539489746,3886200,0.01262584607678643
2011-03-18,22.339495325766503,22.4995797317429,22.166069825629926,22.206090927124023,2855700,0.008186384450976749
2011-03-21,22.610107421875,22.707303053756043,22.335676160482432,22.610107421875,2097000,0.018030420023245224
2011-03-22,22.583438347852486,22.663480565190778,22.38333280450676,22.400484085083008,2775600,-0.009314467787968076
2011-03-23,22.312816842535405,22.602493302613357,22.12605023548133,22.57581329345703,2235300,0.007796555373671653
2011-03-24,22.791151247304654,23.160869675027914,22.739695263814458,23.149436950683594,3114600,0.025091333509379244
2011-03-25,23.153253882685682,23.231389880737023,22.9417135248731,23.094175338745117,1592100,-0.0023900225569788514
2011-03-28,22.901700548160793,23.03129259061461,22.838809618724113,22.89788818359375,2657400,-0.008535748644045056
2011-03-29,22.834851302862916,22.96471346549716,22.645787432669874,22.93988800048828,1865400,0.0018325421582211325
2011-03-30,23.165251269920482,23.562478602794467,23.109867656762187,23.45171356201172,2595300,0.022066335820547574
2011-03-31,23.382967789793913,23.896690781520945,23.361962617947675,23.887142181396484,3955500,0.01839676490065632
2011-04-01,24.049464009302962,24.292003631591797,23.950157720881606,24.292003631591797,2739300,0.01680689740261816
2011-04-04,24.251891745494497,24.440955667600374,24.080012671083242,24.330190658569336,1883400,0.0015707655891150777
2011-04-05,24.188882064507755,24.23471490503632,23.913878464733372,23.929155349731445,3678300,-0.016620388534460687
2011-04-06,24.04564374672564,24.11439407987229,23.762999602840637,23.885223388671875,1912500,-0.001837605112987155
2011-04-07,23.848940988325513,23.952067588725114,23.619770279541097,23.70952796936035,2165700,-0.0073830080997007354
2011-04-08,23.862298267403272,23.984522003035536,23.652224855827328,23.795455932617188,2762100,0.0036176438728287076
2011-04-11,23.7820979411628,24.024637553594737,23.566296149127275,23.68088150024414,1577700,-0.00482660040753288
2011-04-12,23.600665511804596,23.908135057755544,23.522366601102323,23.69615364074707,3180000,0.0006447064906643181
2011-04-13,23.87375791907933,23.89094713668036,23.474620570977184,23.646499633789062,1834500,-0.002097644374809301
2011-04-14,23.466993787787946,23.50137005452992,23.285568226418178,23.405881881713867,2389500,-0.010227743712065819
2011-04-15,23.474626043066202,23.612128888261907,23.28365193329833,23.505184173583984,1981500,0.004233646708245301
2011-04-18,23.25118159195732,23.34094143972614,23.012464544662517,23.184341430664062,3008400,-0.013743887486651675
2011-04-19,23.23590651935712,23.262642148843888,23.048750556349685,23.180522918701172,1847100,-0.00016471576160565393
2011-04-20,23.518545885281544,23.738167922417837,23.45743400833576,23.70570182800293,1944300,0.022403205961768317
2011-04-21,23.78399890373768,24.093378576499067,23.761081405266548,24.049453735351562,1927200,0.014396679921449374
2011-04-25,23.959703541149924,24.009356679605137,23.734353168945297,23.80501365661621,1508400,-0.010216066253815367
2011-04-26,23.925333464872423,24.16978327860105,23.854672958943354,24.12967872619629,1618500,0.013546348925685247
2011-04-27,24.200338001804056,24.21943519859409,23.738178408669363,24.038009643554688,2136000,-0.0038062525487898755
2011-04-28,24.02273270548083,24.36839680621384,23.805020708803294,24.31683349609375,2538300,0.011532534270020578
2011-04-29,24.44478071189223,24.73888141739876,24.391307260290958,24.658672332763672,2985000,0.013959810408245538
2011-05-02,24.778981523724145,24.9737759167655,24.618563383172408,24.64720916748047,2103900,-0.00046498166713363924
2011-05-03,24.58418775474502,24.59946681808379,24.272900060508956,24.56890869140625,2029200,-0.003181906478754146
2011-05-04,24.59374662922059,24.609025698945562,24.202247513504137,24.425687789916992,2325900,-0.005846412450439005
2011-05-05,24.261447276282237,24.261447276282237,23.816474771378026,23.86421775817871,2652900,-0.023255184655633827
2011-05-06,24.334020834424667,24.500169523008626,23.999815485812512,24.11440086364746,2788200,0.010429036109999908
2011-05-09,24.062830438691073,24.366479742475214,23.986441666408417,24.280542373657227,2389800,0.0068660959844144805
2011-05-10,24.47724521575138,24.58992040533054,24.35884174236101,24.511621475219727,2450100,0.009472046780737433
2011-05-11,24.39130436390786,24.53644563579044,23.95588054826012,24.10293197631836,2060100,-0.01681385914637345
2011-05-12,24.06665162224215,24.5402677099174,23.940607520775146,24.450510025024414,1926000,0.01431758375733662
2011-05-13,24.47152666877617,24.528818271818484,24.198433197419185,24.305377960205078,2113200,-0.005953434527838994
2011-05-16,24.18505423070573,24.582281529093386,24.10484514556916,24.242345809936523,1890600,-0.0025967102385808702
2011-05-17,24.05518970808055,24.192690359310248,23.770637624461575,24.080015182495117,2745600,-0.006718679913384479
2011-05-18,24.11629950605176,24.293904680638935,23.91768480026619,24.269079208374023,1508100,0.007820828577686447
2011-05-19,24.330199534806372,24.36266564260698,24.062834416551265,24.263357162475586,2337900,-0.00023580295377002776
2011-05-20,24.156405255865266,24.362658410753752,24.0017153896989,24.03036117553711,2030700,-0.009649196738229945
2011-05-23,23.7305332067162,23.78591681515762,23.34667481706237,23.568204879760742,2277900,-0.019419527012814304
2011-05-24,23.623596549051246,23.770648045910356,23.402066410762313,23.558664321899414,1609200,-0.00040488825815432236
2011-05-25,23.40014931450643,23.717167542443732,23.2932024056808,23.638866424560547,1750800,0.003398575247022065
2011-05-26,23.520467520936208,23.96161978093234,23.30657584723114,23.898597717285156,2452200,0.010927544494752623
2011-05-27,24.02654605433859,24.21943032575136,23.91577883838774,24.207971572875977,2137800,0.012862198459754979
2011-05-31,24.557458921464654,24.849649506533474,24.557458921464654,24.746522903442383,4389300,0.022003007636469736
2011-06-01,24.679680182108616,24.68349830945729,23.869946508209814,23.885223388671875,3970800,-0.03542499092100352
2011-06-02,23.85084787092132,24.102933867553396,23.61021844117536,23.94442367553711,4029600,0.002475465353822014
2011-06-03,23.56246555233221,23.910039549279052,23.392498864903363,23.699968338012695,2706900,-0.010261752636884619
2011-06-06,23.610232806840525,23.730546502151693,23.27029908220277,23.289396286010742,2874600,-0.01747555022787324
2011-06-07,23.447886951325273,23.669416973393247,23.354308973829916,23.38868522644043,2161200,0.004254206126687464
2011-06-08,23.585393737948067,23.66560282197899,23.312298198324957,23.354312896728516,2579100,-0.001470694533405359
2011-06-09,23.4058828258881,23.80502038832297,23.356229673391713,23.579669952392578,2387400,0.009603224524580215
2011-06-10,23.436430965608356,23.489904414133818,23.071669792926677,23.279830932617188,3043800,-0.012797537589107268
2011-06-13,23.304661021616404,23.55865719666095,23.190075672989177,23.432615280151367,2018100,0.00654150680347987
2011-06-14,23.74963307084547,24.089566611978555,23.703798058021317,24.064741134643555,2955900,0.026618878478308173
2011-06-15,23.860401063815875,23.90432374009734,23.306573641524928,23.457443237304688,3683100,-0.025559892404987135
2011-06-16,23.497539583288475,23.67896725176469,23.4058717638036,23.6044864654541,2790600,0.006248945063349286
2011-06-17,23.860395380352042,24.02654400457009,23.62549643028059,23.753448486328125,2252100,0.006290920932182449
2011-06-20,23.684708979707448,23.890962237018094,23.581582351052127,23.742000579833984,2403000,-0.0004820633109453414
2011-06-21,23.911968523589092,24.31301626312255,23.869953811163594,24.1258602142334,2762400,0.016038647084273727
2011-06-22,23.994080698221975,24.17741637886178,23.833660338511862,23.84130096435547,2120100,-0.011864891777184985
2011-06-23,23.52618900284842,23.74008280023501,23.298930667808875,23.70379638671875,2883300,-0.005784190954278186
2011-06-24,23.71525251247052,23.80501017985853,23.36767840851413,23.516637802124023,3469200,-0.00792705818438965
2011-06-27,23.54146695783105,23.971160317597594,23.465078192823725,23.908138275146484,2071500,0.016510752358268686
2011-06-28,24.04017599729775,24.237274169921875,23.87943684559602,24.237274169921875,1680600,0.013672788561726526
2011-06-29,24.405666224519493,24.891713810090273,24.396098522473714,24.738628387451172,3036000,0.02047422119609927
2011-06-30,24.857276266461724,25.192150318885048,24.60851374833079,25.123262405395508,3215100,0.015428281655360691
2011-07-01,25.004619602708566,25.733690036463244,25.000791645138186,25.691591262817383,3094200,0.02236954415270171
2011-07-05,25.69351142709647,25.892521470524596,25.483017508192564,25.699251174926758,2809800,0.00029810416808714906
2011-07-06,25.586349834776694,25.83320059341751,25.377772090354625,25.777706146240234,2542500,0.003048161202287864
2011-07-07,26.057081358311304,26.32306746149929,25.992021411500737,26.265661239624023,3354300,0.018752414267242567
2011-07-08,25.84849826297952,26.233124686928598,25.764300736572665,26.231210708618164,3309900,-0.0013124795696476783
2011-07-11,25.752816118217936,25.936518596741585,25.132818610770908,25.21318817138672,3347100,-0.039582752457095825
2011-07-12,25.16343730338749,25.54997987622463,25.100289161740047,25.136648178100586,2629800,-0.0030403297326979392
2011-07-13,25.345236500957306,25.5002337498016,25.056287011059183,25.113693237304688,2572200,-0.0009136233405006699
2011-07-14,25.209360982544887,25.34331097264787,24.80177126818997,24.92997932434082,2004600,-0.007342176497304527
2011-07-15,25.029486664580688,25.115598162815747,24.64677424775155,24.93763542175293,2330400,0.00030705689499073836
2011-07-18,24.78072893096411,24.884061872400185,24.279371672192973,24.547271728515625,1934400,-0.015777408237931816
2011-07-19,24.709929388104744,24.966350000012465,24.635301731112026,24.95486831665039,1936500,0.016468209231729116
2011-07-20,25.13856297937712,25.25146360877182,24.885970404517217,25.006526947021484,1991700,0.002067942598793303
2011-07-21,25.23233297397729,25.846588722706734,25.209369610122174,25.798748016357422,2888400,0.031189095578188004
2011-07-22,25.741344980510757,25.873381054148528,25.49066630555154,25.54807472229004,1630200,-0.009764003776868414
2011-07-25,25.150045671204374,25.54806776256558,25.150045671204374,25.42751121520996,1369200,-0.004730253891796454
2011-07-26,25.47918539691045,25.582518360274452,25.188324106251283,25.414125442504883,1755600,-0.0005265673528367496
2011-07-27,25.21318877407124,25.24954778897044,24.208564862546968,24.288936614990234,2956500,-0.04528417589100487
2011-07-28,24.352092871927344,25.201719952420618,24.34826710393871,24.765424728393555,3614700,0.01942755290231615
2011-07-29,24.539610538966087,24.669732570486495,24.206650643335777,24.294673919677734,4052100,-0.019191370179334883
2011-08-01,24.583627639075804,24.715663671996413,23.942582877515576,24.195173263549805,4308900,-0.004103984712791747
2011-08-02,24.0172147508306,24.459249646846736,23.372341918868656,23.408700942993164,4771500,-0.03304537292929308
2011-08-03,23.46993465396447,23.959810291930665,23.154196045014288,23.900487899780273,3125700,0.020791084525106814
2011-08-04,23.494814015062857,23.61154264071344,22.44235116490821,22.49593162536621,4089300,-0.06056439673516314
2011-08-05,22.926478177328306,23.03555085524359,21.634818708203426,22.515060424804688,6567000,0.0008499612969545004
2011-08-08,21.581243382279354,22.111301640367177,20.322114677014657,20.404396057128906,8448000,-0.09843406687623181
2011-08-09,20.959324855660846,22.082591358708505,20.39482392169804,22.06728172302246,7348800,0.07834567589953519
2011-08-10,21.32099489661498,21.64247541945427,20.73544226032211,20.942108154296875,8070000,-0.05233417021062288
2011-08-11,21.19470058565843,22.42704015125935,20.85982656062183,22.13235092163086,4723200,0.05527850443797545
2011-08-12,22.427038311129188,22.639446143609327,21.937164891180775,22.13617706298828,3220800,0.0001728605644297436
2011-08-15,22.35049536917333,22.38876618037832,21.900806767794332,22.182100296020508,4303200,0.002072429354451872
2011-08-16,21.728583561468504,22.249076225228144,21.699880453297375,21.956298828125,4022100,-0.010231609764925886
2011-08-17,21.958212317619978,22.1878415576885,21.88932442156211,22.149568557739258,3972900,0.008763957183290778
2011-08-18,21.328647481762587,21.345871098611592,20.735441152545558,20.99568748474121,8477100,-0.053500959330396974
2011-08-19,20.90383472670714,21.71136060520287,20.737353645171993,21.16982078552246,7624800,0.00825956085323697
2011-08-22,21.85679744808733,21.973526068453626,21.261677042926966,21.508527755737305,5085300,0.01587287667620083
2011-08-23,21.569754894666172,22.015615463256836,21.167904875525732,22.015615463256836,6073500,0.023302499063665476
2011-08-24,21.860617650849,22.449995910405836,21.63864217200404,22.35431671142578,4593300,0.015267448502741325
2011-08-25,22.55715535527189,22.962833333035206,21.833827068840115,22.036664962768555,4542000,-0.014311788504658744
2011-08-26,21.808954590389497,22.340926727446014,21.31907902994519,22.166791915893555,3540300,0.0058876539624699116
2011-08-29,22.484446771786526,22.85950556230127,22.46148340769807,22.823148727416992,2903400,0.029180006640312072
2011-08-30,22.691107519294693,23.060424290021853,22.48635345753052,22.681537628173828,3953400,-0.006224042740954151
2011-08-31,22.934127743392782,23.22116312894236,22.715980237201364,22.947521209716797,2374500,0.011658649163875405
2011-09-01,22.918826987339003,23.02790187764077,22.553335880657656,22.60308837890625,2929800,-0.01512337150618472
2011-09-02,22.27394983501729,22.50740702109713,21.63481901565478,21.759199142456055,3733800,-0.038049933680463936
2011-09-06,21.01482030322832,21.474076547708336,20.846425251965723,21.441545486450195,2993100,-0.014706199334654162
2011-09-07,21.757288989216306,22.164878821433135,21.531487699740172,22.14765739440918,4153800,0.03240131206257486
2011-09-08,21.956299367494786,22.16679321240087,21.688399304836228,21.87401580810547,3472200,-0.012432290321243433
2011-09-09,21.65587104606685,21.74006859494382,21.24062742805279,21.372663497924805,4310700,-0.02318674079261949
2011-09-12,21.08753781874059,21.650127036513272,20.919142754144314,21.64630126953125,3250800,0.012721898989908432
2011-09-13,21.43198321913097,21.887413812409694,20.89809701520636,21.77068519592285,4745100,0.005729751270719337
2011-09-14,21.891237408023724,22.41555585594231,21.41667364377105,22.099817276000977,4916100,0.01500499136520383
2011-09-15,22.43469267211116,23.0106753824496,22.20314944893736,22.976232528686523,4461300,0.0388909728827472
2011-09-16,22.970488958163273,23.13122810403485,22.377282673258847,22.834627151489258,4236900,-0.0061821947543962315
2011-09-19,22.38876933466251,22.38876933466251,21.818526283703946,22.13235092163086,4153200,-0.031237737805330325
2011-09-20,22.250985757324788,22.612651015342706,22.03858015051083,22.063457489013672,3981900,-0.0031176480710198807
2011-09-21,22.021361875734588,22.195496700446743,21.171737137024003,21.17747688293457,3832500,-0.04098452695043737
2011-09-22,20.55556602424345,20.57087347223654,18.467860058192194,18.521440505981445,16693800,-0.13400919844308512
2011-09-23,18.402801456011456,19.162488912991535,18.395145541552118,18.898414611816406,8645700,0.020149028280796056
2011-09-26,19.093597911360707,19.466744886803205,18.640083547091344,19.441869735717773,6240000,0.02835093865363714
2011-09-27,20.050387009918477,20.146066243626358,19.3270584852121,19.46866226196289,5938200,0.001377135140740489
2011-09-28,19.466743959355107,19.568412763001614,18.682165151805762,18.72820281982422,5866200,-0.038775549474740996
2011-09-29,19.22887071085644,19.40918833262811,18.82219561774536,19.280664443969727,4626000,0.029072191555886053
2011-09-30,18.858640751004184,18.929617018293364,17.95129223291446,18.346458435058594,8038500,-0.04966619639078932
2011-10-03,17.776734527083903,18.21410333823004,17.32018317182761,17.337448120117188,7983900,-0.05656776177365408
2011-10-04,17.072720944995798,18.365643391803633,16.825262240438413,18.34070587158203,7800000,0.05625416089266886
2011-10-05,18.21793860874674,18.841381098756496,17.730693702807695,18.770404815673828,5413500,0.023158463351850473
2011-10-06,18.66490027057941,19.109942745136973,18.390585287574957,19.07733154296875,4135200,0.01621938247066464
2011-10-07,19.152146603566873,19.152146603566873,18.202596250530807,18.210269927978516,5018100,-0.04651508330808299
2011-10-10,18.774240846071276,19.17132474949429,18.697510675114774,19.138715744018555,3134700,0.04972756906724954
2011-10-11,18.87782761935619,18.87782761935619,18.191082516874513,18.578575134277344,5382900,-0.029704243459353925
2011-10-12,18.962230016147945,18.962230016147945,18.613102529617986,18.68983268737793,6905100,0.005970627140580272
2011-10-13,18.559401064826634,18.877836237288363,18.127787086574852,18.78000259399414,4717500,0.004812942464258303
2011-10-14,19.092679281337787,19.59526945452614,19.012111709381884,19.397687911987305,5420700,0.032361267266876596
2011-10-17,19.253812308793766,19.330542476215555,18.781912558884724,18.841381072998047,4926600,-0.029098307349996765
2011-10-18,18.852888425807922,19.82354082844097,18.61693965371113,19.599102020263672,4524900,0.039428178071908335
2011-10-19,19.507024323634564,19.62212176646293,19.125285605826065,19.23846435546875,4182000,-0.018572123046418594
2011-10-20,19.037052834740983,19.31136679318397,18.856732925713345,19.188596725463867,4622100,-0.0025954448035254265
2011-10-21,19.4456395334636,19.871497222854277,19.326704702918516,19.859987258911133,3264900,0.034390835027255456
2011-10-24,19.911779127811123,20.471918945466108,19.829295085355387,20.385595321655273,3961500,0.02612152268077378
2011-10-25,20.019209633589508,20.019209633589508,19.34013700023796,19.382339477539062,5097300,-0.05046622450002628
2011-10-26,19.96933341252225,19.96933341252225,19.015944732323856,19.34589195251465,5992200,-0.001882220511443953
2011-10-27,20.36833284490409,21.231560359865778,20.19760647412809,20.763500213623047,12331800,0.07071655308387849
2011-10-28,20.83255722077343,21.557667347243147,20.69443985628818,21.277597427368164,8249400,0.02445810742545412
2011-10-31,20.642647111291968,20.844068186044208,20.418208304103274,20.454654693603516,5308800,-0.03944428528223615
2011-11-01,18.70518316641123,19.986595895033854,18.70518316641123,19.18283462524414,7081500,-0.06419462075254437
2011-11-02,19.79285192582362,20.00002692348265,19.43988695238219,19.881092071533203,2829600,0.03575328367995452
2011-11-03,20.339558492461315,20.550568632698862,19.459064957815563,20.49302101135254,4253400,0.0303152568160522
2011-11-04,20.326129503819345,20.592770763241216,19.91369830500832,20.512203216552734,3336000,0.000935598180994321
2011-11-07,20.423966760374363,20.60620311968424,20.078674390033054,20.58126449584961,2082900,0.00336118357296261
2011-11-08,20.673332970601415,21.08576406289333,20.48150542349139,20.920791625976562,2822400,0.016362307645258378
2011-11-09,20.312700654158764,20.36065919934118,19.79284679648087,19.840803146362305,4053000,-0.053002896905797146
2011-11-10,19.986602144312496,20.283936038961148,19.810119623327715,20.097862243652344,2790300,0.012872871166787533
2011-11-11,20.47000502522027,20.80954132524763,20.391356155179988,20.63881492614746,3495000,0.026560069224525744
2011-11-14,20.517958875182718,20.575508695867285,19.998104967589068,20.126628875732422,2833500,-0.025129764642232235
2011-11-15,19.986598745041018,20.314625100797024,19.888767324514518,20.105533599853516,3108300,-0.0010486773026409375
2011-11-16,19.844646777494347,20.086349491320718,19.639390461987194,19.68159294128418,3407400,-0.021311250164388406
2011-11-17,19.59142529579718,19.59142529579718,18.870152589536538,19.073490142822266,7930200,-0.031384410167554076
2011-11-18,19.242302858895606,19.276830557037734,18.939212981695952,19.0600643157959,3810000,-0.0007041477130422801
2011-11-21,18.72436095071891,18.72819614109355,18.13161109366604,18.3138484954834,6172500,-0.039937750561537755
2011-11-22,18.260145994409847,18.641884850404836,18.120112075379843,18.306184768676758,4321200,-0.00041855379339720937
2011-11-23,18.022267862102577,18.045286685491384,17.604081776978425,17.62326431274414,4004100,-0.03801910311192812
2011-11-25,17.559969318863878,17.83812171338985,17.498585393561594,17.577234268188477,1507500,-0.0026153078875473168
2011-11-28,18.200668424046004,18.333029681175013,17.905252314900537,18.07022476196289,3395100,0.02766098567903909
2011-11-29,18.07790497555269,18.15847253553645,17.924442433845208,18.008846282958984,3117300,-0.003402445597365831
2011-11-30,18.415524735788132,19.380421266424857,18.33879345589907,19.340137481689453,5017200,0.07131950133692486
2011-12-01,19.213524270938642,19.226952926914255,18.82219650761601,19.027450561523438,2113200,-0.016299895778886568
2011-12-02,19.044716539411937,19.50510407880002,18.795339132338864,18.88357925415039,5466900,-0.007589981002775787
2011-12-05,19.35164754724299,19.441806389955556,19.121452608745475,19.342056274414062,3634200,0.023989084843039698
2011-12-06,19.17324158758843,19.472494055025393,19.021697758371975,19.28258514404297,2844300,-0.0030794423033558118
2011-12-07,19.159814156524824,19.493596536084247,18.90276633600831,19.320951461791992,2706300,0.0019877106480090793
2011-12-08,19.037048219463756,19.042802104548567,18.428951914767797,18.507600784301758,5393700,-0.0430085741638033
2011-12-09,18.609261468473377,19.272988617582456,18.526775247991058,19.169401168823242,3924600,0.035133817723867304
2011-12-12,18.85672707986546,18.85672707986546,18.3426270318402,18.58624839782715,3320400,-0.030893344809336608
2011-12-13,18.684083364348904,18.8548097632789,18.129698399417006,18.402095794677734,4890000,-0.009957413813969983
2011-12-14,18.21602102645481,18.438542257865354,18.072149758266665,18.137371063232422,4518600,-0.014490050678272755
2011-12-15,18.365370038875454,18.673948694417398,18.098064988919017,18.241544723510742,4612800,0.0057271605142589195
2011-12-16,18.381088007956425,18.599255829804964,18.26905694708317,18.493120193481445,5156100,0.01369711163653699
2011-12-19,18.542254660076086,18.550115974768225,18.100023656072565,18.233675003051758,6228300,-0.014128622160124974
2011-12-20,18.68180364320888,18.888178348691014,18.626771063204647,18.72504425048828,4422900,0.026591733251764546
2011-12-21,18.760428170042076,18.772220145675508,18.45774496907848,18.522605895996094,4529100,-0.010869966130502257
2011-12-22,18.662152186044768,18.886215448422934,18.61498091372032,18.693599700927734,3147300,0.009189276846133685
2011-12-23,18.778112251335415,18.860662809142678,18.613013385024242,18.852800369262695,2030100,0.008480260270496016
2011-12-27,18.78597612943146,18.984488412289817,18.74470140969376,18.825284957885742,2149500,-0.0014605527870856735
2011-12-28,18.80366732290752,18.83315007308719,18.445951534841615,18.46953773498535,1992000,-0.019078144762377697
2011-12-29,18.53636002045185,18.919626705123537,18.51277494929523,18.886213302612305,1872900,0.02230943498158989
2011-12-30,18.91570271411242,19.008079383906377,18.821359027889162,18.88032341003418,2158500,-0.000311910656287609
2012-01-03,19.409029354217363,19.741192975966293,19.39527036567342,19.46209716796875,3159300,0.03034854875005705
2012-01-04,19.308792095696425,19.340239610519333,19.06310965137576,19.228208541870117,2141400,-0.012090443377526204
2012-01-05,19.102418127942876,19.467995199809327,18.856733438879655,19.446374893188477,3177300,0.011282276168529058
2012-01-06,19.395268770962392,19.446370689391056,19.118136627568813,19.312719345092773,2700600,-0.006896759612288294
2012-01-09,19.397233650302514,19.45816277104741,19.236064339584342,19.42474937438965,3016200,0.005784081682980648
2012-01-10,19.664543905357903,20.075327529977468,19.65471669658832,20.008502960205078,3670200,0.029609337263283044
2012-01-11,18.866559575366093,19.163345034711696,18.719149228945234,19.00020980834961,9193800,-0.05170730956424841
2012-01-12,19.14172583252151,19.163346137870676,18.807596294547263,18.98055648803711,4841400,-0.0010349091913129666
2012-01-13,18.77222156723356,18.974665680405785,18.550123035198645,18.919631958007812,4472400,-0.003215001560931106
2012-01-17,19.0493507011753,19.300930820292688,19.01004186988913,19.03755760192871,2859900,0.006213633027423546
2012-01-18,19.135832493452927,19.599683914072987,18.95697460666481,19.593786239624023,2853600,0.0287987434563054
2012-01-19,19.697952916817272,20.0360142213394,19.580026437912405,19.914155960083008,2705700,0.01621834623392801
2012-01-20,19.886634032886743,20.159834370173527,19.71563977271155,20.126420974731445,3318600,0.010602594636509716
2012-01-23,20.177530250496876,20.368178968225994,20.065496940374622,20.16573715209961,2811600,0.0019515554228988546
2012-01-24,20.00850032404861,20.401593121649107,19.886639802335644,20.36425018310547,2587800,0.009795937847728529
2012-01-25,20.2816977802551,20.716065235709827,20.218802761874965,20.655136108398438,2453700,0.014183088914466267
2012-01-26,20.76127739282007,21.195647215991855,20.64728042209221,20.967653274536133,4596300,0.015016919513192147
2012-01-27,20.881169254011724,21.020718298384633,20.737688426953756,20.924409866333008,4152900,-0.0020645162983330217
2012-01-30,20.82810104969821,21.16616237665618,20.729826728118653,21.130783081054688,9687600,0.009814477443222593
2012-01-31,21.268369934475025,21.270335826123528,20.604040263429766,20.853656768798828,3515100,-0.013201573633887959
2012-02-01,21.17205909278337,22.032937343838842,21.17205909278337,22.00738525390625,5855400,0.05384877292388324
2012-02-02,21.9896887304396,22.335613553270644,21.88945078695332,22.255027770996094,4136400,0.011189859935996613
2012-02-03,22.540036628117647,22.89382300710598,22.45748714781176,22.880064010620117,3240900,0.027698013853368557
2012-02-06,22.734605167303204,22.85253388608798,22.60881513374697,22.84270668029785,2155500,-0.0016340802654976406
2012-02-07,22.71495028964339,23.019598161492898,22.638296286610636,22.944910049438477,2446800,0.0044642436614288385
2012-02-08,22.885943791880024,23.11197401137015,22.87022116319195,22.937047958374023,2279700,-0.0003427094868123882
2012-02-09,23.12377314267141,23.26725172643513,22.801434428103722,22.966535568237305,2477100,0.0012847630469742367
2012-02-10,22.7719518268452,22.87219204147609,22.70316137505441,22.819124221801758,1899300,-0.0064392150931218434
2012-02-13,23.090362765686255,23.147362377967013,22.89971175992811,23.027467727661133,1149900,0.00908878637215554
2012-02-14,22.946874920472283,22.952770343842065,22.679569991879593,22.79749870300293,2184900,-0.010036928476166166
2012-02-15,22.974403511090816,23.08447096959306,22.66778959018239,22.79554557800293,3696300,-8.567644613313227e-05
2012-02-16,22.7837424167654,23.106081081998163,22.679572680227782,23.076597213745117,2973600,0.012253848869780018
2012-02-17,23.25153399961816,23.288876947355103,22.87023195767346,23.003883361816406,1937700,-0.00315595286217545
2012-02-21,23.098212142371246,23.383205557838227,23.001903743437918,23.060869216918945,1815900,0.002474164343984787
2012-02-22,23.066780741408305,23.15326199668027,22.799477906045993,22.866302490234375,2148000,-0.008472887985199922
2012-02-23,22.895775629208092,23.259386760120837,22.82698293595496,23.243661880493164,1832400,0.016368167724763297
2012-02-24,23.29083919934502,23.54241933220545,23.225978274597473,23.357666015625,1821300,0.004892751675008439
2012-02-27,23.117878502575802,23.33407933127405,22.929191157545056,23.25742530822754,1493100,-0.0043007901115967645
2012-02-28,23.284939442278006,23.284939442278006,23.0746318242039,23.176837921142578,1713000,-0.003471034636520516
2012-02-29,23.28297178680062,23.524724648009325,23.088389063501715,23.17093849182129,1963200,-0.0002545722711952462
2012-03-01,23.013696276796722,23.49916779165221,22.612740064116913,23.359621047973633,2222100,0.008110093332718527
2012-03-02,23.34194207356997,23.442182302030574,23.192565801336862,23.210256576538086,1859400,-0.00641466077315898
2012-03-05,23.198458309452434,23.198458309452434,22.866292429478744,23.078563690185547,2024400,-0.005690066884848939
2012-03-06,22.779811323178027,22.817156507752646,22.632400974669785,22.720848083496094,2433600,-0.015621287134074834
2012-03-07,22.838775464506735,23.176836750396543,22.809293846405403,23.17290496826172,2994300,0.019700786084082034
2012-03-08,23.385182110413872,23.585660313046922,23.34587327637315,23.571901321411133,3222600,0.017071673844972834
2012-03-09,23.587617331585168,23.84509279686118,23.544376730684785,23.666234970092773,2266500,0.003993966802523304
2012-03-12,23.705559052200947,23.75666099514473,23.393047469526504,23.520803451538086,1585500,-0.006164064705051742
2012-03-13,23.48148523618523,24.310913592872105,23.48148523618523,24.28929328918457,4474800,0.032150365066593356
2012-03-14,24.330572623639338,24.548739343739314,24.016097464223936,24.228368759155273,2182500,-0.002511438493930385
2012-03-15,24.16547903287122,24.676500716791555,24.108479413642357,24.672571182250977,2931300,0.01816793877036335
2012-03-16,24.735459867301184,24.764941490643594,24.48977517417373,24.65880584716797,4230600,-0.0005580762698785374
2012-03-19,24.65880137421066,24.76297110737363,24.464220896003525,24.5644588470459,2037600,-0.0038334359269231125
2012-03-20,24.434737581597016,24.477978188688855,24.27553414165978,24.363981246948242,1766400,-0.008194772677090522
2012-03-21,24.452428540537667,24.55266649462006,24.34432702197561,24.491737365722656,2241000,0.005229947019696755
2012-03-22,24.10257167859843,24.2047755133287,24.029849459736145,24.10846710205078,1984200,-0.01577269946105238
2012-03-23,24.12812614440918,24.17726442959182,23.95516594853264,24.12812614440918,2445000,0.0008151091162850124
2012-03-26,24.403295313645227,24.60180762110508,24.24605773103822,24.599843978881836,2378700,0.019361880650779453
2012-03-27,24.64111335984147,24.85928003665064,24.540873157435104,24.66469955444336,2194500,0.0026329529668711158
2012-03-28,24.690308178763992,24.76318721957175,24.23136700928644,24.629247665405273,2396400,-0.0014383873538203098
2012-03-29,24.282571954054962,24.52878406504275,24.10529634882797,24.284542083740234,2888400,-0.014094646519434064
2012-03-30,24.438187563200632,24.47364314838985,24.160457781269585,24.430309295654297,3021900,0.005984525984796533
2012-04-02,24.43818730800925,25.06258565115078,24.426368779736258,24.928646087646484,2588400,0.020193041827858898
2012-04-03,24.84591302008558,24.89909526302448,24.696214687801735,24.83212661743164,2469000,-0.003879344552499224
2012-04-04,24.515004905602666,24.704096836480147,24.455912268357437,24.629247665405273,2287200,-0.008203576740722161
2012-04-05,24.485455134663354,25.133488113819986,24.459847954287333,24.95424461364746,4637400,0.013109266314056565
2012-04-09,24.45787354233117,24.684391103799992,24.25893328630881,24.583934783935547,2447100,-0.01495076048368944
2012-04-10,24.554393278169314,24.668636013703008,23.93787337644268,23.98514747619629,3968100,-0.024658388420181688
2012-04-11,24.42834462882094,24.42834462882094,23.955614658003913,24.02652359008789,2195100,0.001723586087126554
2012-04-12,24.040307091088994,24.54258215460118,23.833486223525167,24.530763626098633,1838700,0.020769618372632276
2012-04-13,24.507124247006463,24.55636848679341,24.067879874357708,24.077728271484375,1628400,-0.01864071297428413
2012-04-16,24.377133293174023,24.51895116197335,23.93197837747594,24.168344497680664,1586400,0.0037564231677384282
2012-04-17,24.341662098880906,24.76711994092143,24.251056421557024,24.664695739746094,1610100,0.02032920062818683
2012-04-18,24.394854757786334,24.538644980987655,24.227429730931313,24.321975708007812,2862000,-0.013992607108882468
2012-04-19,24.38106368562221,24.48939831139133,23.955607957958005,24.10136604309082,2048700,-0.009111770615926083
2012-04-20,24.184101036811974,24.424405164722337,24.05213156850831,24.168344497680664,2042400,0.00277517709662164
2012-04-23,23.78817601139994,23.8630229083031,23.366656158966485,23.57544708251953,2923200,-0.0248379056692564
2012-04-24,23.648338445877986,23.973340143884197,23.630611777270765,23.865005493164062,1451700,0.012207388030891766
2012-04-25,24.010751059486473,24.457875835688796,24.008783183901038,24.404693603515625,1912500,0.022362293965597843
2012-04-26,24.329845310702268,24.843938737074314,24.286511471539853,24.745454788208008,1934700,0.013866352629007065
2012-04-27,24.885305826724643,24.922729278156755,24.615454384651844,24.788789749145508,1414800,0.0017496975031258716
2012-04-30,24.771074278778347,24.776984671677525,24.576074142039435,24.721832275390625,1026000,-0.002704773716731873
2012-05-01,24.72181893349445,25.17879214243777,24.69621175305989,24.804546356201172,2220300,0.0033402061688811934
2012-05-02,24.42241720847947,24.467718911851907,23.703473292620735,23.979232788085938,3973800,-0.03383880192134418
2012-05-03,23.98514257313938,24.040294926859932,23.346955881843034,23.526199340820312,3417900,-0.01907348954711711
2012-05-04,23.402117455689993,23.508481946145594,23.124387702372193,23.157873153686523,2664600,-0.01577984997029935
2012-05-07,23.118472232957448,23.181502855149425,22.807259381191873,22.880138397216797,2931600,-0.012065600422823487
2012-05-08,22.708778023880306,22.809232113195662,22.494078935133107,22.738323211669922,2540700,-0.00621746711263678
2012-05-09,22.460594107441203,22.846658451841968,22.40544399037258,22.610292434692383,2488200,-0.005646528138625644
2012-05-10,22.83286499023677,23.256352700249067,22.58074249388581,22.65165138244629,2240100,0.0018275379171611389
2012-05-11,22.39953604665742,22.787568309357063,22.285293285747,22.54923439025879,1559400,-0.004531644267785082
2012-05-14,22.20847552833251,22.580751282942717,22.072565833128042,22.413326263427734,2561100,-0.006045409281594572
2012-05-15,22.40544709678547,22.655599550808006,22.230141562612303,22.255748748779297,1897200,-0.007055358467293933
2012-05-16,22.41134862817593,22.488167909881597,21.873618164542354,21.88149642944336,2839200,-0.016958978186280962
2012-05-17,21.924826228998512,21.938614880650135,21.32800550731431,21.33194351196289,3055200,-0.02543572309304513
2012-05-18,21.42452729033147,21.44619195707424,21.046343493768262,21.166494369506836,4833900,-0.0077861675185005785
2012-05-21,21.23937614859105,21.509227629777527,21.097558333588786,21.473772048950195,4086900,0.01441280857008563
2012-05-22,21.46195075094824,21.824378016543278,21.131038801746108,21.249221801757812,4536900,-0.010512012138085471
2012-05-23,21.095579042765785,21.192095092422893,20.70360671030846,21.142850875854492,4686000,-0.005018445309636949
2012-05-24,21.363465265756332,21.363465265756332,20.939979737108338,21.272859573364258,4024200,0.006130233504234068
2012-05-25,21.23740899381575,21.335895229365228,21.006953321534585,21.034530639648438,3305100,-0.011266658311257026
2012-05-29,21.2196787675227,21.53089395731377,21.2196787675227,21.402862548828125,2598000,0.017359273556688162
2012-05-30,21.217706536316943,21.229525061761816,20.989221055458,21.016796112060547,2577300,-0.018202744144145775
2012-05-31,21.09756128940318,21.190137133576616,20.861195225745973,21.034530639648438,3036600,0.0008434705874574443
2012-06-01,20.390431746093654,20.483007573300736,19.87633598998053,20.10088348388672,5910600,-0.04540163496815982
2012-06-04,20.093007310624657,20.284069375233518,19.994521082865973,20.234825134277344,3530400,0.006641368023579474
2012-06-05,20.21512652144049,20.599220746416233,20.136339349642466,20.55194664001465,3378000,0.015550526919069043
2012-06-06,20.678009098051554,21.08771052973031,20.660282434216253,21.07785987854004,2826000,0.02526753126691378
2012-06-07,21.471808964962417,21.873629996253076,21.225594456863007,21.300443649291992,5830500,0.010504706372875197
2012-06-08,21.140894350069434,21.298468714393216,20.77255660933981,21.292560577392578,3667800,-0.00037015806386747575
2012-06-11,21.513166335693782,21.52104460252714,20.739071956091728,20.762706756591797,3892200,-0.025199309975827967
2012-06-12,20.693758034496874,20.941940226657845,20.447543717483555,20.926183700561523,2996100,0.00784275043612469
2012-06-13,20.67209862768764,20.904524378158992,20.561793888345527,20.62482452392578,2397600,-0.014505759246473224
2012-06-14,20.654377545591704,20.855285778394546,20.58149849439849,20.808013916015625,2457300,0.008842772674434826
2012-06-15,21.001045772936333,21.51119912249522,20.965590186147836,21.505290985107422,5459100,0.03296080026032869
2012-06-18,21.31225623329718,21.341803679181652,21.08377071226105,21.11725616455078,2511900,-0.018208463241450763
2012-06-19,21.268924007199917,21.61953283663354,21.215741756363617,21.513168334960938,2196000,0.018574694392731676
2012-06-20,21.562409151297533,21.597862476783153,21.08573909997728,21.284679412841797,3965700,-0.01067769082012231
2012-06-21,21.359531536682063,21.414683916819662,20.51058567110223,20.5283145904541,3416100,-0.036182404819569365
2012-06-22,20.6346701335251,20.754823252567615,20.516489398385218,20.569671630859375,8751900,0.002012607340057525
2012-06-25,20.211188033766497,20.38058315408019,20.11073168713346,20.297853469848633,2489100,-0.013302599984805114
2012-06-26,20.3451288874063,20.473160300939078,20.234824137418393,20.39240074157715,1858200,0.00464717872701843
2012-06-27,20.467443378991696,20.884139615415954,20.313405329440684,20.803171157836914,3434400,0.019943115815587623
2012-06-28,20.615560069280146,20.92956430655925,20.589888188274703,20.907840728759766,2023200,0.0050188085061370555
2012-06-29,21.466727753165404,21.918970108032227,21.41538172606826,21.918970108032227,2958600,0.04722823374937983
2012-07-02,21.936744287250406,22.118429524800508,21.818252244465057,22.100656509399414,1829100,0.008254837536740375
2012-07-03,22.132248813380034,22.548945012716867,22.017707362106325,22.497596740722656,1260900,0.017801177592030676
2012-07-05,22.29615989565223,22.467973194112062,22.29615989565223,22.32973289489746,2450700,-0.0074893879169503595
2012-07-06,22.045354447614987,22.112500449198954,21.80837268093406,22.025606155395508,2010300,-0.013713411377851944
2012-07-09,21.658286166517282,22.067081300322315,21.64248617436545,21.8498477935791,1406100,-0.008011737138960785
2012-07-10,22.055227393639623,22.242838419563423,21.563488615999347,21.65433120727539,2393100,-0.008988465345106247
2012-07-11,21.612866033727794,21.861699551279163,21.448953810460697,21.642488479614258,2921100,-0.0005470483994952408
2012-07-12,21.371932484237583,21.638539002854703,21.281087609721126,21.522022247314453,2083500,-0.00558174032507805
2012-07-13,21.599040486449766,22.505500308953376,21.59706520499752,22.489700317382812,2538900,0.04398073925398696
2012-07-16,22.489702533021564,22.50155196285501,22.094729825414653,22.207298278808594,1945500,-0.012636454583673528
2012-07-17,22.308018063295975,22.49168086051476,21.99204075843954,22.351465225219727,2030700,0.00647089093706296
2012-07-18,22.209269665986938,22.4877255681257,22.195444956930846,22.377132415771484,1445700,0.001147686031882185
2012-07-19,22.365284556238176,22.471927153469064,22.207295941830825,22.394906997680664,1596600,0.0007940037164203372
2012-07-20,22.20137679761706,22.294196972881892,21.78468269013524,21.79258155822754,4476000,-0.027263950447173238
2012-07-23,21.4509263253333,21.636562103648995,20.929562756798486,21.4844970703125,3685500,-0.014238007844202996
2012-07-24,21.464751735107544,21.53387303617166,21.103352015955018,21.204071044921875,3766800,-0.013138414879711383
2012-07-25,21.306766417858498,21.41538433072538,21.081631723929352,21.08953285217285,3344400,-0.005416349623140243
2012-07-26,21.527942889546615,21.622736054314796,21.20209152690895,21.391677856445312,3133200,0.014225117139317558
2012-07-27,21.61286144844334,22.32183601780921,21.561515434457245,22.159896850585938,5144400,0.03528224593179136
2012-07-30,22.45019829229011,22.876768580786322,22.365279290785658,22.787899017333984,3264600,0.027945443100420072
2012-07-31,22.69310707140223,22.894542800508898,22.51931849725256,22.701005935668945,3663300,-0.003820412359562581
2012-08-01,22.815549135930183,22.98538716101119,22.29813619581175,22.337635040283203,2817900,-0.016136311932920065
2012-08-02,22.041404312165312,22.242837780071017,21.77874617136708,21.9169864654541,2791200,-0.019010952056271797
2012-08-03,22.294196327394726,22.602274774555372,22.294196327394726,22.414661407470703,2302800,0.02245329800780592
2012-08-06,22.503529429083187,22.72668881584027,22.46798113613191,22.51932716369629,1370400,0.004658653676246039
2012-08-07,22.63978626291893,23.240142900821187,22.631887398484608,23.13152503967285,2652600,0.026822481928478734
2012-08-08,23.038714777381227,23.301373012016477,22.912323864495598,23.009092330932617,1837800,-0.0053069509280078185
2012-08-09,22.989344484321016,23.171031990170523,22.833331121926005,22.94392204284668,999900,-0.0028363898501922546
2012-08-10,22.906397116257743,23.013039716785514,22.762230947371506,22.953792572021484,1123800,0.0004301098392281425
2012-08-13,22.835297848761105,22.945890999242785,22.68718339439467,22.853073120117188,1078500,-0.004397577205841343
2012-08-14,23.016992717037557,23.066365724424855,22.866905193116338,22.98934555053711,1373100,0.005945272337925438
2012-08-15,22.92416906603284,23.360613595346624,22.868872486834544,23.301368713378906,2029200,0.013481230241215192
2012-08-16,23.287535701022367,23.676582378019937,23.198666149707467,23.652883529663086,1967700,0.014972930740171113
2012-08-17,23.61932554048487,23.702269294435357,23.44553690550458,23.684494018554688,1502700,0.0013355405486057768
2012-08-20,23.635120095988306,23.680542530394593,23.40208659953931,23.445533752441406,1820700,-0.010140554763862103
2012-08-21,23.542306162161196,23.708193675631367,23.171032278641587,23.275699615478516,2278800,-0.007270137056182101
2012-08-22,23.257920790651283,23.463304849360554,23.18484894125003,23.38431167602539,1738800,0.004655474943404414
2012-08-23,23.374441502231853,23.392214517243623,23.18682816357824,23.31321907043457,1792800,-0.0030448145492380355
2012-08-24,23.24015094417485,23.57587652932119,23.19867906648255,23.52058219909668,1976700,0.008855334314300481
2012-08-27,23.577857929616325,23.63315453423822,23.24805810429836,23.29940414428711,1713300,-0.009448089048927796
2012-08-28,23.21447301124033,23.522551350990067,23.206571886083413,23.334938049316406,1839900,0.0015239375204962383
2012-08-29,23.408011070052172,23.409986351631126,23.224350564065848,23.31519317626953,1999500,-0.000846508839619606
2012-08-30,23.147334423583814,23.21645573056832,22.961698603773016,23.080190658569336,1309800,-0.010130513343289092
2012-08-31,23.246075031150806,23.323095195345136,23.062412258086674,23.184852600097656,1247100,0.004524457892979592
2012-09-04,23.1216591071531,23.31124546267068,23.028838950975583,23.222375869750977,1623900,0.001617130738802754
2012-09-05,23.287549817139602,23.378392444177795,23.06636570517675,23.111785888671875,1372800,-0.004773591962597126
2012-09-06,23.323096110138643,23.836558618129015,23.323096110138643,23.810884475708008,1346700,0.02980010800075545
2012-09-07,23.879999855496184,23.988617723351293,23.777305571320813,23.966894149780273,2163900,0.006530660614132863
2012-09-10,23.895800659204763,24.126858873239218,23.88197820882491,23.964921951293945,1374600,-8.229183235124877e-05
2012-09-11,23.964920395480085,24.192028031777802,23.88394967971663,24.06958770751953,1284000,0.004357946926797746
2012-09-12,24.130804760253117,24.44480665591047,24.087357615941226,24.425058364868164,1533900,0.014660464726270082
2012-09-13,24.464567802372205,25.02147984661334,24.286830829548787,24.958284378051758,2010300,0.02159621880471205
2012-09-14,24.94444956980649,25.317698643742258,24.908901285606362,25.278202056884766,1863600,0.012736639296710397
2012-09-17,25.179458846459102,25.31177331916615,24.924701787914668,24.98197364807129,1659300,-0.011787934875363122
2012-09-18,24.91877636524675,25.011594243437496,24.656120460557233,24.750913619995117,1927800,-0.009292108433937147
2012-09-19,24.88322909113596,24.97209867048036,24.644272031635868,24.922725677490234,1857300,0.006917662771769171
2012-09-20,24.78053787701611,24.88322990893114,24.602800972533217,24.754863739013672,2088900,-0.006758080628525985
2012-09-21,24.75486421868185,25.049117870478707,24.68376990752059,24.709444046020508,2817300,-0.0018364638177391585
2012-09-24,24.612673586929017,24.89903063601504,24.476408547462672,24.756839752197266,1563600,0.00191628386210482
2012-09-25,24.950381509696438,25.001727537165408,24.553433482645612,24.56133460998535,2163600,-0.007928361860218978
2012-09-26,24.676124344738515,24.687999555672583,24.345604812795735,24.3990421295166,1615800,-0.006629568058427275
2012-09-27,24.57122468714498,24.775078303009625,24.39508064914427,24.707788467407227,1446300,0.01257464195575736
2012-09-28,24.581120569538452,24.786951482708517,24.434661170595763,24.753305435180664,2290800,0.0018405165365790136
2012-10-01,24.79882062258541,25.256005858363338,24.79882062258541,24.90767478942871,2510400,0.006216947420413217
2012-10-02,24.998718428024898,25.04819883696238,24.79684442966414,24.94132423400879,1397100,0.0013500551806539507
2012-10-03,25.077884947026877,25.13330182553995,24.723615105245504,25.018508911132812,1285800,0.003089871749915483
2012-10-04,25.157054292935396,25.588511922953135,25.1075761420013,25.584552764892578,1890600,0.022372854355612336
2012-10-05,25.637991678481196,25.974447655819795,25.457888479851572,25.594449996948242,1535700,0.0003867692469545844
2012-10-08,25.400490037383648,25.636010109223307,25.390594407345684,25.556842803955078,1162500,-0.0014704300794750192
2012-10-09,25.608306177908222,25.67559601805441,25.329244391084988,25.447994232177734,1245300,-0.004268173112449069
2012-10-10,25.47767006409534,25.52714819933246,25.097672549561004,25.1986083984375,1643100,-0.009848157087173057
2012-10-11,25.487571304424716,25.58455028281882,25.343093758734845,25.388612747192383,1047000,0.007511985752346444
2012-10-12,25.406426002730537,25.535071444154305,25.083822609778846,25.194656372070312,1315500,-0.007668833156192336
2012-10-15,25.80027974588233,25.80027974588233,25.127365616190087,25.489551544189453,1443900,0.011636701527011893
2012-10-16,25.535082950884078,26.081329163426506,25.523207737789853,25.996225357055664,1774500,0.01968272407575984
2012-10-17,26.07142756285536,26.498926076541533,25.905179147517305,26.390071868896484,2626500,0.015036524942506369
2012-10-18,26.32277877848395,26.502881976671336,26.180280789239372,26.360383987426758,1712700,-0.0011255972719954432
2012-10-19,26.34059102332647,26.41184001334355,25.79830188466612,25.833925247192383,2082600,-0.020173716354540183
2012-10-22,25.744865413155186,26.079341799776707,25.723094573141328,25.948719024658203,1514400,0.00443368495862284
2012-10-23,25.562778443748858,25.582569701426856,25.224342954533707,25.358924865722656,2365500,-0.022991511396280924
2012-10-24,25.564766837820414,25.606328946268622,25.331226292747143,25.414350509643555,1926000,0.0021832613920321534
2012-10-25,25.13528025107496,25.261946113299544,24.695908890845033,25.00267791748047,3450600,-0.016331059346779992
2012-10-26,25.392578059160147,25.467786218490307,24.80674715409806,25.33320426940918,2569800,0.013133021145823235
2012-10-31,25.343099578344464,25.49153631579675,25.089767788022147,25.29361915588379,2169000,-0.0015638003301086706
2012-11-01,25.303501002739768,26.23568294147477,25.139230000104387,26.23172378540039,2672100,0.03641735315906922
2012-11-02,26.33070578208857,26.45341255025277,26.11497688293457,26.11497688293457,3042900,-0.004460533120330997
2012-11-05,26.02788603957609,26.14069940636069,25.717157783556722,25.936845779418945,1718400,-0.0068444019746365745
2012-11-06,26.010071583438886,26.334652329574563,25.98236200702338,26.15850830078125,1412400,0.008509928111132567
2012-11-07,25.424241085180796,25.998196701456752,25.319346045201584,25.586532592773438,2154900,-0.02210836035473968
2012-11-08,25.586533518548205,25.972467643480716,25.35101343235345,25.35299301147461,1936500,-0.009169351885481519
2012-11-09,25.305486962243585,25.701318901283482,25.071946503253958,25.511320114135742,2277900,0.0062254891213415296
2012-11-12,25.630080928440602,25.685495566431754,25.46976895826257,25.628101348876953,1718700,0.004567178681196676
2012-11-13,25.46778395336428,26.023927914086975,25.331222437111037,25.701324462890625,1837500,0.0028530677101994803
2012-11-14,25.764653769845665,25.926945262112927,25.157052161998017,25.22434425354004,1920600,-0.018732956087867618
2012-11-15,25.259966339817893,25.513300327278642,25.05215586900882,25.275800704956055,2378100,0.002037874119617981
2012-11-16,25.465802690887777,25.72903007524943,24.95715960333521,25.356950759887695,2445600,0.003205440039009859
2012-11-19,25.626112200493957,25.843820571899414,25.459863818667486,25.843820571899414,2960700,0.01901863876954204
2012-11-20,25.75081012500744,25.98039380815633,25.48956222621357,25.86758041381836,1795800,0.0009189402390204452
2012-11-21,25.891319516777934,26.05163142943525,25.78840406604646,26.047672271728516,1049700,0.006937944861601844
2012-11-23,26.204023008329106,26.3583984375,26.07735715104231,26.3583984375,451200,0.011858542450550172
2012-11-26,26.14465171773602,26.306943212144784,25.938820812597495,26.134756088256836,1488900,-0.008520871126758083
2012-11-27,26.05755780989827,26.166411955034647,25.954642399022145,26.055578231811523,1682700,-0.0030341985052143323
2012-11-28,25.897265047323074,26.105075582157184,25.748828303880153,26.03184700012207,1749000,-0.0009112077713876181
2012-11-29,26.211950126199635,26.344552499158326,26.073409015143795,26.247575759887695,948900,0.008252959686230178
2012-11-30,26.269334980013593,26.269334980013593,26.067460990958672,26.128816604614258,2117400,-0.004534843025018791
2012-12-03,26.31485784387345,26.31485784387345,26.081317376813878,26.138713836669922,2181900,0.000378714360154248
2012-12-04,26.138712799474398,26.252120370894605,25.934172198740935,26.06783103942871,1466700,-0.002715477186464869
2012-12-05,26.108342569400182,26.323011196306236,25.67900995080809,25.83899688720703,2357700,-0.008817168910963489
2012-12-06,25.84708645008176,25.877465669732178,25.559515199437612,25.782283782958984,2160900,-0.0021972770272055617
2012-12-07,25.887606152252904,26.015190604571384,25.642562887437553,25.857229232788086,1206900,0.0029026417203526595
2012-12-10,25.814702501507423,25.90178208171739,25.689141316160622,25.80255126953125,1922400,-0.002116849244927559
2012-12-11,25.747856630348355,25.909869098030274,25.660774784118754,25.798484802246094,2031900,-0.0001576118467046731
2012-12-12,25.857354684213607,25.985230204346724,25.642198604707524,25.70106315612793,2098500,-0.0037834026196022735
2012-12-13,25.692950966171868,25.833005486321795,25.60364016407669,25.741666793823242,1733100,0.0015785960879883488
2012-12-14,25.723386868132696,25.981170427297833,25.65437590386834,25.77616310119629,2377500,0.0013391989763144904
2012-12-17,25.92026902920621,26.188201259291855,25.694964281731725,26.14760398864746,2054400,0.014307406587338044
2012-12-18,26.22676988341891,26.22676988341891,26.02379279169178,26.076566696166992,2880300,-0.0027204773330503766
2012-12-19,26.139493468679802,26.466288008497898,26.04003395792242,26.145584106445312,1704600,0.002643225121941013
2012-12-20,26.204441859839456,26.37088442021197,26.100924264477914,26.267364501953125,1792500,0.004646966747262279
2012-12-21,25.881717927479194,26.115141322887283,25.879687714442944,26.048160552978516,3511800,-0.008380121639570538
2012-12-24,26.027859040975915,26.169943746531676,25.721364256622348,26.064395904541016,1436700,0.0006230879155199962
2012-12-26,26.08062735978314,26.08062735978314,25.69699853906557,25.703086853027344,1155000,-0.013959145750847474
2012-12-27,25.747748780959707,25.747748780959707,25.325555111000845,25.636110305786133,1538100,-0.002609179299435605
2012-12-28,25.41891346415845,25.567088739707224,25.284949672342098,25.3032169342041,1482300,-0.013070377201754706
2012-12-31,25.276838082558182,25.573186419301265,25.171290250857076,25.514324188232422,2783100,0.0083084881234188
2013-01-02,26.102944827967853,26.383053618473827,25.98318557893956,26.381023406982422,1933200,0.03340491401928559
2013-01-03,26.405390524851263,26.508908118116295,26.218650491636804,26.34449577331543,2237700,-0.0013855772338996336
2013-01-04,26.4236613463679,26.711891122349233,26.35870848458303,26.685503005981445,1828500,0.012861095264568963
2013-01-07,26.50282795884553,26.632733704895244,26.413517177711853,26.494707107543945,1923300,-0.007175478121012688
2013-01-08,26.486578899640154,26.831640621119927,26.257213715049087,26.829612731933594,2694000,0.012561248937665848
2013-01-09,26.88848151205163,26.88848151205163,26.549508021136266,26.665206909179688,2392200,-0.006146626588325214
2013-01-10,26.862086383841618,27.217296806176318,26.772775644565247,27.20105743408203,2214600,0.01989624519763348
2013-01-11,27.180769265136767,27.548161084473367,27.087400393049244,27.535982131958008,2075700,0.012237741772151882
2013-01-14,27.493353359753925,27.58469200731316,27.32488058206443,27.519739151000977,1483500,-0.0005900560759098235
2013-01-15,27.328931855807255,27.56641551199818,27.328931855807255,27.52379035949707,1013700,0.00014720017191623236
2013-01-16,27.49741416017683,27.655738214787235,27.359389907691494,27.517711639404297,1533000,-0.00022087769761833546
2013-01-17,27.584693588290893,27.761284902416147,27.527861577933514,27.58063316345215,1797000,0.002283972472336658
2013-01-18,26.894576371424307,27.117851009343614,26.72407333146431,27.075225830078125,7918200,-0.018494695682133654
2013-01-22,27.06507708848625,27.215280322364446,26.989975471547154,27.075225830078125,3216600,0.0
2013-01-23,26.987944193501622,27.087403715495018,26.904724051153128,26.943288803100586,2758500,-0.004884891420356813
2013-01-24,27.01230479536639,27.23152134359757,26.900666308230473,26.973737716674805,1992900,0.0011294731470418114
2013-01-25,27.07115445761916,27.300517298906794,26.971692657555824,27.296459197998047,2803800,0.011893278585414998
2013-01-28,27.259938756973934,27.6801046036251,27.188897557901992,27.607030868530273,3410400,0.011313487823236023
2013-01-29,27.604994097393487,28.10229166434925,27.41419592118024,27.99268341064453,3354900,0.013872687370563339
2013-01-30,28.002832447744783,28.047487834756854,27.83030153768784,27.872926712036133,2038800,-0.004287320295395659
2013-01-31,27.82420625251178,27.93584470139616,27.67806348569713,27.783611297607422,3416400,-0.003209523778981043
2013-02-01,28.425026219359726,28.581320074619867,27.619203682572923,28.370222091674805,3899100,0.0208937519973771
2013-02-04,28.25249206912578,28.475766656713596,28.10025865666669,28.16318130493164,2853300,-0.0073245798037505
2013-02-05,28.29308561059777,28.510271872894457,28.232193177820115,28.443288803100586,1700700,0.009896740916810257
2013-02-06,28.18348275509757,28.55087228005247,28.18348275509757,28.530574798583984,2311800,0.003064073884276293
2013-02-07,28.396595256260873,28.565067989721243,28.15505348225382,28.3417911529541,1579800,-0.006638877628972141
2013-02-08,28.380370544600268,28.552901453701637,28.337745370488058,28.457502365112305,1263300,0.004074394770252128
2013-02-11,28.406763322924192,28.516371595162855,28.349928973819303,28.44938850402832,1322100,-0.000285162693482111
2013-02-12,28.60364321323979,28.906082159691444,28.57522720672712,28.873605728149414,2490300,0.014801214571030218
2013-02-13,28.869550680116227,28.977128734454666,28.753854097104597,28.93450355529785,1505700,0.0021068964347898613
2013-02-14,28.833005129403304,29.338421134121734,28.697011104234445,29.31609344482422,2801700,0.01310185192115289
2013-02-15,29.23896739456509,29.348575650349638,29.137477666605896,29.342487335205078,2812200,0.0008999158115022182
2013-02-19,29.338417594357566,29.66115162119486,29.25519516115451,29.651002883911133,2190000,0.010459403577102748
2013-02-20,29.586058861288475,29.632744460457598,29.02989906523576,29.042078018188477,2912400,-0.020750204452997998
2013-02-21,28.98726434051024,28.98726434051024,28.540712945265764,28.587398529052734,2008800,-0.015779734640630295
2013-02-22,28.786323189673563,29.084699367638596,28.786323189673563,29.07455062866211,1583400,0.016897232837240404
2013-02-25,29.22679022394335,29.267385188443825,28.408788681030273,28.408788681030273,1865100,-0.023164684799509512
2013-02-26,28.55696052652083,28.690926680470294,28.234226416985464,28.31541633605957,2079000,-0.003292154708049061
2013-02-27,28.289030237042454,28.8614270582062,28.230165688029164,28.786325454711914,994200,0.016494060597658712
2013-02-28,28.792410967643846,28.910137731316865,28.648296089384974,28.670623779296875,1626000,-0.004027426911772911
2013-03-01,28.433145214434802,28.634094460214595,28.205810172164362,28.585378646850586,2821200,-0.002977685895641631
2013-03-04,28.5691409805738,28.910142375244558,28.45141187509217,28.88984489440918,1184700,0.01059479465458506
2013-03-05,29.06238350341746,29.575918267026626,29.06238350341746,29.446012496948242,2238600,0.019068356214819802
2013-03-06,29.61446688495558,29.756553856795342,29.517037610500385,29.67536163330078,1371600,0.007758625039494042
2013-03-07,29.720017007788222,29.734226169551622,29.504860983728477,29.67536163330078,1424400,0.0
2013-03-08,29.89255552260516,29.927062168352382,29.506898750236516,29.805274963378906,1246500,0.004368263155615226
2013-03-11,29.74438057809716,30.040726559254733,29.71799246163364,30.032608032226562,1366800,0.007598335743728088
2013-03-12,30.03870241676709,30.103655286889964,29.860080862480253,30.071176528930664,1351200,0.0012833967870601955
2013-03-13,30.069152242950153,30.264010876673026,29.98795998411655,30.21123695373535,1893600,0.004646817164043474
2013-03-14,30.320833773801084,30.568468578802946,30.274150503852653,30.464948654174805,1900200,0.008362858559985363
2013-03-15,30.371577948728813,30.48321639315345,29.40743154798436,30.426382064819336,3665400,-0.0012667351511992046
2013-03-18,30.087418455486123,30.20514525218982,30.03261432149843,30.079299926757812,2824200,-0.011472838044796624
2013-03-19,30.16048183898566,30.261971551242652,29.829629233037615,30.016366958618164,1735500,-0.0020944269165015465
2013-03-20,30.229497429682706,30.41826770493745,30.158456251707985,30.268064498901367,1764000,0.008350381574309984
2013-03-21,30.115834036755615,30.209202915839185,29.837752966430173,29.866168975830078,1741500,-0.013366812338857791
2013-03-22,30.03058454317905,30.17875988982983,29.92706691242539,30.170639038085938,1221900,0.010142866770896956
2013-03-25,30.296473659389818,30.377663558728656,30.04478079022464,30.13612174987793,1395600,-0.001144723793029937
2013-03-26,30.274421009022618,30.673037626740147,30.140195006731542,30.652700424194336,2391000,0.01699625329901739
2013-03-27,30.38018259358558,30.453399333035822,30.239854000805575,30.418825149536133,1442100,-0.007659098598083777
2013-03-28,30.43102062850156,30.717780303844876,30.33950088989814,30.671003341674805,1516500,0.008256026601448627
2013-04-01,30.638463893435816,30.7808266407539,30.335435381733095,30.44322395324707,1114800,-0.007454252577153749
2013-04-02,30.526614209397756,30.707619547107104,30.40865700841476,30.63033676147461,1200600,0.006127476160934045
2013-04-03,30.679139290712598,30.679139290712598,29.59311679738028,29.690736770629883,1702200,-0.031155811367218244
2013-04-04,29.686673411015335,30.388318687324663,29.686673411015335,30.34967613220215,2992500,0.021950742436387175
2013-04-05,29.798536199991958,30.15037599999628,29.635836185311117,30.113767623901367,1604700,-0.0078033830274388365
2013-04-08,30.134104420100773,30.406627231871298,29.922593240204197,30.39849281311035,1045800,0.009410565343010492
2013-04-09,30.445263850945025,31.006578202436582,30.353744093554653,30.860149383544922,1869900,0.015072658941473556
2013-04-10,31.01674123240444,31.696014984346125,30.982167056326354,31.561786651611328,2057700,0.022481418034614845
2013-04-11,31.51704646865502,31.85464918663003,31.350278131901813,31.728557586669922,1427400,0.005270039942030687
2013-04-12,31.588230660362896,31.68788483042236,31.329942561655635,31.578062057495117,1034100,-0.004754504774398559
2013-04-15,31.49060077408647,31.52314075851991,30.542872854671256,30.548973083496094,1307400,-0.03313157004628307
2013-04-16,30.809288856213016,31.118419830886605,30.616083160763505,31.07774543762207,1569300,0.017160911486747053
2013-04-17,30.748291800573124,30.750325986686473,29.896149359716937,30.062917709350586,1881600,-0.03319953978401628
2013-04-18,30.11986084499448,30.209344079741268,29.306358696371547,29.434484481811523,1796100,-0.021125513922845493
2013-04-19,29.595157767857454,29.93276054367099,29.507706376308033,29.8615779876709,1699800,0.014405708375047876
2013-04-22,29.9917224233332,30.22153648022015,29.702930958869707,30.14628791809082,1146000,0.009489158212531193
2013-04-23,30.207312430787923,30.9455660534201,30.18494103836137,30.870317459106445,1618800,0.023733327070980404
2013-04-24,31.00047630739461,31.16114209329811,30.839808194047123,31.006576538085938,1511400,0.004404206172255893
2013-04-25,31.17130773265853,31.443830450694517,30.98420220084455,31.34214210510254,1327500,0.010764256730734466
2013-04-26,31.34823463191164,31.498731752570237,31.197735183810025,31.240446090698242,1367400,-0.0032499807645770856
2013-04-29,31.33400701113424,31.604495537465677,31.264858658334674,31.498741149902344,1115100,0.008233977196552764
2013-04-30,31.60449764863352,32.184117288029945,31.35841468066883,31.45400047302246,1891200,-0.0014214054307812676
2013-05-01,31.464170074349386,31.630938415360493,31.157073155545547,31.24249267578125,2048400,-0.0067470631605700505
2013-05-02,31.234350256129403,31.238418627406485,30.919118978017746,31.118427276611328,2222700,-0.0039789522973311875
2013-05-03,31.500769685014298,31.92988971571399,31.421452744848036,31.809898376464844,1612500,0.02197735040274144
2013-05-06,31.844478488878853,32.20445257379787,31.7021157380804,32.0844612121582,1246800,0.008594327494623587
2013-05-07,32.18614150651979,32.328504221713274,31.91768490375559,32.29393005371094,1026000,0.006507449988415559
2013-05-08,32.30614133525831,32.65391263717931,32.19021601632213,32.62543869018555,1748100,0.01021302345996371
2013-05-09,32.62340066927801,32.80643779453834,32.36511264649448,32.40375518798828,1709400,-0.0068179950487904355
2013-05-10,32.43223603099806,32.78814411035966,32.3488530227766,32.786109924316406,919500,0.011730630834686229
2013-05-13,32.94676971237571,33.42266675232809,32.94676971237571,33.16844940185547,1995600,0.011594157080807493
2013-05-14,33.22337047962453,34.10195042396923,33.1460876935896,34.04703903198242,1773000,0.026143964539560603
2013-05-15,33.89856962773384,33.96364961134154,33.4714813625169,33.88026428222656,2295300,-0.004910399109783932
2013-05-16,33.7379116493999,34.321599818551064,33.64639420418111,33.75011444091797,1888800,-0.0038488621365998957
2013-05-17,33.902636952874474,34.2483740879216,33.59554004129756,34.23210525512695,1606200,0.014180145713309025
2013-05-20,34.15482340499243,34.49649450480866,34.08364318656285,34.13652038574219,977400,-0.002796163613544685
2013-05-21,33.949405259740715,34.085667754994006,33.571128228158344,33.603668212890625,3039000,-0.015732556241650982
2013-05-22,33.68909591820249,34.311424193632824,33.10337600983654,33.282344818115234,2136900,-0.00960816326680936
2013-05-23,32.68645590547638,33.06473305072102,32.46274431601377,32.95491027832031,2218200,-0.00988679879647914
2013-05-24,32.666107050028856,33.16640957812147,32.546115717601985,33.137935638427734,1311000,0.005538445966962977
2013-05-28,33.54672876014199,34.004322815075014,33.491817380452275,33.51825714111328,1856100,0.011411561748665538
2013-05-29,33.28437002681652,33.58129827306792,32.751527462964496,32.93863296508789,2078700,-0.017444056533230674
2013-05-30,32.98338738061009,33.355562003268105,32.755607397271824,32.792213439941406,2517300,-0.004455131048348917
2013-05-31,32.73933367460987,32.89389923307812,31.45196851932909,31.484508514404297,5000700,-0.040695460415540334
2013-06-03,31.523151421759117,31.675682795852396,30.60796317719944,31.620771408081055,4302900,0.004318596023102941
2013-06-04,31.620768674490748,31.99497742598609,31.112329253171293,31.374683380126953,3481200,-0.007812921760268826
2013-06-05,31.356372032124465,31.435688970410748,30.14018983980328,30.199167251586914,5089200,-0.038186956381094116
2013-06-06,30.227643202275566,30.431019876939516,30.040540013103488,30.406614303588867,4744800,0.006845810972071816
2013-06-07,30.487970276769197,30.64253350181434,30.311033333066057,30.599824905395508,3617400,0.0063341263741164226
2013-06-10,30.709637671019376,30.768617408854272,30.518466142418188,30.58761215209961,2906700,-0.0003991915349093777
2013-06-11,30.160536911177996,30.42695709899426,29.78632580915496,29.918519973754883,3470400,-0.02211740959618662
2013-06-12,30.48389591059434,30.48389591059434,29.04196553615638,29.143653869628906,4640700,-0.026240502686024035
2013-06-13,29.133500087600595,30.012080194770665,29.015542864142603,29.916494369506836,4645800,0.02617279636820826
2013-06-14,29.975464058862727,30.170704016984274,29.89411291259014,29.922584533691406,4568700,0.00020355140210134764
2013-06-17,30.08934223693986,30.27034748426427,29.80665100201607,29.951047897338867,3201000,0.000950781325133608
2013-06-18,30.010040451992516,30.74015499913496,29.873777911979506,30.69338035583496,2328300,0.0244826955802169
2013-06-19,30.6282977771146,30.652703353479314,29.574812895995077,29.584983825683594,4308900,-0.036780078332753215
2013-06-20,29.344519114580564,29.344519114580564,27.952691119966246,28.00567626953125,6586500,-0.054859715880533635
2013-06-21,28.466222735393234,28.466222735393234,27.818199375327048,27.92212677001953,6136200,-0.0029877648369156288
2013-06-24,27.81616253326649,27.81616253326649,27.03160441378678,27.30263328552246,5026800,-0.02243629382005465
2013-06-25,27.665368567500405,28.111649638632286,27.484003988706707,27.971040725708008,2987400,0.024186560278983266
2013-06-26,28.2237290516855,28.28282429868326,27.922131071496647,27.997529983520508,4122600,0.0009465762464436545
2013-06-27,28.20741064355576,28.419344185563766,28.072914222737673,28.31134033203125,2818500,0.011146151419555706
2013-06-28,28.227802240728053,28.24818240432782,27.583852970332625,27.71834945678711,6092100,-0.021167813686356254
2013-07-01,27.897672945898094,28.42139342374565,27.895637028628453,28.235952377319336,3964500,0.01850144379438647
2013-07-02,28.213535942617355,28.504942631299034,27.928241669853684,28.17074203491211,3371700,-0.0023121500785728186
2013-07-03,27.96899071963477,28.225754105197506,27.865063348933433,28.113676071166992,1761900,-0.0020277719915837945
2013-07-05,28.225754760953297,28.32357205154594,27.779473867040895,27.90785789489746,4059000,-0.007347856715982627
2013-07-08,28.134050869675434,28.266509045921563,27.775396068748147,27.966949462890625,4081800,0.002115142505824903
2013-07-09,28.121830174965933,28.445841819842585,27.826347021277858,28.41935157775879,3641700,0.016046870049964163
2013-07-10,28.584410640789923,28.584410640789923,27.856909733697336,27.913969039916992,4790700,-0.01794306074501878
2013-07-11,28.290957409063818,28.7331616542368,28.189065987535937,28.51511573791504,5418600,0.021307077481514412
2013-07-12,28.796340393115727,29.26096315001542,28.79430214441056,29.240585327148438,3421500,0.02512332926604507
2013-07-15,29.24262334637943,29.499389063568696,29.038842770964894,29.428064346313477,2658000,0.006391135925748275
2013-07-16,29.42805895329,29.74799633369547,29.387303312094527,29.527912139892578,2954700,0.003387201603432969
2013-07-17,29.835636562660326,30.047570195518517,29.690951169038673,29.817296981811523,3105900,0.009752670516279281
2013-07-18,29.902879624320622,29.913068537705026,29.60943472108273,29.77857208251953,2364300,-0.0012995835231617884
2013-07-19,29.725592223937777,29.792840458221136,29.35471014282322,29.71744155883789,2478000,-0.0020549459182922455
2013-07-22,29.723553666960658,30.351201515015305,29.692986924082724,30.324708938598633,2412600,0.020228725402847474
2013-07-23,30.292092544350734,30.343037096638174,29.980308153004216,30.078123092651367,1986900,-0.008164756767344598
2013-07-24,30.20651723997848,30.290066806657087,29.74393258503231,29.81321907043457,3243900,-0.008846211828373701
2013-07-25,29.74800168641368,29.86008205196054,29.18148977632956,29.334325790405273,6413400,-0.016193529119123543
2013-07-26,29.332286961993418,29.754113512954365,29.008275364824538,29.748001098632812,2453700,0.014003580770805891
2013-07-29,30.035345561349313,30.05979756051003,29.069420465652737,29.393434524536133,3284600,-0.011990605858319512
2013-07-30,29.509576677795174,29.955857540900357,29.509576677795174,29.790794372558594,2507700,0.013428098201120824
2013-07-31,29.949749829325917,30.206513243445496,29.72355082306693,29.88250160217285,2167200,0.003073646270583149
2013-08-01,30.169835219006508,30.768954584902016,30.14538322349299,30.573322296142578,2018400,0.02285472992866312
2013-08-02,30.432704101982118,30.646675904951618,30.32877673958244,30.49995231628418,1197300,-0.002402688102792202
2013-08-05,30.57331552549059,30.805626922120013,30.43882141762515,30.616111755371094,1666500,0.0038012781328083164
2013-08-06,30.567195919563233,30.76282578688108,30.157596613645232,30.20650291442871,2372500,-0.013469168851077457
2013-08-07,30.090357274506054,30.3410082616079,29.96808798838725,30.20039939880371,1640900,-0.0002020800740326083
2013-08-08,30.420474511728656,30.536631357004588,30.12091727643124,30.261526107788086,1407100,0.00202199084128794
2013-08-09,30.255424064895806,30.487733170891627,30.102588022065056,30.145381927490234,1550200,-0.0038453987199456438
2013-08-12,29.955860700729833,29.97420027733818,29.460671143470535,29.625734329223633,2569500,-0.017388354908233105
2013-08-13,29.754108763303567,30.059780736620883,29.44843678998625,30.016986846923828,1518400,0.013120063013800328
2013-08-14,29.986424902745192,30.084239856537256,29.61961940904806,29.748001098632812,1512900,-0.00900150987386306
2013-08-15,29.460674221947464,29.460674221947464,28.73317551132066,28.91657829284668,2123200,-0.028346865773339107
2013-08-16,28.800414713977453,28.916569228378002,28.329679578629708,28.53753662109375,3023800,-0.01319477888178524
2013-08-19,28.53755019514847,28.635365183299466,28.29301155872435,28.305238723754883,1833400,-0.008173393685919891
2013-08-20,28.305236195069764,28.73317760453464,28.27466945127079,28.63536262512207,1534000,0.011595508036845205
2013-08-21,28.49474756013439,28.818759171923336,28.2624361598612,28.39693260192871,1413800,-0.008361277108525014
2013-08-22,28.506994792173376,29.43012396442577,28.48865287128229,29.191699981689453,1725500,0.027603289306281073
2013-08-23,29.228361428574416,29.228361428574416,28.65981124519066,28.714832305908203,1621400,-0.016470627314196518
2013-08-26,28.733173147491193,29.02661804021019,28.678152084350586,28.678152084350586,1731300,-0.0012782129015037787
2013-08-27,28.29300573052914,28.341914380576373,27.60218853930789,27.632755279541016,2250900,-0.037133726909721845
2013-08-28,27.687780592202735,28.042359031067626,27.583850860955565,27.663326263427734,1774400,0.0011057198321613743
2013-08-29,27.602186976150154,28.378591928892167,27.547165914009344,28.231870651245117,2108500,0.020343930353547424
2013-08-30,28.274663699643167,28.409160143511098,27.926197760614972,28.219642639160156,2903800,-0.0004332217708072395
2013-09-03,28.537543608206935,28.727061124296483,28.237983964335417,28.50086212158203,2794000,0.009916053741751356
2013-09-04,28.396945262774096,28.745411352502035,28.24410917667961,28.696502685546875,2093400,0.0068409209967212154
2013-09-05,28.604779528830914,28.92879102563996,28.12792973621391,28.20740509033203,2317000,-0.01719072236527211
2013-09-06,28.2440939855305,28.837096094805943,28.0912579816392,28.800416946411133,3059600,0.020805329014440332
2013-09-09,28.855439698451068,28.965481814293167,28.64146788116144,28.79430389404297,2244000,-0.00021227821931991684
2013-09-10,28.989934974030728,29.35062807227282,28.941028660622816,29.197792053222656,1889100,0.013915505675917185
2013-09-11,29.234467325519418,29.540139298669637,29.185561022503265,29.527912139892578,3253100,0.011242898439088794
2013-09-12,29.44233491928144,29.576831381970695,29.283386462361065,29.46678924560547,2757500,-0.0020721493531600113
2013-09-13,29.49123096075358,29.784675754879,29.411755600232553,29.68074607849121,1674700,0.007234714513139038
2013-09-16,30.249294118183435,30.830071255542226,30.145366780682355,30.683347702026367,2801900,0.03322153190198811
2013-09-17,30.775052452908632,31.068497249192284,30.726143820815388,30.897321701049805,2753100,0.006949416504958142
2013-09-18,30.878986555217768,32.340100775497916,30.677244233915708,32.19948959350586,5008800,0.04128109748571539
2013-09-19,32.4195765576218,33.23266532202298,31.899935010573742,32.03443145751953,5108300,-0.005139293899019784
2013-09-20,32.19338260381286,32.19338260381286,31.50867781394378,31.600378036499023,4379800,-0.013642223690696882
2013-09-23,31.575924241958113,31.60037623398905,31.056280348747933,31.062395095825195,2534200,-0.01717115704728669
2013-09-24,31.10519174862499,31.355842762833646,30.8912198917538,30.995149612426758,2177900,-0.002167198526276617
2013-09-25,31.080731637889,31.178546592739384,30.68947181848746,30.836193084716797,1615800,-0.0051416278852003585
2013-09-26,30.84232700980913,31.240491065927944,30.84232700980913,31.215988159179688,1927300,0.01224130431884098
2013-09-27,30.928084918547004,31.166982400033376,30.872954550763563,31.13022804260254,1494700,-0.002751094641873941
2013-09-30,30.683054061286242,31.09346711730716,30.627923705147968,30.96483039855957,2155100,-0.005327252742977022
2013-10-01,30.983205189858282,31.307860396162514,30.964826848768983,31.14859390258789,1204200,0.005917047473966198
2013-10-02,30.921959494163172,31.277244622710125,30.744316929889695,31.191484451293945,1659400,0.0013760186578557067
2013-10-03,31.06897539214177,31.3139974494469,30.64018387095054,31.215988159179688,2094100,0.0007852812530289381
2013-10-04,31.240486770744585,31.687654242154068,31.240486770744585,31.65089988708496,1715900,0.013836176075597803
2013-10-07,31.332373503383703,31.467134807178848,31.093473685171702,31.13022804260254,1978300,-0.016587270717471684
2013-10-08,31.142471696815058,31.173099151975308,30.315518723863118,30.333894729614258,2720500,-0.025913584672682295
2013-10-09,30.572812028149258,30.952597859848655,30.5421845530766,30.646318435668945,2175900,0.010246813629114344
2013-10-10,31.087353973169293,31.399757881488995,31.087353973169293,31.332378387451172,4442500,0.02213947726492933
2013-10-11,31.28335828641824,31.491628242447273,31.179224476766183,31.40587043762207,2363100,0.002342815910944009
2013-10-14,31.117968432158968,31.528383804001404,30.940325922902915,31.516132354736328,1448600,0.0035047209269859665
2013-10-15,31.467133157921204,31.65090026199252,31.209859679566467,31.30786895751953,1862200,-0.006630082636238293
2013-10-16,31.669283652764307,32.13482721301727,31.58965037151579,31.981687545776367,1963600,0.02129400445667361
2013-10-17,31.83466910112672,32.83313787117622,31.73053293086162,32.77800750732422,1917200,0.024594312877479114
2013-10-18,32.88826925479584,33.047535793851324,32.68612613888761,32.98627853393555,2444300,0.006333885317837698
2013-10-21,32.949526514711614,33.03528434186817,32.70450214849957,32.98627853393555,1856000,0.0
2013-10-22,33.127170690204785,33.29868635294077,32.96790414332796,33.17617416381836,2041800,0.0057402996284984485
2013-10-23,33.09653942939199,33.274181978941485,32.93727522627125,33.25580596923828,1878100,0.0023973948511170112
2013-10-24,32.44109931836616,33.427318929505816,31.975555861854303,33.372188568115234,4063000,0.00349350803823415
2013-10-25,33.47632609402554,33.67846920285475,33.34768702107009,33.38444137573242,2678900,0.0003670888648839446
2013-10-28,33.40282921357129,33.51308997987925,33.19455913684806,33.329322814941406,3091600,-0.0016523898479107331
2013-10-29,33.341557952184,33.60495828314288,33.329306502287636,33.49469757080078,1788900,0.004949570304826464
2013-10-30,33.56209221679018,33.80098973935188,33.19455558946554,33.22518539428711,4396900,-0.008078960287318053
2013-10-31,33.28643661948532,33.37219445528241,32.992408752441406,32.992408752441406,2214700,-0.007030687348315522
2013-11-01,33.0965416178251,33.286435631974896,32.931150509383485,33.065914154052734,2088700,0.0022254707269214577
2013-11-04,33.12717029575451,33.176173768784594,32.85764301554938,32.949527740478516,1241000,-0.003526039690705444
2013-11-05,32.771877675273046,32.79025368135762,32.09806430262102,32.110313415527344,2642400,-0.02579965949846668
2013-11-06,32.35533995641065,32.65549465117788,32.263455246228276,32.51460647583008,1589800,0.012512149661138805
2013-11-07,32.72287765997681,32.72287765997681,31.791790690686124,31.828542709350586,2278300,-0.021325961709851717
2013-11-08,31.755036062334607,32.04906389275038,31.08734713387208,32.018436431884766,4778600,0.005948418704104693
2013-11-11,32.06744581965894,32.58199520202299,31.620278265669207,31.779544830322266,2129500,-0.007489036905812214
2013-11-12,31.77953767986134,32.33083896331223,31.583519134182076,32.287960052490234,3495700,0.015871568459525705
2013-11-13,32.0551860944892,32.76575383149065,32.0551860944892,32.74737548828125,2152100,0.014128414161879363
2013-11-14,32.77188279242585,33.341562437250914,32.77188279242585,33.243553161621094,1811200,0.015038037319079522
2013-11-15,33.36606631700713,33.445697249288514,32.9556508567951,33.170047760009766,1901500,-0.0022135656132240495
2013-11-18,33.231301656766725,33.2864320202654,32.918897821424515,32.96177673339844,1890200,-0.00629868347878951
2013-11-19,32.882145920427234,33.17004921092794,32.7596337327636,32.949527740478516,1542800,-0.0003716810995840636
2013-11-20,32.89439489165048,33.29255655061704,32.679997995229606,32.82088851928711,1819500,-0.0039117704446078455
2013-11-21,33.023033074315876,33.43344853950435,32.900520890525634,33.39669418334961,1145600,0.017391760747206
2013-11-22,33.68460145696834,34.11951754107966,33.44570161873702,34.088890075683594,1866700,0.02051460843385459
2013-11-25,34.13176750468126,34.162394968740394,33.923497477663126,33.947998046875,1677800,-0.0041416423970044285
2013-11-26,33.87448906175048,33.96637378359015,33.770355224609375,33.770355224609375,1183600,-0.005246531292266634
2013-11-27,33.77648079182164,34.00312681928145,33.72747731897453,33.9786262512207,1164600,0.00614833398709759
2013-11-29,34.08276997377019,34.16240326905273,33.899002808040436,33.929630279541016,1145200,-0.0014430050978961545
2013-12-02,33.95412457713453,34.27877989878162,33.84386383832501,34.00312805175781,1944000,0.0021638397350502345
2013-12-03,33.83773949660705,33.92349733029036,33.39669653854921,33.617218017578125,2278400,-0.011414145191113209
2013-12-04,33.29868049140088,33.678466107773914,33.108786514851744,33.41506576538086,1903700,-0.006031507614875585
2013-12-05,33.255805333226775,33.3660660627884,33.053659883455296,33.13329315185547,3361400,-0.008468256827557273
2013-12-06,33.61721206454684,33.61721206454684,33.33543337083822,33.43344497680664,2170200,0.00901813330752146
2013-12-09,33.48244547398638,34.162385741383716,33.30480295900913,34.1195068359375,2571100,0.020312523126562263
2013-12-10,34.021496058063136,34.021496058063136,33.43344052097726,33.68458938598633,2637800,-0.012828824186612435
2013-12-11,33.71522649474116,33.73360250531049,32.85151894709759,32.94340133666992,2654100,-0.022249466550798156
2013-12-12,32.912781379750506,33.10879999294735,32.81477207315208,32.894405364990234,1589400,-0.0014883843548046537
2013-12-13,33.047521800378924,33.237413383897284,32.845376433340554,33.09040069580078,3952200,0.005940637517019177
2013-12-16,33.32930710936329,33.61721034535889,33.21904639501286,33.476322174072266,1349300,0.011595157023719885
2013-12-17,33.415066731739245,33.51307600127396,32.96789929344176,33.34156036376953,2253600,-0.004033710375366097
2013-12-18,33.58046371103312,34.34616199400401,33.06591437140765,34.321659088134766,3120600,0.028971937399941517
2013-12-19,34.22976284521159,34.25426340444101,33.88060475640101,34.10112380981445,2691400,-0.006446275134237966
2013-12-20,34.174640722625064,34.854581060286925,33.99087363219018,34.456417083740234,3769000,0.01036491245438684
2013-12-23,34.8607124741579,34.90971828749969,34.55443315094909,34.6585693359375,1201200,0.00584975384163058
2013-12-24,34.64018939604997,34.77495303982247,34.52380409979915,34.750450134277344,456900,0.002647519089303413
2013-12-26,34.78719510650412,35.111850338840426,34.536046234244424,35.026092529296875,1762200,0.007900759147461188
2013-12-27,35.0076851785082,35.259362293862615,34.92788677382404,35.130455017089844,1567700,0.0029751339945473126
2013-12-30,35.06292309941993,35.30846271783393,34.98312471382883,35.105892181396484,1108400,-0.0006994337739491519
2013-12-31,35.112051191577685,35.51105036299387,35.075219526150086,35.4373893737793,1175300,0.009398474956181414
2014-01-02,35.21025972564738,35.3330295780444,34.62710468299167,34.81739807128906,1092100,-0.01765025332848227
2014-01-03,34.8296640605061,35.35143283790844,34.817386845060945,35.03837203979492,1155200,0.006326598510326788
2014-01-06,35.37599435002442,35.590839809221805,35.02610183553732,35.173423767089844,1409400,0.003846985888874383
2014-01-07,35.32074284087978,35.49875896180405,34.97085037789872,34.98312759399414,2258900,-0.005424914312352102
2014-01-08,35.1795628700351,35.20411496372824,34.71303796526793,34.83580780029297,1756600,-0.004220058971187213
2014-01-09,34.98926773534832,35.16728387003047,34.78055972887539,35.00154495239258,2245800,0.004746384469428194
2014-01-10,34.878769560904765,35.52330813227503,34.76213953004479,35.48033905029297,2166700,0.013586511479776523
2014-01-13,35.39440332206737,35.566279661823636,34.76827935941874,34.854217529296875,2063900,-0.01780456411562942
2014-01-14,35.062925474964594,35.66449500503247,35.026096168854814,35.603111267089844,2258700,0.021258879805940684
2014-01-15,35.66449240661571,35.70132405168154,35.04450826866328,35.695186614990234,2282000,0.002582821801402476
2014-01-16,35.59084410370062,35.91618222163844,35.486491251396096,35.77499771118164,1420500,0.002233410480734005
2014-01-17,35.79340075021429,36.06349244639718,35.65835373130322,35.916168212890625,2355300,0.003938300691714819
2014-01-21,36.03281540749893,36.13716826204074,35.66450584300028,35.79955291748047,1829000,-0.0032521571659359662
2014-01-22,35.86094079026669,35.983710659191345,35.42510998014263,35.646095275878906,1818400,-0.004295793556982871
2014-01-23,35.46807015868589,35.56628556078495,34.314039769431936,34.48591613769531,2992100,-0.03308859863642305
2014-01-24,34.09917720817706,34.129869068991056,32.8837612551597,32.90217590332031,3453800,-0.047012220333318186
2014-01-27,32.95741507535621,33.16612296213476,32.337431190841386,32.503170013427734,2866100,-0.01220116900963157
2014-01-28,32.70574714344422,33.098608605331755,32.59525456458348,32.95742416381836,1933600,0.013878928163998605
2014-01-29,32.48476731556358,33.04337007903232,32.13487487231,32.31903076171875,3862700,-0.019560307222768813
2014-01-30,32.84695372597983,33.58357063436704,32.31290746259636,32.39884567260742,2897600,0.0024665503799390933
2014-01-31,31.729741460302098,32.12260539427715,31.091342543577206,31.926172256469727,4677100,-0.014696674455468172
2014-02-03,31.88319938020755,31.981414766628834,30.784415476381813,30.815107345581055,4060100,-0.03542105236174205
2014-02-04,31.109753890897807,31.40440005381803,30.851937034817894,31.19569206237793,2482400,0.012274942400689368
2014-02-05,31.115901121325898,31.140455561373873,30.643238687783718,31.042240142822266,1881200,-0.0049311480978248
2014-02-06,31.023826095529948,31.613118618462956,30.944025334620164,31.441242218017578,3254100,0.012771615271064055
2014-02-07,31.680645154306124,32.073506873403986,31.613121607278572,32.012123107910156,4029200,0.01799420064579554
2014-02-10,31.993680040095782,32.61980377292799,31.956850747460074,32.44178771972656,3362900,0.013332658050912917
2014-02-11,32.24535770616028,32.72415959535786,31.9568514272757,32.417236328125,4191200,-0.0007570694482264232
2014-02-12,32.4233869264137,32.96357275170732,32.4233869264137,32.62595748901367,2588800,0.006417946754308169
2014-02-13,32.276070289982975,32.77328476745463,32.233098853787126,32.613685607910156,2987400,-0.0003762093311890887
2014-02-14,32.515451679973964,32.54000376170718,32.177834212706856,32.417236328125,2438200,-0.0060417374231189645
2014-02-18,32.63210282170995,32.981995385728695,32.49705574730264,32.94516372680664,2377900,0.0161542072744988
2014-02-19,32.76100550212526,33.56514571305074,32.40497554924183,32.44794464111328,2480800,-0.015207372167478804
2014-02-20,32.527745988844174,32.675067923233414,32.23309743678585,32.25151443481445,1968500,-0.006072100528889211
2014-02-21,32.294488105809435,32.484779159842724,32.09191749025628,32.21468734741211,2041500,-0.0011425240014233428
2014-02-24,32.19012508692235,33.02495710278762,32.15943321550018,32.85308074951172,2674800,0.01962304550559434
2014-02-25,32.73032363262776,32.84081628596787,32.19627736924428,32.39884567260742,2122500,-0.013922728087502277
2014-02-26,32.4786268800618,32.619811331704625,31.94458093834518,32.01824188232422,2886400,-0.011816995574401915
2014-02-27,31.99367633566543,32.539999301799114,31.99367633566543,32.503170013427734,1806500,0.015031824253233177
2014-02-28,32.47862800150457,32.87762928330979,32.312889115599596,32.68733596801758,2883000,0.0056501001719231675
2014-03-03,32.208548039017614,32.27607157361649,31.61311578843487,32.26993179321289,5424200,-0.012851831192428961
2014-03-04,32.86536212641769,33.14773112586666,32.75486950200027,32.810115814208984,4788300,0.01660098437833496
2014-03-05,32.83467371043297,32.83467371043297,32.54002511985026,32.79170227050781,3827000,-0.0005613729839305311
2014-03-06,32.96356196658718,33.10474639964265,32.80396054373221,32.90217590332031,6599500,0.003363288635732827
2014-03-07,33.215254821202016,33.44237750956832,32.88991672638219,33.03110122680664,4133900,0.003910786583529557
2014-03-10,33.03108975261126,33.07405883165577,32.41724309010203,32.65664291381836,2394800,-0.011401285709436597
2014-03-11,32.69348195541231,32.773282700972814,32.239236601138394,32.386558532714844,3081500,-0.00830481671887857
2014-03-12,32.21468328904561,32.49091484743685,32.06736135233026,32.42953109741211,2402800,0.0013259846818533946
2014-03-13,32.57684268324998,32.65664340623844,31.582411730649277,31.711318969726562,3844900,-0.02239577885883033
2014-03-14,31.668345682858323,31.975268977965833,31.306176100965907,31.379837036132812,3047300,-0.010508128390123826
2014-03-17,31.67449429217963,32.085772870361744,31.649942199555415,31.85865020751953,1519900,0.015143383165018919
2014-03-18,31.913888419143397,32.29447268714418,31.864779563071483,32.10417938232422,2864700,0.007677283270589739
2014-03-19,32.04893789610283,32.116461412507924,31.48420001642289,31.606969833374023,2198200,-0.015608559867732092
2014-03-20,31.484197355376285,32.098044046610106,31.232520305635987,31.956859588623047,2200300,0.011009194769389188
2014-03-21,32.34972360395656,32.68120140491094,31.889338549844197,32.12873840332031,5590900,0.0053640515874350736
2014-03-24,32.165567557308115,32.18398220872056,31.883196299694692,31.956859588623047,1902500,-0.005364051587435082
2014-03-25,32.15329843614911,32.46635929716108,32.05508303449438,32.44794464111328,3243800,0.01525024649837848
2014-03-26,32.699620655374346,33.730883508914545,32.6136824745193,32.951297760009766,5372400,0.015393544022004624
2014-03-27,32.729819357903175,32.83440599852274,32.280707463051634,32.637535095214844,3018700,-0.009567636581105467
2014-03-28,32.73597265582304,33.26506412263112,32.563711191052576,33.01897430419922,2004100,0.011619365816494203
2014-03-31,33.283521878528134,33.4988510682876,33.20354467796767,33.332740783691406,1789700,0.009457745528152957
2014-04-01,33.492689550018625,33.64649507167043,33.258906846865806,33.480384826660156,1885300,0.004419619107710036
2014-04-02,33.554213821475756,33.94180205384249,33.27121221936753,33.837215423583984,2034400,0.010601505034753104
2014-04-03,33.86797781305305,33.93565262290665,33.34503994090715,33.58497619628906,2265600,-0.00748241485679541
2014-04-04,33.45577491389951,33.7141670420439,32.791333989723974,32.8590087890625,2023900,-0.021852882470616324
2014-04-07,32.75443106200885,32.79134289211577,32.028468676010995,32.04692459106445,2419000,-0.025024725322274358
2014-04-08,32.046911681886975,32.68674307738238,32.00999751976341,32.54524230957031,2450600,0.015429970201249211
2014-04-09,32.66830701282996,32.93285282052785,32.397610014042705,32.82826614379883,1880200,0.008658724587266497
2014-04-10,32.90823789672896,32.982063906710316,31.99770693711722,32.00386047363281,2028600,-0.025433381629656665
2014-04-11,31.745456784052514,32.206873320721215,31.523978817835662,31.868501663208008,3387400,-0.004238422019507742
2014-04-14,32.262239235148456,32.39143763237428,31.71469205780453,32.0099983215332,1648300,0.004430188241220331
2014-04-15,32.18841915610063,32.42220420448757,31.48091282274705,31.93002700805664,2186000,-0.0025014489676646753
2014-04-16,32.21918476018507,32.45912103377152,32.09613985537792,32.40990447998047,2851200,0.014917217331599189
2014-04-17,32.440663575140505,33.11740934592053,32.40990293712465,33.03742980957031,1968700,0.01917708544971157
2014-04-21,32.91438051385996,32.969750593646566,32.71135610568044,32.797489166259766,955600,-0.007289192708856833
2014-04-22,32.75442205226835,33.37579527264076,32.6129189194935,33.252750396728516,1416700,0.01378551972860389
2014-04-23,33.252755047366655,33.486540109607866,33.13586368968912,33.228145599365234,1194600,-0.0007402065847052687
2014-04-24,33.412718531928896,33.455783898184485,32.97590898622918,33.135868072509766,1230400,-0.002780952544017184
2014-04-25,32.98205766188794,33.08049310552084,32.29300955645771,32.46527099609375,2148700,-0.020445389994349087
2014-04-28,32.29300448742463,32.576006050085674,31.47475808382142,31.665477752685547,2562500,-0.02494387568081296
2014-04-29,31.886965989644565,31.973096717381026,31.579354906650746,31.727006912231445,2252900,0.001941213668872009
2014-04-30,31.622408259825185,32.36067270109672,31.376318548144393,32.20686721801758,2235200,0.015011426207900165
2014-05-01,32.225339299756946,32.43451494037723,32.03461957402226,32.31147003173828,1553800,0.00324257908160416
2014-05-02,32.348361190695336,32.84053812815278,32.26222817311612,32.575992584228516,1750500,0.008153316748833263
2014-05-05,32.32991300238978,32.52063265176423,31.997692586144797,32.29915237426758,1308300,-0.008534605681248524
2014-05-06,32.13304199945442,32.16995616114087,31.647016098234193,31.653169631958008,1706600,-0.020202697676280117
2014-05-07,31.862353121721455,32.69290201795318,31.85619958646536,32.67444610595703,2321200,0.031755017825647824
2014-05-08,32.51449127727116,33.54806472751826,32.45296999801999,33.105106353759766,2716000,0.01309423323997743
2014-05-09,33.16661753583177,33.83720960181591,32.98205140738081,33.71416473388672,2922800,0.018230526571309545
2014-05-12,33.8372128700798,34.206345162635415,33.634188466354104,34.11406326293945,2195500,0.011791644111573626
2014-05-13,34.11406756813853,34.489353442833185,34.05869748257889,34.22480773925781,2585500,0.0032410419322369656
2014-05-14,34.218653880617204,34.557025579448535,34.107913710543514,34.372459411621094,2474400,0.004304891623830401
2014-05-15,34.15713415235131,34.20635070411848,33.30197573678129,33.412715911865234,3124400,-0.02831910177698937
2014-05-16,33.394255327586094,33.468083670428655,32.89592692127231,33.425018310546875,2231700,0.0003681273449406026
2014-05-19,33.44347825504651,33.89874135636892,33.36965225018894,33.8126106262207,1233500,0.01152915755870336
2014-05-20,33.781844494510246,33.84336576407562,33.08664288336877,33.22199249267578,2000900,-0.017621747262110767
2014-05-21,33.431162756641235,33.781839100317995,33.41885803531574,33.72031784057617,1506700,0.014888477871963733
2014-05-22,33.677252916327916,33.99101510000598,33.49883797517488,33.71416473388672,2340400,-0.00018249140414875118
2014-05-23,33.824910699985445,33.972565036281864,33.68340989893133,33.837215423583984,1358100,0.003643177252990167
2014-05-27,34.046386868247076,34.1386711105098,33.73877585655236,33.97256088256836,2093500,0.003991921109004937
2014-05-28,34.114067014101515,34.23711190744529,33.855672503390984,33.99717330932617,1642600,0.0007242172748264146
2014-05-29,34.02178108660982,34.13867478564468,33.91104092272734,34.046390533447266,782400,0.001446638886174705
2014-05-30,33.92951119822464,34.10177269332513,33.75109616579235,33.96642303466797,1108200,-0.0023515432294024005
2014-06-02,34.09561239064262,34.17559193187816,33.79415483403284,34.05870056152344,1036000,0.0027130441983405527
2014-06-03,33.99716797987075,34.077147500039395,33.83106009881508,33.97256088256836,1095300,-0.0025323571299392554
2014-06-04,33.935649477660995,34.32939122916764,33.84951876287966,34.27402114868164,1303900,0.00883450036165115
2014-06-05,34.39706935015403,34.53241897037039,33.96641338782704,34.48320007324219,1436400,0.006084584751900556
2014-06-06,34.65545773511595,35.0738065522611,34.53856404856022,34.81541442871094,1452600,0.009587981026002631
2014-06-09,34.81542014003477,34.95076975850883,34.72313588255042,34.809268951416016,1809000,-0.00017653156933814164
2014-06-10,34.766188852022594,35.03688799248694,34.107901600796644,34.907691955566406,1348300,0.0028235043024559844
2014-06-11,34.66160557483246,34.81541106596201,34.53240952553616,34.60623550415039,993700,-0.008673322087334331
2014-06-12,34.54471263255805,34.686213396160205,34.32938354690531,34.4647331237793,1194600,-0.004097309800141781
2014-06-13,34.53241730108905,34.5939385726392,34.09560782429311,34.212501525878906,1281500,-0.007345453942546827
2014-06-16,34.354001578257275,34.421676383617246,33.92949918129843,34.046390533447266,1465700,-0.004867096881648357
2014-06-17,33.98487899083731,34.7354485591291,33.80031043361285,34.55703353881836,1485300,0.014887083062986951
2014-06-18,35.01228727626925,35.81822901826449,34.86463294951127,35.781314849853516,3483300,0.034814720436447816
2014-06-19,35.81207322474056,35.94126928570166,35.52292047119224,35.60289764404297,1388900,-0.004998796543402378
2014-06-20,35.812075637624446,35.86129452905101,35.5229228645941,35.707489013671875,2052800,0.002933414037731701
2014-06-23,35.73826025963614,35.8428469146451,35.59060588839728,35.73210906982422,1422600,0.0006892551970481132
2014-06-24,35.602907047113135,35.84899685888819,35.30144949191939,35.35066604614258,1332800,-0.010732464635880342
2014-06-25,35.37525980032679,35.46139049216506,35.0738000320075,35.35680389404297,1720100,0.0001736124322084684
2014-06-26,35.51710224291273,35.6219076982776,35.18418664623063,35.418460845947266,1515900,0.0017423309606418305
2014-06-27,35.22118651612196,35.60958578712535,35.22118651612196,35.51094436645508,2305800,0.002607763949000452
2014-06-30,35.202675724975,35.745204500217135,35.202675724975,35.65889358520508,1322000,0.004157644196726858
2014-07-01,35.53560874377344,35.75138848920327,35.42463684082031,35.42463684082031,2264800,-0.006591051148634766
2014-07-02,35.44312961442674,35.492449147908594,35.19036083186527,35.46162414550781,1567900,0.0010435677528917466
2014-07-03,35.61574355453646,35.93016227167409,35.510935747626306,35.89317321777344,1199900,0.012096014563563424
2014-07-07,35.73288127006664,35.76987267761867,35.40613206797825,35.57258987426758,827500,-0.00897172240226502
2014-07-08,35.449286181145986,35.523266641629725,35.13486746024277,35.19035339355469,1289000,-0.01080340021859636
2014-07-09,35.40613302592442,35.83769005185481,35.21501427609618,35.47394943237305,1610500,0.008026614572508833
2014-07-10,34.956084526408816,35.24584235410663,34.74030481868846,35.01773452758789,1366400,-0.012943974350023476
2014-07-11,34.96840635946479,35.36913597173823,34.88825949629162,35.19651412963867,1345000,0.005092413344081859
2014-07-14,35.52943859252222,35.57875812327036,35.239678412062645,35.344486236572266,881100,0.004195356550194443
2014-07-15,35.17186802893757,35.60342516800004,35.17186802893757,35.42463684082031,1328500,0.002265130187644509
2014-07-16,35.53561800855721,35.72673685831514,35.332171034632275,35.578773498535156,1012000,0.004341675959028112
2014-07-17,35.36298766619002,35.6527479031838,34.949925050573526,34.968421936035156,1381300,-0.017303786153496804
2014-07-18,35.11637151805617,35.60957852076551,35.05472152464119,35.48627853393555,1189200,0.014700677756770423
2014-07-21,35.19652294073422,35.47395265055755,35.042395585476456,35.344486236572266,1288200,-0.004003697749946296
2014-07-22,35.44928921230617,35.76987437087653,35.39996733323535,35.72671890258789,1376100,0.010756433654040179
2014-07-23,35.732899960061495,35.86236642651588,35.584938956055844,35.800716400146484,1073900,0.0020690668872507287
2014-07-24,35.80070397442315,35.88085086232415,35.523274248455785,35.58492660522461,1958000,-0.006045766154635787
2014-07-25,35.38764474757474,35.498616641036165,35.202690023941024,35.2828369140625,901700,-0.008525498926977076
2014-07-28,35.258177429751754,35.5417735868875,35.190363360316326,35.3938102722168,1343400,0.003140314482079646
2014-07-29,35.393808908640636,35.66507223132298,35.14720417762249,35.20269012451172,1183600,-0.0054144501084794835
2014-07-30,35.29516550220997,35.30749597324733,33.79088331260545,34.567684173583984,3026600,-0.018203241468732825
2014-07-31,33.92034611004997,34.06830704311074,33.37781720130165,33.38398361206055,3621200,-0.03484300980986094
2014-08-01,32.99559059169027,33.63676107244922,32.88461868725902,33.08190155029297,2279600,-0.009089900511222998
2014-08-04,33.26684765741239,33.35315859971382,33.07573124282973,33.273014068603516,2119700,0.005760328228160388
2014-08-05,33.01408614816707,33.3593323450732,32.675006363807775,32.77981185913086,3049700,-0.014933846316632204
2014-08-06,32.724317052510955,33.58126466292042,32.45921784689985,33.42097091674805,1989700,0.019370740915165236
2014-08-07,33.5319431004624,33.71073137602166,32.91543375174481,32.98941421508789,1254100,-0.012996846068412901
2014-08-08,33.0572375639618,33.48879466907923,32.90927660619395,33.457969665527344,1314600,0.014103285621183414
2014-08-11,33.56277661162414,33.747731344595294,33.396318763028376,33.56894302368164,1042900,0.003311310490121781
2014-08-12,33.51962261168434,33.760060952986876,33.24219285179787,33.47646713256836,1524000,-0.0027586064293495627
2014-08-13,33.61825903497463,33.7600559240617,33.5072871475505,33.53194808959961,1162300,0.0016559403628736346
2014-08-14,33.575102019283825,33.840201254636476,33.49495748900271,33.8155403137207,1014100,0.00842181073223652
2014-08-15,33.9388405969204,33.96350153633236,33.42097262825244,33.77854919433594,2597500,-0.0010945076217984706
2014-08-18,33.957340251110686,34.2594285522944,33.92034883897119,34.06830978393555,1174100,0.008541658544074305
2014-08-19,34.07446202049098,34.14227840530392,33.93266519397112,34.09295654296875,981200,0.0007231896188428136
2014-08-20,34.062143503373036,34.45670913327849,33.981996624862035,34.302581787109375,1554400,0.006129812138053797
2014-08-21,34.36423854416954,34.734143281700256,34.296422126869615,34.635501861572266,1263700,0.009658599281382041
2014-08-22,34.573839447749044,34.71563629130641,34.30874028533429,34.33956527709961,1293500,-0.0085810253665015
2014-08-25,34.67248761719997,34.92525636201125,34.51836027641757,34.75263214111328,956200,0.01195711819501695
2014-08-26,34.678653352551,35.030063518379784,34.660158823337916,34.906761169433594,1061000,0.004425226018091425
2014-08-27,34.949917809807715,35.06088969239778,34.7341404557697,34.85127639770508,864700,-0.0015907782203824984
2014-08-28,34.635504305471365,34.70332072755645,34.444385511576776,34.64783477783203,777000,-0.00585452669882886
2014-08-29,34.76497257763053,34.96225544224883,34.617011605065436,34.84511947631836,1002500,0.005677848369181464
2014-09-02,34.94991800948313,35.04855942214932,34.64166330092668,34.894432067871094,1560400,0.0014141931996799364
2014-09-03,34.999236246118784,35.20268310964025,34.6786511003973,34.82661437988281,1118500,-0.0019454013624878887
2014-09-04,34.8512777671145,35.295165314916396,34.715647290017046,34.83894729614258,1234000,0.00035406063173528253
2014-09-05,34.795798918738676,35.05473415835405,34.54303009176507,35.03623962402344,1316900,0.005647007496062222
2014-09-08,34.894434415102836,34.974581303221825,34.57385156622077,34.78346252441406,1398600,-0.007240884628952401
2014-09-09,34.721813699732564,34.721813699732564,34.3272480091124,34.41355895996094,1578500,-0.01069141648122101
2014-09-10,34.44438141335233,34.66632518584294,34.16695169773907,34.277923583984375,1507900,-0.003949122867327173
2014-09-11,34.12379390078195,34.45054547770912,34.12379390078195,34.388893127441406,1324300,0.00323211837612344
2014-09-12,34.38889074044394,34.56767901611526,34.08063606589196,34.18544387817383,1408300,-0.005933702171545356
2014-09-15,34.16694679445937,34.1792772635834,33.99432493031592,34.14228820800781,973700,-0.0012631964968508802
2014-09-16,34.080648039294594,34.462885663322396,33.85254015848903,34.31492233276367,1203300,0.005043573623357265
2014-09-17,34.37656754454141,34.684822284313036,34.28409253368814,34.41355895996094,1447200,0.002870329536242878
2014-09-18,34.59850424937745,34.94991439262167,34.59850424937745,34.937583923339844,1331900,0.015112510478431533
2014-09-19,35.0547366560399,35.1287171504309,34.30259418237258,34.40740203857422,3542600,-0.015291436239240704
2014-09-22,34.37040567496134,34.395066620146,33.87719853025406,33.94501495361328,1046400,-0.013529708494082528
2014-09-23,33.88335770010118,34.17928194421335,33.70456940101356,33.71689987182617,1329400,-0.00674281674282986
2014-09-24,33.79087556928369,34.22243019771427,33.6922341753858,34.21010208129883,1209100,0.014521791410404841
2014-09-25,33.98200326324374,34.099141574365085,33.365493758132224,33.56894302368164,1986900,-0.01891965819039118
2014-09-26,33.79136926867068,34.2485949151218,33.704867692664266,33.98291015625,2306100,0.012256431030390433
2014-09-29,33.538036031279034,33.93965311096895,33.38974831603313,33.85932922363281,2369600,-0.003643189565551514
2014-09-30,33.97055502139938,34.026163518323294,33.655441776824766,33.741943359375,2174500,-0.003472892676571043
2014-10-01,33.67397227812855,33.69250765542068,33.22910436718955,33.47007369995117,4745500,-0.008089956352466766
2014-10-02,33.395940102807266,33.79137731990675,33.1796861112659,33.711055755615234,3439300,0.007174130330676643
2014-10-03,33.89023709612786,34.007634142020926,33.72959160831599,33.77284240722656,2381100,0.0018311529285719274
2014-10-06,34.02616926812236,34.05706235896905,33.53187274360015,33.68016052246094,1167900,-0.0027480449814253085
2014-10-07,33.38357749904553,33.445366028275124,32.913996461857536,33.006675720214844,3059700,-0.020199119909429145
2014-10-08,33.00049741413783,33.365041480144995,32.53709406024693,33.30943298339844,2978400,0.009130794087307527
2014-10-09,33.29089373079694,33.32796448632136,31.777109146118164,31.777109146118164,5221200,-0.047094437241119044
2014-10-10,31.746208187907225,31.85742514086956,31.239554227519037,31.356948852539062,3497300,-0.01331029590004929
2014-10-13,31.3940321376047,31.783289242226687,31.048023465393907,31.078916549682617,3315800,-0.008906231662801386
2014-10-14,31.22101649736499,31.63499123494489,31.208658796259122,31.356948852539062,3802500,0.008906231662801307
2014-10-15,30.78233567753782,31.3754913228486,30.349825468960415,31.221023559570312,3322200,-0.004344196575728457
2014-10-16,30.473416168131905,31.696801213481173,30.461058457735376,31.46200942993164,2649000,0.0076890681946774975
2014-10-17,31.857443556868073,32.1107706835043,31.628829489739104,31.950122833251953,2673600,0.01539525723763073
2014-10-20,31.764762400563246,32.092233424623196,31.622652289046815,32.06134033203125,2008600,0.003474927933012851
2014-10-21,32.37027126348657,32.74099539164147,32.29612738065221,32.703922271728516,1693800,0.019844064562391375
2014-10-22,32.71010736607349,32.72864510873059,32.17874000207551,32.203453063964844,1675900,-0.015421333045676115
2014-10-23,32.598886738841834,32.85839389446025,32.364097356367814,32.6792106628418,2132800,0.014665431364179495
2014-10-24,32.56180045998476,33.04991909000756,32.4320481224822,33.00048828125,1811100,0.00978324158224151
2014-10-27,32.728629114408484,33.33414243913929,32.38879816334295,33.30324935913086,1710400,0.009132612819688796
2014-10-28,33.470077800455975,33.60601020256099,33.198215353237245,33.58747482299805,1406000,0.008498253768708953
2014-10-29,33.68633625025696,33.803730923269924,33.340327548809846,33.59365463256836,1594200,0.00018397456660293083
2014-10-30,33.44536976237243,33.98291706323319,33.44536976237243,33.85316467285156,1161500,0.007695287148637021
2014-10-31,34.28566981503129,34.46485065023813,34.1250220023739,34.35981369018555,1415400,0.01485518875122245
2014-11-03,34.34745430642359,34.56370824713586,34.16209344910006,34.365989685058594,1488600,0.00017972856151132876
2014-11-04,34.279497632300135,34.458680865523064,34.05088592332127,34.403072357177734,1108800,0.0010784697249641418
2014-11-05,34.5884244205866,34.71817678787975,34.41542126419572,34.52045822143555,1329500,0.003406267112880527
2014-11-06,34.644022563050726,34.81702566774814,34.53280560803367,34.79231262207031,1050000,0.00784432050067021
2014-11-07,34.78614624582305,35.23719191509014,34.62550077940946,35.206298828125,1722900,0.011828549862894949
2014-11-10,35.200117984868115,35.24954644816457,34.891182429043724,34.95296859741211,1461100,-0.007221607094051617
2014-11-11,34.977686935656024,35.24954939902317,34.95297152344317,35.21247863769531,1330600,0.007397123051828027
2014-11-12,35.02711729540687,35.24337362846533,34.93443803008886,35.20012283325195,849700,-0.0003509543551030509
2014-11-13,35.26808685646973,35.37930149656111,34.90972045320485,35.0950813293457,810100,-0.002988584593793745
2014-11-14,35.027117481996164,35.150692193403344,34.81086350477728,34.83557891845703,840300,-0.0074217403677387765
2014-11-17,34.80468342855539,34.829396483538524,34.58842710926522,34.736717224121094,780900,-0.002841986433063901
2014-11-18,34.78614809109753,34.99622439339227,34.63168029108645,34.83557891845703,709500,0.0028419864330639115
2014-11-19,34.85410903865491,34.90971753254392,34.471029612414625,34.860286712646484,1081500,0.0007090175292547029
2014-11-20,34.582252309775185,35.11979960145802,34.57607227777206,34.94679641723633,1195700,0.0024785378502556045
2014-11-21,35.18158319393352,35.33605098477673,35.076546227516026,35.21247863769531,1255200,0.007573723937125112
2014-11-24,35.37929627349552,35.49669328474677,35.101256178827164,35.24336624145508,952300,0.0008767932821336939
2014-11-25,35.24337624424435,35.38548634720601,34.99004912905326,35.29280471801758,1483000,0.0014017909956164053
2014-11-26,35.366940926302725,35.366940926302725,35.02093228012753,35.24336624145508,905100,-0.0014017909956163975
2014-11-28,35.35458653957241,35.35458653957241,35.088901767166654,35.13215255737305,660800,-0.003160581365761389
2014-12-01,35.113627188211446,35.38548971229712,34.82322692233013,35.2557373046875,1801300,0.003511537980445325
2014-12-02,35.354587121414625,35.66970036338878,35.14451084110141,35.60173416137695,1155400,0.00976607263889859
2014-12-03,35.57084421044211,35.892137511997106,35.453449532889756,35.855064392089844,1119800,0.007090474165781329
2014-12-04,35.81798957090835,35.83652495026611,35.37929928451415,35.81180953979492,1444200,-0.0012071088125958098
2014-12-05,35.84270932368736,36.21343347907284,35.75003005258477,36.02189254760742,1463600,0.005849165521668613
2014-12-08,36.08367875180671,36.72008532878996,35.904495539474404,36.35554122924805,1619000,0.009219753386611993
2014-12-09,35.743845003904795,36.355538478098275,35.37930093194919,35.78091812133789,1904800,-0.01593189539718834
2014-12-10,35.71295124590762,35.8056328592508,34.78614454044121,34.903541564941406,2084600,-0.02482643636870886
2014-12-11,34.97149963559805,35.39165212792602,34.77996112323653,34.84174728393555,1169700,-0.0017719991757194826
2014-12-12,34.48955714677993,34.65638259050275,33.32795907029732,33.34031677246094,2688500,-0.04404892383856804
2014-12-15,33.55040665317469,33.797556083076856,32.901642345921054,33.037574768066406,1978000,-0.009121835495991328
2014-12-16,32.73481301864969,33.53804503671792,32.29612507084976,32.96342468261719,3097600,-0.002246939205871745
2014-12-17,33.08081791903194,33.80990597604393,32.901634741615695,33.760475158691406,3361100,0.023892140385276792
2014-12-18,34.19915795012402,34.662561187155454,34.01379712670959,34.6563835144043,1925500,0.02619119284338092
2014-12-19,34.84793022965262,35.13215036383208,34.67492472263765,35.0271110534668,3796900,0.010640426090226338
2014-12-22,35.13215443578257,35.20629831481617,34.86028961767366,35.07036590576172,1110800,0.0012341345127202135
2014-12-23,35.15686682684371,35.61409012475279,35.107436007074504,35.29897689819336,1246800,0.006497482784395949
2014-12-24,35.33605098477673,35.428732602079236,35.19394090003995,35.21247863769531,381400,-0.0024534539311345674
2014-12-26,35.366943096880405,35.49051543232099,35.280439162284296,35.29897689819336,851800,0.002453453931134535
2014-12-29,35.32398002150339,35.66771961641523,35.18648322989188,35.28023147583008,1420900,-0.0005311882418604643
2014-12-30,35.2802246151406,35.292724537776046,34.98023362423913,35.01148223876953,993200,-0.0076467205703199545
2014-12-31,35.142736192588266,35.292732915704036,34.58025384516743,34.60525131225586,1033300,-0.01167062907505605
2015-01-02,34.90523207320257,34.94273183894391,34.342749891780436,34.680240631103516,1220300,0.002164647923418542
2015-01-05,34.32400210476481,34.48649872109325,33.41778032831344,33.530277252197266,2452500,-0.03372126127733752
2015-01-06,33.69903395765659,33.71153388585085,32.617815202086796,32.87405776977539,3468100,-0.019765000132297227
2015-01-07,32.861546061665926,33.38027974549611,32.861546061665926,33.30528259277344,1852900,0.013032191732825679
2015-01-08,33.53028859622558,33.749031364384834,33.280294817657264,33.74278259277344,3303200,0.013050524521955029
2015-01-09,33.78652611512626,33.86777205456256,33.21779261848709,33.66777801513672,2120300,-0.002225307367633997
2015-01-12,33.567778949435315,33.611527493885895,32.76780284049128,32.98654556274414,1741200,-0.02044146986871954
2015-01-13,32.97404367194409,33.486531018310686,32.4303100918237,32.655303955078125,2412200,-0.010092476727294703
2015-01-14,31.992820460311176,32.24906292678717,31.661580838410075,32.18031692504883,2460100,-0.014652301357252887
2015-01-15,32.23032627934109,32.44906905779658,31.80533826624117,31.86783790588379,2018700,-0.009757704943089746
2015-01-16,31.736579767441935,32.40531020230307,31.555336830378828,32.374061584472656,2115200,0.01576024870925206
2015-01-20,32.42407406001827,32.51157117807651,32.01783471575628,32.23657989501953,1853400,-0.004255704441231202
2015-01-21,32.20530262163596,32.6802899954029,31.924062795510157,32.54279327392578,2137400,0.009454109995431751
2015-01-22,32.830299417587725,34.04276586537527,32.48655983921829,33.88652038574219,3242000,0.040461367225955086
2015-01-23,33.76776866751213,33.855265745247635,33.292783509469444,33.31778335571289,1674200,-0.01692601742526186
2015-01-26,33.21779950510408,33.8927789320718,33.149051092776794,33.86153030395508,1567600,0.016188281574086295
2015-01-27,33.417782499647956,33.58027674241797,33.149040095587885,33.29278564453125,1693700,-0.016938844517185556
2015-01-28,33.530276109078876,33.55527357033241,32.59280336475178,32.60530090332031,1942500,-0.020865846653276773
2015-01-29,32.567809320123736,32.96779738082097,32.349064210349574,32.90530014038086,2384700,0.0091588637378485
2015-01-30,32.17408507488444,32.92406423145113,31.642851130380286,32.2053337097168,3167900,-0.02150166129622098
2015-02-02,31.974079497360968,32.736558311551434,31.880331242328083,32.699058532714844,3061200,0.015214204448305704
2015-02-03,32.81779638593412,33.511526631281356,32.71155061421904,33.48027801513672,1865500,0.023610263063402772
2015-02-04,33.24278952654765,33.44903471730457,33.03654671990768,33.086544036865234,1621800,-0.01182987434016494
2015-02-05,33.361536336898624,33.45528219661962,33.18653977400906,33.4052848815918,1524400,0.009587442289889392
2015-02-06,33.50528626299157,33.74902886780026,33.317792134993894,33.42403793334961,1743500,0.0005612222737005418
2015-02-09,33.23028615180486,33.35528300739887,33.011543442602886,33.14904022216797,1683300,-0.008261576088470382
2015-02-10,33.37403170064755,33.580274471141216,33.02404100681652,33.46152877807617,1700900,0.009382620597659293
2015-02-11,33.42403219455212,33.492780585974735,33.13654108870915,33.3740348815918,1140800,-0.0026181853394703306
2015-02-12,33.542771521556034,33.64277089669767,33.361528614402644,33.54902267456055,1153500,0.00522953368110092
2015-02-13,33.62402733260989,33.8490212087042,33.505281624278716,33.69277572631836,1285000,0.004275711660923405
2015-02-17,33.667779000301365,33.86152427471559,33.5552820518179,33.81777572631836,1257800,0.0037031290711090886
2015-02-18,33.68652250810488,33.855265508778125,33.461528661718496,33.60527420043945,1150700,-0.006303548408149691
2015-02-19,33.54277383749967,33.76151890955064,33.40527945541935,33.661521911621094,1493300,0.0016723770877272958
2015-02-20,33.480286243309784,33.88652550537788,33.30529204259967,33.84902572631836,2102500,0.005554814866468577
2015-02-23,33.799016788383256,33.799016788383256,33.58027172856058,33.711517333984375,1432400,-0.004070677232185663
2015-02-24,33.730273276415275,33.90526744223203,33.61152519179673,33.649024963378906,3683200,-0.0018554597811370678
2015-02-25,33.68026733249242,34.036506752023875,33.667767410950724,33.89276123046875,2860800,0.007217378717796593
2015-02-26,33.880271306153595,34.149013738308646,33.82402283467656,34.07401657104492,1631200,0.005333657887972172
2015-02-27,34.167762865547296,34.199013871075685,33.63028037856712,33.64278030395508,1647300,-0.012736636008755417
2015-03-02,33.642783870586065,34.01777213551108,33.51778698757198,33.9990234375,1132100,0.010533321337515441
2015-03-03,33.80527043546292,34.02401314273387,33.4490309498407,33.649024963378906,1246900,-0.010347721934528972
2015-03-04,33.43653371854645,33.50528211325824,33.15529136932408,33.33028793334961,1326600,-0.00951754869595678
2015-03-05,33.39278612970013,33.83027397611513,33.2427894111144,33.79277420043945,1582500,0.013780467435751209
2015-03-06,33.705273425525796,34.28025561836492,33.12404007869854,33.15528869628906,2487300,-0.019044756325882435
2015-03-09,33.24903764507261,33.392783196360135,33.105292093785096,33.3115348815918,2038500,0.004701487590266392
2015-03-10,32.886559508073994,32.886559508073994,32.22407996613726,32.23657989501953,2591600,-0.0328019004962638
2015-03-11,32.26156465298978,32.536558211777574,32.20531618724834,32.374061584472656,1553700,0.004255704441231262
2015-03-12,32.61780232559714,33.21778672147907,32.61780232559714,33.19903564453125,1960700,0.025163294857295657
2015-03-13,33.12404194046065,33.15529055980753,32.39906300467562,32.82405090332031,2591500,-0.011359322714655316
2015-03-16,33.12404116443988,33.44903204309066,33.04904400294102,33.3740348815918,2088000,0.01661669296235696
2015-03-17,33.01154234792462,33.17403897004338,32.70530256519691,32.930294036865234,1892300,-0.013385173399744104
2015-03-18,32.842798455347676,33.4677803570065,32.37406202910356,33.3115348815918,3529200,0.011510704349779253
2015-03-19,33.14279126298893,33.18029103738555,32.68030596601498,32.91154861450195,1864300,-0.012080111951842208
2015-03-20,32.96779290690809,33.549026223768685,32.89279575173411,33.34278106689453,7521700,0.013017671272553218
2015-03-23,33.430289229850665,33.77402886331815,33.41153814808965,33.5615348815918,1539900,0.006539326832333608
2015-03-24,33.47404198185984,33.55528793792529,32.98655432487969,32.99280548095703,1077300,-0.017091094030866276
2015-03-25,33.030281470449815,33.04903254240974,32.29905403514349,32.311553955078125,1143700,-0.020864648114959253
2015-03-26,32.1178253074424,32.66155899189084,32.02407943584353,32.34281921386719,2122500,0.0009671507028438141
2015-03-27,32.17359121682475,32.26760962459534,31.897798148848565,32.01689147949219,1643900,-0.010128402291463388
2015-03-30,32.286409916169745,32.51832722806106,32.211194718526954,32.449378967285156,1858300,0.013417682559305444
2015-03-31,32.14223628574411,32.37415352424091,32.104629894347966,32.16730880737305,1925200,-0.008730622423660031
2015-04-01,32.14223776693132,32.38668888646019,31.929126105359188,32.1923828125,2246400,0.0007791835468583951
2015-04-02,32.12343617931636,32.47444434273574,32.079560457769865,32.3365478515625,1468900,0.004468237035237301
2015-04-06,32.02941278593005,32.43056596456836,31.985537067977734,32.32400894165039,2873100,-0.0003878379862822415
2015-04-07,32.286403043931394,32.59980242362458,32.25506358417158,32.28013610839844,1342900,-0.0013582051109071714
2015-04-08,32.27386790321749,32.537122224100585,32.19865033349596,32.46817398071289,1180800,0.005808287527371726
2015-04-09,32.44310166791928,32.762770363690805,32.261331850865055,32.6812858581543,1740200,0.006542268749110618
2015-04-10,32.599804043675555,32.599804043675555,32.31774650077281,32.42430114746094,1562800,-0.007894439084728975
2015-04-13,32.424300661898485,32.81918456351551,32.405497463599254,32.53712463378906,1296000,0.0034735567580749943
2015-04-14,32.60606988945918,32.83171781252872,32.38668890156496,32.756500244140625,1284100,0.006719689287860399
2015-04-15,32.80665212803828,32.98842436962754,32.77531266353444,32.900672912597656,2004100,0.004391687708922634
2015-04-16,32.90693407285644,33.06990069429923,32.61860722435518,32.98841857910156,1238300,0.0026634368873186976
2015-04-17,32.687558748933235,32.69382568494368,31.991811690436734,32.07956314086914,2214400,-0.02793738261766546
2015-04-20,32.24878971205094,32.4869738588786,32.07328447126093,32.11089324951172,1820400,0.0009761610336554812
2015-04-21,32.28012744273044,32.36161192906929,32.03567637476076,32.14223098754883,1347100,0.0009754464360768562
2015-04-22,32.17984195761727,32.31146909687496,31.910318353777036,32.26759338378906,1394400,0.0038926532019771852
2015-04-23,32.248794536105365,32.618605875559865,32.12343431423061,32.51831817626953,1468500,0.00774014097141364
2015-04-24,32.52458534897703,32.631142375215525,32.317743013762986,32.46190643310547,946100,-0.0017362746181621084
2015-04-27,32.593531630987655,32.812910214392716,32.46190448094461,32.54965591430664,1607000,0.0026995054824410884
2015-04-28,32.480711612796505,32.700090222788695,32.34908444680119,32.66875076293945,1954200,0.0036521892232329696
2015-04-29,32.411762997637986,32.75650183415135,32.36162034065936,32.60607147216797,2381200,-0.001920474323478594
2015-04-30,32.49951886968513,32.66875484326561,32.273873295958985,32.3177490234375,3217400,-0.00888192783401268
2015-05-01,32.562194958560504,32.71889464325902,32.42429847089063,32.6812858581543,2589700,0.01118603148707404
2015-05-04,32.68128514493969,32.938272526595036,32.68128514493969,32.850521087646484,2304700,0.005164991279972282
2015-05-05,32.750238235879394,33.000958719463114,32.662486783939414,32.71889877319336,1646600,-0.004014752350279248
2015-05-06,32.888131876220974,32.8943988117932,32.34908455720333,32.493247985839844,1707800,-0.006920541622239786
2015-05-07,32.48697747122204,32.59353210154363,32.38042044985318,32.436832427978516,1765500,-0.0017377330105970317
2015-05-08,32.806649978808146,32.89440143008925,32.63741401231698,32.77531051635742,1475700,0.01038092332884309
2015-05-11,32.76277164534867,32.90066813841296,32.47444478807563,32.493247985839844,2130400,-0.008643190318245996
2015-05-12,32.336549574721836,32.430570349358796,31.922862470204933,32.30521011352539,1708100,-0.005803792425067255
2015-05-13,32.33028528715248,32.49325193335155,32.229995177432656,32.3177490234375,1248600,0.00038806363053995024
2015-05-14,32.51831923812872,32.70635838155744,32.411762209189064,32.6812858581543,1259900,0.01118603148707404
2015-05-15,32.624873048999945,32.70008822625529,32.36161873308255,32.46190643310547,1453000,-0.00673532403525676
2015-05-18,32.449377103025554,32.70009521111346,32.449377103025554,32.656219482421875,1003200,0.005968034961958256
2015-05-19,32.656217767750675,32.73770228434851,32.261336230260405,32.39296340942383,1267900,-0.008094106599095454
2015-05-20,32.480700178001705,32.52457588455374,32.25505232085023,32.39921569824219,903900,0.0001929951708330908
2015-05-21,32.31775146853949,32.45564559774143,32.28014267454915,32.41176986694336,848900,0.0003874086699564966
2015-05-22,32.31147821749868,32.42430219472289,32.27387181912241,32.29267501831055,699800,-0.0036811994395166492
2015-05-26,32.1547747964431,32.242526237237136,31.835108491972335,31.935396194458008,1672900,-0.011125431677697981
2015-05-27,32.092099037556345,32.36788964877357,31.92913001057297,32.31147766113281,1072600,0.011707519440584206
2015-05-28,32.1735768220343,32.34907968418954,32.11089552051659,32.33027648925781,1048000,0.0005816311423487413
2015-05-29,32.39296522712183,32.424304691864876,31.904062882196133,31.910329818725586,1678200,-0.013074367654947159
2015-06-01,32.03569006874568,32.098368998231784,31.640806118049138,31.910329818725586,1346900,0.0
2015-06-02,31.84136772155762,31.97926417574672,31.703473658415373,31.841367721557617,1548800,-0.0021634600089769605
2015-06-03,31.991807571059972,32.12970166496331,31.822571627997014,32.04195022583008,1196800,0.0062796726866815224
2015-06-04,31.747359164694835,31.97927404381083,31.45902990868708,31.51544189453125,2188900,-0.016568344231771046
2015-06-05,31.684685442893766,31.784973176082236,31.415161711628222,31.603200912475586,1873300,0.0027807655739218763
2015-06-08,31.15816376234655,31.659602259573777,30.963857689635137,31.258451461791992,2531000,-0.01096862376588251
2015-06-09,31.33994468151234,31.41515987925452,31.076690293890685,31.126832962036133,2103900,-0.004219542998171126
2015-06-10,31.33366576688536,31.590653119394666,31.195769297864278,31.50916862487793,1852400,0.012208327538669645
2015-06-11,31.615725858336745,31.684674098539176,31.484098703976088,31.609458923339844,1756900,0.0031778378826452093
2015-06-12,31.465303363271644,31.51544602890691,31.227119126122382,31.37128257751465,1658300,-0.007563501971737633
2015-06-15,31.045347576380205,31.32740754891005,30.9262566506667,31.176977157592773,1752700,-0.006212996037987217
2015-06-16,31.183223927647933,31.584374566461307,31.133078902273056,31.546768188476562,2571100,0.011791238334782406
2015-06-17,31.697204333563036,32.03567614418346,31.578113462884083,31.841367721557617,2569400,0.009295166988849031
2015-06-18,31.998072323302825,32.31147166513938,31.922857150755274,32.18611145019531,1899500,0.01076872194934872
2015-06-19,32.07955279343166,32.24251937866211,31.960461919265054,32.24251937866211,4836700,0.001751021002734214
2015-06-22,32.55592332843256,32.55592332843256,32.104629894347966,32.16730880737305,1839100,-0.0023353766836618677
2015-06-23,32.198655226096655,32.24880028019724,32.016885382601494,32.0670280456543,1414300,-0.00312234384604015
2015-06-24,31.897787813031577,32.01688110508548,31.678409208270377,31.728551864624023,1559600,-0.010611373313645197
2015-06-25,31.753626974680532,31.803772026165994,31.433960640127516,31.53424835205078,2067100,-0.006142760765784225
2015-06-26,31.653695851178924,31.80457848006053,31.53424880203792,31.735424041748047,5572900,0.006359330151888291
2015-06-29,31.314205029634078,31.345638202038664,30.72325083635964,30.735824584960938,1971200,-0.032004635770086505
2015-06-30,31.094170717804058,31.188472641377565,30.610092146641946,30.823841094970703,2420400,0.0028595532160173727
2015-07-01,31.408511643062834,31.408511643062834,30.779838460143893,31.012449264526367,1692300,0.006100260974626154
2015-07-02,31.006162340452036,31.119323709433083,30.742120744961564,30.937007904052734,1386800,-0.0024355789772877922
2015-07-06,30.484366342383797,30.830136143378276,29.918559469339687,30.70440101623535,1586600,-0.007547134174355094
2015-07-07,30.691826601718077,30.842709230674856,30.151167245403492,30.77984046936035,1976400,0.0024539455691179562
2015-07-08,30.459210599553145,30.597517043626798,30.119726567540905,30.157447814941406,2124100,-0.02042802742689717
2015-07-09,30.855275227190806,30.855275227190806,30.276894759468576,30.402629852294922,2161400,0.008097194931081847
2015-07-10,31.006157716595208,31.006157716595208,30.566086058206384,30.66667366027832,1990300,0.008647403463734481
2015-07-13,30.91185247222129,30.987294964325105,30.786119781776296,30.855274200439453,1756000,0.006131182042572217
2015-07-14,30.792410040493287,30.83641696833897,30.622668005289498,30.729543685913086,1793000,-0.0040831715843659576
2015-07-15,30.735827698449377,30.98729789955423,30.534652496844526,30.830129623413086,1763300,0.003267919454677978
2015-07-16,31.075312792570006,31.207333573388368,31.050165291976704,31.201047897338867,1205900,0.011959234358250392
2015-07-17,31.13818999253197,31.157051823646103,30.716980002759303,31.0627498626709,1085300,-0.004442333011416576
2015-07-20,31.09416823084282,31.169610722946633,30.804979205703578,30.855274200439453,1472400,-0.0067016492171457715
2015-07-21,30.81127372716364,30.962156356493793,30.59123905751346,30.7484073638916,1093400,-0.0034694986089856203
2015-07-22,30.698118295221153,30.7924178510106,30.446648016719333,30.4843692779541,2215200,-0.008624130307845774
2015-07-23,30.597521988943633,30.62895756595687,29.811680527569106,29.918556213378906,3598300,-0.018735172517665807
2015-07-24,29.79281807567362,29.849398751077036,29.107564294986698,29.170433044433594,4762000,-0.025323267731007605
2015-07-27,28.931537530235143,29.201867166120817,28.856097426652386,29.176719665527344,3046400,0.00021549024506231353
2015-07-28,29.48477278962613,29.566498575459836,29.164148128224323,29.24587631225586,2818200,0.0023674634059758053
2015-07-29,29.044693059400934,29.403036477295466,28.868662988749517,29.239580154418945,3100700,-0.00021530678707535952
2015-07-30,29.13900692564043,29.220735127341783,28.856105855025135,29.019559860229492,3102400,-0.007553195607085545
2015-07-31,29.107569441752513,29.132716945977823,28.610917025193636,28.636064529418945,4240900,-0.013303159599107887
2015-08-03,28.579480179935643,28.74293653824599,28.365731217820514,28.57319450378418,3739600,-0.0021978977531386785
2015-08-04,28.585773895449922,28.604633325823755,28.309156126243483,28.422317504882812,2798800,-0.005294359012154025
2015-08-05,28.686358185035306,28.73665079291615,28.38459534315657,28.409740447998047,2695900,-0.00044260431675773097
2015-08-06,28.41602782259835,28.447461001524,28.04511055560084,28.10797691345215,2587500,-0.010678647908127014
2015-08-07,28.089114214899226,28.139406815684385,27.68676381582776,27.86907958984375,2688000,-0.008535596151821685
2015-08-10,28.045111164879806,28.25257206885447,28.00738991043083,28.246286392211914,3513600,0.013444177982228092
2015-08-11,27.957094484595256,27.957094484595256,27.498163393617208,27.630184173583984,2786900,-0.022053189184811004
2015-08-12,27.32841990976163,27.66161587906351,26.957502691819016,27.6490421295166,4151700,0.0006822800507646961
2015-08-13,27.605037722720137,27.67419215243613,27.359855579689057,27.39128875732422,2539300,-0.009366050395263708
2015-08-14,27.35356933579766,27.4227237701416,27.227836616842733,27.4227237701416,2592600,0.0011469700835274072
2015-08-17,27.391289428235705,27.573605220462035,27.240409212612235,27.5107364654541,2304200,0.003204341042530195
2015-08-18,27.49815921000233,27.623891896633335,27.429004793436917,27.592458724975586,2844500,0.0029661553801234785
2015-08-19,27.397573920209133,27.46672594437856,26.995221135365117,27.20268440246582,4074500,-0.014226841085980775
2015-08-20,26.982648664837313,27.11467184024833,26.429418056076962,26.441991806030273,4846100,-0.028362314496200604
2015-08-21,26.1779397746906,26.56143063622691,25.744156327059297,25.763015747070312,7409400,-0.026013379892684742
2015-08-24,24.524540276084515,25.888762355982674,24.046749703201836,24.776010513305664,9177900,-0.03906409830545616
2015-08-25,25.73787713585035,25.794457813603568,24.386231342275472,24.4239501953125,10311800,-0.014311650744551839
2015-08-26,25.07147822034766,25.209784640244393,24.367362781140425,25.14063262939453,6650400,0.028921150840913314
2015-08-27,25.335530526694278,25.825897273720564,25.247516658771055,25.807035446166992,4922400,0.026161779364408947
2015-08-28,25.643575968884047,25.932765015305502,25.492693371769903,25.92647933959961,3994000,0.004617668301395291
2015-08-31,25.649865000115465,25.86990204976736,25.498984781460635,25.511558532714844,4004400,-0.016133189508558972
2015-09-01,24.68171705153078,25.159510186705493,24.650283860632143,24.801166534423828,4017100,-0.028240935515600148
2015-09-02,25.19721924071478,25.19721924071478,24.593691236298273,24.84516143798828,3028700,0.0017723330960215387
2015-09-03,24.832583952802395,25.16577988145486,24.69427512285735,25.02747344970703,3676000,0.0073111366270482096
2015-09-04,24.63770131292338,24.75715075319213,24.423952333608543,24.524539947509766,3040200,-0.020299912701990348
2015-09-08,25.033761147277175,25.297805080488395,24.92688787782799,25.190929412841797,4111300,0.026809739023002113
2015-09-09,25.643585190141316,25.76932033325034,24.876602975554803,24.933183670043945,4364800,-0.010284392031199161
2015-09-10,24.80115388201465,24.958322154526535,24.51196483616019,24.706851959228516,4758500,-0.009118981336093868
2015-09-11,24.606263719153244,24.788579486080643,24.511964197023435,24.782291412353516,2843700,0.0030487297382034762
2015-09-14,24.801163679934195,24.85774437631908,24.568555216217877,24.625133514404297,3315900,-0.00636173320987477
2015-09-15,24.662857616631346,24.908039863118933,24.587417478834872,24.801166534423828,3385100,0.007123080794882668
2015-09-16,24.8514446323497,24.945746548116517,24.706850120185297,24.8891658782959,3855600,0.0035419137524878505
2015-09-17,24.920606312399467,25.20979542099468,24.70057164242442,24.851451873779297,5302600,-0.0015164271554361495
2015-09-18,24.36108578958343,24.61884169813885,24.141051135279245,24.210203170776367,6373100,-0.026142013406526766
2015-09-21,24.40508530868283,24.430232803879754,24.084463138612012,24.2982120513916,3236700,0.00362860657386172
2015-09-22,23.90215446880152,23.95244707588071,23.6632579901313,23.89586639404297,3966800,-0.016697279752451593
2015-09-23,23.95244682845055,24.01531558439741,23.55009638318197,23.600391387939453,3037700,-0.012442193626244725
2015-09-24,23.31748934195153,23.506090824398942,23.141461611427005,23.43065071105957,3161600,-0.007218271435622266
2015-09-25,23.650680430641795,24.166192160735825,23.380350816300115,23.487226486206055,2743500,0.002411694899591768
2015-09-28,23.291546102603057,23.424099033639358,22.994877954971432,23.16530418395996,4436300,-0.013801069622775365
2015-09-29,23.171624305814426,23.373610491904483,22.818149684089466,22.950702667236328,4176300,-0.009307096623337747
2015-09-30,23.29786575042076,23.556660696023286,23.11481502093318,23.518787384033203,3748200,0.024451011553392847
2015-10-01,23.411479547051712,23.645025580770096,23.158995656424118,23.405168533325195,4310700,-0.004842689433675758
2015-10-02,22.792903510936302,23.865956756664833,22.78659008744832,23.834394454956055,4050600,0.01817280715997653
2015-10-05,24.042695282160533,24.604469607204017,23.992197523211797,24.408794403076172,3567300,0.023813811090441023
2015-10-06,24.314107626166965,24.478220479159077,24.20049010953205,24.440349578857422,2486500,0.0012919440382429318
2015-10-07,24.566596581078592,25.033691225464274,24.446668013943075,24.629718780517578,4904700,0.00771835655008228
2015-10-08,24.55396852791939,24.629712740806433,24.295173593345638,24.54765510559082,3464500,-0.003337459673626387
2015-10-09,24.282548554879682,24.787513974723108,24.250986259749112,24.52240562438965,5056000,-0.0010291197138948937
2015-10-12,24.497157505949556,24.572901711847724,23.92906994205105,24.00481414794922,2626200,-0.021332815187118635
2015-10-13,23.828078486124674,24.1752420619654,23.626092318076793,23.670276641845703,4144400,-0.014034288826898554
2015-10-14,23.67028166147724,23.979574401314725,23.594537434362874,23.65134620666504,4143000,-0.000800075527886267
2015-10-15,23.75233401880173,23.903822439270655,23.59453217622533,23.865951538085938,4381900,0.00903278598589512
2015-10-16,23.929071901507836,24.408788455298186,23.82176780168746,24.282548904418945,5645000,0.017305118908688185
2015-10-19,24.156306803206576,24.238364437086197,24.030064845206788,24.080562591552734,3656700,-0.008352956665969908
2015-10-20,24.01112819759445,24.168930035263394,23.99850376163714,24.099496841430664,4357200,0.0007859787254519326
2015-10-21,24.143680819019753,24.219425025818424,23.910134776802657,23.94800567626953,5298100,-0.006305912241865104
2015-10-22,24.11211835016016,25.62070334987363,24.061620612461375,25.109424591064453,7159600,0.047358207289973364
2015-10-23,25.336657185187796,25.437650243115154,24.882187220582455,25.361906051635742,5139200,0.010005029131652826
2015-10-26,25.368222671658028,25.450280301819504,25.21042083327479,25.298791885375977,2889600,-0.0024916434823226423
2015-10-27,25.14730957776093,25.24199167600305,24.787521457026127,24.85064125061035,3380800,-0.017873085963931758
2015-10-28,24.825391982807893,25.305108620487793,24.737020910727573,25.2293643951416,4907000,0.015125012848363534
2015-10-29,25.204112421953102,25.437658492675705,24.989501803275104,25.317729949951172,3782000,0.0034963689198708576
2015-10-30,25.355605268807622,25.772204549246478,25.254612160543374,25.728017807006836,5739600,0.016075646290424846
2015-11-02,25.784819900438386,26.11304801922463,25.677515804149714,25.974184036254883,3781000,0.009522537943802615
2015-11-03,25.866885817099895,26.214049497516104,25.860574800888305,26.131994247436523,2185000,0.006057273777950372
2015-11-04,26.220356142351058,26.251916030980798,25.91737687734826,25.96156120300293,1488400,-0.00654336802546147
2015-11-05,25.974191849516032,26.283482203038833,25.90475863321254,26.23929786682129,3006200,0.010641176775510191
2015-11-06,26.359224924844916,26.529651243859732,25.690146495970755,25.791139602661133,4957400,-0.017227198903867993
2015-11-09,25.74695134126814,25.78482224558381,25.513402861283755,25.65858268737793,3802500,-0.005152883346672166
2015-11-10,25.627021501961778,25.784823364431652,25.4565976094158,25.753263473510742,2627400,0.003683232571525077
2015-11-11,25.929994212913876,25.936305225765363,25.702759224428437,25.77850341796875,2826500,0.0009795878542064314
2015-11-12,25.52602888289846,25.76588839253344,25.450284661700973,25.50709342956543,3047900,-0.010584356579189722
2015-11-13,25.44397278519005,25.64595897345576,24.99581367260179,25.008438110351562,2820000,-0.019743294855984084
2015-11-16,24.93900546197615,25.570212916327883,24.86326124165624,25.563901901245117,2292600,0.021967982068033742
2015-11-17,25.601766345046304,25.75325473319966,25.30509817377125,25.513395309448242,3035700,-0.0019776539095229706
2015-11-18,25.627023313138835,26.195111021325836,25.1536176922715,26.14461326599121,2605800,0.024439555146758718
2015-11-19,26.176179877059617,26.31504391136355,26.11305767249792,26.24561309814453,2132000,0.0038556793618516392
2015-11-20,26.327660369993573,26.510711095924503,25.98680779230119,26.094114303588867,1984400,-0.0057890717120206
2015-11-23,26.125673570082675,26.296099854869496,25.96156070762043,25.999431610107422,2895000,-0.0036351066560035166
2015-11-24,25.709080167629853,26.22667010449707,25.31773220733486,26.062557220458984,2708400,0.002425018433018526
2015-11-25,26.119358261320873,26.466521788276573,26.068860522487096,26.390777587890625,2071500,0.012514920263158038
2015-11-27,26.384477132448467,26.453910353533384,26.09412221506236,26.24561309814453,788100,-0.005515760328152439
2015-11-30,26.308728074755088,26.51071427661434,26.264543743589968,26.460216522216797,2774200,0.008143486653886551
2015-12-01,26.57383769732686,26.65589535551649,26.18880310276337,26.403413772583008,2896800,-0.002149030294672498
2015-12-02,26.403403375402767,26.43496325985852,25.797442517674053,25.898435592651367,2273900,-0.019310746306951523
2015-12-03,25.993114156951076,26.018363024264808,25.40609123516166,25.513395309448242,2810900,-0.014978944560872742
2015-12-04,25.576528454465752,26.030998629700786,25.494470804411527,25.967876434326172,3208300,0.01765663188630433
2015-12-07,25.936314516524547,26.01837216017507,25.63333522596728,25.765888214111328,2586000,-0.007808797522396192
2015-12-08,25.185178011862682,25.305106559548868,24.762267771736628,24.819076538085938,4305900,-0.03743888213421523
2015-12-09,24.71177124624695,25.033685968251945,24.244676699953704,24.307796478271484,3830900,-0.020815431107212606
2015-12-10,24.307795369875738,24.642336921727978,24.21311570671631,24.282548904418945,2699800,-0.0010392013444583687
2015-12-11,23.840713629946027,23.916457875015954,22.672978013109482,22.837093353271484,8029100,-0.061371824821136796
2015-12-14,22.761343492588168,22.887583067270533,21.852403144535657,22.168006896972656,9247300,-0.029735996765569685
2015-12-15,22.439419806038075,22.862329963688957,22.420484356902833,22.470979690551758,4626400,0.013574566498797703
2015-12-16,22.704530538922718,22.868643400501426,22.27530932203674,22.824459075927734,3786800,0.015608042263341025
2015-12-17,22.8623327040518,22.969636805833158,22.142756656283442,22.37630271911621,4842400,-0.019830242896191643
2015-12-18,22.23112676778775,22.26899767308662,21.959707376441134,22.092260360717773,10233300,-0.012775147285866926
2015-12-21,22.306871307529647,22.426799855812188,22.04807635017708,22.243751525878906,4330000,0.006833801610841391
2015-12-22,22.161693232796853,22.685594147139756,22.048075702868946,22.60984992980957,6051500,0.01632451005635347
2015-12-23,22.79290176216402,23.67027974616335,22.72977957145503,23.581911087036133,5262000,0.042094289842382414
2015-12-24,23.57556593561269,23.822930657487607,23.340889189729946,23.448715209960938,1452700,-0.0056642338696578556
2015-12-28,23.32819574177293,23.448707277706824,23.214028191689074,23.4169921875,3014000,-0.00135378420886226
2015-12-29,23.562875491507047,23.810237717149175,23.51213328136417,23.7214412689209,2414300,0.012917413347819425
2015-12-30,23.588254582763163,23.816589790090227,23.461403840490632,23.486772537231445,2354200,-0.009941942119703057
2015-12-31,23.328203639861087,23.63264973665194,23.27111984549265,23.353574752807617,2025900,-0.005687325186971906
2016-01-04,22.60514432148645,22.966674220065716,22.459264048333637,22.947647094726562,4389300,-0.017534658590715055
2016-01-05,23.011071798891866,23.106212261904023,22.64320034225798,22.909589767456055,3384500,-0.00165981810557834
2016-01-06,22.484634704837674,22.61148785007325,22.167503051509986,22.326068878173828,2744300,-0.025800586341388192
2016-01-07,21.793287140170143,22.173844148258365,21.501526606001008,21.609350204467773,5317900,-0.03262890283699492
2016-01-08,21.698146246268852,21.875741610092675,21.27319100968406,21.342960357666016,5394300,-0.012404141194211845
2016-01-11,21.349296179254722,21.564945733369285,20.90531151848689,21.247814178466797,5795600,-0.004467931776981437
2016-01-12,21.323937769700397,21.888431886383305,21.165371897844608,21.564958572387695,5371400,0.014815681150171709
2016-01-13,21.698146641184373,21.805972658988715,20.892631969907022,20.91800308227539,5367100,-0.03045952935766957
2016-01-14,20.98777038158,21.28587487398533,20.543785636588844,21.165363311767578,5260300,0.01175585983021104
2016-01-15,20.512077230402696,20.81018178488504,20.277399254092856,20.68332862854004,5297700,-0.023038043998029247
2016-01-19,21.038515179326666,21.273194372274183,20.65795811866371,20.962404251098633,5794800,0.013402563996289385
2016-01-20,20.537448820012493,21.14634108110727,20.213974352645373,20.873607635498047,6159500,-0.004244991094456488
2016-01-21,20.918000670395937,21.780599035281902,20.81651865214595,21.063880920410156,4213800,0.009074200533787312
2016-01-22,21.545922355324763,21.882081087641435,21.387356550341853,21.590320587158203,4569600,0.024685324338761493
2016-01-25,21.431756701791283,21.564951409221692,20.6072149259314,20.632583618164062,4352200,-0.04537353807223427
2016-01-26,20.721378566776423,21.190734421657865,20.645267656627777,21.165363311767578,3870700,0.025494484295881945
2016-01-27,21.095593597452872,21.69814413935311,20.87994400623138,21.063880920410156,4325200,-0.00480627056240921
2016-01-28,21.45078299318648,21.63471991698706,21.000456664865585,21.127309799194336,3656100,0.0030067379226767247
2016-01-29,21.37466852214512,21.98356056213379,21.254156975809398,21.98356056213379,5328800,0.03972841998131703
2016-02-01,21.723514447671107,21.774256664685897,21.05753857624546,21.36832618713379,5590900,-0.028385185947179998
2016-02-02,20.987777125844204,20.987777125844204,20.423283056761584,20.448654174804688,7069100,-0.0439926711068629
2016-02-03,20.75309467204702,21.165364339941508,19.769985891740756,20.77846336364746,6163500,0.015999965285177456
2016-02-04,20.480365691458466,21.495186159921754,20.30911428374475,21.431760787963867,5184100,0.03095693565211346
2016-02-05,21.279535642218786,21.704493359521216,21.19708072640976,21.381017684936523,3813700,-0.0023704664167212854
2016-02-08,21.070225777931377,21.08291133317693,20.309109399854105,20.588184356689453,6520800,-0.03778616800024741
2016-02-09,20.068089046307705,20.70869629023405,20.036376367390687,20.35350799560547,4843600,-0.011464056211742957
2016-02-10,20.613558920848618,21.197080042775607,20.569160679811684,20.581846237182617,3547000,0.011156156534940204
2016-02-11,20.004660303026245,20.31544789114874,19.662157621831664,19.94757652282715,4846500,-0.031301778239371615
2016-02-12,20.347165918288773,20.75309400511869,20.04271864340521,20.499387741088867,5505600,0.027287361005655004
2016-02-16,20.91166055642736,21.55860937506315,20.841891210370214,21.469810485839844,4159800,0.04625276551297901
2016-02-17,21.74254395408259,21.958193561004443,21.64106192844421,21.7298583984375,3462000,0.012039492915352765
2016-02-18,21.901105675618066,22.085042568798567,21.679114542139455,21.98356056213379,3564400,0.011607649015908163
2016-02-19,21.83768137544177,21.939163386970527,21.425409342625066,21.615690231323242,3214200,-0.016875476266325067
2016-02-22,22.046991045927168,22.37680824931557,22.015278365115723,22.205556869506836,3029700,0.02692311640537516
2016-02-23,22.186534447914305,22.446582356927706,22.008941462106993,22.161163330078125,3893100,-0.0020012096474454535
2016-02-24,21.685455830894018,22.148467631583948,21.39369536791492,22.046985626220703,2963800,-0.005165471092000466
2016-02-25,22.053339149809105,22.72565923829592,21.856716620844864,22.6622314453125,4113500,0.027523839577642355
2016-02-26,22.915931922062086,23.26477622599399,22.668569641447142,22.928617477416992,3697800,0.011686076042111675
2016-02-29,22.865189697117568,23.258432234969874,22.72565342727969,22.73833656311035,3416600,-0.008333466485826412
2016-03-01,23.06814797092008,23.448707277706824,22.94129486865783,23.4169921875,3088400,0.02940958530689573
2016-03-02,23.32820361448303,23.702419061708486,23.074499743861235,23.689733505249023,3222300,0.0115798481619653
2016-03-03,23.727791527400928,24.266914400291007,23.683393287022813,24.025896072387695,3297300,0.014090482802107859
2016-03-04,23.9814965580504,24.609415878340013,23.9814965580504,24.400110244750977,3835600,0.01545539885769922
2016-03-07,24.025888942852387,24.469873634406465,23.880008707824405,24.387418746948242,1987400,-0.0005202763227126713
2016-03-08,24.140059762926718,24.349365373780053,23.892695067158602,24.10200309753418,1994000,-0.01177242107081963
2016-03-09,24.165429712125917,24.330339517892646,23.52482487155213,23.7277889251709,4197300,-0.01564806336826686
2016-03-10,23.77218971230661,23.911728421468013,22.814453132712988,23.315519332885742,4387600,-0.01752768511727457
2016-03-11,23.740476258027403,24.387425134684694,23.670706905713004,24.330341339111328,3157800,0.0426049816162129
2016-03-14,24.209826027035238,24.311310465316087,23.949778202746007,24.159086227416992,2652500,-0.007063635615104788
2016-03-15,22.9603339110085,23.765848661362885,22.9539899225324,23.359920501708984,3533900,-0.03363879586451299
2016-03-16,23.201353879228446,23.924413691622533,23.12524053722294,23.829273223876953,3436100,0.01989303750302557
2016-03-17,23.829261692535972,24.932880422331948,23.740465256022095,24.590377807617188,3922800,0.03144042811193757
2016-03-18,24.717243111160638,25.047060337997966,24.37474032719234,24.793354034423828,5038900,0.008220414385371655
2016-03-21,24.69820552177968,24.96459729572403,24.590381950567284,24.767974853515625,2226600,-0.0010241526486876255
2016-03-22,24.57135483082906,24.894827963988085,24.38107395535945,24.767974853515625,2141300,0.0
2016-03-23,24.710903388834872,24.831414992622456,24.444513901663875,24.46354103088379,2794200,-0.012367594115399214
2016-03-24,24.14005910500042,24.184457336987204,23.892694415974116,24.159086227416992,2872200,-0.01252333737173519
2016-03-28,24.260569500038812,24.38742263492387,23.987836106868752,24.311311721801758,1848000,0.006281194349936777
2016-03-29,24.12650085286014,24.954932765063628,23.979932335626547,24.916696548461914,3283300,0.024596377882922366
2016-03-30,25.1524915091799,25.45200013340812,24.872097353385346,24.942195892333984,2888100,0.0010228605108130516
2016-03-31,24.92308005760975,25.063277141495874,24.814745284350884,24.884843826293945,2565600,-0.002302046908330351
2016-04-01,24.636315780004608,25.184356304868604,24.426022573335057,25.146120071411133,2554000,0.010444676656382218
2016-04-04,25.216216057374396,25.216216057374396,24.655430178287908,24.725528717041016,1667100,-0.016867351945471752
2016-04-05,24.52798181794241,24.74464893140318,24.419647045742803,24.502490997314453,2297200,-0.009061475442665284
2016-04-06,24.419645599776537,24.78288126393204,24.20935241939413,24.5216064453125,3170700,0.0007798388940937279
2016-04-07,24.34955055438507,24.39415827877014,23.56572598612632,23.705923080444336,3243800,-0.03382968871353971
2016-04-08,23.83974140120704,24.056408488807335,23.65493662011952,23.731409072875977,3794800,0.001074512150109848
2016-04-11,23.967191899388784,24.27307440281077,23.846111737181005,23.85248565673828,4069400,0.005088984239361482
2016-04-12,23.909840060367326,24.419644260078513,23.61032902950155,24.196605682373047,6782400,0.01432392995407908
2016-04-13,24.419654936861082,25.28632367076484,24.355930295637258,25.222599029541016,4035000,0.041528017264637444
2016-04-14,25.273577367467638,25.6176962522279,25.22896963399195,25.413774490356445,2890900,0.007550950270612208
2016-04-15,25.458380370383583,25.515733513668142,25.07602527150687,25.17798614501953,2133900,-0.00932128273872367
2016-04-18,25.120621870841706,25.394642052790292,24.986798739454137,25.267192840576172,2479200,0.0035367815255973795
2016-04-19,25.47111606220181,25.821606279200736,25.445625245817656,25.745136260986328,4764200,0.018738897612302602
2016-04-20,25.853469387688996,26.242195841345037,25.706900835332117,26.114744186401367,3276300,0.01425433998206892
2016-04-21,26.1020026350726,26.28043595073722,25.757883845153497,25.8343563079834,1722500,-0.010794820256785216
2016-04-22,25.789748936584235,26.121122320526055,25.770629605148205,25.917198181152344,1856900,0.0032015248525702196
2016-04-25,25.726019609250457,25.88533358181618,25.4647447914802,25.585824966430664,1971700,-0.012868284896978565
2016-04-26,25.681414262354632,25.738767395010754,25.39464859907402,25.604944229125977,2723300,0.0007469809063148983
2016-04-27,24.98042725121859,25.369153668910208,24.559838530473442,25.267192840576172,4508000,-0.013278638199492829
2016-04-28,24.954939062593184,24.986801368999817,24.209350882737624,24.311311721801758,4728600,-0.03856508359987793
2016-04-29,24.12650499125869,24.1902295989213,23.648563140975238,23.79513168334961,4244900,-0.021460736354188045
2016-05-02,23.814254741306474,24.139256644917456,23.508372169691697,24.05004119873047,3696900,0.010655700960997772
2016-05-03,23.731411540480277,23.81425305983976,23.113272519917757,23.451017379760742,2616400,-0.02522283057962115
2016-05-04,23.176992306032634,23.43189559335633,22.81375670170601,22.960325241088867,2550100,-0.02114614211192151
2016-05-05,22.998561641833167,23.176992485780822,22.750032271780956,22.832876205444336,2633000,-0.005566300703541317
2016-05-06,22.616208424518366,23.049540113142495,22.546109900627776,23.004932403564453,2253400,0.007507209066280361
2016-05-09,22.947579417579878,23.075031058930975,22.83924710254106,22.909345626831055,3312600,-0.004163711983669794
2016-05-10,23.081402465094445,23.31718639581408,22.960322325071107,23.285324096679688,1854700,0.01627836174399258
2016-05-11,23.138766681481798,23.221608212803922,22.718177810606242,22.730920791625977,5034400,-0.024097148012456316
2016-05-12,22.896603690330036,23.100525375027633,22.641700368988918,22.839250564575195,5272800,0.004754424826036802
2016-05-13,22.820134115738266,23.13238813804573,22.26571974554306,22.32944679260254,3796800,-0.02257428047326887
2016-05-16,22.399543668631402,22.654444545161073,22.33581662629541,22.463268280029297,2033100,0.00597516294143534
2016-05-17,22.412288765372644,22.711799815327073,22.265720200548103,22.34856414794922,3035500,-0.005119379252279695
2016-05-18,22.27846871710001,22.79464694159221,22.22748950223955,22.692686080932617,4552900,0.015280598436008428
2016-05-19,22.476016610621745,22.584348950270158,22.163760139923912,22.437780380249023,3699900,-0.01129651126613438
2016-05-20,22.597091058665733,22.877485178552952,22.571600242141795,22.660818099975586,1796900,0.009891195986652786
2016-05-23,22.59072612195997,22.845627068313746,22.558863807533093,22.730920791625977,3101300,0.0030887888015495826
2016-05-24,22.890226135700914,23.374541883160262,22.858363833327026,23.304443359375,2407600,0.024917897495124217
2016-05-25,23.412784137893155,23.948079220905203,23.412784137893155,23.89072608947754,3896600,0.02484630939605996
2016-05-26,23.86522863867491,23.973560950754617,23.578463061202456,23.597579956054688,1997800,-0.01234619136690195
2016-05-27,23.610332092408747,23.833373129986924,23.610332092408747,23.80788230895996,1768400,0.008872552759833507
2016-05-31,23.93533162421361,23.986310830304795,23.623075174753943,23.80150604248047,3576200,-0.0002678575271980916
2016-06-01,23.546604317751655,23.61670285071995,23.27258410575096,23.463760375976562,3582600,-0.014291738559706701
2016-06-02,22.915716362190015,22.960324070556844,22.584343077937994,22.801010131835938,5612100,-0.028652280204610216
2016-06-03,22.571598800136968,22.76914896916976,22.297581048293676,22.679933547973633,3194300,-0.005324290135159598
2016-06-06,22.711796112929843,23.10052253628358,22.60983528311066,22.813756942749023,3433600,0.005883179813321958
2016-06-07,22.826503194902237,22.902973212361456,22.59071922302246,22.59071922302246,3221200,-0.009824560596760987
2016-06-08,22.584346014060532,22.756405381960562,22.4122866461605,22.463268280029297,1745500,-0.005657713779799042
2016-06-09,22.38042677381025,22.43140841322211,21.775033175955453,21.93434715270996,4774100,-0.02382768294564105
2016-06-10,21.609348908152707,21.622094318712506,21.379936379953342,21.532878875732422,3803500,-0.018472754307265412
2016-06-13,21.37356313568809,21.545622517714076,21.169641445347292,21.20150375366211,3509000,-0.015508906116646683
2016-06-14,21.105916750556442,21.32258387456375,20.908368958419995,20.97209358215332,3748400,-0.010879433995939145
2016-06-15,21.18239000738312,21.462781765597153,21.042192912806772,21.061309814453125,3928900,0.004245022247311045
2016-06-16,20.819151859531797,21.112291460094948,20.51964319967141,21.061309814453125,3027900,0.0
2016-06-17,21.09316939235549,21.354444215043625,21.03581626391476,21.252483367919922,3796200,0.00903605372470543
2016-06-20,21.653956698703517,21.921605459435884,21.501016633375173,21.51375961303711,3755100,0.012218959519174738
2016-06-21,21.55199717687027,21.666703448425263,21.39905710208939,21.545625686645508,1896000,0.0014800991330470449
2016-06-22,21.539250417654685,21.692192913803787,21.430918074042054,21.50101661682129,4293600,-0.002072593048184949
2016-06-23,21.88974109431228,22.036312103271484,21.743172516291626,22.036312103271484,2051100,0.02459142432708715
2016-06-24,20.54512762532184,21.048557849118282,20.39855665520898,20.424047470092773,5237600,-0.07597863867871892
2016-06-27,20.16278134251809,20.24562531095252,19.474544846573476,19.54464340209961,4423900,-0.04401175005699023
2016-06-28,19.890786851910402,20.012579378574785,19.60873861974799,19.884376525878906,6799000,0.017233070066167176
2016-06-29,20.140784218193787,20.826674457855017,20.031811116812538,20.820262908935547,4994800,0.045992366641133674
2016-06-30,20.839492229490233,21.40358870342895,20.679237743905663,21.39076805114746,4878200,0.027032738651454207
2016-07-01,21.39077218545002,21.69205145907139,21.08308380709389,21.198467254638672,2843800,-0.009030549714440174
2016-07-05,20.89718273593742,20.935644690561894,20.52539362239118,20.704877853393555,2459500,-0.023559562151893244
2016-07-06,20.442062881602226,20.86513464832749,20.249757977688837,20.852313995361328,2986800,0.007095607474749081
2016-07-07,20.833079751515758,21.198459723842298,20.711287242503243,20.897180557250977,3317900,0.0021493232261867797
2016-07-08,21.115130520750604,21.80101953578709,21.115130520750604,21.781789779663086,3337400,0.041460041199609
2016-07-11,21.81384196703767,21.993328671558643,21.53820402876689,21.762561798095703,2480700,-0.000883144753356944
2016-07-12,22.038191722178865,22.474084003476737,22.025371073283193,22.333059310913086,3052100,0.02587691623693177
2016-07-13,22.35871117318374,22.442041762446152,21.92922779075866,22.09589385986328,2663700,-0.010676267922122984
2016-07-14,22.589474852526216,22.659984776786793,22.08947916175693,22.204862594604492,3371300,0.004919507621539495
2016-07-15,22.230502670118067,22.44203732176778,22.031786225595496,22.23691177368164,2151300,0.0014422999571241412
2016-07-18,22.333072221969914,22.461276339754455,22.211279654984185,22.42922592163086,1738300,0.008611236442925515
2016-07-19,22.28178572023443,22.397169161637503,22.127942761890157,22.166404724121094,2076200,-0.011786995119506675
2016-07-20,22.35229586198593,22.5446007633496,22.012557121400462,22.512550354003906,3778800,0.01549510524574886
2016-07-21,22.461269783890362,22.672804437996724,22.403578069990548,22.44203758239746,1468700,-0.00313706932577109
2016-07-22,22.461270862686114,22.583063399973344,22.37152873570715,22.544601440429688,1243700,0.004559755427993149
2016-07-25,22.499732763497875,22.576656690744542,22.185635285755026,22.21768569946289,2656500,-0.014607008467384126
2016-07-26,22.23050704746571,22.288198772055445,21.88435669992731,22.172815322875977,2837100,-0.002021621330485071
2016-07-27,22.179217349332724,22.50613783276974,22.05742483419706,22.3394718170166,3879100,0.007488146917778183
2016-07-28,22.409988129164642,23.153568892640234,22.333066655781526,22.448450088500977,4134400,0.004866422996068628
2016-07-29,22.377934614048073,23.230489588038207,22.17921818631696,23.198436737060547,5839200,0.03286332094785764
2016-08-01,23.18561881834578,23.442026984651626,23.01254611817226,23.095876693725586,4552100,-0.004430790890794187
2016-08-02,22.967674278001873,23.179208929543947,22.32665632923651,22.480499267578125,3920500,-0.02700586929724393
2016-08-03,22.49332110705377,22.929213530841217,22.486912003155222,22.84588050842285,2985500,0.016122582801099457
2016-08-04,22.903573621713562,22.948444687609012,22.595885264734914,22.679218292236328,3149300,-0.0073218055588597265
2016-08-05,22.96126027228095,23.377922872511007,22.90998011341723,23.35228157043457,2980300,0.029245679704389776
2016-08-08,23.409973277461976,23.66637896235888,23.307410514445383,23.35228157043457,3031500,0.0
2016-08-09,23.28818447101795,23.30741422799456,22.903572214458936,22.922801971435547,3208800,-0.018562556700090976
2016-08-10,22.986902508542638,23.04459421791463,22.756135671054675,22.794597625732422,1564400,-0.0056085727928481864
2016-08-11,22.935619766537055,23.025361881631305,22.781776839315263,22.8522891998291,1387800,0.0025277344777191258
2016-08-12,22.69203526078941,22.813827784827296,22.595881595035245,22.775365829467773,2283100,-0.0033717903403194
2016-08-15,22.903569634195275,23.08946541499173,22.903569634195275,23.057415008544922,1780900,0.012307904273658297
2016-08-16,22.95485683870813,23.22408324113575,22.890753567685064,23.108699798583984,2718700,0.0022217512281128347
2016-08-17,23.102283356434278,23.32022951810966,23.006129703084646,23.236896514892578,2244000,0.005532221115524512
2016-08-18,23.192025890632852,23.461252212524414,23.185614342803607,23.461252212524414,1935400,0.00960883589470802
2016-08-19,23.313821109486547,23.672792025664602,23.288182251058288,23.602279663085938,3173900,0.00599308496615653
2016-08-22,23.525357926191646,23.59587028795795,23.345871247525793,23.397153854370117,2572200,-0.008728918448968052
2016-08-23,23.608684269228355,23.711247008649458,23.56381077827357,23.634323120117188,2591800,0.010085640146059505
2016-08-24,23.653563801156178,23.653563801156178,23.185618536542112,23.211259841918945,2773200,-0.018062526009433102
2016-08-25,23.15356882239587,23.22408119165378,23.038185390026474,23.089468002319336,1781700,-0.005260916023365458
2016-08-26,23.211257253646917,23.435614982742024,23.070234980378572,23.17920684814453,2846200,0.0038790373244839246
2016-08-29,23.236901007132644,23.403564600497823,23.172800189366683,23.268951416015625,1621600,0.0038642944264268182
2016-08-30,23.281768945683222,23.5189448739506,23.2304887874069,23.390743255615234,2211800,0.005220442056304553
2016-08-31,23.45484556442534,23.58304963624687,23.127927504305262,23.397153854370117,3387100,0.0002740280795235695
2016-09-01,23.4740767117594,23.570230382651413,22.845879412389333,22.98690414428711,2972800,-0.017689716074045354
2016-09-02,22.986906162212986,23.301003616826627,22.986906162212986,23.172801971435547,1709900,0.008054593402924963
2016-09-06,23.15997218534286,23.224072982762017,22.929205402172,23.153560638427734,2096900,-0.0008306861592520631
2016-09-07,23.127929258696128,23.390746525486335,23.102287953328922,23.377925872802734,1852600,0.009643662389892293
2016-09-08,23.320237794946085,23.608696412085944,23.19203369340727,23.512542724609375,2078900,0.005741773356933111
2016-09-09,23.38433348548268,23.44202519623566,22.807418823242188,22.807418823242188,3129000,-0.030448141709600748
2016-09-12,22.627930681154734,23.416382380336508,22.570238974127328,23.35228157043457,3314600,0.023608821119495214
2016-09-13,22.935621006641515,23.00613337096788,22.53178146688221,22.57665252685547,3025500,-0.03377839288081354
2016-09-14,22.621531643699107,22.833066366728907,22.40999447537907,22.55742835998535,2198700,-0.0008518692595454684
2016-09-15,22.53177971116241,22.999722475341482,22.467676455274685,22.91638946533203,1624200,0.01578792275020058
2016-09-16,22.704862404638146,22.730503718304394,22.3458937944717,22.499736785888672,4952400,-0.018348741010174797
2016-09-19,22.704855661417916,22.935622525297116,22.563833368716928,22.58306312561035,2308900,0.003696595365497931
2016-09-20,22.877936665941522,22.877936665941522,22.42922592163086,22.42922592163086,2039600,-0.006835369016056081
2016-09-21,22.429219080059273,22.916391644690385,22.42280753121617,22.8779296875,3118800,0.019807839644890142
2016-09-22,23.08946718475173,23.634331471977962,22.99331351275206,23.115108489990234,2118400,0.010313774186496625
2016-09-23,22.96768203988268,23.108704373472463,22.55742835998535,22.55742835998535,2595800,-0.024422021920854443
2016-09-26,22.313830611346827,22.512544565368657,22.057422511932312,22.115114212036133,2214900,-0.019803153229873277
2016-09-27,22.031786904880864,22.262553764915143,21.954865433299265,22.192041397094727,1513000,0.0034724532098506494
2016-09-28,22.288693332999486,22.533553906462046,22.14693156024706,22.51422119140625,1765700,0.014413433523472114
2016-09-29,22.546447064770263,22.771974978202113,22.1855999452094,22.38535499572754,2993400,-0.005740212290063358
2016-09-30,22.610881008127556,23.049051595729736,22.43690129322054,22.920177459716797,3100200,0.023610684176746298
2016-10-03,22.900848686120973,23.8158504408727,22.88796102587618,23.3776798248291,4804300,0.01976407912889384
2016-10-04,23.42923250657908,23.467893032611084,23.003949513736593,23.049055099487305,2730000,-0.014156938428250056
2016-10-05,23.210144356871904,23.757856378991526,23.16503877660651,23.686975479125977,2987200,0.027300564148291115
2016-10-06,23.60321230289554,23.73208645879913,23.287470743835243,23.326133728027344,2461000,-0.015350987980643611
2016-10-07,23.326132879032635,23.364793403747544,22.9846160096077,23.145708084106445,2015700,-0.007764983846031827
2016-10-10,23.33257760689838,23.564550608608855,23.300359680676415,23.442121505737305,1882300,0.012725101127797796
2016-10-11,23.197257147018746,23.203699748008862,22.391796829413927,22.4111270904541,4079000,-0.044976887903619894
2016-10-12,22.398238712844268,22.655986989448397,22.217816394063217,22.391796112060547,2297500,-0.0008629338539251409
2016-10-13,22.11471675837449,22.28869646994703,21.760314734683615,22.16626739501953,2805100,-0.01012300020289994
2016-10-14,22.449796641461855,22.46912690815983,21.966520309448242,21.966520309448242,2411300,-0.009052156454393317
2016-10-17,21.96006907291298,22.011617249864784,21.773201708064857,21.792531967163086,1845200,-0.007952149331515475
2016-10-18,22.153378851808686,22.17915171103307,21.831194759843164,22.05672264099121,2245900,0.012050096312677326
2016-10-19,22.179147461600813,22.52710680419271,22.134041894013244,22.449783325195312,2632800,0.017663525599239574
2016-10-20,22.353135528573542,22.540002926233285,22.19204345295032,22.282257080078125,2377500,-0.007490247564699515
2016-10-21,22.063168406588186,22.308026554520875,22.005175169852627,22.217815399169922,2186800,-0.0028962526290033817
2016-10-24,22.411129897171023,22.5206737922806,22.262925475139344,22.3789119720459,1986200,0.007224623109215802
2016-10-25,22.43046230551954,22.617327251864243,22.224264637913596,22.436904907226562,4253800,0.002588058037938915
2016-10-26,22.353139597359338,22.868636299641924,21.773209494397104,22.61733055114746,6173200,0.00800930729795656
2016-10-27,22.694649865459795,22.694649865459795,22.088942155607352,22.185598373413086,4041200,-0.019273094505340906
2016-10-28,22.256482845345715,22.4240175306277,21.8247547833877,22.03095245361328,3469400,-0.00699496217904942
2016-10-31,22.114716975736698,22.140492294312562,21.67010379161661,21.689434051513672,4064400,-0.015623162371025288
2016-11-01,21.83764479470596,22.005181956084606,21.360813552779877,21.7152156829834,3158400,0.0011879664809871788
2016-11-02,21.605664370492907,21.689432922469045,21.277037679001207,21.380136489868164,2816000,-0.015550908805608965
2016-11-03,21.418804258800147,21.644332189893326,21.405916597299093,21.554121017456055,2467700,0.0081047392018383
2016-11-04,21.515455040942726,22.217816517621756,21.48323712070547,21.779645919799805,3155300,0.01040883147091795
2016-11-07,22.127605134343593,22.314472511130823,21.966513076713856,22.185598373413086,3819800,0.01846749620194008
2016-11-08,22.09538782291908,22.17271132445125,21.824751880451785,22.069612503051758,3210500,-0.005241693966738789
2016-11-09,22.39179143141132,25.252784904937084,22.39179143141132,24.801729202270508,14048200,0.11671171415614866
2016-11-10,24.91772321100932,26.219347588459872,24.118707824024764,24.389341354370117,10882200,-0.01676716951588169
2016-11-11,24.131585638175284,24.389331401214257,23.764296020841115,23.983381271362305,6812200,-0.0167850636531187
2016-11-14,24.144473868238755,25.104580975618237,24.125141153451686,24.949934005737305,6056400,0.03951003366419746
2016-11-15,24.808177736461968,25.117474202883244,24.601980092181115,25.072368621826172,4749200,0.004895210901944574
2016-11-16,24.80817985534668,25.104588687058172,24.763074270437105,24.80817985534668,2691100,-0.010592956370431738
2016-11-17,24.808184003748693,25.201249130605852,24.5955412466999,25.02726936340332,3436500,0.008792573277119513
2016-11-18,25.11103704043007,25.239908752464157,24.937057279499637,25.059486389160156,1756800,0.001286449070853334
2016-11-21,25.35589295188872,25.388113335034927,25.078814371708162,25.330120086669922,1553000,0.010741750876547024
2016-11-22,25.446098318924523,25.452540918619242,25.02081545506277,25.233455657958984,2040400,-0.003823485386432232
2016-11-23,25.117472988308606,25.38810891963405,24.917717954665296,25.304340362548828,2697600,0.002805217348424215
2016-11-25,25.343000538980892,25.407436370802976,25.214126417267302,25.33655548095703,758600,0.0012722967166067755
2016-11-28,25.136805260933446,25.31078498970011,24.846841504392234,24.904834747314453,2452900,-0.017186282386443142
2016-11-29,24.982159264735987,25.169026661513964,24.833954850830345,24.937053680419922,1476200,0.0012928457813100906
2016-11-30,25.265679416802588,25.4525468060751,25.078812027530073,25.297897338867188,2512900,0.01436648618113577
2016-12-01,25.439660293414885,25.68452093667919,25.272125616278256,25.4912109375,2067000,0.00761244049064623
2016-12-02,25.44610510759853,25.574976800428683,25.194799407211782,25.26568031311035,1586800,-0.00888675815615297
2016-12-05,25.471874646660744,25.748953174606456,25.362333230438775,25.620079040527344,3223300,0.013929416095658013
2016-12-06,25.703853607177734,25.76184685817144,25.330121234828454,25.703853607177734,1917200,0.003264544890820523
2016-12-07,25.69095451825316,26.200005888554564,25.63296129305339,26.174230575561523,2095000,0.01813443446552076
2016-12-08,26.18712423555433,27.179451890658925,26.18712423555433,27.076353073120117,3916300,0.03388540570763798
2016-12-09,26.9216950571093,27.057014209281295,26.39331347798107,26.4255313873291,3141700,-0.024330125818996663
2016-12-12,26.32888345589288,26.44486992153668,25.761838785864228,25.76828384399414,3229800,-0.025186213483268848
2016-12-13,25.961593800710656,26.142016099236812,25.51053559632581,25.76828384399414,3134800,0.0
2016-12-14,25.645859193713736,25.929382833751585,25.246351515016002,25.330120086669922,3158300,-0.017150222446466565
2016-12-15,25.433216223113853,25.80694853886706,25.201243254267787,25.42677116394043,1977000,0.003808396917427125
2016-12-16,25.51698294687372,25.729625659498133,25.259237109290407,25.3107852935791,4152800,-0.0045720007228936994
2016-12-19,25.484773559754487,25.645865683973,25.085265779952387,25.626535415649414,4730000,0.0123977532390438
2016-12-20,25.80050725914156,26.032480239868168,25.723181293519367,26.032480239868164,2845200,0.015716644042365252
2016-12-21,25.9938157745291,26.090471997009168,25.71029462429466,26.038921356201172,2235800,0.0002473955441348399
2016-12-22,25.99380976121262,25.99380976121262,25.80049981904197,25.95514678955078,1831600,-0.0032224691059221638
2016-12-23,25.980929415309785,26.142021488796612,25.80050707958693,26.084028244018555,1361600,0.004953257536877799
2016-12-27,26.19356878021897,26.251562017575687,25.845609356078683,25.974483489990234,1069800,-0.004208530442574588
2016-12-28,26.045721699645362,26.136382689954495,25.55355850892906,25.560035705566406,1506600,-0.016084625458140066
2016-12-29,25.553553950952722,25.754305015348425,25.404610569108016,25.521175384521484,1243400,-0.0015215116365656007
2016-12-30,25.68308232004026,26.14286459446844,25.46290451012252,25.631277084350586,1634900,0.004304852047025242
2017-01-03,26.058659077531487,26.39539900491522,25.844956173661654,26.188173294067383,2402100,0.021494541014948992
2017-01-04,26.34360662270205,26.874623073762315,26.324179974839968,26.777484893798828,2880000,0.022253510653482585
2017-01-05,26.550835266984322,26.75158637417429,26.04572260606822,26.375988006591797,1838400,-0.015107367458453183
2017-01-06,26.395413630092776,26.47312516746314,26.084574891591412,26.388938903808594,1614500,0.0004908903787114275
2017-01-09,26.35655444846583,26.35655444846583,25.993908099333566,26.1039981842041,2254100,-0.010856451707947232
2017-01-10,26.129901905638256,26.375983467209,25.955057145663815,26.162282943725586,1619300,0.002230301541410389
2017-01-11,26.032769670337867,26.401890826703657,25.93563148378826,26.388938903808594,1768300,0.008626150166536898
2017-01-12,26.097523618487518,26.265896125177093,25.676597292416375,26.214088439941406,2584000,-0.006647948479731953
2017-01-13,26.304750304650998,26.49902419017464,26.136380262617568,26.227041244506836,1670000,0.0004939941189969566
2017-01-17,26.168759130266583,26.26589730929949,25.799638002463965,25.864395141601562,3346900,-0.01392366910387495
2017-01-18,25.84496424601768,25.92915048932081,25.58593079138931,25.90972137451172,1966500,0.0017509229530120337
2017-01-19,25.864398684423897,26.136384140775817,25.592415698398824,25.812593460083008,2215300,-0.0037557494829981116
2017-01-20,25.942107681488817,26.304751627279988,25.89677718826492,26.298276901245117,2209600,0.018640928530154213
2017-01-23,26.17523239456887,26.304749135939073,26.00038763459443,26.162282943725586,1732200,-0.005184628702095116
2017-01-24,26.33066065754426,26.771016224435627,26.201143878400842,26.654451370239258,1752300,0.018637376169610986
2017-01-25,26.926427990046427,27.14660323068949,26.609112109112917,27.107749938964844,2622700,0.016863495168009272
2017-01-26,27.01709252784413,27.12718016268534,26.272373047433035,26.40188980102539,3755000,-0.026384071647507137
2017-01-27,26.622061425962183,27.004134402618057,25.74135066822484,26.110471725463867,3586100,-0.01109914156424606
2017-01-30,26.065147686813816,26.065147686813816,25.55355785983398,26.01333999633789,2488200,-0.003726966173409739
2017-01-31,25.870881506713015,25.968017249845673,25.618325116109762,25.73488998413086,3950800,-0.010761825080441285
2017-02-01,25.961535250641163,26.298277833908767,25.70897893077213,25.896778106689453,2550000,0.0062709053979930806
2017-02-02,25.650696081757204,25.993913385517953,25.50175267691147,25.8384952545166,1665800,-0.00225311950793161
2017-02-03,26.175230038736622,26.19465915390563,25.955054809647855,26.1039981842041,3479000,0.010223045696512185
2017-02-06,25.94858332778548,26.142857229967298,25.870874260978095,25.896778106689453,2065900,-0.007969926188580532
2017-02-07,26.026286182061874,26.07809386111799,25.767255197759606,25.90972137451172,1734700,0.0004996773849298581
2017-02-08,25.74136471220875,25.79317241814141,25.592421263143432,25.73488998413086,1757800,-0.006770582782923004
2017-02-09,25.73487970314332,26.265896125177093,25.73487970314332,26.214088439941406,4341900,0.018449334814788866
2017-02-10,26.35008152559104,26.505502120511572,26.304751033390584,26.47312355041504,2771800,0.0098330197337408
2017-02-13,26.62853393240852,26.97175359255044,26.537872974368483,26.88109016418457,1680800,0.015293058842933359
2017-02-14,26.654448472632588,27.28260317747882,26.654448472632588,27.263174057006836,3669800,0.014113784381599033
2017-02-15,27.379735509625025,27.735907187046866,27.237269308982807,27.6646728515625,2365100,0.014619395008021039
2017-02-16,27.651717680588515,27.716474812332784,27.263167479144208,27.38620948791504,1941800,-0.010116667591853886
2017-02-17,27.26316776787453,27.54810507934989,27.178983989780676,27.541627883911133,2365900,0.005659018020679133
2017-02-21,27.658199272441376,28.007893799463407,27.658199272441376,27.86542510986328,2395900,0.011688075601916864
2017-02-22,27.68409817328893,27.8913239736851,27.62581576253211,27.697050094604492,1842600,-0.006060764213505107
2017-02-23,27.781233258871268,27.833038468046652,27.53515172189134,27.8071346282959,1324200,0.003966716332752789
2017-02-24,27.645244615092217,27.852470432022454,27.56753555132503,27.67762565612793,2864200,-0.004668280324232051
2017-02-27,27.710002153236445,28.111501834702846,27.68409831047696,28.08559799194336,1760400,0.014632569224528751
2017-02-28,27.891325298856184,28.079124461364916,27.703526136347456,27.871898651123047,3171100,-0.007637953537761758
2017-03-01,28.480624431388218,28.55833349338799,28.001415667008636,28.130929946899414,2735500,0.009250716418851983
2017-03-02,28.098551845733446,28.12445569027441,27.768286473979224,27.774761199951172,1834900,-0.012741943029630198
2017-03-03,27.852473531197653,27.904281226358208,27.463925698800967,27.63877296447754,2712500,-0.00490813338358167
2017-03-06,27.561059070830314,27.697050541347593,27.3991637572641,27.444494247436523,1728500,-0.007054030469594819
2017-03-07,27.463920894560008,27.574010992354786,27.27612173794485,27.444494247436523,1634100,0.0
2017-03-08,27.703526152452255,27.865421471193237,27.489825616283948,27.561059951782227,2384300,0.00423833122077104
2017-03-09,27.67762239737937,27.813613860542038,27.399162275478876,27.470394134521484,1605400,-0.00329505737396951
2017-03-10,27.72295232261508,27.72295232261508,27.42506309035944,27.57400894165039,1288000,0.003764776206869766
2017-03-13,27.638769737756615,27.73590791967871,27.49630106302463,27.567535400390625,1381700,-0.00023479724286827255
2017-03-14,27.399166239315846,27.51573107326908,27.21784179187378,27.47687530517578,1693700,-0.0032940738589637736
2017-03-15,27.703525558457702,27.89132471704898,27.677624185462655,27.839519500732422,1741900,0.013111823078630663
2017-03-16,28.22159455813944,28.72022999087739,28.22159455813944,28.43529510498047,3164600,0.02117458293077297
2017-03-17,28.111498228755778,28.17625535702149,27.237264645538186,27.340877532958984,5530300,-0.03924823111876346
2017-03-20,27.250223303850188,27.321455174426664,27.0300455548434,27.224319458007812,1735400,-0.004272256260961819
2017-03-21,27.418591446839482,27.463921938735368,26.531405786457313,26.777484893798828,3414700,-0.016549253036908115
2017-03-22,26.537875718427586,26.906996783087344,26.29179418521238,26.79043197631836,2302100,0.0004833894438356215
2017-03-23,26.70625054754022,27.140128778335477,26.680346705912537,26.848716735839844,1747800,0.002173218026764815
2017-03-24,26.939381694714776,27.166036636982795,26.583212465809797,26.71920394897461,1994000,-0.004835470093392842
2017-03-27,26.23999069703064,26.667394193093955,26.1493297236727,26.609111785888672,2461500,-0.004128850422805845
2017-03-28,26.563784767490258,27.263171274942263,26.544358119327487,27.1466064453125,2371600,0.019998340288478873
2017-03-29,27.068520348111498,27.120576388285084,26.814753357686797,26.94489097595215,1158200,-0.007458340554145132
2017-03-30,26.912356705401965,27.563042302796912,26.860300666169458,27.471946716308594,1508300,0.019371659382253742
2017-03-31,27.296260085681133,27.615094624122843,27.231190039552292,27.419889450073242,1618400,-0.0018967221895851431
2017-04-03,27.48495752694072,27.615092645537473,26.821257996990507,27.166120529174805,2106200,-0.009298014243971302
2017-04-04,26.996948133566047,27.244206888119116,26.938386327031115,27.049001693725586,1564500,-0.004320529506712344
2017-04-05,27.32880118443581,27.66715806838912,26.892842928410992,26.938390731811523,1594900,-0.0040976647219123875
2017-04-06,26.970922009035828,27.361332425277105,26.74318053108767,27.302770614624023,1697000,0.013435750829099195
2017-04-07,27.166120563702343,27.45892954525375,27.146600792321678,27.185640335083008,2518000,-0.004299279715345481
2017-04-10,27.172636088584717,27.478459188313415,27.133596531798364,27.354829788208008,1755200,0.006204200126876836
2017-04-11,27.133588814213525,27.218178633472768,26.372285405217276,26.684614181518555,4021000,-0.024805953739699953
2017-04-12,26.67810896648254,26.91235617406691,26.378794193310743,26.554479598999023,3282000,-0.00488869484643913
2017-04-13,26.424345187886104,26.8082498285798,26.339755356636623,26.411331176757812,2282600,-0.005405327273641918
2017-04-17,26.580502710856194,26.94488749853923,26.495915379743582,26.918859481811523,2055600,0.019034007624642184
2017-04-18,26.762696832653578,27.21817720500148,26.717149043635622,27.094545364379883,2356000,0.006505292626401083
2017-04-19,27.21818136790013,27.35482475585299,26.78222070069074,26.814754486083984,2922900,-0.010380153008846815
2017-04-20,27.035995160200464,27.14661303965606,26.821270131633984,27.08154296875,2065700,0.009900148036927013
2017-04-21,27.062013004237894,27.120574804929912,26.613040853711393,26.684614181518555,2227500,-0.014765273159042374
2017-04-24,27.270238876342773,27.413390531401337,27.101061678502806,27.270238876342773,2438500,0.021708805065952696
2017-04-25,27.45893940992024,27.484967435890592,27.27674571029695,27.354829788208008,1813000,0.0030971486737473696
2017-04-26,27.25722179373767,27.849345642737028,27.25071602931737,27.634620666503906,2761500,0.01017625346255507
2017-04-27,27.738725853910772,27.77776539855157,27.166121871551162,27.510984420776367,2051000,-0.0044840002276509685
2017-04-28,27.556539095786274,28.20722481216535,27.50448552920384,28.051061630249023,4427700,0.019441120630224497
2017-05-01,28.155159710266503,28.265775045290134,27.797283209315694,27.816802978515625,3130500,-0.008386217239432349
2017-05-02,27.78427901154078,27.85585483343398,27.569551545861184,27.751745223999023,2202700,-0.0023415326239675854
2017-05-03,27.647631709827124,27.82982288006481,27.60208143509917,27.803794860839844,1926400,0.0018737879963201143
2017-05-04,27.771258682142328,28.018519879111878,27.43940767107324,27.62810707092285,3080400,-0.006338890497266189
2017-05-05,27.73221871046552,27.829822540283203,27.5565333060948,27.829822540283203,1306000,0.007274572286736508
2017-05-08,27.84284322951612,28.005514663459774,27.712705585927377,27.966472625732422,2014500,0.00489818753214137
2017-05-09,27.966470198974406,28.376402871948326,27.966470198974406,28.259279251098633,2352700,0.010415486235992906
2017-05-10,28.16167173846523,28.467494762204566,27.972974802489578,28.460988998413086,1987100,0.007112469805483874
2017-05-11,28.324343653234497,28.44797550704249,28.142152477730427,28.187700271606445,2102400,-0.009648620312175756
2017-05-12,28.08359929085648,28.200722934523302,27.972983895265234,28.090105056762695,1226600,-0.003468341102092517
2017-05-15,28.213738047524785,28.40894330051694,28.148667975081093,28.356889724731445,1283300,0.009452643333361528
2017-05-16,28.35037713755526,28.369896915216255,28.070582074291917,28.25277328491211,1632500,-0.0036784022967401163
2017-05-17,28.252770613001513,28.252770613001513,27.23119430920342,27.361331939697266,2050700,-0.03206084857567348
2017-05-18,26.996937282935676,27.465429064749816,26.80172968483142,27.24419593811035,4859200,-0.0042902682497641025
2017-05-19,27.289759723282128,27.50448721428377,27.19866411455507,27.354829788208008,2885300,0.004052599841947172
2017-05-22,27.484965404537498,27.60859479550573,27.218184363481523,27.40688133239746,1729600,0.0019010202128444608
2017-05-23,27.315787171725788,27.32880118443581,26.834281112300435,26.938390731811523,3036000,-0.017241691453474973
2017-05-24,27.049003005311047,27.10105905016346,26.580508530314663,26.905851364135742,3629800,-0.0012086481439930318
2017-05-25,27.133588790893555,27.289751937825745,26.95790338896849,27.133588790893555,2258900,0.008428613410404105
2017-05-26,27.022970953162158,27.237698382904505,27.003451180337752,27.133588790893555,2092900,0.0
2017-05-30,27.029485386070824,27.159623026415805,26.944895547521234,27.07503318786621,2426300,-0.002160380532260167
2017-05-31,27.133592122831132,27.192153930664062,26.80824929757457,27.192153930664062,2892600,0.004316454596745787
2017-06-01,27.328788891173247,27.914406788851306,27.133583752669896,27.816802978515625,2167500,0.02271178853543003
2017-06-02,27.66715720548243,27.927430005057975,27.55003357691427,27.823320388793945,2954700,0.0002342701602261452
2017-06-05,27.83634130678315,28.044560590966586,27.77127371128945,27.855863571166992,1998900,0.0011689534136193867
2017-06-06,27.628110406503172,27.82331559308092,27.569548602312988,27.68667221069336,1561100,-0.006092335591391579
2017-06-07,27.80379616151548,27.82331593576308,27.54352340359574,27.66064453125,1754700,-0.0009405218859424332
2017-06-08,27.660651541169184,28.070584279436847,27.608597969260984,27.91442108154297,2187300,0.009132812041294996
2017-06-09,28.00551096780195,28.474002947861635,28.00551096780195,28.42194938659668,2005400,0.018018272453890847
2017-06-12,28.441479254336485,28.688740584050503,28.376411659123683,28.56511116027832,2431900,0.005024371268704487
2017-06-13,28.630166391323993,28.831879820843554,28.604138371611423,28.721261978149414,2162000,0.005451600303841879
2017-06-14,28.623650628068262,28.786321971191214,28.447965279635348,28.76029396057129,1852500,0.0013580700029257767
2017-06-15,28.4674968612328,29.085648718081888,28.38941527913495,28.95551109313965,2986000,0.00676479785232583
2017-06-16,28.929486732491632,28.929486732491632,28.6041438700511,28.71476173400879,2976200,-0.00834921514561958
2017-06-19,28.85139786595334,29.41749360885777,28.812355838723633,29.176740646362305,2098700,0.015960501982735877
2017-06-20,29.03359287765185,29.163730503501373,28.955511295009636,28.962017059326172,1789700,-0.00738662371969997
2017-06-21,29.12468976178545,29.12468976178545,28.70174556174225,28.799346923828125,1891900,-0.005632504301866934
2017-06-22,28.70175246849589,29.085657208954643,28.623670863603955,28.851409912109375,1641700,0.0018061515682321486
2017-06-23,28.942495976564818,28.955509986778665,28.519551814373735,28.61715316772461,3415200,-0.008152563046807757
2017-06-26,28.77983437244213,28.896958022081808,28.552095321570253,28.78634262084961,2183300,0.00589476096253949
2017-06-27,28.896953438025623,29.09215866240229,28.818871844708777,28.929487228393555,1462200,0.004960334155215303
2017-06-28,29.21054270185565,29.458921260101942,29.16478908499253,29.328195571899414,1844900,0.013687965243400489
2017-06-29,29.64847558264437,29.80534442541581,28.94255831001698,29.119037628173828,1250300,-0.007157185212071487
2017-06-30,29.380476085977534,29.413156872714822,29.0994168319453,29.275896072387695,1544200,0.005372343508075779
2017-07-03,29.491604140855305,29.694229096543403,29.41970488259871,29.45892333984375,1038200,0.00623234605020035
2017-07-05,29.583108166072837,29.65500741651572,29.31512163748529,29.570037841796875,1290000,0.0037647497420738394
2017-07-06,29.4589305405023,29.74652515044025,29.341277633394526,29.360885620117188,1648300,-0.00709824613536642
2017-07-07,29.504676258839186,29.838026904037623,29.419704183520043,29.68769073486328,1312000,0.011069139063196797
2017-07-10,29.53735605207442,29.929533121679658,29.53735605207442,29.76612663269043,1627800,0.0026385502834171018
2017-07-11,29.785734891407202,29.798807709854536,29.38048749308052,29.674619674682617,1526600,-0.003078932751745285
2017-07-12,29.75958830205479,30.321707010373665,29.700761867617114,30.053720474243164,3117200,0.012694338717282531
2017-07-13,30.13869434278027,30.40014323880151,30.09294072364192,30.275955200195312,1654600,0.007367376955901848
2017-07-14,30.132158874817613,30.465509545187366,30.092942908928528,30.243276596069336,2124200,-0.0010799412461810997
2017-07-17,30.15177550521035,30.249817933329222,30.053730583705548,30.16484832763672,1754300,-0.002596614697044363
2017-07-18,30.027579246288706,30.262885018582722,29.994898443111303,30.223669052124023,1013400,0.0019480770729797723
2017-07-19,30.33478151560254,30.458969553707067,30.2498094403809,30.439361572265625,1093000,0.007111198595573833
2017-07-20,30.458973813176094,30.753106042856185,30.406685024224956,30.596237182617188,2493300,0.00514047405114187
2017-07-21,30.55048443731623,30.6942804811133,30.458974690590903,30.504728317260742,1072100,-0.0029953351154490154
2017-07-24,30.236730957380267,30.54393590713543,30.236730957380267,30.49818229675293,1032600,-0.00021461338375658293
2017-07-25,30.805388552338542,31.099520698254764,30.700808510833312,30.903430938720703,1365500,0.013200126345849173
2017-07-26,30.923042281670206,31.14527518780124,30.798851764682755,30.864215850830078,2537400,-0.0012697616049091884
2017-07-27,30.929576148077214,31.014548209817132,29.707296462245363,30.001428604125977,2767700,-0.02835244908468657
2017-07-28,29.91645989853922,29.955678352984602,28.955628958400805,29.210542678833008,2309800,-0.026715305909782903
2017-07-31,29.230153164290456,29.387021995363703,29.020993060602716,29.26936912536621,2966900,0.002011852089383208
2017-08-01,29.413160833159885,29.46545209368786,29.11249356527765,29.230146408081055,2059400,-0.0013409589055539421
2017-08-02,29.17132900460022,29.230155444187318,28.458876566661065,28.720325469970703,3146700,-0.017595511304249346
2017-08-03,28.70724617414143,28.792218232904496,28.51115891755222,28.648422241210938,1272700,-0.0025067051061495515
2017-08-04,28.837972870180227,28.837972870180227,28.445798343032873,28.628812789916992,1693500,-0.000684720624151379
2017-08-07,28.64188600685874,28.6941772743477,28.432725923672628,28.491552352905273,1581700,-0.004806016238499195
2017-08-08,28.45886820316528,28.720317029640306,28.45886820316528,28.5307674407959,2163400,0.0013754296287762538
2017-08-09,28.28892743146285,28.56998676075385,28.28892743146285,28.491552352905273,1499700,-0.0013754296287762403
2017-08-10,28.321611428105662,28.4654074305241,27.850999982483682,27.864072799682617,1940900,-0.022269488927775874
2017-08-11,27.883676553674878,28.17127100831852,27.864068577540063,27.942502975463867,1383700,0.00281078802375948
2017-08-14,28.15166883519887,28.288929683205787,28.04708878528145,28.118988037109375,1250200,0.006296145231520116
2017-08-15,28.171280335372483,28.288933217903423,27.890220948591384,28.034019470214844,1360700,-0.0030263252322924854
2017-08-16,28.138594663631558,28.360827570688325,27.962115370376043,27.99479866027832,1223200,-0.0014000229757283817
2017-08-17,27.90983063128359,28.04709149253967,27.49151039123535,27.49151039123535,1826600,-0.018141486821508228
2017-08-18,27.44575513311743,27.60262396708244,27.341175079345703,27.341175079345703,1796700,-0.0054834333678884396
2017-08-21,27.295420427866965,27.41307330632467,27.203913187596594,27.301958084106445,1372400,-0.0014353862856030064
2017-08-22,27.386927183093608,27.84446333468673,27.386927183093608,27.78563690185547,2398100,0.017560804664748023
2017-08-23,27.622234349817322,27.962120177475807,27.589553547681685,27.681060791015625,1740800,-0.003770775586124023
2017-08-24,27.759498004758175,27.798713970385734,27.60262666209172,27.70720672607422,2014900,0.0009440965811958108
2017-08-25,27.86407177998772,27.994797453808204,27.81831816815828,27.890214920043945,2055200,0.0065833576279067385
2017-08-28,28.00133850333291,28.040556961740993,27.7791055591245,27.844467163085938,1480600,-0.0016416265607730155
2017-08-29,27.530722446069536,27.76602817103008,27.406534421622563,27.7137393951416,965100,-0.004705983771035505
2017-08-30,27.74641598813811,27.90328478542274,27.667981589495795,27.850996017456055,1083800,0.004940432109452444
2017-08-31,28.020946524813343,28.33468671235824,27.86407767773358,28.25625228881836,2089600,0.014446023686237427
2017-09-01,28.28239281879607,28.478480088916797,28.223566388421357,28.36736488342285,943200,0.003924607532031082
2017-09-05,28.112454580707524,28.223572302871894,27.262741236530943,27.275814056396484,3468100,-0.03923898307390947
2017-09-06,27.458827061573263,27.537263976521217,27.164697357367007,27.197378158569336,2621300,-0.0028798000941446327
2017-09-07,27.24313352546037,27.282351985448607,26.765986815838115,26.890174865722656,1783600,-0.011359604165362996
2017-09-08,26.8509518465037,27.04050145319646,26.77251494712931,26.824806213378906,1662600,-0.002433908876085458
2017-09-11,27.125480368020934,27.400002105040954,27.118945204780882,27.275814056396484,2025500,0.016673313135592956
2017-09-12,27.4457462664426,27.667979120585695,27.354236567243625,27.57646942138672,2791000,0.010962474372296312
2017-09-13,27.563409214163833,27.563409214163833,27.11240813920537,27.445758819580078,2171900,-0.004751201537008668
2017-09-14,27.45882900453609,27.654918812395813,27.360786593991712,27.550338745117188,2146200,0.0038031808154871042
2017-09-15,27.52417900696669,27.857527021492288,27.4522797800299,27.766019821166992,4614000,0.0077981333051767385
2017-09-18,27.83792879673847,27.994800118934286,27.779102362588176,27.955581665039062,2419100,0.006803916976620254
2017-09-19,27.968649951605226,28.132056409616403,27.909823526985818,28.00786590576172,2013300,0.001868514475216074
2017-09-20,28.0863094329834,28.171279015976474,27.916365280226724,28.0863094329834,2461200,0.002796852895424276
2017-09-21,28.027485323789794,28.105919750527054,27.739888270110722,27.831398010253906,1806000,-0.009117440618835536
2017-09-22,27.79871370515296,28.06016510930736,27.779105722526264,28.034019470214844,1154300,0.007253945556621958
2017-09-25,27.96212009471542,28.419658803416315,27.96212009471542,28.373905181884766,2171400,0.012051137396761648
2017-09-26,28.46540097321749,28.524227390575607,28.2627785860607,28.432720184326172,1816300,0.0020707099947593964
2017-09-27,28.720327395334202,29.269373370492485,28.707254575284544,29.073286056518555,4174200,0.022279146468617235
2017-09-28,29.047023104414105,29.335916634952717,29.0076275074395,29.250560760498047,2166200,0.006078997170945707
2017-09-29,29.165200620630912,29.329345160381372,29.13893939780249,29.224292755126953,2042800,-0.0008984377235255064
2017-10-02,29.27682524650337,29.40814140182314,29.11924535919018,29.368745803833008,1507800,0.004930733920689338
2017-10-03,29.316213692999348,29.454094495358703,29.158633844126708,29.395002365112305,1635600,0.000893631323554567
2017-10-04,29.414702568622463,29.519754979399266,29.30308547795519,29.460662841796875,3465200,0.0022312381890241795
2017-10-05,29.546019048771623,29.611675867021177,29.388439178466797,29.388439178466797,3107200,-0.0024545387138128804
2017-10-06,29.473787952038283,29.65762900260708,29.237419455794704,29.3293399810791,2620100,-0.0020129922551606876
2017-10-09,29.473797996895836,29.500061728684074,29.309653430190338,29.355613708496094,1374800,0.000895416201959667
2017-10-10,29.395010699259814,29.775824809647418,29.322786685743,29.49349594116211,2355600,0.004685966730560194
2017-10-11,29.54601176078036,29.572275483460647,29.32277512729083,29.500051498413086,3364000,0.00022224658670248816
2017-10-12,29.460657912579286,29.631369616933316,29.388433922633087,29.414697647094727,2136500,-0.0028975396576810136
2017-10-13,29.38843527881947,29.611671937751847,29.309646606445312,29.309646606445312,1914000,-0.003577771843793836
2017-10-16,29.322781947021916,29.473794630585584,29.263689809571172,29.381874084472656,2360500,0.002461258922538874
2017-10-17,29.388442984409476,29.473798862905543,29.07985289309621,29.145509719848633,1425000,-0.008077096028652423
2017-10-18,29.217724722925677,29.493486315833024,29.178329136233216,29.414697647094727,1420300,0.009193608949907516
2017-10-19,29.230861475924815,29.532886843827246,29.230861475924815,29.460662841796875,1986400,0.001561441107432138
2017-10-20,29.697030480672396,29.808650072560607,29.473793801542936,29.591978073120117,2007700,0.0044474030537266975
2017-10-23,29.572284789375356,29.808653358586355,29.243995666503906,29.243995666503906,2821800,-0.011829037309697135
2017-10-24,29.39500110607181,29.657630836748336,29.37530456504889,29.414697647094727,2593100,0.005820193148538369
2017-10-25,29.375315425312465,29.375315425312465,28.70560523182376,28.987934112548828,3616300,-0.014614791072629819
2017-10-26,28.876303978265433,28.987923555520243,28.075277910290016,28.85660743713379,3197900,-0.004540684307826825
2017-10-27,28.731860723716693,28.85661218379534,28.1146781218198,28.15407371520996,2490900,-0.02464693532718513
2017-10-30,28.009630140516652,28.331354609133122,27.90457771284244,27.93084144592285,2493600,-0.007960552227072365
2017-10-31,27.93740373437136,27.95710278481841,27.655074889553536,27.66164207458496,2432300,-0.00968481558768744
2017-11-01,27.871751329598528,28.05559246526152,27.740435159275982,27.845487594604492,1759100,0.006624237044301076
2017-11-02,27.79952535076976,28.423275237340597,27.77982880323669,28.2525634765625,1995800,0.014513268091394206
2017-11-03,28.14095388426027,28.186914177211943,27.832361199029222,28.094993591308594,1900000,-0.005592799552544035
2017-11-06,28.06215848038504,28.15407904438097,27.95710604944005,27.96367073059082,1816300,-0.004685202636555875
2017-11-07,28.029317312018936,28.127805025802004,27.366174553772307,27.43183135986328,2309700,-0.019202126247829947
2017-11-08,27.392439852841218,27.569716245054284,27.156071329890462,27.504056930541992,3167300,0.002629450966950533
2017-11-09,27.300521879310214,27.392442423607367,26.8474813329214,27.136377334594727,2921000,-0.013458353712207454
2017-11-10,27.110124089067586,27.215176538120524,26.926280424738984,27.00507164001465,1961200,-0.004850477942649888
2017-11-13,26.788383302283567,26.90000287054643,26.571713853350193,26.794950485229492,1799400,-0.007811231849661379
2017-11-14,26.624246603245528,26.827786755283345,26.624246603245528,26.808090209960938,2339900,0.0004902604338938534
2017-11-15,26.59141452649894,26.748994381293166,26.40757344977803,26.55858612060547,2766600,-0.009350625687830842
2017-11-16,26.66364219257321,26.86061515969472,26.466669225451696,26.62424659729004,2033000,0.0024692370334830124
2017-11-17,26.525760263737514,26.729297902624346,26.440404396494646,26.578285217285156,1829600,-0.001727789632228286
2017-11-20,26.643945148265566,26.919706796141764,26.558589279074166,26.762126922607422,2086600,0.0068931763327800405
2017-11-21,26.900005002424397,27.556583088851966,26.84747755327981,27.300518035888672,3961600,0.01991796417007504
2017-11-22,27.35304794601655,27.517192497421988,27.11011471123768,27.18233871459961,2224800,-0.0043382272400624795
2017-11-24,27.261119124168214,27.28081566287186,27.005054102435516,27.057579040527344,660500,-0.004600298055643649
2017-11-27,27.070714069123436,27.24799045214074,27.011621941451,27.037885665893555,1814300,-0.0007280971005854685
2017-11-28,27.07728514240719,27.727296135536186,26.952533685706918,27.68790054321289,2865200,0.02375645898457348
2017-11-29,27.878311416171357,28.731862625615744,27.87174673582864,28.318220138549805,3005200,0.02250990436270014
2017-11-30,28.449534290748627,28.836913019964502,28.383874968693114,28.462663650512695,3581500,0.0050877624265228535
2017-12-01,28.508625720811512,28.60711345777993,27.792957850143477,28.54802131652832,2921900,0.002994446737358918
2017-12-04,28.94853268434412,29.355610463473386,28.896005226574125,29.296518325805664,2752900,0.02588105269224338
2017-12-05,29.329352638188517,29.355616372360046,28.935406644205774,28.987934112548828,2239800,-0.010589002168705366
2017-12-06,28.863177233711156,29.480362348167017,28.83034882445537,29.079849243164062,2473500,0.0031657901187085837
2017-12-07,28.968223480827874,29.41469676469569,28.968223480827874,29.217723846435547,1544200,0.004730037736498757
2017-12-08,29.401563966558694,29.401563966558694,29.053578405225906,29.3293399810791,1504800,0.003812873355881041
2017-12-11,29.349049482163064,29.401574441905243,28.909140734166424,28.955101013183594,1642900,-0.012841990235664699
2017-12-12,28.987934112548828,29.092986544587397,28.856617946338734,28.987934112548828,1746700,0.0011332890245762664
2017-12-13,28.99449806366902,29.289958804039973,28.672773589787877,28.68590545654297,2671200,-0.0104737752610863
2017-12-14,28.817215851142354,28.86974330764839,28.27882194519043,28.27882194519043,2254300,-0.014292719718946061
2017-12-15,28.423270224643453,28.797519589654254,28.40357117593704,28.534887313842773,2928000,0.009014271587506074
2017-12-18,28.79094916229127,28.876305018012864,28.587411550877796,28.659635543823242,1879400,0.004362250843940988
2017-12-19,28.8500457812085,28.99449378957391,28.65964000294614,28.679336547851562,2699100,0.0006871767694780646
2017-12-20,28.915709367785926,28.97480151586012,28.54802461258569,28.68590545654297,2674900,0.0002290205180207401
2017-12-21,28.712154074949808,28.895995103445703,28.712154074949808,28.784378051757812,1730100,0.003426908154019564
2017-12-22,28.969199771710294,29.061605111036855,28.817390640265703,28.98240089416504,966400,0.006855968834702105
2017-12-26,29.021993850654773,29.11439915683337,28.7051745789614,28.757976531982422,941100,-0.007773606697073706
2017-12-27,28.76459173424416,28.81739371183451,28.59297964189745,28.665584564208984,1021700,-0.0032179142406376067
2017-12-28,28.68537616652982,28.744779946705027,28.619373085382325,28.731578826904297,1415300,0.0022995663157469263
2017-12-29,28.86359953190505,28.86359953190505,28.599584579467773,28.599584579467773,1092800,-0.0046046329016477434
2018-01-02,28.889993610325863,28.889993610325863,28.427964426934413,28.546772003173828,2377900,-0.0018483275045867566
2018-01-03,28.54677470644171,28.718384267340237,28.42136781647189,28.678783416748047,2033100,0.004613730588625561
2018-01-04,28.83058921800747,29.068204365506634,28.546771404923074,28.57977294921875,2110500,-0.003458367534780648
2018-01-05,28.625967872646243,28.764578349769895,28.421356842638136,28.757976531982422,1973800,0.006215945277280278
2018-01-08,28.7183817140534,29.068205142941682,28.625976380411533,28.988998413085938,2404400,0.008001219589921539
2018-01-09,29.074798335803226,29.41142057231973,28.790980574762237,28.8173828125,2258200,-0.005937617998007874
2018-01-10,28.87679212306899,28.988997878176104,28.5401723398912,28.559972763061523,4639500,-0.008972591148720531
2018-01-11,28.658983222445357,29.008806715989266,28.401567597478966,29.00220489501953,2530000,0.015365674162404369
2018-01-12,29.154007399726588,29.48402787299235,29.12100585597129,29.39162254333496,1996200,0.013337828274751216
2018-01-16,30.210071247321732,30.295877266345332,28.876788373423224,28.90319061279297,4716100,-0.016757695382468532
2018-01-17,29.11441213237961,29.827255181921608,29.074808761571827,29.635845184326172,3268900,0.02503262378361431
2018-01-18,29.622636569290208,29.833849457803172,29.424624801041332,29.457626342773438,3033200,-0.006031779053827553
2018-01-19,29.543434001158975,29.728247192982522,29.523633576907255,29.629240036010742,2948000,0.005808877211428318
2018-01-22,29.60284268153078,29.932863235473633,29.431233101337586,29.932863235473633,2339800,0.010195268895932244
2018-01-23,29.86685784020064,30.124273449667932,29.80085474161917,30.038467407226562,2266600,0.00352182550475778
2018-01-24,30.170475633259723,30.33548589489583,29.814052863840114,30.045068740844727,2306200,0.0002197385196656794
2018-01-25,30.084665925315793,30.183670551230204,29.635837904506282,29.80744743347168,2191000,-0.007940269549893584
2018-01-26,29.926258139776895,30.295881995077654,29.71504522756404,30.269479751586914,3239500,0.015381659791566422
2018-01-29,30.163870859830347,30.27607660882089,29.741445069514363,29.78104591369629,2996000,-0.016267787969003616
2018-01-30,29.464236332676474,29.84045958418818,28.018747130439756,28.196958541870117,4830500,-0.0546580289832114
2018-01-31,28.328954115756094,28.328954115756094,27.873526802851018,27.992334365844727,6746900,-0.007283418958099674
2018-02-01,27.781124476620896,28.01873962823836,27.332296416422682,27.76792335510254,6795300,-0.008049181676447399
2018-02-02,27.444500578558014,27.701916114957772,26.84386096981711,26.982471466064453,3831600,-0.028694068148818874
2018-02-05,26.59306010651038,27.03528649452587,25.702002990732616,25.70860481262207,5026700,-0.04836169674494277
2018-02-06,24.870341438189424,26.289430387450704,24.42811272368577,26.216825485229492,5570500,0.019575645267374778
2018-02-07,26.045215968292013,26.619453422764042,26.032014846801754,26.032014846801758,3689000,-0.007074277935981247
2018-02-08,26.012215945267695,26.111223103308525,25.074958925336098,25.081558227539062,4718000,-0.03719427668604761
2018-02-09,25.378571869049146,25.536980267312796,24.461115465715892,25.226762771606445,4443900,0.005772601605594716
2018-02-12,25.477579085777705,25.972609787065014,25.398374878571513,25.629390716552734,3152400,0.015834322091932324
2018-02-13,25.37197653578564,25.72179999726156,25.279571193535798,25.63599395751953,3141500,0.00025761012212417424
2018-02-14,25.51718179537133,26.315830702060044,25.418174650504735,26.276229858398438,3193400,0.024667344898831423
2018-02-15,26.388434921985358,26.56004696625881,25.451178051060047,25.781198501586914,5113300,-0.01901923681909313
2018-02-16,25.6491953953594,26.09142168665888,25.58979160063264,25.80760383605957,4494600,0.0010236848146132863
2018-02-20,25.708602334095982,25.913213471511167,25.477586429525932,25.649198532104492,3351500,-0.006156846016481549
2018-02-21,25.814200168312187,26.302629027462192,25.649189942248167,25.787797927856445,3428100,0.005389106702556347
2018-02-22,25.99241055617924,26.17722119684238,25.517180316924158,25.55678367614746,3469300,-0.008998644194435707
2018-02-23,25.662396821946814,25.952813978570234,25.503985861516078,25.94621467590332,3241900,0.015122941739454165
2018-02-26,26.144224729556772,26.302633161475967,25.78780198095364,26.29603385925293,3368300,0.013392394916529205
2018-02-27,26.216829991538305,26.467643765051427,25.847206115722656,25.847206115722656,3356100,-0.017215609497369316
2018-02-28,25.933017690125197,26.137628837582064,25.517191055777285,25.52379035949707,3681800,-0.012591541977124287
2018-03-01,25.56338635839014,25.7283966001958,25.147559844040064,25.319171905517578,4802700,-0.008049080918681206
2018-03-02,25.15415739903519,25.662389159772964,25.074953201396692,25.602985382080078,2746700,0.011147069586029783
2018-03-05,25.34557833656607,26.091422939913496,25.28617453898596,25.99241828918457,3244000,0.01509593006071421
2018-03-06,26.045221296470153,26.395044792885603,25.781206366223824,26.13762664794922,3372700,0.0055710189584465995
2018-03-07,25.873609757283266,26.09142199528663,25.622793452374932,25.94621467590332,2315800,-0.007350181128545354
2018-03-08,26.071614859210936,26.150819060112614,25.787797078302425,26.084815979003906,2212500,0.005327652717726674
2018-03-09,26.256427473167314,26.771261112346515,26.065017516429545,26.70525550842285,4139000,0.023506999775901278
2018-03-12,26.685458028769382,26.758062942163356,26.216829519589425,26.2894344329834,2956500,-0.0156932556767068
2018-03-13,26.461044790252863,26.46764409264524,25.933012473878307,26.018815994262695,2756400,-0.010347157511720977
2018-03-14,26.16402980412602,26.177230928774915,25.576593605464108,25.649198532104492,4673600,-0.014307643552774927
2018-03-15,25.662389283721044,25.741593481742093,25.345569973780794,25.517179489135742,4205900,-0.005160394033848102
2018-03-16,25.5897907794887,25.92641059356744,25.56999035450074,25.735000610351562,3801300,0.008500026038467829
2018-03-19,25.662391217257507,25.794399902476176,24.982547369631064,25.239965438842773,2490400,-0.01942328845043104
2018-03-20,25.325777053833008,25.437985353449708,25.061762116709524,25.325777053833008,2546000,0.0033940645637496086
2018-03-21,25.325774370226743,25.90001189628267,25.31917506758719,25.5369873046875,2226100,0.0083051508326433
2018-03-22,25.2465616164695,25.325765810658762,24.546917433872537,24.599721908569336,2704900,-0.03739274542274973
2018-03-23,24.75153987820864,24.81094367463061,24.137701487800516,24.190505981445312,4543800,-0.016774896973977944
2018-03-26,24.672333724162034,25.279570246399544,24.507323471224886,25.154163360595703,4080300,0.039063182651346416
2018-03-27,25.173959512495472,25.38517239897764,24.685530656701538,24.824138641357422,4365700,-0.013206911919100632
2018-03-28,24.97577502212856,25.069642539201684,24.246503824092628,24.62919044494629,7007700,-0.007884169169017274
2018-03-29,24.802483481051496,25.199614258685397,24.744720757110862,25.040761947631836,5216000,0.016572632053493158
2018-04-02,24.831359417869102,24.946887588511938,23.762723150820662,24.152631759643555,4279800,-0.036111625271686466
2018-04-03,24.427012254811387,24.723053364924866,24.08764704770245,24.528099060058594,4089600,0.015426011057622516
2018-04-04,24.05877104308899,24.889131897342576,24.00100831868706,24.816925048828125,3119400,0.01170652127278318
2018-04-05,24.766376062480305,24.88190423971321,24.419791530781577,24.58586311340332,2628300,-0.009354274480921104
2018-04-06,24.275383739211815,24.53532285998158,23.784388234293225,23.98656463623047,4056500,-0.024677740791387733
2018-04-09,23.78438452723584,24.340364725691256,23.78438452723584,23.878252029418945,2695600,-0.004525779026616876
2018-04-10,24.18152015948031,24.232063573834264,23.842154873609914,23.892698287963867,3254200,0.000604813548372571
2018-04-11,23.582209522709533,23.741061785603346,23.40169658920612,23.452239990234375,4382200,-0.018606888993657724
2018-04-12,23.79160808535512,24.41257309296944,23.712181944231087,24.07320785522461,5515100,0.026133502537674717
2018-04-13,24.275382393511773,24.42701537516131,23.82771101834116,23.936019897460938,3536100,-0.005715081770311338
2018-04-16,24.0659856318065,24.54253966637649,24.015439476337935,24.43423080444336,4681100,0.020600617903909827
2018-04-17,24.52087700002159,24.59308382834735,24.210394524242957,24.528099060058594,4409400,0.0038343098001545686
2018-04-18,24.60030447985856,24.997432416946122,24.48477630262565,24.58586311340332,6075700,0.002352246791862023
2018-04-19,24.585866597841083,24.780820941003256,24.41257568463653,24.67251205444336,3466500,0.003518144076753075
2018-04-20,24.658069937099803,24.773598114292515,24.26093924574141,24.578643798828125,4904700,-0.0038118240129709833
2018-04-23,24.564200145600143,24.585860816054485,24.14540882075786,24.289819717407227,3022500,-0.011820606733603274
2018-04-24,24.427019169195944,24.564208050234694,23.89269950597463,24.051551818847656,3703300,-0.00985780173308709
2018-04-25,23.96489750827578,24.470334303505386,23.95045614219391,24.24650001525879,3811900,0.008072758536990323
2018-04-26,24.21762209107518,24.520882575774582,23.726626564448974,24.390913009643555,3790000,0.005938367597583926
2018-04-27,24.427012955162876,24.86746222573836,24.311482026529244,24.751934051513672,4371600,0.014692984160231036
2018-04-30,24.889123974459025,24.910784644913367,24.289819717407227,24.289819717407227,5613500,-0.018846308561718168
2018-05-01,24.253719031306478,24.405349241740968,23.63997612940941,23.849369049072266,4776000,-0.0182995588765512
2018-05-02,23.842148850665687,23.85659021603432,23.459462308827796,23.48834228515625,4036900,-0.015253536925753755
2018-05-03,23.380038977168788,23.437801691153826,22.867381462807057,23.358375549316406,3006500,-0.005548609392022033
2018-05-04,23.19952789563554,23.95045976460553,23.127321054305206,23.726625442504883,2348400,0.015642238250155652
2018-05-07,23.79160612715106,24.217616777236334,23.639975918072118,24.181514739990234,4432900,0.018990633607060985
2018-05-08,24.1165366055312,24.232064809145314,23.856597458797026,24.051551818847656,2675500,-0.0053889683959769
2018-05-09,24.02988575106512,24.04432711923395,23.242849089524594,23.58221435546875,5715400,-0.019706720257445003
2018-05-10,23.603870446913305,24.138189947763866,23.538885679977543,23.972118377685547,2688200,0.016398621843595793
2018-05-11,24.04432653751877,24.159854725665046,23.892696307028523,24.015443801879883,2161000,0.0018056943924016115
2018-05-14,24.058770355948365,24.39091358639963,24.044328986657934,24.33315086364746,2193100,0.013142538557047417
2018-05-15,23.928794405997984,24.398129142352857,23.928794405997984,24.232057571411133,2670900,-0.004163204133516409
2018-05-16,24.20318104650414,24.506441535267925,24.20318104650414,24.297048568725586,3285300,0.002678435328301502
2018-05-17,24.31870471154227,24.773598114292515,24.195954473919947,24.578643798828125,2188200,0.011523042736305581
2018-05-18,24.535322927873164,24.766379312661343,24.405353367128644,24.62919044494629,2750400,0.0020544153049267804
2018-05-21,24.751939092281923,24.997436856806484,24.73027841595636,24.910791397094727,3615000,0.011368756092169049
2018-05-22,25.011871388127027,25.112958189224067,24.838580516077457,24.889123916625977,1986100,-0.0008701814731812651
2018-05-23,24.686948907819442,24.737492311127404,24.275379621220946,24.45589256286621,1896900,-0.0175597260528184
2018-05-24,24.362026175266106,24.513656374975604,24.15263051600515,24.491992950439453,2254800,0.0014750542843771084
2018-05-25,24.362031533347697,24.614748588445043,24.304266061091546,24.57142448425293,1505500,0.0032379156350666265
2018-05-29,24.289821968472697,24.354806740266955,23.567770172718294,23.7049617767334,2594200,-0.03589977752267921
2018-05-30,23.907139060967157,24.405353884782375,23.87825632365367,24.325927734375,1721500,0.025858382579439464
2018-05-31,24.268159616876243,24.369246420582137,24.0515446440195,24.239276885986328,4902300,-0.003568437156402471
2018-06-01,24.535322935446626,24.809703425370795,24.506440198736843,24.636409759521484,2534800,0.016251090917336616
2018-06-04,24.672504528401394,24.744711348885332,24.4270096019817,24.441448211669922,1636600,-0.007945031892795695
2018-06-05,24.37647164069461,24.441456423760123,24.04432841809732,24.390913009643555,1977500,-0.0020697430475545386
2018-06-06,24.54975872344984,24.89634322195773,24.52809805304583,24.889123916625977,1829600,0.02022027225603084
2018-06-07,24.990212460207122,25.17072540458376,24.694171341605795,24.751934051513672,2069600,-0.005527288095799903
2018-06-08,24.759158763132685,24.8746869497289,24.47755898045499,24.84580421447754,2244800,0.0037852643418199083
2018-06-11,24.910787408028813,25.062417626845598,24.75915718921203,24.766376495361328,2233100,-0.003201947015454261
2018-06-12,24.77360304229514,24.838587827043472,24.383694333805128,24.593090057373047,3173300,-0.007021435279451429
2018-06-13,24.600309260274177,24.795263613690594,24.02988756928647,24.08043098449707,5073800,-0.02106599319633194
2018-06-14,24.145412840331723,24.33314786355145,23.892695794931182,23.936019897460938,4434600,-0.006015085238405602
2018-06-15,23.82770878896838,24.528099898418617,23.777165384617224,24.520877838134766,7282300,0.024140478260562648
2018-06-18,24.239274779090024,24.275376812359998,23.791603506843508,24.094863891601562,3259900,-0.01752621007689768
2018-06-19,23.827709556872843,24.203176825873864,23.791607517516965,24.123750686645508,2231400,0.0011981596216481779
2018-06-20,24.167074850384004,24.232059623159934,23.97212053205621,24.00100326538086,3709600,-0.005101228676208531
2018-06-21,23.950455346615264,24.029881480222716,23.712179700201766,23.78438377380371,2477200,-0.009066410835491938
2018-06-22,23.921578107319117,24.015442862861423,23.719401720161404,23.75550651550293,5656600,-0.0012148644717814466
2018-06-25,23.6399792480015,23.74106606829322,23.322274664902622,23.63275718688965,4743200,-0.005180590870273735
2018-06-26,23.661640341909752,23.81327057503491,23.40892053229183,23.437803268432617,3295800,-0.008283522920850819
2018-06-27,23.473903301429388,23.632755582192534,23.170642861146025,23.1778621673584,3799400,-0.011152636906774286
2018-06-28,23.16331709200286,23.286951805525575,22.95241024481679,23.126953125,3299600,-0.0021988669018173155
2018-06-29,23.323314813142137,23.68694616697882,23.286952232615878,23.30876922607422,5891400,0.007830912108018053
2018-07-02,23.054227096943592,23.206951591172718,22.748776721341883,22.988773345947266,4297900,-0.013823670031012977
2018-07-03,23.14877211607918,23.286952420049506,22.828776133727104,22.894229888916016,1549400,-0.004121072474344073
2018-07-05,23.04695818109512,23.185137112317335,22.872415278122048,23.068775177001953,2225200,0.007595070291417977
2018-07-06,23.01786656143146,23.22150063789262,22.923323010983147,23.112411499023438,2179300,0.001889788381322461
2018-07-09,23.206953606240173,23.570584971285797,23.141499849560475,23.512405395507812,1859700,0.01715840346933563
2018-07-10,23.497857605114092,23.65785350421961,23.308767759416362,23.628765106201172,2936900,0.004936659220291591
2018-07-11,23.32331363673141,23.526946296837014,23.192406134010117,23.374221801757812,3867600,-0.010831047539323766
2018-07-12,23.541492162432803,23.679673847103864,23.20695199563741,23.657854080200195,6160600,0.012061373503364106
2018-07-13,23.548767977154945,23.72330947877604,23.410586282893835,23.512405395507812,2601900,-0.0061669851843320295
2018-07-16,23.505135359059178,23.563317719383093,23.250593081217335,23.345136642456055,2323500,-0.007139489451745262
2018-07-17,23.316044872631963,23.468769385016273,23.29422510351475,23.352407455444336,1668700,0.0003114002326029355
2018-07-18,23.41786232156478,23.716039953585522,23.41786232156478,23.686948776245117,2452400,0.014224130094998757
2018-07-19,23.59240432566124,23.599678507290683,23.316046458065763,23.46877098083496,1707100,-0.009253568957729233
2018-07-20,23.37422593537819,23.425134109407455,23.2142286188371,23.257863998413086,1572700,-0.009027331619129065
2018-07-23,23.286955967209522,23.628770382405595,23.279681785365455,23.621496200561523,1818800,0.015513842074818518
2018-07-24,23.73785620633694,23.92694607884278,23.63603986312023,23.708765029907227,1621700,0.0036876588454428185
2018-07-25,23.6942179664382,23.905122022009905,23.48331113657971,23.83966827392578,2486100,0.005506115160572022
2018-07-26,23.897861077013946,23.977860445721817,23.774224932386872,23.803316116333008,2799600,-0.0015260238254424672
2018-07-27,23.8251277284215,24.006943425530075,23.483316104372786,23.59967803955078,3819800,-0.008591834043985044
2018-07-30,23.55604268342737,25.206929644900114,23.55604268342737,24.952388763427734,5906500,0.05573649008911442
2018-07-31,25.046926509336775,25.345104106794818,24.81420266616401,24.95965576171875,8939900,0.00029119217261098883
2018-08-01,25.025112439053057,25.076020612300468,23.59240385806551,23.59967803955078,4250100,-0.056027682261725394
2018-08-02,23.345137078924886,23.37422825963074,22.756055928213605,23.134231567382812,3747100,-0.019919662894533317
2018-08-03,23.156047021592187,23.585132172678826,23.156047021592187,23.49058723449707,2188100,0.015286391046306401
2018-08-06,23.490588939188328,23.766949592389377,23.35240999973157,23.730587005615234,2748500,0.01016500930029999
2018-08-07,23.80331717448123,24.246948039372874,23.78150017269578,24.050586700439453,2441000,0.013394584284220626
2018-08-08,24.01421704323633,24.232395319787,23.861492527079587,24.217849731445312,2619800,0.006930562200794487
2018-08-09,24.11603521574706,24.15967198408053,23.832403157298316,23.919673919677734,2184100,-0.012388656614661446
2018-08-10,23.62876629655645,23.665128876626515,23.003318544774523,23.337860107421875,3064700,-0.024624357700432312
2018-08-13,23.33786481518841,23.44695535169162,23.054232749425168,23.301502227783203,1862300,-0.0015591073798266256
2018-08-14,23.381498467696957,23.51967739113137,23.316044709378087,23.4542236328125,1584800,0.006532759158716726
2018-08-15,23.23604464319756,23.461494312642387,23.06877316204143,23.388769149780273,1932100,-0.002794634661191468
2018-08-16,23.388768698440746,23.774217047888673,23.366951704860547,23.519676208496094,2048500,0.005581400003807822
2018-08-17,23.439673954091653,23.905121587887557,23.439673954091653,23.79603385925293,3433700,0.011681565931384523
2018-08-20,23.876035525017606,24.152393350664585,23.77421641767256,24.065122604370117,2001700,0.0112446752378484
2018-08-21,24.02876790557059,24.24694623000848,23.992405313878926,24.123310089111328,1778300,0.002414999192504031
2018-08-22,24.05057701760654,24.23239269072076,23.985123264313938,24.065122604370117,2494400,-0.0024149991925041503
2018-08-23,24.07967016191958,24.13057833261515,23.64331084615968,23.665130615234375,1659800,-0.016760914774092698
2018-08-24,23.70876444118786,23.796037968309875,23.592402512645716,23.76694679260254,1549900,0.004293142502464915
2018-08-27,23.92694628747352,24.421485193941606,23.92694628747352,24.217849731445312,2487900,0.018794128295982163
2018-08-28,24.261488732972385,24.392396265827728,24.072398841386864,24.101490020751953,1887100,-0.004816288311035539
2018-08-29,24.04330472172055,24.268754372496442,23.876034641559215,24.18875503540039,1425600,0.0036141920397258324
2018-08-30,24.152395188630877,24.152395188630877,23.454223616571177,23.541494369506836,2747600,-0.027123275258064614
2018-08-31,23.41786028492853,23.446951459738898,22.92332141030083,23.08331871032715,5491900,-0.019654359042798893
2018-09-04,23.01059116183986,23.039682335387734,22.654232608739377,22.73423194885254,4430400,-0.015238418969529892
2018-09-05,22.65423420042913,23.148773088341393,22.588780442491117,22.850595474243164,6098700,0.005105373200611901
2018-09-06,22.152423079463745,22.588781014383464,21.91969921741153,22.00697135925293,5256300,-0.037617894014081506
2018-09-07,21.948789890871797,22.04333343748556,21.781519792247042,21.91969871520996,3529800,-0.003973565887221674
2018-09-10,22.079692307220746,22.74877393432269,22.079692307220746,22.71240997314453,4857400,0.035525752715066757
2018-09-11,22.486964572121508,22.9087769170125,22.268786299197888,22.632417678833008,5072500,-0.00352818089439105
2018-09-12,22.603329021307612,22.952414851741263,22.501512667550408,22.792417526245117,3616100,0.007044626948180706
2018-09-13,22.97422946510963,23.046956014631213,22.632416485644814,22.785140991210938,2725500,-0.0003193034174138888
2018-09-14,22.87241467382642,23.228773264707648,22.87241467382642,23.2142276763916,2372100,0.018656740024727027
2018-09-17,23.23604732242302,23.27968131545664,22.996050650732037,23.141502380371094,2697200,-0.0031377072736312973
2018-09-18,23.24331527638176,23.272406450273493,22.95241047318205,23.017864227294922,2553700,-0.005357025359757137
2018-09-19,23.134230198539,23.650587528364504,23.0251410516345,23.606950759887695,4757300,0.025270572407956444
2018-09-20,23.73058606866192,24.239670586262374,23.73058606866192,23.941490173339844,6612700,0.014071751971848082
2018-09-21,23.977853490983172,24.2542113354503,23.774218036712373,23.868762969970703,8843900,-0.003042328985233783
2018-09-24,23.78149122860679,24.02148648085021,23.43240545988822,23.519676208496094,4260200,-0.014733259088545034
2018-09-25,23.56331279044962,23.56331279044962,22.966956206168728,23.003318786621094,3266400,-0.02219885569999115
2018-09-26,22.99604947300225,23.214227749858825,22.792415397364106,22.814233779907227,2333400,-0.00825387082434102
2018-09-27,22.99006346234955,22.99006346234955,22.667705380070394,22.733642578125,3165600,-0.0035387505336454583
2018-09-28,22.521174820543727,22.67502872700141,22.2647525747068,22.27940559387207,2811300,-0.020183143439507764
2018-10-01,22.323369208981543,22.4479171103332,22.147537124259646,22.338022232055664,3043700,0.0026275235827488705
2018-10-02,22.38197990388884,22.64572872966628,22.15486363579671,22.338022232055664,3969100,0.0
2018-10-03,22.462564289534175,22.645722838142504,22.191490420131593,22.213468551635742,5276300,-0.005591462944892248
2018-10-04,22.1988139572504,22.45523618658531,22.132876772638888,22.433258056640625,2542600,0.009845795973254258
2018-10-05,22.447921305686858,22.69701715494438,22.235458020961,22.367332458496094,2096700,-0.002943070391346554
2018-10-08,22.22080003738821,22.718991624749993,22.22080003738821,22.667707443237305,3071100,0.013339810054902361
2018-10-09,22.565135266925438,22.623745953434764,22.198818126894903,22.38930320739746,2846600,-0.012358022646653437
2018-10-10,22.381978187289132,22.58711630242608,21.66399688039345,21.67864990234375,4568600,-0.032255408665404856
2018-10-11,21.598057045477525,21.751910962417544,20.894728846291475,20.909381866455078,5700900,-0.036129949375007145
2018-10-12,21.312330139231804,21.385593842660914,20.601675429963954,20.909381866455078,3701000,0.0
2018-10-15,20.909382635780887,21.436878804578765,20.799486377899317,21.209762573242188,3438400,0.014263623038595186
2018-10-16,21.40757608874635,21.715282584359873,21.055911921584944,21.685977935791016,4208600,0.022204299190433523
2018-10-17,21.605382194781313,22.06694251914187,21.5467715152073,21.898435592651367,3503300,0.009749326536172697
2018-10-18,21.839830928075994,22.030316038501034,21.27570350582827,21.363618850708008,4308100,-0.024725778554048956
2018-10-19,21.363616982590134,21.91309273090241,21.246395601407976,21.803197860717773,3249400,0.020367228304245734
2018-10-22,21.488164750974885,21.979029805868173,21.27570152282715,21.27570152282715,4026000,-0.02449100193386944
2018-10-23,20.916704885175644,21.348959155006582,20.674935666235353,21.129169464111328,5466600,-0.006911123111414297
2018-10-24,21.129173059703135,21.378268830380872,20.696918716314645,20.755529403686523,5721100,-0.017841836386281954
2018-10-25,20.997297604266173,22.05961783134049,20.674938141292273,21.4954891204834,7980000,0.03503041630711788
2018-10-26,21.246400164093156,21.642023458585246,21.019283863952914,21.4735164642334,5586000,-0.001022721278568373
2018-10-29,21.766565096766687,22.64572684458183,21.451533511232185,21.70795440673828,4649600,0.010858372408698878
2018-10-30,21.810525050191522,22.718991481308134,21.810525050191522,22.697011947631836,6576800,0.04455452765886827
2018-10-31,22.85086256538119,22.90947324927175,22.33069152313716,22.34534454345703,6249900,-0.01561528202948438
2018-11-01,22.528503725605628,22.75561995726152,22.440586998654556,22.71166229248047,2911400,0.01626054840654224
2018-11-02,22.902149532092288,23.00471789206203,22.308716110655908,22.49187469482422,2290700,-0.009724430622536081
2018-11-05,22.484548266091426,22.762948700195338,22.389305019437302,22.579790115356445,2268000,0.003901144206704806
2018-11-06,22.587109824732398,22.887489701623025,22.543152168877075,22.880163192749023,1650600,0.013215035514997782
2018-11-07,23.019370489257028,23.107287222886175,22.462568235976615,23.092634201049805,2201900,0.009243401887453392
2018-11-08,22.931455725866698,23.327078965105652,22.931455725866698,23.180551528930664,2280200,0.0037999300149255746
2018-11-09,22.909476109235122,23.004717958426195,22.279410130714002,22.616422653198242,4202500,-0.0246373224837553
2018-11-12,22.557813192540237,22.946108518950055,22.557813192540237,22.68235969543457,2910400,0.002911208001028048
2018-11-13,22.75562361479626,23.23916219727438,22.623749201867827,22.777603149414062,3235400,0.0041902187056784635
2018-11-14,22.865517450520354,22.909476517751582,22.220799835742763,22.572463989257812,2897700,-0.009046979300386128
2018-11-15,22.286735288061504,23.202528155918422,22.23545111104376,23.1365909576416,3914300,0.024684632563784354
2018-11-16,22.953428405927248,23.44429335392051,22.880164709718493,23.393009185791016,3329300,0.011021836559082324
2018-11-19,23.429644823205315,23.76665593397659,23.305096935009615,23.605478286743164,3638200,0.009041590903391402
2018-11-20,23.41499306186579,23.502911195755484,23.10728797758659,23.356382369995117,4583900,-0.010608534218423712
2018-11-21,23.40034154483008,23.85457545696395,23.297771785541652,23.64211082458496,2845800,0.01215919726266474
2018-11-23,23.458948373532483,24.08901425832394,23.414989313624545,23.869224548339844,1730700,0.009560474437086111
2018-11-26,24.147625485719253,24.660470046784265,24.05238504042482,24.426027297973633,4653900,0.02305930295791181
2018-11-27,24.360085778707795,24.499285262751933,24.176927239018262,24.46265411376953,2966300,0.0014983763763269696
2018-11-28,24.4187011115197,24.579878747506545,23.927834706362475,24.572553634643555,4245800,0.004482481463201692
2018-11-29,24.374743576071427,24.66047050684118,24.34543753322887,24.543249130249023,3298700,-0.0011932822522349217
2018-11-30,24.513938942448245,24.84362488173663,24.39671758567655,24.82897186279297,5921700,0.01157435969240061
2018-12-03,25.16598538538511,25.385777896345367,24.88758638245043,25.107376098632812,5017000,0.011150479831767604
2018-12-04,25.019459490529385,25.026784602956795,24.316128522055745,24.374740600585938,5349000,-0.02961429663824269
2018-12-06,23.891198357723372,23.935154614899503,22.814225340471555,23.83258628845215,7148500,-0.022493558799907932
2018-12-07,23.795959280426093,24.323456816484523,23.517557492531058,23.620128631591797,4375000,-0.008954559369716442
2018-12-10,23.4955833507237,23.759332163549278,22.80690667133976,23.48093032836914,4830000,-0.0059106402932284675
2018-12-11,23.81794178859141,23.913185037828136,22.946107907237902,23.107288360595703,5998800,-0.01604053512763849
2018-12-12,23.45895349201158,23.66409022678489,23.004719555576457,23.42964744567871,4364900,0.013854124064154963
2018-12-13,23.4516268881191,23.524892008028477,22.968089673220724,23.37836456298828,4722400,-0.0021912019335460805
2018-12-14,23.121936086179918,23.510232734140047,22.887493354350745,22.982736587524414,4235300,-0.01706765239068702
2018-12-17,22.99739289911007,23.305099396720685,21.861810161260216,22.338022232055664,7091600,-0.028453091574116803
2018-12-18,22.865515137201353,22.865515137201353,21.869133469713294,21.949722290039062,5540200,-0.01753577186864944
2018-12-19,21.913092062912828,22.140208307356307,21.173131243388934,21.312332153320312,6902400,-0.029468607998013593
2018-12-20,21.195109396455617,21.58340466049595,20.909382481801188,20.96066665649414,6417800,-0.01663821443120857
2018-12-21,20.953343535949273,21.576083038084477,20.740878895119362,20.80681610107422,8636500,-0.007367034884170356
2018-12-24,20.6529578775263,20.865421062590922,20.32327193833609,20.33792495727539,2198300,-0.02279326261014
2018-12-26,20.418516154568472,21.202434539794922,20.030219518173343,21.202434539794922,3077300,0.041628644284335097
2018-12-27,20.806813425086617,21.422226336590203,20.799486914546215,21.414899826049805,4214900,0.009970921441970516
2018-12-28,21.540567344996333,21.88799676019332,21.37054947496783,21.562744140625,2918700,0.006880083881770016
2018-12-31,21.65145427192601,21.932353356785605,21.577533014879577,21.92496109008789,3175000,0.0166587463830016
2019-01-02,21.703190513131023,22.220636296715405,21.592307964570637,22.06540298461914,2670300,0.006385142502766216
2019-01-03,21.910167691047814,21.991481181889586,21.555347492714844,21.658836364746094,3306600,-0.018597388719863068
2019-01-04,21.9914836505997,22.412832859661002,21.85103344426917,22.368480682373047,2964000,0.032239338197477097
2019-01-07,22.31673499947885,22.819397680556087,22.22802923990572,22.479360580444336,3055000,0.004944725135912065
2019-01-08,22.47197461259218,22.782442743190817,22.213250935438218,22.612424850463867,2885700,0.005901946662778291
2019-01-09,22.619809506860168,22.804611869808486,22.28716468958114,22.412830352783203,3435900,-0.008865948863850143
2019-01-10,22.272382710392282,22.634596623951165,22.213246003880073,22.523714065551758,3605500,0.00493513416559146
2019-01-11,22.065404904963984,22.427617407975333,21.887994785729664,22.420225143432617,3491000,-0.004605252981513095
2019-01-14,22.16889628566711,22.68634358249695,22.102367307219545,22.42761993408203,2766500,0.0003297723983683268
2019-01-15,22.353703062041053,22.671563485693135,22.228037345944433,22.66417121887207,2530800,0.010492085090313786
2019-01-16,22.78243636522395,23.092904408906733,22.701122869757203,22.90810203552246,2310200,0.010705331503098433
2019-01-17,22.67894812053156,23.181610815760592,22.605026887127835,22.967239379882812,2610000,0.0025781770900406937
2019-01-18,23.137260917673597,23.566002447837228,22.989419837231594,23.314672470092773,3536100,0.015014056372474962
2019-01-22,23.07812428633826,23.395984654828567,23.0042044508172,23.16683006286621,3715200,-0.006361365176719294
2019-01-23,23.23336042003283,23.24814495198565,22.74548214503431,22.95985221862793,2425200,-0.008974381991383062
2019-01-24,22.893315610714385,23.196391365162423,22.893315610714385,23.15943145751953,1821900,0.008654968977392012
2019-01-25,23.336844728160816,23.588176082142283,23.307277080008447,23.35162925720215,2488800,0.008264653212619785
2019-01-28,23.19639640943997,23.602962531573965,23.13725969839344,23.529041290283203,3017500,0.007568700615091285
2019-01-29,23.50686321862119,23.6029612500607,23.055946350097656,23.055946350097656,3287700,-0.02031174544924616
2019-01-30,22.590244371353897,22.590244371353897,21.267059956239535,21.50360679626465,7381200,-0.06970303328597874
2019-01-31,21.281845028103174,22.10236672409115,21.134002544357916,21.887996673583984,7725000,0.017717710436091855
2019-02-01,21.902780532836914,22.213248631230307,21.806683902112265,21.902780532836914,3007200,0.0006752042670952206
2019-02-04,21.917559279409982,22.26498861326123,21.887991635425035,22.25020408630371,2468400,0.01573758725551962
2019-02-05,22.257600151403267,22.55328369140625,22.17628664917857,22.55328369140625,2618900,0.01352949260323239
2019-02-06,22.449794201603485,22.63459658538052,22.346303907935745,22.420225143432617,2138600,-0.005917213918010944
2019-02-07,22.36108967045981,22.65677321882692,22.161502746588116,22.43501091003418,2564700,0.000659266049540783
2019-02-08,22.338915457644422,22.412836705762956,21.799292743261034,22.19107437133789,1906200,-0.010932573035916384
2019-02-11,22.27977560423542,22.605028204204427,22.235423425581118,22.58285140991211,2450600,0.017500678394341603
2019-02-12,22.812004802749225,23.21117718526436,22.75286810126809,23.02637481689453,3072000,0.0194494590229908
2019-02-13,23.144653807204293,23.529043164592157,23.070732560025007,23.373809814453125,2975100,0.014975866745186
2019-02-14,23.19639893417702,23.506867053445802,22.94506894232187,23.410770416259766,2568000,0.001580033819422452
2019-02-15,23.617745688830283,24.016919522636694,23.53643218714446,23.987350463867188,2665900,0.024330436726240058
2019-02-19,23.83951109046767,23.957784521067797,23.7434130468985,23.898649215698242,2063200,-0.003704688226722748
2019-02-20,23.824728607603596,24.135198152036153,23.765593297149604,24.113019943237305,1666500,0.008930002054675265
2019-02-21,24.09083736662429,24.14258180528118,23.758192532501134,23.832115173339844,1999800,-0.011717893105815516
2019-02-22,23.9429988350671,24.20172389068186,23.87646985732169,24.1943302154541,2124100,0.015084268977684766
2019-02-25,24.379133939079768,24.38652761470815,23.96517551958233,24.00952911376953,2253700,-0.00766751914223315
2019-02-26,24.016918929821845,24.44565899195443,23.809938343404884,24.2091121673584,2183400,0.008278300179124124
2019-02-27,24.172153489677278,24.43087571109069,24.002135627054077,24.22389793395996,2366500,0.0006105656877391724
2019-02-28,24.253463796292092,24.268248324118275,24.0464832265859,24.105621337890625,2711700,-0.004894599986992843
2019-03-01,24.297819217085188,24.563935129242324,24.127801344287217,24.14997673034668,4118600,0.0018383527185827618
2019-03-04,24.201721910155147,24.393915152435653,23.736019104047667,23.987350463867188,3306700,-0.006756789156042107
2019-03-05,23.96517096019561,23.98734916300031,23.706448759644896,23.817331314086914,2342600,-0.007113105257370788
2019-03-06,23.78036990016825,23.876467931351275,23.499472301111172,23.558609008789062,2393700,-0.010922205471527426
2019-03-07,23.514260068330273,23.52904460065459,22.98942186019257,23.092910766601562,1972700,-0.019965639460780945
2019-03-08,22.96723683593027,23.181608248063327,22.826786649013098,23.15943145751953,2710000,0.002876426731459562
2019-03-11,23.329452496437263,23.765587644187914,23.314669377305442,23.758193969726562,2042300,0.025525376293154062
2019-03-12,23.87646992195164,24.17215489492291,23.846900860682332,23.99474334716797,2324100,0.009907298926362018
2019-03-13,24.098230840801502,24.275642378242644,23.9282129781783,24.22389793395996,3126800,0.009504884663155699
2019-03-14,24.149975339253434,24.319996022118723,23.979957476248877,24.024311065673828,4463700,-0.008273385100981932
2019-03-15,23.97256286756666,24.65263421309692,23.97256286756666,24.63045883178711,7742000,0.024917562220499293
2019-03-18,24.80048673246353,25.059211838799243,24.748742275168674,24.91136932373047,3078900,0.01134045766818219
2019-03-19,25.022242761811302,25.2440078882147,24.71916695156881,24.830049514770508,2123400,-0.0032697049383713086
2019-03-20,24.763519951791473,24.837439778927187,24.356955262823742,24.3939151763916,2888800,-0.01772087048658398
2019-03-21,24.305209527539986,24.667420609051007,24.076053563826537,24.5269718170166,2606700,0.005439679323046622
2019-03-22,24.238684611495138,24.35695804031572,23.45512138314567,23.728628158569336,2817400,-0.033091144155925664
2019-03-25,23.69166431953473,23.898644900608733,23.38858853210332,23.59556770324707,1789800,-0.005623373140906416
2019-03-26,23.795155570358347,24.21650480900495,23.743411124900746,24.201723098754883,2586600,0.025364947846991073
2019-03-27,24.275637340427693,24.44565516776785,24.06865960625013,24.260852813720703,3305000,0.002440222922289215
2019-03-28,24.275764459129995,24.625965370221564,24.275764459129995,24.51420021057129,1543700,0.01038849410066226
2019-03-29,24.663218504434965,24.879301775608802,24.603610992401784,24.693023681640625,2256700,0.0072682116221185564
2019-04-01,24.879301800024116,25.207153064851852,24.782436395199728,25.16989517211914,2060900,0.01912788264309504
2019-04-02,25.236958985412723,25.512652650439396,25.2071566463216,25.311471939086914,2297600,0.0056090849459138805
2019-04-03,25.423232317092516,25.557352766063428,25.31891704397692,25.460487365722656,2207800,0.005870006064800483
2019-04-04,25.512646682385505,25.691472044614677,25.4753887930747,25.661666870117188,1623500,0.00787058158732537
2019-04-05,25.706377521809557,26.034225951005467,25.5424518860225,25.989521026611328,2474900,0.012695102400077757
2019-04-08,26.019322658316824,26.27266097841813,25.929909969568754,26.26521110534668,2067900,0.01055187254716472
2019-04-09,26.19070217167407,26.19070217167407,25.490294691879456,25.527549743652344,2917200,-0.028487040813544952
2019-04-10,25.55735306759725,26.071482408844282,25.55735306759725,26.064029693603516,2176500,0.020797940040730118
2019-04-11,26.183248751570773,26.38442943658657,25.929910427000305,26.101285934448242,3348900,0.0014283915176462765
2019-04-12,26.444045296200986,26.56326318891014,26.168351609878325,26.421689987182617,3111500,0.01220068062115476
2019-04-15,26.60796258473118,26.689925401857227,25.95226573247915,26.011873245239258,2834600,-0.01563216619421572
2019-04-16,26.168344298288517,26.48874282836914,26.034223851167418,26.48874282836914,2253700,0.018166746749110917
2019-04-17,26.533450591535498,26.55580305192969,26.250307109571185,26.48874282836914,1884500,0.0
2019-04-18,26.46639490420153,26.526002422928503,26.242861734813065,26.30246925354004,1848200,-0.007057021066263154
2019-04-22,26.18325187067146,26.32482505979473,26.093839169694693,26.108741760253906,1800100,-0.007392631149763136
2019-04-23,26.078929259157828,26.48874043618334,25.944808824149085,26.414230346679688,2005500,0.011632701617972606
2019-04-24,26.324818164217618,26.675019002302005,26.19814759883391,26.578153610229492,2479500,0.0061866922813618745
2019-04-25,26.540900691188032,26.645215963757007,26.257760049180245,26.406780242919922,2574500,-0.006468780932298586
2019-04-26,26.53344475585527,26.53344475585527,25.669114754716134,26.160888671875,3660300,-0.00935530791166164
2019-04-29,26.07893711240589,26.07893711240589,25.35617708858664,25.467945098876953,3160600,-0.026844890187374668
2019-04-30,25.430688367198524,25.855402230510265,25.266762720875263,25.773439407348633,4406700,0.011923874851336913
2019-05-01,25.795786309292335,25.82559148263014,25.348720078736374,25.363622665405273,2385800,-0.016028512364172676
2019-05-02,25.453034196008712,25.67656730121325,25.22950109080417,25.564802169799805,2633100,0.00790052123086737
2019-05-03,25.676568783298336,25.88520215692579,25.423230491476136,25.81814193725586,2253900,0.009860930497801146
2019-05-06,25.400882005638902,25.77343820821948,25.19225144175482,25.676572799682617,1865600,-0.005498408718719922
2019-05-07,25.341264158476527,25.520092333503342,24.81223518935404,25.028318405151367,3479400,-0.025571091946514562
2019-05-08,24.97616744532911,25.475391378118953,24.97616744532911,25.236955642700195,2639400,0.008301494010822353
2019-05-09,24.924010276784188,25.154993300997717,24.648319485443093,25.132640838623047,2975300,-0.004141980897195873
2019-05-10,25.05812887211508,25.557352777208276,24.730277622319655,25.43068504333496,3545600,0.01178908433795196
2019-05-13,24.90165374087048,24.98361655536292,24.305564420531926,24.380077362060547,4360000,-0.04219022023892665
2019-05-14,24.484390318916954,25.073029710541917,24.38007505303462,24.90165138244629,2287400,0.02116782462641392
2019-05-15,24.640867946901807,24.97616911043135,24.588710303950364,24.84204864501953,2276600,-0.0023963945551805465
2019-05-16,24.92400862228033,25.2742094932088,24.8867535733362,25.0208740234375,2577500,0.00717271012318816
2019-05-17,24.745181332967693,25.16244528692173,24.670671232294325,24.752634048461914,1648800,-0.010778527867415065
2019-05-20,24.640865826155142,24.916556606939157,24.558903010749,24.834596633911133,1576700,0.0033057970354026193
2019-05-21,24.938912865826712,25.140093554333422,24.909107687741667,25.132640838623047,2100100,0.011929726538565274
2019-05-22,25.050681362274798,25.27421454297939,24.90165829434553,25.058134078979492,2160500,-0.0029689445717864496
2019-05-23,24.804789284554644,24.819691871721325,24.35772019668784,24.707923889160156,2753500,-0.014074491138403184
2019-05-24,24.849496123642115,24.931458938202677,24.73773097482342,24.797338485717773,1639200,0.0036123308714510432
2019-05-28,24.745184444502335,24.95381786890263,24.320470564027406,24.342823028564453,3007700,-0.01849926435736106
2019-05-29,24.29811385449132,24.58870721221888,24.0894833089183,24.566354751586914,2841700,0.009140749837436273
2019-05-30,24.61851333716527,24.90910670609687,24.476940168029685,24.536550521850586,2192900,-0.001213949896874861
2019-05-31,24.14908901763046,24.178894191169626,23.612608684625496,23.70947265625,3740700,-0.03428920544735332
2019-06-03,23.687122125090085,24.17144344381859,23.478490156902826,23.94791030883789,2937800,0.01000640938624611
2019-06-04,24.283211027613355,24.6781196542407,24.156540453063577,24.588706970214844,2717100,0.02640620347408024
2019-06-05,24.618512376974586,24.760082698210415,24.365174067872886,24.59615707397461,3566300,0.00030294294643368603
2019-06-06,24.648320417956214,24.856950987688137,24.581260185916904,24.715377807617188,2684600,0.004835418983537181
2019-06-07,24.81969475715085,25.073033083680684,24.75263452829359,25.065580368041992,2462500,0.014069971753644907
2019-06-10,25.222053291580828,25.304016109349185,24.856949811821313,24.886754989624023,2780100,-0.007159871148175839
2019-06-11,24.961264360129384,25.177347629298264,24.730278502495946,24.864398956298828,2327200,-0.0008987142229593299
2019-06-12,24.834596377702095,24.916556349884566,24.640865571944747,24.797338485717773,1728900,-0.002700691308653793
2019-06-13,24.916556594735717,24.961264360129384,24.812241317861943,24.864398956298828,1939100,0.0027006913086538614
2019-06-14,24.90910457914099,24.931457038726123,24.722826502923887,24.85694694519043,1701200,-0.0002997509833688167
2019-06-17,24.84949949585185,24.90165714085426,24.469493390494492,24.48439598083496,1351400,-0.015101252709739525
2019-06-18,24.625962065017468,25.110286218966255,24.543999253514322,24.976165771484375,3147400,0.019885985079077344
2019-06-19,25.058129563062263,25.333820341500967,24.93145898331815,25.244407653808594,4432300,0.010682651152008296
2019-06-20,25.52754976015996,26.10128665344386,25.52754976015996,25.736183166503906,4968100,0.01929325490901968
2019-06-21,25.713825458160276,25.7436306337634,25.482842453181057,25.51264762878418,4012900,-0.00872359239642108
2019-06-24,25.534998893499285,25.833042108439237,25.453036085617995,25.594606399536133,2683400,0.0032073271228902434
2019-06-25,25.631866892125828,25.639316765245486,25.169895172119137,25.16989517211914,2930200,-0.01673299742574305
2019-06-26,25.318913764410457,25.684020015400733,25.23695096261401,25.564802169799805,2563900,0.015567845836168612
2019-06-27,25.767518697132907,26.09787047281041,25.617357757613423,26.067840576171875,2345000,0.019485902580530116
2019-06-28,26.2255118529369,26.405702713686328,25.94771593856698,26.127906799316406,3854900,0.002301576380463425
2019-07-01,26.3231119591961,26.44324013181197,26.037806475202835,26.27806282043457,2280100,0.005730508685118615
2019-07-02,26.278066934100256,26.278066934100256,25.93269874177462,26.180461883544922,1974200,-0.003721074889499201
2019-07-03,26.33813195882682,26.593401854649738,26.278066432222406,26.46576690673828,1098900,0.01083868010333434
2019-07-05,26.488288488537272,26.563370392374786,26.225508985310427,26.495798110961914,1408500,0.0011340755293866096
2019-07-08,26.353141500479794,26.570874705448322,26.135411159592785,26.248029708862305,2284900,-0.009395231058844131
2019-07-09,26.17296174825021,26.233024427119954,25.940212065433467,26.218008041381836,2266700,-0.0011444230227564238
2019-07-10,26.195471260668516,26.4282208223444,25.977738076915063,26.112882614135742,3339600,-0.004017725184549471
2019-07-11,26.165444196428282,26.27055886475026,26.037809252445815,26.15043067932129,2093000,0.001436880644552406
2019-07-12,26.2780716037892,26.503311644719464,26.255548458920927,26.42072296142578,2357500,0.010283002944019657
2019-07-15,26.48078849985119,26.615933097225852,26.240532074314576,26.42072296142578,1901000,0.0
2019-07-16,26.54084703967506,26.593402945568908,26.28557426929835,26.51832389831543,2856900,0.0036872990075355375
2019-07-17,26.420716948475082,26.46576609204164,26.142921056685932,26.15043067932129,3088300,-0.013970301951555198
2019-07-18,26.13541213329089,26.6309412151501,26.030297473675745,26.615924835205078,2208600,0.01764405471886614
2019-07-19,26.683496689467077,26.856180759972002,26.630940792534343,26.66097068786621,3831400,0.0016910093185036968
2019-07-22,26.638450179590674,26.645959802226027,25.722470975643603,26.15043067932129,3024000,-0.01933506403736981
2019-07-23,26.263047605864127,26.40569892214793,25.985251731382327,26.25554084777832,1923400,0.004011386730940625
2019-07-24,26.12039604293932,26.42071505292447,26.02279100425536,26.315603256225586,1883700,0.002284996288520401
2019-07-25,26.31561052804105,26.353150056652314,25.81257454366868,25.992765426635742,3070800,-0.012343796487005992
2019-07-26,26.045312883279347,26.285569225285478,25.94020109166186,26.248029708862305,2160300,0.009772681030298686
2019-07-29,26.233021103548467,26.248037487384096,25.97024154663086,25.97024154663086,3904700,-0.010639600892235188
2019-07-30,25.519752032945373,25.677419708680816,25.129334790113816,25.39962387084961,4099800,-0.022216960937763645
2019-07-31,25.407136373604477,25.414643132397497,24.138282195519736,24.498666763305664,6398200,-0.036115667434861394
2019-08-01,24.371031166431774,24.39355717302229,23.440036899006028,23.65777015686035,5170700,-0.03492708940901766
2019-08-02,23.537635171110313,23.770383312858463,23.20728199982731,23.605207443237305,4484900,-0.002224266771271041
2019-08-05,23.10968612663575,23.4100066408916,22.76431646121065,22.921985626220703,3746700,-0.0293708210646428
2019-08-06,23.10217527811076,23.192270706006294,22.719266129452233,23.064634323120117,3264700,0.0062039416938577275
2019-08-07,22.621656195354277,22.869420716645475,22.43395575704153,22.76430892944336,3925000,-0.013106551081023998
2019-08-08,23.01958338587885,23.117188423146473,22.846899313224817,22.952011108398438,2097200,0.008211651049223574
2019-08-09,22.696741277702237,22.83188584992673,21.61558756398827,22.013511657714844,4804200,-0.04174913156767524
2019-08-12,21.675653378913605,21.71319290438053,21.13507504712683,21.255203247070312,3803600,-0.03505470701207757
2019-08-13,21.35280544888682,21.750729520966964,21.217660884013974,21.420377731323242,5137000,0.007740975296581783
2019-08-14,20.84225972255048,20.992419234728718,20.249125568129877,20.256633758544922,5485400,-0.05586036645943746
2019-08-15,20.459349906246153,20.789703113043217,20.15902946008557,20.279157638549805,4985400,0.0011113083794186491
2019-08-16,20.43682848296505,20.707117642153534,20.4293202916497,20.549449920654297,2405500,0.013240531432950705
2019-08-19,20.812229235748088,20.924850672242847,20.466861031151236,20.4893856048584,3403800,-0.0029271960529610687
2019-08-20,20.3842706585222,20.466859323182014,20.23411114246182,20.30168342590332,3665000,-0.009203166685788562
2019-08-21,20.526923416014352,20.526923416014352,20.271650663466684,20.30168342590332,2173200,0.0
2019-08-22,20.406794928276124,20.556954442113753,20.234110842944443,20.31669807434082,1906900,0.0007393031709689783
2019-08-23,20.20407804147654,20.301683085719155,19.52835665042519,19.618452072143555,3342700,-0.03497255754554161
2019-08-26,19.81366234178465,19.881234629595504,19.400721855865903,19.468294143676758,2870700,-0.007683354676704265
2019-08-27,19.558385917599107,19.82116682863856,19.36317871378315,19.483306884765625,3428800,0.0007708408094075389
2019-08-28,19.29560734736655,19.54337189069198,19.198002308820904,19.52084732055664,3201500,0.0019249461062692225
2019-08-29,19.776124086866126,19.93379181384416,19.565899018854303,19.783632278442383,2460500,0.013371955372633785
2019-08-30,19.926283961014036,19.971331675958826,19.655994807263227,19.731075286865234,2215500,-0.0026601245869042373
2019-09-03,19.528358632767766,19.640978637368335,19.34065814775313,19.54337501525879,4049300,-0.00955846354315206
2019-09-04,19.74608884613236,19.828677511080684,19.595929329547427,19.693532943725586,1893800,0.007653949780185468
2019-09-05,19.971334805924705,20.451847659419265,19.971334805924705,20.294179916381836,2924600,0.030043836432869772
2019-09-06,20.30168476710488,20.376763814074593,20.091459712283015,20.21158790588379,2131000,-0.004078042678867606
2019-09-09,20.33171688257598,20.872293774600177,20.324208691181617,20.85727882385254,3260000,0.031446892948587456
2019-09-10,21.00743750188719,21.39034665519188,20.999929310797956,21.360315322875977,4466900,0.023831784706351153
2019-09-11,21.360313386407963,22.178687524409366,21.0299601686358,22.133638381958008,6147600,0.03556377374672308
2019-09-12,22.16367336306298,22.479010231595865,22.0510533597386,22.366390228271484,3792200,0.010460845804728565
2019-09-13,22.52405038461357,22.681718049926396,22.426446796378087,22.456478118896484,3341300,0.004019734356692087
2019-09-16,22.193700385359218,22.388909021495245,22.156160868888765,22.32133674621582,2421300,-0.006036104414898875
2019-09-17,21.998491747677324,22.276289038477735,21.765743595087198,22.118619918823242,2395100,-0.009123241725392056
2019-09-18,22.006004032836554,22.231245469684588,21.94593993608528,22.103609085083008,1930200,-0.000678881849914276
2019-09-19,22.21622917849192,22.486518331000347,22.12613231697543,22.19370460510254,2356900,0.004067770108227776
2019-09-20,22.276288929586137,22.276288929586137,21.848332142965653,22.02852439880371,5265000,-0.007470495188549103
2019-09-23,21.780759002104954,22.0510480911368,21.713186729846992,21.833314895629883,2956900,-0.008901167629804179
2019-09-24,21.930921387198445,21.968462338984732,21.20264410703509,21.34529685974121,3664100,-0.022605581689959665
2019-09-25,21.34529809416816,21.660634947204898,21.2852339998774,21.61558723449707,3080400,0.012583257858404655
2019-09-26,21.615585616503573,21.638108755151077,21.330280115947733,21.517980575561523,2007600,-0.004525794201408136
2019-09-27,21.69224739074707,21.934704747479422,21.563442507075695,21.69224739074707,1832600,0.008066042148725932
2019-09-30,21.7831675429279,22.033200364745028,21.692245859925706,21.866512298583984,2705200,0.00800141412750341
2019-10-01,21.866513114299913,22.01047040379286,21.12399010334418,21.14672088623047,2874600,-0.03347149510899226
2019-10-02,20.87395778295325,20.97245639938609,20.495120063152637,20.502696990966797,4004300,-0.03092841460604656
2019-10-03,20.40420230247976,20.61635052648564,20.055670806375062,20.555736541748047,2503200,0.002583614411032762
2019-10-04,20.49512058351346,20.745153427124023,20.328432502823503,20.745153427124023,2298600,0.00917259718085048
2019-10-07,20.631499613526877,20.798189116876724,20.396620657621522,20.563308715820312,3340200,-0.008804292220925884
2019-10-08,20.298123435908497,20.30569891771877,19.896554977864454,19.91170883178711,3415000,-0.03220041518932766
2019-10-09,20.063247499621024,20.131438412294358,19.835945420810834,19.979904174804688,2770600,0.003419034945455409
2019-10-10,20.10870645952335,20.3890455572984,20.055667965882357,20.10112953186035,2075100,0.006049031947973592
2019-10-11,20.54815755899756,21.086106401291936,20.525426776660037,20.699691772460938,3989600,0.029342800840126058
2019-10-14,20.58603920251327,20.58603920251327,20.08597358991384,20.43450355529785,2345900,-0.012893987064044626
2019-10-15,20.639077232201682,20.90426390493113,20.442081459464127,20.661808013916016,3570100,0.011062149759583516
2019-10-16,20.616345806537733,20.8057646461207,20.34358366024098,20.373889923095703,2268800,-0.014032797296063102
2019-10-17,20.616345759558516,20.767881408940006,20.41177451158988,20.563308715820312,2010500,0.009254182056296854
2019-10-18,20.47996886120937,20.843652746842846,20.449661148164264,20.623926162719727,5204700,0.002943508630535193
2019-10-21,20.828499218149457,21.040648877350417,20.745154451114914,20.783039093017578,2502600,0.0076853598170367335
2019-10-22,20.78303370512232,21.07852660960148,20.44207924214564,20.517847061157227,4767600,-0.012842130093267562
2019-10-23,20.457237249206393,21.146721796437916,20.426929537386826,21.123991012573242,6935000,0.029114313632874454
2019-10-24,21.27552757692434,21.48767723313766,21.10126256208017,21.320987701416016,4678900,0.009282516298961326
2019-10-25,20.76788539275319,21.3134112339005,20.313279802554767,21.086109161376953,4208700,-0.011077435581816198
2019-10-28,21.267950598925623,21.661942197335783,21.24522125930858,21.52556037902832,2745200,0.02062659374254933
2019-10-29,21.358870865625832,21.571019062015882,21.21491212868173,21.30583381652832,3249800,-0.010260160529028674
2019-10-30,21.184603394563158,21.358869834090257,20.942147498883354,21.267948150634766,2230900,-0.00177976558076136
2019-10-31,21.154301079937255,21.267952121613266,20.737580112074745,20.873960494995117,8275900,-0.018698684883956172
2019-11-01,21.078533055036242,21.32098899389122,21.02549599905564,21.252798080444336,2257900,0.017986088225882945
2019-11-04,21.46494350775968,21.752859516966087,21.419483389495745,21.722553253173828,2315600,0.021862480173661474
2019-11-05,21.843783637672416,22.177161247518047,21.760438873923192,21.965011596679688,3974800,0.011099764139717663
2019-11-06,21.934706079352292,21.972589275905396,21.586174601428212,21.639211654663086,3606800,-0.01494378208098153
2019-11-07,21.904401528742746,22.010475650528424,21.677099426301574,21.775596618652344,2585700,0.006282898304095477
2019-11-08,21.714977100407612,21.790744930317185,21.298256203631688,21.427061080932617,2871300,-0.01613526194536487
2019-11-11,21.290676355460498,21.48009518167429,21.123986863495748,21.184600830078125,2571300,-0.011380117867663131
2019-11-12,21.169453201513136,21.374024481693333,20.972457404358888,21.192182540893555,2664800,0.00035782380318740326
2019-11-13,20.949724567188518,20.949724567188518,20.601194576092148,20.684537887573242,2623400,-0.024245906399360542
2019-11-14,20.623921410276694,20.858801796798048,20.54815503542564,20.631498336791992,2520000,-0.0025675057321563263
2019-11-15,20.828497803609203,21.101261426178723,20.73000063165422,21.010339736938477,2007500,0.018195731504401545
2019-11-18,20.90426563711754,21.010339736938477,20.616348158816105,21.010339736938477,2583900,0.0
2019-11-19,21.13914462035728,21.192181670267747,20.91941949284945,21.010339736938477,2507700,0.0
2019-11-20,20.926994311746036,20.995183765365233,20.593616744997036,20.70726776123047,2544100,-0.014529946748863227
2019-11-21,20.783039768706523,20.89669080780685,20.60119781711573,20.646657943725586,2229000,-0.0029312748364357082
2019-11-22,20.67696243527456,20.83607357618378,20.593617678521458,20.699691772460938,1754300,0.002565346550979043
2019-11-25,20.76030683091554,21.214912385346054,20.722423636859336,21.199758529663086,2248400,0.02387098156168265
2019-11-26,21.123991709142256,21.17703020657546,20.87395885899089,21.002763748168945,3313500,-0.009335755383228884
2019-11-27,20.896688954531445,21.207335774925813,20.88153509862166,21.123991012573242,3480200,0.005755373264497988
2019-11-29,21.06337590640526,21.108837471700713,20.798190667937593,20.8284969329834,1485600,-0.014087315477023066
2019-12-02,20.889108093172165,21.055797586489792,20.419350209633865,20.442079544067383,3471500,-0.018726594800119883
2019-12-03,20.139010084618246,20.161740864627035,19.745018568705234,19.98747444152832,3242300,-0.022489699670523874
2019-12-04,20.040515467089456,20.36631468425065,20.040515467089456,20.055667877197266,2185300,0.0034060015096355075
2019-12-05,20.169319372143452,20.229933345100076,20.017783717176346,20.0480899810791,2405600,-0.00037791452038653706
2019-12-06,20.328430463417238,20.601194063682975,20.305699681678057,20.45723533630371,3015700,0.020202739664667076
2019-12-09,20.366315582201423,20.56331137380029,20.313278531607736,20.47239112854004,2073800,0.0007405781209381399
2019-12-10,20.35116019093755,20.38904338005601,19.548023286236752,19.578330993652344,5947900,-0.044653811107174375
2019-12-11,19.638947501488143,20.237510348794576,19.525296474293373,19.64652442932129,5201500,0.003477055741212772
2019-12-12,19.707135139367782,20.305697887431766,19.66167502505746,20.29812240600586,4448300,0.032627940609719665
2019-12-13,20.298125385397988,20.298125385397988,19.59348700698064,19.691984176635742,4868100,-0.030316731102221644
2019-12-16,19.896558141620314,20.229935755173905,19.820790305110233,19.828367233276367,2866900,0.00690194257789328
2019-12-17,19.78290959582091,19.995057830531188,19.78290959582091,19.881406784057617,2261400,0.0026713615796307858
2019-12-18,19.949592672842645,19.964746527260107,19.767750755286386,19.775327682495117,2047400,-0.005349878450587437
2019-12-19,19.805639266967773,19.8283700547006,19.593491028734025,19.805639266967773,3920900,0.0015316245526267565
2019-12-20,19.881404658384,19.926864783082642,19.47226064579358,19.54802703857422,8169500,-0.013092346016693967
2019-12-23,19.61621760830672,19.96474907869413,19.570757484395767,19.843521118164062,3269100,0.01500319922796069
2019-12-24,19.87383018501476,19.942021103061748,19.71471900633945,19.805639266967773,1207500,-0.0019108532112666516
2019-12-26,19.858671843840323,19.97232431169826,19.828365578855728,19.9420166015625,2095600,0.006862184286184473
2019-12-27,20.00263189567957,20.04809201872974,19.85867315334423,19.888980865478516,2707900,-0.0026630398834987952
2019-12-30,20.065056756703825,20.07271242885579,19.689937582278425,19.76649284362793,2929700,-0.006177629463839732
2019-12-31,19.666974097714338,20.057404657571674,19.651662751797502,19.88898277282715,3028500,0.006177725363602208
2020-01-02,19.60572624206543,19.75117961859206,19.399027494154925,19.60572624206543,3627000,-0.014344270140001962
2020-01-03,19.314818089583657,19.391373349671685,19.039221197504947,19.2076416015625,3735700,-0.02051347884077693
2020-01-06,19.069842409653205,19.36075210571289,18.932043233642844,19.36075210571289,3267000,0.007939729595340776
2020-01-07,19.866016876676294,19.866016876676294,19.345442805709027,19.56745147705078,4474800,0.010619617391806179
2020-01-08,19.613386191540368,19.697595675220835,19.314820781601295,19.460275650024414,3995200,-0.00549230530869653
2020-01-09,19.613380003964078,19.636345555827123,19.161705655172394,19.29184913635254,4126500,-0.008692559447147542
2020-01-10,19.33012687984756,19.38371511677836,19.108116800940014,19.154050827026367,2571700,-0.00716845747095203
2020-01-13,19.154053721958032,19.613383831054826,19.131086705443636,19.529172897338867,3554400,0.01939516893066879
2020-01-14,19.490892433811503,19.544482133230527,19.245916791433135,19.330127716064453,2618400,-0.01024449328420321
2020-01-15,19.24591786982919,19.42199540030345,19.13874138532579,19.230607986450195,2190400,-0.005161724679940744
2020-01-16,19.391369724437567,19.728211929749854,19.330125819850775,19.720556259155273,2373000,0.02515838098360128
2020-01-17,19.781805051066776,19.850704643270593,19.59041761942733,19.705249786376953,2722600,-0.000776469783759055
2020-01-21,19.598072486711896,19.689937632429157,19.42965061927998,19.529172897338867,3522700,-0.008975693235698344
2020-01-22,19.666971821040864,19.89663614252586,19.598072232561336,19.797115325927734,3102600,0.013626842851759382
2020-01-23,19.83538925265914,19.84304492358369,19.38371488930024,19.659313201904297,3113300,-0.006985056147078148
2020-01-24,19.67463188097086,19.70525311591864,19.192334654051713,19.33778953552246,2299000,-0.016489991794284828
2020-01-27,18.962666198433816,19.016254443182024,18.740656087139627,18.863143920898438,4959500,-0.024851227402032827
2020-01-28,19.092809441515524,19.314818089583657,19.03156552547913,19.2076416015625,4314300,0.018098238800616843
2020-01-29,19.37606225385096,19.51386143174076,19.016254425048828,19.016254425048828,4796400,-0.010014090440629533
2020-01-30,19.192331528174964,20.088024772114625,18.733001397406124,20.0650577545166,8693700,0.053685772592398553
2020-01-31,19.90429361529727,20.011470113663613,19.276543050288215,19.368408203125,14991900,-0.035336586509202454
2020-02-03,19.4066812761774,19.674623909215327,19.29184913635254,19.29184913635254,3738800,-0.0039606134112637635
2020-02-04,19.644003770359937,19.927257781433916,19.5751041855087,19.582759857177734,2833300,0.014966897873185378
2020-02-05,19.95787746653803,20.195197429268934,19.835389649633697,20.14160919189453,3182000,0.028138204352655
2020-02-06,20.340659181701625,20.43252580572873,19.91195167663952,19.965539932250977,2717400,-0.00878000030228894
2020-02-07,19.598073959350586,19.896637895621623,19.490896001066663,19.598073959350586,2322400,-0.018576490061102652
2020-02-10,19.49855167381339,19.605729632097315,19.353098272136375,19.598073959350586,2458500,0.0
2020-02-11,19.52917509152377,19.575107669543115,19.062189257787686,19.261232376098633,4121500,-0.01733690340694446
2020-02-12,19.444961006072862,19.62103707683537,18.778933621825082,18.840177536010742,5056300,-0.02210269816194728
2020-02-13,18.74830902830041,18.86314117320101,18.380845580550506,18.533954620361328,4308600,-0.01638725775103134
2020-02-14,18.54161430956446,18.679413497375872,18.342571200522446,18.648792266845703,3614200,0.006176951475144189
2020-02-18,20.69280759305807,21.129170660519137,19.376061258774058,19.942567825317383,19282300,0.06707514765816901
2020-02-19,20.026778624061173,20.10333388070098,19.23826196296031,19.421995162963867,8753600,-0.026450338718435322
2020-02-20,19.47558294781767,19.85070209036831,19.360750795636054,19.65165901184082,5393300,0.011755567712123558
2020-02-21,19.45261384007337,19.50620207464698,19.13108297246183,19.29184913635254,5012600,-0.018479080669527245
2020-02-24,18.572234481522298,18.916730944160403,18.449746655672744,18.518646240234375,5771700,-0.040904552798660336
2020-02-25,18.6947203798638,18.725341603083972,18.013381736303398,18.051658630371094,5792900,-0.02554055793026823
2020-02-26,18.15118315252119,18.235394088939486,17.60764355243638,17.615299224853516,5036600,-0.02446977285291154
2020-02-27,17.20955676723853,18.25070481812483,16.9875481153114,17.33204460144043,7901100,-0.01621072135122776
2020-02-28,16.734916695994986,16.949269674754493,16.352141850872833,16.658361434936523,10490300,-0.039644798575734885
2020-03-02,16.80381269593577,17.883237411820755,16.635390865545023,17.875581741333008,8850900,0.0705233543635817
2020-03-03,17.76074707092566,18.373186020887385,17.577013925767506,17.906200408935547,15145100,0.0017114114074741847
2020-03-04,18.013385359307815,18.12056185238954,17.546399564874243,17.929174423217773,8539300,0.001282197690819925
2020-03-05,17.18659128056752,17.332044671665262,16.620083219875696,16.941614151000977,7152800,-0.056656271070323005
2020-03-06,16.26792863696812,17.217209944563745,16.206684728741624,16.574148178100586,7709500,-0.021928828266630226
2020-03-09,15.096638712400413,15.77032322834588,14.928218313499093,14.935873985290527,7533000,-0.10407817355609095
2020-03-10,15.670798835173521,15.831565000703941,14.33108711648956,15.425823211669922,6393900,0.03227696780776828
2020-03-11,14.974149955567604,15.096637776295232,14.017212943526754,14.392332077026367,6941300,-0.06934736692781035
2020-03-12,13.312908804405815,13.61147418006722,12.577981793913498,12.830613136291504,6361300,-0.11486160335302736
2020-03-13,13.626781896888028,14.070800593478673,12.86123231930623,13.864103317260742,7078100,0.0774690378302937
2020-03-16,12.019130941778466,14.017215528574965,11.71291133348652,13.596163749694824,7486800,-0.01951532886022789
2020-03-17,13.917691501622352,15.433479309082031,13.527261043306385,15.433479309082031,7188900,0.1267514551287652
2020-03-18,14.430611389219989,16.87271521451447,14.16266871607111,15.157882690429688,10336300,-0.018018424610592873
2020-03-19,14.8363525668772,16.405730330449465,14.821042682582434,14.87463092803955,8122400,-0.018863566677077406
2020-03-20,14.874629032538136,14.874629032538136,12.784678965015637,12.937788009643555,9294700,-0.1395048071707528
2020-03-23,12.884200449309452,13.129176101746959,11.705254026826397,11.712909698486328,7236200,-0.09946070584671059
2020-03-24,12.363628301795002,12.945446293195626,11.950231461607219,12.67750358581543,6294200,0.0791374249897267
2020-03-25,12.746401575622574,13.710994324611594,12.156928715741541,12.8535795211792,5600000,0.013793282973741923
2020-03-26,12.937790205705452,13.986593983204209,12.669847506913486,13.948315620422363,5650000,0.08173642241195914
2020-03-27,13.611473225236674,13.925348463137688,13.075587889216855,13.282286643981934,4515800,-0.048927440648847666
2020-03-30,13.375604208456815,13.919959279587372,13.111202622985413,13.811088562011719,4361400,0.0390404722283273
2020-03-31,13.64000697341282,13.756654392795276,12.885684127118271,12.979002952575684,3800300,-0.0621388943066751
2020-04-01,12.489081544460028,12.605728962253236,12.170244576974143,12.333551406860352,4354100,-0.0510095887371619
2020-04-02,12.310224732283732,13.025664261499168,12.255789357765066,12.489084243774414,5109500,0.012531696839013954
2020-04-03,12.489081207299328,12.831248242407522,11.92139603497944,12.139138221740723,3697100,-0.028420205861498366
2020-04-06,12.629060910002341,13.150087504366624,12.582402232623442,13.025663375854492,4413800,0.07048672087557041
2020-04-07,13.305617857281558,13.640008245071606,12.893462021568993,12.940120697021484,4032800,-0.006588900844981537
2020-04-08,13.080094823867373,13.57779118865356,12.582398459081185,13.367826461791992,4899700,0.032518193130198235
2020-04-09,13.422262738323932,13.795535037555448,12.916789647708054,13.072319030761719,5304200,-0.02235386611756495
2020-04-13,13.10342735698411,13.126755951430143,12.364657878975896,12.512412071228027,4672900,-0.043775826135695785
2020-04-14,12.909015698023527,13.111205273866668,12.51241323962959,12.691272735595703,4572100,0.014193453728171495
2020-04-15,12.325775477809662,12.349104813083965,11.828078294991936,11.905843734741211,3864500,-0.06388522134201677
2020-04-16,11.999163106709949,12.069151861678971,11.594783963167277,11.991386413574219,3634900,0.0071592434499134945
2020-04-17,12.520187200472689,12.80014068163606,12.271338260811449,12.706823348999023,4684000,0.05795052758234265
2020-04-20,12.496856332763173,12.893458679436856,12.310220196078882,12.660163879394531,4004400,-0.003678759468410648
2020-04-21,12.341328949899246,12.613506524054754,12.255787553729157,12.426870346069336,3562700,-0.018599269767335027
2020-04-22,12.691271302092144,12.784590127807121,12.442423077855421,12.543517112731934,3436500,0.009342875864887867
2020-04-23,12.566846984072964,12.901237336131915,12.216903989067143,12.333551406860352,4032200,-0.01688066193259487
2020-04-24,12.450198665050674,12.597952841294573,12.216903104725564,12.380209922790527,5640700,0.003775918262232275
2020-04-27,12.527963639820047,13.235626244953364,12.372432777553552,13.095648765563965,4818300,0.05618079601150053
2020-04-28,13.476698292709692,13.795535238350508,13.39115616667113,13.531133651733398,4401000,0.03271320694872564
2020-04-29,13.99772748021087,14.42543522658295,13.671113779675848,14.378776550292969,6927600,0.060760042042005295
2020-04-30,14.378775927325309,15.047556685934282,13.826644079266284,14.650954246520996,14451800,0.018752200901511466
2020-05-01,14.098823969472013,14.176589432267662,13.437821243841087,14.0210599899292,5329900,-0.04394498531617892
2020-05-04,13.818863502831052,14.293229771629804,13.585567230546921,14.254347801208496,4729400,0.016501484728235784
2020-05-05,14.433207707021394,14.612068633222783,13.919957967883121,13.9666166305542,3599400,-0.020392013319474853
2020-05-06,14.091043437987938,14.285456279949265,13.515580120520411,13.79553508758545,3434600,-0.012324960282161202
2020-05-07,14.044386788461395,14.487647941293249,14.00550480367892,14.106598854064941,2450900,0.022297696305359393
2020-05-08,14.285454831562085,14.969787313251206,14.277678140681829,14.93090534210205,3150800,0.0567905570964534
2020-05-11,14.720941051423951,15.288626210197522,14.604293639563293,15.218637466430664,4098500,0.01908757701728011
2020-05-12,15.14087412939689,15.288628329301323,13.997726961511061,14.00550365447998,3816900,-0.08307045531091665
2020-05-13,13.849973156409277,13.91996191187211,13.290064595959178,13.476700782775879,5766900,-0.038488044065705315
2020-05-14,13.204524855454144,14.059941979700605,12.761263645747633,14.0210599899292,5156900,0.03959815783092934
2020-05-15,13.678887769276017,13.85774722907953,13.500028309472503,13.811088562011719,9869800,-0.015088695805959333
2020-05-18,14.487647965601882,14.736497711686255,14.199917717922439,14.262129783630371,5871900,0.03213596902380783
2020-05-19,14.192141848760128,14.316565987404108,13.88108150215018,13.943293571472168,3688600,-0.022609112418272004
2020-05-20,14.17658118861973,14.425429338258935,14.083263874131013,14.153252601623535,2882900,0.014945818406766384
2020-05-21,14.098817410832368,14.293230235756022,13.943288040844733,13.9666166305542,2140300,-0.01327450779758203
2020-05-22,14.021052127059999,14.122146133724826,13.608896443652933,13.912179946899414,2771000,-0.00390524409385521
2020-05-26,14.417655352069652,14.962010354679132,14.402101970587413,14.744267463684082,3653500,0.05808964909147544
2020-05-27,15.428603979902599,15.428603979902599,14.907577479693854,15.047554969787598,3722600,0.020361156804222225
2020-05-28,15.17198019652113,15.179756889128816,14.643176965218116,14.705389022827148,3708100,-0.02300149072194049
2020-05-29,14.49542489895738,14.845368701385015,14.363224071735013,14.674285888671875,7218700,-0.00211732402545201
2020-06-01,14.744270631431768,15.335285905465232,14.65872998140558,15.156426429748535,3388500,0.03232792602555064
2020-06-02,15.234192038109969,15.638571148460837,15.234192038109969,15.39749813079834,3229400,0.015780408386935115
2020-06-03,15.69301005152895,16.54065044261173,15.661903274524592,16.400672912597656,4560800,0.06311732806173283
2020-06-04,16.284026005762843,16.80505267185527,15.94963555813225,16.789499282836914,3309700,0.023431283055969757
2020-06-05,17.878205203623118,18.414785075798196,17.536038178138053,17.652687072753906,4136700,0.05013436557371224
2020-06-08,17.955970936304272,18.920258493865255,17.955970936304272,18.842493057250977,6483600,0.06522657439918855
2020-06-09,18.267036278822015,18.492555959385953,17.79266831849976,18.391460418701172,3708700,-0.024228139068866013
2020-06-10,18.422561896415036,18.422561896415036,17.388285604125507,17.528263092041016,3605800,-0.04807183720862286
2020-06-11,16.392892605428,16.94502590954556,16.144044377249216,16.214033126831055,3446800,-0.07793750233182967
2020-06-12,16.913915818965926,17.053893290650127,16.408442769302432,16.945022583007812,3698000,0.04409702811820447
2020-06-15,16.52509150211387,17.621579807829246,16.33845535255086,17.287189483642578,4422600,0.019991597146808635
2020-06-16,18.002633616992284,18.002633616992284,17.20942865660924,17.489383697509766,3276100,0.011628316059919418
2020-06-17,17.48160275952509,17.870428451595945,17.333850064479822,17.497156143188477,2278400,0.0004443106315723983
2020-06-18,17.287186944729683,17.87042538267537,17.162762863294766,17.543811798095703,3199900,0.0026629220149171624
2020-06-19,17.940421199817628,17.940421199817628,17.0694522857666,17.0694522857666,13766200,-0.027410833707746662
2020-06-22,16.945021586831622,17.162762989315507,16.79726743282323,16.86725616455078,2626800,-0.011916212445581224
2020-06-23,17.170542376478995,17.217201043874354,16.73505801986694,16.758386611938477,3635000,-0.006475411265901493
2020-06-24,16.71950367526482,16.71950367526482,16.12071179230969,16.19070053100586,4216900,-0.034461790098474374
2020-06-25,16.1362679131751,16.56397562600647,15.9574084320458,16.392892837524414,2661100,0.012410841217821808
2020-06-26,16.12071543652271,16.167375595036187,15.467488049859478,15.584136962890625,3973000,-0.05059434178736789
2020-06-29,15.786323750019163,15.94185463241688,15.654122944956828,15.895195960998535,3282000,0.019763387206678203
2020-06-30,15.786325481101574,16.408447595660125,15.762996884460465,16.30735206604004,5676700,0.02559913036316813
2020-07-01,16.338461221056946,16.338461221056946,15.693010415763293,15.708563804626465,2999200,-0.03741002421292499
2020-07-02,16.136265278326444,16.330678113005074,15.794098273981431,15.848533630371094,2559600,0.008870951704478783
2020-07-06,16.284019901432824,16.525091407836513,16.151819110840044,16.276243209838867,2316100,0.026629592269081397
2020-07-07,16.042946045971878,16.268465640269074,16.004064073352723,16.074052810668945,2770500,-0.012500227621920969
2020-07-08,16.144042065642644,16.509537663039694,16.042946560387737,16.431772232055664,2681900,0.022010446590540477
2020-07-09,16.346233335929043,16.416222082952476,15.700782711464788,15.762994766235352,2785900,-0.04155170223128537
2020-07-10,15.770775093773457,16.455107853993646,15.762998399728,16.408449172973633,4200800,0.04013130602167284
2020-07-13,16.587305027200987,16.64174039025834,16.151820639489745,16.22180938720703,3632700,-0.011439800323081515
2020-07-14,16.190294357151636,16.426649929696257,16.016968139447602,16.355743408203125,2194800,0.00822251913401623
2020-07-15,16.789062563226278,17.0017821639348,16.434531398081532,16.954511642456055,2468200,0.035954857556284185
2020-07-16,16.78118382933275,17.206623029147618,16.655128104062296,16.7890625,1700800,-0.009806339281886428
2020-07-17,16.844210996707293,17.025417409169037,16.52907169653883,16.58422088623047,2142000,-0.012275938440870169
2020-07-20,16.442404835851665,16.466039337717774,15.993329765265594,16.072114944458008,3621800,-0.03136591494964259
2020-07-21,16.182419285989667,16.749670028686523,16.158783274863776,16.749670028686523,3827300,0.04129277896474262
2020-07-22,16.686638459539765,16.804815483497215,16.371499228085767,16.473918914794922,2890800,-0.016600099800928258
2020-07-23,16.34786287538319,16.529067741787063,16.127264666694327,16.38725471496582,4056100,-0.005274577331312654
2020-07-24,16.44240822121531,16.623613118774923,16.190295295351035,16.22968864440918,3001800,-0.009661683777468903
2020-07-27,16.11150951253662,16.678760141062433,16.08787350616797,16.560583114624023,4181600,0.020183163185514406
2020-07-28,16.35574198357218,16.37937798957864,15.583650486456644,16.198171615600586,7233300,-0.022126987938655092
2020-07-29,16.363618788706138,16.686636653829567,16.1824139380666,16.639366149902344,5442800,0.02687297008028904
2020-07-30,16.300591243909057,16.434525593042565,16.127263555205545,16.284833908081055,3363700,-0.021537103112305334
2020-07-31,16.245447077738568,16.59209955657252,16.15090453633667,16.58422088623047,13424200,0.01821745467976689
2020-08-03,16.58421688801843,17.025413304590998,16.473918535226467,16.91511344909668,3111300,0.01975581493948872
2020-08-04,16.78118409178448,16.94663317297875,16.584221830131124,16.710277557373047,2346700,-0.012183556496440333
2020-08-05,16.836333847988623,17.521761638787478,16.836333847988623,17.474491119384766,3137400,0.04471821447778925
2020-08-06,17.372069320834612,17.513882376956147,17.182985746906787,17.214500427246094,2363600,-0.014990090453195817
2020-08-07,17.088444501286013,17.632059206134258,17.041172481358004,17.5769100189209,2108800,0.020834033216749735
2020-08-10,17.655693197202677,17.70296370902274,17.41146046631279,17.632057189941406,2345800,0.003132566529988788
2020-08-11,17.892049753356556,18.325367597340986,17.773872705979958,17.860536575317383,3962000,0.012874941911483194
2020-08-12,18.13627880373559,18.348998329442058,17.16722519023135,17.340551376342773,3520900,-0.029545849617391377
2020-08-13,17.182983296779266,17.506001210684563,17.072684936724517,17.23813247680664,2031400,-0.005923834433741601
2020-08-14,17.143591755039964,17.387824486312766,16.946629535661337,17.293283462524414,1613600,0.0031942526022063576
2020-08-17,17.253889325914898,17.379945020321212,16.986020599625885,17.17510414123535,2036500,-0.0068572853326650226
2020-08-18,17.175107479816145,17.35631389061361,17.08844511225496,17.112079620361328,2131700,-0.0036762769607242545
2020-08-19,17.08056200257253,17.31691603842159,16.986019486611518,17.072683334350586,1849400,-0.002304904293428731
2020-08-20,16.899360684265595,16.986023047469782,16.678762435913086,16.678762435913086,2058500,-0.0233435206837116
2020-08-21,16.63937036196985,16.796939249181438,16.379380270503255,16.536949157714844,2795800,-0.008538979481477098
2020-08-24,16.576343210022085,17.00178087652123,16.497558011721452,16.9939022064209,2492000,0.0272573657633287
2020-08-25,17.151476136609013,17.23813852016169,16.85997129365097,16.907241821289062,1218900,-0.005112545690055309
2020-08-26,16.85996652771053,16.88360253619969,16.678761637401305,16.78118133544922,1904900,-0.007483940321778012
2020-08-27,16.796941608841628,17.001782543425406,16.615736686876183,16.82057762145996,2383800,0.002344895343906251
2020-08-28,16.9545089134485,16.9545089134485,16.592097633237977,16.80481719970703,2000800,-0.0009374119168479997
2020-08-31,16.81269261458176,16.836328618292665,16.45816007242942,16.59209442138672,2796500,-0.012739241136639668
2020-09-01,16.442406088185617,16.639368299817104,16.347863565413437,16.560583114624023,1952400,-0.0019009816759395833
2020-09-02,16.54482251670135,17.23025153929648,16.48179468150771,17.151466369628906,3627400,0.03505831198615068
2020-09-03,17.167231243164576,17.49024922822442,16.852090426098865,16.954511642456055,2798100,-0.011549700554298636
2020-09-04,17.190863133045987,17.309040170086675,16.773304168655386,16.78118133544922,2854200,-0.01027587204633127
2020-09-08,16.647245210806513,16.694517222819428,16.09575192831073,16.198171615600586,3195200,-0.03535972732417593
2020-09-09,16.292713145656307,16.316347647522417,15.969695263399483,16.072114944458008,3017200,-0.007812593301892087
2020-09-10,15.969701346444788,16.095757080087825,15.772739074789682,15.81213092803955,3931900,-0.01630835363627358
2020-09-11,15.827882571910672,16.05635794336715,15.788490732843039,15.938180923461914,2852100,0.007940120919242732
2020-09-14,16.01696821732394,16.253322288315214,15.93030435669929,16.04848289489746,2438600,0.006896774810629004
2020-09-15,16.087869780802638,16.229682780770965,16.048477948679025,16.064233779907227,2501200,0.000980975009518809
2020-09-16,16.079993029268422,16.844205783494047,16.04847986035613,16.59209442138672,2439500,0.03233104581336936
2020-09-17,16.36362351197368,16.568464425054117,16.253323634036427,16.544828414916992,2173000,-0.0028527717409762643
2020-09-18,16.505438706582332,16.85996988837234,16.45816668018138,16.718156814575195,5448600,0.010421792709242263
2020-09-21,16.300591979230312,16.552703353042094,15.772733226798518,15.835761070251465,4215000,-0.054224621845881525
2020-09-22,15.804250315233089,15.985456724948037,15.410325820318088,15.654560089111328,2695400,-0.01150848733191868
2020-09-23,15.678195007674038,16.048485004321417,15.4260835647583,15.4260835647583,2798800,-0.014702439405007577
2020-09-24,15.386690385009825,15.449718240289481,15.055793769115981,15.181849479675293,2818400,-0.01595921348256731
2020-09-25,15.09518623862794,15.552138583954575,15.087307568554747,15.473353385925293,2664800,0.019018806970776944
2020-09-28,15.756977499901,16.21392978729003,15.749098830826751,16.12726593017578,2903100,0.04139196748849598
2020-09-29,16.039448214246104,16.111302508708206,15.799934914564712,15.999529838562012,2218900,-0.007952038892874214
2020-09-30,16.071378169613627,16.406697610189774,16.023475827470747,16.24702262878418,2446900,0.015350332426183456
2020-10-01,16.215089307265064,16.2789596145806,15.831867463371863,15.95960807800293,2204200,-0.01784863394030072
2020-10-02,15.760014763739726,16.438637799021983,15.73606282503974,16.38275146484375,2501400,0.026168006210999174
2020-10-05,16.590326292184308,16.84580748444168,16.54242242654503,16.606292724609375,2927300,0.013552661910611524
2020-10-06,16.757984982088274,17.237012971204887,16.6222604105517,16.694114685058594,4209100,0.005274539916280548
2020-10-07,16.654198125636622,17.44459370809672,16.654198125636622,17.35677146911621,3692100,0.0389264734134022
2020-10-08,17.739991687383267,18.123214999206297,17.700073322070963,17.8198299407959,6786300,0.02632916217658073
2020-10-09,18.498448890859937,18.602237532352266,17.947566734109746,18.035388946533203,6501200,0.012024001497484674
2020-10-12,18.035397737595694,18.386685235731214,17.98749538146445,18.338781356811523,3181700,0.016682137007206548
2020-10-13,18.33877834018094,18.785871999822895,18.30684394894263,18.49047088623047,2854300,0.008237494813890162
2020-10-14,18.442570028701763,18.94554853296974,18.434586049549786,18.690067291259766,2850600,0.010736709698925635
2020-10-15,18.394665077562795,18.889659532740136,18.338777231395454,18.857725143432617,2619100,0.008930430023292406
2020-10-16,18.897645340345417,19.025385955518953,18.666114523600726,18.753936767578125,2480700,-0.005518960557506065
2020-10-19,19.137152761185927,19.137152761185927,18.44256356892544,18.522401809692383,3682000,-0.012422783157450053
2020-10-20,18.729979627852554,18.745947581010288,18.33877391221508,18.346757888793945,3186800,-0.009528031076841583
2020-10-21,18.298862223548202,18.426602849806365,18.123219243140323,18.17112159729004,2965000,-0.009619268603793184
2020-10-22,18.20304848264795,18.546351845129873,17.995471192707384,18.506433486938477,2869500,0.018284819204764904
2020-10-23,18.594259885739675,18.690064576068774,18.458535305450038,18.538372039794922,3217600,0.0017243206066730563
2020-10-26,18.28289342555986,18.314829342053038,17.747979006605586,18.2349910736084,4765100,-0.016500413547729333
2020-10-27,18.043376303982203,18.043376303982203,15.696140238738364,15.752026557922363,11141900,-0.1463733074022303
2020-10-28,15.376791926043117,15.576386834445357,14.738087305482969,14.881795883178711,7277300,-0.056830314142398176
2020-10-29,14.658250560352716,15.033488439945137,14.346881467749176,14.881795883178711,5961300,0.0
2020-10-30,14.801959797710879,15.01752115107287,14.586396921560517,14.969618797302246,6194100,0.005884020469042683
2020-11-02,15.209128373704253,15.640254020690918,15.129291644518277,15.640254020690918,4590000,0.043825243052180565
2020-11-03,15.927675000686868,16.15920431277455,15.871787144732107,15.975577354431152,4171600,0.021213164015549228
2020-11-04,15.704125159884974,15.879768105416607,15.257033056757496,15.360821723937988,3853200,-0.039240916792184145
2020-11-05,15.576384269325356,16.11129859666516,15.440659693051433,16.071378707885742,3157700,0.045219746023115216
2020-11-06,16.095333381183394,16.143235733085422,15.344856095039468,15.496548652648926,3496900,-0.03642263840384599
2020-11-09,16.789921845320336,17.197095583049176,16.239039550418013,16.30290985107422,6654200,0.05072627879094197
2020-11-10,16.302908844720445,16.62226032828839,16.119281932017376,16.574357986450195,4538000,0.01651319112159114
2020-11-11,16.670161008679923,16.773951182237656,16.151214709254766,16.2550048828125,4277000,-0.019455947328427016
2020-11-12,16.1432314777309,16.207101771026842,15.584366792088407,15.815896034240723,5805700,-0.027385341752138772
2020-11-13,16.015493975397685,16.42266774461816,15.991543562541787,16.374765396118164,3202000,0.03472594207204113
2020-11-16,16.813872556578016,16.98951702861022,16.598311239756484,16.98153305053711,3534700,0.03638500800541331
2020-11-17,16.79790876370005,17.189114614047828,16.694118555222843,17.149194717407227,3153600,0.009824754786812348
2020-11-18,17.229032748706086,17.54838430345551,17.021453857421875,17.021453857421875,3580800,-0.007476677229116302
2020-11-19,16.845810344529646,16.92564861136205,16.366782266323497,16.646215438842773,3678000,-0.02229165040790927
2020-11-20,16.590327411620336,16.638229757703808,16.223072030878708,16.438634872436523,4344200,-0.012548540395408926
2020-11-23,16.478556616939816,17.037423019318876,16.454606200384543,16.973552703857422,2993600,0.03202206013579643
2020-11-24,17.308866597343865,17.86773129472223,17.10927173625418,17.85974884033203,5225400,0.05089310329844134
2020-11-25,17.747975665003334,17.955554514760966,17.524430382793593,17.8198299407959,4278400,-0.00223763382618318
2020-11-27,17.692094506648196,17.915641376872443,17.58032183293031,17.779916763305664,2253400,-0.002242330235984811
2020-11-30,17.724026462666785,17.771928808863272,17.47652770794397,17.556365966796875,5934300,-0.012652931304999707
2020-12-01,17.963544989883207,18.242978216505772,17.77991800656699,17.85177230834961,3723900,0.016686174989065456
2020-12-02,17.811850191158364,18.203056050673606,17.77193181637067,17.95555877685547,4945900,0.005796955874844249
2020-12-03,18.131194723956217,18.74594720304346,17.923617428242306,18.33078956604004,8103400,0.020682387839449177
2020-12-04,18.36273187037301,18.96151660527648,18.195072875538436,18.929580688476562,3156700,0.03214367834646197
2020-12-07,18.84176008900542,18.897646420991123,18.570310885542003,18.817808151245117,3362100,-0.0059221507680177156
2020-12-08,18.666113200919902,19.304817754317224,18.65813074547691,19.129173278808594,3841200,0.01641090299204324
2020-12-09,19.1930473839869,19.480463020499887,18.937564618614445,19.145143508911133,3327900,0.0008345142314591203
2020-12-10,18.905624769413233,19.45650699151932,18.905624769413233,19.368684768676758,3806700,0.011608493887633629
2020-12-11,19.161112477360525,19.65610855305257,19.129176558959823,19.424577713012695,4016300,0.0028815819776936216
2020-12-14,19.536347811468353,19.664088422687698,18.9375631253321,18.945547103881836,3548900,-0.024970234071060905
2020-12-15,19.137157119721,19.67207147506346,19.09723875163991,19.656105041503906,3184700,0.036819056605952936
2020-12-16,19.807797674871065,19.91957185563815,19.688041038066856,19.75989532470703,2942800,0.005266415776596687
2020-12-17,19.807797516866724,20.143117010916665,19.656106488759267,20.087230682373047,3623400,0.016429928775963252
2020-12-18,20.09521651752454,20.230941123435052,19.68804269979301,19.96747589111328,6123900,-0.00597957934670721
2020-12-21,19.77586417385889,19.871668878505854,19.440544662017857,19.81578254699707,3599500,-0.007626025882792714
2020-12-22,19.903604845212257,19.903604845212257,19.456512669231294,19.6002197265625,2930600,-0.010937941806976985
2020-12-23,19.759895142081668,20.023360349731227,19.71199279236036,19.751911163330078,2861300,0.007709477716444157
2020-12-24,19.855702077511747,19.871668512800188,19.70400952135933,19.799814224243164,969500,0.002422300613509908
2020-12-28,19.991426467895508,20.20698780853881,19.935538615207545,19.991426467895508,2781600,0.009630949998192657
2020-12-29,20.095215357509637,20.127149750874818,19.727959935686137,19.799814224243164,1886600,-0.009630949998192632
2020-12-30,19.904786413370132,20.155109871923184,19.87248735751354,20.009761810302734,1983500,0.010547689949206771
2020-12-31,19.94516337305447,20.195486846851992,19.799813762405172,20.179336547851562,2243100,0.008438892676344878
2021-01-04,20.18741228272956,20.227786491224087,19.525265406284404,19.654464721679688,3416100,-0.026354612862356783
2021-01-05,19.347614095393443,19.710988111948705,19.347614095393443,19.606014251708984,3553500,-0.002468156060928279
2021-01-06,20.10665956598992,20.80110694606193,20.017836011457234,20.61538314819336,4238200,0.05020118313483479
2021-01-07,20.833409502574515,20.954535212150404,20.470036994378987,20.583086013793945,3138900,-0.0015678806359831717
2021-01-08,20.72035925656857,20.72035925656857,20.122812054755425,20.413511276245117,3305500,-0.008272672165856414
2021-01-11,20.389285374613642,20.84955810495874,20.26816121507713,20.793033599853516,2764800,0.018421008446291586
2021-01-12,20.930308736462823,21.54400624354067,20.889934528701076,21.422882080078125,3603700,0.02984159933506792
2021-01-13,21.4794062508,21.57630496398237,21.140257674307154,21.3582820892334,2845800,-0.00302002253552223
2021-01-14,21.46325650258718,21.98812890962795,21.253307231735405,21.89930534362793,2557100,0.025015332526747747
2021-01-15,21.57630087958816,21.89122548825882,21.3744268017995,21.447101593017578,3107000,-0.020865404475008627
2021-01-19,21.632828551661497,22.07695094032403,21.422879310057194,21.915451049804688,2562400,0.02160240306802138
2021-01-20,21.923532181985845,22.028507601527718,21.60053385296763,21.82663345336914,2281400,-0.004060973294054236
2021-01-21,21.826628230050144,21.91545178666288,21.358280380009425,21.36635398864746,2912200,-0.021313500914513814
2021-01-22,21.15640872758461,21.52785637499019,21.14833357783527,21.374431610107422,2759000,0.00037798189448196744
2021-01-25,21.22101062326443,21.54400894641311,20.978760725769803,21.406734466552734,3340400,0.001510144091276526
2021-01-26,21.60860545378539,22.432252212603697,21.60860545378539,22.30305290222168,4542300,0.04101800332030284
2021-01-27,22.068879417055626,23.086325198039187,21.802405632048792,21.939680099487305,8671600,-0.016426696497994095
2021-01-28,22.076954978135323,22.617977708096372,22.052729528073527,22.391878128051758,3367300,0.020401435499710584
2021-01-29,22.254601413908787,22.351501664207195,21.09180765139125,21.229082107543945,10533100,-0.05332627039354996
2021-02-01,21.3340556237206,21.56015517732867,20.728433304584147,21.463254928588867,3439800,0.01097036076414128
2021-02-02,21.81048038923068,22.278828292027786,20.5507862955311,20.688060760498047,5266000,-0.036785640895597924
2021-02-03,20.736511111382203,20.986834604125352,20.284313486386775,20.881860733032227,3379800,0.009324115593005581
2021-02-04,20.84956025232248,20.938385363880357,20.47003743597252,20.73651123046875,3163100,-0.006984900497463359
2021-02-05,20.873785582920846,20.970684303902594,20.639610850223054,20.881860733032227,1977000,0.006984900497463322
2021-02-08,21.019134930940186,21.487482850061337,20.994909480921418,21.471332550048828,2320900,0.027837801029442447
2021-02-09,21.455182035406807,21.584381353859673,21.099883139572746,21.49555778503418,2835200,0.0011276234962951845
2021-02-10,21.729730466213518,22.367653433876484,21.697431407441027,22.173852920532227,3024900,0.031067499222271006
2021-02-11,22.19000413666138,22.246528646981226,21.826631624529213,21.98005485534668,2152300,-0.008778353692545286
2021-02-12,21.923528580319395,22.383801316077488,21.850853775707353,22.30305290222168,2867700,0.01458812587482129
2021-02-16,22.496850853001213,23.029798369331022,22.367651548447153,22.67449951171875,3016100,0.01651735296620945
2021-02-17,22.545300423534755,22.60990007643176,22.117326760481358,22.35150146484375,2381700,-0.014347425068859054
2021-02-18,22.214227207223885,22.391875869224226,21.794328689575195,21.794328689575195,2481400,-0.025243714342863537
2021-02-19,22.01235356250965,22.294977629979837,21.88315425283938,22.2142276763916,4289100,0.019083185826911573
2021-02-22,22.085027129514998,22.480700185736698,22.004277180450387,22.07695198059082,2781400,-0.00619880239964689
2021-02-23,22.12540244762184,22.12540244762184,21.42288139780644,21.858928680419922,2067200,-0.009924694190152914
2021-02-24,21.95582993531716,22.585676210110208,21.88315512819837,22.553377151489258,2348100,0.03127534421840215
2021-02-25,22.698724893639625,22.83599934685586,21.552079913885553,21.64090347290039,3479400,-0.04129961431004726
2021-02-26,21.503630718781775,21.665130631859533,20.914158654349393,21.132183074951172,4401500,-0.023788060577089102
2021-03-01,21.568228822598375,22.21422688820626,21.519779468235374,21.963903427124023,2851700,0.038603209872191166
2021-03-02,21.850851492837933,22.044650438163796,21.705501898799255,21.77010154724121,2976300,-0.008862812750886703
2021-03-03,21.867003826773495,22.286902350845796,21.584379760948785,21.59245491027832,2980300,-0.008193595827077795
2021-03-04,21.56015690847119,21.673205924263733,20.227786467248414,20.688060760498047,4907600,-0.04278718494038112
2021-03-05,20.954534604383145,21.398657059355436,20.114737512579925,21.374431610107422,6325900,0.03263866411171067
2021-03-08,21.58437952739233,21.74587943188099,21.293681855560862,21.382505416870117,4126200,0.000377660675439134
2021-03-09,21.40673382167631,21.713581834379404,21.027210995931895,21.043359756469727,3536800,-0.0159880244405082
2021-03-10,21.584380532799898,23.231674090677696,21.447106069643414,23.110549926757812,8451000,0.09370416069080356
2021-03-11,23.037876341882804,23.966497034742236,22.973276681688514,23.247825622558594,5372000,0.005922385994565146
2021-03-12,23.360876538495013,23.36895168919674,23.06210212324122,23.280126571655273,2917000,0.0013884537256662237
2021-03-15,23.280124716463686,24.224895710791653,23.25589926628903,24.168371200561523,4138300,0.037444743367022665
2021-03-16,24.176443199158552,24.346016707744603,23.76461984093603,24.03109359741211,4857300,-0.005696244757660506
2021-03-17,24.07146716131527,24.53981500992917,23.926117563439032,24.43484115600586,3014100,0.016661471641375488
2021-03-18,24.45906642691073,24.669014133251206,23.764619037673786,23.813068389892578,2854000,-0.025775508032102976
2021-03-19,23.74039639620412,24.434843867484194,23.578898023002758,24.11992073059082,8248800,0.012803563399969324
2021-03-22,24.11991288238072,24.36216113344795,24.014937510788585,24.208736419677734,3829900,0.003675491698301119
2021-03-23,24.079546158765304,24.11992190917153,23.045951591204258,23.134775161743164,3343500,-0.04537667331321915
2021-03-24,23.473924575348928,23.732323226167484,23.070176298400572,23.086326599121094,2300700,-0.0020963836221951737
2021-03-25,22.96519778582524,23.61926943113001,22.69872403846573,23.51429557800293,1699000,0.01836803850849347
2021-03-26,23.740394592285156,23.756544890431304,23.33664637969467,23.740394592285156,3067400,0.009569451788669163
2021-03-29,24.12799344026418,24.66094251846695,23.958419923700276,24.313718795776367,5091900,0.023862740085831637
2021-03-30,24.32186838179087,24.566390564133805,23.808369622382937,23.906179428100586,2682700,-0.016903771544427636
2021-03-31,23.783919219933097,24.338171178764018,23.783919219933097,24.126251220703125,2716400,0.009163530955464077
2021-04-01,24.29741806191151,24.590845954865642,23.987689828508817,24.58269500732422,3126300,0.01874223046019051
2021-04-05,24.85167079818784,25.047288881108223,24.59084668762733,24.892425537109375,2673100,0.012520821486133713
2021-04-06,24.8598216663516,25.014686564488777,24.67235453181594,24.78646469116211,2416300,-0.004265836299655591
2021-04-07,24.867971130339747,24.973930335605566,24.62344737608641,24.819067001342773,1777900,0.0013144628738980594
2021-04-08,24.794611864109793,24.851666935096635,24.46043083007194,24.664199829101562,2988200,-0.006259395864599133
2021-04-09,24.786463660002877,25.006534576416016,24.558241796170627,25.006534576416016,2602800,0.013784381163522983
2021-04-12,25.055436752172557,25.511878889603953,24.892422480406985,25.479276657104492,3046400,0.01872826787708552
2021-04-13,25.52003073716608,25.528181684237186,24.052894466319838,24.142553329467773,5566700,-0.05388945984528803
2021-04-14,24.044746199899492,24.354474449960772,24.036595251919675,24.25666618347168,3135700,0.004715491968755842
2021-04-15,24.427826420580203,24.81091312394495,24.395224189977228,24.68865203857422,3158300,0.017652232655414515
2021-04-16,24.84351730848612,24.941327117255856,24.31371819378832,24.49303436279297,1894500,-0.007954941022504162
2021-04-19,24.46858447952,24.61529842376959,24.199609433273842,24.42782974243164,1892300,-0.002665719838202926
2021-04-20,24.25666080137408,24.330017762281546,23.604599099378127,23.710559844970703,2668800,-0.029802533579237286
2021-04-21,23.60460128496649,24.14255289964242,23.360079095723563,24.109949111938477,2204600,0.01670406954255801
2021-04-22,24.085499037956964,24.109951881543918,23.33562893560151,23.36823272705078,3617900,-0.03124705727306914
2021-04-23,23.441587883781434,24.150703191788008,23.351929018889066,23.979537963867188,2481000,0.025823357596157042
2021-04-26,24.06104565259697,24.411528606967796,24.028441863988427,24.313718795776367,3089200,0.013839868687803587
2021-04-27,24.30556869506836,24.37077471992205,23.955085728491927,24.30556869506836,2029500,-0.000335262041258091
2021-04-28,24.370771877890956,24.63974689337482,24.224057950420836,24.558238983154297,2163400,0.01034190956943062
2021-04-29,24.753859032737612,24.9820793198803,24.444129279280954,24.941326141357422,3102800,0.015478714040500198
2021-04-30,24.802764908623065,24.802764908623065,24.19145785982546,24.452281951904297,4621800,-0.01980256917637846
2021-05-03,24.688652668653386,24.965777077070314,24.47673272310649,24.664199829101562,3432400,0.008629249674709794
2021-05-04,24.753859016854427,26.449217049244503,24.664200158600696,26.115036010742188,6036600,0.05715844821002731
2021-05-05,26.44921856638546,27.598475677817184,26.18024197619563,27.4436092376709,5535300,0.04962208537645648
2021-05-06,27.557721906731437,27.712585234292355,26.913811091827892,27.6962833404541,3513700,0.00916490256289156
2021-05-07,27.500665523681857,27.908203522431176,27.337649702328495,27.794090270996094,3428600,0.003525189162131793
2021-05-10,27.989710199681298,28.96780202975779,27.802243091217438,28.266836166381836,4478700,0.016865832645730987
2021-05-11,27.761490885584507,27.93265610679734,27.17463514511957,27.541419982910156,3259100,-0.025998197847916748
2021-05-12,27.663677072343052,27.875598563970303,26.58777704963438,26.652984619140625,2620400,-0.032789915161426195
2021-05-13,26.63668248761043,28.405395819468563,26.547023634978352,27.777790069580078,3326100,0.04133564547619824
2021-05-14,27.916356220927295,28.32389426794813,27.883752430941176,28.152729034423828,1880900,0.013407513016616392
2021-05-17,28.022311234378233,28.307586565055132,27.83484414432371,28.20162582397461,4203600,0.0017353335671830051
2021-05-18,28.11197307448983,28.299440184487953,27.36210152522909,27.386552810668945,2126100,-0.029327510022486097
2021-05-19,26.962711455284275,27.288739939939312,26.52256973626887,27.272438049316406,2033000,-0.004175522648925049
2021-05-20,27.25614070379929,27.37025395718864,26.913810271435928,27.076826095581055,2152600,-0.0071983605103446546
2021-05-21,27.18278386623537,27.525117409476923,27.10942690048848,27.337650299072266,2703700,0.009586647463367754
2021-05-24,27.476210582412204,27.476210582412204,27.084974484514422,27.29689598083496,1486700,-0.0014918885053981348
2021-05-25,27.427310153100677,27.574024089916165,26.88120758622783,26.962717056274414,1365200,-0.012317933405703927
2021-05-26,26.962716106691786,27.223540183118335,26.783398388172937,27.142030715942383,2329100,0.006628413349137173
2021-05-27,27.492514572992786,28.054915923647652,27.32949874244593,27.867448806762695,8138200,0.026375822922737144
2021-05-28,27.883752822875977,27.989713587185975,27.696285691723578,27.883752822875977,1599200,0.0005848848491688273
2021-06-01,28.26683563830099,28.340192601917977,27.965258391994773,28.128271102905273,1916300,0.008730976536491781
2021-06-02,28.209784784419757,28.584719050388035,27.98156446761622,28.511362075805664,1351500,0.01352751751096221
2021-06-03,28.3727969354703,29.04930840475801,28.24238489866374,28.967802047729492,2096200,0.015882261805618497
2021-06-04,28.93519780655985,29.171570591203995,28.77218198579602,29.130817413330078,2810200,0.005611692494826105
2021-06-07,29.293828992667102,29.293828992667102,28.79663526699199,28.89444351196289,2112500,-0.008147320843202892
2021-06-08,28.780343313550382,28.837398401925675,28.33204889164578,28.625476837158203,2539800,-0.00935219080853826
2021-06-09,28.535811429414,28.584717112242476,28.34019491663693,28.356496810913086,1392200,-0.009440951476606993
2021-06-10,28.869990697611797,28.935198270670504,28.038615905990817,28.071216583251953,1979700,-0.01011143784188741
2021-06-11,28.079370826755223,28.36464620341696,28.079370826755223,28.356496810913086,1440200,0.010111437841887392
2021-06-14,28.29128976581773,28.389101133313993,27.622927634268958,27.64737892150879,1985800,-0.025325239732831222
2021-06-15,27.639231946885307,28.06307191531024,27.557725576109593,27.94080924987793,2572300,0.010557388663228594
2021-06-16,27.58216857910156,27.72072998964664,27.174630629120312,27.582168579101562,2218200,-0.012918819298143794
2021-06-17,27.720735159527642,27.76149144954101,26.163940024629724,26.278053283691406,3190400,-0.04843538304835453
2021-06-18,25.813454029603985,26.017223006296586,25.56893187942643,25.617835998535156,4682000,-0.025445287327111727
2021-06-21,25.943869310665193,26.441064619126273,25.77270409495747,26.424762725830078,1707300,0.03101272497852261
2021-06-22,26.408463472692215,26.465518543581283,26.033527706710483,26.237295150756836,1366100,-0.007119674943300318
2021-06-23,26.400309385483155,26.52257202105342,26.163936614990234,26.163936614990234,1488100,-0.0027998801256431355
2021-06-24,26.37585813715029,26.57147462320126,26.098732190854758,26.514419555664062,1438000,0.013306721688777792
2021-06-25,26.514421235337505,27.20723769959985,26.514421235337505,27.044221878051758,2503500,0.019784654349509333
2021-06-28,26.930117276195915,26.930117276195915,26.375865234464683,26.522579193115234,2856900,-0.019476958299278552
2021-06-29,26.752772063930976,26.91720275455761,26.103272560895782,26.243038177490234,2804900,-0.010595673654541123
2021-06-30,26.103280290875734,26.555462471813037,26.103280290875734,26.300596237182617,3042900,0.0021908679655043427
2021-07-01,26.44857980139743,26.57190362960235,26.267708825953505,26.522573471069336,1663200,0.008404589946575653
2021-07-02,26.588347932942565,26.637678093177218,26.095057307489714,26.267709732055664,1537300,-0.009655781470093949
2021-07-06,26.12794109339624,26.201934757159794,25.478441504388957,25.97995376586914,3379500,-0.011015186382393613
2021-07-07,25.815526157355443,26.48969090471659,25.692203892297947,26.399253845214844,2751000,0.01601051467787924
2021-07-08,25.83197004518155,26.04572937388643,25.412673081352093,25.552438735961914,2975200,-0.03260298467091359
2021-07-09,26.20193953201691,26.43214225769043,25.9881801942046,26.43214225769043,2698500,0.0338480177061909
2021-07-12,26.26770491800558,26.966531477185725,26.062167325746156,26.539012908935547,2676400,0.004035056283432389
2021-07-13,26.465021229795394,26.50613126032603,25.11669502552259,25.240018844604492,4038400,-0.0501850513433365
2021-07-14,25.24002082129712,25.453778570024028,24.680958233851054,24.853609085083008,3273600,-0.01542780748011657
2021-07-15,24.66450976434231,24.985147889478025,24.541187529146057,24.82071876525879,3556000,-0.00132423833613616
2021-07-16,24.95226911813106,24.968712505226026,24.0067963139582,24.179447174072266,3153700,-0.026175756489448775
2021-07-19,23.55461105875053,23.67793331775525,23.275079768671777,23.497060775756836,4069500,-0.028627642027954682
2021-07-20,23.513501948142622,24.179443338575986,23.307964346442297,24.105449676513672,2784900,0.025562602634036195
2021-07-21,24.442528716294,24.87826895182896,24.29454140731506,24.598737716674805,2420900,0.02025718670172855
2021-07-22,24.615180528999602,24.62340222021092,24.072561454070698,24.204105377197266,2784300,-0.01617286683088669
2021-07-23,24.327430795929477,24.434309659422887,23.91635559027758,24.089006423950195,2114800,-0.004766691020222111
2021-07-26,24.121893183621136,24.689177406273444,24.105449799050934,24.54941177368164,2508200,0.018932322174249554
2021-07-27,24.294540844267242,24.524743493802365,23.965681036450825,24.204105377197266,3637100,-0.01416563115402746
2021-07-28,24.426089329020822,24.491862870994723,23.751926205063874,24.006793975830078,3177200,-0.008185389846658005
2021-07-29,24.269882790224553,24.508305616397905,23.89169275019176,24.500083923339844,4436500,0.020339670373299985
2021-07-30,24.42608624369911,24.67273229056408,24.195885148377965,24.29454231262207,7147800,-0.008424814054647501
2021-08-02,24.565855484022237,25.083811161023046,24.327432661883,24.475419998168945,3806600,0.007417619629637207
2021-08-03,24.787839450327777,25.404452379779354,24.23699850395926,25.24824333190918,3914300,0.03108723372544901
2021-08-04,25.0509221515161,25.634649751595795,24.93582159718804,25.15780258178711,5131200,-0.003588492036428851
2021-08-05,25.29756932909088,25.52777044790615,25.223575664292397,25.519550323486328,2484300,0.014276747517034822
2021-08-06,25.823744015597693,26.218375832424535,25.757972046126554,26.029281616210938,2853100,0.019777282555793047
2021-08-09,25.955288654419263,26.76921895474733,25.848409789194484,26.629451751708984,4678500,0.022795691670928996
2021-08-10,26.56368157330015,27.352945234912735,26.489687909008033,26.98297691345215,2859300,0.013188370483296453
2021-08-11,27.147408558796798,27.59959068443328,26.98297783958668,27.476266860961914,2172600,0.018116426337501032
2021-08-12,27.47626791385525,27.533821333601086,26.999422259753764,27.278953552246094,1434700,-0.007207136098075975
2021-08-13,27.237844389772828,27.28717140794536,26.884319457013174,26.941869735717773,1158000,-0.012433900442376447
2021-08-16,26.777442528934728,26.834992815172413,26.34992387670093,26.826772689819336,1826300,-0.004281202444565892
2021-08-17,26.555457371980058,26.62945103365102,25.799078938998225,26.029281616210938,2957500,-0.030178249506708204
2021-08-18,25.905961635499242,26.062170664704816,25.470221319558473,25.49488639831543,1801400,-0.020744221668619833
2021-08-19,25.08381300116486,25.42089459493214,24.878275367495657,25.19891357421875,2047900,-0.011677017201628693
2021-08-20,25.141361865112415,25.60998739246142,25.108476661012496,25.593544006347656,2390000,0.015539250975073464
2021-08-23,25.897739144864396,26.1197201424567,25.774416891133406,25.930625915527344,1895500,0.013084605493156622
2021-08-24,25.873071091714138,26.465018782431148,25.873071091714138,26.366361618041992,2206300,0.016664278636418887
2021-08-25,26.497913102707063,26.96653868745858,26.317038969555387,26.75278091430664,4225000,0.014549410793447294
2021-08-26,26.81854771615513,26.867877873890574,26.41569573820879,26.42391586303711,1339200,-0.012368923380046613
2021-08-27,26.514351843648825,27.122744552726633,26.456801563415727,27.081634521484375,1605400,0.024586301241946516
2021-08-30,27.188514715727464,27.188514715727464,26.645895552457546,26.654115676879883,1447900,-0.015912232121255664
2021-08-31,26.621233814465423,26.78566454014954,26.481466599944593,26.670560836791992,2650700,0.0006167936313407471
2021-09-01,26.769222364585904,26.802106002205694,26.11972269370059,26.530797958374023,2567800,-0.005254121439943343
2021-09-02,26.662340711822644,26.83499156247611,26.604790428271485,26.670560836791992,2054600,0.005254121439943421
2021-09-03,26.719894111156464,26.802107915457782,26.25949022093232,26.308818817138672,1959500,-0.013656167505121202
2021-09-07,26.259484050229645,26.267705742353325,25.61820617772944,25.675756454467773,2348800,-0.024356981152016885
2021-09-08,25.634653515019956,25.905963124429533,25.56065984262392,25.73331069946289,1898800,0.002239070740893549
2021-09-09,25.675760012860387,26.169050631754143,25.593544648356822,25.78264045715332,1790200,0.0019151261564683184
2021-09-10,26.02106163257654,26.23482093942523,25.651094868056834,25.749752044677734,2917800,-0.0012764172336722284
2021-09-13,26.062170310512204,26.275928050990483,25.80730253787011,26.1032772064209,1682300,0.013635872180138744
2021-09-14,26.169048965635444,26.267707710383895,25.593543018879167,25.749752044677734,1893000,-0.01363587218013867
2021-09-15,25.81552414651269,26.391028527995925,25.725088662182895,26.34170150756836,1316000,0.022728294355872616
2021-09-16,26.35814393038262,26.563681538003728,26.029282503686847,26.037504196166992,2177400,-0.011615324340676692
2021-09-17,25.92240534883573,26.358145670281562,25.733309545565216,25.75797462463379,5134400,-0.010793694420732473
2021-09-20,24.87827354243203,25.21535511147109,24.09722996453513,24.475419998168945,2874200,-0.05107492476269597
2021-09-21,24.680956973192522,24.754950639406076,24.22055159050207,24.36031723022461,2337400,-0.0047138832181266065
2021-09-22,24.730286133818815,25.363342373578302,24.713842748029002,25.12491798400879,2663500,0.03090463671173354
2021-09-23,25.379786896026257,25.97173469782217,25.379786896026257,25.78264045715332,1840000,0.025841312908297782
2021-09-24,25.651093183783743,26.119718662281546,25.651093183783743,26.029281616210938,1772200,0.00952070535994337
2021-09-27,26.317030012199258,26.670554895983877,26.26770300086017,26.465017318725586,2123900,0.01660163938675996
2021-09-28,26.465021425730388,26.66233891047128,25.40444817791752,25.445556640625,3549200,-0.039282623681200717
2021-09-29,25.545114119078953,25.64467197286317,25.07220877505149,25.271326065063477,3418400,-0.006870740143144708
2021-09-30,25.47044531540548,25.52022424303612,24.640789136824765,24.657381057739258,3178900,-0.024594105828295312
2021-10-01,24.74034812498289,25.19665999356362,24.566121079075742,24.972652435302734,2429300,0.012705033473972428
2021-10-04,24.77353481897156,25.02243104780847,24.44996782255122,24.516340255737305,2427000,-0.018441479079522705
2021-10-05,24.740348038765728,25.287921013199462,24.549527489405655,25.055618286132812,1774700,0.021758240810118602
2021-10-06,24.690569460138782,25.279624620655685,24.532934334213607,25.254735946655273,2376900,0.007915615114761292
2021-10-07,25.6114876367511,25.752529254304786,25.28792064210228,25.31281089782715,1828200,0.0022969267970811827
2021-10-08,25.15517515116377,25.279623261807416,24.856498419664156,24.931167602539062,3098000,-0.015191895495658785
2021-10-11,24.980950225831652,25.644674593703044,24.798424837834233,24.839908599853516,2751300,-0.003667154175469058
2021-10-12,24.732048967083593,24.79842139465514,23.918986333721275,23.968765258789062,5264500,-0.0357000423243708
2021-10-13,23.927285844912344,24.19277558582196,23.66179610400273,24.001955032348633,2460400,0.0013837515323526998
2021-10-14,24.449968653914187,25.113694590787087,24.391892970707094,25.00583839416504,2541800,0.04097404665809104
2021-10-15,25.354292444682322,25.42066487585517,24.897982178174427,24.931167602539062,2347300,-0.002990601690604003
2021-10-18,24.8067224178124,24.839909428534973,24.54952941448751,24.698867797851562,2023600,-0.009361327239295747
2021-10-19,24.831613540649414,24.914579487901488,24.582715698893193,24.831613540649414,1727900,0.005360176482938867
2021-10-20,24.856498090067262,25.35429210848468,24.773533739033994,25.263031005859375,2689000,0.017224521115540348
2021-10-21,25.24643680306804,25.296215728797282,24.823311978260676,25.06391143798828,1838000,-0.007913081829376768
2021-10-22,25.10539678124456,25.51192812901696,25.080506525585328,25.49533462524414,2355200,0.017066459344361868
2021-10-25,25.495335747026754,25.868681686124177,25.345997371387785,25.810606002807617,2788700,0.012290013282132261
2021-10-26,26.0014252594434,26.275211740301362,25.752529034097474,25.76082420349121,3360600,-0.0019305966338147597
2021-10-27,25.652971081651014,25.694453260798944,24.939466206711987,25.188364028930664,2868000,-0.022472753204774137
2021-10-28,25.246435806365426,25.935050317801007,25.146876376393923,25.910160064697266,3459900,0.02825302927718081
2021-10-29,25.910164655235974,26.524110098577328,25.83549546513897,26.12587547302246,5941400,0.008291048378727316
2021-11-01,27.818372965814252,30.033556792373002,27.793484291153312,29.162418365478516,7787400,0.10995461739326527
2021-11-02,29.74317181297357,31.75094134856161,29.461088594416143,31.261444091796875,8870300,0.06950468203520035
2021-11-03,31.219967700862526,31.402489936175353,30.464980588516458,30.90469741821289,4079400,-0.011477327724332445
2021-11-04,30.813428994763584,30.813428994763584,29.776358804229606,30.091629028320312,2804000,-0.02666116465177737
2021-11-05,30.456685285535364,30.514760979583706,29.519175844533294,29.7680721282959,3157700,-0.010810613649047049
2021-11-08,30.050151134009248,30.141413830157592,29.510873292162213,29.65191650390625,2361400,-0.003909653132570224
2021-11-09,29.54405797449528,29.925699069326498,29.436201781647412,29.63532066345215,2361500,-0.0005598453117563549
2021-11-10,29.494279794246822,29.544060309854807,28.896929431388568,29.0462646484375,2431500,-0.020077024111769544
2021-11-11,29.187304872791575,29.54405728591513,29.029671336831914,29.436201095581055,1341500,0.01333535516171913
2021-11-12,29.419609458249322,29.801250568394295,29.270271082125223,29.79295539855957,1800500,0.012046722882406316
2021-11-15,29.884219246911123,30.033557628810687,29.560653807757905,29.65191650390625,1769100,-0.004745208620599627
2021-11-16,29.527470911793937,29.817849381012106,29.41961469541807,29.577251434326172,1587800,-0.002521227690019355
2021-11-17,29.36983529392663,29.477688337909058,28.913521781355875,29.03797149658203,1650800,-0.01840119776255092
2021-11-18,29.179008330266637,29.378127219656974,28.79736722089648,28.888629913330078,1504400,-0.0051562463702018915
2021-11-19,28.631431103808307,28.863736967869407,28.424017075292234,28.77247428894043,2227400,-0.004028912838828862
2021-11-22,28.971588645702347,29.145818826921733,28.589947610434677,28.62313461303711,1712600,-0.00520388286752133
2021-11-23,28.772476086384557,28.847145267910474,28.299572325016115,28.780771255493164,1857200,0.005492206020515473
2021-11-24,28.66462122461848,28.772477417342262,28.46550550793007,28.5733585357666,1296200,-0.007232735451477547
2021-11-26,27.55288005979739,27.79348110355027,27.013605459705513,27.49480438232422,1913100,-0.03847770869237513
2021-11-29,28.050673143211235,28.216601826941286,27.51969059466005,28.000892639160156,1945300,0.018239334366188954
2021-11-30,27.67732652146217,27.79347786286541,26.822781796949748,26.880857467651367,3754800,-0.04082197465267383
2021-12-01,27.619257736381027,27.909636162281934,26.38306851278686,26.399662017822266,2421300,-0.01806320726927783
2021-12-02,26.598778099943168,27.38694893398962,26.424549480387466,27.07997703552246,1929600,0.025443392305069458
2021-12-03,27.071680075505085,27.129755750700692,25.98482941919724,26.457733154296875,3090800,-0.023246115664796736
2021-12-06,26.822786331176758,27.154646910586905,26.598778778509118,26.822786331176758,2319100,0.013703278153292989
2021-12-07,27.30398296393164,27.619253177793706,27.13805110585229,27.362058639526367,1990700,0.019905570087841145
2021-12-08,27.362063028377438,28.0008987272751,27.27909866847383,27.669034957885742,4392300,0.011156583755868666
2021-12-09,27.511399811171955,28.100454961002352,27.32887443211403,27.594364166259766,3067000,-0.002702361354940004
2021-12-10,27.901341792619032,28.291278095031075,27.54458933634228,28.24979591369629,3716100,0.023474678274980062
2021-12-13,28.291277359787976,28.64802980679333,27.610959475937648,28.307870864868164,3872500,0.002053655141403601
2021-12-14,28.13363513348988,28.789064140053718,27.85985029631054,27.984296798706055,3364500,-0.011496364179451348
2021-12-15,28.108748871906773,28.79736177245145,27.843259179541747,28.714397430419922,2715900,0.025755125373462966
2021-12-16,28.946709390914823,29.18731049070618,28.266391440729993,28.341060638427734,2135200,-0.013086990554163536
2021-12-17,27.876447193605635,28.13364175625266,27.411841744807468,27.561180114746094,7584200,-0.027903393986562552
2021-12-20,26.972121595713077,27.27079833327851,26.22543291668672,26.665149688720703,2256600,-0.03305080735241688
2021-12-21,27.19612929299127,27.386949839694235,26.98042007298838,27.312280654907227,1419400,0.023978984167258854
2021-12-22,27.32058206127401,27.478215618043713,27.146354998809457,27.270801544189453,1330200,-0.0015198525635117916
2021-12-23,27.403540712972443,27.801775271979633,27.320576366678548,27.72710609436035,942800,0.016593904760951718
2021-12-27,27.71052122656898,28.258094248895787,27.70222289136948,28.24979591369629,973500,0.018675739193029225
2021-12-28,28.20830855814865,28.448909596599854,28.07556370329402,28.258089065551758,1188200,0.0002935219365599927
2021-12-29,28.208312005962874,28.374243886034247,28.017491451591376,28.0838623046875,926600,-0.0061846390467850286
2021-12-30,28.15080995616052,28.393490122874045,27.94160357635286,27.983444213867188,854000,-0.003582058936978716
2021-12-31,28.016915678674444,28.25959582527415,27.975075044627953,28.025285720825195,1107300,0.0014941068933560075
2022-01-03,28.2093867014924,28.50227754040768,27.77423706054313,27.95833969116211,1342900,-0.0023916300911480466
2022-01-04,28.159179157269392,28.78679827793154,28.09223158545885,28.63616943359375,1714700,0.023955050292816818
2022-01-05,28.84537928490683,29.230318292520042,28.326545117529395,28.334915161132812,3685900,-0.010575788839972754
2022-01-06,28.56922322292489,28.803533350953316,28.07549603012494,28.535749435424805,1949900,0.007062871889638527
2022-01-07,28.71148439865871,29.48973237837428,28.535748615451073,29.42278480529785,3139800,0.030611700199908845
2022-01-10,29.64035562260051,29.88303576691081,28.627797603943264,29.221942901611328,4176300,-0.006849471273943818
2022-01-11,29.48973476402752,30.10061705270701,29.32236901003292,30.092247009277344,3058400,0.029347667838353006
2022-01-12,30.284715837071083,30.50229227010692,29.389312744140625,29.389312744140625,3053200,-0.023636467980188196
2022-01-13,29.447887474850287,29.707304522704167,29.171736726573716,29.230314254760742,2407000,-0.005424765984986833
2022-01-14,28.895584959023324,29.62362547935828,28.778429893839157,29.51483726501465,3547400,0.009686764871767282
2022-01-18,29.32236563359703,29.43952069023211,28.33491131019295,28.669639587402344,3238000,-0.029054386295277266
2022-01-19,29.088056097860846,29.088056097860846,28.184286120808746,28.301441192626953,2478200,-0.012925979858485636
2022-01-20,28.5859574545574,28.64453498110937,27.330719270325247,27.380929946899414,2296900,-0.03306594514409055
2022-01-21,27.121517684860972,27.21356901201436,26.5524760190367,26.627790451049805,2701000,-0.0278913595318713
2022-01-24,26.00853506173424,26.619417260444344,25.280496214035235,26.518999099731445,3439500,-0.00409400094307749
2022-01-25,25.941588761599313,26.69473134190604,25.431124730048833,26.40184211730957,3654100,-0.004427638379238914
2022-01-26,26.945783093375596,27.347458970504952,26.209375722520384,26.560842514038086,2522100,0.006004260377426337
2022-01-27,26.89556917312588,27.330718785678286,26.02527154413894,26.217741012573242,2432200,-0.01300172576909117
2022-01-28,25.849535335976263,26.150792981885257,25.33070449704159,26.134056091308594,4434300,-0.0031970246361162375
2022-01-31,25.949959428444345,26.77004805060569,25.74912149624879,26.753311157226562,9154100,0.023418952399278298
2022-02-01,27.4897160871474,27.565030508984897,26.334897612502388,26.895570755004883,6922600,0.005303369842469583
2022-02-02,26.895568940159553,26.954146465165394,26.426947143994962,26.91230583190918,3985200,0.0006220307696722405
2022-02-03,26.887202831781003,26.93741031617859,25.866274752552975,25.90811538696289,2772100,-0.038027392842234116
2022-02-04,25.866278963743337,26.343269296592084,25.740755443959692,26.04201316833496,2351000,0.0051548699338199175
2022-02-07,26.016905739277284,26.452055396003562,25.816067804507778,26.00853729248047,3497900,-0.0012862834369157662
2022-02-08,26.117321972349945,26.32652833840639,25.749119917295495,25.891380310058594,2633900,-0.004514734775429134
2022-02-09,26.10895730170938,26.410213408617526,26.008537535327974,26.226112365722656,2796400,0.012845462864630449
2022-02-10,25.899749894101184,27.640345276198595,25.899749894101184,26.26795196533203,4175400,0.0015940700725801985
2022-02-11,26.184270014650565,26.535735183699682,25.431125806351215,25.6319637298584,2798300,-0.024509483837531224
2022-02-14,25.60685890657465,25.9248518730146,25.07128953703461,25.43949317932129,2569000,-0.007537339774351682
2022-02-15,25.74912461475739,26.07548609458646,25.690547076954036,26.000171661376953,1762700,0.021800324283356945
2022-02-16,25.774221939175984,26.38510570033151,25.774221939175984,26.259580612182617,1744100,0.009927757792058848
2022-02-17,25.97506343561887,26.01690407080167,25.121501070499285,25.196815490722656,1633500,-0.041313281036074796
2022-02-18,25.096395987312466,25.48133653860988,24.987609377058508,25.414390563964844,3319100,0.008597954111395405
2022-02-22,25.33907529658424,25.33907529658424,24.351621006465002,24.694719314575195,2871900,-0.028726143382931557
2022-02-23,24.937399471315693,25.079659871357045,24.22609906722691,24.293045043945312,2292100,-0.01639933064812799
2022-02-24,23.573375214832183,24.343254765326122,23.1800677908204,24.234466552734375,2551500,-0.00241423958228519
2022-02-25,24.343252967877476,25.28886504349596,24.334884521671555,25.28049659729004,2926300,0.04225735535148879
2022-02-28,24.677982501442,25.17170964808212,24.55245900228828,24.878820419311523,2915100,-0.01601635701818693
2022-03-01,24.64451187594355,24.80350757343212,23.39764046307892,23.49806022644043,3354800,-0.0570989817601951
2022-03-02,23.732370396230024,24.753296875939157,23.64031908549339,24.64451026916504,2765700,0.04763629436503876
2022-03-03,24.75329831862434,25.021082224245802,24.192625167685154,24.44367218017578,2951100,-0.008182792664606788
2022-03-04,23.933208177878495,24.000154150002043,23.230274672522278,23.598478317260742,2511300,-0.035189144017320435
2022-03-07,23.42274395120199,23.548267448391794,22.636127588098493,22.77001953125,3402400,-0.03573749403290451
2022-03-08,23.012702174805703,23.65705821876859,22.78675889765746,23.104753494262695,2774200,0.014593637492883135
2022-03-09,23.841155285443353,24.209358905745944,23.8076830996619,23.882997512817383,3574600,0.03312842930368222
2022-03-10,23.39763870812164,23.657055745631943,22.167505876888608,22.78675651550293,4891000,-0.046987292018439354
2022-03-11,23.113118698811732,23.305588161478415,22.795124146814956,22.811861038208008,3589400,0.0011011090505973753
2022-03-14,23.255379615125953,23.380903111208195,22.276293791895938,22.4520263671875,4338000,-0.015899750206802354
2022-03-15,22.661234666138853,22.96249235942224,22.13403529901091,22.569183349609375,4022100,0.005204535711643368
2022-03-16,22.97085989726944,23.707265612018123,22.75328508251876,23.32232666015625,4532700,0.03282572035295022
2022-03-17,23.079647457588546,23.439482681575704,22.94575550393537,23.380905151367188,3081500,0.002508542542230404
2022-03-18,23.364168167114258,23.5482692036407,22.96249230771949,23.364168167114258,6659400,-0.0007160962120699516
2022-03-21,23.372537278120067,23.69053027681781,22.903915428837802,23.138225555419922,3232300,-0.009717538027397709
2022-03-22,23.464592841371477,23.724008355347177,23.364173057445033,23.506433486938477,1944400,0.015788113257876664
2022-03-23,23.33069171222731,23.414374572392475,22.761651774563358,22.77838706970215,2198400,-0.0314619982388533
2022-03-24,22.887175784030948,23.104750586930717,22.77001913870471,23.09638214111328,1908600,0.013863837148171907
2022-03-25,23.154960744568744,23.472953719858182,23.071277878613234,23.28885269165039,2527300,0.008298832844563233
2022-03-28,23.22190304740344,23.431109381163832,22.954119195568964,23.422740936279297,1580000,0.005732564482874155
2022-03-29,23.857897987921223,24.301416129415557,23.765846661393415,24.251205444335938,2853300,0.03475893987122247
2022-03-30,24.411806782626492,24.597770336913662,23.88773148586655,23.997617721557617,1794200,-0.010511761373398664
2022-03-31,23.92999254493845,24.20048320039531,23.591879225617372,23.600332260131836,2461900,-0.016693773067816563
2022-04-01,23.72712680655852,23.879278217764714,23.312937749525894,23.608787536621094,3882400,0.0003582052203502357
2022-04-04,23.583427330020154,23.989163332799702,23.36365325878501,23.68486213684082,2113100,0.003217119691900268
2022-04-05,23.54115826450864,23.718667119634617,23.219949461540896,23.372100830078125,2748900,-0.013293076841053733
2022-04-06,23.12697042350936,23.22840359919071,22.535270987113524,22.653610229492188,2936000,-0.031223807564757965
2022-04-07,22.501464668895853,22.61980393337846,21.622368383449164,22.28169059753418,3191500,-0.016553939475598505
2022-04-08,22.2732370900925,22.66206701500173,21.960481253414255,22.214067459106445,3145000,-0.003039534258727454
2022-04-11,22.095729254017364,22.5606365478208,22.07037175896106,22.129541397094727,2648500,-0.003812326807219885
2022-04-12,21.994297219231868,22.357769715389132,21.639277759293584,21.782976150512695,4854000,-0.015784676517851644
2022-04-13,21.622370536696305,22.18025799945905,21.512484296198313,22.129541397094727,2807600,0.015784676517851697
2022-04-14,22.230975428279415,22.42539203369843,21.59701223227618,21.61391830444336,2671500,-0.023575957594523807
2022-04-18,21.554744433111928,21.842141154533536,21.411046072401124,21.70689582824707,3338500,0.004292517046589352
2022-04-19,21.782975091691615,22.670522892269727,21.715352417478538,22.61980628967285,2455400,0.0411959168078029
2022-04-20,22.8564843905853,23.01708721967444,22.535275507903865,22.56063461303711,2302200,-0.002619350731638645
2022-04-21,22.864937042853967,23.05090059932742,22.264786032693888,22.38312530517578,3099200,-0.007899215873191886
2022-04-22,22.315505648945898,22.72124173421265,22.222525470396363,22.307052612304688,4297100,-0.003404451263851163
2022-04-25,22.1633536874414,22.518373156679676,21.613919216829075,22.509920120239258,3678100,0.009053217170242947
2022-04-26,22.230974178172026,22.357768100044133,21.605464053426495,21.791427612304688,3668100,-0.0324394426109625
2022-04-27,21.774519062534413,22.02810365291018,21.588557137075618,21.673084259033203,2926000,-0.00544552972621779
2022-04-28,21.968933969855012,22.070368773112506,21.385687478690294,21.935123443603516,3698900,0.01201802836177835
2022-04-29,21.842142924624206,22.053463965603733,20.73482112132192,20.785537719726562,12256600,-0.05383171936597205
2022-05-02,20.80244298767264,21.427953051378264,20.66719765564178,21.411046981811523,5203300,0.029649560001930166
2022-05-03,21.191275520174536,22.28169295754934,21.07293624315776,21.59701156616211,7039800,0.008647948761498351
2022-05-04,21.512478135695055,22.746591984076144,21.250438938640503,22.653610229492188,4484700,0.047764279558061735
2022-05-05,22.129541877311397,22.298597759611614,20.71791711823323,21.165918350219727,5083800,-0.067926968185384
2022-05-06,21.17436877275857,21.419501967043416,20.709463103099857,21.14055824279785,3261700,-0.0011988760351447183
2022-05-09,20.8362522627212,21.318063930665545,20.72636604164237,20.996856689453125,4526900,-0.006820641972091402
2022-05-10,21.22508607485024,21.520934245249084,20.329083691708668,20.734821319580078,3717000,-0.012558268738180445
2022-05-11,20.591126258203126,20.777088225547054,20.05859624131753,20.185388565063477,3704700,-0.026855472018694655
2022-05-12,20.041688465670486,20.76863342469581,19.974065791267087,20.726369857788086,3463600,0.026447791406099937
2022-05-13,21.056028068763197,21.368783913969427,20.895423628670727,21.208179473876953,2623000,0.022980135791765024
2022-05-16,21.013765469059273,21.250444010302648,20.641839974210427,21.072935104370117,2207500,-0.006397410859021224
2022-05-17,21.597014590710657,21.91822354795658,21.301166356736722,21.842147827148438,2344500,0.03585196912778757
2022-05-18,21.554748050807596,21.81678571293595,21.22508771418639,21.326520919799805,3190300,-0.0238900779652843
2022-05-19,20.979951141491274,21.54629155399231,20.92923454683115,21.22508430480957,3062400,-0.004767707662323908
2022-05-20,21.546294783918842,21.825238514742164,21.216634450832654,21.808332443237305,3319100,0.02710841478603703
2022-05-23,22.18025638893666,22.264785128240664,21.791426445290476,21.977388381958008,2507300,0.007722005055161164
2022-05-24,21.825237541987953,22.011201095749556,21.225086540579692,21.94357681274414,2672700,-0.001539655412547663
2022-05-25,21.7745205721016,22.484559409080582,21.7745205721016,22.35776710510254,2272100,0.018699313592851124
2022-05-26,22.493011992397662,23.11006904167781,22.391577183902218,23.000181198120117,2019000,0.02832831190818013
2022-05-27,23.143878311670765,23.31293577922338,23.04244512094039,23.28757667541504,1720000,0.012417934401772083
2022-05-31,23.126977101384735,23.30448601620813,22.76350462369677,22.890296936035156,5173200,-0.01720692229483745
2022-06-01,22.82267007413741,23.000178956388904,22.16334791380737,22.45074462890625,2132000,-0.019389324220535017
2022-06-02,22.509917666599225,22.712787294552218,22.281692156592534,22.704334259033203,1598700,0.011232060818933798
2022-06-03,22.450747307110447,22.602898717048767,22.332408038159137,22.36621856689453,1334000,-0.015004121940758626
2022-06-06,22.52682137528509,22.966369502669068,22.408482114932287,22.636709213256836,1543300,0.012021169157075816
2022-06-07,22.50146481962496,22.78040852509648,22.281690746791103,22.771955490112305,2799100,0.005956866499593401
2022-06-08,22.467653239951012,22.662068212680357,21.84214314578816,21.875953674316406,2348100,-0.0401417286649415
2022-06-09,21.833689029647225,22.07036916663379,21.64772710131948,21.681537628173828,2010600,-0.008926929968328178
2022-06-10,21.13210501942568,21.225086797431686,20.75172648417535,20.76017951965332,3340700,-0.04342439222278292
2022-06-13,20.092407253428664,20.3037283184948,19.416178877865963,19.500707626342773,3139000,-0.06258595220075708
2022-06-14,19.610593900572066,19.805008877804276,19.348554640213894,19.509159088134766,3068100,0.0004332986824118355
2022-06-15,19.75429042376882,20.37980047371498,19.695119181586826,20.10085678100586,2965500,0.029878387953162066
2022-06-16,19.54296945845089,19.602139088571715,19.238666660970647,19.568326950073242,3484600,-0.026850152866813443
2022-06-17,19.779650844669483,19.98251886829794,19.39082086911121,19.703575134277344,4612600,0.006887810965519392
2022-06-21,20.22765142046479,20.557311746724647,20.050140897842937,20.43897247314453,2708900,0.03664339550183496
2022-06-22,20.10085865143535,20.531953782509525,20.10085865143535,20.371349334716797,1823100,-0.0033140243606414196
2022-06-23,20.362896790368787,20.641840515760755,20.16848180860353,20.599576950073242,1877800,0.01114106986328848
2022-06-24,20.844708730887547,21.512484038397538,20.836255695219506,21.41950225830078,3264500,0.039031288328304915
2022-06-27,21.4955772681316,21.563199939025477,21.08984124276833,21.24199104309082,2207000,-0.00832189526984619
2022-06-28,21.411046674979413,21.673084300502623,20.844706250621822,20.86161231994629,3212300,-0.018069193230066533
2022-06-29,20.476713153379094,20.528032778527404,19.681251622183723,19.90363883972168,4906800,-0.04700816772714295
2022-06-30,19.40754622027879,20.19445426713117,19.339119504527346,19.93785285949707,3988100,0.001717507388737044
2022-07-01,19.86086982371709,20.288537145229338,19.775337664551728,20.168790817260742,2866000,0.011516321932983308
2022-07-05,19.698357595416727,20.382624663494465,19.467416848157473,20.37407112121582,2151000,0.01012666834150952
2022-07-06,20.33130895263791,20.468162392581707,20.049048528826127,20.262882232666016,2717200,-0.005472318018317509
2022-07-07,20.442501312512064,20.78463490486868,20.374074594040742,20.77608299255371,3376700,0.025011718061674213
2022-07-08,20.84450499377803,20.861610445958547,20.27143074448801,20.416837692260742,2897600,-0.017442531502851428
2022-07-11,20.24577346851824,20.3911804403469,19.980620154508884,20.211559295654297,3396700,-0.010105254387373707
2022-07-12,20.26287983799477,20.97280758558693,20.228665666341413,20.553693771362305,3847900,0.01678598725696112
2022-07-13,20.17734464971809,20.71620476474977,19.877977194068762,20.596458435058594,4031700,0.0020784700322459076
2022-07-14,20.22866541388115,20.85305935596878,20.185899331269688,20.79318618774414,3152400,0.009506205523936079
2022-07-15,21.186639945503565,21.29783273361336,20.66488528021428,21.058340072631836,2777200,0.012671338724898545
2022-07-18,21.220853217954364,21.332047641333443,20.878719667983074,20.955699920654297,2552400,-0.004886002688057529
2022-07-19,21.28928054962692,21.759715622068608,21.28928054962692,21.69984245300293,2083700,0.03489431834173498
2022-07-20,21.605755596992473,21.828142823812847,21.349154197697484,21.74260902404785,2632000,0.001968884508413052
2022-07-21,21.716948981375605,21.956443300903228,21.562988463923674,21.913677215576172,2250200,0.007837087477923289
2022-07-22,22.024866285810095,22.15316615148201,21.44323848791469,21.639965057373047,2713900,-0.01256913302311915
2022-07-25,21.72550034329111,21.72550034329111,21.409027428235806,21.580093383789062,2461700,-0.0027705521020151293
2022-07-26,21.38336379441344,21.58009034978096,21.169530156469307,21.272171020507812,2849500,-0.0143715935421378
2022-07-27,21.49456207257076,21.802483112116423,21.203749751404033,21.751163482666016,3544700,0.02226755595103498
2022-07-28,22.238700664677978,23.085481763447078,21.486006898468123,22.717687606811523,4417600,0.04347656124414268
2022-07-29,22.88875577485202,23.752643980146964,22.760455901701988,23.47893714904785,6408500,0.032959916906790794
2022-08-01,23.359190435550996,23.992137924157507,23.21378346982913,23.898052215576172,3343800,0.017693230649344607
2022-08-02,23.650002404470612,23.752643278812844,23.24799571209135,23.4190616607666,3279800,-0.020246666716268787
2022-08-03,23.65855755415734,23.72698426456114,23.39340425527032,23.58157730102539,1537500,0.00691549270510634
2022-08-04,23.53025717562785,23.769751472658214,23.367743130092194,23.632896423339844,1879700,0.0021738733263894274
2022-08-05,23.43616976451586,23.89805127201537,23.342084059649288,23.65000343322754,1568000,0.0007236024307317828
2022-08-08,23.80396453928403,24.094778466619303,23.76975199976183,23.82107162475586,1551300,0.0072072912539196945
2022-08-09,23.769753410642178,23.821073038682343,23.359191492056187,23.5388126373291,1615400,-0.01191989101547076
2022-08-10,24.026351600253854,24.454018945745847,23.88094463752972,24.28295135498047,1886700,0.031123853442246444
2022-08-11,24.54810439743168,24.76193805374582,24.47967769266801,24.522443771362305,1468500,0.009814256726219706
2022-08-12,24.736279786408016,24.864579666146287,24.488231938348736,24.821813583374023,1657500,0.012134076028882074
2022-08-15,24.590871161808018,24.79615128182298,24.530997997397993,24.67640495300293,1554800,-0.0058753245250368815
2022-08-16,24.530998495322173,24.830365954870164,24.488230783145944,24.625085830688477,1312300,-0.002081849454605086
2022-08-17,24.197416303487174,24.32571616554017,23.889495329422978,24.291501998901367,2082900,-0.013639095358629378
2022-08-18,24.274396322741485,24.394144281497695,24.128989368940008,24.342823028564453,1246500,0.002110486726542143
2022-08-19,24.07767026131128,24.223077218216137,23.598683310327615,23.701322555541992,1699400,-0.026706213314776663
2022-08-22,23.32497885857861,23.34208594499843,22.957184657660214,23.07693099975586,2432600,-0.026697390098046822
2022-08-23,23.11969566345215,23.393402484347227,23.05126895822838,23.11969566345215,2128200,0.0018514198546845555
2022-08-24,23.153911590576172,23.26510602248435,23.017058160090393,23.153911590576172,1320900,0.0014788530823654103
2022-08-25,23.230891777596533,23.573025352757142,23.188125692484547,23.410512924194336,998200,0.011021458282293643
2022-08-26,23.436170377171667,23.53025771591924,22.555176683158788,22.65781593322754,5437800,-0.03268032501742631
2022-08-29,22.4953047204418,22.751906140812032,22.30713165064097,22.332792282104492,3638300,-0.014448762464304411
2022-08-30,22.46963854431766,22.56372423345929,22.153164049692688,22.375551223754883,2603200,0.0019127953010353717
2022-08-31,22.48675296486393,22.606499316352142,22.238705086584996,22.2985782623291,2465700,-0.0034459781748807975
2022-09-01,22.15316856461713,22.18738273594794,21.819588551249165,22.178829193115234,2862000,-0.005384727456530268
2022-09-02,22.486748426486287,22.65781437531247,22.024866938670748,22.14461326599121,2592200,-0.001543920418738839
2022-09-06,22.247252151005345,22.392659091786605,21.90511865252627,22.161718368530273,3206000,0.0007721290731075176
2022-09-07,22.09329628943004,22.332790604163876,21.870909061053236,22.281469345092773,2404200,0.005388959367189062
2022-09-08,21.768269417018534,22.469643630916394,21.486009022854237,22.461090087890625,2924000,0.008029120820864726
2022-09-09,22.700583383391447,22.76901009311668,22.529515793367636,22.56372833251953,2023900,0.004559193174710899
2022-09-12,22.82033007903999,22.948629957879458,22.589389318276073,22.880203247070312,2743000,0.013928373706562221
2022-09-13,22.238702829502223,22.315683085194994,20.870166944479323,21.07544708251953,4379400,-0.08216333210545368
2022-09-14,21.178085059257562,21.27217238805646,20.77607838138995,20.989912033081055,3419000,-0.004066774615645719
2022-09-15,20.981365203857422,21.38337201033996,20.887277844956945,20.981365203857422,4770600,-0.0004072703955860933
2022-09-16,20.750418431351353,20.81029159474647,20.425390356604506,20.647777557373047,5513300,-0.01602698325676788
2022-09-19,20.43394484862091,21.255066984354304,20.37407168244251,21.229406356811523,2281600,0.027779623581706554
2022-09-20,21.01557102717436,21.15242443374296,20.801737375483253,20.989912033081055,2912100,-0.011345369929352492
2022-09-21,21.143871854245575,21.451792848750273,20.73331161585355,20.741865158081055,3827900,-0.011887813692889186
2022-09-22,20.827396840349067,20.870162915735545,20.26287616185731,20.27998161315918,2423800,-0.022519857160687624
2022-09-23,19.972064471861337,20.14313042359161,19.638482847857752,20.02338409423828,2490300,-0.012733476795223618
2022-09-26,19.869424305459027,20.185898856168237,19.57005683996036,19.5871639251709,2817100,-0.022026345360758724
2022-09-27,19.80955103596817,20.014831163166324,19.21081610807415,19.364776611328125,2458200,-0.01141867270926325
2022-09-28,19.46742056645187,19.801000621926182,19.36477967092502,19.7069149017334,2234700,0.01751380718616419
2022-09-29,19.403728690655345,19.602963011750457,19.048571282714434,19.23048210144043,3009600,-0.024472954830386754
2022-09-30,19.117869607496527,19.17850599429846,18.589463975849444,18.64143943786621,4252100,-0.031109600226757673
2022-10-03,18.86666424687969,19.473029855937256,18.641442168469325,19.43838119506836,4102500,0.04186249436898575
2022-10-04,19.83685022325354,20.304619544658582,19.75888866968603,20.287294387817383,3971000,0.042745274163314355
2022-10-05,19.923468698380127,20.269963475734556,19.793533363399394,20.200664520263672,2431600,-0.004279296960870992
2022-10-06,20.14869651596144,20.356593442211494,19.862838035840376,19.880163192749023,2265000,-0.01599309082328808
2022-10-07,19.57697796069255,19.67226301149099,18.762713826724934,18.92729949951172,3523500,-0.049117112224547996
2022-10-10,19.065893662479375,19.16984127043641,18.710736306227535,18.81468391418457,2782600,-0.005967673627994478
2022-10-11,18.65010148890595,18.918634759549004,18.372903989286826,18.520164489746094,2964900,-0.015777513318647664
2022-10-12,18.44220466341895,18.554814857210992,17.965772853455473,18.28628158569336,3760300,-0.012708972313672826
2022-10-13,17.861828372385226,19.343094566403575,17.53265700556923,19.239145278930664,4444600,0.05079588147810634
2022-10-14,19.343090829839817,19.77620974824395,18.728062758770374,18.80602264404297,2837800,-0.022769848138526665
2022-10-17,19.28245555060567,19.542326255653105,19.109207312428946,19.256467819213867,2590200,0.023669822969853378
2022-10-18,19.767547776352675,19.81952158553028,19.29111761241986,19.50767707824707,2283900,0.012961089501900544
2022-10-19,19.33442865231917,19.576975846430614,18.996596417699813,19.273792266845703,2720600,-0.012061824936302937
2022-10-20,19.29977949150328,19.533662450454855,18.728062654568237,18.83201026916504,2200500,-0.023188163653920884
2022-10-21,18.85799557508005,19.585635392603336,18.728060247426036,19.51633644104004,2554700,0.03569378522486855
2022-10-24,19.715575701022175,19.880161372145942,19.59430291820348,19.767549514770508,2077600,0.012789798770655024
2022-10-25,19.767549284819538,20.425890309438536,19.646276503411578,20.31328010559082,2968600,0.02723318473351107
2022-10-26,20.33060360849358,20.53850051328625,20.183343094404886,20.31328010559082,2493700,0.0
2022-10-27,20.53850193004184,20.69442503244643,20.13137066993263,20.192007064819336,3357700,-0.005988028309972732
2022-10-28,20.174682089331483,20.581813319747592,19.871498484792042,20.547163009643555,3765200,0.017436042112495165
2022-10-31,20.365253918734556,20.71174876005568,20.122706703700906,20.31328010559082,6670900,-0.011448013802522417
2022-11-01,20.356592535228348,20.486527901818153,18.69341554711247,19.57697868347168,8809200,-0.03692054561271438
2022-11-02,19.499012837579272,20.27862651759255,19.369077499613304,19.54232406616211,6867200,-0.001771740493260784
2022-11-03,19.213156044118833,19.70691136111954,19.013921732384794,19.421052932739258,3590300,-0.006224898063851639
2022-11-04,19.75022479949477,20.252642749503494,19.654939747536112,20.209331512451172,3333600,0.0397867734192602
2022-11-07,20.269969203727165,20.46054262428839,19.750226064715104,20.114046096801758,3175300,-0.004726072003624531
2022-11-08,20.105377912134635,20.57314710247636,19.984105152661193,20.373912811279297,3229500,0.012836916951047677
2022-11-09,20.14869368130139,20.192004915261776,19.611625458217194,19.66360092163086,3039800,-0.03548604100224595
2022-11-10,20.555826484883525,22.193017360008813,20.486527513866747,22.184354782104492,5834800,0.12061804314232148
2022-11-11,22.31428522063818,23.87351255044491,22.244986264918268,23.674278259277344,5491700,0.06500185236711555
2022-11-14,23.397086138525598,23.821542515999095,22.90333079436699,22.920654296875,5914400,-0.032350714831703965
2022-11-15,23.440396998508145,23.85619244419143,22.98995454836256,23.319124221801758,5015600,0.017235367542690203
2022-11-16,23.180527634977903,23.275814337754788,22.747408661945173,22.903331756591797,2266600,-0.017991414434295475
2022-11-17,22.49619441609434,22.652117479908533,22.132374484600373,22.63479232788086,2361600,-0.011794185508741938
2022-11-18,23.033263786623884,23.119887899145038,22.43555922766721,22.652118682861328,2237200,0.0007651816138107715
2022-11-21,22.504862338995512,22.730084412213046,22.435563366637645,22.626136779785156,1870000,-0.0011476549024448488
2022-11-22,22.74740700505184,23.093901827796213,22.66944546340715,22.937978744506836,2114300,0.013688264557923841
2022-11-23,22.868679912139616,23.050590727767887,22.764732290824302,22.998615264892578,1561400,0.0026400109503683976
2022-11-25,22.937978230048532,23.232499235830076,22.920653076245475,23.18918800354004,776000,0.008252127471876649
2022-11-28,22.860017827138257,23.059253801347573,22.5048604175992,22.53951072692871,1879200,-0.0284163342181383
2022-11-29,22.55683451301663,22.886004170587043,22.478872973973026,22.782054901123047,1943300,0.010703358825114166
2022-11-30,22.730083442636957,23.301800353256642,22.063079829508073,23.223838806152344,3987700,0.019206125546415397
2022-12-01,23.310463139581227,23.752244693053488,23.11989138507502,23.630971908569336,4441300,0.01737893476749403
2022-12-02,23.345111671377268,23.70893164931777,23.041928081057243,23.604982376098633,3350400,-0.0011004132545584895
2022-12-05,23.492371912348933,23.708931381240646,23.21517440430473,23.48370933532715,2921100,-0.005150846391798741
2022-12-06,23.440395958992315,23.475046266353306,22.877341682116967,23.041927337646484,3423000,-0.01899147685222633
2022-12-07,22.97262724358172,23.55300664554988,22.860015402423006,23.19784927368164,2755900,0.006744086517743678
2022-12-08,23.3104608044791,23.379759767559197,23.102563915238797,23.27581214904785,1937800,0.003355145521792227
2022-12-09,23.223835889019284,23.49237080741146,22.963965199459007,23.03326416015625,2051000,-0.010475277252185061
2022-12-12,23.04192956555445,23.42307472229004,22.834032657939883,23.42307472229004,2990500,0.01678219680635285
2022-12-13,24.358612959428896,24.964978559944463,23.466387236628105,23.994792938232422,5275900,0.024115210171190962
2022-12-14,23.82154290425849,24.19402547584355,23.31912497454829,23.475048065185547,4164900,-0.021898773304068746
2022-12-15,23.093903928917413,23.093903928917413,22.496199272667194,22.59148597717285,4022500,-0.038364963972320025
2022-12-16,22.244987025176613,22.678105926282957,22.01110242204699,22.296960830688477,7755400,-0.013122725066158794
2022-12-19,22.32295096342835,22.530847860080936,22.12371664399683,22.331613540649414,3146700,0.0015529385562128375
2022-12-20,22.270977078391606,22.59148584941406,22.15836687097267,22.53084945678711,2781900,0.008882134982023927
2022-12-21,22.83403087476123,23.449058971897706,22.83403087476123,23.310461044311523,2467100,0.03401677457558076
2022-12-22,23.015939006927553,23.17186208155074,22.4615473213496,23.03326416015625,2368700,-0.01196279274881364
2022-12-23,22.972629263503944,23.28447378072406,22.8946677211445,23.258487701416016,2002700,0.009730688916788818
2022-12-27,23.258487234521112,23.405747739108634,23.11122672993359,23.310461044311523,3949400,0.0022321038320248306
2022-12-28,23.275807670337123,23.449054218592618,22.64345289516356,22.660778045654297,2366100,-0.028266641020114808
2022-12-29,22.862330004503743,23.71232786867979,22.82727771911011,23.51078224182129,2384300,0.03682354407316235
2022-12-30,23.221604527082725,23.370573377696758,22.853563935647156,23.1164493560791,2771300,-0.016914677279514952
2023-01-03,23.50201880733009,23.98397769573575,23.3968652955439,23.76490592956543,4213500,0.02766549425140932
2023-01-04,24.097891259196206,24.527271666521173,24.00149915931631,24.387065887451172,3450700,0.025842953475972742
2023-01-05,24.176757926465246,24.29943756889597,23.791191187045396,23.948923110961914,1955200,-0.018129546379409053
2023-01-06,24.273150521843323,24.89531348838134,24.176758417185678,24.8690242767334,2889500,0.037699665309402705
2023-01-09,25.000468722316555,25.386033799083247,24.772633901653613,24.982942581176758,3521500,0.004570271141192122
2023-01-10,24.974183528817484,25.57005905236527,24.930369840303417,25.54376983642578,2562000,0.02220014965194332
2023-01-11,25.77160003733574,25.955621172893085,25.65768346495055,25.824176788330078,3392500,0.010917693059834664
2023-01-12,25.990671953159453,26.33242334393599,25.587580740590695,26.13964080810547,4433800,0.012141829062554696
2023-01-13,25.867993591257036,26.44634289878887,25.74531227020931,26.349950790405273,3331200,0.008013440429582068
2023-01-17,26.33242524379498,26.428817354357232,26.043250583493133,26.095829010009766,2423300,-0.009690913936447094
2023-01-18,26.1571648452974,26.6478850515533,26.06953581919126,26.209741592407227,5111800,0.0043556646521383776
2023-01-19,25.797891338262716,25.85046809351599,25.456138250654153,25.710262298583984,3688400,-0.019240934737905793
2023-01-20,25.85046790359026,26.3937666084988,25.5963438575275,26.32366371154785,2638600,0.02357807211027149
2023-01-23,26.34119185176348,26.814387725640643,26.26232587278395,26.59531593322754,3124800,0.010266812008817705
2023-01-24,26.288609948801742,26.68293976658769,26.174693374432916,26.227270126342773,2918700,-0.013935393564828051
2023-01-25,25.789126511596937,26.481392368025553,25.421085907108054,26.45510482788086,3785500,0.008649424865230996
2023-01-26,26.569023595782287,26.7793322912309,26.14840620488506,26.542736053466797,4454300,0.0033069764349099307
2023-01-27,26.507678537490733,26.963348123399737,26.22726699889584,26.919532775878906,5954600,0.01409603332256746
2023-01-30,26.4288165578228,27.874689815755058,26.16593111870234,27.392732620239258,8210200,0.017425596772010516
2023-01-31,27.261290587176656,27.541702175002474,26.902013031351714,27.34015655517578,16785100,-0.0019211878644421689
2023-02-01,27.121081892174413,28.260254263707974,26.779328843606564,28.049943923950195,5737600,0.025630075309397468
2023-02-02,28.479329630678198,30.117985507298577,28.40922506090391,29.636028289794922,6114000,0.05500416030875344
2023-02-03,29.119017617034395,29.636027098645226,28.908710601704076,29.154069900512695,6204000,-0.016396270850089916
2023-02-06,28.812319453706714,28.812319453706714,28.058712047657675,28.146339416503906,3190700,-0.03517721463934019
2023-02-07,28.006133620688026,28.610773831144506,27.89221703835697,28.146339416503906,3133100,0.0
2023-02-08,27.927271482397387,28.155106336061078,27.52417853472007,27.603044509887695,2653100,-0.019491232671017534
2023-02-09,27.76077255616384,27.936028954145712,26.86695941088637,27.015928268432617,3185600,-0.021499447040405444
2023-02-10,26.875725359920565,27.156136963831894,26.516447783486054,27.094797134399414,5565200,0.002915093864680167
2023-02-13,27.121083392773837,27.84840153790883,27.01592821707675,27.830875396728516,2665700,0.026804308396520784
2023-02-14,27.67314510962759,27.97984591292829,27.322630622163178,27.78706169128418,2453800,-0.0015755246167490978
2023-02-15,27.524174131252394,27.848401051890495,27.436545098264954,27.8133487701416,1863000,0.0009455714660336025
2023-02-16,27.331393484133113,27.690671039958055,27.121084793263748,27.34015655517578,2028100,-0.01715951952778313
2023-02-17,27.235001191824242,27.462836023254543,27.024692502362015,27.454072952270508,3228900,0.00415797656948727
2023-02-21,26.989639111109668,27.12108349909251,26.043249211665167,26.20098114013672,2693800,-0.046717675917926346
2023-02-22,26.20098131916939,26.51644517826808,25.90304360143948,26.087064743041992,2429200,-0.004357270401041945
2023-02-23,26.341185899007293,26.490154751038634,25.701496810854657,26.07830047607422,1947400,-0.0003360186212987461
2023-02-24,25.648922450941463,25.780365174658034,25.447376829817056,25.66644859313965,2528900,-0.01591893236207214
2023-02-27,26.095826956467832,26.200980458456502,25.81541371793356,25.824176788330078,2403100,0.006126501178391548
2023-02-28,25.92933196170353,26.165929848255207,25.78912617812878,25.824176788330078,4469300,0.0
2023-03-01,25.692736778486058,25.79789196292371,25.079336828652117,25.499954223632812,3463900,-0.012634480945574107
2023-03-02,25.14067570092092,25.578819221885247,25.0092329789086,25.464900970458984,2183300,-0.00137558553115671
2023-03-03,25.692734839563347,25.955621945126012,25.42108633472827,25.929332733154297,1955700,0.018073794347847182
2023-03-06,26.016964264590797,26.113354708299134,25.58758378949733,25.6051082611084,2645400,-0.012582992798488629
2023-03-07,25.578818131940064,25.701497777739377,24.702531127351083,24.755107879638672,3526300,-0.03376002633252846
2023-03-08,24.781395615077585,25.228302161358865,24.685003515472392,25.08809471130371,3157700,0.013361572627656132
2023-03-09,25.070570313955965,25.263352842331035,24.334489138146104,24.387065887451172,3275000,-0.028340514150718702
2023-03-10,24.343254238252122,24.77263468138325,23.808718616357215,24.15923309326172,5348500,-0.00938627543949668
2023-03-13,23.274183242478816,24.316965284843665,22.871092007589397,23.703563690185547,8662600,-0.019041226222582853
2023-03-14,24.38706538229171,24.527271158457456,23.61593361338012,23.94015884399414,5102700,0.009931931683643548
2023-03-15,23.353048909991074,23.756141811094814,23.081400399902922,23.572120666503906,5423400,-0.015492649171809227
2023-03-16,23.335520204251456,23.975210933232773,22.923665948960057,23.62469482421875,4035500,0.0022278697795083246
2023-03-17,23.34428483529213,23.370574046641707,22.87985380114312,23.02005958557129,19038800,-0.025926564086394835
2023-03-20,23.370572632056803,23.440675520027668,22.9061399546344,23.081398010253906,3728900,0.0026610204568933275
2023-03-21,23.65975258700968,23.78243225076577,23.49325756377994,23.607175827026367,3115000,0.022523714108280548
2023-03-22,23.54583359045506,23.7035638542963,23.037587172162464,23.046348571777344,4294800,-0.02404338275974942
2023-03-23,23.195316183122035,23.52830617758758,22.74840961458236,22.9499568939209,2708900,-0.004191285277755464
2023-03-24,22.599444579810335,23.133978561698292,22.42418649537775,23.037588119506836,2859600,0.00381108979078039
2023-03-27,23.440677743571985,23.53706985044478,22.941194410476328,23.169029235839844,2984600,0.005689292071002288
2023-03-28,23.125213373539754,23.291708371371865,22.932430835418497,23.107688903808594,1714200,-0.0026510249828343045
2023-03-29,23.396863141244065,23.458202962702213,23.09016236256855,23.247894287109375,2205600,0.006049144512227148
2023-03-30,23.47833538706661,23.522651870581868,23.141538564855633,23.274484634399414,1765800,0.001143120829243331
2023-03-31,23.49606296312489,23.921491079657635,23.442884871183562,23.87717628479004,2742900,0.02556535503753865
2023-04-03,23.832857743108722,24.089888264567012,23.673321790548528,23.868310928344727,3550300,-0.00037135893105965566
2023-04-04,23.97466760283264,23.992394195820175,23.451744943207,23.63787078857422,2895300,-0.009701556254863308
2023-04-05,23.354251370835186,23.655596680691193,23.34538807460402,23.584692001342773,3169700,-0.0022522627561732066
2023-04-06,23.558103865813205,23.76195462279761,23.48719918118815,23.575830459594727,2673900,-0.000375803379179162
2023-04-10,23.61128019953537,23.92148880562254,23.39856616149011,23.584692001342773,3210200,0.0003758033791791802
2023-04-11,23.744230985583716,24.276015303376397,23.708777796130274,24.07216453552246,2548400,0.02045831688560546
2023-04-12,24.400098059512157,24.41782296249088,23.398567504420665,23.41629409790039,3540800,-0.027624065436503958
2023-04-13,23.451744304149354,23.92148886251285,23.380839624632312,23.859447479248047,2593800,0.01874815061321173
2023-04-14,24.11647604682339,24.23169720635116,23.540375320687204,23.70877456665039,3145800,-0.006335045121610073
2023-04-17,23.55810321235892,23.797407150268555,23.442883736977045,23.797407150268555,1982400,0.0037314169758257934
2023-04-18,23.93035285950306,23.96580604555019,23.48719817691967,23.912626266479492,2443000,0.004829983630382044
2023-04-19,23.761953555127107,24.107615356331397,23.691048873687937,24.04557228088379,3116500,0.00554425975041925
2023-04-20,23.850583724121446,23.9126251061926,23.71763766389742,23.832857131958008,1658800,-0.008885694502500995
2023-04-21,23.81513364471184,23.903763229791117,23.54037652136296,23.655597686767578,2528100,-0.007465404765104334
2023-04-24,23.797405047166603,23.948077695812383,23.57582772212874,23.92148780822754,2394700,0.011177350898899195
2023-04-25,23.699912422544966,23.744228905479442,23.24789443961916,23.256757736206055,2429100,-0.028181381366767202
2023-04-26,23.20358070421722,23.49606274290479,23.03518144239679,23.194717407226562,2155100,-0.002671190341206533
2023-04-27,23.389703016803672,23.620143648804312,23.203578866245987,23.593555450439453,2369600,0.01704904582533784
2023-04-28,23.496065825731193,23.956947186709623,23.442887727310993,23.823999404907227,6365300,0.009719850356830867
2023-05-01,25.038240260970266,25.25981760841248,23.017454243716905,23.159263610839844,5360800,-0.028298594495947713
2023-05-02,22.9110960743742,22.955410863814617,21.93615549217726,22.352720260620117,4545000,-0.03544683092913929
2023-05-03,22.308408281206678,22.778152884749357,22.193188799847718,22.281818389892578,3025700,-0.0031769984638558096
2023-05-04,22.06023686314895,22.2640892770153,21.723440089349292,22.246362686157227,3461100,-0.001592506604659931
2023-05-05,22.583165123756395,22.76929099344456,22.485672230587518,22.63634490966797,2766800,0.017378275912910045
2023-05-08,22.778153900973365,22.849058590473234,22.237504586973643,22.476808547973633,3000900,-0.007072749941753499
2023-05-09,22.193188712988828,22.38817617702588,22.095694135719768,22.26409339904785,2027300,-0.009508827155285707
2023-05-10,22.565437352316806,22.787014710562655,22.06024124599644,22.15773582458496,3135200,-0.004788536607068035
2023-05-11,22.104557458957864,22.104557458957864,21.48414018733112,21.73230743408203,3873500,-0.01938670748106814
2023-05-12,21.85639167358142,21.927296364465256,21.47527832614287,21.705718994140625,2363300,-0.0012242012562861504
2023-05-15,21.750030056674266,21.84752292575542,21.625945610706175,21.723440170288086,2057000,0.0008160957970155424
2023-05-16,21.528454159774203,21.625947035277527,21.28915023803711,21.28915023803711,1599300,-0.0201943052956339
2023-05-17,21.457547505460827,21.78548269278609,21.253696770623932,21.67912483215332,2111100,0.01815224379388114
2023-05-18,21.643674205573063,21.91842962833295,21.484138253486385,21.865251541137695,2812300,0.008548880845196304
2023-05-19,21.99820105534909,21.99820105534909,21.439826825951542,21.705718994140625,2353100,-0.0073229151404593075
2023-05-22,21.794348067708317,21.953884028625414,21.581634016652522,21.812074661254883,1956400,0.004887926061184268
2023-05-23,21.670266106020293,21.998199646416722,21.58163482546683,21.599361419677734,2583300,-0.00979994965268318
2023-05-24,21.44868880766808,21.528456791330978,21.20938485667938,21.342330932617188,2496600,-0.011971282108085787
2023-05-25,21.298014638835483,21.555043475495918,21.227109957291127,21.50186538696289,2432800,0.007447225313112876
2023-05-26,21.60822221647137,21.89184264171343,21.51959262974054,21.812074661254883,2063600,0.014324006447656178
2023-05-30,21.909572450979727,22.051381850105702,21.741174846080998,21.90070915222168,2520900,0.004055317676201806
2023-05-31,21.75889488871757,21.900704256140905,21.14734262564231,21.280288696289062,6671200,-0.028737786741819083
2023-06-01,21.324602936783503,21.732306125430743,21.235971661816627,21.643674850463867,3305600,0.016932026113655484
2023-06-02,21.99819826545065,22.28181699301634,21.936156880108275,22.175460815429688,2687600,0.02427305178336294
2023-06-05,22.15773262263779,22.27295208845514,21.891840507366474,22.193185806274414,1867600,0.0007989872640828742
2023-06-06,22.157733731905473,22.875643831478953,22.140007139199728,22.813602447509766,2519700,0.027571660543748756
2023-06-07,22.937686121687445,23.380840813834045,22.84019323895587,23.274484634399414,3343900,0.020000723823476056
2023-06-08,23.247891367159305,23.318796039982676,22.99972585752789,23.176986694335938,2512300,-0.00419784693356683
2023-06-09,23.23016770573526,23.593556101592938,23.18585291357018,23.371978759765625,2970600,0.008377982370898244
2023-06-12,23.30107431784017,23.602417950566178,23.106085173104482,23.39856719970703,4603000,0.001136973805210931
2023-06-13,23.371976988814108,24.036708963927694,23.301072312422022,23.92148780822754,3566100,0.02210233678152421
2023-06-14,24.06329822154694,24.373506828371852,23.68218493520498,23.859447479248047,3096700,-0.0025968668663108197
2023-06-15,23.69991241821286,24.26714987566267,23.691049121627586,24.196245193481445,2316900,0.014017204207909719
2023-06-16,24.24056132067684,24.37350738650303,23.850584729152526,23.903762817382812,3239900,-0.01216157722740937
2023-06-20,23.682185929685144,23.682185929685144,23.247894538093536,23.39856719970703,3249700,-0.021361096895713923
2023-06-21,23.336526164994016,23.416294145313294,23.13267541106742,23.159263610839844,2579000,-0.010279933240228458
2023-06-22,23.04404522139479,23.18585459520944,22.56543731689453,22.56543731689453,2186900,-0.025975443056991263
2023-06-23,22.29068103509813,22.71610914067551,22.272954441407155,22.627479553222656,2986900,0.002745663683658735
2023-06-26,22.609754879739487,22.999731521555976,22.60089158214125,22.902236938476562,1989600,0.012069511598773303
2023-06-27,23.008589964220636,23.69104857091386,22.866780603154634,23.62014389038086,2524800,0.030865313945644207
2023-06-28,23.71763891957767,23.71763891957767,23.45174509455156,23.6467342376709,2471100,0.001125115562869599
2023-06-29,23.646731051293994,24.02321434020996,23.637768669649507,24.02321434020996,2377400,0.015795608823856548
2023-06-30,24.166642145649348,24.220426706695815,23.83497923449289,23.94254493713379,3416100,-0.0033636277356713096
2023-07-03,23.97839750295501,24.23835104421615,23.906686476008097,24.103891372680664,964600,0.0067162959190458504
2023-07-05,23.924614834479744,24.13974791688783,23.718444134495286,23.781192779541016,2670400,-0.013478246265657709
2023-07-06,23.485380131175443,23.52123478325911,23.028221776461997,23.32402992248535,3375100,-0.01941089267804568
2023-07-07,23.288177060763665,23.709480826713126,23.234394219692177,23.440563201904297,5364400,0.004983835540676251
2023-07-10,23.60191376876864,24.462447786715924,23.52123865115715,24.336952209472656,3797400,0.037527870554497064
2023-07-11,24.63276290687704,24.901680562813134,24.265243649184345,24.874788284301758,3381500,0.021858909464935492
2023-07-12,25.31401869308178,25.67257385961038,25.206452997986148,25.484333038330078,3055500,0.024209100870791627
2023-07-13,25.690498658738758,26.524140379602283,25.663606383646954,26.18351173400879,4223900,0.027066016835316283
2023-07-14,26.21937005386248,26.264188805961666,25.421584640361484,25.493295669555664,2810100,-0.026714386853886902
2023-07-17,25.40365671687024,25.995273141237583,25.32298159448144,25.9056339263916,3037000,0.016044968488814697
2023-07-18,25.986310625377126,26.533108330358754,25.90563549809374,26.425540924072266,2978700,0.019870530544734925
2023-07-19,26.515179252900026,26.972337722227287,26.443468221028645,26.89166259765625,3224300,0.017485296248344297
2023-07-20,26.748235538507785,26.828910648012226,26.309005336608912,26.54206657409668,2769200,-0.013085405692073844
2023-07-21,26.658599251876062,26.7213461861879,26.255225369988924,26.282115936279297,2240500,-0.009842186812262491
2023-07-24,26.32693584526497,26.694455061163936,26.32693584526497,26.47035789489746,2187100,0.007136831467605162
2023-07-25,26.32693671598186,26.479322862471996,26.165586477377513,26.246261596679688,2135200,-0.008501973390952324
2023-07-26,26.183512484601092,26.389683180097123,25.914596564876838,25.995271682739258,3161900,-0.009608900403954759
2023-07-27,26.12076733090765,26.22833473196404,25.358838269851088,25.46640396118164,4755500,-0.020554571336312177
2023-07-28,26.55999449647718,26.999226432081663,25.609823022325507,26.452428817749023,6081400,0.03798788905573521
2023-07-31,26.51517957365172,26.542071852076003,26.102841562834723,26.210407257080078,16859500,-0.009191425399150407
2023-08-01,26.12076631036436,26.300044735211955,25.71739241904593,25.807031631469727,3709400,-0.015509556797678752
2023-08-02,25.439513021165926,25.529152241805424,25.071993755297328,25.412622451782227,2808600,-0.01540100114183486
2023-08-03,25.161630329457076,25.50225899011493,24.874786221361457,25.439510345458984,3846000,0.0010574933519376473
2023-08-04,25.502257395650844,25.995270461900073,25.33194307597039,25.403654098510742,2310000,-0.0014104650363436404
2023-08-07,25.52018668559379,25.824958992458697,25.44847565513886,25.582935333251953,2208900,0.00703251484833017
2023-08-08,25.152666098369217,25.331944519801155,24.785146873186907,25.233341217041016,2371500,-0.013759356464229756
2023-08-09,25.188523921713955,25.475368044795758,25.02717367504898,25.06302833557129,2041000,-0.006772398641875738
2023-08-10,25.27815858654949,25.430544713216953,25.009240987281625,25.04509735107422,2148400,-0.0007156917173306468
2023-08-11,24.874785500159298,25.13473903416263,24.81203856704834,25.018207550048828,1911400,-0.0010742320613608507
2023-08-14,24.85685730817518,24.955460608588375,24.668616508905288,24.937532424926758,1774800,-0.0032298668900237167
2023-08-15,24.641723315096097,24.71343433734443,24.139746159357745,24.148710250854492,2331500,-0.03214302198620195
2023-08-16,24.041143257523455,24.265240419446272,23.75429916381836,23.75429916381836,2100400,-0.01646744138782036
2023-08-17,23.83497367467658,23.978395717893406,23.467454475217757,23.539165496826172,2608100,-0.009097880751348132
2023-08-18,23.261285501809272,23.66465935720949,23.2164650447255,23.539165496826172,2203000,0.0
2023-08-21,23.58398567155961,23.61984203939676,22.938586438022345,23.126827239990234,2864000,-0.017672354711288266
2023-08-22,23.23439206942852,23.26128434233832,22.660703925156998,22.750341415405273,2744100,-0.016413143505354864
2023-08-23,22.831019496055507,23.332998397355333,22.669670966772443,23.297142028808594,1992300,0.023750540785639193
2023-08-24,23.29714323608597,23.610879638225,22.929623988065508,22.95651626586914,2186700,-0.014728863982047724
2023-08-25,23.037189491725687,23.243358475391602,22.84894698205955,23.11786460876465,2234000,0.007003848967511381
2023-08-28,23.297142348522012,23.485384866524193,23.24335950468958,23.261287689208984,2110400,0.006184827903222868
2023-08-29,23.306105716306494,23.772228240966797,23.22543059820276,23.772228240966797,1886900,0.02172751248126294
2023-08-30,23.79015643192877,24.01425360234381,23.736371880026642,23.852903366088867,1692000,0.0033879256420208874
2023-08-31,23.89771990395676,24.07699830758243,23.879791721649077,23.969430923461914,2224700,0.004873362613025171
2023-09-01,24.22042216080882,24.247312726558995,23.987360902528362,24.08596420288086,1856700,0.004849965650630842
2023-09-05,23.96047154642087,24.023218487117354,23.386783277509092,23.422637939453125,3023300,-0.027926284604567447
2023-09-06,23.341961928581465,23.62880603115946,23.198538167566753,23.404708862304688,2592600,-0.0007657524608617478
2023-09-07,23.216464431172348,23.377814652958598,22.929620352319265,23.243356704711914,3389600,-0.0069178774775426515
2023-09-08,23.270247268525907,23.377814652958598,23.10889875646523,23.243356704711914,2371700,0.0
2023-09-11,23.476419100912086,23.61087705577216,23.144754549846624,23.270248413085938,3088100,0.0011562944348064842
2023-09-12,23.18957578537119,23.727407622842076,23.14475532576481,23.404708862304688,2698700,0.005761583042736144
2023-09-13,23.530203741789602,23.530203741789602,22.83101992938943,23.225431442260742,2623200,-0.007689374392141763
2023-09-14,23.449526410831357,23.557093798650126,23.28817618396602,23.50330924987793,2558200,0.011893369221163082
2023-09-15,23.422635471649947,23.727407759830072,23.306105695452008,23.530202865600586,3211500,0.0011435938948210149
2023-09-18,23.476422496958033,23.53916943765452,23.306108150977636,23.422637939453125,2201800,-0.004581836262980489
2023-09-19,23.476419131647827,23.673624018385745,23.35988765015105,23.51227378845215,2189600,0.003819585663447274
2023-09-20,23.718444551055544,23.82601194901164,23.21646734995392,23.225431442260742,1499500,-0.012274712516450783
2023-09-21,23.01030001372888,23.019264106681472,22.571069717407227,22.571069717407227,2050800,-0.028578875909219995
2023-09-22,22.59795734436169,22.65174189507469,22.373860178901257,22.427644729614258,2493000,-0.006374647597894958
2023-09-25,22.311113237364275,22.463499378206535,22.16769118830399,22.346969604492188,2293500,-0.003603613950718317
2023-09-26,22.1766560029237,22.364898517029555,21.827064960660216,21.836029052734375,2472000,-0.023129409285061547
2023-09-27,21.92566654779571,21.988415192297,21.638822440407086,21.755353927612305,2031700,-0.003701429581457816
2023-09-28,21.809809187309472,22.308992627621343,21.79165662155749,22.2000789642334,2037900,0.020235960985103798
2023-09-29,22.43605688250327,22.699263889682857,22.227307571989485,22.308992385864258,2008600,0.004893997367777233
2023-10-02,22.16377735709437,22.308994432611648,21.864266922449477,21.97317886352539,3551600,-0.015167276154706852
2023-10-03,21.782583007443563,21.8279626962594,21.147256977276793,21.192638397216797,3169700,-0.03616869107241324
2023-10-04,21.27432179090054,21.573832217860414,21.120028435731875,21.537527084350586,2503100,0.016142983437088088
2023-10-05,21.40138788682983,21.709974620106255,21.183562262950737,21.691822052001953,3845800,0.0071384661551968185
2023-10-06,21.356005627788544,21.87334163863756,21.201712279717437,21.77350425720215,4229600,0.0037585039981096226
2023-10-09,21.56475295977793,21.900566742800446,21.56475295977793,21.682741165161133,2646300,-0.004177223464080023
2023-10-10,21.791658810067197,22.009484427595098,21.791658810067197,21.864267349243164,3584300,0.00833707029321629
2023-10-11,21.83703722429084,21.98225429417336,21.28339779453525,21.510299682617188,3024400,-0.016321800950693934
2023-10-12,21.573833749539506,21.582910033561355,20.720682093851853,20.766061782836914,4256700,-0.03521186636002334
2023-10-13,20.78421198572326,20.938505334288358,20.321331940027967,20.557310104370117,3107700,-0.010103408540559487
2023-10-16,20.811442997931028,21.129106011069638,20.575464809060183,20.8295955657959,2685200,0.013158238607770779
2023-10-17,20.666226366873374,21.310626959978407,20.611768662093986,21.17448616027832,2429700,0.01642213476895951
2023-10-18,20.865899967517855,21.002040770761816,20.666226904834996,20.77513885498047,3537800,-0.01903994943225137
2023-10-19,20.76605975241978,20.94758195285989,20.493778182883613,20.53915786743164,2967200,-0.01142382045103107
2023-10-20,20.557310810403777,20.67530076218916,20.403017456539526,20.47562599182129,2889100,-0.003098001278817784
2023-10-23,20.303183979942425,20.539160446572982,20.14889060953062,20.18519401550293,2453100,-0.014285836618797216
2023-10-24,20.36671405446066,20.666224478888434,20.36671405446066,20.47562599182129,2710000,0.014285836618797282
2023-10-25,20.303181729919906,20.412093666891305,20.003671306562527,20.203344345092773,2991100,-0.013387050401299656
2023-10-26,20.103508282368868,20.856822531938022,20.103508282368868,20.648073196411133,4498700,0.02177385503216141
2023-10-27,20.657149424243684,20.67530199192482,20.312257562798642,20.375791549682617,3558800,-0.013274499937262478
2023-10-30,20.58453970736641,20.675300809457116,20.248724148967995,20.430246353149414,3607200,0.0026689597221614667
2023-10-31,21.01111328588576,21.473993318777275,19.858451345025934,20.684375762939453,11461300,0.01236215405130994
2023-11-01,20.74790849778364,20.829593313217746,20.067202856582067,20.466548919677734,5479800,-0.010586827851740617
2023-11-02,20.893124690537448,21.428613244417885,20.893124690537448,21.35600471496582,3789900,0.04254115805913061
2023-11-03,21.81888847150924,22.109322638996186,21.682745940766065,22.009485244750977,3570500,0.030140556512264507
2023-11-06,21.94595319932533,22.01856174189954,21.49214937545549,21.6282901763916,2399600,-0.01747131979968426
2023-11-07,21.54660479258016,21.61921333327728,21.283399481724647,21.37415885925293,1771600,-0.01181952569530946
2023-11-08,21.37415629422744,21.48306995776492,21.247091796037008,21.41046142578125,2778000,0.0016969918161444035
2023-11-09,21.5466026650307,21.69181973208596,20.83866816479333,20.87497329711914,2792000,-0.025328662694595615
2023-11-10,20.602691318921234,20.87497288144705,20.266875776090373,20.802364349365234,3776000,-0.0034843406663659744
2023-11-13,20.56638826720397,20.64807309044732,20.257801541867796,20.421171188354492,2865600,-0.018494484834535953
2023-11-14,21.056497106610397,21.78258249740767,21.056497106610397,21.728126525878906,3509800,0.06203540847594702
2023-11-15,21.737202600295348,22.39975572940708,21.728126316607284,22.290842056274414,7066300,0.02556834946455645
2023-11-16,22.236383394956366,22.45420898374352,22.154698582770695,22.281763076782227,5005700,-0.0004073793573718797
2023-11-17,22.535895315788757,22.7083412343801,22.009483007936677,22.02763557434082,5150400,-0.011470717122035564
2023-11-20,21.94595113201584,22.082091920127482,21.73720180816972,21.96410369873047,2661100,-0.0028883568064643336
2023-11-21,21.87334269274688,21.87334269274688,21.473994878884024,21.49214744567871,1769300,-0.021721837375581855
2023-11-22,21.682744191106934,21.746276443727535,21.510300000029325,21.673667907714844,2081500,0.008410429898811153
2023-11-24,21.709974211938988,21.764430184103894,21.564757132083137,21.619213104248047,1518500,-0.0025156483427281437
2023-11-27,21.45584449563775,21.555681892044866,21.138183200022784,21.519376754760742,3382100,-0.004628641226213531
2023-11-28,21.519375739768417,21.78258277929111,21.35600782306802,21.755353927612305,3435300,0.010906111170057367
2023-11-29,21.964103072780343,22.426981392943652,21.86426568981916,22.318069458007812,4454400,0.025536755121195548
2023-11-30,22.436056554802246,22.717416123427565,22.30899206001914,22.508665084838867,3461800,0.008503709998949465
2023-12-01,22.390677665473603,23.27105633972912,22.372525099540756,23.261980056762695,3176900,0.032919920630925935
2023-12-04,23.06231014960887,23.49796140428024,23.03508129702033,23.298288345336914,2415100,0.001559625714372889
2023-12-05,23.098613529765753,23.14399321617136,22.862635351983627,22.96247100830078,2448200,-0.014518708326446469
2023-12-06,23.089536949559648,23.50703559872343,23.089536949559648,23.116764068603516,2277000,0.006696883604626093
2023-12-07,23.125841297174773,23.379972049089837,22.989700503019037,23.307363510131836,1951900,0.008211269544425342
2023-12-08,23.24382847664885,23.416272654109644,23.107685967641817,23.207523345947266,2294400,-0.004292832865232725
2023-12-11,23.0895366203665,23.31643850849201,23.007851802151393,23.134916305541992,2290400,-0.003133503560065604
2023-12-12,23.19844730725983,24.12420737639992,23.153067624529484,24.08790397644043,4097300,0.04036680010950499
2023-12-13,24.269424100861585,25.295021535089553,24.006218828664082,25.077194213867188,5930600,0.04024903124963723
2023-12-14,25.703447867654432,26.901489665212605,25.55823078498824,26.656436920166016,6193200,0.06107182085660362
2023-12-15,26.51121570641595,26.99224833115426,26.402303769837776,26.674585342407227,7366800,0.0006805953522662682
2023-12-18,26.701814486568544,26.783499305464964,26.402304060989685,26.520292282104492,3809700,-0.0058010658125945275
2023-12-19,26.58382461836278,27.073931770251008,26.556595770043018,26.97409439086914,2839300,0.01696675196396016
2023-12-20,26.81980270768335,27.182847116611455,26.511215998768886,26.520292282104492,2865500,-0.016966751963960157
2023-12-21,26.765345364472957,26.865182744914236,26.4567586714035,26.819801330566406,2710000,0.011230283863100259
2023-12-22,26.910564550700652,27.219151268109794,26.847032296726553,26.95594596862793,1877600,0.005063432338034426
2023-12-26,26.992247954555634,27.3099109388706,26.865183453279244,27.30083465576172,1791900,0.01271337254112294
2023-12-27,27.382519557317142,27.51866034212353,27.14654138912821,27.3915958404541,1454500,0.003318969999480951
2023-12-28,27.255455300291977,27.418823204851623,27.21007388419984,27.282682418823242,1407000,-0.003984087917143189
2023-12-29,27.155618302447298,27.318987940455767,26.937792695477352,27.037630081176758,2031900,-0.009022554870190887
2024-01-02,26.789997088873065,26.973428106499096,26.597396094760775,26.863370895385742,3657700,-0.006465920474731802
2024-01-03,26.59739575061353,26.59739575061353,25.91870379310342,25.927875518798828,3577900,-0.03544501713805091
2024-01-04,25.9187042418615,26.404795216167624,25.863675636064077,26.111305236816406,2725500,0.007049706587738008
2024-01-05,25.927875832852646,26.679939855707683,25.86367550153495,26.487337112426758,3083000,0.014298402592093544
2024-01-08,26.579053423384273,26.900056838989258,26.313080364279262,26.900056838989258,2775300,0.015461625605263507
2024-01-09,26.689113136063668,26.973429655314437,26.634084527347245,26.707456588745117,3211200,-0.00718560017566873
2024-01-10,26.78082578543225,26.964255044641774,26.569879600816066,26.670766830444336,3491500,-0.0013747090753002359
2024-01-11,26.423136951085233,26.643253123873816,26.092963566566276,26.413965225219727,5964800,-0.009675234235791053
2024-01-12,26.54236850615376,26.716626055314418,25.909533395357982,26.04710578918457,3449600,-0.013986196207930601
2024-01-16,25.781132023103595,25.781132023103595,25.322556223329162,25.53350067138672,3981200,-0.019915318117825816
2024-01-17,25.084096428664918,25.432613264443074,24.937352313671184,25.102439880371094,2914400,-0.017026293963833178
2024-01-18,25.276695896116696,25.276695896116696,24.726404623480576,25.184980392456055,2407500,0.003282752853963217
2024-01-19,25.31338503387671,25.62521672427815,25.010725069584474,25.616044998168945,3397400,0.016971112239135437
2024-01-22,25.76278826286673,26.0929633945367,25.68024447994924,25.9829044342041,3644400,0.014219887101976296
2024-01-23,26.065445553819508,26.0746172786874,24.946521359851474,24.99237823486328,5172300,-0.038867892217623476
2024-01-24,25.29504102920469,25.29504102920469,24.643864233624036,24.653034210205078,4063200,-0.01367092317481332
2024-01-25,24.88232374831882,25.221670631980686,24.662207559995437,25.203327178955078,4183100,0.02207603210755172
2024-01-26,25.240012238625212,25.34089772423005,25.074924672127324,25.30421257019043,5037000,0.0039948699107271645
2024-01-29,25.790301768174505,25.79947174405718,24.579660280318855,25.230838775634766,9094300,-0.0029038793535207767
2024-01-30,25.001552999854447,25.10244023634123,24.698893039721966,24.882322311401367,4879700,-0.013909403264751355
2024-01-31,24.6805511117594,25.06575488019838,24.396234586036904,24.423748016357422,5663400,-0.018601665676627008
2024-02-01,24.533805640111154,24.808950424194336,24.06605810770745,24.808950424194336,3641700,0.015648553933257096
2024-02-02,24.43291826768119,24.8639806428407,24.295345876401118,24.68054962158203,2737800,-0.005189023554614204
2024-02-05,24.368717705825684,24.405404609463485,24.029372593815268,24.148601531982422,3257800,-0.021788997863945295
2024-02-06,24.075231154116423,24.423748016357422,24.075231154116423,24.423748016357422,2423400,0.01132946748530231
2024-02-07,24.46960337647873,24.68054781092099,24.047712758266478,24.506288528442383,2646100,0.0033738209168776025
2024-02-08,24.552151030428437,24.698895160100964,24.28617620206698,24.607179641723633,2301400,0.004108496465761911
2024-02-09,24.643862467223343,24.882320326451158,24.37788768291334,24.854806900024414,2687800,0.01001291474544048
2024-02-12,24.86398015475119,26.14799203037263,24.854808428935513,25.781131744384766,4671400,0.03659172618307726
2024-02-13,25.038238451344274,25.065753629619977,23.910142381958686,24.130258560180664,5787200,-0.06617630176077849
2024-02-14,24.451261582908966,24.66220603164705,24.25866058605972,24.552148818969727,3265500,0.017332783798573805
2024-02-15,24.7539212952651,25.166640212014872,24.689720963621323,25.102439880371094,2825700,0.022165669125029628
2024-02-16,24.827293998187635,25.129953961896323,24.68972160547057,25.010725021362305,2635700,-0.0036603140746539697
2024-02-20,24.689719344153065,25.056579607573997,24.5980038409659,24.854806900024414,2395500,-0.006253563271248243
2024-02-21,24.70806564670323,24.84563804270007,24.57049325070639,24.81812286376953,1626300,-0.0014770235256296423
2024-02-22,24.96486745268356,25.074926421134847,24.79060989751696,24.873153686523438,1793400,0.002214909701337091
2024-02-23,24.900667059732545,25.05658291090757,24.753922935018167,24.772266387939453,2319000,-0.004064320024278381
2024-02-26,24.616350115378328,24.873153203896475,24.35037530055654,24.51546287536621,2539600,-0.010420680371266781
2024-02-27,24.5796634576467,24.891495157798474,24.542978301390693,24.845638275146484,2285800,0.013378158772874352
2024-02-28,24.634693989685715,25.010726027932307,24.616350536764433,24.772266387939453,2518400,-0.002957478401607504
2024-02-29,25.001552476203823,25.322555881579277,24.900665241830097,25.175811767578125,3868900,0.016158946464658257
2024-03-01,25.139126537148478,25.27669893451252,24.90066689869776,25.148298263549805,2760900,-0.001093452293648137
2024-03-04,25.240012377050792,25.790303685285814,25.221668925266464,25.432613372802734,2006100,0.011242110688806048
2024-03-05,25.32255633110809,25.625216290274295,25.20332564303567,25.359241485595703,2399800,-0.002889122220403415
2024-03-06,25.680243587250857,25.78113081827137,25.285868137982774,25.54267120361328,2021300,0.007207214909276709
2024-03-07,25.790301253156038,26.019589130853866,25.597698526239466,25.652727127075195,2689500,0.004299452551795078
2024-03-08,25.790303001172994,26.0654477733281,25.71693094530978,25.72610092163086,2438400,0.0028561898829983527
2024-03-11,25.66190203687339,26.065449241515555,25.460129309216253,26.04710578918457,2658700,0.01240058329264929
2024-03-12,26.056275585546523,26.239706596615136,25.313383314441396,25.54267120361328,3634400,-0.019556225727442738
2024-03-13,25.55184460393449,25.82698938924443,25.450957366301168,25.51515769958496,3639000,-0.0010777389984055784
2024-03-14,25.423441505208334,25.460128408572515,24.653034027838885,24.799779891967773,3773500,-0.028437917350930195
2024-03-15,24.533804794705823,24.964865408069745,24.405404133135256,24.671377182006836,10803400,-0.005191024665340992
2024-03-18,24.671378301009813,24.744750360853427,24.350374883196043,24.634693145751953,2888600,-0.0014880132519096538
2024-03-19,24.579663227688645,24.946525282784116,24.57049325070639,24.81812286376953,2998700,0.007418407040838207
2024-03-20,24.662210008432627,25.28587347859616,24.625524848067315,25.0841007232666,3863600,0.010660061180244262
2024-03-21,25.359240192544668,25.74444391632654,25.13912402885899,25.54267120361328,3043100,0.018116226045503843
2024-03-22,25.579357379436807,25.652729436933672,25.06575297695874,25.102439880371094,2300200,-0.017385386354216215
2024-03-25,25.157468016471604,25.37758418485263,25.001552178535732,25.047409057617188,2476100,-0.002194656454898819
2024-03-26,25.221671939571696,25.285872279161755,24.78143954010154,24.790611267089844,2813200,-0.010305387795599738
2024-03-27,24.976169348360916,25.653457317879766,24.976169348360916,25.63490104675293,5497600,0.0334897415921671
2024-03-28,25.6905674407838,26.117351018769227,25.644176767335438,26.08024024963379,3102100,0.017223203897398953
2024-04-01,26.033851034475937,26.033851034475937,25.597789297374767,25.62562370300293,2405700,-0.017585172250106314
2024-04-02,25.421507112876608,25.449341517240402,25.14317014773174,25.31017303466797,1717800,-0.012386365645366717
2024-04-03,25.189560293519623,25.6070675314371,25.189560293519623,25.5142879486084,1952600,0.008032195812135063
2024-04-04,25.86684772754015,26.05240688952272,25.161727159102337,25.235950469970703,2553500,-0.010969023125416063
2024-04-05,25.106057004193485,25.310172425367696,24.809163776619965,25.096778869628906,2031700,-0.005530077817900853
2024-04-08,25.319450843825155,25.514286362996152,25.180280593419308,25.291616439819336,2527500,0.007733468789376748
2024-04-09,25.449341517910366,25.56067559612194,25.08750310928786,25.55139923095703,3063200,0.010219104766636962
2024-04-10,24.91122099253979,25.106056505657314,24.261765742901662,24.40093421936035,3512500,-0.046070660326311456
2024-04-11,24.475159250306927,24.558660695993726,24.21537854783539,24.382381439208984,3676600,-0.0007606199289806483
2024-04-12,24.159713100242275,24.271047188750032,23.436034446448115,23.57520294189453,4734000,-0.03366536248161849
2024-04-15,23.74220378307612,23.974151845224483,22.999970692050677,23.13913917541504,5014100,-0.018669916477461346
2024-04-16,22.99069195255296,23.12058229766047,22.638129916370826,22.925745010375977,5064200,-0.009265005016031214
2024-04-17,23.120583794819794,23.343253730690048,22.981415306103806,23.018526077270508,2886700,0.004038857982567038
2024-04-18,23.139138433389952,23.352530219013815,22.972135550858848,23.213361740112305,4018900,0.008428676634586728
2024-04-19,23.26902776156527,23.4916976720081,23.194804458084324,23.333972930908203,3621200,0.005182314372236536
2024-04-22,23.53809178585829,23.83498504321171,23.380367021686357,23.732927322387695,4328600,0.0169530580705218
2024-04-23,23.677259499205007,23.751482811098743,23.463867698713436,23.500978469848633,4895400,-0.009821365102572636
2024-04-24,23.306141371218462,23.63086723288471,23.176249256928738,23.519533157348633,7187000,0.0007892167831007374
2024-04-25,23.231919961417297,23.417477359004284,22.907192303610863,23.278308868408203,6577400,-0.010309296966267768
2024-04-26,23.324698202003756,23.473144830637754,23.092750123560208,23.185529708862305,7536000,-0.003993612482203674
2024-04-29,22.972136291976568,23.296863932971803,21.571169783974405,21.691781997680664,10158100,-0.06659488559932952
2024-04-30,21.32994339977267,21.543335190408428,21.18149678284143,21.19077491760254,8588800,-0.02336753745482406
2024-05-01,21.209331139695273,21.561891411712747,21.088717157693825,21.125829696655273,4111400,-0.0030694935253413034
2024-05-02,21.339222421186932,21.42272386788318,21.16294139264781,21.31138801574707,4712800,0.008745130415061149
2024-05-03,21.682505632461417,22.15567812206721,21.571169783974405,21.691781997680664,5865200,0.017691900565104092
2024-05-06,21.886619945174854,21.97939952675363,21.63611560579915,21.72889518737793,5717900,0.0017094712077867025
2024-05-07,21.766004135882827,21.812394807599837,21.608281160914547,21.617557525634766,3240000,-0.005137117324457273
2024-05-08,21.43200088811225,21.79383929189052,21.367055715087762,21.784561157226562,5095800,0.007695682186542673
2024-05-09,21.77528312332333,22.461849165024226,21.73817235411901,22.39690399169922,4444900,0.027721219548859297
2024-05-10,22.396903892023502,22.43401643068591,21.933007776482846,22.025787353515625,3856700,-0.01670881529565036
2024-05-13,22.137123480281197,22.369071540989516,22.11856721071495,22.220624923706055,3239600,0.008806988838678217
2024-05-14,22.378349816090992,22.712353822261445,22.378349816090992,22.656686782836914,2928700,0.019434122364638068
2024-05-15,22.9906910062145,23.064914310309803,22.647407118759265,22.74018669128418,2723000,0.0036786675478455502
2024-05-16,22.647410575803214,22.777300935391484,22.406184358265403,22.415462493896484,3156000,-0.014382687481100533
2024-05-17,22.415458595009678,22.536072567611015,22.32267902446014,22.52679443359375,2401500,0.004954453783305084
2024-05-20,22.461848220668763,22.5360732952033,22.14640050201288,22.211345672607422,3197700,-0.014102239747918792
2024-05-21,22.211345622107036,22.304125195441078,22.109287914477267,22.146400451660156,2608000,-0.002928249202390005
2024-05-22,22.016509543956435,22.276292009559644,21.942286235158843,22.044343948364258,2978900,-0.004618916749389008
2024-05-23,22.0350650968299,22.0350650968299,21.33922093587738,21.4598331451416,3725600,-0.026873096694371653
2024-05-24,21.61755896669634,21.673227776467723,21.47839048151448,21.64539337158203,2491000,0.008609692498236229
2024-05-28,21.691780347691992,21.77528178529988,21.34849823274679,21.404165267944336,2668800,-0.011207112736924853
2024-05-29,21.107273893001768,21.1536627981041,20.99593804328355,21.09799575805664,3415500,-0.014407493576571968
2024-05-30,21.21860867795267,21.40416605867388,21.15366173659588,21.394887924194336,3324000,0.013973963243381862
2024-05-31,21.441280800482495,21.92373145564598,21.43200266504928,21.895898818969727,5772600,0.023147339301366275
2024-06-03,22.062900643332554,22.13712395356114,21.534057567127668,21.710338592529297,2636700,-0.008510770821540144
2024-06-04,21.55261180750318,21.96084086012954,21.55261180750318,21.75672721862793,3780800,0.002134427196513848
2024-06-05,21.803118924006714,21.830953329910283,21.36705718259099,21.63611602783203,2849300,-0.0055590504044679
2024-06-06,21.608281903573484,21.793839287949424,21.459833518600192,21.5433349609375,3394200,-0.004297470558884072
2024-06-07,21.22788540906155,21.404166427967866,21.153662101567825,21.237163543701172,1710500,-0.014313841841126294
2024-06-10,21.11655082124139,21.302108200670343,21.070160149166757,21.20005226135254,2361400,-0.0017489974827459918
2024-06-11,21.01449206542578,21.070159099518992,20.79182215942982,20.838211059570312,2922100,-0.017215275303798083
2024-06-12,21.4412792458806,21.812395788184443,20.82893650867345,20.949548721313477,5667900,0.005328733858112592
2024-06-13,20.828938883520717,20.847493385533987,20.355764574524816,20.374319076538086,4201300,-0.027841866375313787
2024-06-14,20.179482664664782,20.262984113812575,20.012479766369193,20.253705978393555,3330800,-0.005937450925346514
2024-06-17,20.207317097362733,20.643378844886936,20.105259377243357,20.559877395629883,3162800,0.015003689234889204
2024-06-18,20.559877059235884,20.810381402908376,20.50421001718312,20.782546997070312,3730300,0.01077207047607406
2024-06-20,20.912440178643575,21.060886811371653,20.819660590782664,20.968107223510742,2784500,0.00888903188407476
2024-06-21,20.968107663380945,21.265000935065345,20.79182661970952,21.181499481201172,6392900,0.010125555020503498
2024-06-24,21.274276408938462,21.626836682541622,21.153662426394533,21.496946334838867,2651000,0.014782759406278753
2024-06-25,21.404165909611343,21.441278447271053,21.08871641799661,21.20005226135254,2056600,-0.013907247275474275
2024-06-26,21.051606340988524,21.17221855309533,20.995937532671608,21.060884475708008,1782300,-0.006586143112257962
2024-06-27,21.05160671411121,21.107273753791524,20.875325690563045,20.903160095214844,2804400,-0.0075171554517386606
2024-06-28,21.025455474853516,21.194788286367523,20.827899929983175,21.025455474853516,5196900,0.005833520844162556
2024-07-01,21.053675028277453,21.185379314293733,20.771454890536056,20.818490982055664,3763300,-0.00989228780120453
2024-07-02,20.893751982378586,20.9596050294051,20.762049476949674,20.912567138671875,4133700,0.004508695452275681
2024-07-03,21.04427142798225,21.317084016851492,20.90315955016457,21.110122680664062,1828100,0.009402396574256906
2024-07-05,21.081900040213267,21.081900040213267,20.61153189688979,20.780864715576172,4466800,-0.015720075656651115
2024-07-08,20.85612266622156,20.97841758882525,20.733827743617873,20.827899932861328,3207100,0.002260833154605127
2024-07-09,20.72441883327415,20.874936479559953,20.583306969858313,20.752639770507812,5784400,-0.003619974395514754
2024-07-10,20.81849449429657,21.15716015217126,20.752643237334752,21.119531631469727,3162600,0.017524825610898093
2024-07-11,21.68397170687309,21.909750005256228,21.232418698731134,21.712194442749023,3760900,0.027675776543487043
2024-07-12,21.91915305748532,21.97559852220161,21.636932911151593,21.82508087158203,3330600,0.005185748579636641
2024-07-15,21.937968405460754,21.97559871560279,21.778043175981004,21.853302001953125,2585000,0.0012922243197454831
2024-07-16,21.890935544733292,22.587080236353206,21.843897650109657,22.549449920654297,2641900,0.031358640393828206
2024-07-17,22.455374527340116,22.859889597716414,22.351892968193273,22.408336639404297,3149300,-0.0062776108642217075
2024-07-18,22.239006389016442,22.925745277360914,22.173155132645146,22.201377868652344,2748700,-0.009278707916653436
2024-07-19,22.13552498048131,22.27663506149053,21.98500732149654,22.0978946685791,2989700,-0.004672012987102677
2024-07-22,22.144929885864258,22.21078112943374,21.749820630135552,22.144929885864258,5083300,0.002126231111091896
2024-07-23,22.03204346432539,22.32367120494498,21.825082131355362,21.834487915039062,3088600,-0.01411783705195349
2024-07-24,21.909747539852887,22.003819726896168,21.486415520910313,21.524044036865234,3350600,-0.014320096612228817
2024-07-25,21.561674688414758,22.53063366138023,21.45819312785488,22.239004135131836,4379100,0.032677052715695085
2024-07-26,22.577671938843856,22.671745930784805,21.608712872182767,21.712194442749023,6473100,-0.023973631687837216
2024-07-29,21.627524892545335,21.71219129358083,21.00663914782628,21.241823196411133,4257000,-0.021902028033042795
2024-07-30,21.364120742786174,21.561676300965054,21.157159400500213,21.458194732666016,4568300,0.010134580672363492
2024-07-31,21.486416167207757,21.778043903300198,21.232416948202083,21.514638900756836,8542700,0.002626971310866276
2024-08-01,21.618118798381172,21.77804403416291,20.903159026316462,20.921974182128906,4566300,-0.02793357963064813
2024-08-02,20.620939486340216,20.724421052107783,20.18819986120391,20.583309173583984,4108200,-0.01631948982864108
2024-08-05,19.962423501828955,20.301089141663926,19.680203331507872,20.188199996948242,6351700,-0.019382237933134008
2024-08-06,20.17879340460557,20.790271612012283,20.094126998038735,20.49864387512207,3857000,0.015260456369974824
2024-08-07,20.83730582262843,20.940787375587636,20.141161271611622,20.169384002685547,4072300,-0.016192920296766018
2024-08-08,20.319902880657153,20.715012168131196,20.319902880657153,20.639753341674805,2294100,0.023053178815344508
2024-08-09,20.63975459042532,20.87493866161969,20.451606615744996,20.846715927124023,2979500,0.009977436306730904
2024-08-12,20.884345641903042,20.912566581278732,20.18819923210253,20.23523712158203,2425300,-0.029770929701222297
2024-08-13,20.573904037475586,20.658568655218627,20.36694089942423,20.573904037475586,2680800,0.01659798178884524
2024-08-14,20.69619644200664,20.771455266386916,20.526863638573044,20.715011596679688,2210900,0.0068351569135569005
2024-08-15,20.98782649095473,21.22301056752759,20.969013128506102,21.10071563720703,2391900,0.018448321012566993
2024-08-16,21.06308440046356,21.411157608032227,21.05367682249554,21.411157608032227,3197700,0.014605213345354643
2024-08-19,21.439378124935086,21.486414215599257,21.251230173654708,21.382932662963867,2336700,-0.0013191049970838868
2024-08-20,21.307676124634433,21.448786206060085,21.223009716916636,21.279455184936523,3516900,-0.004851002776379093
2024-08-21,21.3076752678747,21.3076752678747,18.44783805940342,18.607763290405273,24063000,-0.1341631870896374
2024-08-22,18.824130611001866,19.482644840610636,18.805315457332863,19.454423904418945,8884800,0.04449561945582913
2024-08-23,19.52027619026886,20.009459445912867,19.463832520559755,19.699016571044922,6321300,0.012494219946095193
2024-08-26,19.783684358804212,19.887164128135353,19.303908646884082,19.5108699798584,5758000,-0.00959696912122474
2024-08-27,19.463832926546164,19.49205386483341,19.125167312603654,19.13457489013672,5908900,-0.019474842844570416
2024-08-28,19.125167261347652,19.134574838855503,18.38198658134683,18.447837829589844,8386500,-0.036549729469545295
2024-08-29,18.45724657606661,18.795910416238435,18.34435743313463,18.786502838134766,5736400,0.018191505044986817
2024-08-30,18.96524371578656,19.10635380230607,18.701836905121265,19.040502548217773,5400600,0.013429745498058426
2024-09-03,18.908799549647554,19.332129798227154,18.908799549647554,18.984058380126953,6186200,-0.002968828997403355
2024-09-04,18.908799100319953,18.993465506886366,18.50428222323865,18.664207458496094,5755500,-0.016991944263382956
2024-09-05,18.720649269018708,18.842945974919992,18.156207212833294,18.33494758605957,4535400,-0.017798707256398986
2024-09-06,18.316133026589345,18.38198606730275,17.92102375386836,17.99628257751465,4615900,-0.018643729741030814
2024-09-09,18.109173493609163,18.57954163630031,18.109173493609163,18.391393661499023,4709300,0.021717606308490286
2024-09-10,18.410207786061502,18.410207786061502,17.94924724737566,18.344356536865234,3463200,-0.002560837880547285
2024-09-11,18.193838389200266,18.297319946163018,17.826951842604196,18.287912368774414,3145900,-0.0030816662164986097
2024-09-12,18.523097153202077,18.64539207546729,17.977470203265014,18.504281997680664,3828500,0.01176184932849814
2024-09-13,18.645392795905327,18.861761709825878,18.61717185584477,18.720651626586914,4376800,0.011625114920381555
2024-09-16,18.814725603579557,19.0499096736243,18.664207942295885,18.9182071685791,2834900,0.01049752104592716
2024-09-17,19.049909853175397,19.275686347228916,19.012279540343773,19.143983840942383,3609100,0.011863705924134363
2024-09-18,19.096945606732877,19.58612889888097,19.06872466692836,19.181612014770508,3622200,0.001963606048562738
2024-09-19,19.482645916147458,19.67079387460054,19.31331490671398,19.63316535949707,4449800,0.02326813383459367
2024-09-20,19.53909267381167,19.61435150331286,19.256870717448187,19.57672119140625,13472600,-0.002879080356778568
2024-09-23,19.604942892308095,19.821311791434052,19.463832818717773,19.52968406677246,5613700,-0.0024055981114357644
2024-09-24,19.717832100686564,19.849536403579954,19.557908651301922,19.793092727661133,2891000,0.013397456757925303
2024-09-25,19.79309147300577,19.84012756757122,19.369759444668748,19.388574600219727,4132500,-0.020649070255004832
2024-09-26,19.63316589283076,19.802496906864107,19.238056604795702,19.42620277404785,6605900,0.0019388587626237375
2024-09-27,19.64257171451835,19.821312100822396,19.454425544898484,19.557907104492188,2791500,0.006756846927334394
2024-09-30,19.471957510738246,19.58655541719978,19.15681554480894,19.24276351928711,3089900,-0.016244591152295505
2024-10-01,19.204566442819203,19.252314510500774,18.813026459119822,18.822574615478516,4181200,-0.022078142083388916
2024-10-02,18.82257449163894,19.128168315795296,18.803476357575178,18.975372314453125,3195600,0.008085017505881541
2024-10-03,18.803475009238078,18.87032302734782,18.53608111532723,18.68887710571289,3929500,-0.015213404692808102
2024-10-04,18.908522733381286,19.032670624620586,18.631580660144156,19.00402069091797,3169100,0.01672203237910797
2024-10-07,18.93717116447949,18.984919228723154,18.4787831904415,18.698427200317383,4423200,-0.016211158702095673
2024-10-08,18.69842858732582,18.75572663296284,18.411936537668698,18.478784561157227,2633900,-0.011816119838041253
2024-10-09,18.52653160329567,18.793925503918615,18.459683583507914,18.72707748413086,4711600,0.013347176781786825
2024-10-10,18.62203013081956,19.357362014164174,18.62203013081956,19.29051399230957,6491500,0.02964300176231069
2024-10-11,19.386009149409222,19.68205297624728,19.18546509394334,19.204565048217773,4449200,-0.004465458393891895
2024-10-14,19.089967260751344,19.233213275741566,18.908521336978716,19.214115142822266,2797100,0.0004971589213220624
2024-10-15,19.319162602254323,19.682054475218596,19.30006264652525,19.3382625579834,3389700,0.0064404766553104046
2024-10-16,19.557903997812872,19.7106999804933,19.452857898139946,19.615203857421875,2400900,0.01421932326535206
2024-10-17,19.70115136354069,19.768001204364747,19.500607305484266,19.739351272583008,2600700,0.0063091973250930305
2024-10-18,19.74890073674414,20.274136722126368,19.701150851681838,20.03539276123047,5399500,0.014886177783211968
2024-10-21,19.939893954513945,20.025841922455662,19.57700395101587,19.615203857421875,4943600,-0.02119537510830508
2024-10-22,19.51970984429416,19.61520780807138,19.347813873789594,19.46240997314453,2708800,-0.007820061050499438
2024-10-23,19.376462682807265,19.45286068509279,18.96582273747054,19.185466766357422,2425400,-0.014331858333748764
2024-10-24,19.32871043823205,19.4242083848229,19.166364475469152,19.31916046142578,2055300,0.0069443203042997515
2024-10-25,19.48150798978927,19.72025196471677,19.30006205883222,19.45285987854004,2344400,0.006896723249923714
2024-10-28,19.61520451680989,20.006744463274536,19.605654539887354,19.844398498535156,3709400,0.019927679087540097
2024-10-29,19.73935107253207,20.01629312439451,19.691603008184998,19.892147064208984,3858200,0.002403258158413119
2024-10-30,19.863495849688,20.34098374820427,19.863495849688,19.949443817138672,3467500,0.0028762301485511016
2024-10-31,19.930348267649414,19.987646312882678,19.557906419953156,19.834850311279297,9834100,-0.005760756865545983
2024-11-01,19.806199208083896,20.102241216020882,19.74890116623491,19.901697158813477,6586000,0.003364505214890989
2024-11-04,19.63430554716323,20.608381479370962,18.36418757254919,19.252315521240234,12310000,-0.03317367213883996
2024-11-05,19.35736237379581,20.12134238271633,19.16636646082967,20.006746292114258,5602900,0.03843819096433383
2024-11-06,20.77072483055117,21.009468794120725,20.40783480737308,20.560630798339844,5473500,0.027308589687499513
2024-11-07,20.493782221192024,20.675228154696484,20.302788131451752,20.331438064575195,2656800,-0.011209759747461445
2024-11-08,20.29323931513133,20.331439228148778,19.96854734037146,20.092695236206055,2606400,-0.01181203329465247
2024-11-11,20.3600871866304,20.713429093466694,20.197741200484874,20.598831176757812,2353000,0.024878007266170777
2024-11-12,20.484234004174567,20.665678115668634,20.293238093529023,20.503332138061523,3379500,-0.004646918937776069
2024-11-13,20.531982655181686,20.808926551348858,20.407836584760847,20.551082611083984,3072800,0.002326205103476843
2024-11-14,20.627479318717327,20.904421376032598,20.54153134402281,20.608379364013672,2577300,0.002784136973183669
2024-11-15,20.70387637767582,20.808924302312793,20.43648248835982,20.694326400756836,3345100,0.004161817450315691
2024-11-18,20.589277932975406,20.94261978376926,20.503329964443708,20.818471908569336,4017700,0.00598108934886895
2024-11-19,20.551082143601665,20.78027614479954,20.3314381201377,20.512882232666016,3496300,-0.01478757475532552
2024-11-20,20.52243200267722,20.703877934840992,20.331437914348186,20.665678024291992,4115600,0.007421167322249507
2024-11-21,20.808924806483226,20.856672870763163,20.589278974968597,20.742074966430664,2499900,0.0036899866960105098
2024-11-22,20.694327547435382,21.028569472232853,20.694327547435382,20.971269607543945,2585200,0.010989142680144403
2024-11-25,21.200465913472758,21.77345000183257,21.05721806991081,21.697052001953125,7134000,0.03402301179845138
2024-11-26,21.439210167328476,21.477408257024926,20.98082034066698,21.21001434326172,3406200,-0.022702954046752665
2024-11-27,21.553803701751878,21.706599685361116,21.410557694802193,21.658851623535156,3085100,0.020940777036989554
2024-11-29,21.840300315517954,21.888048383418145,21.534706487951823,21.735252380371094,1683500,0.0035212542133187417
2024-12-02,21.735250554072408,21.849846635992773,21.515606545831808,21.572904586791992,4832500,-0.0074973661046048015
2024-12-03,21.630204400654247,21.725702357729883,21.181366370312396,21.391460418701172,2923800,-0.008446313439293453
2024-12-04,21.429659419370516,22.222289332909472,21.295961556557906,21.649303436279297,8167400,0.011981483554261534
2024-12-05,21.639754378509014,21.716152379875115,21.381910440846404,21.391460418701172,4582300,-0.01198148355426144
2024-12-06,21.55380508747905,21.63020308419541,20.875773094305316,20.93307113647461,2988100,-0.021661537132781124
2024-12-09,21.028571182940333,21.48695920891045,20.904423287486694,21.295963287353516,4161200,0.017187278329147494
2024-12-10,21.334161875395345,21.48695787456337,20.92352194457928,21.343711853027344,3091900,0.002239631773709688
2024-12-11,21.553804358917418,21.79254831827002,21.29596044566336,21.381908416748047,7179300,0.0017879938854241319
2024-12-12,21.45830716962084,21.639753095156642,21.09541714002117,21.10496711730957,3403100,-0.013036742207128397
2024-12-13,21.200463614422052,21.257761652750037,20.818471834977345,20.980817794799805,2497000,-0.005899839239576677
2024-12-16,20.952172766763603,21.03812074762757,20.742076892886327,20.913972854614258,2820700,-0.003191088718818428
2024-12-17,20.72297855025369,20.78027659643045,20.293238650247858,20.379186630249023,2836000,-0.025903376418432104
2024-12-18,20.41738328402885,20.54153116706117,19.21411529161542,19.233213424682617,4782800,-0.057875466396351674
2024-12-19,19.395559481166494,19.74890135581631,19.061317561140324,19.07086753845215,4590600,-0.008476739515077682
2024-12-20,19.080419240987897,19.978097153274994,19.042221149758706,19.56745719909668,9415800,0.02570592845507805
2024-12-23,19.500606921117072,19.691602819620204,19.357360907975664,19.53880500793457,3446200,-0.0014653507991830598
2024-12-24,19.615205505509973,19.97809553949841,19.50060759813513,19.939895629882812,1350900,0.020320041762762923
2024-12-26,19.76800045850234,20.121340496452405,19.758450481602086,20.016292572021484,2262400,0.0038240402137686485
2024-12-27,19.901697124702757,20.073593071427002,19.691603090635297,19.729801177978516,2362500,-0.01441632768402627
2024-12-30,19.516402646021625,19.710401554155005,19.380601375187073,19.506702423095703,3626600,-0.011372122322769053
2024-12-31,19.661902578155484,19.894702381408454,19.47760204011541,19.681303024291992,4187500,0.008910979497743743
2025-01-02,19.788001175551823,19.923802444245986,19.42910218359115,19.53580093383789,2949600,-0.007420372409155388
2025-01-03,19.526100201781937,19.81710132699807,19.361200119197942,19.797700881958008,2949900,0.013317086278481641
2025-01-06,19.768600740814147,20.28270144729613,19.30300114822385,19.400001525878906,5230500,-0.02029266916272127
2025-01-07,19.5358020350563,19.613401971486507,19.02170315000435,19.147802352905273,2914900,-0.013085195320978764
2025-01-08,18.85680250306576,19.215701504774792,18.81800161091972,19.20600128173828,3175300,0.003034847550273425
2025-01-10,18.885902460997826,19.07020300954938,18.46880394604417,18.546403884887695,5529500,-0.034946887345041394
2025-01-13,18.430001660267155,18.808301102305254,18.265101571407,18.42030143737793,6380600,-0.006822514235325677
2025-01-14,18.478500944724168,18.88590105587396,18.430001680353524,18.827701568603516,4294300,0.021875877638050687
2025-01-15,19.3030019309384,19.380601866183373,18.837402319468573,19.041101455688477,3828100,0.011270604243658625
2025-01-16,18.92470139209515,19.02170176811814,18.701601822332073,18.81800079345703,2681300,-0.011785976504104482
2025-01-17,18.973201751708984,19.235102227070634,18.876201370079293,18.973201751708984,3811500,0.008213648698031999
2025-01-21,19.099301730732435,19.36120034126409,19.06050084020728,19.225400924682617,3628700,0.013204820066661451
2025-01-22,19.050801462903806,19.39030186955019,18.992601974661913,19.273902893066406,3274200,0.002519629667751348
2025-01-23,19.283600153338586,19.42910164074046,19.10900169868722,19.390300750732422,2945600,0.006020980562697209
2025-01-24,19.361201727047177,19.70070214292898,19.361201727047177,19.487302780151367,2324200,0.004990134262398932
2025-01-27,19.409703360237906,19.720103114403816,19.390302913070418,19.700702667236328,4352400,0.010891189488567507
2025-01-28,19.729801735793302,20.07900235593672,19.370900892853864,19.671602249145508,3729400,-0.001478217922554211
2025-01-29,19.603699534903736,19.768599612466712,19.4291010852443,19.44849967956543,2749800,-0.01140615578110387
2025-01-30,19.768601288684202,19.885002115121885,19.361201171344863,19.545501708984375,3690100,0.0049752385523724315
2025-01-31,20.176000954607364,21.91230198850738,18.992601521255313,21.57280158996582,22382300,0.09868816725582319
2025-02-03,21.340000830322644,21.446701426515297,20.03050040934538,20.098400115966797,10596200,-0.07079311992348404
2025-02-04,19.846200968454994,20.389402351361156,19.661902283307025,20.185701370239258,5523700,0.0043342851259882895
2025-02-05,20.146901230588117,20.2051007148244,19.797700624913922,20.030500411987305,3839700,-0.0077183683121816666
2025-02-06,20.3215020985393,20.38940180705787,19.972301483154297,19.972301483154297,2755800,-0.002909744674779579
2025-02-07,20.04990223533079,20.253601369227486,19.73950249789104,19.817102432250977,3544000,-0.007801063735777868
2025-02-10,19.885002970646028,19.952902684769146,19.6037020405606,19.661903381347656,2941700,-0.00786239912597562
2025-02-11,19.535801786240267,19.66190283766354,19.370901692160263,19.58430290222168,3348500,-0.0039545519225335024
2025-02-12,19.3030022463383,19.458202119364117,19.021703170277164,19.419403076171875,3446300,-0.008455648221758611
2025-02-13,19.53580067956869,19.710400986954152,19.303000886430844,19.632801055908203,2308900,0.010928965907911588
2025-02-14,19.78800150629248,20.069302421027242,19.74920246468017,19.91410255432129,4091600,0.014226461095678197
2025-02-18,19.933500626380855,20.758001052925607,19.875301140427197,20.31180191040039,4184700,0.01977394019830325
2025-02-19,20.049901943289083,20.350601453287883,19.807401920680423,20.25360107421875,2661600,-0.0028694834432614136
2025-02-20,20.302103569796397,20.360303061145355,19.97230336860486,20.108102798461914,3572000,-0.007209750434291318
2025-02-21,20.176001173057365,20.27300155228067,19.72980201880984,19.91410255432129,3688100,-0.009694706320750536
2025-02-24,19.923801118966878,20.001401045861087,19.564900300751027,19.74920082092285,3828900,-0.008315126048086163
2025-02-25,19.817101027978538,19.855900067344958,19.390300494178483,19.62310028076172,2886600,-0.00640556776235004
2025-02-26,19.70070103693648,19.768600746275283,19.254501889779593,19.332101821899414,3121600,-0.01494043702048128
2025-02-27,19.351503079918196,19.506702950673773,19.19630320916262,19.244802474975586,2407500,-0.004525998005268675
2025-02-28,19.27390261075063,19.710401541363723,19.27390261075063,19.642501831054688,4121100,0.02045465630994936
2025-03-03,19.78800258987185,19.982003358941835,19.099303374917465,19.25450325012207,2951500,-0.019950710840332158
2025-03-04,19.196303184495793,19.332102608700325,18.488201693688918,18.973201751708984,5316200,-0.01471741899913191
2025-03-05,19.070201880443207,19.681302981516403,18.953802904133894,19.545501708984375,6395300,0.029717618896790515
2025-03-06,19.429101637339247,19.739501356836136,19.176901402715956,19.458200454711914,3588400,-0.004476569926452987
2025-03-07,19.370901133469673,19.788001468237923,19.225401489978697,19.71040153503418,3823500,0.0128778946872392
2025-03-10,19.32240134491062,19.788000931504058,19.109001996920703,19.429101943969727,4174900,-0.0143744508574157
2025-03-11,19.39030158527026,19.48730196433688,18.847102052676885,19.031402587890625,4246200,-0.020681659615012546
2025-03-12,19.060501893176134,19.167202497886542,18.507602123546548,18.63370132446289,4927500,-0.02111854225789031
2025-03-13,18.701602357013588,18.827701554358867,18.33300128761352,18.352401733398438,4000200,-0.015211389784857685
2025-03-14,18.701600779080003,18.992600040787554,18.449400555540304,18.93440055847168,3424300,0.03121995240552339
2025-03-17,18.85680250306576,19.380601596138725,18.80830138788321,19.20600128173828,4329000,0.014242393956806331
2025-03-18,19.264202117919922,19.312701381710184,19.089601808069673,19.264202117919922,2265700,0.0030257641209012185
2025-03-19,19.40000207072711,19.62310165050966,19.225401756070024,19.477602005004883,2872400,0.011016629204798695
2025-03-20,19.351502812827423,19.62310165783686,19.29330147450108,19.40970230102539,2607100,-0.003492130616618183
2025-03-21,19.215701554696142,19.380601646488476,19.031402866908756,19.273902893066406,12327300,-0.007021060479399329
2025-03-24,19.390303197527157,19.535802853160856,19.21570287071532,19.46790313720703,3187600,0.010015117289402747
2025-03-25,19.535800692900537,19.603700401346046,19.33210156756402,19.429101943969727,2098300,-0.001995074223654359
2025-03-26,19.40000153663531,19.584302069269274,19.157501517427367,19.264202117919922,2292000,-0.008523481174529675
2025-03-27,19.167203089053423,19.429103572259365,19.031403660781507,19.25450325012207,2496300,-0.0005035926264994705
2025-03-28,19.128399704620524,19.235100298729165,18.66280013962898,18.701601028442383,3509100,-0.029135831756624327
2025-03-31,18.524056025473257,19.096151376307894,18.484600265451604,18.98764991760254,4407100,0.015179626795421772
2025-04-01,18.928467617013542,19.175060466026498,18.800238281968493,19.046831130981445,4068100,0.00311197942017889
2025-04-02,18.819966992305826,19.253970952508823,18.800239111988823,19.165197372436523,2574500,0.006195254461854111
2025-04-03,18.425418739286055,18.484600498711167,17.685640161732415,17.705368041992188,10242300,-0.07922812455881942
2025-04-04,17.439047432788104,17.991414914707562,16.9557256509393,17.271364212036133,11448300,-0.02481799060031309
2025-04-07,16.541449606779906,17.557410992451572,16.13703746428559,16.640087127685547,10424400,-0.03723521079007612
2025-04-08,17.12340788233503,17.439046425194903,16.206082191302208,16.432947158813477,8021100,-0.012526378777414374
2025-04-09,16.028535059747337,18.51419140976853,16.028535059747337,18.326780319213867,10625700,0.10907510289395853
2025-04-10,18.040733639256874,18.090051456251054,16.94586079352811,17.478500366210938,5617100,-0.04739182039429437
2025-04-11,17.271363574086454,17.784277157600513,17.024770722168636,17.656047821044922,5794800,0.010106802297280375
2025-04-14,17.89277720842541,18.021006548387273,17.577138650602677,17.813867568969727,3745600,0.008898853445887832
2025-04-15,17.971686697963978,18.159097795615697,17.685639962831115,17.725093841552734,3386400,-0.004995864174582357
2025-04-16,17.616594214164902,17.85332312988681,17.18259026133098,17.31081771850586,3504900,-0.023649758977129752
2025-04-17,17.36013689953723,17.62645762727142,17.27136332362583,17.3700008392334,4102900,0.0034130208362634458
2025-04-21,17.172726222362154,17.310817618732145,16.935997308004673,17.113544464111328,4107400,-0.014874404659870888
2025-04-22,17.37986464626778,17.853322459945208,17.37986464626778,17.80400276184082,3403900,0.039553082370085015
2025-04-23,18.34650894284903,18.760785017993673,18.00127856666946,18.13936996459961,3836600,0.01866140597526248
2025-04-24,18.17882443330018,18.612828357703016,18.070322981860954,18.494462966918945,2549500,0.01938667594631085
2025-04-25,18.39582666164006,18.563509878794758,18.26759920445315,18.464872360229492,3536200,-0.001601252444075566
2025-04-28,18.415553504744484,18.672010286032815,18.32677993116952,18.474735260009766,3351600,0.0005340013416515583
2025-04-29,18.395825454824568,18.524054784953478,18.297187942730186,18.494462966918945,2965300,0.0010672511024239406
2025-04-30,18.178825285819386,18.573373471345686,17.922368494888754,18.50432777404785,5809500,0.0005332502584600441
2025-05-01,18.65228328272332,18.76078474026461,18.395826489396555,18.484600067138672,4898500,-0.0010666818386525514
2025-05-02,18.928467589881496,19.855655346266197,18.543781466651886,19.786609649658203,8990800,0.06806747197979474
2025-05-05,19.72742739659878,20.033201994466918,19.648517762266547,19.73729133605957,5284900,-0.0024956210275482575
2025-05-06,19.52029165825365,19.954293736336002,19.52029165825365,19.79647445678711,5169700,0.00299405653634348
2025-05-07,19.83592957874354,20.348841280087395,19.806337759272985,20.1811580657959,6426700,0.019245535979117597
2025-05-08,20.36856958452601,20.930800996712932,20.309387825704803,20.555980682373047,6730800,0.01840252928599313
2025-05-09,20.713799065836408,20.822300520119345,20.58557161370085,20.654617309570312,4693000,0.004786963565610192
2025-05-12,21.502895401077566,21.788944005253665,21.26616649487361,21.39439582824707,5871700,0.035190117608247376
2025-05-13,21.42398578566351,21.670578631691953,21.27603045431727,21.2858943939209,5353300,-0.005084392233552855
2025-05-14,21.611397805170984,21.77908102293841,21.216849610822393,21.71003532409668,8293500,0.01972999266390392
2025-05-15,21.680442939090714,21.89744585134369,21.61139724204809,21.877717971801758,3624400,0.007694063687154805
2025-05-16,21.857990194284575,22.11444698546432,21.84812625446757,22.07499122619629,5060300,0.008976674370865126
2025-05-19,21.848126819413004,21.95662827885155,21.73962724132866,21.90730857849121,3458100,-0.007625042841743891
2025-05-20,21.828397407153943,21.897444982812033,21.749487773470197,21.86785316467285,2911800,-0.001802639804466394
2025-05-21,21.66071539857551,21.749488976549518,21.29575902810828,21.315486907958984,3630100,-0.025583772991506555
2025-05-22,21.206985450134265,21.453578304205593,21.118211872160252,21.315486907958984,5210200,0.0
2025-05-23,20.950527652252322,21.315485886586043,20.851890139079366,21.216848373413086,3288700,-0.0046382927593216034
2025-05-27,21.483170443517494,21.936900398707415,21.335213223790678,21.90730857849121,4907000,0.032024705555294436
2025-05-28,21.956627569918236,22.005945387332005,21.29575865726136,21.35494041442871,6813600,-0.025537192144178874
2025-05-29,21.522623234371398,21.581804990457663,21.345076084758507,21.50289535522461,4681800,0.0069044797018837575
2025-05-30,21.364803486005307,21.42398524076776,21.108346706895937,21.345075607299805,23398900,-0.0073665313928897086
2025-06-02,21.177393527094676,21.226713226480957,20.911074675825414,21.00971031188965,3986700,-0.015836335703018727
2025-06-03,20.901210024947495,21.23657644394932,20.77298069225933,21.088619232177734,4325900,0.0037487954298735934
2025-06-04,21.10834730980103,21.226712704060798,20.96039197799191,21.068893432617188,3673500,-0.0009358142714425497
2025-06-05,21.453577041625977,21.917170902709284,21.345075590186752,21.453577041625977,4666100,0.018093685504052902
2025-06-06,21.700170736912444,21.81853613236415,21.48316970683081,21.571943283081055,2949400,0.005502154961848942
2025-06-09,21.67057976257255,21.81853698299406,21.542352303742014,21.581806182861328,2837300,0.00045710512175969415
2025-06-10,21.56207847595215,21.77907949730431,21.443713085262022,21.56207847595215,3044300,-0.0009145077426423855
2025-06-11,21.63112570859184,22.29199464034739,21.621261768553197,22.232812881469727,7022600,0.030633109690788668
2025-06-12,22.124310881003392,22.43008548930207,21.956627667158156,22.291994094848633,4274000,0.002658349457294856
2025-06-13,21.887581043432306,22.124309944483553,21.788943530989105,21.86785316467285,2203300,-0.01920993841779654
2025-06-16,22.37090403174192,22.637224765775557,22.074991477919824,22.469541549682617,3738900,0.027143016826306408
2025-06-17,22.291993463390906,22.420220914414823,21.986218863753805,22.045400619506836,2820700,-0.019056691765026692
2025-06-18,22.00594462820919,22.548450007816953,21.966490751910012,22.282129287719727,3041500,0.010680988508674272
2025-06-20,22.400492933678326,22.52872226547416,22.321583299247845,22.47940444946289,7125000,0.008814552253556882
2025-06-23,22.38076792256577,22.62736077619938,22.104583249208623,22.578041076660156,2843000,0.004378267947112728
2025-06-24,22.804906801171732,23.100817458319238,22.785178922334147,22.913406372070312,5569200,0.014744370196979833
2025-06-25,22.854224788543743,22.913406544146874,22.725997337844607,22.893678665161133,2647600,-0.0008613387257808763
2025-06-26,22.982452695722166,23.199455606167263,22.933134878632348,23.15999984741211,2797700,0.011565814485115579
2025-06-27,23.959999084472656,24.139999389648438,23.530000686645508,23.81999969482422,9929500,0.028098904999037527
2025-06-30,23.829999923706055,24.030000686645508,23.75,23.850000381469727,3791800,0.0012586822134796295
