DATE,OPEN,HIGH,LOW,CLOSE,VOLUME,LOG_RETURNS
1999-01-04,7.515043817367984,7.573299603152564,7.44222368971095,7.485915660858154,712218,
1999-01-05,7.485913828242536,7.5150419776215465,7.427657529484516,7.456785678863525,440688,-0.003898895953777084
1999-01-06,7.442219830907192,7.515039920806885,7.413091689500353,7.515039920806885,448399,0.0077818881250289315
1999-01-07,7.485914080299872,7.5150422306596525,7.413093968017904,7.4422221183776855,231079,-0.009736859264372111
1999-01-08,7.41309589568309,7.456787868966723,7.311147606531207,7.340275764465332,358600,-0.013793064065076964
1999-01-11,7.311147550800928,7.325711893274525,7.180071104714069,7.267455577850342,401068,-0.009970171018011327
1999-01-12,7.223761732930488,7.325710529562153,7.180069768113349,7.238326072692871,445907,-0.00401626675695157
1999-01-13,7.107252294299038,7.2674569278577,7.078124131176081,7.223764419555664,969158,-0.002013769456906892
1999-01-14,7.238326821764714,7.238326821764714,7.048994075905317,7.121814727783203,597272,-0.014213634333686982
1999-01-15,7.07812149871669,7.238326072692871,7.07812149871669,7.238326072692871,655042,0.016227403790593866
1999-01-19,7.223764508390832,7.296585180711346,7.121816727059568,7.194636344909668,545907,-0.006054177924931895
1999-01-20,7.136378208969465,7.267454638107033,7.136378208969465,7.165506362915039,476038,-0.004057065802673919
1999-01-21,7.223764806356178,7.325713646363035,7.1946366416735374,7.252892971038818,501661,0.01212168925444131
1999-01-22,7.194637188920716,7.398533829973004,7.194637188920716,7.296586036682129,504152,0.006006152793266933
1999-01-25,7.267454752618354,7.471351306215084,7.223762257394024,7.413094997406006,709609,0.015841458010506432
1999-01-26,7.369402157224618,7.4567860828610275,7.340274006267488,7.383965969085693,387189,-0.003937142114086292
1999-01-27,7.282019992085798,7.282019992085798,7.136379718780517,7.136379718780518,724792,-0.034105282878358505
1999-01-28,7.107249408590841,7.194633335244609,7.063557445263957,7.150941371917725,462040,0.0020384028729870207
1999-01-29,7.121815197852564,7.1655071700751005,6.947046781727328,7.048994541168213,603559,-0.014359020068306992
1999-02-01,7.01986690725416,7.01986690725416,6.728586367742929,6.74315071105957,919810,-0.044357708133612075
1999-02-02,6.670330183092795,6.8159704557773635,6.641202023108852,6.7868428230285645,737011,0.006458578673685141
1999-02-03,6.7868386936884395,6.9033507354992345,6.7868386936884395,6.830530643463135,670463,0.006416504685456512
1999-02-04,6.830534799386907,6.874226775745249,6.757714663044623,6.7868428230285645,719929,-0.006416504685456405
1999-02-05,6.786839055980282,6.84509481637805,6.655762672424316,6.655762672424316,770107,-0.019502812222324757
1999-02-08,6.68489408493042,6.699457900342368,6.62663776881241,6.68489408493042,671056,0.0043673200411451195
1999-02-09,6.684894080191719,6.714022238230076,6.597509606076647,6.6120734214782715,473310,-0.010953082564168872
1999-02-10,6.612071689468142,6.684892329106465,6.597507877881459,6.626636028289795,1312456,0.002200004878177847
1999-02-11,6.656154544341403,6.729947769185834,6.434774869808109,6.59712028503418,532977,-0.004464055684565514
1999-02-12,6.56760247345048,6.59711986838013,6.316704883688698,6.390498638153076,270581,-0.031820933882848665
1999-02-16,6.405258428119885,6.552844899815772,6.405258428119885,6.4347758293151855,493594,0.006904704797340699
1999-02-17,6.405255985450055,6.641394570679455,6.3462212055726015,6.582359790802002,1253737,0.022676307583496407
1999-02-18,6.582359790802002,6.700428816276496,6.5676013629728445,6.582359790802002,492289,0.0
1999-02-19,6.523326463921324,6.5380854293182855,6.464292205175075,6.479050636291504,638909,-0.015819318979653513
1999-02-22,6.449536627252002,6.582364168902687,6.449536627252002,6.538088321685791,792527,0.009070824300997508
1999-02-23,6.52332967274797,6.582364494813988,6.37574315186372,6.4052605628967285,419217,-0.02052520149519042
1999-02-24,6.493812793636822,6.508571232007569,6.316708327503104,6.346225738525391,498339,-0.009259351381848961
1999-02-25,6.257673101647851,6.360983757598095,6.110086602941992,6.183879852294922,1020759,-0.025914382014412936
1999-02-26,6.18387877138471,6.375741079309639,6.139602402087663,6.331465244293213,918861,0.023585803265836883
1999-03-01,6.301948708255007,6.316707143860275,6.095327404097093,6.213397026062012,459312,-0.018823914048825333
1999-03-02,6.2281543601523515,6.4200171947720275,6.213395927157268,6.301947593688965,824674,0.014150955965940471
1999-03-03,6.301947172404362,6.4642925959004955,6.301947172404362,6.420016765594482,437841,0.018562001683394218
1999-03-04,6.405256785321242,6.464291572570801,6.331463568399534,6.464291572570801,983037,0.006872698182482665
1999-03-05,6.508568028600623,6.6413960456848145,6.508568028600623,6.6413960456848145,483393,0.02702876188920292
1999-03-08,6.626636142850298,6.670911960618182,6.508566583095392,6.582359790802002,1025623,-0.00892887736792357
1999-03-09,6.523327318736798,6.567603686449116,6.360982418060303,6.360982418060303,507829,-0.034210478194022474
1999-03-10,6.5233261139157515,6.6118782987047044,6.390498638153077,6.390498638153076,2149348,0.004629465813185361
1999-03-11,6.420016438551437,6.59712028503418,6.420016438551437,6.59712028503418,1569158,0.03182093388284881
1999-03-12,6.64139313710177,6.788979520657737,6.626634712458292,6.6856689453125,740451,0.013333038793715777
1999-03-15,6.685671110140364,6.759464325812673,6.685671110140364,6.715188503265381,397628,0.0044056293879650744
1999-03-16,6.700427369955978,6.759462137090484,6.656151561745248,6.6856689453125,486833,-0.004405629387965153
1999-03-17,6.6856696877040775,6.715187074549006,6.597118061449647,6.611876487731934,401661,-0.011098772393304207
1999-03-18,6.670912149041898,6.774222749605301,6.6561531865154535,6.759463787078857,825030,0.022076065702762052
1999-03-19,6.788981177851319,6.788981177851319,6.74470535883284,6.759463787078857,505338,0.0
1999-03-22,6.759466514425818,6.8037428855896005,6.744708080224986,6.8037428855896,361447,0.006529319634831071
1999-03-23,6.7594628876762215,6.774221848238864,6.597118061449647,6.611876487731934,530486,-0.02860538533759317
1999-03-24,6.626634473297198,6.907048271364975,6.626634473297198,6.862772464752197,916251,0.037244009704257064
1999-03-25,6.8332625930574995,6.848021032236194,6.641399678049538,6.72995138168335,394306,-0.01954358996004779
1999-03-26,6.641394570679455,6.670911960618182,6.552842400863275,6.582359790802002,350297,-0.022174607646632306
1999-03-29,6.582360612789437,6.626636970366846,6.405256785321242,6.464291572570801,346145,-0.018099884521279298
1999-03-30,6.375740827225579,6.375740827225579,6.257671760423117,6.301947593688965,457888,-0.02543469986587707
1999-03-31,6.272431289118039,6.287190258971893,6.110086360690499,6.154362201690674,561329,-0.023697596007167934
1999-04-01,6.110085341438363,6.33146504379054,6.0805679409352855,6.198637008666992,733215,0.00716829910029379
1999-04-05,6.257672870864024,6.390500928512866,6.242914435250017,6.375741958618164,825030,0.02817103936629149
1999-04-06,6.37573895787461,6.434773741107288,6.198635142457019,6.257669925689697,230724,-0.01869257045898737
1999-04-07,6.228153259284326,6.228153259284326,6.0215320281912605,6.124842643737793,675445,-0.021454834196354345
1999-04-08,6.139600359224341,6.316704174641933,6.095324538940054,6.257669925689697,870581,0.021454834196354376
1999-04-09,6.242912129086066,6.301946384015231,6.198635770038572,6.2724289894104,408066,0.0023557787765916193
1999-04-12,6.316706026684049,6.346223426954814,6.213395927157268,6.301947593688965,271886,0.004695049222978387
1999-04-13,6.257670588618539,6.272429018849975,6.124842579413622,6.169118404388428,570463,-0.021302783985820212
1999-04-14,6.154361044700322,6.198636877376853,6.021533012390137,6.021533012390137,693238,-0.024214063369505698
1999-04-15,6.065808773040772,6.095325635687713,6.0067739791858115,6.0658087730407715,403440,0.007326004254866464
1999-04-16,6.110085341438363,6.257671809673147,6.065809507824048,6.198637008666992,627402,0.021661546193585367
1999-04-19,6.198637204963312,6.4200174486066865,6.198637204963312,6.331465244293213,530368,0.021202254989758872
1999-04-20,6.375738341890819,6.597118490484781,6.346220953126265,6.552842140197754,809964,0.03436718450621571
1999-04-21,6.582359528962308,6.611876917726862,6.493807896949036,6.552842140197754,674377,0.0
1999-04-22,6.538087421775715,6.538087421775715,6.2724313064780315,6.375741958618164,559312,-0.027398400129683184
1999-04-23,6.346223426954814,6.4200171947720275,6.2724301934182,6.301947593688965,231554,-0.01164174245941739
1999-04-26,6.316704883688698,6.420016033082727,6.272429058434473,6.390498638153076,273903,0.013953572006319245
1999-04-27,6.405258428119885,6.493810631705787,6.390499994662543,6.4347758293151855,386121,0.006904704797340699
1999-04-28,6.420016780912294,6.597120636839471,6.420016780912294,6.523326873779297,430486,0.013667498234446565
1999-04-29,6.538088303472,6.744709635616261,6.538088303472,6.700433254241943,1346382,0.02678768660198472
1999-04-30,6.700427369955978,6.729944753523231,6.582358369967264,6.6856689453125,1405457,-0.00220591695720769
1999-05-03,6.656158117228233,6.8037451804192886,6.656158117228233,6.72995138168335,603796,0.006601647350905052
1999-05-04,6.700428847937799,6.759463628094207,6.6561530299607,6.7447052001953125,527046,0.0021898627721314346
1999-05-05,6.759465114693854,6.951327925258091,6.759465114693854,6.9070515632629395,752550,0.02378507315777053
1999-05-06,6.90705020666074,6.90705020666074,6.685670577287915,6.759463787078857,811981,-0.02159928997134901
1999-05-07,6.788983917108125,6.907052993556711,6.759466514425818,6.8037428855896,332740,0.006529319634831071
1999-05-10,6.818498829585274,6.907050471011333,6.744705616970077,6.7889814376831055,478292,-0.0021719639651963827
1999-05-11,6.759464872919613,6.892292885592977,6.700430081891337,6.833258628845215,1103915,0.006500743912022377
1999-05-12,6.848210922280192,6.967830657958985,6.8183059883604935,6.967830657958984,2024199,0.019502271383759217
1999-05-13,6.967828230527581,7.251924191849459,6.952875498129339,7.207066535949707,693476,0.03375807159199533
1999-05-14,7.17716177311183,7.222018885337668,7.0425898951393675,7.147256851196289,682681,-0.008333382112805009
1999-05-17,7.117352623668849,7.2967816313727285,7.117352623668849,7.251924514770508,806524,0.0145382580387274
1999-05-18,7.236971781706435,7.251924514770509,7.147257548501996,7.251924514770508,974496,0.0
1999-05-19,7.251926230518856,7.4014503487658105,7.251926230518856,7.326688289642334,613760,0.010256727619518798
1999-05-20,7.326685672361647,7.3565905935872555,7.2070659874592105,7.222018718719482,1534994,-0.014389096819219387
1999-05-21,7.251927990600836,7.416404344073733,7.236975250369953,7.386499404907227,756821,0.022519414460248258
1999-05-24,7.371545698209437,7.59583188414027,7.371545698209437,7.5808796882629395,808185,0.02597531756649442
1999-05-25,7.565927492385611,7.655641750239885,7.565927492385611,7.5808796882629395,1366667,0.0
1999-05-26,7.53602141571328,7.610783466344772,7.446306630178449,7.461259365081787,1149110,-0.015905031118585006
1999-05-27,7.431353597904551,7.431353597904551,7.13230542912767,7.236971855163574,913760,-0.030521348805903098
1999-05-28,7.207067708490793,7.296782493591309,7.207067708490793,7.296782493591309,421945,0.008230629834447077
1999-06-01,7.2519275799501735,7.2519275799501735,6.997735882076464,7.0276408195495605,777699,-0.037582434736877966
1999-06-02,7.057544528470664,7.1771642575400785,7.042592332984554,7.117354393005371,583511,0.012685020402875688
1999-06-03,7.117353927907466,7.192115983042806,7.027639136967999,7.1024017333984375,546382,-0.0021030832013241726
1999-06-04,7.117352786867454,7.19211483001709,7.117352786867454,7.19211483001709,257888,0.012552264240005747
1999-06-07,7.162211611597693,7.177164348568583,6.997734752688742,7.087449550628662,385884,-0.01465971244428405
1999-06-08,7.05754653417681,7.102404215973652,6.997736652644546,7.0724992752075195,381257,-0.0021116292382511587
1999-06-09,7.057541847229004,7.102399499235661,7.027636926322875,7.057541847229004,551839,-0.002117111116055149
1999-06-10,6.997732501259844,7.0276374242849675,6.833256236564122,6.848208427429199,562633,-0.030109735972455205
1999-06-11,6.863161646643953,6.9379236888648785,6.803351796349212,6.833256721496582,760380,-0.002185688699591981
1999-06-14,6.8781133504543215,6.982780310394767,6.818303504404077,6.848208427429199,1144009,0.0021856886995920612
1999-06-15,6.863162345912424,6.9678293239449465,6.848209611167744,6.922972202301025,939620,0.010858111795337338
1999-06-16,6.952875925081104,7.162209861151159,6.937923733059675,7.012685775756836,971530,0.012875576164414074
1999-06-17,7.057542967455633,7.072495700929572,6.952875998318112,6.997733116149902,632740,-0.002134506526816866
1999-06-18,6.997732997864615,7.042590656233174,6.833256721496583,6.833256721496582,1253381,-0.023784870132526437
1999-06-21,6.818302878533859,6.818302878533859,6.668778818428426,6.698683738708496,1391696,-0.019890335737544236
1999-06-22,6.698689117548171,6.818308353424071,6.638879228962545,6.818308353424072,817794,0.017700348880376058
1999-06-23,6.7883982732552495,6.7883982732552495,6.683731859360554,6.773446083068848,305101,-0.006601419041934772
1999-06-24,6.758499747913329,6.758499747913329,6.653832702048422,6.713642597198486,530368,-0.008868315354742834
1999-06-25,6.7285919189453125,6.803353985219738,6.683734787439692,6.7285919189453125,536062,0.002224232569665636
1999-06-28,6.788400173187256,6.848210033262283,6.728590854407323,6.788400173187256,611388,0.008849401426289523
1999-06-29,6.8033510047365935,6.8033510047365935,6.653826937692808,6.773446083068848,583393,-0.0022053186412123397
1999-06-30,6.773449917920895,6.773449917920895,6.579068628972177,6.608973026275635,637248,-0.02458170490844849
1999-07-01,6.4893489858353055,6.7584926917159756,6.47439679830631,6.668777942657471,1554093,0.009008351030818646
1999-07-02,6.6687849051882315,6.713642597198485,6.6388799576132,6.713642597198486,379478,0.006705038522887029
1999-07-06,6.65382791833157,6.65382791833157,6.519256021641028,6.564113140106201,811269,-0.022524255134580583
1999-07-07,6.564114596493145,6.564114596493145,6.489352535365312,6.534210205078125,1231673,-0.00456592591136769
1999-07-08,6.5192585946467325,6.5790684704026,6.47440145847745,6.489353656768799,730842,-0.00688854850533128
1999-07-09,6.474401741049209,6.564116017303305,6.474401741049209,6.549163818359375,292527,0.00917444505860823
1999-07-12,6.549163436585361,6.549163436585361,6.489353561705654,6.519258499145508,432028,-0.004576737832361717
1999-07-13,6.5043063010731945,6.594020572097527,6.5043063010731945,6.519258499145508,738197,0.0
1999-07-14,6.519259611309171,6.638878840179993,6.4594497262261,6.623926639556885,874970,0.015927699729288747
1999-07-15,6.638877964874341,6.668782903473048,6.579068628972177,6.608973026275635,346382,-0.0022600669579613355
1999-07-16,6.66878303379659,6.66878303379659,6.519258879176257,6.549163818359375,363938,-0.00909089493896568
1999-07-19,6.534210295826904,6.564114687657243,6.4594476923656075,6.504305362701416,564176,-0.006873059050345412
1999-07-20,6.504303746691314,6.6388751003787085,6.504303746691314,6.59401798248291,723132,0.013698550615387271
1999-07-21,6.623927754473389,6.758499747913329,6.579070603758546,6.713642597198486,1346263,0.017978792927629442
1999-07-22,6.728591250780964,6.833258241430527,6.713639055528938,6.803353309631348,1156702,0.013273959729625629
1999-07-23,6.803352908853559,6.818305103224769,6.773447978816046,6.788400173187256,751720,-0.002200325733670523
1999-07-26,6.758493892882447,6.848208116590741,6.728588971214701,6.773446083068848,499526,-0.0022053186412123397
1999-07-27,6.758495784444836,6.818305103224769,6.758495784444836,6.788400173187256,544128,0.0022053186412124364
1999-07-28,6.773451951053139,6.773451951053139,6.698689852763264,6.713642597198486,538316,-0.01107363399595519
1999-07-29,6.668781002312251,6.683733737996447,6.534209628925051,6.579066753387451,425386,-0.020248760185145504
1999-07-30,6.5790673334957965,6.608971724910816,6.504305272367964,6.534210205078125,359668,-0.00684142086080285
1999-08-02,6.534211318333845,6.668782726514244,6.534211318333845,6.653830528259277,475801,0.018141224494138106
1999-08-03,6.6388777887090775,6.698687664319411,6.6388777887090775,6.653830528259277,444603,0.0
1999-08-04,6.653830704821319,6.698687842071753,6.608973026275635,6.608973026275635,627402,-0.00676443300189533
1999-08-05,6.608970174683171,6.6388751003787085,6.5342086723868515,6.59401798248291,641400,-0.0022654033739237683
1999-08-06,6.579068628972177,6.623925766222612,6.579068628972177,6.608973026275635,322301,0.002265403373923719
1999-08-09,6.6089719811085965,6.638876914978027,6.594019784821463,6.638876914978027,345670,0.00451453475459098
1999-08-10,6.63887674982339,6.63887674982339,6.444495496450438,6.504305362701416,408897,-0.020478488743902165
1999-08-11,6.519255249289763,6.534207981203351,6.474398136138916,6.474398136138916,587426,-0.004608669810592307
1999-08-12,6.4289129460074825,6.459238089926565,6.3985878020884,6.413750648498535,1284816,-0.009411426932945144
1999-08-13,6.413749363031891,6.504724227654442,6.398586519660747,6.474399089813232,329893,0.00941157423223466
1999-08-16,6.444075206046196,6.504725493531699,6.444075206046196,6.459238052368164,434520,-0.002344436328719843
1999-08-17,6.4592372395675826,6.550212110446795,6.4592372395675826,6.5198869705200195,399644,0.009345677690268294
1999-08-18,6.504725493531699,6.53505063727445,6.428912908625413,6.459238052368164,354923,-0.009345677690268249
1999-08-19,6.428911657501957,6.489561384283299,6.398586519660747,6.474399089813232,742586,0.002344436328719778
1999-08-20,6.474397981456598,6.732160785628672,6.459235689582175,6.65634822845459,725623,0.0277152215103882
1999-08-23,6.6715110692299975,6.732160785628672,6.5956985120559155,6.65634822845459,424081,0.0
1999-08-24,6.641189223765879,6.701838970184325,6.580538928446178,6.701838970184326,343298,0.006810941770571517
1999-08-25,6.671514215851217,6.838301700739159,6.65635136792425,6.792814254760742,574614,0.01348336431321835
1999-08-26,6.732165336608887,6.792815642908481,6.671515579210647,6.732165336608887,470107,-0.008968490378897138
1999-08-27,6.7170023918151855,6.747327542063533,6.663933516105905,6.7170023918151855,296323,-0.002254853463705259
1999-08-30,6.701839542240362,6.77765269231188,6.671514940893317,6.7170023918151855,407355,0.0
1999-08-31,6.7170023918151855,6.792814992985401,6.686677241566839,6.7170023918151855,496797,0.0
1999-09-01,6.7170023918151855,6.747327542063533,6.701839542240362,6.7170023918151855,497983,0.0
1999-09-02,6.641188197824702,6.9141133867989355,6.565375614837349,6.853463649749756,1237722,0.02011218441086889
1999-09-03,6.883787226824716,7.005087780804678,6.883787226824716,6.944437503814697,980783,0.013186813175575563
1999-09-07,6.898951994644543,6.898951994644543,6.732163960855359,6.792814254760742,908304,-0.022075653743842166
1999-09-08,6.7473249435424805,6.777650082112049,6.686674666403343,6.7473249435424805,683630,-0.006719204536491717
1999-09-09,6.717000984653176,6.853463857732124,6.686675840757723,6.82313871383667,816726,0.011173466281287524
1999-09-10,6.853467313239064,6.883791923522949,6.7928169948683665,6.883791923522949,444247,0.008850063835892418
1999-09-13,6.883789802246908,6.914114952087402,6.79281490162672,6.914114952087402,1087663,0.004395315558344426
1999-09-14,6.853463857732124,6.868626155229257,6.823138713836671,6.82313871383667,398577,-0.013245379394236818
1999-09-15,6.853466086249499,6.914115844860487,6.76249062498097,6.807978630065918,378055,-0.0022243356342497534
1999-09-16,6.792815778737146,6.838303234920728,6.747328322553564,6.807978630065918,562752,0.0
1999-09-17,6.823138713836671,6.853463857732124,6.792813569941217,6.82313871383667,395374,0.002224335634249753
1999-09-20,6.86862571001824,6.8837880065325825,6.762487987714388,6.777650833129883,582681,-0.006689030832429282
1999-09-21,6.7473256606274274,6.7473256606274274,6.610862797012062,6.671513080596924,381495,-0.015783874257007436
1999-09-22,6.656348290179415,6.777648821903561,6.550210599371281,6.762485980987549,783037,0.013543888252231956
1999-09-23,6.777648759053908,6.79281105092833,6.641185936580167,6.65634822845459,1150652,-0.015819550991380882
1999-09-24,6.641185873000158,6.656348164729423,6.519885343562122,6.550210475921631,776394,-0.016073837267944806
1999-09-27,6.580536797806928,6.580536797806928,6.474399089813232,6.474399089813232,430842,-0.011641384242443277
1999-09-28,6.4744020493046985,6.4744020493046985,6.292451687987819,6.383427143096924,698814,-0.014150675719858308
1999-09-29,6.398587764882661,6.4895626472097305,6.398587764882661,6.459238052368164,371530,0.011806239391138583
1999-09-30,6.444075229488843,6.641188390083205,6.444075229488843,6.565375804901123,1032622,0.016298387529805974
1999-10-01,6.535052664487238,6.747328187634462,6.428914902913625,6.732165336608887,481257,0.025087086014194706
1999-10-04,6.717001209883952,6.898951530456543,6.717001209883952,6.898951530456543,636299,0.024472612117361105
1999-10-05,6.914113148462419,6.914113148462419,6.686675407340373,6.777650833129883,399288,-0.017738890826097274
1999-10-06,6.762485980987549,6.792811113918585,6.641185998164391,6.762485980987549,956465,-0.0022399860047755183
1999-10-07,6.732160721177706,6.732160721177706,6.535048184192366,6.550210475921631,660380,-0.03189338825932568
1999-10-08,6.550211604639767,6.671512154980048,6.550211604639767,6.6260247230529785,460261,0.011507852229745388
1999-10-11,6.595700786773836,6.595700786773836,6.474400214340513,6.489562511444092,319573,-0.02080991628407002
1999-10-12,6.5047253574488435,6.519887654552422,6.459237917236933,6.489562511444092,340925,0.0
1999-10-13,6.459237917236933,6.550212797660753,6.459237917236933,6.489562511444092,391103,0.0
1999-10-14,6.489564771382756,6.595703083674312,6.444077315330206,6.53505277633667,414235,0.006985304189046243
1999-10-15,6.59569935980057,6.59569935980057,6.413749089416526,6.444073677062988,322183,-0.014019524308513675
1999-10-18,6.444073951972023,6.519886522124509,6.444073951972023,6.474399089813232,231317,0.0046948999313486004
1999-10-19,6.459238201115034,6.5198879410960275,6.337937623350652,6.368262767791748,509727,-0.01652908713978541
1999-10-20,6.398589444497777,6.444076897601664,6.353101991393888,6.383427143096924,208897,0.002378411419927071
1999-10-21,6.428912401929146,6.428912401929146,6.246962102714278,6.353099822998047,307236,-0.004762268002288559
1999-10-22,6.398588122756342,6.41375096992637,6.32277553360985,6.337937831878662,443891,-0.0023894024657918054
1999-10-25,6.337937623350652,6.383425614462894,6.322775325580703,6.368262767791748,470581,0.004773259048153375
1999-10-26,6.337937831878662,6.474400711902834,6.307612686439822,6.337937831878662,622064,-0.00477325904815335
1999-10-27,6.322774680226595,6.580537558314723,6.322774680226595,6.504724979400635,655397,0.02597538030207874
1999-10-28,6.535049310297769,6.656349311736976,6.535049310297769,6.6260247230529785,548636,0.018476202358048782
1999-10-29,6.62602462126943,6.656349209487606,6.565374347030949,6.610861778259277,400949,-0.0022910147978385293
1999-11-01,6.610861103312061,6.671511371358349,6.56537367672785,6.641186237335205,181613,0.004576577442097223
1999-11-02,6.641187017394977,6.777649862077258,6.626024723052979,6.6260247230529785,600949,-0.0022855626442587467
1999-11-03,6.626027702362636,6.686677455902099,6.595702551142245,6.6866774559021,1001898,0.009112072319936883
1999-11-04,6.686675377042564,6.7928130988654996,6.5502125134272,6.671513080596924,816489,-0.002270424542588427
1999-11-05,6.671512371569104,6.777650082112049,6.671512371569104,6.7473249435424805,619692,0.011299438808149181
1999-11-08,6.732162099807151,6.762487238376719,6.671512371569104,6.7473249435424805,846501,0.0
1999-11-09,6.732161113688165,6.74732395520246,6.5653736993379965,6.595698833465576,319810,-0.02272837698486404
1999-11-10,6.535050500557174,6.580537940769084,6.444075071232182,6.489562511444092,472598,-0.016222625884703544
1999-11-11,6.444076370289531,6.489563819671228,6.368263771686276,6.4289140701293945,430605,-0.009389479712523503
1999-11-12,6.428910964306686,6.490431813888186,6.382770605510562,6.4750518798828125,2083274,0.007150980798088179
1999-11-15,6.413533059659183,6.428912998531048,6.336632251739503,6.336632251739502,807117,-0.021609183150543367
1999-11-16,6.382773840091444,6.4442947208497126,6.3366334579128845,6.398153781890869,795848,0.009662040430071493
1999-11-17,6.382772742212964,6.428913116455079,6.3520123071248245,6.428913116455078,897509,0.00479601358094106
1999-11-18,6.398149038215136,6.459669873361012,6.3212488294526,6.3827691078186035,691340,-0.007203458119266219
1999-11-19,6.321253299713135,6.336633240986046,6.213591483681691,6.321253299713135,1419217,-0.009684537216635921
1999-11-22,6.244347177256733,6.290488079568564,6.090545654296874,6.090545654296875,877817,-0.0371798193003639
1999-11-23,6.059790287771001,6.1059312285305465,5.967509519812523,6.029029846191406,836180,-0.01015156618168809
1999-11-24,6.059785238348934,6.121306070244815,6.029024822400994,6.090545654296875,501779,0.010151566181688075
1999-11-26,6.044409573884768,6.044409573884768,5.982888698577881,5.982888698577881,267023,-0.01783416482532718
1999-11-29,5.9367492903561425,5.9367492903561425,5.7983275766922375,5.875228404998779,946382,-0.01815857456837776
1999-11-30,5.890606445770793,6.13668877091571,5.875225952461676,6.105928897857666,1931910,0.03851531288860399
1999-12-01,6.075168468019528,6.105928897857666,5.998267115034135,6.105928897857666,728351,0.0
1999-12-02,6.09054974101232,6.136690117504172,6.0597893044243465,6.102085113525391,619217,-0.0006297149488376635
1999-12-03,6.090550729350596,6.16745155490943,5.998269404611812,6.029029846191406,821708,-0.012044424727749518
1999-12-06,5.9675094592864015,6.029029785041308,5.905988576751194,5.9213690757751465,562752,-0.018018424974480963
1999-12-07,5.875227122211278,5.936747994136275,5.813706250286281,5.844466686248779,568446,-0.013072336926527177
1999-12-08,5.798325828972066,5.798325828972066,5.659904157030954,5.736804962158203,1269039,-0.01859291947656497
1999-12-09,5.736804806179697,5.75218530085506,5.64452406524809,5.6599040031433105,611388,-0.013495497059686298
1999-12-10,5.659900739018983,5.767561912536622,5.659900739018983,5.767561912536621,945907,0.018842514239048123
1999-12-13,5.752186118946989,5.767566059029587,5.629144371165316,5.690665245056152,1093357,-0.013422289658070128
1999-12-14,5.6599043668545805,5.7675656093799725,5.6291439323073,5.6752848625183105,678173,-0.002706397930694269
1999-12-15,5.644522079326114,5.859844474782802,5.644522079326114,5.798323631286621,974970,0.02144808854074691
1999-12-16,5.798325378776857,5.81370531589611,5.706044642501108,5.721424579620361,569158,-0.01335101992241036
1999-12-17,5.690661153849712,5.806012013490165,5.659900739018983,5.767561912536621,1249585,0.00803161897042794
1999-12-20,5.721425023844817,5.736804962158203,5.675284652124499,5.736804962158203,666074,-0.005347017179361656
1999-12-21,5.675284652124499,5.829086262378998,5.659904157030954,5.736804962158203,725267,0.0
1999-12-22,5.7060450855314295,5.752185457251748,5.629143723624022,5.736804962158203,604033,0.0
1999-12-23,5.767561912536622,5.79832232736735,5.736801497705893,5.767561912536621,419217,0.00534701717936164
1999-12-27,5.721427001735684,5.782947333036898,5.675286614064686,5.706047058105469,390629,-0.010722945850828855
1999-12-28,5.6752853049735545,5.7368056220841686,5.6752853049735545,5.690665245056152,534757,-0.002699343807241317
1999-12-29,5.721424530328458,5.721424530328458,5.5983828073140165,5.629143238067627,402135,-0.010869903468613808
1999-12-30,5.613763301080877,5.644523731834488,5.5983828073140165,5.629143238067627,764413,0.0
1999-12-31,5.629143238067627,5.659903668821237,5.613763301080877,5.629143238067627,217556,0.0
2000-01-03,5.598382479057762,5.613762971922801,5.444580891087842,5.475341320037842,809371,-0.027702637289403226
2000-01-04,5.4445824899146915,5.552243744464877,5.4445824899146915,5.536863803863525,1492289,0.011173624759392091
2000-01-05,5.521479150670618,5.87522308605426,5.521479150670618,5.767561912536621,926097,0.040821205656694975
2000-01-06,5.844463985518783,5.905984829014965,5.798323631286621,5.798323631286621,1352906,0.005319400951982476
2000-01-07,5.859844550692786,5.936745327669232,5.829084128546216,5.8906049728393555,800237,0.01578985755936669
2000-01-10,5.859849254002981,5.890609700838909,5.798328360331123,5.813708305358887,365243,-0.013140074445098933
2000-01-11,5.782941841562074,5.844462671223531,5.706041639654988,5.767561912536621,748517,-0.007969184066250152
2000-01-12,5.706043127133293,5.890605107450331,5.706043127133293,5.85984468460083,489205,0.015873653168425303
2000-01-13,5.859847182620131,5.89060761858263,5.767565874732636,5.844466686248779,751720,-0.0026277508712219846
2000-01-14,5.721425682001571,5.767566059029587,5.690665245056152,5.690665245056152,601186,-0.026668191955273365
2000-01-18,5.659903557289147,5.721424417584059,5.598382696994235,5.644523620605469,614591,-0.008141351654392514
2000-01-19,5.613764431082719,5.7368056220841686,5.613764431082719,5.690665245056152,512100,0.008141351654392455
2000-01-20,5.659903668821237,5.675284162588098,5.5983828073140165,5.629143238067627,436062,-0.010869903468613808
2000-01-21,5.6599043668545805,5.70604529706559,5.59838349776002,5.6752848625183105,1038078,0.008163505537919656
2000-01-24,5.675284144080704,5.6906640810172995,5.506102053877613,5.521481990814209,786714,-0.02747445729376751
2000-01-25,5.58300035617546,5.629140703137775,5.213876466917222,5.275397300720215,948280,-0.04559230665441333
2000-01-26,5.306161071791311,5.521483012652957,5.26002013888219,5.490723133087158,1065006,0.040005970880191484
2000-01-27,5.459961686287719,5.583002852120806,5.459961686287719,5.521481990814209,570700,0.0055863357742219595
2000-01-28,5.475341828688048,5.567622567330698,5.398441027559131,5.459961891174316,940688,-0.011204490758336396
2000-01-31,5.475341206514792,5.613762855529785,5.459961270748711,5.613762855529785,516370,0.027779425330668767
2000-02-01,5.5983838251278755,5.6137643216909865,5.444582200178038,5.490723133087158,433689,-0.0221612703465543
2000-02-02,5.567623685066229,5.583004182447822,5.490723425279229,5.536863803863525,727402,0.008368275000058715
2000-02-03,5.659905603390665,5.936749018018798,5.629145162123061,5.9213690757751465,2008660,0.06713944488042545
2000-02-04,5.921367562599792,5.921367562599792,5.659904157030954,5.736804962158203,1444484,-0.03166525640309208
2000-02-07,5.706044930389257,5.721424868284476,5.613763632677506,5.6599040031433105,637960,-0.013495497059686298
2000-02-08,5.659906113654119,5.721427001735684,5.644526170023904,5.706047058105469,882681,0.008119568388219221
2000-02-09,5.706047058105469,5.752187445776467,5.690666557694902,5.706047058105469,1160617,0.0
2000-02-10,5.721425235949141,5.813705982810803,5.64452442797103,5.6752848625183105,1224911,-0.005405741737935535
2000-02-11,5.659904999015063,5.675285496396656,5.490723425279229,5.536863803863525,1438671,-0.024692518067930696
2000-02-14,5.583785533905029,5.661989173916337,5.568144352929094,5.583785533905029,2782088,0.008438717392303672
2000-02-15,5.599427409419779,5.599427409419779,5.458659580026818,5.536863803863525,560498,-0.008438717392303775
2000-02-16,5.5212203614267095,5.536860971706843,5.4273750010951165,5.4586567878723145,557295,-0.014225490133919456
2000-02-17,5.458658476127925,5.489940272579966,5.302250060084824,5.333531856536865,491459,-0.02318909396473469
2000-02-18,5.28660872756001,5.317890523117431,5.192763907104833,5.302249908447266,861803,-0.005882414473023381
2000-02-22,5.349172318674854,5.458658320017286,5.302249908447266,5.302249908447266,1671412,0.0
2000-02-23,5.317890644073486,5.349172440342417,5.255327051535626,5.317890644073486,882800,0.002945487746981881
2000-02-24,5.3022499808541275,5.364813572823333,5.020714383209803,5.130200386047363,1518387,-0.03593200922606333
2000-02-25,5.224043985738766,5.224043985738766,5.036353840297178,5.0676350593566895,1239976,-0.012270468970194359
2000-02-28,5.098918420555373,5.224045600334081,5.036355396883098,5.192763805389404,1522539,0.024391829502539226
2000-02-29,5.224044353588583,5.239684964219669,5.114558380520153,5.145840167999268,719929,-0.00907742664641751
2000-03-01,5.161482060181773,5.208404469942402,5.067636674443429,5.114559650421143,830842,-0.00609734806498682
2000-03-02,5.067635573406879,5.177122116088867,5.036354351174267,5.177122116088867,1196916,0.01215801998880776
2000-03-03,5.192763756835742,5.317890369227405,5.1771231426181865,5.270967960357666,1180427,0.01796469354226565
2000-03-06,5.239686317247182,5.2866087274740075,5.02071431456588,5.036355495452881,1994187,-0.04553131485224242
2000-03-07,5.036356635055577,5.114560858534992,4.9425112271499465,4.973793029785156,2251364,-0.012499970428900243
2000-03-08,4.958150009341523,5.270966751698784,4.942508832493493,5.145840167999268,1966904,0.03400591981505618
2000-03-09,5.130198897159384,5.286607265472412,5.130198897159384,5.286607265472412,1227639,0.026988037522807356
2000-03-10,5.255325478566419,5.317889052378404,5.192762470971369,5.286607265472412,827165,0.0
2000-03-13,5.380454836913745,5.458659053202837,5.2866094376365345,5.443018436431885,1085409,0.029157075192172904
2000-03-14,5.396095417854363,5.396095417854363,5.302250029047572,5.317890644073486,829537,-0.02325703737484413
2000-03-15,5.286608378349412,5.7245523547904495,5.286608378349412,5.6776299476623535,803915,0.06545715366570985
2000-03-16,5.677629435280181,6.162495775092166,5.5994252417186035,6.0999321937561035,1074970,0.07174377242055725
2000-03-17,6.099930826435363,6.099930826435363,5.865318298339844,5.865318298339844,870700,-0.03922090389028294
2000-03-20,5.8340399397874245,5.896603543830082,5.677631495897987,5.693272113800049,960261,-0.02977160466043675
2000-03-21,5.740194588650611,5.84968060286453,5.6307085744366905,5.787117004394531,748399,0.016349094087006976
2000-03-22,5.724554054315067,5.74019523881274,5.505582001085398,5.536863803863525,870225,-0.04420600079785868
2000-03-23,5.521220773526823,5.630706752310507,5.521220773526823,5.615065574645996,693713,0.014025026520568078
2000-03-24,5.6150666093512305,5.708911993980548,5.474298815515792,5.55250358581543,896916,-0.01120434401058816
2000-03-27,5.536861733692507,5.6307071069391466,5.521221121259905,5.599425315856934,732147,0.008415047718478447
2000-03-28,5.552504452480047,5.5994268690100695,5.427377253443767,5.443018436431885,604270,-0.028330203678309837
2000-03-29,5.44301770542721,5.630707912557415,5.427376524539723,5.56814432144165,443179,0.022728075866979388
2000-03-30,5.599424771657641,5.724551357608629,5.583784160745125,5.661987781524658,610083,0.016713186213336326
2000-03-31,5.599423689929025,5.896599769592285,5.568141907930232,5.896599769592285,977106,0.04060084583381125
2000-04-03,5.755834102630615,5.834038302629536,5.74019348911765,5.755834102630615,527521,-0.02416190757438921
2000-04-04,5.787116570464072,6.0373703793623426,5.771475955127917,5.974806785583496,977817,0.03733779318576868
2000-04-05,5.9904505201013984,6.2563450576527355,5.927886899659665,6.021732330322266,646026,0.007823220283163207
2000-04-06,6.021730781812612,6.021730781812612,5.630709103930434,5.708913326263428,1215302,-0.05334628551736965
2000-04-07,5.880960595006531,5.974805972910264,5.6150662069381765,5.646347999572754,900593,-0.011019730506644142
2000-04-10,5.630705785800207,5.974804274534313,5.630705785800207,5.959163665771484,795018,0.0539211822828341
2000-04-11,6.037371421986824,6.193779867227798,6.006089619695187,6.084293842315674,1559193,0.020780524088422757
2000-04-12,6.162498773832534,6.522238692242835,6.162498773832534,6.428393840789795,1844247,0.05501404478311704
2000-04-13,6.428391243662458,6.725566864013672,6.412750063927942,6.725566864013672,1795136,0.045191498414766815
2000-04-14,6.709927652218028,6.741209452004862,6.490955619927355,6.537878036499023,1173310,-0.02830356041226829
2000-04-17,6.506596673225966,6.631723880767821,6.334547612181721,6.631723880767822,1178410,0.014252129012735138
2000-04-18,6.5691576355943875,6.631721214209032,6.475312833889398,6.49095344543457,686358,-0.021455352728560313
2000-04-19,6.506597995758057,6.506597995758057,6.334548899743086,6.506597995758057,858956,0.002407308476440119
2000-04-20,6.475315437557707,6.631723880767821,6.475315437557707,6.631723880767822,654686,0.019048044252120276
2000-04-24,6.616083416618559,6.881977889495653,6.616083416618559,6.850696086883545,1101779,0.03248548305182954
2000-04-25,6.850692909011798,6.881974697113037,6.709925145664701,6.881974697113037,1901186,0.004555365057666034
2000-04-26,6.881976032912739,7.085306845712111,6.866334852717671,7.038384437561035,732622,0.022473029841507165
2000-04-27,7.007101969142742,7.116587955104878,6.788129997218467,6.835052967071533,963582,-0.02931444099908721
2000-04-28,6.819412323377522,6.866334730694731,6.569158540657317,6.663003921508789,946263,-0.0254937974043049
2000-05-01,6.663004366845087,6.694285596335938,6.600440775429199,6.647363185882568,366785,-0.0023501594958276247
2000-05-02,6.537875721007174,6.694284098329684,6.47531270980835,6.47531270980835,874852,-0.026223361263885747
2000-05-03,6.553517024049214,6.5691576355943875,6.444031044582076,6.49095344543457,613998,0.002412528483542742
2000-05-04,6.506592005155448,6.616078516313489,6.318901894715718,6.5535149574279785,954686,0.009592110577992143
2000-05-05,6.5065944171525665,6.537876208191494,6.365827206802907,6.381467819213867,467734,-0.02660340382892435
2000-05-08,6.381471298070297,6.694288246557581,6.381471298070297,6.616084575653076,986595,0.03610560453911825
2000-05-09,6.663004902418606,6.663004902418606,6.5222370935264635,6.569159507751465,859668,-0.007117845634283395
2000-05-10,6.569158463970807,6.756848657265655,6.55351785045334,6.725566864013672,1376987,0.02353031847419104
2000-05-11,6.741207593582412,6.850693579544549,6.725566414892386,6.835052967071533,1348043,0.016148005552382164
2000-05-12,6.866770267486573,6.914345885233987,6.850911345504498,6.866770267486572,1211862,0.00462965497710234
2000-05-15,6.8350521173031495,6.946062260482533,6.739900319963965,6.930203914642334,1505101,0.009195363169566203
2000-05-16,6.930205230705317,6.930205230705317,6.739901599887821,6.803336143493652,603677,-0.018476136471271123
2000-05-17,6.819196224231918,6.819196224231918,6.644752046161063,6.676469326019287,496560,-0.018823797399106793
2000-05-18,6.676466058002273,6.9936375531352715,6.676466058002273,6.819192886352539,648517,0.02115181593159374
2000-05-19,6.755760522838999,6.819194492345391,6.7240432510360835,6.803336143493652,656702,-0.0023280185324870933
2000-05-22,6.946062884609923,7.215658806812726,6.930204537344799,7.168083190917969,1467616,0.05222518027116424
2000-05-23,7.263233109776966,7.294950372673262,7.057071762099962,7.199798583984375,1461566,0.004414769702988638
2000-05-24,7.199799885448218,7.4376791131207725,7.057073037763946,7.168083190917969,1377106,-0.004414769702988567
2000-05-25,7.168081373792357,7.168081373792357,6.930202780521974,7.0887885093688965,1081139,-0.011123828687220146
2000-05-26,7.1046495078217,7.342528764093505,7.1046495078217,7.279094219207764,639620,0.026491981235341532
2000-05-30,7.32666710263928,7.32666710263928,6.977778384356203,7.0887885093688965,1029181,-0.02649198123534145
2000-05-31,7.104646208275009,7.263231922739379,7.0887878664682455,7.247373580932617,823843,0.022124685740032034
2000-06-01,7.183940546153661,7.24737507465326,7.088789327503566,7.136364936828613,860380,-0.015435604313189615
2000-06-02,7.104647389434329,7.136364652420087,6.946061648604818,6.977778911590576,470225,-0.022472875593720992
2000-06-05,6.961920288802111,6.977779208018344,6.739900012569289,6.819192886352539,434520,-0.022989538884578383
2000-06-06,6.7874777978633025,7.057074344069375,6.7874777978633025,7.041215419769287,474377,0.032039680379698024
2000-06-07,7.041214641171635,7.104649183158592,7.025356292724609,7.025356292724609,293001,-0.0022548683628641365
2000-06-08,7.009497370178157,7.041214641171635,6.819194318316715,7.025356292724609,464176,0.0
2000-06-09,7.057073037763946,7.1839415381830936,7.057073037763946,7.168083190917969,686833,0.020112349721843167
2000-06-12,7.199799885448218,7.247376075442359,7.120507575023211,7.168083190917969,735706,0.0
2000-06-13,7.041215373653339,7.263235719604533,6.99363974926365,7.215660095214844,1088731,0.006615395848096727
2000-06-14,7.199798583984374,7.23151584688067,7.168081895187358,7.199798583984375,536418,-0.0022006261451082594
2000-06-15,7.231515899691048,7.437677822972892,7.231515899691048,7.405960559844971,1145433,0.028232105860376788
2000-06-16,7.421819921006256,7.612123525841726,7.390103227633041,7.509042263031006,1511388,0.013822772374248976
2000-06-19,7.485260009765625,7.485260009765625,7.3583914198423965,7.485260009765625,660261,-0.0031721747068305843
2000-06-20,7.42181890435929,7.42181890435929,7.279092081432571,7.405960559844971,1139976,-0.010650597667418316
2000-06-21,7.4535375582487475,7.596264981906375,7.4535375582487475,7.548689365386963,815540,0.01908879715879165
2000-06-22,7.516973672912426,7.516973672912426,7.3742462193198755,7.501115322113037,1529775,-0.006322235102113505
2000-06-23,7.469396211869676,7.6121236304072015,7.453537290865857,7.564548015594482,653974,0.008420879572292709
2000-06-26,7.532831017913622,7.580406634433034,7.413891402515701,7.548689365386963,957651,-0.002098644470179308
2000-06-27,7.5011131401195135,7.53283040659159,7.358385728044839,7.421819686889648,1020878,-0.016949686269889273
2000-06-28,7.3901009233650345,7.580403894763786,7.120505095058403,7.540757179260254,1644484,0.015898330697119795
2000-06-29,7.501115093802439,7.675559243684233,7.437680544336609,7.45353889465332,800119,-0.01163365960848787
2000-06-30,7.580408224309007,7.91343875799179,7.310812242022806,7.501115322113037,2237011,0.006362780079143885
2000-07-03,7.453537290865857,7.596264709403382,7.37424440814487,7.564548015594482,508422,0.008420879572292709
2000-07-05,7.580405235290527,7.786566584888968,7.501112364360412,7.580405235290527,538078,0.002094060671957344
2000-07-06,7.548691592800469,7.643842853915841,7.5328332406477605,7.596267223358154,684698,0.002090312469544024
2000-07-07,7.627984367836208,7.786570182977194,7.627984367836208,7.675559997558594,1258244,0.01038428284785932
2000-07-10,7.691416089526852,7.929294724588753,7.691416089526852,7.88171911239624,1176275,0.026504786884827394
2000-07-11,7.9134376389590395,8.135457963351849,7.786568554106331,8.103740692138672,1475326,0.027779727371840923
2000-07-12,8.119598840630116,8.309901889120717,8.072023222032321,8.29404354095459,1002017,0.0232118425840327
2000-07-13,8.278185869611935,8.325762069498422,8.19889296860046,8.309903144836426,801423,0.0019103420415805326
2000-07-14,8.278183599188814,8.357477052552305,8.15131510718605,8.230607986450195,651483,-0.009588067167902984
2000-07-17,8.16717753733516,8.389197924327554,8.151318610207365,8.31783390045166,979715,0.0105419860559662
2000-07-18,8.325759477924315,8.373335088902355,8.119597540187275,8.214749336242676,1077224,-0.012470634344003088
2000-07-19,8.278184618689048,8.325760811386258,8.246467348257378,8.29404354095459,1067141,0.009606373414359465
2000-07-20,8.309900558198754,8.325759477924315,8.198890416517115,8.214749336242676,760617,-0.00960637341435937
2000-07-21,8.230607681868914,8.294042212572515,8.135456459912838,8.214749336242676,519454,0.0
2000-07-24,8.151312828063965,8.183030085721288,8.024444371533855,8.151312828063965,654093,-0.007752240610854298
2000-07-25,8.167175033327329,8.357478081817929,8.13545776289566,8.29404354095459,713642,0.017358614025213527
2000-07-26,8.246465920661851,8.246465920661851,8.087880170056657,8.119597434997559,1037248,-0.021257035529648215
2000-07-27,8.246466260454595,8.579497269006833,8.246466260454595,8.51606273651123,1318268,0.04767353792915689
2000-07-28,8.484346721057262,8.595356882240424,8.420912179209905,8.531922340393066,630486,0.0018605845072587842
2000-07-31,8.563643424770532,8.627077994865774,8.468491569627673,8.500208854675293,876038,-0.00372396407760455
2000-08-01,8.468486583940145,8.59535564943847,8.436769891664905,8.54778003692627,1195848,0.005580870098500689
2000-08-02,8.547782978855551,8.817378974678556,8.53192405316035,8.785661697387695,1027758,0.02744943564487975
2000-08-03,8.849093800830845,9.150406990483013,8.833234879528458,8.948209762573242,1368921,0.01833244567460505
2000-08-04,8.912527861442062,9.039396936854386,8.627073589963109,9.023538589477539,1009846,0.008383076212581815
2000-08-07,9.023539997313527,9.404146134733187,9.007681073363013,9.36053466796875,1558482,0.03666584954105598
2000-08-08,9.388289432491428,9.388289432491428,9.277279234965528,9.356572151184082,745196,-0.00042341125497153537
2000-08-09,9.324847216293184,9.404140641529445,9.261413279842975,9.305024147033691,1071293,-0.005524515098437943
2000-08-10,9.324852609793707,9.324852609793707,9.229701363033282,9.297100067138672,595255,-0.0008519543556508796
2000-08-11,9.324853910317186,9.420005744447769,9.308995558345199,9.376394271850586,1307948,0.008492752333896235
2000-08-14,9.420450343524246,9.51657765416561,9.38840790664379,9.484535217285156,946145,0.011467317189543184
2000-08-15,9.468513626207306,9.59668278477443,9.452492118895753,9.532598495483398,1362871,0.005054744974785205
2000-08-16,9.516572863765576,9.596678625650966,9.484530443014458,9.536599159240723,525741,0.0004195943519447502
2000-08-17,9.53260027737338,9.53260027737338,9.388409004556559,9.468515396118164,1784816,-0.007164813890297689
2000-08-18,9.420451445184167,9.56464213801582,9.388409004556559,9.468515396118164,1066548,0.0
2000-08-21,9.484539935118931,9.484539935118931,9.292285798189562,9.452497482299805,656465,-0.0016931353250316935
2000-08-22,9.436471651506611,9.436471651506611,9.324323414799832,9.388407707214355,1194899,-0.006803284835682543
2000-08-23,9.37238609156343,9.612703475455039,9.340343657714206,9.59668254852295,943891,0.021941765294869384
2000-08-24,9.596685423790243,9.596685423790243,9.35636796789701,9.404431343078613,1053974,-0.020236473220110088
2000-08-25,9.404433466094225,9.436475916777162,9.276264243347823,9.308306694030762,538553,-0.0102738032628264
2000-08-28,9.372386957957847,9.580662507238515,9.340344521146582,9.564640998840332,913049,0.02716587498907691
2000-08-29,9.564644757591324,9.612708141703804,9.388411575865124,9.420454025268555,530724,-0.015189783957096787
2000-08-30,9.452493885811776,9.5486212076946,9.420451445184167,9.468515396118164,1060735,0.005088840316801007
2000-08-31,9.484536225554386,9.660769357139092,9.468515295403579,9.488541603088379,715065,0.002112797827284949
2000-09-01,9.564638993463122,9.756893574021506,9.48453320822295,9.66477108001709,656465,0.01840250333615183
2000-09-05,9.708831787109375,9.869043973023967,9.644746912743539,9.708831787109375,1205101,0.0045485378594268145
2000-09-06,9.708833373645142,10.189468849960106,9.708833373645142,9.93312931060791,1076275,0.022839600653797577
2000-09-07,9.933124766878588,10.045274134022264,9.836998063578148,9.949146270751953,656702,0.0016111801230570253
2000-09-08,9.949149328183282,10.181456565856934,9.949149328183282,10.181456565856934,1397865,0.02308133645785657
2000-09-11,10.25354962692461,10.670099471534204,10.25354962692461,10.417766571044922,2107473,0.02294459074761075
2000-09-12,10.461826443163705,10.573974677010332,10.061296870858587,10.253551483154297,1313049,-0.0158885410269511
2000-09-13,10.285598232211054,10.365704648772992,10.061301657802472,10.093344688415527,1740807,-0.015747866824694978
2000-09-14,10.093346289806135,10.093346289806135,9.83700664411415,10.013239860534668,1717912,-0.007968061557816397
2000-09-15,9.99721623185792,10.433793221282091,9.981195877362897,10.221512794494629,2509253,0.020586393415090803
2000-09-18,10.47785002915094,10.573976774380661,10.349680262197726,10.53792953491211,1147805,0.03048648823776946
2000-09-19,10.557954908629423,10.57397641895263,10.189468290988021,10.237531661987305,1425504,-0.02892054308327478
2000-09-20,10.253554182002818,10.253554182002818,9.869046016174758,9.96517276763916,1597272,-0.026964250960978223
2000-09-21,9.90109084581028,10.045282176168865,9.708836705307833,9.804964065551758,799288,-0.01620749622842645
2000-09-22,9.820978650308462,10.109358787536621,9.820978650308462,10.109358787536621,866429,0.030572812703123786
2000-09-25,10.109358787536621,10.141401798319738,9.933125708139425,10.109358787536621,724318,0.0
2000-09-26,10.173443831803967,10.638058216741772,10.173443831803967,10.6060152053833,962515,0.04795970493839128
2000-09-27,11.278901544889663,11.40707123652684,10.654076908090248,11.36301326751709,3159312,0.06894231816955197
2000-09-28,11.37503335140614,11.80760476122742,11.37503335140614,11.535244941711426,2215896,0.015043495510237197
2000-09-29,11.519223516068166,12.031901304648983,11.519223516068166,11.919753074645996,1900949,0.032789820156061064
2000-10-02,11.935777344637586,12.416412230204795,11.79158606698816,12.352327346801758,2051246,0.03564754824504575
2000-10-03,12.560603027372018,12.560603027372018,11.919756478614671,11.999861717224121,1588493,-0.028949368296477297
2000-10-04,12.368339764838968,12.368339764838968,11.407069540429168,11.743514060974121,1958482,-0.021594032782714805
2000-10-05,11.695459181165722,11.919755690392746,11.40707778930664,11.40707778930664,1683749,-0.029067071915707062
2000-10-06,11.407074355930222,11.663412649333704,11.2148197659001,11.326969146728516,1957177,-0.007047489113304643
2000-10-09,11.326968043780832,11.56728480795546,11.326968043780832,11.423094749450684,1084579,0.008450628992751699
2000-10-10,11.487179460069433,11.903729285973544,11.471157956005463,11.67943286895752,1334520,0.02219225914330232
2000-10-11,11.823619236359383,11.983831907068952,11.535239213009016,11.743514060974121,1453974,0.005471672892957698
2000-10-12,11.727496370728511,11.823623076398361,11.391051740914133,11.423094749450684,1322301,-0.027663932036259994
2000-10-13,11.487184088543758,11.631374203307635,11.182781188526215,11.455141067504883,997628,0.0028014694200637893
2000-10-16,11.695459515191857,11.887713008608493,11.551268235158984,11.871692657470703,1066311,0.03571816731560635
2000-10-17,11.8556633999332,12.224149794861571,11.83964189929338,11.967811584472656,1389324,0.008063879758537678
2000-10-18,11.983837772791526,12.24017608345147,11.407075123844042,11.583308219909668,1395730,-0.03265556255719125
2000-10-19,11.423096712500715,11.583308302806001,11.294926976268448,11.535244941711426,859431,-0.004157989222671322
2000-10-20,11.439118436056047,11.471161453954997,10.974505116253416,11.006546974182129,1499526,-0.046916850831898574
2000-10-23,10.942461118295528,11.455138919028718,10.830312885634209,11.166757583618164,1322064,0.014451016725899718
2000-10-24,11.198802859158025,11.342992975983426,10.734188327214449,10.862358093261719,974970,-0.027637865351606172
2000-10-25,10.862352001171685,11.006542037128902,10.253547693847235,10.413759231567383,1832503,-0.04217549180944062
2000-10-26,10.365696111607743,10.445801302224517,10.109356717706685,10.429780960083008,1272361,0.0015373330560720386
2000-10-27,10.38172478477728,10.541936454545711,10.157428215107343,10.52591609954834,1717200,0.009175148276445399
2000-10-30,10.557949607534969,10.878373853263993,10.557949607534969,10.702140808105469,1919929,0.016603380861508515
2000-10-31,10.686124990105865,10.766230224171247,10.493870340402276,10.589998245239258,787900,-0.010533803065783156
2000-11-01,10.638055958959663,10.766224497281517,10.606012954401884,10.702140808105469,1767853,0.01053380306578328
2000-11-02,10.766229073465075,10.910420335324043,10.670102338872598,10.686123847961426,983749,-0.0014977337708986945
2000-11-03,10.6220405064591,10.798273651991131,10.36570212384823,10.493870735168457,641637,-0.01815471599492631
2000-11-06,10.445809357131337,10.461830871596998,10.061301129749927,10.221512794494629,1532740,-0.026296750447549505
2000-11-07,10.237531068369437,10.333657804794147,9.965171208519246,10.04527759552002,1340214,-0.017391963687239817
2000-11-08,9.997214631470476,10.109362894835762,9.96517276763916,9.96517276763916,1125148,-0.008006342119243687
2000-11-09,9.99721200009335,10.253551483154297,9.981191652379653,10.253551483154297,1150890,0.0285278407739042
2000-11-10,10.301616821916664,10.750209843335947,10.285595311160154,10.477849960327148,1086714,0.02163936965475426
2000-11-13,10.54193541945979,10.974508161329073,10.39774527881707,10.798274993896484,3686951,0.03012289719767049
2000-11-14,10.814436610221405,10.814436610221405,10.087008159675376,10.119338989257812,3302728,-0.06493805412672929
2000-11-15,10.13550286076931,10.377978193771451,10.05467696950929,10.29715347290039,1743654,0.017419150727245286
2000-11-16,10.345647246961216,10.62045337028988,10.297152186419547,10.523463249206543,1020996,0.021739864145149123
2000-11-17,10.604292653085723,10.733613652022541,10.491137071613341,10.717448234558105,794781,0.018265730154651154
2000-11-20,10.765944904366297,10.879100502527315,10.7012843953615,10.749780654907227,690391,0.0030122606847420405
2000-11-21,10.620453302930839,10.652782952957299,10.20016083025401,10.361812591552734,727758,-0.0367581680687178
2000-11-22,10.329485684692422,10.523467169511799,10.24865977342037,10.442641258239746,844958,0.007770362439043952
2000-11-24,10.426476696407393,10.426476696407393,10.248660613347395,10.313321113586426,272835,-0.01246117291445376
2000-11-27,10.313320369579758,10.313320369579758,10.087009220263992,10.200164794921875,733926,-0.011032495102096734
2000-11-28,10.216334282453834,10.442645521950904,10.151673761113281,10.377985000610352,870107,0.017282859113517544
2000-11-29,10.361815769907532,10.507300995235552,10.313319524409026,10.329484939575195,491578,-0.004684314390972831
2000-11-30,10.345650013002896,10.442640160017788,9.973852498797264,10.151668548583984,1177224,-0.017364340246692925
2000-12-01,10.20016469481284,10.458806674572006,9.990018964050453,10.442641258239746,893001,0.02825946354069862
2000-12-04,10.507301097531222,10.668951739599187,10.183999813395289,10.248659133911133,886002,-0.01875066371771352
2000-12-05,10.248658149117972,10.280988976658403,10.05467786543164,10.087007522583008,1102610,-0.015898668980918282
2000-12-06,10.087012249547534,10.200167858187772,9.779876266318098,9.844536781311035,1508066,-0.024331552020278983
2000-12-07,9.876864111167079,10.02234935760498,9.876864111167079,10.02234935760498,774970,0.017900875178270284
2000-12-08,10.022346228820412,10.297153559173536,9.909191852730673,10.216327667236328,1173428,0.019169657142181832
2000-12-11,10.47497177898933,10.47497177898933,10.232496366079648,10.313321113586426,1466074,0.009449179484004658
2000-12-12,10.377980558256082,10.620457116892238,10.377980558256082,10.55579662322998,1112930,0.023238780367047986
2000-12-13,10.410311188962138,10.749777896332292,10.410311188962138,10.668951988220215,929419,0.01066268808549777
2000-12-14,10.668948363164933,10.73360883360666,10.216326240461644,10.361812591552734,541163,-0.029210657977136036
2000-12-15,10.119337132479194,10.474967999907973,10.119337132479194,10.280987739562988,1307236,-0.007830843075748098
2000-12-18,10.280988451593673,10.58812427520752,10.280988451593673,10.58812427520752,1082681,0.029436682633374272
2000-12-19,10.52346707091727,10.862932617989532,10.52346707091727,10.685117721557617,1356940,0.009118884510451583
2000-12-20,10.604289987226357,11.089241855741228,10.604289987226357,11.008417129516602,1432384,0.029808267609245154
2000-12-21,11.00841631728533,11.153901515988782,10.959921251050847,11.137737274169922,1480308,0.011678922868674474
2000-12-22,11.105406440025682,11.121571852219333,10.830600284678377,11.089241027832031,496204,-0.004363735154202621
2000-12-26,11.153906046363895,11.574198741754365,11.105410960432192,11.412548065185547,793950,0.02873809604464895
2000-12-27,11.461043151117249,11.606528408912357,11.331722141706424,11.412548065185547,487663,0.0
2000-12-28,11.380214252340803,11.380214252340803,11.218563618034695,11.283224105834961,423843,-0.011396427323450333
2000-12-29,11.331720987037944,11.364051821290948,11.15390490981434,11.202401161193848,420996,-0.007188885499867429
2001-01-02,11.25088869090318,11.267052926791393,10.911422181422877,11.040741920471191,948280,-0.014535903183071188
2001-01-03,11.105408224517644,11.31555393524693,9.925357522930607,10.119338989257812,1469395,-0.08714389707312448
2001-01-04,10.119335730422316,10.167830788789463,9.165596461498412,9.699043273925781,4550297,-0.042421095368156934
2001-01-05,9.634385659229906,9.779871453775012,9.472734451293945,9.472734451293945,2669158,-0.023609634756133473
2001-01-08,9.488902140531836,9.79603863148293,9.488902140531836,9.634387969970703,1427284,0.016921163974895206
2001-01-09,9.569725468499596,9.602055711074778,9.246424213136853,9.327249526977539,1352788,-0.03239860573552169
2001-01-10,9.391909931320134,9.47273465927087,8.87462722495699,9.181763648986816,1182918,-0.015720867768128484
2001-01-11,9.24642350076111,9.24642350076111,8.228023571479282,8.389674186706543,3784579,-0.09021761860814988
2001-01-12,8.470504085177078,8.906961685076038,8.30885338233812,8.793806076049805,2321471,0.047045932469755664
2001-01-16,8.809965763771634,8.82613117572546,8.32501393865731,8.615984916687012,1861803,-0.020428429431686785
2001-01-17,8.632151436284321,8.72914217144457,8.470500796211821,8.56749153137207,1921945,-0.005644202929410504
2001-01-18,8.53515900205128,8.95545090487367,8.502828765650415,8.809965133666992,1960024,0.02790849604771495
2001-01-19,8.809967509224919,8.97161873481758,8.551326718665825,8.729142189025879,1036655,-0.009216377465042475
2001-01-22,8.84229650413817,9.19792856496491,8.793801435914343,9.100937843322754,1320166,0.04171036302914003
2001-01-23,9.036280837806371,9.327252529453292,9.036280837806371,9.084775924682617,1344958,-0.0017774306910675994
2001-01-24,9.084770442555518,9.472732073842797,9.020110560803888,9.375741958618164,1441756,0.03152567375024861
2001-01-25,9.537396696409836,9.828368339254233,9.472736201290052,9.569726943969727,1626690,0.020478961579756563
2001-01-26,9.440406593893204,9.893028891977906,9.391911514868308,9.71521282196045,2466785,0.01508831656441954
2001-01-29,9.717152175208975,10.02234812782302,9.717152175208975,9.789571762084961,1172242,0.007624724082505668
2001-01-30,9.854235051914904,9.854235051914904,9.642148766101826,9.668012619018555,1283037,-0.012494945128112563
2001-01-31,9.668008202038042,9.784396949976207,9.466268251793418,9.750773429870605,1364294,0.008523839928113956
2001-02-01,9.750774456277805,9.799916754372184,9.505065306584136,9.595589637756348,1398932,-0.016043027826464353
2001-02-02,9.634389041452605,9.786987343751507,9.634389041452605,9.735259056091309,1239027,0.014450669087591439
2001-02-05,9.799919877487762,9.911135553239253,9.763709782362426,9.825783729553223,827639,0.009255674219918141
2001-02-06,9.87750950497647,10.04303880849381,9.841298836017591,9.918890953063965,908422,0.00943119247527989
2001-02-07,10.280995143969117,10.552568874429303,10.190470177019131,10.3301362991333,1729893,0.04062436157899196
2001-02-08,10.394792955082576,10.692231018346657,10.394792955082576,10.635330200195312,1469514,0.029116019074088652
2001-02-09,10.635331143764585,10.785342298528125,10.549979323770469,10.666367530822754,809253,0.002914073139425693
2001-02-12,10.733612705658423,10.875865323791022,10.428416158203227,10.622396469116211,1852550,-0.00413092317012192
2001-02-13,10.604288108521851,10.72843593340308,10.412893252566084,10.529282569885254,2980308,-0.008804454772790935
2001-02-14,10.62456532052882,10.796855945699251,10.470547764502188,10.556693077087402,2404152,0.002599881845726411
2001-02-15,10.55669744552732,10.611516675643323,10.415732867178516,10.593243598937988,1243535,0.003456327912193881
2001-02-16,10.65067427355775,10.79424945553745,10.548866460200168,10.715934753417969,1588731,0.01151546138901205
2001-02-20,10.598461859260347,11.055292193281597,10.598461859260347,10.94043254852295,938078,0.020733471511400457
2001-02-21,11.055288742871404,11.303282207867504,10.937818527221678,10.93781852722168,1092645,-0.0002389607199092836
2001-02-22,10.872558114573216,11.172760204011057,10.796855235773707,10.963923454284668,829419,0.002383823117544267
2001-02-23,11.00308299788713,11.0866177100722,10.590629470520604,10.778582572937012,1635350,-0.017049126770890093
2001-02-26,10.768141042608145,11.029186420716409,10.637617762918866,10.89344310760498,970819,0.010599988375262652
2001-02-27,10.950873090987994,11.091837620923243,10.898664487085064,11.065733909606934,902135,0.015692239955210206
2001-02-28,11.042241559224955,11.10750321149148,10.841235386739132,10.966537475585938,832859,-0.009004709733527775
2001-03-01,10.898664308332533,11.044850050641529,10.728984281207948,10.85950756072998,1272361,-0.009807619530254828
2001-03-02,10.820348280885527,10.963923397925615,10.7133204808123,10.90388298034668,813998,0.0040779933650479635
2001-03-05,10.93782598631325,10.974372143046617,10.76031405714405,10.838628768920898,695611,-0.006002471848895578
2001-03-06,10.833397018020511,10.83600762400173,10.632390988893691,10.81251335144043,847687,-0.0024123836054822756
2001-03-07,10.775977961183086,10.911721338494816,10.640233402600504,10.79686164855957,1406168,-0.0014486032675991678
2001-03-08,10.794242795212329,10.896050545751912,10.74203302601411,10.882997512817383,866667,0.007946206370634961
2001-03-09,10.890835093257385,10.963927391272938,10.807300363370713,10.94304370880127,718861,0.00550226647749246
2001-03-12,11.052684019595288,11.081399527743471,10.914330057653633,10.924771308898926,1542942,-0.0016711687144012933
2001-03-13,10.924766012941568,11.128382716860045,10.820347644753914,11.055289268493652,2297865,0.011876172332680804
2001-03-14,10.943043615566367,11.000474627827073,10.755091656193281,10.990032196044922,1948636,-0.005920282283678282
2001-03-15,11.120557082820861,11.27718413160154,11.029190516851644,11.112725257873535,1190273,0.01110217332169459
2001-03-16,10.963923454284668,11.120551607214535,10.88560996845481,10.963923454284668,1258244,-0.0134806744432945
2001-03-19,11.19887045213259,11.217143528819248,10.92738254757093,11.039632797241211,980664,0.006881582310265507
2001-03-20,11.068345709328801,11.172764120797495,10.924770541218166,10.990032196044922,855991,-0.004503081188665578
2001-03-21,10.85951036019301,11.193648104623195,10.739428297816344,10.773365020751953,1204982,-0.019911811724536498
2001-03-22,10.85950821630412,10.950873572468916,10.076369673165171,10.34002685546875,1728470,-0.04105441994552652
2001-03-23,10.050268835306621,10.285209402303325,9.78922218583824,10.259105682373047,1586833,-0.007856795834824428
2001-03-26,10.467936212401828,10.747255801290226,10.467936212401828,10.697656631469727,1164887,0.04185904059498002
2001-03-27,10.75509051918383,11.091838826958181,10.75509051918383,11.057903289794922,902254,0.033120691076726765
2001-03-28,11.08139361425026,11.19625322300783,10.93259729919658,11.193642616271973,1411269,0.01220059144018567
2001-03-29,11.14665643300578,11.433806666932842,11.016133169849791,11.42597484588623,1417794,0.020543265224889723
2001-03-30,11.47296562788452,11.942847812318004,11.47296562788452,11.812324523925781,2374496,0.03325417877256907
2001-04-02,11.87758842813788,12.117751371727548,11.67136220749893,11.91674518585205,1939976,0.008801131880620587
2001-04-03,11.916744078523692,12.321365839422828,11.760117062221113,12.237831115722656,2823843,0.02658749548240134
2001-04-04,12.23783430878202,12.323979662733421,12.055102348327635,12.055102348327637,3455279,-0.015044063243777807
2001-04-05,12.002892142755087,12.002892142755087,11.752287914598291,11.838433265686035,2063701,-0.018136706544583117
2001-04-06,11.877587379878985,11.982005784991506,10.937822915136804,11.368548393249512,3500830,-0.040500665453739995
2001-04-09,11.577379760409604,11.874971189115838,11.459909552862666,11.694849967956543,1627758,0.028297941506861227
2001-04-10,11.851485561600605,12.136025318101574,11.851485561600605,11.96373462677002,1149348,0.022731388323021066
2001-04-11,12.008108691144745,12.028992368705609,11.707906564501275,11.877585411071777,1189324,-0.007226914492434426
2001-04-12,11.8801953695282,12.008108035260669,11.83842801668781,11.88802719116211,1027639,0.0008787302003946565
2001-04-16,12.20389124152802,12.4127267953151,12.201280634681046,12.26915168762207,1535943,0.03155634396873178
2001-04-17,12.517147170794347,12.84084475269423,12.4910434606773,12.77036190032959,1844247,0.04003889030811128
2001-04-18,12.856510011138248,13.049684359384724,12.36835469676077,12.851288795471191,2455160,0.006317092151657328
2001-04-19,12.851288233849115,12.916549883023743,12.702491862734234,12.814742088317871,2320641,-0.002847867831169244
2001-04-20,12.778192329862144,12.997470322321096,12.728593159757438,12.846064567565918,1631554,0.002441271252646759
2001-04-23,12.869563319048572,13.026191537813974,12.699884422186136,12.767755508422852,2434164,-0.006114613353163149
2001-04-24,12.814740699843473,12.987031340495202,12.733816594390772,12.79124641418457,1744365,0.0018381713376171976
2001-04-25,12.660724311247817,12.838234985502375,12.645060666628325,12.79124641418457,1704270,0.0
2001-04-26,12.895662178387482,13.104498918069636,12.84345358410199,13.023574829101562,1839620,0.018000100456303743
2001-04-27,13.052290489479672,13.070563556775072,12.504093745537277,12.639838218688965,2700356,-0.029907574059180486
2001-04-30,12.639844876897161,12.94787893878231,12.50410033224021,12.934825897216797,2030605,0.02306976624407146
2001-05-01,12.934825551880973,13.169767299809664,12.934825551880973,13.057517051696777,2883393,0.00944063149386319
2001-05-02,12.934824275137471,12.95309734976694,12.491046905517578,12.491046905517578,1383867,-0.044351847098549724
2001-05-03,12.308316582348812,12.41273382776504,12.112531589334226,12.253496170043945,1431079,-0.019200842214155533
2001-05-04,12.188228053843499,12.308310066920914,12.125577030995762,12.185617446899414,1218743,-0.005554939410228981
2001-05-07,12.347469049356203,12.347469049356203,12.138632268630788,12.196062088012695,689680,0.0008567614661018944
2001-05-08,12.047270475603433,12.08381663129649,11.864538515867363,11.96895694732666,762278,-0.01879674309385286
2001-05-09,11.955904859564024,12.08642701045901,11.92979995687672,12.036828994750977,1240214,0.0056546557933541035
2001-05-10,12.070763936271897,12.070763936271897,11.825380934615787,11.98200798034668,711625,-0.004564842973607762
2001-05-11,11.987229773782467,12.07076451719805,11.929799933001943,12.044659614562988,1136773,0.005215186498050692
2001-05-14,12.053872123390633,12.303897817502934,12.053872123390633,12.22757339477539,2572716,0.01507213966098365
2001-05-15,12.13282317787036,12.185459583848335,12.014389180257858,12.017021179199219,1277343,-0.01736943948438466
2001-05-16,12.027550797458522,12.303895241233041,11.895957978337341,12.290735244750977,1467023,0.022521670058356646
2001-05-17,12.303894529839246,12.317053334610577,12.13282411306274,12.180197715759277,818861,-0.009034251451490642
2001-05-18,12.180198127403015,12.30389494566346,12.080186920341482,12.214411735534668,932740,0.0028050493923711026
2001-05-21,12.214409982629821,12.498649185724034,12.214409982629821,12.451276779174805,1082325,0.019206625833394917
2001-05-22,12.461798618035456,12.564440577750617,12.330205873395823,12.403898239135742,676631,-0.0038123728670743304
2001-05-23,12.435483963127545,12.606554349814518,12.340737965349165,12.49338436126709,806406,0.0071884557771741
2001-05-24,12.553919217942367,12.646033226350005,12.461804018584978,12.556550025939941,1231791,0.005043190738534151
2001-05-25,12.501280017472995,12.503912016082738,12.01438766651118,12.156508445739746,988256,-0.032377742934713946
2001-05-29,12.05387220548129,12.132827437643904,11.764367702634765,11.922279357910156,1243179,-0.01945583625271623
2001-05-30,11.817003419562404,12.080187881472156,11.817003419562404,11.935436248779297,1091578,0.0011029465200952959
2001-05-31,11.93542788009647,12.145975778375822,11.93542788009647,12.12755298614502,986477,0.015968159040164662
2001-06-01,12.127563871223073,12.127563871223073,11.843324548901908,11.988076210021973,681851,-0.011567463591621809
2001-06-04,11.988068820420773,12.067024006735405,11.89595364242072,11.974908828735352,716726,-0.001098976825346747
2001-06-05,11.974911996870004,11.974911996870004,11.119561139950719,11.251153945922852,2653618,-0.06234283344011801
2001-06-06,11.264313538289432,11.316951140741185,10.753735463826713,10.911645889282227,3550297,-0.030640047281953818
2001-06-07,10.948488091076971,11.07744766195032,10.932696102401179,10.959014892578125,1791578,0.0043317463370470145
2001-06-08,10.969544895131522,11.119560494682379,10.914276491486351,11.080082893371582,1024081,0.010986767226183353
2001-06-11,11.080082104438155,11.364322480966768,11.080082104438155,11.330107688903809,1274140,0.022314417109984244
2001-06-12,11.303791613288931,11.47223004259791,11.253787198931528,11.314319610595703,1290036,-0.0013944341057996054
2001-06-13,11.264312057665833,11.303789658840627,9.672043847991993,9.86943244934082,10635350,-0.136626796454225
2001-06-14,9.89575170440358,9.89575170440358,9.214102671021106,9.453600883483887,4071174,-0.04304663439491709
2001-06-15,9.34306395532443,9.548347977831517,9.171993539585248,9.177257537841797,3829419,-0.029667297952135706
2001-06-18,9.079881081417179,9.198314520035684,8.895651817321777,8.895651817321777,2490036,-0.03116581934292681
2001-06-19,8.816690687242378,8.90880526385597,8.566665152659187,8.777213096618652,3773784,-0.01340365520583237
2001-06-20,8.698257605481801,8.829849768030936,8.329798716679676,8.424545288085938,2941993,-0.041009439255168936
2001-06-21,8.39560045254582,8.474555681358138,8.040300731940274,8.16926097869873,2373191,-0.03077105374442107
2001-06-22,8.169260060244397,8.31664369323405,8.092936839766713,8.271902084350586,1979004,0.012486031400842675
2001-06-25,8.248213495923132,8.34296008979497,7.9902919148679405,8.040297508239746,1549585,-0.02839839467911062
2001-06-26,7.895544630357275,8.02713680267334,7.83238024473163,8.02713680267334,2672835,-0.001638184199787507
2001-06-27,8.106093709712342,8.277164106007145,8.066616109175033,8.264004707336426,2885053,0.029081399617900683
2001-06-28,8.329801597922062,8.435075602565064,8.245582394207661,8.29295539855957,3450178,0.0034971058144668975
2001-06-29,8.23768796309683,8.566668819752756,8.214001160393217,8.47718620300293,3147805,0.02197217180594186
2001-07-02,8.42191681973414,8.48771322632208,8.358752412323701,8.41928482055664,1506406,-0.006853692586576835
2001-07-03,8.421919318260219,8.435078722576785,8.290327061519866,8.303485870361328,559549,-0.013849475455932687
2001-07-05,8.329802025794589,8.421916635720097,8.256110218759199,8.300851821899414,1568209,-0.00031727233363088394
2001-07-06,8.356119802007896,8.540349607885199,8.356119802007896,8.527190208435059,1779478,0.02690176743674228
2001-07-09,8.645626110010392,8.671944321038366,8.421918636634873,8.55087947845459,1645314,0.002774234517988593
2001-07-10,8.645621185007379,8.777213356135496,8.585088202723224,8.6061429977417,1533215,0.006442109694371612
2001-07-11,8.671943103187083,8.67457510256277,8.421917453896143,8.437708854675293,1362515,-0.019765441291156666
2001-07-12,8.371910461136245,8.371910461136245,8.185049268250165,8.195576667785645,1194306,-0.02911623107175096
2001-07-13,8.224527148124482,8.274532148754654,8.100830348232796,8.21399974822998,867734,0.002245406915792335
2001-07-16,8.158731256201033,8.392966067257738,8.092935449383608,8.135045051574707,1183867,-0.009658706234167456
2001-07-17,8.040296198547363,8.142938176320357,7.998186608130267,8.02713680267334,1295730,-0.013353376829988928
2001-07-18,8.013982133687074,8.103465363840666,7.869230480118104,7.908708095550537,974140,-0.014863458846069162
2001-07-19,7.935025383464633,7.961343590221957,7.763954955379673,7.8429107666015625,1006168,-0.008354406264412119
2001-07-20,7.8692292727422055,7.913970880954296,7.711318239765692,7.737637042999268,1624318,-0.01351368731989354
2001-07-23,7.737635523051874,7.816590726293024,7.395494721073918,7.466555118560791,1917675,-0.035662618785682026
2001-07-24,7.448130625735459,7.450762624249497,7.100727068024922,7.369175434112549,3131910,-0.013127912056623784
2001-07-25,7.369174750143568,8.040296198547363,7.369174750143568,8.02713680267334,3378410,0.08552208327268065
2001-07-26,8.027137756185658,8.529820902632833,8.027137756185658,8.500870704650879,3989561,0.05734069227247756
2001-07-27,8.51403080898492,8.632464213086408,8.158731192155338,8.527190208435059,2071530,0.0030913120264338557
2001-07-30,8.474549866756208,8.498236657337824,8.290320728948343,8.366643905639648,1383155,-0.019007069093340153
2001-07-31,8.364015054139912,8.42981085458167,8.285059259945044,8.290323257446289,1482325,-0.009163874976891447
2001-08-01,8.3429594039917,8.408755197721408,8.290322411723071,8.3429594039917,1208897,0.006329035983959543
2001-08-02,8.379804541078943,8.448232925011178,8.290321956869178,8.371909141540527,1397272,0.0034639538345430606
2001-08-03,8.39559856779282,8.44823557367608,8.224528149803497,8.316642761230469,1565480,-0.006623292741922061
2001-08-06,8.277168751183476,8.285064156626897,8.092939448302667,8.145576477050781,1178766,-0.02078364277287729
2001-08-07,8.185048454956162,8.27189904588799,8.163993657977274,8.211366653442383,1410795,0.008044355311250799
2001-08-08,8.158728955597685,8.290321723075701,8.148201558018432,8.17188835144043,2031435,-0.004819357130323511
2001-08-09,8.185047265082636,8.264002444538233,8.092932690559545,8.23768424987793,909727,0.008019252254539058
2001-08-10,8.2771676572033,8.342964083311028,8.171893613620975,8.303485870361328,593713,0.007956144227950787
2001-08-13,8.277170133374637,8.319279763404948,8.15873665004557,8.166632652282715,639858,-0.016618747167388998
2001-08-14,8.210586350829365,8.24521910161461,8.17861779689517,8.218578338623047,4734045,0.006340578757248646
2001-08-15,8.258536572662264,8.271856950435923,8.088037665989182,8.09869384765625,957533,-0.014694447304642097
2001-08-16,8.085374112047818,8.151974795722108,7.992132672696368,8.061397552490234,1195255,-0.0046158602030853015
2001-08-17,7.952172519669986,8.04275037682926,7.930860153604202,7.976149082183838,785647,-0.010631211264935842
2001-08-20,7.909548799867586,7.978814299826244,7.8909006278631235,7.941517353057861,971174,-0.004351364430335812
2001-08-21,7.992131231239044,8.026763363510089,7.909545385742441,7.925529956817627,1239027,-0.0020151703512685084
2001-08-22,7.925532492271094,7.992133787998901,7.909547916082289,7.954836845397949,1148754,0.003690962836875609
2001-08-23,7.978811387498246,8.053404651048435,7.965491011174476,8.045412063598633,1196916,0.011321847083746252
2001-08-24,8.018771631332362,8.11201305679683,8.018771631332362,8.104021072387695,812930,0.007258368217380653
2001-08-27,8.112013266504347,8.285176348814318,8.096029297272871,8.231895446777344,789680,0.015655930434020422
2001-08-28,8.258535913118278,8.365097721278705,8.210583400825712,8.290504455566406,1156465,0.007094520767211262
2001-08-29,8.29050238558575,8.322470920051943,8.066722644322397,8.090699195861816,1202372,-0.024395663876733663
2001-08-30,8.050740455231834,8.138654095105794,8.008115733203155,8.045412063598633,779122,-0.005613155541878613
2001-08-31,7.965491046216422,8.058732475374539,7.872249617058304,8.008115768432617,1333452,-0.004646500464990848
2001-09-04,8.034752753318731,8.162626869594037,8.018768790163817,8.122666358947754,454448,0.014202971094815494
2001-09-05,8.17861431363581,8.17861431363581,7.96549071151019,7.9681549072265625,869276,-0.019205508339406818
2001-09-06,7.9388534957547,8.098695653645828,7.898892353522483,8.032094955444336,1246026,0.00799242376015421
2001-09-07,8.058733219982509,8.069389401521164,7.9388516297421114,8.013444900512695,1213642,-0.0023246414265570823
2001-09-10,8.016109402446277,8.042750160692266,7.912211771357518,7.9814772605896,813523,-0.003997228891217652
2001-09-17,8.04541467977507,8.04541467977507,7.699089002054838,7.832291603088379,834994,-0.01886837790500342
2001-09-18,7.832288847725393,7.832288847725393,7.6458053924343385,7.675110340118408,906406,-0.02027246686611017
2001-09-19,7.699086097423219,7.776343552765402,7.400713058765746,7.549899578094482,993357,-0.01644840767474077
2001-09-20,7.52592636554497,7.752369819907258,7.406044146744132,7.6697845458984375,1404508,0.015754262231141597
2001-09-21,7.272840930872472,7.619166545971323,7.272840930872472,7.446003437042236,1164413,-0.02961108744277246
2001-09-24,7.4859604244479865,7.547233894266295,7.326118372209548,7.350094318389893,954686,-0.012964291469797114
2001-09-25,7.326123190128585,7.3660837294676655,7.246201508690991,7.363419532775879,930130,0.0018112896978732934
2001-09-26,7.312803066173208,7.326123447340375,7.075702812987328,7.152960300445557,1049941,-0.028998136219979265
2001-09-27,6.953153326001384,7.067707096986157,6.793310644595024,6.94516134262085,1329656,-0.029481091638958873
2001-09-28,6.979794554613718,7.1103329153750074,6.902537698681649,7.011763095855713,1916370,0.009543973541769113
2001-10-01,7.112997620695158,7.112997620695158,6.897209801164306,6.926514148712158,1009134,-0.012232503150534108
2001-10-02,6.958478965432005,7.038400582837349,6.93183882813619,7.006432056427002,1674021,0.011471914554385083
2001-10-03,7.006429786070723,7.374067419281329,6.9797890546485934,7.31545877456665,1550771,0.04316115710507773
2001-10-04,7.379402684045474,7.525925035145247,7.304809410407132,7.432682991027832,944603,0.01589714650819231
2001-10-05,7.491293621938551,7.589863473134922,7.408708347879705,7.5525665283203125,772123,0.016000547046897934
2001-10-08,7.52592460253836,7.64314259723209,7.3927220344613,7.464651107788086,555160,-0.011708750190095084
2001-10-09,7.507275511183406,7.509939707092921,7.384729732456768,7.4726433753967285,506050,0.0010701092330104992
2001-10-10,7.472644247162429,7.472644247162429,7.312801515332941,7.342105865478516,1748280,-0.017623097932571254
2001-10-11,7.3660852959215655,7.619169569235278,7.3660852959215655,7.589865207672119,967734,0.03318812791838092
2001-10-12,7.525927930401765,7.619169407630257,7.366085139684544,7.531255722045898,749110,-0.007752041585488744
2001-10-15,7.432684158360254,7.640480040367602,7.432684158360254,7.592526912689209,771530,0.008102672108433752
2001-10-16,7.6591267007436965,7.765688515950504,7.4992839779334854,7.693759441375732,597865,0.013245075525825675
2001-10-17,7.7257247637216055,7.792325418378842,7.555225930501725,7.6537957191467285,540332,-0.00520784087554502
2001-10-18,7.6458066997053935,7.672447456198786,7.379402751327399,7.446003437042236,675919,-0.027524260176876952
2001-10-19,7.446000073300886,7.63248347623252,7.299477787056848,7.547234058380127,532028,0.013503709208787356
2001-10-22,7.549901196165383,7.7283920979260685,7.419363415845696,7.6777753829956055,605931,0.01714869527151502
2001-10-23,7.805648575789963,7.82962513345709,7.427354455971991,7.4726433753967285,959075,-0.027081039462460713
2001-10-24,7.592523787801884,7.592523787801884,7.152956846381252,7.240870475769043,954211,-0.03150737143383324
2001-10-25,7.179599123389771,7.552565507318896,7.179599123389771,7.539245128631592,1034875,0.04038063081165018
2001-10-26,7.539244641815467,7.659126836741615,7.32878520373486,7.605845928192139,1396204,0.008795091244801212
2001-10-29,7.59252578947793,7.59252578947793,7.40604290506147,7.446003437042236,889798,-0.02123971564045981
2001-10-30,7.4593186810186864,7.496614991127093,7.352756933910513,7.4060378074646,1111862,-0.005381849590149162
2001-10-31,7.472644193535629,7.509940529315193,7.40604290506147,7.446003437042236,1741637,0.00538184959014914
2001-11-01,7.432682991027831,7.4566595511014135,7.326121774303801,7.432682991027832,923132,-0.001790541071971807
2001-11-02,7.459324552259466,7.459324552259466,7.219560733927222,7.3341145515441895,923369,-0.013350207201894088
2001-11-05,7.366082065496398,7.632486605509503,7.366082065496398,7.523260593414307,775089,0.025462944766396746
2001-11-06,7.472643695859392,7.5046122398667725,7.336777534517844,7.464651107788086,1024674,-0.00782094070769974
2001-11-07,7.432681276835954,7.5658838218494235,7.392720754435583,7.424689292907715,1209846,-0.005367855090880559
2001-11-08,7.4726424019955004,7.619164719302977,7.403376933926294,7.424689292907715,1103796,0.0
2001-11-09,7.4273558096239025,7.539245427863863,7.368747105488534,7.390059471130371,1139027,-0.004675055298168977
2001-11-12,7.326114946583751,7.406035935332632,7.246193355076118,7.31545877456665,810083,-0.010146032975945622
2001-11-13,7.326122232514286,7.368746962973577,7.13164674910393,7.2462005615234375,4216607,-0.00951247844667267
2001-11-14,7.293471994007645,7.304277143135232,7.204329360908672,7.288069725036621,6498814,0.005761455994144965
2001-11-15,7.288069055602727,7.306977912042776,7.077368361375596,7.209731578826904,779478,-0.01080700542119894
2001-11-16,7.225940876549021,7.347498977510167,7.207032015186472,7.304278373718262,1584460,0.013028533476588725
2001-11-19,7.331288282993434,7.355599403381348,7.077367043508259,7.355599403381348,1177343,0.007001591704846206
2001-11-20,7.293473098401474,7.471758391595773,7.2772656778487,7.369109153747559,1540332,0.0018349774604457508
2001-11-21,7.428540203075125,7.428540203075125,7.0503598034229045,7.296176910400391,946738,-0.009946324168361269
2001-11-23,7.252953935833908,7.385317185485963,7.198928182015276,7.369109153747559,206762,0.009946324168361326
2001-11-26,7.30697845899521,7.355601323649994,7.190823260644673,7.261056423187256,779953,-0.01477149314774722
2001-11-27,7.1584115137232915,7.436644090040144,7.131398321808689,7.363709449768066,756465,0.014038476015508705
2001-11-28,7.363706125687214,7.398822403664033,6.985525887899577,7.009837627410889,1293832,-0.049249269317892475
2001-11-29,7.0206413916475565,7.080069397408494,6.950407627182324,6.969316482543945,1327995,-0.00579738345252689
2001-11-30,7.044949238640263,7.115182970440487,6.8963786821511555,6.9017815589904785,1042112,-0.009737579100280232
2001-12-03,6.780225706025703,6.872069751975568,6.693784538630705,6.812641143798828,1831198,-0.012999697100726657
2001-12-04,6.80183859588096,6.80183859588096,6.69918997598477,6.77752685546875,2307473,-0.005167613303028647
2001-12-05,6.955813291252994,7.009839050476123,6.88828093942766,6.928800106048584,1334520,0.02207438851267116
2001-12-06,6.955809619125078,6.9747184720743425,6.836953011581263,6.926095008850098,835113,-0.00039048974538258546
2001-12-07,6.888283809925884,6.988231658935547,6.828855755608321,6.988231658935547,867141,0.008931379091410955
2001-12-10,6.928796670438795,6.928796670438795,6.628954008222363,6.680278301239014,1513760,-0.04506789414335148
2001-12-11,6.7532173317547395,6.7532173317547395,6.5641268553067365,6.618152618408203,1355872,-0.00934337820201987
2001-12-12,6.753216698019546,6.7775278307445,6.380438662008781,6.766722679138184,1662040,0.022200604709691166
2001-12-13,6.766719827405893,6.874771297932393,6.645162381452646,6.869369029998779,1081613,0.015055382715252695
2001-12-14,6.712697551039337,6.793736501284406,6.5641268553067365,6.618152618408203,1471174,-0.03725598742494392
2001-12-17,6.442569047887823,6.537113976133618,6.285894036567861,6.3858418464660645,1466192,-0.03573294201948352
2001-12-18,6.483085820124799,6.604643278161666,6.321008598223494,6.553318977355957,1777699,0.025888307089720803
2001-12-19,6.429061730436473,6.888280338155416,6.4182565795350195,6.836956024169922,2348873,0.04237097146391073
2001-12-20,6.807241224249618,7.009837627410889,6.720800027041015,7.009837627410889,1480308,0.024971930909086226
2001-12-21,7.125994632352803,7.125994632352803,6.7532171808741515,6.993631362915039,1479004,-0.002314608150644118
2001-12-24,6.942305917969484,7.050357424265054,6.928799326886131,7.007136821746826,216370,0.0019292460017320738
2001-12-26,7.050354890613838,7.171912944309043,7.007134303627579,7.093575477600098,463701,0.012260336467243558
2001-12-27,7.093577130571397,7.239446340048298,7.055758802553154,7.225939750671387,620759,0.018487782734899094
2001-12-28,7.158406752896263,7.266458226321412,7.107082455815676,7.2421464920043945,841756,0.002240344415955438
2001-12-31,7.212436610582326,7.361007318634467,7.161112284176534,7.16381311416626,755991,-0.010875242194848816
2002-01-02,7.239446163177491,7.32048508627351,6.9287982822114005,7.23944616317749,1228470,0.010502309614503833
2002-01-03,7.266461553027429,7.266461553027429,7.0638651003996324,7.252954959869385,747687,0.001864259826876739
2002-01-04,7.212432865158983,7.2205365732914695,7.034147619131486,7.1178879737854,806168,-0.01879791797544734
2002-01-07,7.171916623292553,7.271863823579216,7.07737108237196,7.252954959869385,779004,0.01879791797544742
2002-01-08,7.252952422812271,7.255653862736069,7.144900937715378,7.1530046463012695,1237604,-0.013876467813944592
2002-01-09,7.090877942089439,7.171916892898395,7.0233455849462665,7.050358772277832,2030130,-0.014453993471698555
2002-01-10,6.996331349411024,7.0908762602758655,6.942305598747458,7.088174819946289,959668,0.00534937199812416
2002-01-11,7.077367963121119,7.08547228215551,6.953109072152485,6.977420806884766,860854,-0.0157485406319571
2002-01-14,6.990930733614235,7.071969691456695,6.893684350914759,7.058463096618652,830842,0.011547999529491988
2002-01-15,7.0638659025301855,7.252955783471858,7.050359307838413,7.16381311416626,857295,0.01481506094860354
2002-01-16,7.158406341210491,7.158406341210491,7.039549727278367,7.1043806076049805,700237,-0.008330816282732927
2002-01-17,7.077368373156025,7.117888137119196,6.955810914822961,7.020641803741455,583274,-0.011856941882568412
2002-01-18,6.982823545365947,7.090875027914225,6.917992655836979,7.071966171264648,1089324,0.007283902955778751
2002-01-22,7.071962400466553,7.0773646661207135,6.861262427436206,6.9017815589904785,462040,-0.024358966617621793
2002-01-23,6.861266178538517,6.9963302279549415,6.820746413646642,6.9152913093566895,748992,0.0019555161646885528
2002-01-24,6.928800924263243,7.007138437183996,6.888281752857454,6.920697212219238,358719,0.0007814263692400045
2002-01-25,6.920693325702511,6.953108766860462,6.812641855176011,6.869369029998779,468090,-0.007444259999411975
2002-01-28,6.834249265609916,6.901781558990479,6.782924991562161,6.9017815589904785,517438,0.004707317465483368
2002-01-29,6.955812386058784,6.969318365717697,6.715397636005795,6.739709377288818,816607,-0.023762770333312012
2002-01-30,6.739704621726701,6.799132601613018,6.593834888140426,6.7288994789123535,920759,-0.0016051992916271403
2002-01-31,6.73970631302639,6.842354889929305,6.712693143619096,6.774823188781738,1193476,0.006801663222105939
2002-02-01,6.753219342832013,6.820751108430191,6.7289075893999915,6.791037082672119,973547,0.002390397849669206
2002-02-04,6.788330186617933,6.8207456280867795,6.699188180967677,6.731603622436523,769632,-0.008790271697308597
2002-02-05,6.353425495786729,6.353425495786729,5.99685552604763,6.196751117706299,3295255,-0.08278825354585449
2002-02-06,6.118413910286298,6.21295882966191,5.675402714965957,5.715921878814697,2601186,-0.08076954856800186
2002-02-07,5.753737416230443,5.9968528923235915,5.713218272079144,5.880697727203369,1699526,0.028419823092944302
2002-02-08,5.875297349205936,6.0535820075143745,5.861790759750366,5.975244522094727,1173310,0.015949605220282676
2002-02-11,5.983346683000277,6.115709880805408,5.964437829366798,6.050879001617432,1167616,0.012578529832635585
2002-02-12,6.050881398159216,6.253477823066626,6.040076247348345,6.123816013336182,1105694,0.011981882787269919
2002-02-13,6.134621854768903,6.264283679096382,6.110310721096777,6.253478527069092,986240,0.020952439454819456
2002-02-14,6.260342768250477,6.271325831188189,6.021461304667511,6.059901714324951,1514709,-0.03144429206344265
2002-02-15,6.040680642607196,6.065392685982936,5.875934722183952,5.930850028991699,998458,-0.02152603461109477
2002-02-19,5.930849162920103,6.040679760497228,5.83474754535235,5.862205505371094,1011151,-0.011641647695096787
2002-02-20,5.903392464782034,5.903392464782034,5.642544922541615,5.7633585929870605,1334638,-0.017005505047566646
2002-02-21,5.766103892287712,5.788070014186885,5.645290843091259,5.7633585929870605,1162871,0.0
2002-02-22,5.60135969852765,5.702952566311594,5.560172745947254,5.623325824737549,1737129,-0.024597121205909296
2002-02-25,5.628815639277979,5.694714001442643,5.560171356710882,5.587629318237305,948873,-0.006368168756362518
2002-02-26,5.593119769232431,5.779831769709207,5.593119769232431,5.7661027908325195,923962,0.03144132224269231
2002-02-27,5.771594630882745,5.8374929839921945,5.711188117823519,5.7661027908325195,1250059,0.0
2002-02-28,5.779831970616966,5.821018287429796,5.670001378283489,5.711188316345215,1256228,-0.00956931265836917
2002-03-01,5.738646157599893,5.853967979049699,5.713934116843167,5.7935614585876465,1966904,0.014320094135692685
2002-03-04,5.8484772628248844,6.136782151881919,5.834748281084358,6.054409503936768,2708897,0.04403964259570848
2002-03-05,6.13678263631731,6.315257549285889,6.0818673262692124,6.315257549285889,1953144,0.042181688514586556
2002-03-06,6.337224058358761,6.545902249220946,6.2987836496139575,6.504715919494629,2691578,0.029558901205158493
2002-03-07,6.573359182885343,6.751834095500899,6.504715511397789,6.735359191894531,3142586,0.034843700659190416
2002-03-08,6.809492311788955,6.864407597418253,6.74084804944014,6.776543140411377,1483986,0.006095970062509901
2002-03-11,6.858916851918336,7.051120071644218,6.757323401992376,6.985222339630127,1371293,0.030329712583369375
2002-03-12,6.919327039982192,6.919327039982192,6.798513339016307,6.8094964027404785,1238553,-0.025478655459940314
2002-03-13,6.809494505913831,6.886375930567236,6.787528384584287,6.850680828094482,1194069,0.006029870541870041
2002-03-14,6.875393581568838,6.875393581568838,6.6447492837348205,6.69966459274292,938909,-0.022290573938678896
2002-03-15,6.864407943859312,6.944034646103905,6.699662078656832,6.79850959777832,1324555,0.014645947002812163
2002-03-18,6.729868675330575,6.878139717048724,6.713393770001272,6.864411354064941,1006524,0.009646878233232733
2002-03-19,6.8918674425873405,7.029155396095445,6.850681118659809,7.0071892738342285,915184,0.02058637153540138
2002-03-20,6.919326197291179,6.974241509224008,6.902851293086792,6.946783542633057,771412,-0.008657908299884555
2002-03-21,6.891870239233288,7.166446878918714,6.872650029767622,7.108785629272461,1088849,0.0230526788261424
2002-03-22,7.08132739679733,7.1993951818918935,7.0291573757969505,7.138988018035889,944009,0.00423960048071066
2002-03-25,7.125254684601417,7.1389830393703635,7.001695142939682,7.037390232086182,951839,-0.014333636365571488
2002-03-26,7.037396004452894,7.070345201172418,6.8644128769877115,6.960514545440674,916726,-0.010983995215697779
2002-03-27,6.960509016964348,7.100542836486294,6.908339652240291,7.09779691696167,1272954,0.019531041954291752
2002-03-28,7.042883082980171,7.221357948852036,7.037391864048934,7.081324100494385,705575,-0.002323532447198816
2002-04-01,7.081327811364444,7.100548019569185,7.001700435767239,7.026412487030029,784104,-0.007784649285241196
2002-04-02,6.919324075406323,7.009933846372229,6.864408780313857,6.938544273376465,1517319,-0.012584267141425312
2002-04-03,6.919326964441614,6.974242282462943,6.836953676785051,6.9028520584106445,913405,-0.005157325637101277
2002-04-04,6.902851764418122,6.974241985429909,6.8369533855991405,6.864411354064941,605101,-0.005584378404425862
2002-04-05,6.836953639984131,6.891868957709869,6.760072195168098,6.836953639984131,665480,-0.004008031440688696
2002-04-08,6.589835128257052,6.834207830183002,6.58159798577621,6.8094964027404785,1230605,-0.004024090398547069
2002-04-09,6.795766348074898,6.850681658051726,6.70515593130087,6.754580020904541,503084,-0.008097371347797299
2002-04-10,6.75457586493574,6.798508085886498,6.727117916217181,6.7902703285217285,1223843,0.005269957112410936
2002-04-11,6.790277212369686,6.793023134275037,6.666718181620493,6.691429615020752,714235,-0.014663207886881307
2002-04-12,6.696919040519416,6.743597211057314,6.658478632722847,6.7271223068237305,800237,0.005319914725602803
2002-04-15,6.69966309993125,6.713391458187556,6.611798625096158,6.633764743804932,544840,-0.013974982657291411
2002-04-16,6.639257437319431,6.729867852428318,6.633766217047187,6.68044376373291,1077343,0.007011939336559019
2002-04-17,6.699661814622701,6.89186500582645,6.666712642880733,6.842441558837891,728233,0.023960203949741642
2002-04-18,6.823219810139311,6.9440334233473795,6.78203350640328,6.9193220138549805,651839,0.011173168964926615
2002-04-19,6.919324657670896,6.963256897441789,6.856171597063536,6.933053016662598,1082088,0.0019824769795094787
2002-04-22,6.9797324417593005,7.0428848925636665,6.891867946292687,6.990715503692627,800712,0.008282645117691051
2002-04-23,7.0428843311100495,7.180172904956612,6.990714946397916,7.119765758514404,843060,0.018291913747163074
2002-04-24,7.147224297414262,7.147224297414262,7.001698571366116,7.031901836395264,1060854,-0.012417625069189265
2002-04-25,7.03190260095968,7.03190260095968,6.80400419618965,6.864411354064941,1019929,-0.02410691113320941
2002-04-26,6.911088830397936,6.974241908674596,6.834207389288579,6.856173515319824,1020878,-0.0012008000844566707
2002-04-29,6.905597213995702,7.029156199907764,6.905597213995702,6.946783542633057,687189,0.013129263319973704
2002-04-30,6.960512858129214,7.053868582246027,6.949529795218465,6.96875,756702,0.003157115829631812
2002-05-01,7.0071890688578655,7.125257438494889,6.891867240984405,7.059359073638916,1080190,0.012918395953061672
2002-05-02,7.015423711065646,7.0840673446655265,6.987965760626726,7.084067344665527,1166667,0.003493961849400392
2002-05-03,7.0511227425598655,7.1225129629279635,7.009936411481638,7.100546836853027,654093,0.002323573893657736
2002-05-06,7.097796083983174,7.119762195104761,7.03464366982078,7.111525058746338,695492,0.001544915358927368
2002-05-07,7.111529819969768,7.111529819969768,6.941292655426725,7.009936332702637,1360261,-0.014388097063589473
2002-05-08,6.941289646885541,6.946780865337966,6.768306015028356,6.872645378112793,1928826,-0.019779524218786912
2002-05-09,6.847935737240621,6.957766357194277,6.699664710927713,6.754580020904541,1267378,-0.01732829802485262
2002-05-10,6.757327024300161,6.809497047869403,5.66725893358957,5.900648593902588,9438197,-0.13515852036859455
2002-05-13,4.942375405227506,5.024748370064568,4.665053245588327,4.829799175262451,12681139,-0.20025738786015967
2002-05-14,4.7722848316185225,4.7722848316185225,4.3626708439187105,4.452449321746826,17374614,-0.08135053403968213
2002-05-15,4.208364118584732,4.603950048653763,4.208364118584732,4.466476917266846,11337367,0.0031455820377148994
2002-05-16,4.351448853193993,4.48892199875094,3.958667983901306,4.068085670471191,9444128,-0.09342739860840463
2002-05-17,3.9839171363133596,4.1073625150379955,3.823999418024618,4.011972904205322,10762515,-0.01388942117980793
2002-05-20,3.9418330617771633,4.303752284648631,3.9278053374661295,4.28411340713501,7127046,0.06563050809957921
2002-05-21,4.278500938915478,4.373890514041043,4.082110637186373,4.343029022216797,4242349,0.013658411568970023
2002-05-22,4.343031513927552,4.466476917266846,4.317781476485447,4.466476917266846,3467616,0.0280279001196631
2002-05-23,4.531006271843367,4.9097588144623945,4.472088976904771,4.867675304412842,5282918,0.08601653672588624
2002-05-24,4.867673898908148,5.148231609532938,4.797534629947414,5.120175838470459,4451483,0.05057230900958003
2002-05-28,5.055649713578222,5.072483183898001,4.800342239090452,4.881703853607178,3655397,-0.047694472657351786
2002-05-29,4.783506344982345,4.791923234572958,4.601144000949401,4.634810924530029,2507829,-0.05189890405149612
2002-05-30,4.573088042253821,4.819978804972306,4.573088042253821,4.741422653198242,1910913,0.02274182327607345
2002-05-31,4.699337621271919,4.859255618831251,4.643226098863525,4.772282600402832,2097272,0.00648749453907839
2002-06-03,4.769478084207246,4.769478084207246,4.587115443225738,4.674088478088379,2484698,-0.020790557238290045
2002-06-04,4.674089722186298,4.839618629932269,4.660061676504253,4.828396320343018,1854330,0.032480221977380944
2002-06-05,4.79753285090956,4.825588611568304,4.674087504011086,4.800338268280029,3692883,-0.005827999769239287
2002-06-06,4.797534458988874,4.797534458988874,4.716172567111525,4.747034072875977,1926216,-0.011166370675313357
2002-06-07,4.704950338589183,4.769478769519281,4.615171872871428,4.75545072555542,1636299,0.001771464003151414
2002-06-10,4.741423527309671,4.822785112236881,4.688117398654499,4.766673564910889,1077580,0.0023572144638585486
2002-06-11,4.853644873081813,4.876089166534058,4.752644124287919,4.850839138031006,1867141,0.017503012353393327
2002-06-12,4.895729343102217,4.901340496940079,4.6937278049392095,4.814367771148682,1331673,-0.007546975524204598
2002-06-13,4.769481035533061,4.943426578113033,4.744230671357856,4.881703853607178,1065480,0.013889576645607212
2002-06-14,4.822782283301713,4.881699214739185,4.738615011683345,4.8311991691589355,1206050,-0.01039959721812091
2002-06-17,4.867674789302704,5.005147933959961,4.831202438945427,5.005147933959961,733689,0.03537225752765244
2002-06-18,4.988312129812585,5.092118611764895,4.909755993293856,4.965867519378662,1405813,-0.007878960366493284
2002-06-19,4.909758744987515,4.988314925533365,4.780702480053205,4.80875825881958,1523250,-0.032149116659116364
2002-06-20,4.867673836680499,4.906951915665844,4.769478797912598,4.769478797912598,1198695,-0.008201860294304478
2002-06-21,4.601141532650285,4.73861457149448,4.4047512504509045,4.446835041046143,3032266,-0.07004441583999457
2002-06-24,4.474892902387627,4.488920627596347,4.093334460194358,4.202752113342285,3732977,-0.056453040626832436
2002-06-25,4.390726618239997,4.46367163147534,4.202753088982862,4.452449321746826,3553262,0.05771477836138016
2002-06-26,4.452448688071532,4.573088341788068,4.264474868175985,4.469282150268555,2594899,0.0037734488082181348
2002-06-27,4.531004226712722,4.587115442321887,4.382308505567171,4.570281982421875,1502728,0.02234710299152619
2002-06-28,4.5590599993130025,4.769478421688979,4.531004548213165,4.741422653198242,1713049,0.03676232254066239
2002-07-01,4.730200967123026,4.797534820345227,4.52258825302124,4.52258825302124,1219573,-0.04725277617182669
2002-07-02,4.488921258038665,4.536616228706745,4.309364318847656,4.309364318847656,1296204,-0.04829404889692158
2002-07-03,4.312168750676555,4.474892177609273,4.25044607149518,4.435614109039307,1052195,0.02887567154419514
2002-07-05,4.4608668392527475,4.516978399768345,4.362671767045969,4.502950668334961,663701,0.015066811015092234
2002-07-08,4.531004905625607,4.811562295272863,4.531004905625607,4.769478797912598,2160142,0.05750414627450076
2002-07-09,4.75264433524443,4.766672058948589,4.531003952026367,4.531003952026367,2230486,-0.051293494341141346
2002-07-10,4.53942433526168,4.545035492934115,4.2925333976745605,4.2925333976745605,1693832,-0.05406644367320291
2002-07-11,4.278505080734633,4.441228631120893,4.180309993507431,4.432811737060547,2359668,0.03215699211241665
2002-07-12,4.368280237651934,4.368280237651934,4.1522510211686035,4.194334506988525,1894899,-0.055299398582364864
2002-07-15,4.152251669724248,4.320585956687533,3.978305911891604,4.278502464294434,2257533,0.019868369086465026
2002-07-16,4.152252301046483,4.373892738449647,4.118585375056817,4.124196529388428,1444840,-0.0367318367873043
2002-07-17,4.188723973295373,4.289724735055654,4.06808433322159,4.1270012855529785,1158244,0.0006798422084848012
2002-07-18,4.124196633880113,4.135418942827666,4.040029316773465,4.0961408615112305,1024081,-0.007505785105299973
2002-07-19,4.096139596431494,4.096139596431494,3.787526195688055,3.8941380977630615,2026809,-0.05057290659889684
2002-07-22,3.8997503604523747,3.9895288298577958,3.6472484152496274,3.8352222442626953,1943535,-0.0152449858564372
2002-07-23,3.5630830508126987,3.7426397545374908,2.109794045938264,2.2164058685302734,7210913,-0.548340478924592
2002-07-24,1.5711223754890324,1.7114012298610277,1.1895641296403996,1.5150108337402344,12789087,-0.38046431586393037
2002-07-25,1.6861505978680933,2.4717115021090437,1.6861505978680933,2.4689059257507324,9840451,0.48835251755114656
2002-07-26,2.47171211539375,2.496962308883667,2.146265335774724,2.496962308883667,5478529,0.01129980915314294
2002-07-29,2.5250177781222414,2.665296614104785,2.3987669844333945,2.581129312515259,3455753,0.03315210456839871
2002-07-30,2.6933530651506863,3.1562731827342665,2.6147968970548456,2.9570770263671875,3802135,0.13597426816115038
2002-07-31,2.985132047154793,3.2628839841142496,2.525017781844633,2.82240891456604,7598339,-0.04661054402236741
2002-08-01,2.8336311934834013,2.917798494365983,2.7101858188556145,2.8167977333068848,1997272,-0.001990061177531853
2002-08-02,2.8336323484990182,2.8364377676431793,2.485740696380385,2.597963809967041,2288731,-0.08087269596077032
2002-08-05,2.6091851299395903,2.707380158322221,2.5895460925239755,2.687741279602051,1522657,0.033973179687927534
2002-08-06,2.715796601000899,2.8476585289961,2.715796601000899,2.780324697494507,1672716,0.033866550661610866
2002-08-07,2.833631221461187,2.875714713622548,2.7326304594048603,2.82240891456604,1603796,0.015023026788763867
2002-08-08,2.8336317855577473,2.987938377388694,2.805576012734762,2.9823272228240967,1476631,0.05511319766219245
2002-08-09,2.9823269417925267,3.133828100760344,2.8869373231831608,3.0636885166168213,1809846,0.026915644650013826
2002-08-12,2.9458539418233864,3.296550869887207,2.9318262170484566,3.2404396533966064,1819454,0.05608942844812257
2002-08-13,3.243246530810062,3.243246530810062,2.945855267416369,2.9739110469818115,2014353,-0.08583107872861287
2002-08-14,3.0019649480365747,3.083326816558838,2.9739091860273157,3.083326816558838,1433571,0.03613121194290117
2002-08-15,3.1174926883918292,3.1317276604009,3.023540649227769,3.0463168621063232,1154567,-0.012075874600567657
2002-08-16,3.003611197888277,3.0320814599475026,2.8441777303566136,2.847024917602539,1813049,-0.0676587142160281
2002-08-19,2.8470247972042246,3.054857540407495,2.7843902233226925,2.9751408100128174,2164887,0.0440168084853476
2002-08-20,2.960904836654663,3.037774353859244,2.918199298812209,2.960904836654663,1188493,-0.004796459292355831
2002-08-21,3.089022078907504,3.2712317616808906,2.9779878924274636,3.208597183227539,1071767,0.08033891737046539
2002-08-22,3.2883130020627305,3.6157207734154735,3.219984390085122,3.4676754474639893,2033452,0.0776506425569401
2002-08-23,3.4534392116515646,3.456286397409612,3.1601958267241796,3.2427597045898438,1487189,-0.06705974167146432
2002-08-26,3.2740792094233084,3.544546594368706,3.271232343663498,3.5160763263702393,1308422,0.08092095994589363
2002-08-27,3.573015569854007,3.644191053062909,3.439205519706091,3.47052264213562,1312693,-0.013040487936469976
2002-08-28,3.444899298259627,3.4676755026143993,3.3481004297518457,3.416429042816162,1153381,-0.01570933389361429
2002-08-29,3.387958368813548,3.473369124592027,3.3053944771877397,3.430663585662842,645314,0.004157841620041975
2002-08-30,3.4078878135438657,3.424969966852054,3.316782995900197,3.3737235069274902,588849,-0.016736675062121925
2002-09-03,3.359487345968838,3.359487345968838,3.1174904211686845,3.2313714027404785,1286240,-0.0431104025950289
2002-09-04,3.2313728442788716,3.4164293608481557,3.1601970380045588,3.393653154373169,1336418,0.049000337811764584
2002-09-05,3.3851111020279405,3.416428539441423,3.294006620112068,3.387958288192749,1350534,-0.0016795027457087415
2002-09-06,3.387960262244388,3.5274644136073716,3.387960262244388,3.4591357707977295,1423013,0.020791315561417178
2002-09-09,3.4505947611263172,3.5046881075607135,3.3253255859223803,3.4562888145446777,1268921,-0.0008233641705592701
2002-09-10,3.444901794535475,3.4477486611027786,3.1772811994412504,3.2541511058807373,2179241,-0.06026397179081001
2002-09-11,3.4021938236934464,3.442052182130152,3.325324293462625,3.390805721282959,1153737,0.041136124363949034
2002-09-12,3.3594894033942473,3.376571561091507,3.276925802230835,3.276925802230835,820522,-0.03416184156646732
2002-09-13,3.259843143200929,3.4221234553277275,3.174432367849992,3.245607852935791,3830605,-0.009603075009302978
2002-09-16,3.2456081252488307,3.3594891686049286,3.2256791037015096,3.30254864692688,1894662,0.017391835168677434
2002-09-17,3.3737236183066526,3.393652958864112,3.069092035293579,3.069092035293579,1865718,-0.07331272376026265
2002-09-18,3.032080740267938,3.27407774929215,3.0036104849662704,3.1459617614746094,2761210,0.02473788603409274
2002-09-19,3.074786491475491,3.1601972720831415,2.9039652523401744,2.9324355125427246,2274377,-0.07028633921740333
2002-09-20,2.940978198164367,3.0036128082762295,2.8356383331072332,2.881190776824951,2154211,-0.01762963782550367
2002-09-23,2.7758486864890677,2.832789202096224,2.704673203020101,2.724602222442627,1823725,-0.05588122882592466
2002-09-24,2.704672659454342,2.704672659454342,2.442746501341446,2.4484405517578125,3200593,-0.10687113163263696
2002-09-25,2.4626759245120877,2.5907919106751685,2.4626759245120877,2.493993043899536,3214116,0.018433745707982927
2002-09-26,2.528157105469014,2.8299417786014356,2.519616029814323,2.815706491470337,2840925,0.1213281458624686
2002-09-27,2.7872374445198336,2.818554896502322,2.6334981772968074,2.6534273624420166,1825741,-0.059361055315761475
2002-09-30,2.5623223789068055,2.875495271567867,2.4939937477807557,2.849871873855591,3024555,0.07142188806153087
2002-10-01,3.3205969274900657,3.4106469238993253,3.2718197566449976,3.3581175804138184,1750700,0.1641065363273012
2002-10-02,3.3581159651011876,3.414397454154751,3.264313841171955,3.33935546875,1453700,-0.005602758116689117
2002-10-03,3.339356305784552,3.418150123948433,3.2267940151162597,3.3768773078918457,1468000,0.011173594117379093
2002-10-04,3.37687986272292,3.44441757448204,3.1142337227432173,3.3018381595611572,1366600,-0.022472077611775616
2002-10-07,3.3205971246309027,3.3318532853936085,3.170513430544926,3.264315605163574,1611100,-0.011429206258436053
2002-10-08,3.2380503282231037,3.2455543143090915,2.551418604581634,2.6452207565307617,3207500,-0.21029560153197188
2002-10-09,2.648973400350053,2.7465277482218675,2.43510437695577,2.6714859008789062,3844700,0.009880311143117649
2002-10-10,2.70150253768755,2.8140652179718018,2.5514192025264792,2.8140652179718018,2321200,0.051995299878150034
2002-10-11,2.8178180905524015,3.264316391905062,2.592692674078817,2.720263719558716,6013100,-0.03390130334704087
2002-10-14,2.6264606902264376,2.63021286280521,2.4951376914978027,2.4951376914978027,2822700,-0.08638491667431578
2002-10-15,2.5889397180170737,2.68274188041687,2.498889549078287,2.68274188041687,1725700,0.07249544657716
2002-10-16,2.7390232983532927,2.7390232983532927,2.468872962095017,2.487633466720581,1274100,-0.07550751765668173
2002-10-17,2.491386130276862,2.6039488304735476,2.300029754638672,2.300029754638672,2560100,-0.07840978392343556
2002-10-18,2.2512530706274054,2.2512530706274054,2.1199300106235106,2.149946689605713,2227800,-0.06747901335091637
2002-10-21,2.176210403442383,2.2249873955964463,2.138689392520648,2.176210403442383,1931600,0.012141970777770185
2002-10-22,2.1837148249830047,2.2475001573928814,2.0298791274051156,2.119929313659668,2036800,-0.026202271563021073
2002-10-23,2.1574490070343018,2.161201178142342,2.0336302230828194,2.1574490070343018,1613200,0.01754376297139312
2002-10-24,2.17621068075473,2.3225420336906577,2.1161771629780075,2.24750018119812,1725100,0.04089205949964008
2002-10-25,2.23249217076449,2.363815386973509,2.157450486285183,2.3187901973724365,1453000,0.03122701503167488
2002-10-28,2.4951384315323035,2.611453132270561,2.3900798940419636,2.438857078552246,1776500,0.050483936119880515
2002-10-29,2.5514199439985314,2.607701121583168,2.438857231002258,2.4913864135742188,1638100,0.021309828987950634
2002-10-30,2.513898433907711,2.701502799987793,2.513898433907711,2.701502799987793,1166700,0.08096886263293396
2002-10-31,2.693998042116589,2.70150220795873,2.5701792162645494,2.656477212905884,1676800,-0.016807321749479933
2002-11-01,2.641469103370532,2.817817283861959,2.6077002647842074,2.7427754402160645,1130000,0.03196945310486905
2002-11-04,2.74652656505429,2.90786617213148,2.74652656505429,2.8703453540802,1122900,0.0454620128507469
2002-11-05,2.701502371004845,2.7052545436090867,2.3450542036199824,2.382575035095215,3373000,-0.1862505046452872
2002-11-06,2.393832118729892,2.5514198388657805,2.30753409003231,2.326294422149658,3383000,-0.023905225492761972
2002-11-07,2.3225420735410296,2.7202633081611873,2.315037906054365,2.701502799987793,5275100,0.14953158593191324
2002-11-08,2.889107644671814,2.889107644671814,2.3863279819488525,2.3863279819488525,7319900,-0.12405243552813078
2002-11-11,2.382575557694764,2.5138985861194874,2.311285872798262,2.4200963973999023,1715700,0.014051597781557809
2002-11-12,2.438856181792869,2.510145845499502,2.42759984377038,2.476377010345459,1983500,0.022989236110230158
2002-11-13,2.4456147418946417,2.5648192095255578,2.4456147418946417,2.549437999725342,1487400,0.029076333494008576
2002-11-14,2.549439189634863,2.660953104412988,2.541748581145288,2.607118844985962,1138200,0.022372778172583985
2002-11-15,2.6148081761046686,2.6955596174762686,2.6071175713720627,2.68402361869812,1614700,0.029071298095324837
2002-11-18,2.687868969010195,2.7878470190860454,2.687868969010195,2.7301673889160156,1777000,0.01704590305472728
2002-11-19,2.7032510624453,2.7455493099427195,2.6378808102202407,2.6955604553222656,1239500,-0.012756778039878602
2002-11-20,2.6917144830222566,2.745548721342322,2.6917144830222566,2.741703510284424,927800,0.01697330239606857
2002-11-21,2.710941278929571,2.803228551107653,2.710941278929571,2.7916927337646484,1289800,0.018068680172715432
2002-11-22,2.7840018033574396,2.9262782824622104,2.73016756398073,2.8916704654693604,1518500,0.03518622440357326
2002-11-25,2.9032055519977558,2.933967964818332,2.849371146203304,2.8685977458953857,1137200,-0.00801103077888145
2002-11-26,2.883979583765422,2.991648235570397,2.837835954431211,2.9416592121124268,2099700,0.02515045992990042
2002-11-27,2.9032067105018746,2.983958168058407,2.8839801031375507,2.9185879230499268,871000,-0.007873868704748418
2002-11-29,2.883979583765422,2.9647310267795324,2.883979583765422,2.9416592121124268,419100,0.007873868704748462
2002-12-02,2.941659324685535,2.972421745418909,2.8455266682144944,2.9262781143188477,817700,-0.005242432618006339
2002-12-03,2.903207061404701,2.9185882758118393,2.795538377196194,2.8762898445129395,802000,-0.017230132194452914
2002-12-04,2.8455266056414295,2.872443631511982,2.6186534826839916,2.6378800868988037,1515000,-0.08652561801318323
2002-12-05,2.7186325808038605,2.730168401099567,2.6532623212663338,2.6801793575286865,1407400,0.01590811953811636
2002-12-06,2.69171499254707,2.7032509946214547,2.572510493451581,2.634035348892212,981100,-0.01736669327096113
2002-12-09,2.6148088592006733,2.680178924825941,2.595582250667135,2.622499465942383,1094500,-0.0043891658196389335
2002-12-10,2.6224981479282103,2.7763102054595947,2.6186527548107077,2.7763102054595947,1240400,0.05699492424023309
2002-12-11,2.768620989889011,2.9224333078514064,2.65326188893611,2.8839802742004395,2256700,0.03804859777892704
2002-12-12,2.853217847279666,2.918588096165574,2.8301460270890857,2.8839802742004395,1434500,0.0
2002-12-13,2.9224334287440334,2.94166003804413,2.6532619986938926,2.8724443912506104,784400,-0.0040080081172215246
2002-12-16,2.9531949108520967,3.068554162979126,2.922432492513816,3.068554162979126,1697700,0.06604312243408565
2002-12-17,3.0762464428185696,3.133925916934557,3.0301027901823496,3.0724010467529297,1334300,0.0012528618580053827
2002-12-18,3.076244767563696,3.122388395071117,3.041636955253892,3.068554162979126,2240100,-0.0012528618580052906
2002-12-19,3.0762455463409424,3.156997006601074,3.037792513683385,3.0762455463409424,1139700,0.002503380986339261
2002-12-20,3.0762452380449905,3.222366930858169,3.0762452380449905,3.2146761417388916,1450400,0.04401674413120112
2002-12-23,3.2146766824206416,3.3223455478974664,3.187759649409971,3.249284505844116,1140800,0.010708200959270928
2002-12-24,3.2685087614801738,3.3723321569865523,3.2646633690428692,3.3031165599823,598100,0.016431614855077707
2002-12-26,3.2646658999002445,3.3261907597256246,3.21467685961285,3.2685112953186035,895200,-0.010531815035957227
2002-12-27,3.2685114733710154,3.303119300587329,3.195450790027663,3.287738084793091,750200,0.005865196235646719
2002-12-30,3.287737905693308,3.3069645160680117,3.21467685961285,3.2685112953186035,1230900,-0.005865196235646744
2002-12-31,3.2415942608242725,3.3031191206496526,3.2339034699875544,3.2685112953186035,1674600,0.0
2003-01-02,3.291583301111667,3.2992737252312936,3.2108318309115824,3.2685112953186035,1644900,0.0
2003-01-03,3.306964696215166,3.3261909409201302,3.2685114733710154,3.287738084793091,1954700,0.005865196235646719
2003-01-06,3.3146551207537294,3.337727127803642,3.153152171555675,3.287738084793091,3747200,0.0
2003-01-07,3.28488095817669,3.346089763017585,3.2644778935110277,3.28896164894104,1842500,0.0003720906264854957
2003-01-08,3.2889618858928635,3.374654452337455,3.2726395108156137,3.3216066360473633,1713800,0.009876685656095757
2003-01-09,3.3256887396496913,3.378736584678584,3.2930439718098077,3.36649489402771,1266600,0.01342351990752036
2003-01-10,3.366494310367417,3.4277031421661377,3.305285478568696,3.4277031421661377,1077600,0.018018286716310335
2003-01-13,3.431784429707477,3.431784429707477,3.2971246650788752,3.36649489402771,1621900,-0.018018286716310238
2003-01-14,3.4399457447399175,3.4399457447399175,3.333850056887528,3.3460917472839355,1128000,-0.006079090123598655
2003-01-15,3.3542513869461055,3.378734754989354,3.2889618866226193,3.305284261703491,771400,-0.0122705429803118
2003-01-16,3.3379285382903805,3.4154597116356102,3.317525475044984,3.3868956565856934,710400,0.024391287132375882
2003-01-17,3.354250977619853,3.3583312790250544,3.2685584216134895,3.2808001041412354,866000,-0.031826439491650454
2003-01-21,3.313444599466929,3.3460893431735164,3.203268492168187,3.215510368347168,1095500,-0.020101235760897177
2003-01-22,3.2481555076998756,3.2481555076998756,3.089012265456588,3.0971734523773193,1229600,-0.03749618507499723
2003-01-23,3.1379793022317095,3.1624628623326623,3.048206053950177,3.060447931289673,1155800,-0.01192861797667266
2003-01-24,2.999238359589139,3.1216563312368595,2.8482563372474847,3.1012532711029053,2319400,0.013245022766713516
2003-01-27,2.9992397704785496,3.0604487850960904,2.7340008368546034,2.7748069763183594,1821300,-0.11122512409684482
2003-01-28,2.8156118522272724,2.9257879588780864,2.791128294591316,2.897223711013794,1111200,0.0431717507234521
2003-01-29,2.8564185302080807,2.872740906243024,2.774806650033364,2.836015462875366,671600,-0.021352876410286784
2003-01-30,2.8156125901207223,2.876821597540795,2.774806650033364,2.836015462875366,784400,0.0
2003-01-31,2.8074512835986254,2.8849826637809843,2.7952094048001217,2.8441765308380127,867800,0.002873520327219169
2003-02-03,2.8768210189424006,3.035964250564575,2.848256769337177,3.035964250564575,738900,0.06525550295166452
2003-02-04,2.954352012164359,2.954352012164359,2.856417781620533,2.897223711013794,1419200,-0.04677614686859683
2003-02-05,2.9013039148283126,2.9135455943049204,2.6931934179461106,2.7544023990631104,1129600,-0.05055243338430562
2003-02-06,2.7135978465478385,2.7952097328559193,2.656469526132182,2.766645669937134,1210900,0.004435132891500931
2003-02-07,2.7544036146127215,2.7544036146127215,2.4810035209927452,2.497325897216797,4054000,-0.10241511863974162
2003-02-10,2.5381317149575326,2.5503735938222274,2.4524393412169245,2.5218093395233154,1853900,0.0097561174782554
2003-02-11,2.5258895803267576,2.5503731391128777,2.407552282238162,2.427955150604248,1836000,-0.03792723448270574
2003-02-12,2.4483583667272724,2.4483583667272724,2.3014568102417847,2.3259403705596924,1971800,-0.04292498355908392
2003-02-13,2.3177795156354093,2.321860206895001,2.060701998201253,2.121910810470581,3503100,-0.09180740929552061
2003-02-14,2.134153273909804,2.1708787269876906,1.938284515124613,2.0607025623321533,2807800,-0.02927003409442762
2003-02-18,2.0647822616959424,2.1463943264682768,2.0566210746765137,2.0566210746765137,1729300,-0.00198259323404655
2003-02-19,2.0729444560837917,2.081105647069234,1.8444309139132622,1.9586877822875977,2137500,-0.048789630903880624
2003-02-20,1.9586866201640434,2.0239761093101696,1.8770745641533597,1.897477626800537,1694700,-0.031749310859466626
2003-02-21,1.877074438434214,1.9260415520141818,1.7750595211869413,1.8566715717315674,1874500,-0.021740032201890004
2003-02-24,1.8770748381727835,1.9097195875113975,1.8485107797905236,1.8525912761688232,2157400,-0.0022000582734976897
2003-02-25,1.8362691402435303,1.8852362706179522,1.7750601299864635,1.8362691402435303,1996300,-0.008849476858750252
2003-02-26,1.8362686334370308,1.9056388129438029,1.8362686334370308,1.897477626800537,2108000,0.03278956733413791
2003-02-27,1.8974772817367396,1.9586862639691487,1.8852354074590614,1.9382832050323486,1974900,0.021277196084195434
2003-02-28,1.9790894882331946,2.007653737023638,1.8852357502966255,1.897477626800537,963000,-0.021277196084195527
2003-03-03,2.407553085814525,2.440197841758625,2.24024841973387,2.3667471408843994,6139400,0.22099105865597843
2003-03-04,2.3259403705596924,2.3789881818708465,2.223925438612723,2.3259403705596924,2433200,-0.01739208026863653
2003-03-05,2.3300214864180364,2.436116933822632,2.2892155451085765,2.436116933822632,2628200,0.04628093336279627
2003-03-06,2.411633565149714,2.481003768305982,2.3504247454970937,2.4483590126037598,1593700,0.005012658286793147
2003-03-07,2.4483587973064367,2.6727917648907566,2.4483587973064367,2.6115827560424805,3066800,0.06453844810337146
2003-03-10,2.5701280443151893,2.6405993309377895,2.5079476833343506,2.5079476833343506,2368400,-0.040491694837410316
2003-03-11,2.5079497388653267,2.5825663517984943,2.5079497388653267,2.5203857421875,1063800,0.004947199467020364
2003-03-12,2.6032922191760623,2.6032922191760623,2.4664948551063333,2.5245301723480225,1145300,0.0016430129512774456
2003-03-13,2.565983464025099,2.6032918487044947,2.478930698217575,2.528675079345703,1911400,0.0016405064590941777
2003-03-14,2.5535465481554573,2.6198725685793236,2.5535465481554573,2.578418731689453,2094900,0.019480834826822835
2003-03-17,2.6074366569519043,2.65303576380954,2.5618375500942685,2.6074366569519043,1084200,0.011191298619040028
2003-03-18,2.607437291833973,2.690344599337989,2.5701289046238593,2.6115827560424805,1826300,0.0015888425141556055
2003-03-19,2.632309619265652,2.6779087395678793,2.5908559633848194,2.6737632751464844,1044000,0.023530488917845035
2003-03-20,2.6737624702277403,2.798123598098755,2.6654717415474436,2.798123598098755,1542400,0.045462102604625305
2003-03-21,2.8395765238575135,2.9680828847581378,2.7898321643475645,2.847867250442505,1716200,0.017621331962999504
2003-03-24,2.847868742651676,2.881031666368152,2.773252164289606,2.7856881618499756,821300,-0.022075442288478683
2003-03-25,2.777396139188718,2.9266294241729445,2.7608146850423068,2.9224841594696045,1445200,0.04793905547783025
2003-03-26,2.922484435849132,3.0053917144217346,2.8188502388001067,2.8395769596099854,1674800,-0.028778910956822255
2003-03-27,2.8064138078866816,2.852012906030542,2.7773961640375835,2.789832353591919,1107800,-0.017673577484388966
2003-03-28,2.8105613520222956,2.881032486138385,2.773252953392204,2.8520150184631348,822000,0.022044262769384742
2003-03-31,2.8603036075872996,3.109025617449994,2.8561581452174343,2.9224841594696045,1258900,0.024408225671826492
2003-04-01,3.0468472437045437,3.10902784003865,2.9846666473704375,3.080010175704956,1221500,0.05249890662953433
2003-04-02,3.121464662889127,3.158772870020577,3.0261211154790555,3.05513858795166,993400,-0.00810794488074386
2003-04-03,3.0551378444482187,3.1504813686553317,3.0261203790373528,3.10488224029541,1145100,0.016150832935861784
2003-04-04,3.1214619871782148,3.1587701623291724,3.0800081517514273,3.1256072521209717,1357200,0.006652796153804324
2003-04-07,3.129754712069688,3.1919351095589343,3.113173246383667,3.113173246383667,835200,-0.003986042529772808
2003-04-08,3.117317275945606,3.1587709236975585,3.1090265463952154,3.1338987350463867,864000,0.00663528922492727
2003-04-09,3.1587719207248965,3.212661778645395,3.0924460633868347,3.142190456390381,843700,0.0026423226042154237
2003-04-10,3.117317707114849,3.1629168247822936,3.067573322932152,3.1463353633880615,553700,0.0013182445987213911
2003-04-11,3.146333847356679,3.1794967541659087,3.0841532982561146,3.109025478363037,869700,-0.011929072809561925
2003-04-14,3.138044512069971,3.1587712391827565,3.100736126533712,3.1504805088043213,834800,0.01324565760389598
2003-04-15,3.1504805088043213,3.1504805088043213,3.117317587290582,3.1504805088043213,607900,0.0
2003-04-16,3.133897936351348,3.183642300976004,3.0675721168518066,3.0675721168518066,1346200,-0.026668576378969956
2003-04-17,3.1007362457206167,3.17120755547941,3.0883000508416365,3.1463353633880615,1310900,0.025351991584636115
2003-04-21,3.142189464596777,3.1712071168564364,3.0675728986432627,3.1338987350463867,1077200,-0.003960567202936849
2003-04-22,3.15047994485977,3.249968889258799,3.125607758176655,3.2250967025756836,1334500,0.02868510340855894
2003-04-23,3.2168069125944876,3.27069656730379,3.171207791532807,3.254115104675293,1565600,0.008957446365068606
2003-04-24,3.274842883432399,3.5608734846575083,3.274842883432399,3.357750415802002,3761000,0.03135084918251977
2003-04-25,3.399201792806184,3.4406556323037316,3.3370214288929754,3.3743298053741455,776000,0.004925497779633591
2003-04-28,3.3743298846530805,3.4116378666776788,3.3494575013035597,3.3701844215393066,1339900,-0.0012292610608777362
2003-04-29,3.366039326865892,3.366039326865892,3.303858757019043,3.303858757019043,1853500,-0.019876361700598526
2003-04-30,3.30385852242109,3.349457630093122,3.2416781546560816,3.274841070175171,1552100,-0.008821765939820349
2003-05-01,3.258260569165731,3.274842031794228,3.1421901330996236,3.254115104675293,1226800,-0.006348958260856843
2003-05-02,3.26655021309437,3.3992018699645996,3.258259484539981,3.3992018699645996,1742400,0.04362027847930128
2003-05-05,3.399202518369639,3.415783978641366,3.3287312133814995,3.3536036014556885,1054300,-0.013505190326036877
2003-05-06,3.3577488328589973,3.3950568193871984,3.3080042578216413,3.3245859146118164,1032600,-0.008690340217710223
2003-05-07,3.324587481920832,3.3950584199183016,3.3162965507838615,3.357750415802002,1013500,0.009926101246965571
2003-05-08,3.378475360263608,3.378475360263608,3.2541144168366802,3.3245859146118164,986000,-0.009926101246965639
2003-05-09,3.378475322235312,3.3867662493703685,3.303858757019043,3.303858757019043,995100,-0.006254023734876932
2003-05-12,3.3162953853607178,3.3660397687011425,3.3080046548039803,3.3162953853607178,1762100,0.0037572064651182034
2003-05-13,3.270695695793275,3.3080040755995053,3.138044030111698,3.2002243995666504,11770300,-0.035627379912209746
2003-05-14,3.204371576824209,3.4738207133557855,3.204371576824209,3.4323668479919434,17331700,0.07002913414225702
2003-05-15,3.461739399628587,3.772246837615967,3.4323671933819235,3.772246837615967,11319100,0.09442073572906219
2003-05-16,3.8142046949310675,3.82679271697998,3.587618297220608,3.8267927169799805,5641100,0.014356239575203558
2003-05-19,3.7890297778832975,3.7890297778832975,3.6673444485876576,3.713501214981079,2160300,-0.030051886351486205
2003-05-20,3.7135001040517537,3.7428722919397455,3.587618669985143,3.650559186935425,4265900,-0.01709479754635822
2003-05-21,3.4197783658095835,3.616992699593773,3.407190336043093,3.587620496749878,6144100,-0.017391189294409866
2003-05-22,3.5456578731536865,3.587618482370238,3.4827173594948864,3.5456578731536865,4638000,-0.01176544794078055
2003-05-23,3.734479331030206,3.8645568826358128,3.6253824814838618,3.7932240962982178,7613900,0.06749262198088415
2003-05-27,3.860360416889355,4.003025977541304,3.8016160567380406,3.9862418174743652,5784800,0.04963254414650392
2003-05-28,3.986243394532332,4.170869228311272,3.9820472528140134,4.086948394775391,5723500,0.024949691173971236
2003-05-29,4.082753261609018,4.179262544140294,3.9149115530757523,3.93589186668396,4764300,-0.03766107190918797
2003-05-30,3.9778510149573747,4.103732462301893,3.9778510149573747,4.007223606109619,3231800,0.017961128050375835
2003-06-02,4.103731575317049,4.103731575317049,4.007222739984296,4.070163249969482,1882700,0.015584475240048457
2003-06-03,4.065968037349362,4.095340628857514,4.032399704339554,4.053380012512207,1756600,-0.004132005159321421
2003-06-04,4.368083434603728,4.368083434603728,3.961066896652188,4.053380012512207,2057300,0.0
2003-06-05,4.0785554762522445,4.086947357392686,3.986242382711396,4.049182891845703,1683000,-0.0010359983850643899
2003-06-06,4.070163947826008,4.103732278929087,3.8897342681884766,3.8897342681884766,1860800,-0.040174261885978314
2003-06-09,3.889733843447546,3.9442820754090815,3.692519619627284,3.822596788406372,2580500,-0.017410864568817342
2003-06-10,3.8813426036473415,3.8981267718726844,3.7890294783248866,3.8477742671966553,2568900,0.00656488950329664
2003-06-11,3.8519696140585196,3.8645576375872057,3.7680483900911375,3.7974209785461426,1716100,-0.013172722249982139
2003-06-12,3.8393813463051814,3.9107141494750977,3.780636967341299,3.9107141494750977,1563700,0.029397857782090715
2003-06-13,3.9107138268601447,3.923302250027695,3.7134999992276265,3.7344799041748047,2300100,-0.04611144457214452
2003-06-16,3.7764403638909134,3.898125648498535,3.738675896225441,3.898125648498535,2319600,0.042887274988104816
2003-06-17,3.9023236637957637,3.9233039781503103,3.8393827207321247,3.85197114944458,1212200,-0.011910830512036754
2003-06-18,3.847773419710292,3.8603614430652065,3.759656455893795,3.7764406204223633,931200,-0.01980307294182075
2003-06-19,3.8100090020748283,3.8225970256035144,3.7806368137858763,3.7974209785461426,1129500,0.005540215255806296
2003-06-20,3.79322478553318,3.79322478553318,3.625383140221731,3.650559186935425,2673500,-0.03944178870153829
2003-06-23,3.663149075515072,3.663149075515072,3.5456598639732415,3.587620496749878,1277900,-0.017391189294409866
2003-06-24,3.6044038157629816,3.62538412718001,3.4281698401257907,3.499502658843994,1344700,-0.024868307540472936
2003-06-25,3.516286827944386,3.570835477562198,3.470130462959848,3.499502658843994,1032600,0.0
2003-06-26,3.482717514917173,3.524677725840245,3.42816888056774,3.4953055381774902,1713200,-0.0012000675506734268
2003-06-27,3.507894870020373,3.5246790406839654,3.4071898460388184,3.4071898460388184,1072200,-0.02553293390059037
2003-06-30,3.4197769165039062,3.4533452484324147,3.4029927505396524,3.4197769165039062,1095600,0.0036874603804217545
2003-07-01,3.419775953067304,3.4533442755387744,3.3232671260033193,3.382011890411377,1681400,-0.01110455359153307
2003-07-02,3.361034198954925,3.4239747524261475,3.3484459682107968,3.4239747524261475,1139900,0.012331318281947275
2003-07-03,3.3862095326677792,3.4197778739949642,3.365229619462934,3.4071898460388184,659700,-0.004914225070835834
2003-07-07,3.411385777650223,3.478522456150185,3.3987977504730225,3.3987977504730225,1135600,-0.0024660931863059975
2003-07-08,3.386208584575398,3.507893887857761,3.377816701676312,3.4197769165039062,2156400,0.0061535535667277715
2003-07-09,3.4407573246409644,3.5036982489724653,3.423973158185783,3.461737632751465,3736500,0.012195349149359831
2003-07-10,3.4617366168393335,3.4701288976870974,3.3987961111450087,3.4155802726745605,1498300,-0.013423271623783178
2003-07-11,3.432365440843938,3.47852179854539,3.407188991082905,3.474325656890869,1094800,0.017053007234408328
2003-07-14,3.4785226714006345,3.4869149568155278,3.4029937033313717,3.4071898460388184,1062200,-0.019512545140406762
2003-07-15,3.41977683988398,3.428169122761119,3.352640177531157,3.3568363189697266,1135700,-0.014888900791360073
2003-07-16,3.3526415069368354,3.35683765003928,3.218368128988458,3.2855048179626465,2260500,-0.021478644895992237
2003-07-17,3.226758731792403,3.3148756956058474,3.2183666495284093,3.2351508140563965,2064300,-0.015444767428664782
2003-07-18,3.310680764681613,3.411385988746265,3.2519361673590397,3.4071898460388184,1125300,0.05181231311601718
2003-07-21,3.826793221551784,3.826793221551784,3.2519350700856093,3.2813074588775635,1301700,-0.037645900992709216
2003-07-22,3.3106791685867654,3.432364647357283,3.3106791685867654,3.411384344100952,1884400,0.038876216444080826
2003-07-23,3.423972209776577,3.423972209776577,3.340051400745971,3.344247341156006,998900,-0.019876516781697585
2003-07-24,3.3778168902867853,3.4155813658565695,3.3358562729501133,3.3736207485198975,1349300,0.008744915548287534
2003-07-25,3.390404726107982,3.449149507065912,3.365228677244642,3.4197769165039062,1032900,0.013588746162460068
2003-07-28,3.449148273295275,3.478520453184683,3.377815493421623,3.402991533279419,802900,-0.004920412355532198
2003-07-29,3.520482415427647,3.524678156916872,3.4449534662962833,3.461737632751465,1673500,0.01711576150489203
2003-07-30,3.4407579744524144,3.499502768222966,3.3778174384002417,3.3987977504730225,1207000,-0.01834890271608758
2003-07-31,3.436561273348848,3.4785218906731887,3.382013031059751,3.3862087726593018,2180900,-0.0037108268700691773
2003-08-01,3.377816625996502,3.3862085087075684,3.3190718463547455,3.3568363189697266,1940000,-0.008711980734984963
2003-08-04,3.365228493187722,3.436560894509805,3.3568362105815592,3.428169012069702,1250700,0.02102734424159387
2003-08-05,3.428169199569074,3.4617375314975822,3.377816701676312,3.4197769165039062,1501200,-0.002450983069812048
2003-08-06,3.3778160189572235,3.4365603878757485,3.3568357157008926,3.411384344100952,1289600,-0.0024571449290501633
2003-08-07,3.428169440935625,3.432365582763646,3.3736207976696817,3.3946011066436768,1342200,-0.004931915179087086
2003-08-08,3.4155819354161125,3.4449541323500315,3.386209338316023,3.440757989883423,1079900,0.013505533262617553
2003-08-11,3.4281688007709588,3.533069925885943,3.3987966137918946,3.444952964782715,929000,0.0012184581798200189
2003-08-12,3.4449523696053803,3.516285154372834,3.4323643488128788,3.5120890140533447,2985700,0.019300769949965543
2003-08-13,3.499349319728452,3.529077078042535,3.4441410885792276,3.4738688468933105,936400,-0.010942106797895874
2003-08-14,3.4866092598257756,3.5672979678951298,3.4356479065706833,3.5503108501434326,2221500,0.021766248733608225
2003-08-15,3.5503117115220304,3.5672988333951525,3.4441420985637823,3.482363224029541,898900,-0.019324012398851904
2003-08-18,3.469622208452116,3.5418175615292222,3.4483882096050538,3.5120902061462402,527600,0.008500209888674854
2003-08-19,3.512090852804773,3.5418182136612613,3.4866099684957,3.5078439712524414,584200,-0.0012097650218274
2003-08-20,3.507843091528901,3.575791559305908,3.507843091528901,3.5545575618743896,1234100,0.013229004798516363
2003-08-21,3.580040172397741,3.626754665351284,3.533325274439187,3.601273775100708,1468700,0.013057008956053684
2003-08-22,3.5885324844294266,3.60976648593591,3.4738695243022417,3.495103120803833,846400,-0.029924728809471852
2003-08-25,3.4951026830647174,3.529077324222922,3.4653753276817354,3.5120902061462402,613600,0.0048484800767290325
2003-08-26,3.4951034960051235,3.546065267093416,3.478116373977338,3.5035972595214844,1553700,-0.002421131447213056
2003-08-27,3.4951027203072504,3.597025834858236,3.4908562444964626,3.575791835784912,1423000,0.02039641503020386
2003-08-28,3.5588037818712053,3.61825888264402,3.5545569021721315,3.6140120029449463,1200200,0.010631869252609028
2003-08-29,3.597026175726064,3.609766414375433,3.546064816123703,3.6055195331573486,1038400,-0.0023526384398256284
2003-09-02,3.618261165974973,3.7371710375548326,3.5757931521939543,3.728677272796631,2265100,0.03358767725035986
2003-09-03,3.754156320254458,3.860325897614574,3.690454330835511,3.7711434364318848,3204700,0.011324702051924228
2003-09-04,3.779636670588261,3.8390917778015137,3.758403079802255,3.8390917778015137,1090800,0.01785756816530778
2003-09-05,3.839092766572272,3.8433396478251844,3.77963764404616,3.7838845252990723,581300,-0.014484688273766947
2003-09-08,3.813611076961647,3.8773130672590264,3.800870840904092,3.8730661869049072,819400,0.02329535554449416
2003-09-09,3.843339206299187,3.8858067989349365,3.7796372098383006,3.8858067989349365,1015300,0.003284142814178099
2003-09-10,3.864573995582298,3.894301357008263,3.775391506299478,3.809365749359131,2263300,-0.019867927216187853
2003-09-11,3.8518327285817433,3.8815604902113794,3.8008713722229,3.8008713722229004,962100,-0.0022323563715838583
2003-09-12,3.822106050055299,3.856080293655396,3.7966251648527605,3.8560802936553955,542700,0.014420850650034504
2003-09-15,3.843338710165609,3.8603258260280238,3.758403130853536,3.7668964862823486,517200,-0.02339975032875036
2003-09-16,3.7414159155541835,3.8178577324010337,3.7159350399353817,3.7796366214752197,2000700,0.0033764238795039496
2003-09-17,3.7584060497844693,3.762652528294469,3.69470401207323,3.71169114112854,982700,-0.018140267178425495
2003-09-18,3.7541577345728827,3.817859342985588,3.7329237301003313,3.813612461090088,965900,0.027089286495778436
2003-09-19,3.8178573778613334,3.8475851308234414,3.771142916070507,3.8433382511138916,700800,0.007764432730308617
2003-09-22,3.8008707884911823,3.809364549082294,3.7626496758407733,3.7711434364318848,604400,-0.018963070910891135
2003-09-23,3.7796381678903535,3.9070417881011963,3.7796381678903535,3.9070417881011963,3073400,0.03540225745362841
2003-09-24,3.856078051305397,3.873065163227261,3.7966229570765253,3.8645718097686768,1196800,-0.010929622419746482
2003-09-25,3.8390931718553474,3.885807655554248,3.8263529317565435,3.8560802936553955,1344600,-0.002199689721405876
2003-09-26,3.8305993739708595,3.902794329584398,3.805118491691758,3.8773138523101807,829100,0.0054914082001102415
2003-09-29,3.877313717874672,3.9834833145141597,3.830599241155051,3.98348331451416,1689500,0.027014033404846996
2003-09-30,3.949508694333562,3.983482929574746,3.8603262255742457,3.8943004608154297,2059700,-0.022642577264209728
2003-10-01,3.8773151620806288,3.9452636644382926,3.8773151620806288,3.928276538848877,1061900,0.008686726045726931
2003-10-02,3.9410160328234283,3.9495097965064585,3.8985484294231103,3.9070417881011963,865400,-0.00542027824532204
2003-10-03,3.9495106148794092,3.97499110119839,3.928276606276907,3.932523488998413,979700,0.006500817261123744
2003-10-06,3.9282752117008357,3.9919768098886252,3.9282752117008357,3.953756093978882,781400,0.005384707975532252
2003-10-07,3.9495085973947694,4.034444183413027,3.928274599639,3.9452617168426514,1870900,-0.0021507434503973953
2003-10-08,3.949508559413554,3.991976149511874,3.890053447270125,3.924027681350708,2377900,-0.005396697453369782
2003-10-09,3.9495084032746006,4.025950224431471,3.9367681672492556,4.008963108062744,1843700,0.021414035289887483
2003-10-10,4.0259511109860995,4.144861356757212,4.021704634712402,4.119380474090576,2452900,0.02717015034947011
2003-10-13,4.132120169343504,4.225549520157405,4.119379932188602,4.153354167938232,1116600,0.008213459347822387
2003-10-14,4.153354679059501,4.2255500401632,4.119380439128924,4.174588680267334,1447200,0.005099592716852395
2003-10-15,4.17458815546984,4.17458815546984,4.017457214293006,4.034444332122803,2140300,-0.034147253503634484
2003-10-16,4.059926072754713,4.098146792227329,4.000470945233553,4.004717826843262,1781600,-0.007395457431275817
2003-10-17,4.013210296630859,4.03019741430424,3.966495824280271,4.013210296630859,1025300,0.002118370938886495
2003-10-20,3.9707447253284553,4.034446347764832,3.953757599011752,4.0217061042785645,1594500,0.0021147228894341286
2003-10-21,4.352952798583693,4.454875498617669,4.221302340619534,4.225549221038818,10180100,0.04944302885964473
2003-10-22,4.204315596711951,4.251030475456317,4.153354242176606,4.238289833068848,1853200,0.003010601116512415
2003-10-23,4.217056095528014,4.242536569425771,4.144860744476318,4.144860744476318,3236500,-0.02229065462466968
2003-10-24,4.183081258735055,4.246782839322991,4.144860148380385,4.212808609008789,1678100,0.01626036129601222
2003-10-27,4.255279599271104,4.272266726403711,4.200071334838867,4.200071334838867,1417900,-0.0030280436633654023
2003-10-28,4.242537196135386,4.242537196135386,4.115133592811989,4.119380474090576,1591500,-0.019398727942219442
2003-10-29,4.119378915672553,4.246782470797423,4.1151320360006185,4.242535591125488,1581900,0.029458325589657636
2003-10-30,4.246783594660494,4.25527735625214,4.200069120920972,4.238289833068848,870700,-0.001001260655415486
2003-10-31,4.2382906968611715,4.246784460183904,4.123627727038769,4.166095733642578,1007200,-0.0171805242968265
2003-11-03,4.183081509763562,4.293497562408447,4.174587749172911,4.293497562408447,2505600,0.030122361064544464
2003-11-04,4.268018812372562,4.268018812372562,4.144862069160048,4.157602310180664,2209900,-0.03216314302587344
2003-11-05,4.161847672401109,4.289251251097994,4.085405444182015,4.246783256530762,3302600,0.021223275176736184
2003-11-06,4.246783256530762,4.255277017446133,4.208562142421215,4.246783256530762,1670700,0.0
2003-11-07,4.251030475456317,4.251030475456317,4.200069120920972,4.238289833068848,1177100,-0.002001968918580678
2003-11-10,4.242536376073076,4.246783256530762,4.187328145137599,4.246783256530762,919500,0.0020019689185806237
2003-11-11,4.229797060758763,4.246784181283702,4.178835699183947,4.183082580566406,1843900,-0.015113381328440863
2003-11-12,4.183081318425043,4.212808669122968,4.1576004428234095,4.178834438323975,680600,-0.0010160690660563265
2003-11-13,4.2002884564204015,4.20457894121076,4.1573844268431195,4.183126926422119,1681200,0.0010266702482705525
2003-11-14,4.170253328408584,4.183124365737549,4.1316398072587885,4.148801326751709,1033600,-0.008239579801020695
2003-11-17,4.131642277205856,4.174545897005023,4.101609702430125,4.153094291687012,885900,0.001034213272547825
2003-11-18,4.1359317666417015,4.153093292264154,4.075866222381592,4.075866222381592,850800,-0.018770374853799298
2003-11-19,4.075865117062523,4.110188158999488,4.05870359609404,4.093026638031006,1278600,0.0042014116687315054
2003-11-20,4.058704484136705,4.19170660761545,4.050123517193485,4.1144795417785645,1373200,0.005227642144493628
2003-11-21,4.131643507678135,4.131643507678135,4.05441639621171,4.067287445068359,885900,-0.011536045978006233
2003-11-24,4.062994967608315,4.1402216242821765,4.054414000665095,4.1144795417785645,1330200,0.011536045978006247
2003-11-25,4.118769978544911,4.187416076660156,4.097317970593142,4.187416076660156,1011000,0.017571507729901393
2003-11-26,4.183124648301699,4.183124648301699,4.101607527494687,4.140220642089844,1052500,-0.011334773947895485
2003-11-28,4.118769467582223,4.178834591400046,4.118769467582223,4.161673069000244,309400,0.005168091860721235
2003-12-01,4.165965332302764,4.226030890953821,4.165965332302764,4.204578876495361,3841300,0.010256966664183268
2003-12-02,4.204577892809517,4.238900944247714,4.183125883369883,4.230319976806641,1194300,0.006103494699642383
2003-12-03,4.238900591955068,4.2517716328839255,4.208868026733398,4.208868026733398,751800,-0.005083900552571828
2003-12-04,4.23031906633534,4.264642110386351,4.21744802710695,4.256061553955078,922800,0.011150480520298689
2003-12-05,4.21744763439137,4.22173811678897,4.062993950544062,4.084445953369141,2697800,-0.041158125216890315
2003-12-08,4.080156706077966,4.084447189774341,4.0372526874403105,4.075866222381592,2883000,-0.002102795570614527
2003-12-09,4.0758682697729665,4.08015875562454,3.9943510844093377,4.03296422958374,1118300,-0.010581647591996746
2003-12-10,4.075866741866572,4.075866741866572,3.92570306665888,3.9643166065216064,1173400,-0.017168162677791733
2003-12-11,3.9643163476285115,3.9643163476285115,3.874218230220451,3.9257028102874756,6651500,-0.0097880885919419
2003-12-12,3.925701406562078,4.015799491753483,3.8956688478859176,4.011509418487549,5666800,0.021622188929666598
2003-12-15,4.01151111487076,4.02009167419409,3.938574519388521,3.9643166065216064,1614100,-0.011834100337724637
2003-12-16,3.99005852800897,4.067285187446034,3.977187486296633,4.045833587646484,2500100,0.020354124064522243
2003-12-17,4.0243838124917755,4.075868417081636,4.011512763635126,4.067287445068359,1914700,0.00528869404048502
2003-12-18,4.067283252699241,4.08015469745186,4.054412217109466,4.071573734283447,2015600,0.001053289770376318
2003-12-19,4.075866214339012,4.075866214339012,3.9728970608074725,4.024381637573242,1861300,-0.011658322966652779
2003-12-22,4.020090774918691,4.054413822860299,4.015800291635238,4.028671741485596,918300,0.001065460295930903
2003-12-23,4.0458358333617,4.075868417081636,4.032964375341786,4.067287445068359,939000,0.009539572900345631
2003-12-24,4.058704763173457,4.140221908923249,4.058704763173457,4.105898857116699,364300,0.009448383497778762
2003-12-26,4.097319090864746,4.131642149306834,4.0844480462397454,4.123061180114746,222900,0.004171207006543224
2003-12-29,4.105898115358019,4.183125172552684,4.097317558538045,4.165963649749756,959500,0.010351724992403537
2003-12-30,4.1316398072587885,4.178833883573594,4.123058842930879,4.148801326751709,849900,-0.004128161750693084
2003-12-31,4.12735182061886,4.174545925468675,4.12735182061886,4.157384395599365,904300,0.0020666698745987564
2004-01-02,4.144510793322541,4.18312431399471,4.144510793322541,4.170253276824951,589800,0.0030906463454646108
2004-01-05,4.1488018668665205,4.260351962674181,4.1488018668665205,4.226028919219971,1498000,0.013285990522606391
2004-01-06,4.226030035855583,4.268933646928207,4.191706983332259,4.260353088378906,1072500,0.008089279105969864
2004-01-07,4.217448942344139,4.28180456161499,4.204577900322579,4.28180456161499,1220700,0.005022505837239908
2004-01-08,4.281804755269513,4.33328974401038,4.21315864916578,4.290385723114014,2222500,0.0020020937660913713
2004-01-09,4.290384802007336,4.462000030422437,4.251771273323192,4.3933539390563965,2564200,0.02371628957467283
2004-01-12,4.367612372147324,4.419096946716309,4.333289322434667,4.419096946716309,1740200,0.005842433897132852
2004-01-13,4.384772152017303,4.436256706097231,4.36761063399066,4.401933670043945,1383100,-0.0038914496677782645
2004-01-14,4.389064856350491,4.440549850463867,4.36761325282688,4.440549850463867,1375400,0.008734294121247354
2004-01-15,4.440548334847778,4.444838408590377,4.376192318753147,4.389063358306885,1328800,-0.011662362664768755
2004-01-16,4.397644324118024,4.4019348070235935,4.316127194727055,4.389063358306885,1173300,0.0
2004-01-20,4.380484421511937,4.436259492420415,4.354741923722209,4.397645950317383,1114100,0.00195354015673794
2004-01-21,4.401934715564434,4.483451843261719,4.401934715564434,4.483451843261719,1996700,0.01932386400855343
2004-01-22,4.483452729526663,4.504904738686349,4.406226069380052,4.453420162200928,1720900,-0.006720873721132223
2004-01-23,4.440549209823798,4.47058177775453,4.380483664799283,4.40622615814209,1732100,-0.010653800104829171
2004-01-26,4.384772830628178,4.406224833772224,4.328997786118828,4.363320827484131,1012600,-0.009785151518915756
2004-01-27,4.384772605940036,4.440547647591314,4.3719011592154216,4.427676200866699,1415000,0.014641461676963098
2004-01-28,4.427677504562959,4.483452562636782,4.401935421859981,4.419096946716309,2068700,-0.00193952228607767
2004-01-29,4.492032845912136,4.569259491429397,4.406225234691309,4.410515308380127,2188700,-0.0019438319125189656
2004-01-30,4.453419699041141,4.539227317592772,4.414806168402157,4.504904270172119,2245600,0.021175108545052983
2004-02-02,4.517774737644924,4.543517224526823,4.36332104384237,4.423386573791504,1878900,-0.018261045271231617
2004-02-03,4.423388322147112,4.457711378780623,4.359032284086947,4.440549850463867,1619600,0.003872613092166649
2004-02-04,4.440548433742784,4.453419473583172,4.341869370531866,4.3933539390563965,1668900,-0.010685278350601863
2004-02-05,4.414806184539102,4.414806184539102,4.298966001361733,4.328998565673828,1300000,-0.014756693490420742
2004-02-06,4.354739338441375,4.37190085705853,4.311835746479924,4.337577819824219,1348300,0.0019798491517738024
2004-02-09,4.350450837091864,4.389063961055808,4.324708345286209,4.367612361907959,636600,0.006900403238207804
2004-02-10,4.350451009230084,4.453420162200928,4.337579558236447,4.453420162200928,1292900,0.019455887230431342
2004-02-11,4.440423011779785,4.483744377151973,4.392769840384905,4.440423011779785,1917100,-0.0029227319211927727
2004-02-12,4.613708933346199,4.618041153719931,4.492409654884628,4.505405902862549,3205100,0.014528342696589229
2004-02-13,4.5227338232869805,4.553058949085953,4.466416617824368,4.470748424530029,1279800,-0.007722160134979928
2004-02-17,4.483747159015773,4.557393277955065,4.483747159015773,4.527068138122559,1509700,0.012518692445644752
2004-02-18,4.527067297095743,4.5790527102522205,4.522735076046869,4.548727989196777,2245500,0.004773111227410081
2004-02-19,4.583384607173301,4.635370016653473,4.540063226034835,4.544395446777344,2034000,-0.0009529272923201787
2004-02-20,4.54872613649968,4.5617223812095915,4.46208381652832,4.46208381652832,1836600,-0.01827882341774378
2004-02-23,4.501074238373818,4.540062983544024,4.418763701235711,4.453420639038086,1313500,-0.0019433965312885488
2004-02-24,4.418762449971055,4.470747841953871,4.401433985976783,4.46208381652832,2293700,0.0019433965312886641
2004-02-25,4.462084938555053,4.522734371214202,4.440424249829668,4.505405902862549,1520100,0.009662107171989053
2004-02-26,4.5054052718407,4.566055109148577,4.462084313600688,4.509737491607666,1516100,0.0009609584426810528
2004-02-27,4.52706560009413,4.548726284075507,4.436091057886893,4.531397819519043,3219100,0.004791515358837579
2004-03-01,4.5487281061960205,4.648366714022935,4.540063663875411,4.6180419921875,2554100,0.01894034271802571
2004-03-02,4.618039972689846,4.6830220222473145,4.579050825583998,4.6830220222473145,2425700,0.013972828738799483
2004-03-03,4.696018869701877,4.7826612004237665,4.678690403557499,4.739339828491211,2667300,0.011954216533203612
2004-03-04,4.756667894052841,4.951613638188766,4.713346938911781,4.8606390953063965,6362100,0.025272081041274402
2004-03-05,4.873634813555002,4.968941565589047,4.856306350743644,4.9472808837890625,2354500,0.017668178886074318
2004-03-08,4.916956333739955,4.951613260466353,4.843310261160568,4.869302749633789,2026300,-0.01588735496028507
2004-03-09,4.825983534453432,4.873636722564697,4.80865506485449,4.873636722564697,1673400,0.0008896644034662334
2004-03-10,4.860640031135122,4.864971838283009,4.661362442318009,4.6786909103393555,1787500,-0.04082206790034112
2004-03-11,4.683021931885912,4.782660494217682,4.553058248421861,4.635368347167969,2144600,-0.009302684125325086
2004-03-12,4.678690808935969,4.717679964424785,4.626705405998634,4.704683303833008,777100,0.014842793553338398
2004-03-15,4.639700566350174,4.722010665096282,4.6137076644001,4.635368347167969,1713300,-0.014842793553338379
2004-03-16,4.635367196538506,4.713345469889152,4.600710277970009,4.652695655822754,2431500,0.0037310958990879675
2004-03-17,4.696018483668123,4.808653710919071,4.691686264202351,4.786993026733398,1199200,0.028455691138761455
2004-03-18,4.795656480736063,4.834645624992964,4.704681948517673,4.812984943389893,1040700,0.0054150082946616065
2004-03-19,4.791325412715642,4.795657219188773,4.709014892578125,4.709014892578125,955100,-0.021838728160782896
2004-03-22,4.830312148655986,4.830312148655986,4.661359785047244,4.722009181976318,1682600,0.0027556493373909812
2004-03-23,4.730673617619347,4.760998316083884,4.687352265690267,4.722009181976318,1087500,0.0
2004-03-24,4.700350592138806,4.739339326980503,4.670025469737693,4.691686153411865,1937600,-0.006442344342106222
2004-03-25,4.665691938258815,4.722009116586502,4.661359720497293,4.700348854064941,803200,0.0018446914013194227
2004-03-26,4.683023234653014,4.847643477940825,4.670026573490865,4.821650981903076,2447700,0.02547966654852184
2004-03-29,4.895298004150391,4.895298004150391,4.838980367865416,4.895298004150391,1560200,0.015158756645497179
2004-03-30,4.890963048299423,4.934284409879305,4.86497014872287,4.916955947875977,2082400,0.004414475818346352
2004-03-31,4.908293950440206,5.0252614369699,4.869304788263642,4.951615333557129,2172400,0.0070242241150528665
2004-04-01,4.981938272457935,5.111901962194169,4.981938272457935,5.094573497772217,2085100,0.02846209985634601
2004-04-02,5.090240207117509,5.150890026401912,5.068579527862858,5.146557807922363,1531200,0.010152151179977859
2004-04-05,5.090237367734847,5.090237367734847,4.986266661080082,5.05991268157959,1451600,-0.01697887784875349
2004-04-06,5.064250176709941,5.163889192438687,5.0252614277482515,5.133564472198486,1331800,0.01445102024378659
2004-04-07,5.0772449932301935,5.133562605442316,5.033923625946045,5.033923625946045,1616600,-0.019600521835020535
2004-04-08,5.029592242035215,5.0772458365919695,4.981939060621706,5.012263774871826,1071600,-0.004312060639869005
2004-04-12,4.973273546319145,5.0209271305834715,4.838978058094414,4.882299423217773,1571800,-0.026271362143858678
2004-04-13,4.903960060306931,4.903960060306931,4.735007632573697,4.786993026733398,2273900,-0.019713848470509603
2004-04-14,4.752337873484174,4.795658844903583,4.696020238809933,4.717680931091309,2385200,-0.01458510300256918
2004-04-15,4.739342695769527,4.812988824724473,4.722014219141508,4.7523393630981445,2261800,0.007319643606196851
2004-04-16,4.782662616401181,4.825984001159668,4.748005673851728,4.825984001159668,1363000,0.015377657758779547
2004-04-19,4.799987057890551,4.873633102265108,4.79132303609866,4.85630464553833,1277900,0.006263135628426865
2004-04-20,4.825981818080806,4.85630652580807,4.782660452919151,4.808653354644775,3482600,-0.009860710620979752
2004-04-21,4.8043233087804245,4.890965665154055,4.769666366230973,4.825984001159668,1436200,0.0035975749925529076
2004-04-22,4.895297434336287,4.981939782711301,4.860640494986281,4.934286594390869,1818100,0.022193449965874405
2004-04-23,4.895296677876452,4.964610545865537,4.873635990844052,4.903960704803467,1996600,-0.006164916313388439
2004-04-26,4.916958103133704,4.951615042331589,4.8389797833668124,4.873636722564697,2141300,-0.00620276702707654
2004-04-27,4.873634586296095,4.929952191092692,4.851973905506155,4.916955947875977,2026500,0.008849210555031465
2004-04-28,4.921289847318818,4.921289847318818,4.821651251693482,4.838979721069336,2663200,-0.015985732168189964
2004-04-29,4.812986014137952,4.851975167068795,4.67869050197975,4.713347434997559,2705400,-0.026305533412472833
2004-04-30,4.743671751320664,4.743671751320664,4.613708056803003,4.674357891082764,1733000,-0.008306559856036582
2004-05-03,4.722012303716474,4.873636722564697,4.700352026575274,4.873636722564697,2654000,0.04174861488166778
2004-05-04,4.843310630621335,4.8909638052194575,4.830313972250149,4.8606390953063965,1232500,-0.00267048832925565
2004-05-05,4.825981146075816,4.921287475131253,4.80432046651118,4.899627208709717,2375700,0.007989192008459302
2004-05-06,4.864969064942038,4.908290416871118,4.713345159476321,4.722009181976318,2778500,-0.03692473919575068
2004-05-07,4.6873551722584965,4.756669047811236,4.548727421153019,4.587716579437256,1609500,-0.028851960128642867
2004-05-10,4.54439279050555,4.553057226926062,4.414429136199342,4.466414928436279,3255800,-0.026796365647608518
2004-05-11,4.483744377151973,4.527065329381003,4.397101646407597,4.440423011779785,2366900,-0.005836412565868382
2004-05-12,4.414428772249593,4.505403281449194,4.362443397441683,4.475078582763672,2085900,0.0077742671374218
2004-05-13,4.479411924661766,4.561722018809751,4.440422780486301,4.557390213012695,1564800,0.018226226013215264
2004-05-14,4.548726323011638,4.631036427073608,4.531397858306845,4.592047691345215,1405800,0.0075759067292743235
2004-05-17,4.548728834247659,4.613710509479545,4.505407441997458,4.527068138122559,1479800,-0.014251524872657219
2004-05-18,4.531397858306845,4.592047691345215,4.505404954678062,4.592047691345215,2069200,0.014251524872657255
2004-05-19,4.592047138247967,4.670025013455758,4.548725775132309,4.557390213012695,1588400,-0.007575906729274313
2004-05-20,4.592378372953616,4.627367889093199,4.592378372953616,4.596752166748047,717800,0.008599865436947803
2004-05-21,4.61424965524831,4.631744423670435,4.500533451950409,4.574886322021484,1186500,-0.004768152643716941
2004-05-24,4.5792590908841735,4.614248619877276,4.544269561891071,4.583632469177246,813600,0.0019099485438463515
2004-05-25,4.54864328284431,4.701722796552042,4.539896108491132,4.666733264923096,1246000,0.017967512583221566
2004-05-26,4.64486319727693,4.762953141064945,4.636116025760031,4.73233699798584,1103900,0.01395984849872305
2004-05-27,4.710470458892067,4.767328135813559,4.66673333514371,4.6973490715026855,1016200,-0.0074208381460878926
2004-05-28,4.6754812636362,4.749834135734308,4.64486552233987,4.741086959838867,1039500,0.009268103586792701
2004-06-01,4.68860071825163,4.732337413895973,4.644863605499268,4.644863605499268,1099700,-0.02050441772960872
2004-06-02,4.684227066728073,4.714842796325684,4.627368985255343,4.714842796325684,1408900,0.014953566237252965
2004-06-03,4.6711058056444505,4.6711058056444505,4.592379172077137,4.622994899749756,1794400,-0.019672832575743426
2004-06-04,4.622995280365798,4.666732395305896,4.60112714000379,4.649237632751465,886200,0.005660514440485798
2004-06-07,4.657987098320977,4.806692861786545,4.657987098320977,4.762956142425537,1428400,0.024165257591444268
2004-06-08,4.762953705245395,4.762953705245395,4.67110609934453,4.714842796325684,1862800,-0.010152939456186614
2004-06-09,4.727965153827812,4.732338532450342,4.657985673461799,4.666733264923096,853600,-0.0102562624470721
2004-06-10,4.679853975240399,4.723591095902909,4.666733005884885,4.719217300415039,1018000,0.011183647763260503
2004-06-14,4.714843766635868,4.7192175623665165,4.657985673461799,4.666733264923096,1011600,-0.011183647763260397
2004-06-15,4.679853916168213,4.732338210035876,4.649238182355766,4.679853916168213,935600,0.0028075830481337567
2004-06-16,4.6623589314323395,4.675479900002782,4.588006081019713,4.627369403839111,1301100,-0.011278351633885115
2004-06-17,4.605502089364397,4.701723524801795,4.583633524432054,4.662360191345215,1493100,0.007533255435372357
2004-06-18,4.627369984864411,4.920407628083359,4.622996189089054,4.898539066314697,3702800,0.049415212179530404
2004-06-21,4.916032535355596,4.977264408731973,4.894163979356318,4.929153919219971,1179600,0.006230343577506786
2004-06-22,4.929154408501118,4.933527786448677,4.898538260219882,4.920406818389893,940700,-0.0017761407564502688
2004-06-23,4.907286997170975,4.98601324103017,4.89416560893765,4.981639862060547,859200,0.012367912652565437
2004-06-24,4.990386700315791,5.090981917774873,4.9685181385109365,5.042870998382568,1130600,0.012216436031739476
2004-06-25,5.047243763024901,5.086607082810179,4.972890918343383,5.012254238128662,996400,-0.00608980080386077
2004-06-28,5.007878615051826,5.073484263113152,4.994757652282715,4.994757652282715,837500,-0.0034968687689604576
2004-06-29,4.994761991950474,5.064741076997138,4.937903881072998,4.937903881072998,1058400,-0.011447967281721202
2004-06-30,4.937902247288745,5.03412366594563,4.937902247288745,5.029749870300293,1209700,0.0184293297204588
2004-07-01,5.029749355276411,5.060365087442642,4.929154568382755,4.933527946472168,1733900,-0.01931591536758956
2004-07-02,4.959770277194242,5.003506977638899,4.942275513594765,4.990386009216309,710200,0.011458923394830615
2004-07-06,4.94227433824639,5.051616689016851,4.94227433824639,4.986011028289795,953300,-0.0008770663778754195
2004-07-07,4.964141933452161,5.042868127174712,4.942273384098385,4.994757652282715,1989700,0.0017526959118969617
2004-07-08,5.0166306931552445,5.082235982846792,4.986014529805365,5.055994033813477,1151300,0.01218558396083234
2004-07-09,5.0734862437311605,5.0909810066223145,5.051617685840206,5.0909810066223145,766800,0.006896067315023917
2004-07-12,5.11285137323161,5.1390937375467045,5.090983222928634,5.117225170135498,1612400,0.0051417890428517585
2004-07-13,5.117223813173955,5.165334732142426,5.077860485693613,5.108476638793945,1444800,-0.0017110871487418008
2004-07-14,5.073489492724804,5.156589565396928,5.055994718630235,5.0997314453125,1482000,-0.001713365469977492
2004-07-15,5.082231915088029,5.169705703699851,5.077858121380456,5.156584739685059,3464400,0.011086607643393207
2004-07-16,5.19157536128593,5.265928201725137,5.1565858383860705,5.226564884185791,1833900,0.013479764170253424
2004-07-19,5.248436128671993,5.305294236785594,5.244062331792125,5.261557102203369,1334100,0.0066727576015278185
2004-07-20,5.335906738614577,5.35340149839595,5.314038184610867,5.340280532836914,1592900,0.014851175854228963
2004-07-21,5.38839364373689,5.38839364373689,5.007882120236786,5.2484354972839355,9593300,-0.01734815415614176
2004-07-22,5.16096026714225,5.16096026714225,4.885417427619451,4.990386009216309,2437200,-0.05041676834727177
2004-07-23,4.994759962882454,4.994759962882454,4.951022843941903,4.964144229888916,1722000,-0.005272341232626739
2004-07-26,4.94665021916914,4.994760723645095,4.8373078222716694,4.9029130935668945,1544000,-0.012411384737927852
2004-07-27,4.885421143145176,5.016632178485648,4.885421143145176,4.9991374015808105,1309900,0.019435840509646942
2004-07-28,4.9510227101540245,5.003507001199592,4.894164623910975,4.933527946472168,1187900,-0.013211037933923064
2004-07-29,4.942275513594765,5.0603650636142135,4.920406954818404,4.990386009216309,2408600,0.011458923394830615
2004-07-30,4.999135058433756,5.125972235821008,4.990387465527235,5.077861309051514,913600,0.017376907460950518
2004-08-02,5.051617939681045,5.108476026211393,5.016628412140534,5.038496971130371,1445500,-0.0077823531958573396
2004-08-03,5.0297488275535756,5.143464988108539,5.012254065707276,5.095354080200195,1914500,0.011221342290146558
2004-08-04,5.073488235473633,5.095356384841504,5.007882536045382,5.073488235473633,1724200,-0.004300563967504889
2004-08-05,5.069112504019139,5.095354440088061,4.968517303466797,4.968517303466797,722000,-0.02090712959850273
2004-08-06,4.968518939634483,5.025377042651651,4.881045095418912,4.885418891906738,2421900,-0.016866433852589836
2004-08-09,4.907285644973234,4.942275169737803,4.80231665357149,4.81106424331665,1744800,-0.01533671641371115
2004-08-10,4.85480171845785,4.933527946472168,4.832933159578513,4.933527946472168,2593100,0.025136023882238012
2004-08-11,4.933528191470022,4.951022956020664,4.837307194995535,4.889791488647461,1469400,-0.00890467771384468
2004-08-12,4.863312523102236,4.889791301865939,4.832420053381115,4.867725372314453,1100700,-0.0045229035755723
2004-08-13,4.863312964230278,4.885378474910623,4.810354560154066,4.828007221221924,1025000,-0.008192959713184633
2004-08-16,4.819180884640995,4.929510116577148,4.80594149465299,4.929510116577148,1386800,0.020805816352533257
2004-08-17,4.916272760904446,4.964817491529642,4.898620093325031,4.938338279724121,925600,0.0017892787054927528
2004-08-18,4.925097348084709,4.982468605041504,4.925097348084709,4.982468605041504,817500,0.008896578051071736
2004-08-19,4.9780552824334725,4.9780552824334725,4.854486649207091,4.876552581787109,1451300,-0.021486939977941696
2004-08-20,4.89861773366291,4.951575710891322,4.876551804599591,4.92509651184082,850800,0.009905338683242646
2004-08-23,4.938337627489126,4.964816835797383,4.836834907531738,4.836834907531738,1098600,-0.018083308656326805
2004-08-24,4.8633130953762596,4.8853786066516305,4.7088519912127635,4.744157314300537,2653000,-0.01934674025565916
2004-08-25,4.761809975844424,4.801528569536331,4.735330773092269,4.744157314300537,2217200,0.0
2004-08-26,4.74415757612474,4.74415757612474,4.545565017577774,4.682373046875,3151600,-0.01310877911742506
2004-08-27,4.677961194800211,4.7088532555786236,4.6735479230110775,4.695613861083984,967800,0.0028238092326946843
2004-08-30,4.730918146993185,4.9030314999637845,4.695612822236514,4.885378837585449,6199000,0.03961798173418495
2004-08-31,4.885378474910623,4.907444406463605,4.823594371609438,4.828007221221924,2809200,-0.011813034751867183
2004-09-01,4.854488542646081,4.87214121142079,4.72209331639935,4.823596477508545,3829100,-0.0009139919454034881
2004-09-02,4.8412463451159775,4.845659194101744,4.647066680074596,4.713264465332031,3748600,-0.023139046607224618
2004-09-03,4.713265261816898,4.788289178596579,4.7088519912127635,4.744157314300537,1843900,0.0065330614550407765
2004-09-07,4.788287922712803,4.797114040733486,4.74415606999177,4.77946138381958,1174000,0.0074140371121493905
2004-09-08,4.7662224042527095,4.7662224042527095,4.660306453704834,4.660306453704834,1616800,-0.025246650372173756
2004-09-09,4.686787769344934,4.7309196497453705,4.677961645788528,4.722093105316162,951900,0.013170947243811536
2004-09-10,4.744155937075607,4.744155937075607,4.633826729236639,4.647066116333008,1094400,-0.01601607806964845
2004-09-13,4.673544791060955,4.7309160232543945,4.638239482153066,4.7309160232543945,1444900,0.017882768428286837
2004-09-14,4.7309165926269205,4.739742710479888,4.700024127960205,4.700024127960205,1414900,-0.006551203863953227
2004-09-15,4.708852081362974,4.722091472556193,4.633828163146973,4.633828163146973,1034300,-0.014184298743828181
2004-09-16,4.6294146647048775,4.757396562270081,4.6294146647048775,4.748570442199707,3922000,0.024460269644673946
2004-09-17,4.761810761311488,4.8015293615550325,4.708852767944336,4.708852767944336,1487500,-0.008399308537651766
2004-09-20,4.708851195473687,4.730917123892832,4.677959148210431,4.713264465332031,1354400,0.000936455703292931
2004-09-21,4.691199225485398,4.713265157143372,4.616175310371869,4.625001430511475,1574800,-0.018904080113758253
2004-09-22,4.589694976806641,4.625000290407265,4.474952918040877,4.589694976806641,3454800,-0.007663112254582826
2004-09-23,4.5632164109597015,4.602934995796971,4.408755341230889,4.4617133140563965,4395500,-0.02828072461099781
2004-09-24,4.4528876888188735,4.461713808164286,4.382277050565162,4.421995639801025,5878000,-0.008941746987961368
2004-09-27,4.421997060302629,4.43523645401001,4.316080648025367,4.43523645401001,4628000,0.00298983337732616
2004-09-28,4.413169132065172,4.4837797708385985,4.413169132065172,4.474953651428223,1768000,0.0089150646625355
2004-09-29,4.457300991734866,4.4837797708385985,4.413169132065172,4.474953651428223,2746000,0.0
2004-09-30,4.501431366293301,4.63382649312862,4.470539324351645,4.572041988372803,3470100,0.021463935248529048
2004-10-01,4.655895705588311,4.7750511092730035,4.633829765388092,4.722093105316162,4228100,0.03229222611773732
2004-10-04,4.722090143631254,4.783874653266191,4.713264025610571,4.77946138381958,2099800,0.012075703128362047
2004-10-05,4.779461428106808,4.8368326688267445,4.722090187386871,4.819180011749268,1817700,0.008275932601324951
2004-10-06,4.788288729582613,4.814767508979114,4.7662227995037885,4.797114849090576,1287700,-0.004589127455536118
2004-10-07,4.810353765346327,4.8235935746141045,4.766222330404773,4.783874988555908,1147200,-0.0027637789386515555
2004-10-08,4.775050510653416,4.903032442722987,4.76181111654215,4.832421779632568,2707000,0.010096860502104241
2004-10-11,4.8103529993953,4.845658310075917,4.801526882161397,4.8059401512146,832500,-0.0054950613483650285
2004-10-12,4.766221523284912,4.783874178446717,4.72208967494415,4.766221523284912,1427800,-0.008298826792448567
2004-10-13,4.78828783172507,4.814766606156504,4.660305966313054,4.700024127960205,1823700,-0.013986215202105048
2004-10-14,4.677960682626529,4.691200075671633,4.651481475663605,4.669134140014648,979900,-0.006593996811395361
2004-10-15,4.6823719971961975,4.713264465332031,4.655893219791286,4.713264465332031,1182500,0.00940711487788232
2004-10-18,4.744155937075607,4.744155937075607,4.64265326788257,4.647066116333008,1138200,-0.014144682630820526
2004-10-19,4.638241728592955,4.664720512662102,4.602936402585636,4.611762523651123,1663200,-0.007625967634916759
2004-10-20,4.602936117538982,4.629414899968374,4.5720436435411465,4.620588779449463,1119300,0.001912028300814909
2004-10-21,4.6338288020241665,4.6338288020241665,4.572044266483,4.602936744689941,617000,-0.0038276158643366287
2004-10-22,4.5896991228353645,4.6205916157965365,4.572046450088802,4.594112396240234,643700,-0.001918952703714247
2004-10-25,4.585286270303412,4.625004468328489,4.585286270303412,4.594112396240234,895700,0.0
2004-10-26,4.607348338715505,4.6691328574083695,4.54997751098886,4.651480197906494,1305900,0.012409921231049642
2004-10-27,4.620589065589296,4.651481120627529,4.589696589678377,4.611762523651123,1094100,-0.008575380963813708
2004-10-28,4.598522649220017,4.638241242029843,4.567630597422438,4.625001430511475,3432600,0.0028665701519790393
2004-10-29,4.655893473732594,4.730917381926087,4.611761614487269,4.638240814208984,1594700,0.002858479215495991
2004-11-01,4.642654264095039,4.739743684798385,4.625001183015211,4.673546314239502,1978000,0.00758300608065007
2004-11-02,4.700023751006259,4.7353290613316155,4.602934358047776,4.61617374420166,1519000,-0.012351997504398419
2004-11-03,4.655892696950304,4.770635175146603,4.655892696950304,4.700024127960205,1566500,0.0180014742555236
2004-11-04,4.713263605459855,4.858898117235524,4.682371142959939,4.8059401512146,1602700,0.02228504199455358
2004-11-05,4.823594501684353,4.828007351415836,4.677959938729124,4.744157314300537,1007200,-0.012938862473025886
2004-11-08,4.78828984415539,4.854487228928052,4.757397366505133,4.84566068649292,1825500,0.021169778814226485
2004-11-09,4.828005654735609,4.836832192842014,4.651479101332525,4.8059401512146,3884200,-0.00823091634120046
2004-11-10,4.805941695711369,4.805941695711369,4.695612459159551,4.748570442199707,2224100,-0.012009071093707965
2004-11-11,4.832421779632568,4.880966926161793,4.766224388203488,4.832421779632568,2405600,0.017504132442072957
2004-11-12,4.797113608923133,4.9868799693202694,4.797113608923133,4.969227313995361,2851500,0.02791661234645799
2004-11-15,4.942749506565153,4.995707487389793,4.907444186015394,4.929510116577148,1847400,-0.008024742717728187
2004-11-16,4.973643576754402,4.973643576754402,4.863314309346783,4.911859035491943,3621800,-0.00358712283616029
2004-11-17,4.916272813052674,5.075146822952636,4.9118595408928085,5.004536151885986,7792000,0.018692239079675155
2004-11-18,5.008947960402293,5.048666135616805,4.964816093444824,4.964816093444824,1801000,-0.007968475310638937
2004-11-19,4.964815437126909,4.973641977700658,4.85889947547763,4.929510116577148,2282300,-0.007136640932875938
2004-11-22,4.876554308216358,4.947164980772337,4.872141035963407,4.920685768127441,3353100,-0.0017917107260962887
2004-11-23,4.920685319803231,4.9340445273219,4.849435646794929,4.916232109069824,2745200,-0.0009054989413397314
2004-11-24,4.920681615946484,5.045368449857719,4.893962796339176,5.018650054931641,2600000,0.020618578564123146
2004-11-26,5.018652619586522,5.138886307558704,5.014199409929399,5.049824237823486,760000,0.006192454110466995
2004-11-29,5.014200062172915,5.054278104937447,4.91623156037978,4.978575229644775,2206400,-0.014209686652509131
2004-11-30,4.987480324576257,5.032011569533761,4.965214702097505,4.969667911529541,2058200,-0.0017907323673348953
2004-12-01,5.00974629194111,5.00974629194111,4.951855839383572,4.983027458190918,2818700,0.0026846103871899685
2004-12-02,4.94295072555542,4.991934767366025,4.911778676510917,4.94295072555542,2508400,-0.00807516391256253
2004-12-03,4.929589401990094,5.054276706008991,4.920683408663821,5.023104667663574,1886200,0.016085736485219652
2004-12-06,4.996386905890232,5.023105313988302,4.938496455435828,4.951855659484863,1352300,-0.014285815195798895
2004-12-07,4.942950376302998,4.969668788245846,4.871700286865234,4.871700286865234,3349400,-0.016319375993373623
2004-12-08,4.893966842330541,4.9563105231681925,4.853888792126449,4.87615442276001,2057100,0.0009138700437070425
2004-12-09,4.876154393943757,4.898420024445736,4.818263924511245,4.880607604980469,1744000,0.0009128402470051921
2004-12-10,4.876152224906744,4.902871054560216,4.83162140839281,4.853886604309082,847900,-0.005489975587992158
2004-12-13,4.885060649053188,4.916232275881612,4.840529389571243,4.8984198570251465,1583900,0.00913292920744158
2004-12-14,4.87615450609923,4.929591765724131,4.8494360886275745,4.920685768127441,1998300,0.004535229605757153
2004-12-15,4.911777711222814,5.063183442113408,4.8984185069328925,5.049824237823486,2323500,0.0259055337332503
2004-12-16,5.032012313046689,5.054277938815334,4.951856230152164,4.996387481689453,2987300,-0.010638290649759212
2004-12-17,4.974121435950717,5.054277512077583,4.974121435950717,4.987480640411377,2575100,-0.0017842470537642624
2004-12-20,5.0097454933968955,5.032011113859381,4.951855050066987,4.965214252471924,1663600,-0.0044744514582574155
2004-12-21,4.987480640411377,5.032011888188848,4.956309021776018,4.987480640411377,1690000,0.0044744514582574476
2004-12-22,5.009746851936522,5.032012478436985,4.969668809171989,4.978575229644775,2194800,-0.0017871489489857007
2004-12-23,4.996386850784591,5.018652473741706,4.951855604870361,4.960762023925781,1221700,-0.003584388845315402
2004-12-27,4.951857113594542,4.99193516219198,4.8984198570251465,4.8984198570251465,1237300,-0.012646687841182907
2004-12-28,4.925137403140661,5.009746264300112,4.916230983712586,4.987480640411377,788900,0.01801822563548414
2004-12-29,4.960761730308561,5.036464589073195,4.951855311780293,4.991933345794678,915300,0.0008923781867238868
2004-12-30,4.974120933419552,5.018652176698071,4.974120933419552,4.991933345794678,883000,0.0
2004-12-31,5.0097458867310065,5.0854487474383445,4.978574270444957,5.03201150894165,1153700,0.007996527772697017
2005-01-03,5.023103156167109,5.049821977468766,4.920681927986816,4.925135135650635,2121500,-0.021468093587683867
2005-01-04,4.93849810359766,4.983028940183199,4.871701211696982,4.87615442276001,1583300,-0.00999483187367591
2005-01-05,4.8761547902645255,4.898420422576194,4.77818626290215,4.787092685699463,1862600,-0.01843360890243749
2005-01-06,4.78709075097242,4.818262368801621,4.74701271394548,4.791543960571289,3343700,0.0009294172765146058
2005-01-07,4.791544657722111,4.84052869639233,4.760372610676058,4.764825820922852,1580500,-0.005591706866951449
2005-01-10,4.769279031169646,4.831622700580247,4.742560194370387,4.764825820922852,1206500,0.0
2005-01-11,4.764823618733746,4.787089234995569,4.698027194629587,4.742558002471924,1180200,-0.004684329481802046
2005-01-12,4.73810566898771,4.751464870141131,4.698027640846099,4.747011661529541,835300,0.0009386430665036037
2005-01-13,4.755919187594138,4.827168843266022,4.755919187594138,4.782637596130371,959600,0.0074768964957104824
2005-01-14,4.81826178122538,4.8716990158509335,4.7959965853091076,4.853886604309082,1107600,0.014787553071475383
2005-01-18,4.853888115197712,4.8850601636100395,4.787091657294124,4.849435329437256,1246900,-0.0009174744926451506
2005-01-19,4.840529225328117,4.942950948788712,4.831623228542854,4.916232109069824,1151000,0.013680134364504094
2005-01-20,4.92513897926658,4.947404185599098,4.87615450609923,4.920685768127441,1687300,0.0009054989413397915
2005-01-21,4.95185473020946,4.987479550775752,4.885058297818004,4.8939642906188965,1644500,-0.005445236126446537
2005-01-24,4.885060262680234,4.9830283463014435,4.876153841615653,4.94295072555542,961500,0.009959797314480373
2005-01-25,4.9652163215664995,4.987481951307473,4.867248230196723,4.8984198570251465,1053900,-0.009049790793791052
2005-01-26,4.902871024794628,5.0097454933968955,4.902871024794628,4.965214252471924,2506800,0.013543774177226624
2005-01-27,4.942949317933436,5.0231049612807945,4.929589690141035,4.991933345794678,1375700,0.005366829644981276
2005-01-28,5.027559602261288,5.027559602261288,4.911778676510917,4.94295072555542,1905100,-0.009860813028416978
2005-01-31,4.969667565107618,5.01419880696097,4.956308362424171,5.0097455978393555,1279200,0.013422669188126402
2005-02-01,5.112167492912786,5.1433395359447065,5.067636670223747,5.098808288574219,3310800,0.01762170858532889
2005-02-02,5.121074604120708,5.214589896487564,5.080996561008984,5.183418273925781,1301800,0.016457893556994806
2005-02-03,5.187866989650919,5.2279450013215465,5.152242184761732,5.210132598876953,1840200,0.005140569206088281
2005-02-04,5.245758522211427,5.317008147180893,5.236852531430876,5.303648948669434,1993800,0.01778975826335015
2005-02-07,5.2813872681751945,5.29919968768392,5.223496798601443,5.241309642791748,992400,-0.011823665609184611
2005-02-08,5.219042320329723,5.276932771136586,5.219042320329723,5.268026351928711,1400100,0.005084387197214947
2005-02-09,5.25466714779834,5.308104389001266,5.196776696991477,5.268026351928711,1337700,0.0
2005-02-10,5.263572662532785,5.321463108062744,5.236854256707514,5.321463108062744,4609600,0.01009249972204986
2005-02-11,5.321462948530772,5.357087771684073,5.2724789228653295,5.339275360107422,3018100,0.003341657554616919
2005-02-14,5.348257028818166,5.487464580824294,5.334785468383116,5.456030368804932,2219300,0.021631543246044268
2005-02-15,5.433579341102677,5.572786501498881,5.4066357848870865,5.527881145477295,3431600,0.013083099122273876
2005-02-16,5.482974269392997,5.545842269208445,5.478483606209062,5.536860942840576,1223200,0.0016231375775597422
2005-02-17,5.536860942840576,5.550332504139168,5.465012044910471,5.536860942840576,1405500,0.0
2005-02-18,5.536861787152778,5.536861787152778,5.361729750552475,5.388673305511475,1763300,-0.027128508711268824
2005-02-22,5.3662197557220725,5.3662197557220725,5.258446405621721,5.262937068939209,2004800,-0.023609965604285927
2005-02-23,5.2853886051182375,5.393161927647058,5.271916618612298,5.325803279876709,1681600,0.011874301859855774
2005-02-24,5.3392770973088295,5.352748660181274,5.280899753857218,5.298861980438232,1092600,-0.005071474069480429
2005-02-25,5.303352853029846,5.456031570855386,5.303352853029846,5.4380693435668945,1891400,0.02593202096603815
2005-02-28,5.433578225327971,5.482974235284331,5.379691123962402,5.379691123962402,813500,-0.01079313717363116
2005-03-01,5.379693052933856,5.456032640945731,5.352749920843409,5.415617942810059,1246100,0.006656030181882568
2005-03-02,5.388672470463395,5.4919551539190685,5.379691144117748,5.451540470123291,2150200,0.006611232999678263
2005-03-03,5.473993129897644,5.568294918713508,5.456030904801919,5.541351795196533,2215900,0.016340253543420356
2005-03-04,5.559313948122679,5.631162847572856,5.545842386539077,5.599729061126709,1541400,0.01047973728135164
2005-03-07,5.599727865337928,5.640142969711551,5.586255878377967,5.617690086364746,1652500,0.003202348125021991
2005-03-08,5.6581064674956005,5.752408256228968,5.6356535790822795,5.662596702575684,3883000,0.007962005626867375
2005-03-09,5.622183740147637,5.671579767190842,5.568296620141685,5.572787284851074,1710100,-0.01598722939847497
2005-03-10,5.5638048732604215,5.577276435478059,5.4695030812304735,5.54584264755249,1099200,-0.004846764432134182
2005-03-11,5.5009368691560425,5.658106665290369,5.5009368691560425,5.54584264755249,1375200,0.0
2005-03-14,5.550367335370247,5.672601952016775,5.545840015411376,5.65902042388916,1292000,0.020202232702225587
2005-03-15,5.649965776311459,5.68165658423159,5.563948855954519,5.577530384063721,1043700,-0.014504712329397191
2005-03-16,5.56847786824929,5.627331750274383,5.477933600421888,5.5005693435668945,1443100,-0.013894491030037478
2005-03-17,5.4462430087982625,5.559423456214888,5.4462430087982625,5.541314601898193,1261900,0.0073801614780531185
2005-03-18,5.5141522727579275,5.5956419121920895,5.477934559287367,5.554897308349609,2814300,0.002448171203888921
2005-03-21,5.541313201405046,5.600167070997057,5.505095501925199,5.514150142669678,1117400,-0.007362394987995172
2005-03-22,5.532260981419738,5.532260981419738,5.328536240663317,5.360226631164551,2927700,-0.028311285464478878
2005-03-23,5.351171094305071,5.355698415549618,5.174609883258917,5.233463764190674,5321100,-0.023932909653202796
2005-03-24,5.2561003839117735,5.391917021665783,5.247046171661073,5.360226631164551,1777700,0.023932909653202942
2005-03-28,5.432661072950804,5.468878778897214,5.391916045823816,5.3964433670043945,1795600,0.006733844711957135
2005-03-29,5.387388022126272,5.400969983896917,5.2425172172318275,5.256098747253418,2714300,-0.02635103229948171
2005-03-30,5.314954235414151,5.428134694081824,5.305900023230313,5.387389659881592,2608900,0.024671905920679752
2005-03-31,5.391913887932209,5.491512755299044,5.3692777228376185,5.446240425109863,1864100,0.010864565922017778
2005-04-01,5.491513957124718,5.496041277484234,5.346643159612459,5.405496597290039,1746400,-0.007509216117548289
2005-04-04,5.441713082210136,5.441713082210136,5.382859230587773,5.400968074798584,3081100,-0.0008381136465904735
2005-04-05,5.400969480682235,5.432659858363001,5.396442160513836,5.4100236892700195,3201800,0.0016752610282090752
2005-04-06,5.3783333115892535,5.428132538194602,5.3783333115892535,5.4100236892700195,4342800,0.0
2005-04-07,5.4371869392352,5.509622331745574,5.400969242980013,5.46887731552124,1221500,0.010819879763472203
2005-04-08,5.464350236043767,5.48245908496835,5.40549636910162,5.4100236892700195,1051400,-0.010819879763472161
2005-04-11,5.396444292277899,5.505097428746778,5.396444292277899,5.47793436050415,1126800,0.012474616743990145
2005-04-12,5.477935807118884,5.482462698521995,5.369282210207549,5.459826946258545,2048600,-0.0033109939556931413
2005-04-13,5.49151373328929,5.518676790841149,5.432659866261575,5.473404884338379,1903700,0.002483793496866601
2005-04-14,5.473405107435686,5.5141501271732665,5.387387747601007,5.405496597290039,1563300,-0.012484563666782142
2005-04-15,5.410025416733635,5.432661593054527,5.301372288492342,5.324008464813232,2171000,-0.015189833793695833
2005-04-18,5.319481105952412,5.39644384585506,5.301372251372327,5.351171493530273,866500,0.005089017224172842
2005-04-19,5.3511717684531845,5.396444123103893,5.324008701062097,5.346644878387451,1382500,-0.0008462690432521008
2005-04-20,5.351170586031811,5.364752548475389,5.28326250081023,5.287789821624756,1403500,-0.011068883176721639
2005-04-21,5.351171493530273,5.378334991274976,5.283263396792242,5.351171493530273,1241500,0.011915152219973753
2005-04-22,5.333062902252889,5.4145529677611535,5.333062902252889,5.364753723144531,864300,0.0025349629850810436
2005-04-25,5.387388900845361,5.509623986224197,5.387388900845361,5.5005693435668945,1956100,0.025001133217349664
2005-04-26,5.47793366327543,5.500569406680158,5.373807430267334,5.373807430267334,1525000,-0.023314927935533507
2005-04-27,5.373805999233859,5.500567941890238,5.346642941682,5.473404884338379,1776000,0.01836421196940806
2005-04-28,5.455294607431019,5.47340345164183,5.364750386376961,5.400968074798584,848100,-0.01332267731337263
2005-04-29,5.396444343665729,5.410025877916373,5.283263884162251,5.360226631164551,2128400,-0.007571954491034038
2005-05-02,5.373807935007021,5.396444112287003,5.287790979442097,5.364753723144531,1504400,0.0008442145531822869
2005-05-03,5.369279158223415,5.44624188107034,5.364752269393461,5.437187671661377,1640600,0.013411484394898601
2005-05-04,5.432663439093386,5.464353837661656,5.3873910710678885,5.459826946258545,1212500,0.004155139359459233
2005-05-05,5.446243561216473,5.473407061321309,5.3783354585781655,5.44171667098999,1073800,-0.003322518822020704
2005-05-06,5.455297691656017,5.464351903005889,5.414552661208721,5.423606872558594,904600,-0.0033335068447591498
2005-05-09,5.423605462221025,5.518677031292883,5.382860874117973,5.514150142669678,3236700,0.016556472823718603
2005-05-10,5.486990522841847,5.51415403248805,5.36475580880728,5.414555072784424,2050700,-0.01822683020063046
2005-05-11,5.4145515005153895,5.477932693374344,5.38286111996044,5.437187671661377,1379900,0.004171243684232377
2005-05-12,5.437185763220207,5.812944604406223,5.382859230587773,5.400968074798584,1415100,-0.006683744457046869
2005-05-13,5.405498829617537,5.428135009014226,5.27873682944497,5.328536510467529,1157600,-0.013501586035957957
2005-05-16,5.328535276292154,5.414552219977599,5.292317138596633,5.3964433670043945,1085100,0.012663476256881067
2005-05-17,5.364753924400341,5.459825527143485,5.3330631023198345,5.44171667098999,912400,0.00835447477356227
2005-05-18,5.468876590204454,5.500566962287517,5.432658898752685,5.446240425109863,1155000,0.000830964769653432
2005-05-19,5.446241833020804,5.523204555188724,5.446241833020804,5.518677234649658,1940600,0.013212659791051531
2005-05-20,5.523204090348749,5.523204090348749,5.44624137465811,5.46435022354126,2540400,-0.009892983405824287
2005-05-23,5.441717131748041,5.46435288004462,5.400972094015439,5.432662487030029,1310300,-0.005815873885993272
2005-05-24,5.423605709924352,5.441714992240385,5.369279158223415,5.437187671661377,873700,0.0008326121936741019
2005-05-25,5.410024197454033,5.432660368673315,5.342116115545238,5.382861137390137,1704800,-0.01004191233389204
2005-05-26,5.382860631757652,5.432659858363001,5.373805991420854,5.4100236892700195,959200,0.005033428905054365
2005-05-27,5.423607360520526,5.486988572668631,5.410025826399212,5.47793436050415,1767600,0.012474616743990145
2005-05-31,5.500571479588455,5.591116214325966,5.4688810814799025,5.550371170043945,2152100,0.013136714621766483
2005-06-01,5.559425138122639,5.613751717508287,5.527734741418329,5.573007106781006,2026900,0.004069980795448427
2005-06-02,5.5684764282816985,5.6046941260470255,5.5413129390831966,5.563949108123779,1415000,-0.001626656418456781
2005-06-03,5.563952187007991,5.649969158861982,5.554897973430901,5.604697227478027,1597600,0.007296909389388025
2005-06-06,5.604696245772497,5.6318593134952,5.582060068170793,5.613750457763672,832100,0.0016139901891831774
2005-06-07,5.61375024864185,5.704294955675719,5.577532538527966,5.582059860229492,1846200,-0.005661168110431928
2005-06-08,5.6046938796297034,5.6861839118933855,5.6046938796297034,5.65902042388916,2043600,0.013692948399835966
2005-06-09,5.618277529407816,5.6544952392578125,5.550369431376364,5.6544952392578125,1242400,-0.000799960862282242
2005-06-10,5.6544952392578125,5.695240270776347,5.613750207739278,5.6544952392578125,991800,0.0
2005-06-13,5.6453876131922875,5.695467944017,5.5725439692825605,5.690915107727051,1387800,0.006420216185230815
2005-06-14,5.69091979993156,5.731894491960303,5.668156033895289,5.727341651916504,1231700,0.006380425406905457
2005-06-15,5.727339717993646,5.772867234693133,5.709128798150366,5.7546563148498535,1236100,0.004757833007664386
2005-06-16,5.745549624838112,5.791077133510638,5.70457495386934,5.786524295806885,3622900,0.005522496012225632
2005-06-17,5.795629558927522,5.804735234369429,5.695469734161569,5.759207725524902,3045900,-0.004731899406922985
2005-06-20,5.722787351391736,5.759209194081663,5.695471186465598,5.750103950500488,1101800,-0.0015819846015687055
2005-06-21,5.74099678713436,5.809288050143148,5.713680629276846,5.786524295806885,1082100,0.00631388400849156
2005-06-22,5.8047380799912585,5.818396165667137,5.768316228733774,5.777421474456787,1082900,-0.0015743455410636364
2005-06-23,5.781973732833538,5.845712183214403,5.763762809036529,5.841159343719482,2517000,0.010971823437091114
2005-06-24,5.845708894075692,5.845708894075692,5.77741764262457,5.804734230041504,1222400,-0.00625546373508053
2005-06-27,5.804736235873228,5.804736235873228,5.750103476343389,5.7546563148498535,702000,-0.008664510173172468
2005-06-28,5.772866979099134,5.918554331395055,5.745550383452369,5.891237735748291,2532500,0.02345679648950471
2005-06-29,5.918553802979074,5.973186555212362,5.877579130258477,5.941317558288574,2416000,0.00846480245825853
2005-06-30,5.945869336672984,6.0414767445902715,5.9322108254116275,6.01416015625,2474800,0.012185794844297949
2005-07-01,6.041477086534405,6.150742577714972,5.995949581451269,6.105215072631836,3041200,0.015026621092381598
2005-07-05,6.087006570945198,6.150745016497515,5.995951958858059,6.091559410095215,1790500,-0.0022392261596544086
2005-07-06,6.0915566500012535,6.10066188999305,6.000502079171085,6.01416015625,1613400,-0.01278739493272716
2005-07-07,5.968633546070905,6.073346643817327,5.9367645500614525,6.055135726928711,1436700,0.006790077649481376
2005-07-08,6.064241292661791,6.146190640135338,6.055136050821691,6.141637802124023,1556700,0.014184657174832391
2005-07-11,6.146188707128444,6.1826105313990585,6.127977794993137,6.159846782684326,2969400,0.002960454688835848
2005-07-12,6.168955869436477,6.187166791648803,6.096112180587175,6.127981185913086,1043200,-0.00518654204555428
2005-07-13,6.1279777516625655,6.255454135708337,6.100661166561562,6.200821399688721,1691100,0.011816404846919705
2005-07-14,6.246352812850586,6.260010896872617,6.132534432907447,6.168956279754639,1208500,-0.005152103982130069
2005-07-15,6.214481771897579,6.282773042797995,6.205376529620387,6.255456447601318,4093400,0.013924451379607333
2005-07-18,6.269115988026989,6.278221231793957,6.209930383902525,6.223588466644287,2385000,-0.005107450201806257
2005-07-19,6.2281394179956315,6.264561250390022,6.187164748006319,6.196269989013672,1162000,-0.004399167959164486
2005-07-20,6.182611465454102,6.214480457959986,6.114320643175075,6.182611465454102,1621300,-0.0022067468943116017
2005-07-21,6.178059766094202,6.178059766094202,6.046030500303105,6.077899932861328,1064300,-0.017081518906423003
2005-07-22,6.091556891021246,6.214480457959986,6.06424030160016,6.182611465454102,918500,0.017081518906422923
2005-07-25,6.168954820896722,6.228140416572639,6.168954820896722,6.191718578338623,813200,0.0014719365810639874
2005-07-26,6.232694258869905,6.250905182188968,6.1689562443445105,6.187167167663574,952000,-0.000735350656518141
2005-07-27,6.173506624136463,6.2600083668932385,6.173506624136463,6.246350288391113,1105200,0.009520003960087356
2005-07-28,6.2600092244874865,6.300983899789703,6.228140225555784,6.2918782234191895,901200,0.007262291492553353
2005-07-29,6.291878285075187,6.346511041285989,6.2099293678502585,6.255456447601318,1220200,-0.005805516321904079
2005-08-01,6.25090172874168,6.314640142236055,6.2281384128059365,6.23724365234375,1305500,-0.002915752081620939
2005-08-02,6.282772990202519,6.360169502732211,6.264562071618035,6.30553674697876,1715900,0.010889733750392665
2005-08-03,6.305538039852333,6.382934568251239,6.291879522476547,6.378381729125977,1804500,0.011486321547470419
2005-08-04,6.355617009197356,6.423907849046857,6.328300412748013,6.36472225189209,1490000,-0.002143823433566747
2005-08-05,6.319192941185979,6.346509093817964,6.237243614925189,6.287323951721191,1837900,-0.01223505896914741
2005-08-08,6.291878834232241,6.337406352139507,5.927660427704468,5.936765670776367,4051600,-0.05737105009623791
2005-08-09,5.936766680466797,6.250905218069488,5.895791994218041,6.168956279754639,4553900,0.03836517790310262
2005-08-10,6.237243789544755,6.296429367480921,6.1234254706326885,6.155294895172119,1242900,-0.002216993143705935
2005-08-11,6.1370849609375,6.155296312973338,6.06424128952427,6.1370849609375,3369700,-0.0029628026092011765
2005-08-12,6.100661754608154,6.137083582131954,6.077898438042603,6.100661754608154,1027700,-0.005952617704308547
2005-08-15,6.096110851102081,6.100663255025365,6.041478096379821,6.077899932861328,1249100,-0.003738019124882381
2005-08-16,6.073345793310519,6.096109544779097,5.977738384488448,5.982291221618652,865900,-0.015855588524196336
2005-08-17,5.968633182288707,5.9959497730479665,5.91400043495267,5.977738857269287,2256700,-0.0007612630635855323
2005-08-18,5.964081287384033,6.005055525742016,5.914000939086748,5.964081287384033,1321700,-0.002287352459590905
2005-08-19,5.995947214657808,6.127976406263769,5.986841543562496,6.118870735168457,1472500,0.025622532615940743
2005-08-22,6.118872553332828,6.20992755461289,6.055134573455693,6.205374717712402,1889200,0.014038247371636883
2005-08-23,6.237246511127044,6.305537792782202,6.187166585259356,6.232693672180176,2071400,0.004392804017783593
2005-08-24,6.237246515603087,6.323748718925174,6.214482755035032,6.241799354553223,3803700,0.0014598884252464536
2005-08-25,6.228141207270652,6.296432054083705,6.182613686606873,6.282773971557617,1265500,0.006543099253233312
2005-08-26,6.2964301109313965,6.310088189242441,6.237244526006897,6.2964301109313965,1759100,0.0021712255638854554
2005-08-29,6.296431321631597,6.4330134335519755,6.26911515975706,6.42390775680542,2257100,0.02004379365630865
2005-08-30,6.405694965691478,6.4375643908093165,6.337404146777781,6.410247802734375,2002700,-0.002128688430774008
2005-08-31,6.410248674264872,6.4876451777871065,6.401143433123577,6.4694342613220215,1237700,0.009190735441163757
2005-09-01,6.483094015814246,6.637887062868165,6.4648830946421745,6.59235954284668,1867500,0.018822669021139236
2005-09-02,6.59691002660931,6.715281189060953,6.54227728259681,6.578699111938477,2291600,-0.002074310982037271
2005-09-06,6.587805657107638,6.660649325419075,6.587805657107638,6.637885570526123,2485400,0.008956452163837825
2005-09-07,6.637888434363398,6.678863124012247,6.619677509428654,6.646994113922119,1356000,0.001371264932710315
2005-09-08,6.6286897428919715,6.756780682083654,6.610391099618027,6.674436569213867,3780800,0.004120052082052513
2005-09-09,6.656141705737853,6.706462894248387,6.633268279587859,6.6973137855529785,2362700,0.0034217268574562648
2005-09-12,6.706461321031405,6.820827988678664,6.665289250874517,6.807104110717773,1958700,0.016260270529443167
2005-09-13,6.8116802256723705,6.8894496099137585,6.775082919708694,6.852851867675781,5209200,0.006698107675942611
2005-09-14,6.862000003191682,6.889448195165101,6.77508152844524,6.834551811218262,1142100,-0.00267400126292054
2005-09-15,6.903172073014705,6.903172073014705,6.807104055519053,6.834551811218262,1700000,0.0
2005-09-16,6.8848733440652135,6.926045413411474,6.820827854385008,6.921470642089844,2917000,0.012637372166453987
2005-09-19,6.866576722491847,6.921472685737482,6.770508677743401,6.82082986831665,1448000,-0.014647121559377939
2005-09-20,6.81167849457376,6.839126248933882,6.65613976561911,6.7339091300964355,1981900,-0.01282531957046338
2005-09-21,6.669863806170228,6.679013348697169,6.518899844669296,6.569221019744873,3796300,-0.024760567235553723
2005-09-22,6.473153197342774,6.532623916716232,6.377085179320144,6.431981563568115,3938000,-0.021112593706229445
2005-09-23,6.431981398786588,6.587519695923714,6.4045332073658,6.555497169494629,1503200,0.01902129466968281
2005-09-26,6.564648041449392,6.706462489731699,6.537199844470141,6.633267879486084,2099000,0.011793615417934243
2005-09-27,6.633267352326671,6.724760607862533,6.610393929374142,6.669864654541016,2785400,0.005501992449146778
2005-09-28,6.679015131887847,6.775083172698368,6.646992160768129,6.6973137855529785,994100,0.004106950425941374
2005-09-29,6.697315086327185,6.7750844885772,6.628694794549548,6.761360168457031,1110500,0.009517559692235403
2005-09-30,6.761358212793251,6.820828940622721,6.706462257013958,6.802530288696289,1424000,0.0060705660815958675
2005-10-03,6.793381681052624,6.8071055619393395,6.697313642297004,6.779657363891602,1477400,-0.0033680798722864266
2005-10-04,6.793383822532669,6.816256819129352,6.63327022870922,6.646994113922119,1002000,-0.019761824841053727
2005-10-05,6.633267245138053,6.692737969343925,6.38623524104595,6.390810012817383,3288700,-0.03930371661009647
2005-10-06,6.386232397612251,6.473150841198275,6.248992359494375,6.340485572814941,2307500,-0.007905668636541296
2005-10-07,6.340487969696335,6.427406882414188,6.290166792415729,6.354212284088135,1061300,0.002162590520495632
2005-10-10,6.340487104157666,6.381659169164235,6.226120450816822,6.244419097900391,1303000,-0.01742982430884221
2005-10-11,6.248994332454842,6.313039820136993,6.230695684013398,6.271867752075195,982500,0.00438607687852055
2005-10-12,6.267292584899053,6.335912839424361,6.171224577582954,6.194097995758057,2445300,-0.012477294874602569
2005-10-13,6.1758018082689325,6.203250008266392,6.1071819626867905,6.134629726409912,1637100,-0.009647180455940199
2005-10-14,6.175801694349694,6.253571083921229,6.125480504269307,6.207824230194092,1785900,0.011860746996786534
2005-10-17,6.230693783312041,6.308463124532838,6.22154468001939,6.267291069030762,877200,0.009533745834457586
2005-10-18,6.303892390283621,6.303892390283621,6.075158989977364,6.134629726409912,1446600,-0.021394492831244023
2005-10-19,6.07515935252011,6.221549034118652,6.043136814174037,6.221549034118652,1525600,0.014069194552582619
2005-10-20,6.221545461706579,6.221545461706579,5.892169412580578,5.942490577697754,4322000,-0.0458905819285341
2005-10-21,5.924192078955008,6.011110972811365,5.782377684540715,5.786952018737793,5188400,-0.026522603329960422
2005-10-24,5.786956056900915,5.969943076971049,5.768657398521345,5.9470696449279785,4002400,0.02729287024831312
2005-10-25,5.924191487069313,5.9882369584449995,5.887594199504372,5.901318073272705,1222800,-0.007722873379751206
2005-10-26,5.901318073272705,5.9882369584449995,5.832698268156961,5.901318073272705,1500100,0.0
2005-10-27,5.8784461607442156,5.90589391325357,5.809825906922506,5.818975448608398,882900,-0.014051521722195787
2005-10-28,5.864723505271532,6.038560919953162,5.82812620073585,6.0019636154174805,1943700,0.030962478434884016
2005-10-31,6.015687417121177,6.10718111354183,6.015687417121177,6.056859493255615,1703400,0.009104745391053949
2005-11-01,6.05228615820609,6.102607790440436,6.001964962246125,6.070585250854492,1830900,0.002263587053858461
2005-11-02,6.047706604003906,6.075154346748771,5.883018402438696,6.047706604003906,1844900,-0.0037758909105358373
2005-11-03,6.024837625044992,6.038561506510375,5.91504570077328,5.919620037078857,1374000,-0.02140686254754956
2005-11-04,6.276445932034676,6.331341907173387,5.933345760211908,5.9470696449279785,941300,0.0046263376802359365
2005-11-07,5.9196181075953795,6.001962242096479,5.892170353611135,5.9379167556762695,1110700,-0.00154024426325525
2005-11-08,5.878447375245671,6.015687038694815,5.878447375245671,5.979089736938477,2556100,0.006909981145740585
2005-11-09,5.9745153765875845,6.056859087059904,5.933343303214301,5.9973883628845215,1174900,0.003055763143794141
2005-11-10,5.99738786700924,6.0385599369783405,5.90589462056358,6.020261287689209,1132300,0.0038065600327188967
2005-11-11,6.00196278488491,6.00196278488491,5.873872236734788,5.91504430770874,797300,-0.017631673510276995
2005-11-14,5.910447866255884,5.942620120890422,5.87827604992947,5.919640064239502,962500,0.0007766589487875284
2005-11-15,5.9242357095881975,5.997771534593703,5.873679501165845,5.938023567199707,2099600,0.0031006981240747065
2005-11-16,5.961004188309906,6.0161560623027555,5.951811990157031,6.011559963226318,896000,0.012307930923803083
2005-11-17,6.016157793096634,6.075905783354875,5.9839859669222975,6.057521820068359,1540000,0.007616499723584913
2005-11-18,6.112672362714329,6.112672362714329,5.974792449299628,6.0621161460876465,1026600,0.0007581622903570508
2005-11-21,6.066713582557488,6.075905783354875,6.002369930208813,6.057521820068359,621300,-0.0007581622903570194
2005-11-22,6.043729470141879,6.085093469403614,6.020749860159107,6.066709518432617,1118100,0.0015155930081566648
2005-11-23,6.066711924154714,6.103479840676829,6.034540106774898,6.0850958824157715,747400,0.0030261146237188703
2005-11-25,6.1034797881714535,6.117268085479736,6.066711871965636,6.117268085479736,259900,0.005273122109197978
2005-11-28,6.121863544192826,6.204591572079147,6.108075685647814,6.163227558135986,1624300,0.007484988971672397
2005-11-29,6.190805527474522,6.218381252644389,6.048329486402713,6.0529255867004395,1171300,-0.018058871361128236
2005-11-30,6.075905799865723,6.103481525716302,6.0299456723704115,6.075905799865723,1085800,0.0037893577593822803
2005-12-01,6.1126696150140925,6.1310535659850895,6.039133811130104,6.066709518432617,1297200,-0.0015147121028432058
2005-12-02,6.112673015640773,6.144844838160984,6.034541070970368,6.103480815887451,1628300,0.006042865122133646
2005-12-05,6.080499260598237,6.103479316026245,6.002367773435973,6.048327445983887,1071800,-0.009077455377041816
2005-12-06,6.057520077374425,6.112671951367275,5.993176005228702,6.011559963226318,958700,-0.006097502476833306
2005-12-07,5.997772425543398,6.043732103844955,5.951812308933686,5.988580226898193,1287100,-0.003829915993217837
2005-12-08,6.006965526002237,6.126461505199878,5.9610058374473205,5.983985900878906,2673600,-0.0007674756097842866
2005-12-09,5.983987067142012,6.0115627979877475,5.938026931321334,5.974794864654541,1673600,-0.0015371195800363336
2005-12-12,5.997774394546921,6.011562258732977,5.90125846862793,5.90125846862793,1057700,-0.012384137018859268
2005-12-13,5.938023724863591,6.020751749345388,5.901255811384592,5.96100378036499,2050600,0.01007325848665139
2005-12-14,5.947218604193247,6.167826639113848,5.947218604193247,6.149442672729492,2884000,0.03112256897095834
2005-12-15,6.149442885495197,6.190806920868242,6.085098781769532,6.1402506828308105,1436600,-0.0014958862433422997
2005-12-16,6.144842230467768,6.177014039335194,6.085094272351103,6.112670421600342,1846200,-0.004501833901486862
2005-12-19,6.112669606750252,6.1172657040637795,5.961001901867577,5.979385852813721,999400,-0.02204587275659949
2005-12-20,5.98858085557535,6.1310568813759705,5.974792994468258,6.0988850593566895,1532600,0.01978811482870532
2005-12-21,6.112675051638055,6.126462917552264,5.942623244334962,5.965602874755859,1427600,-0.0220958581827071
2005-12-22,5.961003486290195,6.0621150242152435,5.956407387755034,6.0023674964904785,1734600,0.006143855013030069
2005-12-23,6.011562465643283,6.034542532283187,5.988582399003379,5.997774600982666,616700,-0.000765473557691716
2005-12-27,6.011561340978468,6.011561340978468,5.924237630053648,5.956409454345703,948000,-0.006920641600461349
2005-12-28,5.983987959858693,5.9931797254090915,5.8323196643472714,5.864491939544678,1456000,-0.015552006461393517
2005-12-29,5.850699446274602,5.983983676982193,5.850699446274602,5.938023567199707,935300,0.012460492682431983
2005-12-30,5.873679588324524,5.933427556605111,5.859891730508419,5.9058518409729,1150200,-0.005432648393116331
2006-01-03,5.919642964654731,6.006966696744012,5.859894963411184,5.974794864654541,1327100,0.01160606813388099
2006-01-04,5.983987067142012,6.016158899231484,5.873682828834053,5.974794864654541,1204200,0.0
2006-01-05,5.961001901867577,5.993173706446337,5.882870000769476,5.979385852813721,1649700,0.0007680975373217367
2006-01-06,5.988578750432591,6.089690719060222,5.9655986977933955,6.020750999450684,1521100,0.006894139789180003
2006-01-09,5.99777493256488,6.039138967141823,5.970198763410806,5.974794864654541,822800,-0.0076622373265017975
2006-01-10,5.933429392004992,5.983985616816202,5.915045429794071,5.956409454345703,855200,-0.0030819059618030897
2006-01-11,5.974791778628627,5.9977718346695905,5.892063752204404,5.896659851074219,1012300,-0.010081795326274874
2006-01-12,5.892066795500655,6.0437346300772194,5.8828750313215235,5.974794864654541,1320100,0.013163701288078073
2006-01-13,5.974794864654541,6.020755000475219,5.933430830077598,5.974794864654541,587000,0.0
2006-01-17,5.979387873357092,6.094287715174217,5.915043804148583,6.07130765914917,1762500,0.016024246760268427
2006-01-18,6.071308344859102,6.108076263328601,6.006964268383399,6.0621161460876465,1124600,-0.001515073563288197
2006-01-19,6.057521132045466,6.13105697683921,6.020753209648594,6.103480815887451,1752400,0.0068002958399331825
2006-01-20,6.080497372083874,6.149437516956087,6.04832556746162,6.066709518432617,1236500,-0.006042865122133589
2006-01-23,5.9058518409729,6.034539536642113,5.832315576568111,5.9058518409729,3426100,-0.02687267204866105
2006-01-24,5.887469705631804,5.9701973164268365,5.8782775053722265,5.956409454345703,1753900,0.008524162172077852
2006-01-25,5.961002446738844,5.970194203898115,5.83691043777865,5.878274440765381,1465000,-0.0132046026038786
2006-01-26,5.91504461040488,5.919640709897989,5.7817607932619515,5.873680591583252,1577200,-0.0007818017348550817
2006-01-27,5.869083996667494,5.993175595082088,5.869083996667494,5.96100378036499,2911900,0.014757431768328758
2006-01-30,5.97479575599989,5.979391857929291,5.846107970135476,5.864491939544678,2099200,-0.016323033890988662
2006-01-31,5.84150877174784,5.905852849726836,5.84150877174784,5.873680591583252,1212500,0.001565602122659735
2006-02-01,5.841507979560775,5.9288316665467,5.841507979560775,5.896659851074219,923900,0.003904609012458717
2006-02-02,5.869083611562981,5.910447182781675,5.7817594940491235,5.859891414642334,2017100,-0.0062549901720159685
2006-02-03,5.836913321286454,5.869085583007412,5.735801312735855,5.790953636169434,1495700,-0.011834091468405465
2006-02-06,5.7909529321351085,5.836912611664587,5.777164633798914,5.818528652191162,956800,0.0047504388556087514
2006-02-07,5.818527855908195,5.892063683738297,5.795547800134261,5.841507911682129,1824000,0.003941546686437788
2006-02-08,5.832314258403895,5.878274358480912,5.800142451334783,5.823122501373291,1355400,-0.0031523374308137205
2006-02-09,5.804743623748008,5.813935388814429,5.7679756868655625,5.781763553619385,1870200,-0.00712788090585711
2006-02-10,5.78176060006286,5.836912477212725,5.744992681962949,5.813932418823242,2105200,0.005548428970021207
2006-02-13,5.82312481208358,5.892064551247512,5.790952992248168,5.873680591583252,1347400,0.01022427645256569
2006-02-14,5.864378913601665,5.910884872714253,5.827174323717072,5.887631893157959,1237300,0.002372406674226438
2006-02-15,5.901582590981153,5.985293127034977,5.864378006849148,5.975992202758789,2278300,0.014896281743918816
2006-02-16,5.962041601890522,6.022499176695316,5.924837008705069,6.017848491668701,1422100,0.006979658959543094
2006-02-17,6.003894777539073,6.092255988045735,5.989943170858814,6.073653697967529,1238800,0.009230549133454564
2006-02-21,6.073658271790652,6.120163810250792,6.027152289816598,6.059706211090088,2028100,-0.0022990322755320194
2006-02-22,6.073655938486119,6.106209847253436,6.031800659491713,6.101559162139893,1406000,0.006883019981971483
2006-02-23,6.087604950015077,6.175965711860713,6.050400372026013,6.134110450744629,2091700,0.005320732976457303
2006-02-24,6.152715217132399,6.175968198616775,6.059703734708631,6.064354419708252,2164600,-0.011436978692371999
2006-02-27,6.069002661020545,6.231772578844309,5.994593505042419,6.134110450744629,1856300,0.01143697869237206
2006-02-28,6.0690048615595105,6.073655546372808,5.957391087122678,6.031800270080566,3551900,-0.016819553412914835
2006-03-01,6.045754593903437,6.078308515176927,6.02250160291641,6.059706211090088,1562500,0.004615800454486081
2006-03-02,6.008547565129205,6.0457521583146585,5.994595953563094,6.017848491668701,1757400,-0.00693151685792248
2006-03-03,6.013196786890794,6.036449319338076,5.962040151074067,5.975992202758789,2073700,-0.006979658959543092
2006-03-06,5.980644003181907,5.980644003181907,5.920186427318726,5.924837112426758,2511100,-0.008596948000674575
2006-03-07,5.929487538018578,5.994595796140193,5.882981576001178,5.915535926818848,1167300,-0.001571097040657838
2006-03-08,5.915536167816349,5.975993743496506,5.850427907042239,5.948090076446533,1461900,0.005488074443139389
2006-03-09,5.929487106049801,5.934137790615479,5.81322265299,5.845776557922363,2647400,-0.01735072787484424
2006-03-10,5.841126998050906,5.929487797534789,5.81322333091646,5.924837112426758,2236000,0.013433750472362825
2006-03-13,5.938786704123334,5.97599128252627,5.859726864138706,5.882979393005371,936500,-0.0070898619973460775
2006-03-14,5.901585508607611,5.999247701114775,5.878332964664734,5.971344470977783,1110100,0.014908773496265616
2006-03-15,5.985295536265664,5.9899462220325885,5.869031053175389,5.952741622924805,2648600,-0.0031202161740865484
2006-03-16,5.952739743495153,6.008546624537192,5.887631493855941,5.906233787536621,8769100,-0.007843523105780953
2006-03-17,5.8457776572240085,5.878332011791927,5.776019149675481,5.817874431610107,3796100,-0.01507339019017811
2006-03-20,5.831825805055659,5.836476490305018,5.659754442453179,5.6737060546875,3002500,-0.025092447713513207
2006-03-21,5.692308851392352,5.72021252182193,5.64115263970422,5.650453567504883,1975700,-0.004106710014331167
2006-03-22,5.627201026246329,5.669055866620003,5.613248969274642,5.650453567504883,2572900,0.0
2006-03-23,5.6644032789610455,5.669053519178908,5.613246644942052,5.627198696136475,2199800,-0.004124068340563913
2006-03-24,5.613248969274642,5.678357237934461,5.59929735581675,5.650453567504883,1865300,0.004124068340563989
2006-03-27,5.627201460929544,5.6318517034321935,5.5341895146552735,5.543490886688232,2614500,-0.019111393105382304
2006-03-28,5.543489315003208,5.655103086671103,5.501634039749321,5.57139253616333,2210500,0.005020602919897126
2006-03-29,5.580693449201899,5.701608580377887,5.552789786809876,5.683006286621094,1856200,0.019835339344296092
2006-03-30,5.673706552277232,5.687658165735123,5.608598727131208,5.650453567504883,2291000,-0.0057445491588110085
2006-03-31,5.627200399124779,5.673705919972889,5.543489840678936,5.548140525817871,2074400,-0.018272988144186538
2006-04-03,5.580694273320367,5.645802532840715,5.5760435883159705,5.599296569824219,2558100,0.009178146093204565
2006-04-04,5.599298426772687,5.659756021338764,5.571394751006082,5.645804405212402,1714600,0.008271708838866732
2006-04-05,5.645802413548874,5.748114820401404,5.589995525216478,5.7155609130859375,3378400,0.012279753793554105
2006-04-06,5.673706576228794,5.696959561099305,5.552791409713171,5.5620927810668945,2075900,-0.02721800303777669
2006-04-07,5.562093303977706,5.589996977148396,5.510937087264253,5.515587329864502,1590400,-0.00839629307709245
2006-04-10,5.515587329864502,5.557442617863618,5.515587329864502,5.515587329864502,1402300,0.0
2006-04-11,5.5155852680616615,5.557440540414692,5.427224482493677,5.4783806800842285,1896900,-0.006768582880066101
2006-04-12,5.436523996393471,5.5202345193680324,5.436523996393471,5.4551262855529785,1355700,-0.004253791518039971
2006-04-13,5.417923328184466,5.469079971313477,5.4039717180191404,5.469079971313477,1586700,0.0025546374759093126
2006-04-17,5.45048014620849,5.478383379182134,5.417925783054051,5.4644317626953125,994200,-0.0008502682415830808
2006-04-18,5.4830320664289856,5.543489640510857,5.436526103746399,5.534188270568848,1911300,0.012684762815191273
2006-04-19,5.529536959423008,5.608596814581044,5.515584907209017,5.585343837738037,1430700,0.009201093638376921
2006-04-20,5.599298023862555,5.673707229200712,5.552792048769281,5.576045036315918,1496900,-0.001666244887344801
2006-04-21,5.608595544118184,5.645800121233931,5.576041206506748,5.622547149658203,1013700,0.008305040464897712
2006-04-24,5.613249208858627,5.6411528804791855,5.580695294896153,5.6178998947143555,1108000,-0.0008268808509646734
2006-04-25,5.617899028846909,5.627200399124779,5.534188470401067,5.548140525817871,1462000,-0.012495078627132799
2006-04-26,5.538838955539853,5.580694233251435,5.524887344140568,5.534188270568848,1326000,-0.002517929737832416
2006-04-27,5.510934666651331,5.6271991073527206,5.492332373879655,5.585343837738037,1492300,0.009201093638376921
2006-04-28,5.576044281143882,5.608598636705827,5.53418899793123,5.589996337890625,1636000,0.0008326369216977427
2006-05-01,5.608600796437373,5.622552415042747,5.478384211074027,5.492336273193359,1306000,-0.017624916375662332
2006-05-02,5.515586699116028,5.645803234336232,5.496984400300826,5.589996337890625,1528600,0.017624916375662353
2006-05-03,5.5574401768237,5.599295446438384,5.510934666651331,5.585343837738037,2543400,-0.0008326369216976332
2006-05-04,5.580694985255848,5.650453495166031,5.580694985255848,5.6318511962890625,1126800,0.008292202266110443
2006-05-05,5.655104047360078,5.8085731203531825,5.645803119897898,5.748115539550781,2302400,0.020433871448020086
2006-05-08,5.766719016054936,5.780671075369101,5.664406575500946,5.738815784454346,1866000,-0.0016191891230031058
2006-05-09,5.738813860245744,5.780669137126539,5.701609268243642,5.762066841125488,1698600,0.004043357210956697
2006-05-10,5.738813894102866,5.766717116512202,5.692307932069008,5.7155609130859375,1695000,-0.00810379697700349
2006-05-11,5.724862853227481,5.748115393047179,5.650453217857636,5.710910797119141,2058000,-0.0008139198768339497
2006-05-12,5.715619955506117,5.7627005740302355,5.649706550774349,5.659122943878174,1771400,-0.009109596779340534
2006-05-15,5.781530475780527,5.800362805056757,5.729741682520429,5.786238670349121,2056600,0.022213532035416973
2006-05-16,5.800364434641863,5.800364434641863,5.7062027618064315,5.720326900482178,1612400,-0.0114565011388325
2006-05-17,5.7014933482934005,5.743866204269686,5.649704551543595,5.654412746429443,1697300,-0.011589696802241133
2006-05-18,5.654411004570935,5.706199785367049,5.635578679827072,5.663826942443848,2261500,0.0016635445871877109
2006-05-19,5.6967847813589,5.715617109189917,5.64499554307502,5.687368392944336,1617200,0.00414784232967049
2006-05-22,5.663828197623913,5.753282096729974,5.663828197623913,5.72974157333374,1884300,0.007422784762500899
2006-05-23,5.743866694486857,5.7674072219270185,5.677953756452263,5.706202030181885,3013500,-0.004116770283808262
2006-05-24,5.69678586149424,5.739158270399435,5.635580672189138,5.668537139892578,1455700,-0.006622574352954987
2006-05-25,5.6779545457228675,5.72503515814947,5.640289427183997,5.696786880493164,1567700,0.004971226289385387
2006-05-26,5.715618192895948,5.725034134097704,5.6497048084908705,5.668537139892578,1244400,-0.004971226289385405
2006-05-30,5.663827806903518,5.69678471698396,5.569666168812483,5.583790302276611,2743500,-0.015063272995282408
2006-05-31,5.602622838424479,5.677952600699189,5.57908276477414,5.64499568939209,2281400,0.010901622548412919
2006-06-01,5.668537089235246,5.781531076635716,5.649704758001834,5.767406940460205,6217800,0.021453141788704177
2006-06-02,5.748575619377512,5.852153683861308,5.71091095029218,5.847445487976074,2194300,0.013782321379357221
2006-06-05,5.847445072138785,5.856861014241373,5.743867015020875,5.748575210571289,1334000,-0.01705286251566217
2006-06-06,5.781531076635716,5.800363407869128,5.692077615526559,5.767406940460205,1229700,0.0032705411363048494
2006-06-07,5.781530530216797,5.786238724829721,5.729741736469079,5.739157676696777,905200,-0.004910122431697858
2006-06-08,5.743865817228065,5.790946864917715,5.687368829399374,5.786238670349121,1079900,0.008170001988340869
2006-06-09,5.786240195151385,5.833321255247935,5.748575526673451,5.790948390960693,903800,0.0008136209333825405
2006-06-12,5.81919546107262,5.861568316572852,5.767406664904654,5.828611850738525,2022800,0.00648279124163692
2006-06-13,5.828613779151499,5.828613779151499,5.67795508663654,5.701495170593262,2737500,-0.02205041643299891
2006-06-14,5.6826603110497205,5.767406012463273,5.677952565747506,5.743865489959717,2653600,0.007403962912124887
2006-06-15,5.762700008542718,5.8662780775291115,5.720327141730181,5.861569881439209,1237800,0.020285051581610612
2006-06-16,5.866276511405804,5.870984706238757,5.7862389952382935,5.828611850738525,1691600,-0.005638598060736579
2006-06-19,5.838028070335951,5.838028070335951,5.743866414168893,5.767406940460205,809100,-0.010556291731662688
2006-06-20,5.772116312582293,5.800364590693772,5.73915938945452,5.753283977508545,953900,-0.00245175747301661
2006-06-21,5.743867015020875,5.786239876978122,5.743867015020875,5.748575210571289,860400,-0.0008187836632883491
2006-06-22,5.743865489959717,5.767406012463273,5.687368505350055,5.743865489959717,912800,-0.0008196206529065864
2006-06-23,5.725033161756497,5.805070668869714,5.710909027853612,5.743865489959717,687600,0.0
2006-06-26,5.74386698324947,5.772115707397461,5.725034650150222,5.772115707397461,987000,0.004906273051748275
2006-06-27,5.757991562149708,5.852153683861308,5.720326893064377,5.847445487976074,2656100,0.012966210116820495
2006-06-28,5.842738839615452,5.88981991294128,5.814490554818667,5.880403518676758,4555900,0.005620488027027549
2006-06-29,5.8945275384422064,5.903943482795211,5.814489990949103,5.875694751739502,2717300,-0.0008010765273910643
2006-06-30,5.875693986140978,5.903942713515899,5.842737511702144,5.885110378265381,1103700,0.0016011877475135606
2006-07-03,5.903941726142431,5.932190448793045,5.8756930034918184,5.908649921417236,523500,0.003991869227844307
2006-07-05,5.903942330964718,6.002812196873147,5.899234135207587,5.993395805358887,2245900,0.014240798277889585
2006-07-06,5.998105180139283,6.002813376821884,5.936899970260512,5.979272842407227,1994000,-0.002359201597848935
2006-07-07,5.979270172424065,6.0263512202298095,5.932189573616467,5.988686561584473,1078600,0.0015731539188777249
2006-07-10,6.007520514533952,6.096973990743297,5.974563592563546,6.049893379211426,1626300,0.010168532388530556
2006-07-11,6.049893793160125,6.082850268387227,6.026353261284354,6.073433876037598,2323800,0.0038835091912171713
2006-07-12,6.073433236759207,6.073433236759207,5.98868795952418,6.012228488922119,743100,-0.010128681163230893
2006-07-13,6.002810585981381,6.026351109451524,5.913357135592605,5.932189464569092,1456500,-0.013402113470831475
2006-07-14,6.049892870651178,6.054600617109838,5.983979481249381,5.998103618621826,1517500,0.0110499925326365
2006-07-17,6.007520514533952,6.059309321918493,6.0028123186812845,6.049893379211426,1129700,0.00859729291020864
2006-07-18,6.045184332081472,6.111097268743948,6.026352000321022,6.10638952255249,1985000,0.009295037069884491
2006-07-19,6.111098917134122,6.167596376653143,6.111098917134122,6.1440558433532715,2349600,0.006149399205007955
2006-07-20,6.120513766036088,6.21938362175506,6.111097375492274,6.214675426483154,1313500,0.011428414489112488
2006-07-21,6.257048735785436,6.290005207061768,6.195843539844932,6.290005207061768,2233800,0.01204839916314138
2006-07-24,6.308837730404662,6.360626985681491,6.290005396394431,6.351210594177246,2301400,0.00968354094275493
2006-07-25,6.346502780914307,6.351210976950181,6.29000577547867,6.346502780914307,2019400,-0.0007415214597443529
2006-07-26,6.327670445769094,6.355919172986057,6.313546306659757,6.346502780914307,3372200,0.0
2006-07-27,6.351210149442173,6.46891234101374,6.341794207595528,6.402999401092529,2199900,0.008862618974436458
2006-07-28,6.450082276475994,6.454790473554056,6.393585258534408,6.4218339920043945,817000,0.0029372084416794185
2006-07-31,6.421832465712403,6.487745413146043,6.417124269753349,6.4689130783081055,1989800,0.007304354878212452
2006-08-01,6.468913938467418,6.483038528222701,6.4500816011253805,6.464205741882324,2151800,-0.0007279507285288727
2006-08-02,6.3841681480407715,6.445372902890007,6.318254747974581,6.3841681480407715,6423400,-0.012458950813115833
2006-08-03,6.4030016526905325,6.450082276475994,6.393585258534408,6.4218339920043945,3014400,0.005882546663432146
2006-08-04,6.445373895313158,6.520703699415517,6.4312497534807544,6.515995502471924,1935300,0.014556255068295236
2006-08-07,6.515993882903832,6.525409825452285,6.450080489071613,6.454788684844971,1554400,-0.009437713410720118
2006-08-08,6.473621113122048,6.5536586464405095,6.468912917280194,6.511285781860352,6393600,0.008714658352036832
2006-08-09,6.544239356178503,6.553655743691501,6.511282897879148,6.534823417663574,4121200,0.0036083802430860053
2006-08-10,6.558365786008761,6.558365786008761,6.483036460664503,6.5065765380859375,1750000,-0.004331885203285632
2006-08-11,6.4877474935497235,6.544244516180241,6.4736233501417,6.530120372772217,1249700,0.003611936435049448
2006-08-14,6.6110319492275975,6.69194454159414,6.577714705724941,6.649108409881592,3442200,0.01805739504970996
2006-08-15,6.687182358065695,6.749056696858168,6.658624796351075,6.744297027587891,2691400,0.014214490989253785
2006-08-16,6.768094627533803,6.777613511755933,6.691941738128662,6.691941738128662,1463000,-0.007793186076791153
2006-08-17,6.687182665241253,6.691942334730166,6.630067993095498,6.677663326263428,1695600,-0.002135951993344139
2006-08-18,6.677665675952672,6.791895514345628,6.663387116368762,6.777616500854492,1296400,0.014857366701910025
2006-08-21,6.7728559044350405,6.796653803095287,6.744298789168475,6.758577346801758,1429600,-0.0028130753478221183
2006-08-22,6.758577201341018,6.777615429078034,6.758577201341018,6.772855758666992,1127200,0.0021104072352717326
2006-08-23,6.768099481527325,6.796656608581543,6.768099481527325,6.796656608581543,1429800,0.003507992576031943
2006-08-24,6.820452448244878,6.849010020544195,6.782375987783931,6.829971790313721,1139300,0.004889727251060343
2006-08-25,6.82997016522441,6.887084842326246,6.791893713823185,6.882325172424316,2605800,0.007636012644811447
2006-08-28,6.882326902143873,6.934681922502049,6.858529000560259,6.915643692016602,2582200,0.0048294911634681826
2006-08-29,6.915641211988627,6.920400881379921,6.834728647964841,6.891843318939209,1342300,-0.0034474624717421585
2006-08-30,6.910883444890633,6.910883444890633,6.791894408612823,6.810932636260986,1948500,-0.011809522871879785
2006-08-31,6.810934183148226,6.887087111036598,6.810934183148226,6.877567768096924,2540400,0.009736005585362589
2006-09-01,6.877564622902296,6.944198631285699,6.853766730343435,6.9251604080200195,1713100,0.006896148055473754
2006-09-05,6.944200653803119,6.944200653803119,6.734779682979163,6.768096923828125,2917400,-0.022941272320159373
2006-09-06,6.72050223721468,6.763338372605529,6.620551405938451,6.653868198394775,5997800,-0.017021573573610806
2006-09-07,6.630066751727628,6.663383524097884,6.591990310759627,6.625307083129883,1646900,-0.00430164655575318
2006-09-08,6.6253105357524795,6.715742016700947,6.6253105357524795,6.710982799530029,1750500,0.012848685177841952
2006-09-11,6.715739272430368,6.753815717681729,6.630067497568323,6.6967010498046875,2864200,-0.002130383634839035
2006-09-12,6.710980273257287,6.734777711875248,6.644346264968678,6.725258827209473,2926700,0.0042553875530703745
2006-09-13,6.687182329905162,6.715739437592479,6.601510099029123,6.663384437561035,1597600,-0.009242882781000227
2006-09-14,6.663386580374335,6.720501268022967,6.620550451161065,6.672905921936035,1293700,0.001427906222214499
2006-09-15,6.72050165779465,6.739539888115029,6.6729063089473115,6.730020999908447,2513800,0.008522828488883777
2006-09-18,6.691942671531658,6.710980896538426,6.591991876769355,6.611030101776123,1446200,-0.017838782367342286
2006-09-19,6.606272073650402,6.644348533125616,6.568195614175188,6.620550632476807,1712100,0.0014390619737583103
2006-09-20,6.615790843963623,6.66338664441518,6.587233726818443,6.615790843963623,1069100,-0.0007192000488687202
2006-09-21,6.606269597654018,6.6348267046037686,6.558673814195059,6.596750259399414,1053200,-0.002882200720697672
2006-09-22,6.596750259399414,6.606269597654018,6.563433483322361,6.596750259399414,853600,0.0
2006-09-25,6.672905547094898,6.801413473608769,6.639588307407688,6.758577346801758,3371100,0.02423527341864439
2006-09-26,6.7585755814916775,6.801411697110085,6.7252588044138255,6.744297027587891,1540700,-0.0021151532839526438
2006-09-27,6.74905599570029,6.86328532287742,6.715738768176712,6.834727764129639,4270800,0.013319376735265806
2006-09-28,6.849008800364388,6.896604140507654,6.810932346686922,6.839489459991455,3906000,0.0006964487950191949
2006-09-29,6.825210333841331,6.868046454131003,6.810931778380472,6.815690994262695,1859400,-0.003485635346049261
2006-10-02,6.810933052128806,6.868047738560654,6.7538179117897785,6.768096923828125,1367500,-0.007007510052584017
2006-10-03,6.796652719683529,6.86804640428385,6.763335939214301,6.853767395019531,2572800,0.012578542664408112
2006-10-04,6.863285788411413,6.958476900849131,6.8014114518501385,6.953717231750488,2579800,0.014477884320455417
2006-10-05,6.929922287397059,6.958479404449463,6.920402945774797,6.958479404449463,1075800,0.0006846040218522452
2006-10-06,6.901363088192207,6.934679868195282,6.8347290742789735,6.849008083343506,2586400,-0.015857137667171627
2006-10-09,6.844248270760596,6.8870843892456906,6.834728931582986,6.86328649520874,805400,0.002082571511867506
2006-10-10,6.863286210405553,6.910881996504388,6.849007656138725,6.891843318939209,1551300,0.004152176699791089
2006-10-11,6.877567231045707,6.953720152987496,6.877567231045707,6.915643692016602,1426000,0.0034474624717422855
2006-10-12,6.925160339919883,6.99655356298736,6.9108817860877965,6.982275009155273,1718000,0.009588749092629177
2006-10-13,6.977518853893613,7.010835647583008,6.953720949583786,7.010835647583008,3186600,0.00408210565735684
2006-10-16,7.020350967167653,7.125061413771913,7.01559129825223,7.101263523101807,2658100,0.01281582734344328
2006-10-17,7.1060212510165,7.144097684125336,7.086983034462083,7.13933801651001,1592100,0.005347328064360383
2006-10-18,7.139342225841812,7.201216579601299,7.1107846572192965,7.1964569091796875,5326300,0.007968751677092841
2006-10-19,7.163139884819276,7.225014236512379,7.153620544293965,7.2059760093688965,1427400,0.001321874106846297
2006-10-20,7.244052859158399,7.263091087341309,7.153620934859202,7.263091087341309,5177800,0.007894824766143208
2006-10-23,7.263090941832209,7.2821291696337065,7.177418689771892,7.277369499206543,3199000,0.001963956556907468
2006-10-24,7.37255942855735,7.377319098203568,7.324964093816415,7.367799758911133,2840200,0.01234965706868186
2006-10-25,7.39159812900934,7.472510702574811,7.353521677202896,7.386838912963867,2682200,0.0025807700267644032
2006-10-26,7.405879325509508,7.420157885676001,7.339245288220468,7.358283519744873,1340000,-0.0038732033657365456
2006-10-27,7.358282955072186,7.386840527120915,7.329725383023457,7.334485054016113,2791600,-0.003239482936321512
2006-10-30,7.339243053785019,7.382079175150268,7.3059262722374285,7.344002723693848,2077800,0.0012968190123837705
2006-10-31,7.367799758911133,7.405876662173794,7.339242648847987,7.367799758911133,2637300,0.0032350972629099457
2006-11-01,7.367801335644604,7.420156805143079,7.33448454880534,7.353522777557373,2634300,-0.0019396335885499133
2006-11-02,7.353522060508059,7.415396411395532,7.334483833612462,7.363041400909424,1789400,0.0012935933365938919
2006-11-03,7.482028646783066,7.482028646783066,7.358279974542634,7.429673194885254,3438000,0.009008792022249162
2006-11-06,7.443951682954988,7.477268456270504,7.42015379319805,7.467749118804932,2074900,0.005111757729414408
2006-11-07,7.486786112269334,7.529622216026864,7.477267230271504,7.51534366607666,2335400,0.00635312188742901
2006-11-08,7.4963069306723105,7.605776591784542,7.443951934563027,7.577219486236572,4617900,0.008199557120744641
2006-11-09,7.577219108914762,7.620055219010621,7.524864115412593,7.601016998291016,1343200,0.0031357439421316295
2006-11-10,7.601018239373945,7.686690019647037,7.591498900506346,7.6533732414245605,3707500,0.006864443337122155
2006-11-13,7.653376507491798,7.729529435302502,7.624819386516411,7.71049165725708,2532900,0.007435457075822713
2006-11-14,7.710489937300665,7.777747173625784,7.686470084805104,7.772943019866943,2633800,0.00806690538373965
2006-11-15,7.782550830851012,7.84500299313415,7.744118519530947,7.777746677398682,3408800,0.0006178063839024899
2006-11-16,7.801767045595226,7.845003513234068,7.753726424185553,7.768138885498047,3438700,-0.0012360560722028552
2006-11-17,7.748920755440452,7.763333213935198,7.652840447704193,7.686468601226807,2393900,-0.01056915157523225
2006-11-20,7.672056600881291,7.715292601917838,7.648036294872611,7.686468601226807,1411800,0.0
2006-11-21,7.686470373348361,7.724902688563156,7.657645907862597,7.7104902267456055,3602100,0.00312031035185647
2006-11-22,7.720094769844711,7.748918763124839,7.6768583217754065,7.70568323135376,754600,-0.0006236301843260612
2006-11-24,7.662449492467449,7.73451042175293,7.662449492467449,7.73451042175293,458400,0.003734049525791635
2006-11-27,7.710488359640419,7.710488359640419,7.561563288782829,7.604799747467041,1340000,-0.016912594460303312
2006-11-28,7.580780545200959,7.686469630907742,7.542348233698363,7.672057628631592,2602300,0.008805255434971905
2006-11-29,7.710489445364634,7.782550830851012,7.6912737478538915,7.777746677398682,1490700,0.013681816979444275
2006-11-30,7.777746301031759,7.859415073172249,7.7345098383515865,7.854610919952393,2465400,0.009834071608091226
2006-12-01,7.840198189494513,7.845002342548435,7.744117877311577,7.811374187469482,1751600,-0.005519837018432848
2006-12-04,7.835394744598632,7.878631209693113,7.806570739968506,7.864219665527344,1377100,0.006742414832926786
2006-12-05,7.854609083514683,7.869020623506244,7.796960174653477,7.835392475128174,1938400,-0.0036723484043038675
2006-12-06,7.82578664663125,7.849806495602357,7.796961728307716,7.811374187469482,1254500,-0.003070066428622823
2006-12-07,7.8161785662757755,7.859415028711359,7.748921337876796,7.763333797454834,1477500,-0.006169045662704524
2006-12-08,7.835395186134584,7.873827499906665,7.696078392322784,7.772943019866943,2898100,0.0012370046891435268
2006-12-11,7.777746051006566,7.835394055194606,7.744117895847124,7.806570053100586,1992500,0.004316833946769313
2006-12-12,7.777746679498737,7.883435306582807,7.758530065684226,7.869022846221924,2283400,0.007968199220388104
2006-12-13,7.873826999675551,7.902651920397317,7.806570683921923,7.869022846221924,1758000,0.0
2006-12-14,7.912258020086969,7.945887088775635,7.859414173315925,7.945887088775635,1683600,0.009720554603889986
2006-12-15,7.945887088775635,7.960298630486633,7.893042325706161,7.945887088775635,1895600,0.0
2006-12-18,7.965104487098088,7.965104487098088,7.8546117009505005,7.888239860534668,1237300,-0.007281422351316247
2006-12-19,7.849805414710607,7.955494018448422,7.825785569046951,7.94108247756958,1614200,0.006676573033456383
2006-12-20,7.945890247784081,7.993929960984227,7.931477784044761,7.979518413543701,1168600,0.0048284623063842924
2006-12-21,7.989121760717524,8.017946673599244,7.9122571589629285,7.921865463256836,1327500,-0.007251344079094029
2006-12-22,7.9122571589629285,7.94108207184465,7.859413317943102,7.921865463256836,798600,0.0
2006-12-26,7.92186730078978,8.06118499647216,7.92186730078978,8.032360076904297,1017300,0.013851675854844467
2006-12-27,8.037164042435997,8.10442127022483,8.037164042435997,8.070792198181152,1065600,0.004773251049217152
2006-12-28,8.070789155672164,8.099614063700391,7.998728718197947,8.008337020874023,629000,-0.007768516634534689
2006-12-29,7.99872843024861,8.017945034908976,7.945884600028891,7.965100288391113,741900,-0.005413592233228411
2007-01-03,7.989124255211826,8.286975367234547,7.984321017863458,8.19089412689209,5540800,0.027953530490887172
2007-01-04,8.186089404683484,8.349426017560534,8.166872793581213,8.205305099487305,3936500,0.0017578435230124361
2007-01-05,8.229326130693545,8.392663683361944,8.008340569023703,8.06598949432373,6084900,-0.01712451444562494
2007-01-08,8.041970992162534,8.12363979150028,7.9458906446644395,7.989126205444336,3849100,-0.009575001209027243
2007-01-09,7.9987348477660465,8.056383791701704,7.945890975148813,8.02275562286377,2815400,0.0042005639597570265
2007-01-10,8.022753029423356,8.114029196392073,8.003536415557152,8.06598949432373,1676800,0.005374437249270214
2007-01-11,8.080398947136015,8.181284311226266,8.022750953054452,8.104419708251953,1644300,0.004753161877327387
2007-01-12,8.109222519897134,8.330208929109894,8.065986984747244,8.090006828308105,1962000,-0.0017799807503782322
2007-01-16,8.11402652895995,8.152458827759412,8.090006685822141,8.118830680847168,1455100,0.003556563869046151
2007-01-17,8.017948076022233,8.046772077647242,7.945887613810463,8.027555465698242,2397400,-0.01130608256344957
2007-01-18,8.032360592244867,8.037164745814403,7.926671962610884,7.93147611618042,2830400,-0.012040894818203777
2007-01-19,7.91706314752847,8.037164230165608,7.8786308377365275,8.032360076904297,2131100,0.012639230635929614
2007-01-22,8.046770833368706,8.114027132193332,7.993926074978873,8.09481143951416,3568000,0.007744901170906852
2007-01-23,8.094811082147872,8.17647983410016,8.061182934220161,8.171675682067871,3543700,0.009450696278394002
2007-01-24,8.21011107747174,8.363840335272014,8.176482916865263,8.315799713134766,5937100,0.017483295500404374
2007-01-25,8.262955624129837,8.368644256859675,8.238934855578538,8.363840103149414,6313000,0.00576037892703412
2007-01-26,8.363838013297173,8.426291079626926,8.335014014536425,8.402270317077637,4076700,0.004584281060773114
2007-01-29,8.397469180438916,8.40227333467414,8.272563919219271,8.373449325561523,4253300,-0.00343603976294312
2007-01-30,8.37344825749734,8.397468109310912,8.282171171268267,8.392663955688477,3283400,0.002292080247442556
2007-01-31,8.392665926339731,8.392665926339731,8.291781425476074,8.291781425476074,4676700,-0.012093151119215101
2007-02-01,8.301389141251482,8.40707778930664,8.28697667803083,8.40707778930664,2748800,0.013809110492134857
2007-02-02,8.426294406934176,8.431097645042298,8.3782537791641,8.40707778930664,2056500,0.0
2007-02-05,8.407075737302392,8.546393432200988,8.397467430833826,8.536785125732422,2758700,0.01531054291697917
2007-02-06,8.6472806930542,8.796205826204238,8.435902463993646,8.6472806930542,3146800,0.012860412825460866
2007-02-07,8.647274430833214,8.647274430833214,8.531977548377885,8.551193237304688,2582600,-0.011174067644000914
2007-02-08,8.556000605650961,8.685709990795505,8.431095373619016,8.676101684570312,7582600,0.014501479979448458
2007-02-09,8.661690902677735,8.695319061122468,8.575217971649225,8.623258590698242,2630000,-0.0061092731045905655
2007-02-12,8.632863612494521,8.666492678009577,8.599235463277807,8.618452072143555,2007600,-0.0005575454516305555
2007-02-13,8.608851203589635,8.743364832940724,8.589634578125564,8.738560676574707,1970400,0.01383999923872256
2007-02-14,8.777348205151219,8.845238998828274,8.728854384692168,8.811293601989746,2244900,0.008288768747413014
2007-02-15,8.825843894371284,8.845240871696353,8.787049014778257,8.816144943237305,1342600,0.0005504306661000781
2007-02-16,8.787048146357066,8.816144071940572,8.660964568904802,8.806445121765137,999000,-0.0011008395946280078
2007-02-20,8.782198153136086,8.888883823943225,8.757950779128048,8.86463737487793,1468400,0.006586179819810269
2007-02-21,8.8646403635138,8.874338391443876,8.772502161105153,8.850091934204102,1837800,-0.0016421864188675666
2007-02-22,8.854935724904736,8.903429533189568,8.816140863265362,8.845236778259277,1900900,-0.0005487500283890446
2007-02-23,8.869484184426485,8.869484184426485,8.806441955892328,8.840387344360352,1642300,-0.0005484040582159566
2007-02-26,8.913128921743434,9.189543393873098,8.884033002287588,8.908280372619629,3675400,0.007650530224948956
2007-02-27,8.913133213960203,8.937380595968836,8.554280284719853,8.65611743927002,3216800,-0.028714933754478224
2007-02-28,8.481540071964679,8.748255727023528,8.481540071964679,8.646418571472168,2928100,-0.0011210921691089978
2007-03-01,8.53488040253942,8.724005293196656,8.011149153460144,8.665813446044922,3005200,0.002240598747418445
2007-03-02,8.316661191964522,8.549430501228198,8.25846932712011,8.48638916015625,2843100,-0.020922191164684453
2007-03-05,8.437892381173244,8.437892381173244,8.277863421226504,8.287562370300293,2765300,-0.023707723497283065
2007-03-06,8.287564725555375,8.486388613358628,8.26816682189508,8.442744255065918,4467000,0.018551523151222354
2007-03-07,8.413647797065435,8.588224294349088,8.36515396589774,8.500936508178711,3368100,0.006868930396998665
2007-03-08,8.559128323651906,8.58822425223268,8.486388039728526,8.505785942077637,2725400,0.0005702961337252743
2007-03-09,8.52033301271101,8.58337526721237,8.452442207810634,8.549428939819336,2227400,0.00511785905996986
2007-03-12,8.578524904860682,8.60277135412009,8.43304343447598,8.54457950592041,3051500,-0.0005673840684489507
2007-03-13,8.52033406224784,8.631869234021057,8.437894821166992,8.437894821166992,2131600,-0.012564257261566441
2007-03-14,8.462141078384331,8.52518240734604,8.24391931478065,8.457291603088379,3565400,0.002296132159341327
2007-03-15,8.437890317772762,8.554274903369478,8.316656258825043,8.515480041503906,2488100,0.0068567076266087944
2007-03-16,8.525182295054005,8.559127696735713,8.437893590762283,8.466989517211914,3396300,-0.005710671926062917
2007-03-19,8.471840864175194,8.593074996933561,8.466991387871696,8.573678016662598,2375500,0.012521797430436887
2007-03-20,8.578527751066634,8.656117524370975,8.525184435066253,8.646418571472168,1833200,0.008448383212324008
2007-03-21,8.656115284420686,8.806445315678936,8.602771982223995,8.78704833984375,3747300,0.01613366056324296
2007-03-22,8.791902310179951,8.811300222916495,8.699764999511531,8.719161987304688,2645400,-0.007755726860100029
2007-03-23,8.738556045781683,8.8306933158117,8.685212734227372,8.825844764709473,2675700,0.012161191355061819
2007-03-26,8.757952161376318,8.820994418804293,8.675512926623274,8.816144943237305,2406200,-0.0010996290792761162
2007-03-27,8.782200615512581,8.84524195572369,8.714308874197153,8.801597595214844,1873600,-0.001651443287573959
2007-03-28,8.801601266548223,8.835546688893787,8.694915521327395,8.719161987304688,2199900,-0.009410118988211702
2007-03-29,8.738553645608482,8.787047467798038,8.709456797329112,8.777348518371582,1599800,0.006651240035243141
2007-03-30,8.777347310840673,8.825841126358762,8.583372973710913,8.69975757598877,2138600,-0.008879210521257357
2007-04-02,8.694906058338146,8.947073099810131,8.665810145842881,8.932524681091309,2729300,0.026403913534658444
2007-04-03,8.966475020365378,8.971324495950931,8.888885260882315,8.913131713867188,2833300,-0.0021734112132188316
2007-04-04,8.93738070558589,8.9470796585083,8.884037389455687,8.9470796585083,1457200,0.003801521137315905
2007-04-05,8.990723822197628,8.990723822197628,8.93253103089761,8.966476440429688,2674700,0.0021655989904933626
2007-04-09,8.971322890848711,9.024666187802998,8.956774466694979,8.985871315002441,1409000,0.0021607070431832664
2007-04-10,9.000414511589945,9.063456727842894,8.951920712535896,9.039209365844727,2746200,0.0059182211129652496
2007-04-11,9.053762600236865,9.082858525173314,8.966473900484745,9.034364700317383,2827100,-0.0005361048817064862
2007-04-12,9.03921778399032,9.068314645485776,8.908285607033351,8.956778526306152,1598700,-0.00862498330485442
2007-04-13,8.966473612278673,9.000419011103897,8.859787940979004,8.859787940979004,2298500,-0.010887792958458221
2007-04-16,8.898586610487156,9.01497128108088,8.888887656701893,8.961627960205078,5352700,0.011429072566215342
2007-04-17,8.961625791197292,9.097408336497708,8.903433932456343,9.092558860778809,2207100,0.014504468940827955
2007-04-18,8.8597878735313,9.218640683290406,8.8597878735313,9.179845809936523,2516800,0.009554036777277806
2007-04-19,8.947074838768186,9.407763755095418,8.89858102522254,9.058609962463379,1141100,-0.013294725680848185
2007-04-20,9.150750201272434,9.18954507596226,9.08285847685816,9.14590072631836,3695700,0.009590088341920038
2007-04-23,9.131350248751202,9.291379186490468,9.116801827159428,9.160446166992188,2033600,0.0015891148375532054
2007-04-24,9.170146860362367,9.20894173371625,9.097406588441679,9.179845809936523,1999200,0.0021155225013749983
2007-04-25,9.213790230490389,9.359270758889496,9.213790230490389,9.286530494689941,1768900,0.011554608217414377
2007-04-26,9.281681964317025,9.315627362732712,9.15074984541976,9.18469524383545,1357900,-0.011026478056421542
2007-04-27,9.184699437773407,9.26713869654485,9.131356115938015,9.242891311645508,1643900,0.006316210873308216
2007-04-30,9.267139789615728,9.281687297328071,9.10711073017708,9.131357192993164,2907000,-0.012140413637631839
2007-05-01,9.160447996033986,9.39806671315561,9.102256147933007,9.378669738769531,5412600,0.02672359848157891
2007-05-02,9.378670609676638,9.417465486994049,9.301080855041818,9.3883695602417,1847200,0.001033708320353957
2007-05-03,9.242886987244331,9.558095443916246,9.242886987244331,9.509602546691895,2767200,0.012830440099720876
2007-05-04,9.669631678718018,9.674481153512419,9.436861513300535,9.490204811096191,2287100,-0.0020418883170776276
2007-05-07,9.50475725685211,9.567798605966022,9.407769569815025,9.47081184387207,2397000,-0.0020455626762236794
2007-05-08,9.553246702170775,9.698727240805779,9.456259059785635,9.635685920715332,3664600,0.01725885836497651
2007-05-09,9.655084126584477,9.79571613349868,9.567795422285016,9.708427429199219,2327000,0.007520825590689638
2007-05-10,9.684181268629397,9.698729696153086,9.543550169005506,9.577495574951172,1844200,-0.013578179881714456
2007-05-11,9.577493150295707,9.659932368840265,9.528999329103137,9.635685920715332,1462700,0.006057354291024709
2007-05-14,9.625903793585847,9.6845978055647,9.552535812150031,9.606338500976562,1437200,-0.003050348742022077
2007-05-15,9.625901682227571,9.70416096965021,9.562315428118993,9.591663360595703,2109100,-0.0015288198579219933
2007-05-16,9.596555882607337,9.66014121174219,9.518295652474915,9.542752265930176,1794000,-0.005112379928424481
2007-05-17,9.581884930550054,9.586776254780709,9.523189972706883,9.55253791809082,1424900,0.0010249284428750728
2007-05-18,9.572098658804947,9.596555270700776,9.528077690316806,9.567207336425781,1258400,0.0015344787305585051
2007-05-21,9.415580074369046,9.630793594430585,9.33242945977193,9.567207336425781,1543900,0.0
2007-05-22,9.586773017245019,9.660140990078459,9.523186756644819,9.528078079223633,1530100,-0.004098321770961215
2007-05-23,9.557431078653565,9.606342464508383,9.376455779046125,9.410694122314453,1592800,-0.012396311528674344
2007-05-24,9.41558210784999,9.45960308584533,9.156347563313489,9.175912857055664,3160000,-0.02526483225509694
2007-05-25,9.16123566161567,9.249277586611957,9.043846739262028,9.151453018188477,2514000,-0.0026692164663637678
2007-05-29,9.195475894207155,9.337321454645945,9.195475894207155,9.283517837524414,2314100,0.01432788580380063
2007-05-30,9.347105691901772,9.347105691901772,9.195477460178104,9.327540397644043,2001200,0.0047308048437967815
2007-05-31,9.36666907543946,9.36666907543946,9.239497474813518,9.259062767028809,2648700,-0.00736852665783608
2007-06-01,9.283515905682908,9.30797251425089,9.126997342544719,9.151453018188477,2883800,-0.011690163989761354
2007-06-04,9.151453698646591,9.17591030903305,9.048738733796348,9.131889343261719,2173900,-0.002140055358208806
2007-06-05,8.965591358937198,9.14656660939207,8.946026996493895,8.960700035095215,1764000,-0.018924258272075674
2007-06-06,8.941135143586896,8.941135143586896,8.76505122739325,8.789506912231445,2014600,-0.019289739175124384
2007-06-07,8.779727235488457,8.779727235488457,8.417776672001228,8.525383949279785,4482100,-0.030510553482603564
2007-06-08,8.525377249808912,8.62320086791496,8.452009302998363,8.58896255493164,2266200,0.0074298949264835394
2007-06-11,8.593859299730264,8.789507592348482,8.579186260861803,8.70146656036377,2230200,0.013013626490374202
2007-06-12,8.62809560295344,8.667225252264533,8.535163268917366,8.559618949890137,3233500,-0.016435907647871353
2007-06-13,8.584073571722078,8.755266116182275,8.574291860294537,8.750374794006348,3651600,0.022040859089846574
2007-06-14,8.755267433876558,8.818853698809225,8.70635513768015,8.774832725524902,2552200,0.0027911734990746324
2007-06-15,8.828635288484309,8.906894588136485,8.789505638658222,8.833526611328125,1932600,0.006666618060413059
2007-06-18,8.84820296117366,8.853094285333878,8.721031331782106,8.730813980102539,1692100,-0.011695719691318785
2007-06-19,8.740597986759042,8.784618045192563,8.662337720958202,8.760162353515625,1645800,0.0033558333618216706
2007-06-20,8.813963718724459,8.848202051400897,8.45690548806363,8.466687202453613,2605200,-0.034075127442819694
2007-06-21,8.471578526110903,8.549837838778357,8.329733871747868,8.466687202453613,2730100,0.0
2007-06-22,8.461796871828604,8.486253492985156,8.256365918737085,8.266148567199707,5540600,-0.023970621623931005
2007-06-25,8.275931358337402,8.40310299176977,8.236801696737038,8.275931358337402,3010400,0.001182776570081927
2007-06-26,8.363973330169404,8.4813623149705,8.256366061074859,8.275931358337402,3519500,0.0
2007-06-27,8.197668892705954,8.471576418910928,8.187886247824686,8.452012062072754,3535400,0.02105306109300388
2007-06-28,8.452014164406338,8.613424113398535,8.363972204424304,8.466687202453613,4205400,0.0017347839608452963
2007-06-29,8.520492411704105,8.598751738901463,8.442233084506746,8.510709762573242,2831100,0.005186031624936862
2007-07-02,8.57429084659322,8.677005801371205,8.49114024528162,8.613420486450195,2952400,0.011996166125997338
2007-07-03,8.755265786787652,8.77972239674717,8.579182859700513,8.662332534790039,1332100,0.005662523534960848
2007-07-05,8.554728739429873,8.730812650687119,8.510707761615562,8.637879371643066,2341700,-0.0028269225329716724
2007-07-06,8.681898336927222,8.716136659973973,8.549835434097476,8.696572303771973,3135400,0.006771850361648129
2007-07-09,8.716141424878584,8.75037976664261,8.608535074630952,8.62809944152832,3057200,-0.007904706050457184
2007-07-10,8.58407646241681,8.647662739192281,8.476470137082835,8.486252784729004,2677800,-0.016576719124534133
2007-07-11,8.481361173425485,8.549837838778357,8.427557546119887,8.466687202453613,2485300,-0.002308223939580299
2007-07-12,8.48625010121168,8.574292036337374,8.46668481210627,8.564509391784668,2690500,0.011487538709839571
2007-07-13,8.569399531730504,8.750373766364675,8.535161213444267,8.745482444763184,1877900,0.02091042546791157
2007-07-16,8.745486205955174,8.769942824480749,8.500925618247065,8.540055274963379,2414100,-0.02376979476015862
2007-07-17,8.496035683838548,8.510708722817462,8.315060428726476,8.368864059448242,2557200,-0.020249320683562697
2007-07-18,8.354190087544673,8.432449405181067,8.300386456822906,8.368864059448242,3007800,0.0
2007-07-19,8.432444019622718,8.593853875775551,8.417770057090983,8.58896255493164,2402600,0.025959795546449612
2007-07-20,8.579186187034834,8.608533197443863,8.407993582620325,8.427557945251465,2489800,-0.01897091128374821
2007-07-23,8.481362196866822,8.544947546235214,8.359081889452854,8.40310287475586,2538700,-0.002906016343297425
2007-07-24,8.44712245147847,8.574294061933754,8.300385547295656,8.305276870727539,3633900,-0.011709947148009055
2007-07-25,8.383535655879427,8.388426979005638,8.207452687958313,8.334624290466309,3070200,0.003527358712469009
2007-07-26,8.275929359645241,8.339514694542782,8.026477477340435,8.202561378479004,7327600,-0.0159719703338633
2007-07-27,8.173218000406722,8.24169562957428,8.05093765258789,8.05093765258789,3978500,-0.018657905494402247
2007-07-30,8.036261097609964,8.202562372635674,7.95311046009711,8.138976097106934,2885300,0.010875822276736422
2007-07-31,8.20256318608388,8.275931183418278,8.05093493427813,8.060717582702637,2469300,-0.009661802838870347
2007-08-01,8.241692152345166,8.68679235598074,8.129194503717411,8.349298477172852,2751400,0.03517493795591108
2007-08-02,7.972672195908659,8.373752213101533,7.8259362641260175,8.217232704162598,3413400,-0.015944022230899448
2007-08-03,7.9824549693659765,8.285710414996855,7.830827713012695,7.830827713012695,3434800,-0.048165283502676966
2007-08-06,7.874848866204257,8.05093180477614,7.60583220311116,8.041150093078613,3618200,0.026503904473610347
2007-08-07,7.972674852543486,8.266147746823378,7.869959852654062,8.207453727722168,4434500,0.020470613210008697
2007-08-08,8.197670634153786,8.285712590939408,7.98245706566944,8.109628677368164,3503600,-0.0119906512689932
2007-08-09,8.109629101989576,8.109629101989576,7.830830179520196,7.904198169708252,4882300,-0.025658049094801353
2007-08-10,7.860177260399286,8.046043832350051,7.752570936007794,7.9090895652771,3420900,0.0006186437389649501
2007-08-13,7.938433353987043,8.046040567641155,7.860174071106367,7.8846306800842285,2838600,-0.0030972949205393934
2007-08-14,7.909346026435778,7.97360904803886,7.691839218139648,7.691839218139648,2428800,-0.02475545599803758
2007-08-15,7.691841808606707,7.77093522007883,7.479277911699936,7.489164352416992,3040100,-0.026702702160869944
2007-08-16,7.449621828771859,7.677015750126251,7.266718094205049,7.652298927307129,3732000,0.021548893197567188
2007-08-17,7.929126883931759,8.107086686377771,7.3754717556583635,7.8945231437683105,3960500,0.031163130040618305
2007-08-20,8.151576561125212,8.329537299637314,8.136746185293097,8.255387306213379,2887900,0.04469674793671158
2007-08-21,8.245497602164154,8.398740995829257,8.171347633801556,8.304817199707031,2418800,0.005969737906738305
2007-08-22,8.378969714907674,8.398742603584385,8.191122086703912,8.349308967590332,2464600,0.005343045114791814
2007-08-23,8.47783140381591,8.551981345788057,8.349304397725945,8.448171615600586,2466500,0.011771264038546751
2007-08-24,8.418516548760918,8.477836158459919,8.250442749833422,8.423460006713867,2342000,-0.0029293700942739174
2007-08-27,8.354251707049949,8.383911508948502,8.112027948664208,8.121914863586426,4425400,-0.03645472399896567
2007-08-28,8.087310847164085,8.176291187398293,7.968670707807812,8.003273963928223,2061800,-0.014715243558224945
2007-08-29,7.988442886112795,8.151573181152344,7.968670002736935,8.151573181152344,1695200,0.018360233534677105
2007-08-30,8.102142600249378,8.176293533634615,7.9884458852655,8.008219718933105,2504700,-0.017742457921715846
2007-08-31,8.082366638003974,8.087310094542271,7.9291232567884355,8.018102645874023,3223800,0.001233337002552742
2007-09-04,7.993385833842388,8.131799780134175,7.968669495478937,8.072479248046875,2239500,0.006758836881509887
2007-09-05,8.062592418320001,8.062592418320001,7.939008839498372,8.013158798217773,2060000,-0.0073756127765592745
2007-09-06,8.018104281900495,8.107084632009698,7.953841219526136,8.087311744689941,1499600,0.009211342064774823
2007-09-07,7.993386317059276,8.042819939642413,7.874746188580502,7.90934944152832,2155800,-0.022250848906707567
2007-09-10,7.978555157369664,8.00821589370323,7.854972056017221,7.89946174621582,2316900,-0.0012509095699112472
2007-09-11,7.983502426848598,8.023049151315524,7.9291262699992515,8.008219718933105,1388600,0.013673855304340695
2007-09-12,8.008216675665354,8.116969890904135,7.958783053150298,8.018102645874023,1820600,0.001233337002552742
2007-09-13,8.047764226521245,8.052707683576397,7.914293714636239,7.943953514099121,1203300,-0.009290741042037996
2007-09-14,7.9093501211532775,8.01315988891677,7.904406664183396,7.9785566329956055,2142000,0.004346447017774612
2007-09-17,7.943954077522953,7.988444251306748,7.825313928388864,7.9390106201171875,1840000,-0.004968861587213565
2007-09-18,7.99832981056303,8.082366686482302,7.8450859569943665,8.04281997680664,3273600,0.012991104621899202
2007-09-19,8.067537327564159,8.225724186086115,8.067537327564159,8.201007843017578,1873200,0.019477289324043235
2007-09-20,8.176291479856891,8.255384908923508,8.042820964731458,8.067537307739258,1689200,-0.016408785020838174
2007-09-21,8.16640285619634,8.215836474733035,8.067535619122951,8.191119194030762,2284100,0.015202272874608486
2007-09-24,8.1911202471265,8.260326756254733,8.087310483434152,8.131800651550293,2898700,-0.007268160864884799
2007-09-25,8.077424829596003,8.161461722158238,8.052708484729278,8.087311744689941,2349100,-0.005485999153625616
2007-09-26,8.15651928554378,8.205952924332843,8.082369298794301,8.13674545288086,2018200,0.006093896313101313
2007-09-27,8.112027479447736,8.161461108331382,8.032934050381119,8.067537307739258,1248200,-0.008542009169199451
2007-09-28,7.988442601250478,8.082366386823363,7.899462272062259,7.924179553985596,2337800,-0.017929481288749067
2007-10-01,8.077422572816419,8.121912735440757,7.988442247567742,8.10708236694336,2471600,0.022819257839009184
2007-10-02,8.082365898543303,8.186175647746168,8.082365898543303,8.141685485839844,1646100,0.004259174790360001
2007-10-03,8.141685485839844,8.146628941925862,8.052706104895034,8.141685485839844,1888900,0.0
2007-10-04,8.156515854097899,8.196062559918206,8.06259207419923,8.141685485839844,1427600,0.0
2007-10-05,8.201006370810221,8.359193200935197,8.171346575878758,8.339420318603516,3023700,0.02399648706981293
2007-10-08,8.52232282207243,8.636019479490642,8.378966372038121,8.403682708740234,3247900,0.007676319687133705
2007-10-09,8.438285919775259,8.497606447611673,8.354249055346557,8.487719535827637,2191400,0.009950330853168092
2007-10-10,8.487718168751805,8.497605078943405,8.33447483225262,8.374021530151367,1391100,-0.013486119667661684
2007-10-11,8.438289261391471,8.463006550639767,8.176292595436788,8.29987621307373,5233000,-0.008893638061148557
2007-10-12,8.324589038982719,8.438285692837994,8.309758671705508,8.3641357421875,2135200,0.00771241016939321
2007-10-15,8.418511777510256,8.418511777510256,8.191117554892832,8.230664253234863,2771200,-0.01608628813407059
2007-10-16,8.215839064078654,8.260328297628497,8.077425077126225,8.126858711242676,2383800,-0.012692256125317568
2007-10-17,8.131798861445304,8.210892266714225,8.018101266361938,8.09719467163086,1665900,-0.003656801659595356
2007-10-18,8.062594456955097,8.161461722158238,8.052708484729278,8.087311744689941,1794200,-0.00122128261623635
2007-10-19,8.092257252847146,8.092257252847146,7.859919403604861,7.8945231437683105,2707200,-0.02412713613056322
2007-10-22,7.884635961519167,7.998333152924204,7.835202789484329,7.988446235656738,1933900,0.011827031137801735
2007-10-23,7.993385874337284,8.052706406725106,7.835199045126928,7.934065341949463,2565000,-0.006830719498910653
2007-10-24,7.9390103268944685,8.018103756729259,7.800596824683586,7.929124355316162,2422100,-0.0006229499725315294
2007-10-25,7.9390070044498025,8.06753400986028,7.889573867207655,8.037874221801758,1654200,0.01362204018374342
2007-10-26,8.19112138230575,8.210895212150188,8.027991057561554,8.121914863586426,1457400,0.010401299053445692
2007-10-29,8.161461972263746,8.201008690983276,8.097197965051917,8.126858711242676,1316200,0.0006085195028462449
2007-10-30,8.136742119353613,8.255383180988819,8.04281928128853,8.191119194030762,2185600,0.007876075742678698
2007-10-31,8.230668531717225,8.294932539221156,8.161462009360514,8.285045623779297,2767400,0.011401615399760699
2007-11-01,8.26526732725556,8.364134542520892,8.116967447225202,8.240550994873047,3065100,-0.00538494766064806
2007-11-02,8.438289294134988,8.467949098479854,8.191122057902009,8.458063125610352,6933100,0.026052992447287322
2007-11-05,8.55198560643484,8.754662655471787,8.453119282172114,8.720059394836426,5273700,0.030505846789226215
2007-11-06,8.631078340093582,9.01171606182041,8.631078340093582,9.001829147338867,4957300,0.03180174604711813
2007-11-07,9.02654439125121,9.02654439125121,8.858470654564586,8.927677154541016,4251100,-0.008271551299842233
2007-11-08,8.972165837621747,9.169899335575927,8.89801589374739,9.150126457214355,5106100,0.0246114556730939
2007-11-09,9.021602412115664,9.209449061177247,9.0067720413208,9.0067720413208,5105300,-0.01579095622849829
2007-11-12,8.947451023073675,9.105637848294379,8.73488712310791,8.73488712310791,4361700,-0.03065172229036112
2007-11-13,8.78926441472332,8.873301285553863,8.611303760525018,8.858470916748047,3951000,0.014049145829403075
2007-11-14,8.978245497827372,9.008189352292232,8.89340378359529,8.898394584655762,4903800,0.0044967097573884686
2007-11-15,8.843500292065961,8.933332843594014,8.80856562244913,8.903388977050781,3395200,0.0005611114761334325
2007-11-16,8.963275020179848,8.963275020179848,8.733703833468375,8.813554763793945,3687300,-0.010141137711877076
2007-11-19,8.773632275688886,8.873446448413755,8.718734385500358,8.768641471862793,2852500,-0.005108962386853217
2007-11-20,8.793591726603658,8.888414103012062,8.733703058226375,8.873442649841309,1964400,0.011880955791684302
2007-11-21,8.808564646586822,8.918360398245477,8.708751451867794,8.713741302490234,2416900,-0.01816160420781183
2007-11-23,8.813552842195211,8.813552842195211,8.648860215319004,8.728711128234863,975300,0.0017164821838630297
2007-11-26,8.73370496554797,8.833519117342123,8.683797889650894,8.703761100769043,2682000,-0.002862479191055222
2007-11-27,8.733703952738969,8.768638616246214,8.559029683304551,8.683796882629395,2687800,-0.002296380772035572
2007-11-28,8.733702608523869,8.79858112335205,8.648860887965144,8.79858112335205,1690000,0.013131610599027154
2007-11-29,8.758655383893053,8.808562444726514,8.673813666045572,8.783609390258789,2498000,-0.0017030570451780365
2007-11-30,8.873446785884395,8.908381462097168,8.768641805347539,8.908381462097168,2750200,0.014105155439658137
2007-12-03,8.838508203822895,8.978247813869638,8.838508203822895,8.95329475402832,1797800,0.005029022589640927
2007-12-04,8.883425350440255,9.018174171447754,8.883425350440255,9.018174171447754,1877200,0.007220300082315174
2007-12-05,8.98324070112756,9.13296099872031,8.98324070112756,9.117989540100098,2079800,0.011007441052213402
2007-12-06,9.0780607081734,9.103013764581956,8.908377259280583,9.023162841796875,2657700,-0.010454414358836624
2007-12-07,9.003205437023857,9.063093185424805,8.923353519324928,9.063093185424805,2298600,0.004415552720804826
2007-12-10,9.063088306934894,9.127967776660887,9.053106703608112,9.108004570007324,1306000,0.004943176976730401
2007-12-11,9.103012230614945,9.157910087740522,8.923347208675187,8.993217468261719,2525700,-0.012682971370495977
2007-12-12,9.207819556479485,9.207819556479485,8.893405685708988,8.983238220214844,3244100,-0.0011102576887130728
2007-12-13,8.92334888313445,9.182864863101415,8.913368231518877,9.167893409729004,3581800,0.020347112666678175
2007-12-14,9.103016728607601,9.157914612859381,9.058100450928581,9.147933006286621,3230500,-0.0021795807506532947
2007-12-17,9.122981885724352,9.137953346875289,8.938325932374465,9.063093185424805,1969400,-0.009317479833546156
2007-12-18,9.108008563575805,9.172887109850866,8.998213734533968,9.08305549621582,2889400,0.0022001714186252884
2007-12-19,9.137951830145088,9.137951830145088,8.943315252300165,9.033147811889648,2944300,-0.005509742823304429
2007-12-20,9.038132652271853,9.083048902431951,8.359399051539551,8.653849601745605,7280000,-0.042896638970664126
2007-12-21,8.738694246496594,8.908377703857548,8.5290853257506,8.67381477355957,4268100,0.0023044283657357102
2007-12-24,8.748676462775212,8.8335181973951,8.643871519116198,8.808564186096191,1399000,0.015415760222123811
2007-12-26,8.758655383893053,8.79858084218022,8.703758473684456,8.783609390258789,1006700,-0.0028370357383121665
2007-12-27,8.788602949681895,8.80856520914128,8.688788796690039,8.74368667602539,1554800,-0.004555498249582057
2007-12-28,8.75367036941891,8.778623437668923,8.678809260871793,8.718734741210938,960000,-0.002857788298660247
2007-12-31,8.708750273450004,8.708750273450004,8.529085214609445,8.549047470092773,1338700,-0.019654259172346353
2008-01-02,8.534074197537963,8.658841361385308,8.3843530297824,8.419288635253906,2176200,-0.01529453017482707
2008-01-03,8.429274546155026,8.484172437120389,8.29452664853775,8.324470520019531,2657800,-0.011325906915916634
2008-01-04,8.31947856008399,8.32946016649042,8.214673596613228,8.24461841583252,3254100,-0.00963875837968701
2008-01-07,8.279548929694204,8.344427434967658,8.184725620234941,8.29452133178711,2884600,0.006034542080598951
2008-01-08,8.304503332123986,8.489159180381641,8.284541077984215,8.349419593811035,2562600,0.0065968103776997055
2008-01-09,8.374373721352677,8.474186897277832,8.329457459022032,8.474186897277832,2465800,0.014832680616079098
2008-01-10,8.44923501605304,8.52409514637998,8.36439328117632,8.469197273254395,2556400,-0.0005889761003418184
2008-01-11,8.379365246302171,8.524094697052083,8.364392840266738,8.394336700439453,1488800,-0.008878455095322228
2008-01-14,8.474191155931008,8.474191155931008,8.344433105310925,8.359405517578125,1912500,-0.00416996191343165
2008-01-15,8.274559521118752,8.379364449605797,8.199699401855469,8.199699401855469,2442900,-0.01928981894263903
2008-01-16,8.19970146552773,8.334450285253588,8.164766797872499,8.259589195251465,2940900,0.007277356777074938
2008-01-17,8.194707981426355,8.23463343881134,7.975117489859949,7.9900898933410645,3440000,-0.03317284161910015
2008-01-18,7.990089940378578,8.119847915618156,7.850350362759495,7.925210952758789,3477600,-0.008153072392224497
2008-01-22,7.436122787342005,7.840368608300117,7.271430168864356,7.715601444244385,4071200,-0.026804497500812104
2008-01-23,7.461077518838736,7.915229993106019,7.451096391597749,7.9002580642700195,3799100,0.023650984749830815
2008-01-24,7.925212451092659,7.960147114127649,7.650724521098792,7.69064998626709,2512200,-0.026890121785305445
2008-01-25,7.775493060693746,7.795455796723224,7.585846830439121,7.650725841522217,3922100,-0.0052047789351919544
2008-01-28,7.670688472194172,7.955157575694318,7.665697669268059,7.885288238525391,3134200,0.030198250462718696
2008-01-29,7.945174211097996,7.955155338193724,7.790462695547456,7.860332489013672,2409100,-0.0031698680972901986
2008-01-30,7.865326178914139,8.03500968539554,7.825400703971363,7.870316982269287,2440600,0.0012694319601540642
2008-01-31,7.78547503252242,8.044991089049457,7.745549558587367,7.980111598968506,2443900,0.01385405728925596
2008-02-01,7.960148591202005,8.059962272644043,7.930204724743982,8.059962272644043,2857100,0.009956479497111122
2008-02-04,8.054971004620448,8.219663688480402,8.015045534348285,8.15478515625,2167000,0.01169601499803133
2008-02-05,8.059958056811485,8.109865109402767,7.875302723742033,7.930200576782227,1986100,-0.027926561950174504
2008-02-06,7.980110939489036,8.020036410124632,7.870316133215721,7.910241603851318,1263500,-0.002520003326375017
2008-02-07,7.850353042217623,7.920222854874912,7.770502099723099,7.865325450897217,1833700,-0.0056944101179037965
2008-02-08,7.795453968989367,7.865323766685346,7.74055657676692,7.775491237640381,1580900,-0.011487277538265733
2008-02-11,7.790463732949127,7.790463732949127,7.655715405544608,7.72059440612793,1605400,-0.007085281074399153
2008-02-12,7.775489956493978,7.855340868733102,7.715601772314634,7.82539701461792,1827600,0.013483115146439476
2008-02-13,7.958203178884504,7.958203178884504,7.781466243099523,7.821863174438477,1585000,-0.000451688052327073
2008-02-14,7.826915005210569,7.922857622416102,7.6905749642890076,7.715823173522949,1736600,-0.013649605856419557
2008-02-15,7.700670573282298,7.741067495141185,7.640075190493965,7.725918769836426,1796300,0.0013075723955129643
2008-02-19,7.806715043287655,7.85721145211223,7.75621863446308,7.801665306091309,2119800,0.009756461370128066
2008-02-20,7.786517754116294,7.842063426971435,7.710773610989327,7.8420634269714355,2236000,0.0051647802606308085
2008-02-21,7.882460020784975,7.882460020784975,7.635028650446632,7.6653265953063965,2042500,-0.022794871882469918
2008-02-22,7.660276837830458,7.751170190606057,7.599681429836557,7.746120452880859,1687500,0.010485011238245677
2008-02-25,7.766316859837701,7.801664051388524,7.675423531199165,7.771366596221924,1922200,0.003253898719088311
2008-02-26,7.7764174694455255,7.806715412487026,7.680474866024797,7.74107027053833,2853900,-0.0039060741344648393
2008-02-27,7.736018895104521,7.756217358998944,7.614828111737982,7.695621967315674,2836800,-0.005888364403559512
2008-02-28,7.725921722274221,7.821864327960936,7.640078110126882,7.71077299118042,2560800,0.0019668493232670625
2008-02-29,7.705722671974677,7.705722671974677,7.367397986477519,7.412844657897949,3574800,-0.039404180716634755
2008-03-03,7.382546759338474,7.498688307151246,7.205810291372181,7.327001094818115,4965300,-0.01164795549229618
2008-03-04,7.251257681202646,7.412845927434662,7.251257681202646,7.362349510192871,5172100,0.004812804126847633
2008-03-05,7.392644339982513,7.427991528207054,7.220957171630195,7.321949481964111,2475600,-0.005502493538763964
2008-03-06,7.271459572415107,7.372452454407617,7.109871731738695,7.200765132904053,3856800,-0.016689326353512127
2008-03-07,7.195712248314767,7.210860981366484,7.094719892020748,7.170464038848877,4413700,-0.004216916812776155
2008-03-10,7.190663685169468,7.2361103733208285,7.119969264995902,7.210862159729004,4173900,0.005618150451700727
2008-03-11,7.3673969195901075,7.3673969195901075,7.2462061343984665,7.352248191833496,3180900,0.019417620420277903
2008-03-12,7.347201023540565,7.382548227851086,7.165414300641791,7.170464038848877,4607300,-0.025035770871978537
2008-03-13,7.099770263301838,7.1250179934494815,7.013926632405011,7.069472312927246,7071700,-0.014184532391682105
2008-03-14,7.104820294937776,7.104820294937776,6.917984278373266,7.024026393890381,11047400,-0.006449225632278705
2008-03-17,7.0139237958361935,7.0290725241122525,6.822038138585011,6.988675594329834,5050700,-0.0050455471879181585
2008-03-18,7.069470361458043,7.165412961615844,7.0088749590053085,7.155313968658447,2988700,0.02356422624997066
2008-03-19,7.220959767298994,7.271455699832718,7.044222799507225,7.049272537231445,4683500,-0.014930867768320115
2008-03-20,7.094718597717058,7.195710935586843,7.013924727421231,7.150264263153076,5619100,0.014224890612657201
2008-03-24,7.170465459931193,7.1856141959851705,7.008877657836403,7.024026393890381,6169600,-0.017812701906389616
2008-03-25,6.998776205541579,7.241158321893878,6.998776205541579,7.190661907196045,5104000,0.02344661291297645
2008-03-26,7.165409952895999,7.291650442057142,7.135112505176104,7.180559158325195,3167400,-0.0014059696791256277
2008-03-27,7.180560680962142,7.301751460678708,7.150262745248324,7.165411472320557,3689900,-0.0021117695029470506
2008-03-28,7.226009704988594,7.241158437010973,7.079570677920247,7.094719409942627,2789100,-0.009914725475796735
2008-03-31,7.079572344166829,7.215911927596106,7.024026177728928,7.205812931060791,2487900,0.015537289572104672
2008-04-01,7.170460322818853,7.412842333881624,7.170460322818853,7.402742862701416,3012700,0.02696253683026796
2008-04-02,7.448194987464953,7.609782792412754,7.427996511846478,7.594634056091309,2874800,0.025591364018254348
2008-04-03,7.52898529646748,7.569382228423583,7.438091958781542,7.483538627624512,3773500,-0.014736193994379561
2008-04-04,7.483540160182605,7.675425867055173,7.478490903831113,7.544135570526123,2804600,0.008064757132636869
2008-04-07,7.609780566949855,7.705723659256508,7.508788218392461,7.64512825012207,2560100,0.013298099114588152
2008-04-08,7.604731757284927,7.70572411177307,7.589582542934556,7.650177955627441,1708800,0.0006602948147506644
2008-04-09,7.635029222846604,7.7309723207874885,7.6249302281825555,7.650177955627441,1951400,0.0
2008-04-10,7.640080300632037,7.685526988513045,7.569385399309399,7.589583873748779,2702800,-0.007952145429891479
2008-04-11,7.554234578397286,7.710773073264576,7.5340361095340365,7.619879722595215,2523700,0.003983820826141258
2008-04-14,7.6350287744815795,7.690574445795771,7.599681572878867,7.64512825012207,1966300,0.0033080297889995806
2008-04-15,7.705724716186523,7.75117139966327,7.660278032709778,7.705724716186523,2893200,0.007894907330954496
2008-04-16,7.7158217000311975,7.826913510503596,7.69057349561891,7.801665306091309,3027500,0.012373689430824838
2008-04-17,7.7966159815483635,7.867310861330566,7.7764175132633735,7.811765193939209,2222700,0.0012937437748383649
2008-04-18,7.943055754757781,7.968303962915012,7.887510082067484,7.922857284545898,2627100,0.014120953552588163
2008-04-21,7.927905239595584,7.932954976405306,7.7562180406203245,7.821863174438477,2033200,-0.012829125236648113
2008-04-22,7.801664950364792,7.826913153625856,7.730970559117118,7.781466484069824,1877400,-0.005177969255314753
2008-04-23,7.826913924760585,7.84206265558196,7.741070314157008,7.811765193939209,2685900,0.003886140939374684
2008-04-24,7.806715075019682,7.8925586814287225,7.736020198691811,7.7966156005859375,2109000,-0.0019412132892025835
2008-04-25,7.847111612330072,7.907707011156358,7.811764416740427,7.862260341644287,1819300,0.008384398198011614
2008-04-28,7.862261873910252,8.104643516452839,7.821864933486488,7.922857284545898,2227800,0.007677768643779198
2008-04-29,7.94305597390541,7.973353920843907,7.8723615669981335,7.887510299682617,2015400,-0.004471375325912719
2008-04-30,7.912756364967136,7.912756364967136,7.635027105951095,7.685523509979248,3661800,-0.025942038007256363
2008-05-01,8.01879936282655,8.01879936282655,7.730971078397807,7.852161884307861,3852600,0.021450397471092456
2008-05-02,7.92790597283417,7.998600850000492,7.867310570221372,7.938005447387695,2700700,0.010873147448689571
2008-05-05,7.892558371996527,7.927905567989932,7.791566039465778,7.847111701965332,1884700,-0.011516512568607362
2008-05-06,7.87236021413068,7.87236021413068,7.705722738529471,7.7966156005859375,2130300,-0.006455785859796353
2008-05-07,7.7865169921626425,7.82691392875323,7.640077976629393,7.655226707458496,2493800,-0.018301097897666704
2008-05-08,7.690572258782465,7.806713787772747,7.655225067231642,7.771366596221924,2192200,0.015057385747525827
2008-05-09,7.7511714994660075,7.7511714994660075,7.655228392764292,7.69057559967041,1690100,-0.010450398895252427
2008-05-12,7.751168754378605,7.842061608743014,7.6602754184447885,7.826912879943848,1978900,0.01757253292348459
2008-05-13,7.796616437212737,7.917807735575038,7.75117024209256,7.89255952835083,2929600,0.008352319764187701
2008-05-14,7.975841595383975,8.113796811858503,7.817449110477517,8.062702178955078,5423100,0.02132827445067668
2008-05-15,8.083140239561065,8.083140239561065,7.970732822572725,8.026936531066895,1906700,-0.0044458060795932956
2008-05-16,8.011612912419698,8.14956772563454,7.975846452695619,8.09847354888916,2253100,0.008872640977460813
2008-05-19,8.118903657868431,8.14956003754022,8.078028160123134,8.108684539794922,2072200,0.0012600595614518126
2008-05-20,8.083138509263733,8.24153096623893,8.062700757161306,8.190437316894531,4143300,0.010031640159311593
2008-05-21,8.215985877670956,8.215985877670956,8.103577973717687,8.164891242980957,4893800,-0.0031238864562926705
2008-05-22,8.190440837874739,8.35905248702266,8.129127067934899,8.333504676818848,4329100,0.020440690777609155
2008-05-23,8.307953541197309,8.343719482421875,8.169998361146439,8.343719482421875,5469800,0.0012250008494072164
2008-05-27,8.297737587242795,8.553209807199343,8.297737587242795,8.542990684509277,4879900,0.023602045688682807
2008-05-28,8.558322992444843,8.62474536895752,8.466352798389144,8.62474536895752,6013800,0.00952429629685612
2008-05-29,8.588978116287969,8.81379400434511,8.548102588872984,8.76780891418457,7150000,0.016451496379789345
2008-05-30,8.813792801481833,8.813792801481833,8.57875879455932,8.655400276184082,6958500,-0.01290350089250973
2008-06-02,8.60430689357491,8.686057949250962,8.507227149503551,8.619635581970215,5397500,-0.0041406276207725315
2008-06-03,8.66561772215402,8.66561772215402,8.410145487780857,8.5327730178833,5314000,-0.010128409213661755
2008-06-04,8.491895134161126,8.813789631014007,8.491895134161126,8.670724868774414,4299100,0.016037995151228036
2008-06-05,8.686058397213708,8.81890411317586,8.624744615019829,8.737153053283691,3509500,0.007632005146870343
2008-06-06,8.680944052756807,8.732038680684273,8.486785636091195,8.502113342285156,2964700,-0.02726963789540102
2008-06-09,8.522553920939366,8.660509161818778,8.51233479764106,8.640070915222168,2110100,0.016096029465161758
2008-06-10,8.634960480049065,8.640070041181328,8.50722437538991,8.599194526672363,2515600,-0.00474225137876472
2008-06-11,8.588976187698853,8.619633557288298,8.44591236114502,8.44591236114502,3771700,-0.017985959099963384
2008-06-12,8.471462162239694,8.471462162239694,8.364164254736602,8.40503978729248,2999600,-0.004851079469800256
2008-06-13,8.440802543534433,8.542990848752162,8.364161070983837,8.4612398147583,1950400,0.006664212474440441
2008-06-16,8.4612398147583,8.481678060531364,8.287518623884043,8.4612398147583,2160900,0.0
2008-06-17,8.512334485524564,8.512334485524564,8.405036618474291,8.440802574157715,2033500,-0.002418317276754156
2008-06-18,8.420362699048333,8.481676450177133,8.328392559629641,8.425472259521484,3224200,-0.0018178666017443662
2008-06-19,8.430583451234108,8.46123984545573,8.379488811165274,8.440802574157715,2795400,0.0018178666017443078
2008-06-20,8.379490905566522,8.476570648506861,8.24664519800328,8.251754760742188,3441800,-0.02265151981048245
2008-06-23,8.302844091125381,8.399923771833746,8.261968589966408,8.282405853271484,2787200,0.0037076121802189364
2008-06-24,8.26707876546002,8.29262559013222,8.15467088525945,8.190437316894531,3093200,-0.011166195295861209
2008-06-25,8.246639911575986,8.307953650588855,8.159779837068978,8.282405853271484,2551500,0.01116619529586112
2008-06-26,8.175110685335316,8.241533030852045,8.078031460347768,8.11890697479248,2983700,-0.019937952084242906
2008-06-27,8.113800457383768,8.226208407911402,7.919641447299583,7.940079212188721,4064700,-0.02227228454180813
2008-06-30,7.934966990021643,8.267081167267145,7.894091473941364,8.200657844543457,5070700,0.03229112444121538
2008-07-01,8.072919876849742,8.261969205615802,8.04226300505888,8.190437316894531,5542900,-0.0012470831110254661
2008-07-02,8.251750589682407,8.313064337007232,8.17510913643809,8.180218696594238,2699700,-0.0012484071034213162
2008-07-03,8.241533754305495,8.287518833911072,8.093360366892474,8.124016761779785,1365300,-0.006894178824007358
2008-07-07,8.10868793241521,8.19043944938446,7.980951826698635,8.078031539916992,3210000,-0.005676485403115348
2008-07-08,8.032045502176087,8.1648906658864,7.940075361144358,8.088249206542969,3862000,0.0012640715754934952
2008-07-09,8.07803347510395,8.241535086387444,8.021829263268557,8.1751127243042,2887800,0.01068221246335669
2008-07-10,8.190440371306146,8.26708184845308,8.149564364583203,8.215987205505371,3317700,0.004987409765425261
2008-07-11,8.108688997683206,8.27219156582706,8.067813477465902,8.144454956054688,3019500,-0.008744593155919852
2008-07-14,8.15978219180717,8.24664229138014,8.021826970128911,8.026936531066895,2318800,-0.014534370016035804
2008-07-15,7.980953276883357,8.037156998192339,7.873654909093726,7.950296878814697,2802300,-0.009593680971302355
2008-07-16,7.945188918784008,8.011611777692528,7.822562327233554,7.878766059875488,2837100,-0.00903797099441338
2008-07-17,7.904312731148974,7.914531369291281,7.771467024375948,7.853218078613281,2586100,-0.003247906112272004
2008-07-18,7.842998756751609,7.980953526932117,7.710153061559507,7.837889194488525,3176900,-0.0019538313943566186
2008-07-21,7.842998204335917,7.98606252670288,7.8021226836596425,7.986062526702881,2324000,0.018728275434844795
2008-07-22,7.975840532996084,8.047372912077806,7.909417713979014,7.996278285980225,1981500,0.0012783810317073831
2008-07-23,7.991174722661594,8.02183112963646,7.827672098788023,7.883876323699951,1708800,-0.014156517013200684
2008-07-24,7.9400780936837805,7.9400780936837805,7.766356872960538,7.797013759613037,2207700,-0.011078893110837809
2008-07-25,8.026935094107676,8.026935094107676,7.715259241804256,7.76124382019043,1698400,-0.004598201599906183
2008-07-28,7.756138605143897,7.812342331530916,7.684606191062931,7.740809917449951,1439900,-0.0026362848330855207
2008-07-29,7.710153265362465,7.797013877032164,7.689715503044577,7.745919227600098,2506300,0.00065983078643203
2008-07-30,7.77657934465011,7.9911761817562486,7.735703803037025,7.970738410949707,1831000,0.028610983901165846
2008-07-31,7.980953283209004,8.062704327823107,7.904311800701949,8.057595252990723,1970700,0.010838018981062273
2008-08-01,8.067811707204879,8.067811707204879,7.827667713165283,7.827667713165283,1997600,-0.0289505561574295
2008-08-04,7.863437390699938,7.873656029084825,7.7510294448178,7.771467208862305,1703500,-0.007205623613011218
2008-08-05,7.771467796182896,7.965626812916415,7.73570182822072,7.924751281738281,3494000,0.019531958740238244
2008-08-06,8.169999077517659,8.502112671000706,8.062700757161306,8.190437316894531,4962300,0.032976357622589
2008-08-07,8.200656615276733,8.287517195745695,8.06781145156642,8.088249206542969,2885800,-0.012554999755050629
2008-08-08,8.149560675367573,8.318172725856353,8.062700114042057,8.302844047546387,2801900,0.02618581930956239
2008-08-11,8.272190643740977,8.476568222045898,8.20576732169865,8.476568222045898,1624300,0.02070756465774857
2008-08-12,8.415256870189426,8.445914246622866,8.180222831496382,8.251754760742188,2400500,-0.026879801096618146
2008-08-13,8.284308900682046,8.315316641695853,8.222292432936117,8.253300666809082,2128600,0.000187325159639888
2008-08-14,8.17061601407273,8.242967767688285,8.098263767597818,8.237799644470215,2218300,-0.0018799263374166214
2008-08-15,8.258468901828609,8.346324995921185,8.1654451790935,8.186117172241211,3663200,-0.006293583119957844
2008-08-18,8.217127295824284,8.258471294096005,8.056919425736197,8.124103546142578,2276300,-0.007604302357324754
2008-08-19,8.113765586714555,8.222293682474158,8.046581480495828,8.211957931518555,1923500,0.010755986991499206
2008-08-20,8.217125088064174,8.253301446476645,8.149941478567882,8.196453094482422,2306900,-0.0018898650973951392
2008-08-21,8.14994448119569,8.289480858925344,8.139608234167099,8.268808364868164,2219100,0.008788896103331017
2008-08-22,8.299815807194266,8.335991684711129,8.242967929259285,8.310152053833008,1636100,0.004987499049783653
2008-08-25,8.294645287965512,8.325654018924862,8.24813367010416,8.26363754272461,3018900,-0.005613035324460227
2008-08-26,8.248137789576166,8.367002186656839,8.237801540760687,8.346329689025879,2262300,0.009957012959247606
2008-08-27,8.315317252629212,8.341156874419458,8.1654451790935,8.186117172241211,3270200,-0.019382192324681295
2008-08-28,8.217125938875078,8.341157913208008,8.165446195999317,8.341157913208008,2371200,0.018762353544065614
2008-08-29,8.29464750801639,8.320488124065387,8.191288000976542,8.206791877746582,1521000,-0.016239956036190946
2008-09-02,8.2429708200742,8.330827468736787,8.082762883863612,8.108602523803711,3289700,-0.012036551122750587
2008-09-03,8.10343074798584,8.144774742180928,8.020742759595663,8.10343074798584,2786600,-0.0006380169478566851
2008-09-04,8.07242663359994,8.139610781735184,8.046586500800302,8.108602523803711,3118500,0.0006380169478565426
2008-09-05,8.098264380026237,8.139608383178711,7.963896123351001,8.139608383178711,3183300,0.0038165305938230435
2008-09-08,8.18611610918799,8.310148051967413,8.165444118724754,8.284308433532715,2837700,0.017621106597686263
2008-09-09,8.273975125349967,8.346326871193524,7.891542919761924,7.907046794891357,4426900,-0.046608814048890314
2008-09-10,7.94322364740635,8.113767773440276,7.891543892981764,8.077591896057129,3004100,0.021339434214938172
2008-09-11,8.046585734691163,8.046585734691163,7.762345779536021,7.901881694793701,3713700,-0.021992875121424862
2008-09-12,7.870869983844831,8.041414572057882,7.855366109592473,7.9845662117004395,3433800,0.010409534468911387
2008-09-15,7.819192083915979,7.963896094424034,7.73133595432124,7.736504077911377,3402100,-0.03156053874599322
2008-09-16,7.581462568910397,7.715830802920233,7.302390348275751,7.6848225593566895,4746100,-0.0067026285421279705
2008-09-17,7.576295176548698,7.65898317687708,7.281719052163998,7.302391052246094,4601400,-0.05104545157766647
2008-09-18,7.364405593811678,7.545285928347248,7.147349389512698,7.224869251251221,6019300,-0.010672698805830156
2008-09-19,7.462598824117213,7.855367312981107,7.090502827902385,7.664151191711426,6250400,0.059024630871618064
2008-09-22,7.684819954495681,7.731332057645511,7.555619887016885,7.581459999084473,2352600,-0.010847974870343837
2008-09-23,7.612470245063878,7.669318608897092,7.317894151961971,7.359238147735596,3515500,-0.029749378276320536
2008-09-24,7.395414236225224,7.54528633849663,7.235205888968548,7.509109973907471,3149700,0.020160531776359993
2008-09-25,7.550454946438331,7.7158314376153845,7.472935070441746,7.664151191711426,3160500,0.020436821370304427
2008-09-26,7.664151977669643,7.71066410518115,7.509111716917755,7.653816223144531,2699500,-0.0013493918422989356
2008-09-29,7.576293213814369,7.622805325164373,7.297221038573567,7.348901271820068,4105000,-0.04065356092815917
2008-09-30,7.488440196100303,7.529784202575684,7.34890429746075,7.529784202575684,3661400,0.024315567821386296
2008-10-01,7.467764687122303,7.498772923851746,7.29722061725837,7.441924571990967,3930700,-0.011736888620268148
2008-10-02,7.3747416739198535,7.441925289738062,7.131845356833539,7.230037212371826,3676300,-0.028885311327569642
2008-10-03,7.3127261024022845,7.3850783421593,6.976806010167571,7.028486251831055,3329100,-0.028272827369228277
2008-10-06,6.894117425901753,7.142181381726698,6.273957043480118,6.578868865966797,5497100,-0.06610853003597217
2008-10-07,6.635717222458889,6.723573329988272,6.036228836629641,6.062068462371826,7613500,-0.0818117534259826
2008-10-08,5.963878313841286,6.113750453289053,5.7985022959291035,5.896694183349609,8154600,-0.02765918629194711
2008-10-09,5.876020372363916,5.912196241931758,5.235188007354736,5.235188007354736,7619600,-0.11898912876125693
2008-10-10,4.382467792756153,5.183508627820873,4.382467792756153,4.6925482749938965,10917900,-0.1094269800950003
2008-10-13,4.909605344728242,5.317877769470214,4.7804052040775,5.317877769470215,5577800,0.12509853113504005
2008-10-14,5.483252851082586,5.612452969567787,5.240356983189131,5.581445217132568,7245800,0.04837343409229054
2008-10-15,5.503923133039068,5.669299568245143,4.909602970585545,4.930274963378906,6024800,-0.12405298234060246
2008-10-16,4.94577884884062,5.338547205891947,4.7700666631671735,5.307539463043213,8193400,0.07373358989897717
2008-10-17,5.209350105375471,5.653798452205153,5.018133938965278,5.271366119384766,6522600,-0.0068387952533349025
2008-10-20,5.379894080457951,5.741654396057129,5.199014169088087,5.741654396057129,5110500,0.08545783646320276
2008-10-21,5.710644560781045,5.881188654612849,5.498756474072396,5.715812683105469,4796000,-0.004510902207711928
2008-10-22,5.576276086093424,5.648628316795516,5.19384392279505,5.395395755767822,5100600,-0.057690536858220925
2008-10-23,5.42640668513327,5.664134997720155,5.193846497199457,5.571110725402832,6654100,0.03204849411321344
2008-10-24,5.214515767480189,5.540100056933734,5.043971686270128,5.431571960449219,6152700,-0.025365858631498477
2008-10-27,5.354051860425795,5.524595949615991,5.17834014191109,5.235188007354736,4955100,-0.03682583031635528
2008-10-28,5.36955628970391,5.891524314880371,5.188675954033149,5.891524314880371,4912600,0.11811200406231002
2008-10-29,5.860518295402876,6.036230560647104,5.726150034585595,5.772662162780762,5533400,-0.020381407126449428
2008-10-30,5.943204128937096,6.067236096820003,5.7313160605889895,6.046564102172852,4358400,0.046356839572290816
2008-10-31,6.000052904230004,6.155093134110892,5.860517042338718,5.953541278839111,5116300,-0.015503978294066498
2008-11-03,6.072406135272433,6.196438142302384,5.881190001219746,6.093078136444092,3817900,0.023167179726770293
2008-11-04,6.196435685785453,6.268787907632611,5.927699777091642,6.031059741973877,4097600,-0.010230654917904551
2008-11-05,6.449672258916944,6.516856406554772,6.108583888493775,6.26362419128418,5171200,0.03783622164762484
2008-11-06,6.258452284820372,6.315300640782692,5.845012384326609,5.917364120483398,4295000,-0.056867862058619684
2008-11-07,6.010387715601375,6.294627987092563,5.922531622724841,6.284291744232178,3858100,0.060162046008202456
2008-11-10,6.403156805388877,6.408324434551091,5.953540539566304,6.103412628173828,2954500,-0.02920508384398418
2008-11-11,6.031063071198321,6.377319514336213,5.9690470580353425,6.217111110687256,4099400,0.018457285213401526
2008-11-12,6.1767035890966735,6.239677564882296,5.951046467177024,6.0140204429626465,3499900,-0.03321186341254431
2008-11-13,6.071742694976754,6.365621566772461,5.74112915188372,6.365621566772461,6075100,0.056818397304779764
2008-11-14,6.2606668332025235,6.549297335605593,6.045505694841323,6.218684196472168,4112200,-0.023353540697277294
2008-11-17,6.150463826930587,6.318394415906942,6.014019973150983,6.09798526763916,4421400,-0.019599907767055415
2008-11-18,6.07699257654849,6.334136358173192,6.02451402906599,6.286905765533447,5772500,0.03051058787761258
2008-11-19,6.255418701390381,6.470579833659964,6.045505523681641,6.045505523681641,4909200,-0.03915391319094954
2008-11-20,5.961539113301258,6.255418031074621,5.798856543127786,5.872325897216797,7275000,-0.02906431733722201
2008-11-21,5.930053452566018,6.313145154578514,5.762122397838425,6.292153835296631,7718600,0.06905264426563927
2008-11-24,6.4076052007057624,6.6122709026176825,6.187196137253678,6.470579147338867,5286000,0.02796218298804437
2008-11-25,6.166205863952636,6.780202572996786,6.166205863952636,6.559793472290039,5754300,0.013693502344746644
2008-11-26,6.050751695537797,6.565039622648717,5.903812502279986,6.544048309326172,5029800,-0.0024031380725934542
2008-11-28,6.638509326375547,6.795944435005157,6.538800707844496,6.785449028015137,1377800,0.03622448910773705
2008-12-01,6.6227675208986305,6.669998114626057,6.349880368933826,6.397110462188721,5388700,-0.058934072482741025
2008-12-02,6.4285969982002,6.523058175467804,6.265913915180713,6.491570949554443,5048100,0.014658160236888816
2008-12-03,6.376118977406816,6.790697899799495,6.376118977406816,6.743467807769775,4984300,0.038069745780003
2008-12-04,6.643759120731598,6.9218942394008485,6.418102052496092,6.575537204742432,8300600,-0.025218025277517618
2008-12-05,6.502067273317931,6.74871514007857,6.281658179275119,6.717228412628174,5089800,0.02131935199230672
2008-12-08,6.853673097910204,6.958629703446658,6.55979410193556,6.753963947296143,5113400,0.00545395310919418
2008-12-09,6.6857376556606365,6.8326773077759055,6.565037763357643,6.607020378112793,3913400,-0.021996806606473542
2008-12-10,6.706732373581365,6.769706327737938,6.559793147216025,6.669997692108154,3834200,0.009486736552111678
2008-12-11,6.60702514362414,6.801195002035494,6.517811897803707,6.586033821105957,3185000,-0.012668194672653484
2008-12-12,6.42859969124045,6.685743558776623,6.365625713505429,6.675248146057129,4341100,0.013455059790546536
2008-12-15,6.690988210790953,6.738218795883891,6.355126661608622,6.470579147338867,3181100,-0.031140761801555155
2008-12-16,6.559793147216025,6.6909890101603455,6.496819193059451,6.669997692108154,5465900,0.030353896683662184
2008-12-17,6.643758864909052,6.690989458811562,6.533554312627372,6.565041542053223,4653200,-0.01586067837492127
2008-12-18,6.60177765623333,6.633264892480741,6.386616460039384,6.4390950202941895,6054300,-0.019370830099091137
2008-12-19,6.475829130960821,6.675246941368941,6.418102619767161,6.5178117752075195,6684300,0.012150696864322484
2008-12-22,6.575536810960122,6.601776084841907,6.3498802567108275,6.475828170776367,2883100,-0.006462200077673389
2008-12-23,6.523060332245467,6.528307787905642,6.260668531276271,6.313146591186523,2724700,-0.025442282586509195
2008-12-24,6.32364012453447,6.339383486537717,6.244922313573321,6.33413553237915,899700,0.0033191258416551384
2008-12-26,6.360377538213109,6.37612090698737,6.286907649812108,6.349882125854492,1051600,0.0024829043902644225
2008-12-29,6.297402753370443,6.360376720847435,6.265915519395644,6.355128765106201,2605500,0.0008259165765352902
2008-12-30,6.402358780180922,6.533554658875091,6.402358780180922,6.496819972991943,2375200,0.022050655811538783
2008-12-31,6.4915720459970165,6.6490072012100505,6.407606763342748,6.622767925262451,2909100,0.019200575898682702
2009-01-02,6.696237215267536,6.785450445444538,6.56504134741577,6.743467807769775,2395400,0.018060905985574666
2009-01-05,6.732972986221113,6.942886208518711,6.633264330747903,6.895656108856201,3931600,0.022317359765544716
2009-01-06,6.927141013271161,7.000610871916339,6.743467117366915,6.774953842163086,2969500,-0.017659110134926312
2009-01-07,6.72772621059997,6.774956819019407,6.6437609069532755,6.675248146057129,3247900,-0.014826174743104081
2009-01-08,6.6752418604175086,6.86941156738172,6.6122679419809165,6.853668212890625,3813300,0.026377635439098653
2009-01-09,6.858919811139115,6.937637632133686,6.706732624449968,6.743467807769775,3958700,-0.01620971032661291
2009-01-12,6.806441641191812,6.806441641191812,6.643758547789734,6.717228412628174,3162800,-0.003898673285210885
2009-01-13,6.701486947901031,6.701486947901031,6.57029104524492,6.633265018463135,3562800,-0.012578486576714527
2009-01-14,6.559794054688579,6.617520062199714,6.418102262880473,6.523059368133545,3842600,-0.016753650158397363
2009-01-15,6.528305776616384,6.5860322753472875,6.402357871067577,6.580784320831299,4427600,0.008810441801714412
2009-01-16,6.717228653613078,6.780202611245611,6.607024102638013,6.685741424560547,4103800,0.015823177160719466
2009-01-20,6.706733301381284,6.769707264249586,6.51256345741921,6.523059368133545,4498800,-0.024633618962433792
2009-01-21,6.643755040905487,6.643755040905487,6.465328677959978,6.607020378112793,4059600,0.0127892832378324
2009-01-22,6.565041576896928,6.764459363058967,6.449589069019424,6.6909894943237305,4604600,0.012628992314357273
2009-01-23,6.565041040310693,6.843176127013292,6.559793085728711,6.8116888999938965,4929600,0.0178783226707911
2009-01-26,6.879911913290804,7.137056223916616,6.80644253923135,7.06883430480957,5222800,0.03705549487127862
2009-01-27,7.084576849809061,7.163294170173488,6.995363619810701,7.137055397033691,3267700,0.009604694687305475
2009-01-28,7.242012970109891,7.242012970109891,7.089825763150211,7.200030326843262,3264300,0.008784956166381164
2009-01-29,7.1685430866558075,7.304986927365873,7.058338523078076,7.158047676086426,3518800,-0.005847965221277989
2009-01-30,7.226267375091924,7.226267375091924,6.969123138808118,7.021601676940918,3603400,-0.01924592173164347
2009-02-02,6.953379539417366,7.283993117197296,6.932388224977644,7.257753849029541,4979900,0.033079042658820244
2009-02-03,7.283993275617604,7.399445757783269,7.205275469402295,7.3469672203063965,3724800,0.01221721120424755
2009-02-04,7.35746337368688,7.488659221287809,7.252506295228184,7.3364715576171875,4686000,-0.0014295921596400945
2009-02-05,7.299735542067194,7.535887924356926,7.263000871625247,7.504401206970215,5221800,0.022631663197102077
2009-02-06,7.268254011622292,7.577875955755586,7.268254011622292,7.551637172698975,5117400,0.006274707797435006
2009-02-09,7.609360538218615,7.625103902648138,7.362712159950944,7.4571733474731445,2541600,-0.012587949253216166
2009-02-10,7.378457287371734,7.457174623461105,7.058338986203689,7.09507417678833,5199900,-0.04977566921166577
2009-02-11,7.169589560330376,7.196202837123301,6.972652124232392,7.004587650299072,4381900,-0.012835452352175068
2009-02-12,6.908780189434094,7.063137096273235,6.844908628469301,7.036523818969727,4947300,0.004548959505361326
2009-02-13,6.9726544202767045,7.132333118403214,6.9726544202767045,6.988622188568115,4029500,-0.006830847484244832
2009-02-17,6.914103724268514,6.930071997010714,6.674585216802646,6.685230731964111,4580600,-0.04438270018682384
2009-02-18,6.717167128950263,6.733134896146676,6.488293599508278,6.514906883239746,7274400,-0.02580780703464846
2009-02-19,6.557484609483426,6.637324420198563,6.424418765897442,6.488290309906006,5901900,-0.004093856320426484
2009-02-20,6.403130679979477,6.467002248214966,6.152967164625337,6.296678066253662,5377100,-0.029976858222091993
2009-02-23,6.296675396290514,6.403127964877519,6.168932313986108,6.206190586090088,6935900,-0.01447492773254691
2009-02-24,6.264739656962906,6.37119222176819,6.147641581874158,6.323288440704346,5491600,0.018692120206735316
2009-02-25,6.275386843739156,6.275386843739156,5.248118093722206,5.599412441253662,18893700,-0.12157772470221781
2009-02-26,5.769735182890321,6.094415665467758,5.599411061879984,5.641992092132568,7780900,0.007575539939905775
2009-02-27,5.615379401003032,5.63666991832716,5.4290869937124295,5.4929585456848145,7741800,-0.02677020339285926
2009-03-02,5.413119568049023,5.471668367416904,5.115051799435252,5.1310200691223145,5903300,-0.06816252427948677
2009-03-03,5.189568488877125,5.349247620825307,4.854242464067733,4.886178493499756,5764000,-0.04889397951015237
2009-03-04,4.987306979828024,5.1469860687795235,4.896822179675703,5.0671467781066895,3475900,0.036367389742439436
2009-03-05,4.976664383407288,5.035213191026334,4.699887094431267,4.763758659362793,4626300,-0.061740902565548074
2009-03-06,4.795693383976852,5.0511795738257455,4.609400989840915,4.726499080657959,4882100,-0.007852214590797196
2009-03-09,4.673273439545617,4.896824152626039,4.65730567649874,4.822307586669922,8693300,0.020067789542990898
2009-03-10,4.91279251256726,5.019245632763041,4.843598695088539,4.950051307678223,3292200,0.026145375796122174
2009-03-11,5.003277360170016,5.040536155280978,4.84892094501345,4.950051307678223,6291100,0.0
2009-03-12,4.9553735726528965,5.248118101274657,4.918114781245399,5.18424654006958,5535900,0.04622657408852527
2009-03-13,5.216182740868402,5.450378472757731,5.216182740868402,5.397152423858643,7139600,0.04024696976544597
2009-03-16,5.4503782111481325,5.610057365393176,5.375861644744873,5.375861644744873,6669600,-0.003952618403232664
2009-03-17,5.418443759416991,5.519573622850916,5.306668380039422,5.434411525726318,6015000,0.01083237261051972
2009-03-18,5.413120554472368,5.615380772245303,5.306667941856637,5.546186447143555,6397300,0.020359325162176728
2009-03-19,5.524894891015968,5.583443690099711,5.476991097399269,5.53021764755249,3292400,-0.00288339257365368
2009-03-20,5.615380727322836,5.684575051871037,5.53021863791154,5.5727996826171875,6034800,0.0076703913132893965
2009-03-23,5.620703161750709,5.743123531341553,5.556831090757327,5.743123531341553,5061100,0.030105667870890238
2009-03-24,5.695217564145261,5.748444100511595,5.540861217809939,5.55682897567749,3632100,-0.032975614100373654
2009-03-25,5.604733801734409,5.6419925871790655,5.370538114796115,5.476990699768066,4348500,-0.0144718097000515
2009-03-26,5.578120614981327,5.578120614981327,5.402473720155776,5.4929585456848145,4466500,0.0029111998308958844
2009-03-27,5.439732110886655,5.471667630749191,5.391828323486913,5.413118839263916,2156000,-0.014641585587118885
2009-03-30,5.322634352293342,5.429086937818015,5.280053318083472,5.38118314743042,5689400,-0.005917156116712569
2009-03-31,5.4716676577300385,5.668605056539903,5.423763870094083,5.551507472991943,6128000,0.031161241757494625
2009-04-01,5.482315667351156,5.503606192933628,5.2853781788117535,5.471670150756836,3478200,-0.014485608596078814
2009-04-02,5.503604713010699,5.647315595146887,5.471668679421527,5.567476272583008,3123500,0.01735795933163935
2009-04-03,5.5674761908649115,5.636670506287471,5.503604632230094,5.620702743530273,2574500,0.009514841053066757
2009-04-06,5.615382070821474,5.700544180608086,5.535542212191865,5.583446025848389,2786300,-0.006650546287806058
2009-04-07,5.535539673366975,5.594088977696824,5.466345871605121,5.482313632965088,2315000,-0.01827894547641153
2009-04-08,5.487636126581213,5.530217159906662,5.41844182052587,5.461022853851318,3630300,-0.003891099575059599
2009-04-09,5.583444119734019,5.599412390572312,5.407797201361128,5.4450554847717285,3217700,-0.0029281617081184062
2009-04-13,5.434409054672484,5.482312839424507,5.3758602664232935,5.418441295623779,2367300,-0.004899756115583808
2009-04-14,5.375859647843678,5.450376186567241,5.333278623542829,5.386504650115967,3875600,-0.005911503615592286
2009-04-15,5.4503768137211885,5.471667328321431,5.365214755320219,5.418441295623779,2959700,0.0059115036155922805
2009-04-16,5.471670150756835,5.498283434636467,5.418444090603742,5.471670150756836,3430200,0.0097757087782734
2009-04-17,5.492959331792348,5.626025211012946,5.476991568415569,5.599412441253662,6189900,0.02307777199536905
2009-04-20,5.546186447143555,5.578121977125225,5.492959887032641,5.546186447143555,3300400,-0.0095511060939502
2009-04-21,5.562151730835297,5.631346025069183,5.508925702074834,5.55682897567749,2783900,0.0019170525101524073
2009-04-22,5.514252208315559,5.588769315257244,5.461026138448296,5.487639427185059,3169200,-0.0125294312264165
2009-04-23,5.461021753870733,5.503602778619342,5.381181951762697,5.429085731506348,4019700,-0.010727440023723432
2009-04-24,5.471671149379244,5.519574967584165,5.386509031506612,5.487639427185059,2913100,0.010727440023723448
2009-04-27,5.4077962518472305,5.711186238020273,5.4077962518472305,5.679250717163086,5659800,0.03432112181739436
2009-04-28,5.679251063055699,5.77505864667429,5.5994117484441945,5.7165093421936035,3573800,0.0065390562101949
2009-04-29,5.588766447205702,5.721832314996314,5.492958859962542,5.695219039916992,4772000,-0.0037313062956225644
2009-04-30,5.732477175533682,5.748444935721239,5.5515075347215435,5.663282871246338,3817700,-0.005623321293041979
2009-05-01,5.652637053804173,5.860219955444335,5.636669294479828,5.860219955444336,4034600,0.03418340128276294
2009-05-04,6.067801579450546,6.067801579450546,5.7857021650256915,5.838928699493408,3415300,-0.003639799798207695
2009-05-05,5.822960048017603,5.865541577328405,5.705862492131808,5.732475757598877,5324300,-0.018399831344519627
2009-05-06,5.764412580479129,5.881510670590256,5.705863789226533,5.769735336303711,3000200,0.0064787037426317405
2009-05-07,5.844252549472121,5.844252549472121,5.74312271537856,5.775058746337891,2412500,0.0009222183389957722
2009-05-08,5.822962553864559,5.9453834246532065,5.7803815138353,5.81764030456543,3195900,0.007346304694797402
2009-05-11,5.764414052470659,5.83360837304177,5.732478524580032,5.743123531341553,2727400,-0.012891502028594865
2009-05-12,5.7431205185003105,5.796347047203469,5.647312969876945,5.684571743011475,2878400,-0.010247438227983352
2009-05-13,5.64121931117383,5.771276118412464,5.5057433411003,5.522000312805176,3640300,-0.0290156231653371
2009-05-14,5.549096584320069,5.592448861010077,5.484068169285057,5.549096584320068,2696800,0.004894966753602882
2009-05-15,5.522002720173262,5.549098029360381,5.4190411654222554,5.446136474609375,3263800,-0.018728683365962773
2009-05-18,5.5328431980843975,5.619547807696651,5.451557755772969,5.565357685089111,3555200,0.021654803169493426
2009-05-19,5.587031017304185,5.673735583150228,5.532840405250419,5.59244966506958,3238300,0.004856157194883156
2009-05-20,5.630382042126049,5.64663901538959,5.3756870492645605,5.397363185882568,5845600,-0.035506878504201214
2009-05-21,5.391946083019579,5.408203062495601,5.310660668839407,5.32691764831543,2978600,-0.013137766886264885
2009-05-22,5.321499135488735,5.402785076437415,5.299822987929112,5.337756633758545,2005400,0.0020326901485222294
2009-05-26,5.359430946908424,5.456973319140162,5.299821173922419,5.419040203094482,3555600,0.015113256805253978
2009-05-27,5.43529872236608,5.451556219687681,5.288984864072325,5.294404029846191,2404500,-0.023268296132872218
2009-05-28,5.348592644755225,5.500325626484466,5.326916504508191,5.473230838775635,2854500,0.033218669675672614
2009-05-29,5.500324890680635,5.516582381291033,5.359430256323011,5.484067916870117,3403600,0.001978057159831871
2009-06-01,5.538262365385223,5.635804792798889,5.4949100605790955,5.565357685089111,4368600,0.014714110539174496
2009-06-02,5.549096584320069,5.592448861010077,5.489487333071284,5.549096584320068,6337300,-0.0029261198035306
2009-06-03,5.54367886416295,5.559936359755244,5.381108042640312,5.446136474609375,2904900,-0.018728683365962773
2009-06-04,5.484072658217046,5.484072658217046,5.419044189953642,5.429882526397705,2292900,-0.002988954011760934
2009-06-05,5.4949068605655125,5.4949068605655125,5.391944809011756,5.413620948791504,3615600,-0.0029993239425051424
2009-06-08,5.424459916839434,5.559935935640819,5.413621587271325,5.500326156616211,4248500,0.01588921609471054
2009-06-09,5.522002629736461,5.543678773371147,5.419041076671711,5.4407172203063965,4687400,-0.010896497537575477
2009-06-10,5.489486713105344,5.549095957622042,5.435296114963004,5.516582012176514,5853000,0.013847573666871426
2009-06-11,5.516584146488557,5.7821170431584274,5.516584146488557,5.711669445037842,6147100,0.034752885283828645
2009-06-12,5.679156138422738,5.8146321972606865,5.646642173709715,5.776699066162109,3511800,0.0113210706309993
2009-06-15,5.717088773189485,5.760441062991107,5.624965028161024,5.6683173179626465,2500700,-0.018940119351074994
2009-06-16,5.695413196164871,5.7387654902890475,5.6249655890130565,5.673737049102783,2964000,0.0009556878105571569
2009-06-17,5.6628990206946535,5.749603613590244,5.641222872470756,5.6899943351745605,4178900,0.0028612603753634175
2009-06-18,5.700831615684599,5.836307646283948,5.700831615684599,5.81463098526001,2276600,0.0216680722822795
2009-06-19,5.868819862096263,5.933848275464656,5.798372285080531,5.825467586517334,8632000,0.0018619437492261941
2009-06-22,5.78753506920807,6.047648749406213,5.78753506920807,5.988039493560791,7671800,0.027524793393064562
2009-06-23,5.993458424562042,6.0151345637351445,5.7604395408512445,5.7929534912109375,5234200,-0.03312179835064604
2009-06-24,5.830889141863173,5.885079250164442,5.776698516761802,5.852565288543701,3862100,0.010237812352126271
2009-06-25,5.847144325053492,6.015134797781417,5.798372880816354,5.988039493560791,3948400,0.022883985998519676
2009-06-26,5.988041489202237,6.020555451662998,5.955527009941359,5.993460655212402,5386500,0.00090492208058069
2009-06-29,6.031394138748111,6.09100341796875,5.971784859527473,6.09100341796875,3281500,0.016143848937616508
2009-06-30,6.107260777687271,6.177707871159677,5.939270242914272,6.004298686981201,4148300,-0.014337172472836987
2009-07-01,5.971785412314487,6.139775449668413,5.9392709281297495,6.0693278312683105,4057100,0.010772202208055625
2009-07-02,6.042230923581969,6.058488419795415,5.928431034088136,5.928431034088135,4780300,-0.023488265836323987
2009-07-06,5.9067538223191836,6.063905973061988,5.9067538223191836,6.053068161010742,3570800,0.020805680641340692
2009-07-07,6.00429779935071,6.069326233804321,5.928431034088136,5.928431034088135,5634500,-0.02080568064134069
2009-07-08,5.9609460219463415,5.99887914943724,5.787536848502117,5.852565288543701,3581900,-0.012879520915611774
2009-07-09,5.86340149014251,5.88507763085875,5.7712777628985,5.8417253494262695,1845400,-0.001853886235199138
2009-07-10,5.803794052347616,5.933850937428765,5.7766987387556785,5.917593955993652,5953400,0.012903750176968647
2009-07-13,5.928429862398477,6.025972753200631,5.863401440797026,6.0205535888671875,2580500,0.017249273446496086
2009-07-14,6.015137713360674,6.074746998099132,5.971785412314487,6.0693278312683105,3517100,0.00806864936366998
2009-07-15,6.1126781402331,6.123516470362603,5.998878257873439,6.118097305297852,3562900,0.008003287618255797
2009-07-16,6.091003981791404,6.112680132314498,5.9501087449912,6.0693278312683105,5107400,-0.008003287618255714
2009-07-17,6.074744522023464,6.096420663711328,5.960944648962187,6.063906192779541,3687600,-0.0008936840481055581
2009-07-20,6.107261782349989,6.193966388702393,6.063908962373568,6.193966388702393,3668300,0.02122147641589572
2009-07-21,6.226478671824956,6.269830963263243,6.128936274488848,6.258993148803711,6788200,0.010443678218932682
2009-07-22,6.264412396972065,6.307764688981553,6.210221773560162,6.237317085266113,2114400,-0.003469197686591088
2009-07-23,6.226478562687665,6.394469076666563,6.204802417348459,6.3565354347229,2840200,0.018933350317363602
2009-07-24,6.345697083089945,6.437820822180408,6.313182609434477,6.432401657104492,2310300,0.011864490658505663
2009-07-27,6.410726945686576,6.502850705356471,6.389050797340726,6.486593723297119,1967100,0.008389566286665331
2009-07-28,6.459498576197425,6.459498576197425,6.3511178316572305,6.416146278381348,1565300,-0.010919873598841674
2009-07-29,6.383630923586525,6.43240238115961,6.269831028182686,6.367373943328857,2150300,-0.007630538514320076
2009-07-30,6.421563783127266,6.551620642921231,6.394468474803518,6.508268356323242,3178400,0.021886292554693883
2009-07-31,6.486588818092326,6.573293345909139,6.426979067618453,6.529941082000732,6549400,0.0033244972388420924
2009-08-03,6.524525490703523,6.611230065973996,6.475754037913873,6.594973087310791,2391000,0.00990978480615211
2009-08-04,6.578716748680846,6.665421332386675,6.508269145219838,6.551621437072754,5274000,-0.0065951387322814225
2009-08-05,6.540780067443848,6.659999073060841,6.492008632564176,6.540780067443848,3036900,-0.0016561319331854121
2009-08-06,6.557038617937885,6.616647871991892,6.524524150490291,6.573295593261719,2191400,0.00495888437588494
2009-08-07,6.605811142708727,6.741287175729661,6.594973328803079,6.687097072601318,2112900,0.017164540481307205
2009-08-10,6.676259269311268,6.752126039844385,6.643745308225714,6.741287708282471,1861700,0.008071101735918153
2009-08-11,6.730447324484402,6.838828014733769,6.692514212097097,6.784637928009033,3855300,0.006409966951190362
2009-08-12,6.784639387211601,6.861675222524502,6.740619059822428,6.790142059326172,3175200,0.0008109349284344793
2009-08-13,6.828657596707979,6.839662937523839,6.729611628419375,6.823154926300049,3522500,0.004850100857051317
2009-08-14,6.823156684502914,6.878182353234255,6.801146521963111,6.8671770095825195,2495600,0.006431142095966507
2009-08-17,6.773634212361109,6.949715512679531,6.751624049821306,6.8671770095825195,3406700,0.0
2009-08-18,6.867178653993404,6.927707009044701,6.845168486183058,6.90019416809082,3756500,0.004796445360739423
2009-08-19,6.856174907566279,6.960723089868359,6.856174907566279,6.916702747344971,1915500,0.0023896229683018607
2009-08-20,6.927705140122085,6.988232954080688,6.872679473058881,6.9717254638671875,2531100,0.007923575448513713
2009-08-21,6.9772277085778915,7.087278511206454,6.95521754805218,7.043258190155029,2783800,0.010208124280376452
2009-08-24,7.043261078404813,7.087281417507781,6.988235392144184,7.048763751983643,2789700,0.0007813729117558642
2009-08-25,7.087277411766081,7.120292385051268,7.021246940432167,7.026749610900879,1763900,-0.0031280079759604083
2009-08-26,7.032254883270785,7.070773068914089,6.949716888596428,7.059767723083496,3322500,0.004687911407530003
2009-08-27,7.087278795570633,7.092781467113751,6.977227988526482,7.015745639801025,2350600,-0.006255150442439806
2009-08-28,7.070774470940708,7.070774470940708,6.817657239049283,6.916702747344971,4276000,-0.014217825629775922
2009-08-31,6.916698224180723,6.922200894588652,6.779134612563677,6.823154926300049,2666100,-0.01361721042500768
2009-09-01,6.806652365925406,6.878185558707635,6.729616498752872,6.779139518737793,3699900,-0.006471784796078196
2009-09-02,6.740618855872933,6.773634362797718,6.680091038735121,6.696598529815674,2687800,-0.012250463891858973
2009-09-03,6.70760555357933,6.718610901092682,6.597554702265072,6.669087886810303,3318500,-0.004116613393220337
2009-09-04,6.685590878952082,6.702098889099967,6.592047587168058,6.641570568084717,3553700,-0.004134635115161425
2009-09-08,6.691094738073787,6.69659740910096,6.614059442747729,6.674587249755859,2593100,0.004958900274592287
2009-09-09,6.69109269636401,6.779133306879837,6.658077729802292,6.7186055183410645,5575900,0.006573253717937294
2009-09-10,6.5865466123754555,6.806648205826464,6.5535311109760075,6.674587249755859,6575900,-0.006573253717937317
2009-09-11,6.696596384804712,6.922200614774981,6.669083558640737,6.850667476654053,27519600,0.02603872224242451
2009-09-14,6.966220789297565,6.966220789297565,6.8011443603339705,6.894687652587891,7256000,0.006405120277487387
2009-09-15,6.927706664743567,6.999239837763002,6.84516814598402,6.982731819152832,4996000,0.012689008656194252
2009-09-16,7.015744269963457,7.037754427074761,6.88918599776434,7.026749610900879,4939000,0.006284020835313528
2009-09-17,7.0157465166453195,7.043259353035886,6.839665203367628,6.872680187225342,7754600,-0.02217007984473543
2009-09-18,6.889188203917905,6.927705860006474,6.834162531136773,6.872680187225342,7138900,0.0
2009-09-21,6.8616749203408105,6.933208080388868,6.79564443216499,6.878182411193848,2796000,0.000800273324349972
2009-09-22,6.878182353234255,6.927705350139728,6.806649193788979,6.8671770095825195,3570400,-0.001601326473341455
2009-09-23,6.872680206126413,6.9167005345669,6.801147041219695,6.81215238571167,3933000,-0.008044973412647018
2009-09-24,6.823159124800065,6.872682139417403,6.729615769359283,6.746123790740967,2990200,-0.009740046022568644
2009-09-25,6.735115081028199,6.790140741970984,6.696597433226405,6.740617752075195,3014300,-0.0008165113795935695
2009-09-28,6.751624546728781,6.889188203917905,6.746121874497926,6.872680187225342,2195600,0.019402583963800773
2009-09-29,6.878181374165933,6.944211852386294,6.850668543716551,6.933207035064697,3621200,0.00876832247825731
2009-09-30,6.92770269141355,6.9552155152203,6.795641766857313,6.839662075042725,6102900,-0.013584155596299595
2009-10-01,6.8121515499082,6.872679362896602,6.735115722207253,6.762628555297852,5053300,-0.011326672163037968
2009-10-02,6.713106688852803,6.757127019290102,6.658081538188046,6.724112033843994,3251300,-0.005711776824662781
2009-10-05,6.751621668403048,6.823154277853819,6.669083194418838,6.801144123077393,3090300,0.011390974229971236
2009-10-06,6.790142221491427,6.856172714152157,6.74612189305094,6.81215238571167,3926600,0.0016172813141332252
2009-10-07,6.817653488774643,6.861673807083207,6.773633170466079,6.795643329620361,2938100,-0.0024264127028940075
2009-10-08,6.8011443603339705,6.92770314828601,6.795642215020536,6.894687652587891,3701000,0.014469489617760073
2009-10-09,6.900192306590482,6.982730282421637,6.878182144717932,6.9717254638671875,2575400,0.011111540275335815
2009-10-12,6.933206311986949,7.048759768012183,6.933206311986949,7.026749610900879,2576300,0.007861489216172118
2009-10-13,7.043261057315382,7.043261057315382,6.944215032248356,6.977230548858643,2843900,-0.007072170607345815
2009-10-14,6.999239520844015,7.054264672761792,6.922203678442635,7.004741668701172,3302000,0.003935232443273457
2009-10-15,7.010244298921344,7.076274795681544,6.955219147336381,7.070772647857666,3444100,0.009382458369318671
2009-10-16,7.010245159983217,7.153311516251562,6.982732318429489,7.120296001434326,2875600,0.006979538446365583
2009-10-19,7.120295609218874,7.246854463489116,7.070773126866634,7.202834129333496,5533500,0.01152527984960685
2009-10-20,7.202830105053627,7.213834920062164,7.070769176370281,7.1147894859313965,2588200,-0.012298933900715084
2009-10-21,7.114793723531718,7.175321554038004,7.037757873535156,7.037757873535156,3600900,-0.010886008173446897
2009-10-22,7.021250715754203,7.1698192249498165,7.004742695471718,7.153311729431152,3755200,0.01628579284273693
2009-10-23,7.169818130616096,7.202833641378067,7.0267523166842,7.070772647857666,3392000,-0.011605669064547398
2009-10-26,7.09278175393955,7.158812240836255,6.9166999307846755,6.9882330894470215,3264800,-0.011742011959425688
2009-10-27,7.010243280854491,7.065268949212058,6.960720284285412,6.9937357902526855,3735800,0.0007871139089363477
2009-10-28,6.960719340750487,7.021247672691847,6.90019153357272,6.933207035064697,5061600,-0.00869237952123508
2009-10-29,6.960719789955172,6.977227804148289,6.850668985819191,6.927704811096191,5791600,-0.0007939195225512153
2009-10-30,6.90019153357272,7.015745001649251,6.883684045208528,6.933207035064697,6276300,0.0007939195225511983
2009-11-02,6.955219849998581,7.048763194383499,6.8231583183727125,6.90019416809082,4756000,-0.004772930266509368
2009-11-03,6.89468984394819,6.922202678313861,6.806649193788979,6.8671770095825195,5063500,-0.004796445360739422
2009-11-04,6.894690228066373,7.021249063293859,6.872680064300336,6.922203063964844,4225800,0.007980974658269172
2009-11-05,6.960722785652911,7.021251147550112,6.955220636650864,7.0102458000183105,2273300,0.012638683820554726
2009-11-06,6.988235629718561,7.021251147550112,6.944215289119063,7.0102458000183105,2377400,0.0
2009-11-09,7.048764537582672,7.098287031020017,7.010246343001768,7.092784881591797,2804500,0.011705288863191492
2009-11-10,7.087281011380897,7.147808842988056,7.070773516354182,7.120296001434326,2999900,0.003871244303323314
2009-11-11,7.153312002370944,7.153312002370944,7.015748310017656,7.054265975952148,4042300,-0.009316760999770456
2009-11-12,7.0207496152025755,7.087773415585815,6.942555447751038,6.953725814819336,4076100,-0.014354932399299736
2009-11-13,6.959313991200266,7.1045325485865405,6.959313991200266,7.054264545440674,3561900,0.014354729612556986
2009-11-16,7.093361971894506,7.210653807096063,7.043093966428403,7.188312530517578,3536500,0.018824113449854744
2009-11-17,7.199480790222997,7.260919145078371,7.1603831710806185,7.19389533996582,2120400,0.0007763494699732957
2009-11-18,7.193897967483125,7.244165972842014,7.115703233296183,7.177142143249512,3021400,-0.0023315232912131927
2009-11-19,7.177142275780684,7.182727195522986,7.009582432376291,7.1101179122924805,6606200,-0.00938244595198366
2009-11-20,7.08777371136865,7.14921259711058,7.059847526203597,7.1324567794799805,4125500,0.0031369167428319474
2009-11-23,7.205065693328651,7.260919130472349,7.182724425002743,7.249748229980469,3374900,0.0163109969364956
2009-11-24,7.244167311860665,7.316776607171557,7.216240577870607,7.277678966522217,3183600,0.003845246729387334
2009-11-25,7.294435210517237,7.372629425256203,7.260923023730439,7.367043972015381,2637300,0.01220454837091218
2009-11-27,7.227408846655639,7.327944846672234,7.177141379305334,7.238579750061035,1003300,-0.01759151642894685
2009-11-30,7.266505560547305,7.411724090576172,7.22740793621158,7.411724090576172,3668200,0.02363806300165246
2009-12-01,7.467577850102949,7.5401871233579465,7.4452365762289485,7.523431301116943,2602300,0.01495924089789958
2009-12-02,7.540185890648247,7.607209701312839,7.501088800925042,7.584868431091309,3319700,0.00813294278089549
2009-12-03,7.612795022077869,7.752428091743293,7.596039202862227,7.707745552062988,4282400,0.01607047240150664
2009-12-04,7.763599663575545,7.808282210180972,7.573699106831467,7.690990924835205,6559600,-0.0021761050154498365
2009-12-07,7.674235704550372,7.808283364177738,7.674235704550372,7.752430438995361,2820500,0.007956765130933569
2009-12-08,7.735674614706452,7.79152753988883,7.651894427945812,7.752430438995361,2615300,0.0
2009-12-09,7.75801420211792,7.785940392299568,7.696575305339253,7.75801420211792,2577600,0.0007200004246141484
2009-12-10,7.808281383968279,7.897647000381117,7.7859401130295485,7.819452285766602,4618400,0.007888112263242708
2009-12-11,7.858552631065086,8.098721792606787,7.808284617471879,8.070795059204102,5022400,0.03163748585552644
2009-12-14,8.154573739325455,8.171329563180375,8.109891187273648,8.1378173828125,3078600,0.008270011493750675
2009-12-15,8.14898687549023,8.154572326693637,8.070792156616367,8.115474700927734,3247400,-0.00274931328904484
2009-12-16,8.121062944467814,8.176916410390586,8.087550758382527,8.1489896774292,4610500,0.0041212576275242345
2009-12-17,8.11547592131395,8.171329376431242,8.048452094768013,8.07637882232666,3115100,-0.008950347085573298
2009-12-18,8.121060590365303,8.193669861953952,8.054036770281469,8.126646041870117,5460000,0.006204690942718995
2009-12-21,8.182497024536133,8.221594643168856,8.093131952217641,8.182497024536133,4445100,0.0068490662897345315
2009-12-22,8.210426330566406,8.238353057632356,8.165743780324092,8.210426330566406,2971000,0.0034074865658935676
2009-12-23,8.216011782511199,8.243938509577148,8.176914684213678,8.210426330566406,3649000,0.0
2009-12-24,8.221594537587807,8.260691623060602,8.204838187249887,8.249521255493164,1247500,0.00475031870408983
2009-12-28,8.27745171874211,8.27745171874211,8.221598786722993,8.271866798400879,1865700,0.002705045902986409
2009-12-29,8.271863259085787,8.305374897426876,8.232765637477334,8.243936538696289,1705500,-0.0033822498077095923
2009-12-30,8.20483684539795,8.260690272074172,8.176910664717592,8.20483684539795,1730100,-0.0047541255543648115
2009-12-31,8.171328129981832,8.22718104392133,8.093133411277002,8.104304313659668,3111300,-0.012328522281277367
2010-01-04,8.148984203395734,8.182495834311649,8.098716224364093,8.10988712310791,2239700,0.0006886325094451876
2010-01-05,8.132231599334919,8.160157791906904,7.981427602687888,8.04845142364502,4227100,-0.007604246603189087
2010-01-06,8.070792747995316,8.070792747995316,7.919989283058971,7.97025728225708,5716100,-0.009762929573261721
2010-01-07,7.987013054265478,8.054036875222609,7.869721234426003,8.04845142364502,5962900,0.009762929573261804
2010-01-08,8.003768745742784,8.03169547051707,7.919989104077898,7.953500747680664,4050400,-0.011867525828734063
2010-01-11,7.987013316982381,8.009354591369629,7.936745316446572,8.009354591369629,2175000,0.006998005111532819
2010-01-12,7.998183859212608,8.199255865663924,7.998183859212608,8.059622764587402,4563400,0.0062565695478545656
2010-01-13,8.054036770281469,8.126646041870117,8.026110045415377,8.126646041870117,2294300,0.008281545443738107
2010-01-14,8.137816150178676,8.176913776795423,8.048451059611178,8.165742874145508,2262200,0.004799407566844712
2010-01-15,8.126644612182634,8.176912601566562,8.014938265028285,8.16015625,3405900,-0.0006843879557363551
2010-01-19,8.171327749767041,8.322131196310487,8.165742298835601,8.277448654174805,3809100,0.014271470283499657
2010-01-20,8.238352963344058,8.316547691702173,8.160158234985943,8.29979133605957,3133200,0.0026955868922415157
2010-01-21,8.283033235707585,8.32213032280814,8.065205466166203,8.132229804992676,5705400,-0.020395219541038446
2010-01-22,8.10430573875398,8.132232466963453,7.925574997808188,7.9311604499816895,3879300,-0.02503579307733734
2010-01-25,8.020524743066508,8.05403692006063,7.931159647959491,8.003768920898438,3653400,0.009113184217889498
2010-01-26,7.987013906400632,8.0037697302631,7.925574997808188,7.9311604499816895,4317600,-0.009113184217889524
2010-01-27,7.96467270529857,7.96467270529857,7.763600686425065,7.864136695861816,4590200,-0.00848659645560548
2010-01-28,7.880891525155806,7.942330426571466,7.730088062693132,7.875306606292725,5906400,0.001419352907429147
2010-01-29,7.8808923746080755,7.953501654234158,7.780356899682603,7.791527271270752,3918700,-0.010695222057777476
2010-02-01,7.8250389897313015,7.981427911345816,7.7636000853178135,7.964672088623047,4989400,0.021978877449474275
2010-02-02,7.987013720265412,8.093134645798637,7.892063166160829,8.07637882232666,4657100,0.01392783304528676
2010-02-03,8.065209882032397,8.098722069794237,8.003771492570204,8.031698226928711,3609700,-0.005547615628140433
2010-02-04,7.998182740159283,8.037280365197871,7.75801420211792,7.75801420211792,5717500,-0.034669591237285864
2010-02-05,7.752428511968843,7.808281423267824,7.663063427764141,7.7747697830200195,5084400,0.0021574480682043456
2010-02-08,7.80828079526638,7.819451696222478,7.674233179740456,7.679818630218506,4410200,-0.012287916702197298
2010-02-09,7.758016505305418,7.914405453914471,7.707748495802272,7.825040340423584,5162600,0.018732960714869254
2010-02-10,7.830623527701378,7.847379348468765,7.657478270911919,7.724502086639404,4420100,-0.012931525836077446
2010-02-11,7.744329382853245,7.8009816058371735,7.636690267238906,7.783985614776611,3952900,0.007671130929166718
2010-02-12,7.727334057791379,7.761324959914254,7.653686382824286,7.732998847961426,5529300,-0.006571760181754514
2010-02-16,7.761326439264358,7.919951940049152,7.761326439264358,7.902956485748291,2975400,0.021740191515493723
2010-02-17,7.908622097244455,7.982269788856369,7.902956765518361,7.965274333953857,3407200,0.007854457033293438
2010-02-18,7.959608548874556,8.157890285512442,7.931282432133218,8.152225494384766,5963400,0.023199571573748603
2010-02-19,8.123899225636528,8.265529266417428,8.061581661916465,8.231537818908691,4373100,0.00968189573565582
2010-02-22,8.231540801643371,8.276862387893674,8.163558422267915,8.186219215393066,2310200,-0.005520695491214613
2010-02-23,8.157892311661666,8.197549101059263,8.089909938763338,8.106905937194824,2839400,-0.00973587374368136
2010-02-24,8.112571870629044,8.13523266478202,7.925620183797996,8.050254821777344,3171800,-0.00701253746461611
2010-02-25,7.959610848646168,8.021927891261793,7.902958598794949,7.987936973571777,4075600,-0.007771220424934494
2010-02-26,7.953943706045246,7.953943706045246,7.56870979136168,7.580040454864502,12626900,-0.05241398869030288
2010-03-01,7.631028921106134,7.749998210843678,7.631028921106134,7.704676628112793,6794300,0.016308962101621288
2010-03-02,7.73866628311012,7.8802963411180675,7.7330009511236115,7.834974765777588,3806900,0.01677015630293495
2010-03-03,7.885960278952055,7.908621062616113,7.789651813310883,7.800982475280762,3725200,-0.004347970965173674
2010-03-04,7.8349754000052,7.942614555358887,7.795319153441125,7.942614555358887,3937800,0.017992826010527315
2010-03-05,7.9369492530822745,8.021927078978536,7.931283920615633,7.936949253082275,4250700,-0.0007135337702367862
2010-03-08,7.942614890651349,8.038922844904562,7.942614890651349,8.01626205444336,2968600,0.00994325885765514
2010-03-09,8.016261156422386,8.061582732267643,7.953944124704105,7.993600368499756,2637700,-0.002830967622316164
2010-03-10,8.010594902295669,8.016259693035355,7.9369472199227316,7.999264240264893,2848000,0.000708299875035985
2010-03-11,8.027594409063708,8.089911460876465,7.987938152480678,8.089911460876465,1936000,0.011268219259627264
2010-03-12,8.123897705218411,8.1522238161284,8.021923922052709,8.067245483398438,1616900,-0.002805690682450123
2010-03-15,8.07291227415745,8.112568512440516,7.98793446632924,8.0615816116333,2251500,-0.0007023290614476954
2010-03-16,8.050253046668544,8.191883113963716,8.021926925154345,8.174887657165527,2335200,0.013957207446962439
2010-03-17,8.214541963615414,8.225872625656185,8.163555064983342,8.19188117980957,2584700,0.002076589328042089
2010-03-18,8.225872706549346,8.225872706549346,8.118233577206297,8.163555145263672,1757500,-0.003463810112327682
2010-03-19,8.174887657165527,8.225874567835922,8.118235414137127,8.174887657165527,4085700,0.0013872207842855159
2010-03-22,8.146563719088771,8.180554641795377,8.084246667276014,8.089911460876465,3552600,-0.010449187703064515
2010-03-23,8.089909493084278,8.129566280297153,8.050253246147246,8.101240158081055,3383500,0.0013993691517300631
2010-03-24,8.072910890322545,8.129563112680675,8.027589328546293,8.038919448852539,2031800,-0.007722478644895169
2010-03-25,8.061583152512021,8.095574606305815,8.004931449890137,8.004931449890137,1783400,-0.004236894249501923
2010-03-26,8.050250109434419,8.08990634091973,7.970937106188162,8.038919448852539,3173100,0.004236894249501792
2010-03-29,8.067243285647837,8.214538590031765,8.033252394036458,8.197543144226074,3443400,0.019539815568490135
2010-03-30,8.16922426282554,8.214545851889751,8.112572006357297,8.180554389953613,3417800,-0.0020745706673298615
2010-03-31,8.140895396188423,8.21454308871343,8.106904485961975,8.13523006439209,3647700,-0.005555901069629914
2010-04-01,8.140897538037436,8.282527628553625,8.140897538037436,8.214545249938965,4110900,0.00970237281215975
2010-04-05,8.248535044194849,8.322182200952794,8.22020892375482,8.293856620788574,2402600,0.009608680680677356
2010-04-06,8.271193363630221,8.367501820213807,8.248532582097356,8.350505828857422,3617400,0.0068070407599702355
2010-04-07,8.36183389441569,8.36183389441569,8.163551712339213,8.197543144226074,4859500,-0.01848762251584746
2010-04-08,8.146558312599522,8.203209992938786,8.101236752217863,8.14089298248291,2889400,-0.006934615813160692
2010-04-09,8.191884457067411,8.248536709384254,8.106906618868065,8.214545249938965,2459700,0.009006516888360523
2010-04-12,8.259863935120016,8.288190051331343,8.220207696589599,8.231537818908691,2088700,0.0020664586145490048
2010-04-13,8.242871376097387,8.259866835682072,8.157892997622122,8.214545249938965,1615300,-0.0020664586145490334
2010-04-14,8.220207662195532,8.242868447014631,8.129564522919132,8.225872993469238,1372100,0.001378036149100451
2010-04-15,8.254197994765509,8.2881894397661,8.220207090040606,8.282524108886719,1575100,0.006863335967397009
2010-04-16,8.265527620860288,8.293853731432261,8.089906167534558,8.112566947937012,2913700,-0.02073343157178467
2010-04-19,8.084240968603632,8.13522731672269,8.027588750326112,8.07291030883789,3239700,-0.004900284103518361
2010-04-20,8.101239154165642,8.146560727984758,8.061582371867082,8.13523006439209,1942400,0.007689970746645966
2010-04-21,8.12390083322152,8.180552536578872,8.08990937898644,8.146561622619629,3213400,0.0013919303569183117
2010-04-22,8.1238999410752,8.174886846690649,8.07291303545975,8.13523006439209,3453000,-0.0013919303569182148
2010-04-23,8.146561370449264,8.259865313932572,8.106905125299061,8.254199981689453,1494500,0.014518138413093601
2010-04-26,8.231536808583481,8.288189034052733,8.21454135705297,8.242867469787598,2709400,-0.001373882202730463
2010-04-27,8.186216702330725,8.231538274667894,8.033256530761719,8.033256530761719,2608400,-0.025758285995101673
2010-04-28,8.07857788870447,8.152225576866801,8.021925654648602,8.123899459838867,2303600,0.011220276648013422
2010-04-29,8.174886279722688,8.208877187591703,8.129564709046845,8.152225494384766,3377000,0.003480688827778301
2010-04-30,8.180551638211206,8.299520904555328,8.13523006439209,8.13523006439209,4300800,-0.002086935691053061
2010-05-03,8.180552283356347,8.288191434872354,8.169222159145926,8.254199981689453,2917300,0.014518138413093601
2010-05-04,8.19188181654046,8.271194836163527,8.101238674271668,8.123899459838867,4552200,-0.015911891549818858
2010-05-05,8.157891747180765,8.299521815987902,8.095574711404925,8.146561622619629,6588700,0.0027856834936435173
2010-05-06,8.152227233914296,8.152227233914296,3.2121701136517404,7.863301753997803,9331200,-0.0353893627189701
2010-05-07,7.85763326022352,7.953941714783683,7.580038557209231,7.789650917053223,7085500,-0.009410541515618532
2010-05-10,8.033256106627428,8.174886147772337,7.897290856518762,8.010595321655273,5670200,0.027969033418758553
2010-05-11,7.931282722865209,8.146560461604642,7.925617391254123,8.033256530761719,5572700,0.002824910674173419
2010-05-12,8.087828841508834,8.277387287184098,7.984433126482588,8.208456993103027,6556100,0.02157497212946719
2010-05-13,8.191220628471664,8.33482547589448,8.145267121121083,8.185476303100586,3815000,-0.002803562103066213
2010-05-14,8.151011346612757,8.21994215923566,8.0476162232965,8.128034591674805,4945300,-0.007042254630533456
2010-05-17,8.145269393920898,8.179734260146164,7.978687746340998,8.145269393920898,3196700,0.0021181695745638713
2010-05-18,8.185473697825213,8.242915837635243,8.007403502661194,8.030380249023438,5675300,-0.014205435877500812
2010-05-19,7.96719959096787,8.024641768683514,7.8235946944879675,7.904013633728027,6158100,-0.015861195030573327
2010-05-20,7.766151541130627,7.823593159769002,7.605313694201343,7.622546672821045,7340200,-0.036260162464272404
2010-05-21,7.5478715803853,7.674243461784561,7.438731580857044,7.657011032104492,5127900,0.0045111800219540775
2010-05-24,7.639781471051892,7.72019987162754,7.570851178640222,7.582339286804199,2656000,-0.009799937838816018
2010-05-25,7.427242776893126,7.501917362213135,7.323847112940959,7.501917362213135,6941900,-0.010663128913035513
2010-05-26,7.559361327658375,7.674245130183285,7.49043104614343,7.553617000579834,5641300,0.0068678853017265515
2010-05-27,7.645522849253328,7.777639055117151,7.628289871942263,7.766150951385498,2918100,0.027748147123111706
2010-05-28,7.783383477537611,7.932732662567041,7.777639151695926,7.823592662811279,5267700,0.007369200263364616
2010-06-01,7.777640337872767,7.829338182714303,7.616803024439546,7.628291130065918,3010500,-0.025280015867095097
2010-06-02,7.674240076188572,7.800612449645995,7.634030908737546,7.800612449645996,3166400,0.022338396812460307
2010-06-03,7.794870191726021,7.904010172024077,7.794870191726021,7.881033420562744,2551100,0.010256790214072647
2010-06-04,7.743176635764763,7.806363147999078,7.547874414502998,7.582339286804199,5225100,-0.03863727493460516
2010-06-07,7.605316401212796,7.7489213206366445,7.582339636017352,7.634037494659424,6318100,0.0067951007682103045
2010-06-08,7.6110575210849305,7.668499683763914,7.576592113915728,7.657011032104492,7405300,0.0030048370706057615
2010-06-09,7.588079623409554,7.605312050495781,7.392776957069047,7.410009384155273,9512000,-0.03278999719183449
2010-06-10,7.565103876204142,7.645522792969928,7.484684959438356,7.559359550476074,32234100,0.019954765332474946
2010-06-11,7.536383423149835,7.622546672821044,7.496174235322064,7.622546672821045,4659300,0.008324051837405455
2010-06-14,7.668501724056053,7.7661530979061455,7.62829198035888,7.662757396697998,4381900,0.005261369542077506
2010-06-15,7.72019901518215,7.823594716234019,7.702966580943241,7.812106609344482,3559100,0.01930276735394103
2010-06-16,7.754661931099174,7.961452718717235,7.714452748236809,7.915499210357666,4091100,0.013148102981885887
2010-06-17,7.9212422595637655,8.01314926147461,7.8752887586083435,8.01314926147461,2925500,0.012261087264528526
2010-06-18,8.018893974827668,8.059103153160894,7.972940471644275,8.047615051269531,4313400,0.0042919305744948556
2010-06-21,8.0993154959503,8.128036033861942,7.984431153067144,8.036128997802734,2854200,-0.0014282812987286815
2010-06-22,8.030383243464522,8.064848649764077,7.823592449094332,7.835081100463867,4185900,-0.0253362725102207
2010-06-23,7.85805797247495,7.898267157249321,7.714453115070417,7.766150951385498,2636200,-0.008836558213037539
2010-06-24,7.7546607310653215,7.875288808794251,7.737428305049459,7.777637481689453,3409500,0.0014779578922223032
2010-06-25,7.800615810389513,7.84656932093424,7.697220137759351,7.766150951385498,7757100,-0.001477957892222168
2010-06-28,7.80635884136117,7.92698692348541,7.75466101362093,7.881033420562744,2736900,0.014684371422802383
2010-06-29,7.823594744641135,7.846571506312844,7.599570907485068,7.645524978637695,4750300,-0.030338533448577336
2010-06-30,7.616801712138644,7.7201968361985935,7.53063846964479,7.559359550476074,5145800,-0.01133403550657127
2010-07-01,7.530637893036283,7.582335725012366,7.444475204948817,7.501917362213135,5208900,-0.007627834892491941
2010-07-02,7.530639413794982,7.542128066691501,7.444476708307574,7.484685897827148,3336000,-0.002299583391972956
2010-07-06,7.5823346436706585,7.674241643939198,7.513404393469253,7.605311393737793,9079400,0.01598781802220473
2010-07-07,7.611058356242501,7.875291347503662,7.611058356242501,7.875291347503662,4309000,0.034883309740620275
2010-07-08,7.892524259411571,8.024641036987305,7.846570740552835,8.024641036987305,5752600,0.018786756886410058
2010-07-09,8.007405447872234,8.08208002864217,7.9671962689226445,8.070591926574707,2345400,0.005709891187726749
2010-07-12,8.030383954615726,8.08782612093224,7.9901747668796235,8.08208179473877,2380600,0.0014226586013210744
2010-07-13,8.151009559631348,8.225684133760721,8.099312283211564,8.151009559631348,3642000,0.008492304717427908
2010-07-14,8.145269393920898,8.196967241067968,8.030385045678894,8.145269393920898,4428800,-0.0007044756614938683
2010-07-15,8.156756896293,8.23143149799919,8.082082294586812,8.21419906616211,2935200,0.00842693395799822
2010-07-16,8.151013793380018,8.191223537448362,7.9844321331232075,8.001665115356445,2975000,-0.026214590783746747
2010-07-19,8.047615174630803,8.099313003456833,7.972940593860865,8.070591926574707,3477800,0.008577169168493397
2010-07-20,7.96719943162202,8.151013520141024,7.96719943162202,8.139525413513184,2453400,0.008505046696672786
2010-07-21,8.145267804699,8.173988338346671,7.938476456457755,7.990174293518066,2413400,-0.018519301809086904
2010-07-22,8.041870134555452,8.191219282814197,8.001660959181534,8.151009559631348,2233100,0.019929218431163118
2010-07-23,8.133778470378928,8.202708731404798,8.076336860095212,8.185476303100586,2279800,0.0042196093944756145
2010-07-26,8.191221451870742,8.271639823913574,8.185477125922231,8.271639823913574,2675500,0.010471373898483053
2010-07-27,8.277382315492206,8.392266069957364,8.237173138381639,8.38652229309082,3969700,0.013793153139059586
2010-07-28,8.363549927041747,8.375038034606776,8.300363418101758,8.35206127166748,2560800,-0.004117561080191858
2010-07-29,8.398011659731957,8.409500310813629,8.162499790648,8.231430053710938,3304400,-0.014548606603448288
2010-07-30,8.179730759452049,8.231428584473905,8.110800508692552,8.173986434936523,3189600,-0.007003035074283438
2010-08-02,8.248663080203144,8.380779838170083,8.248663080203144,8.346314430236816,2645500,0.020863330220360334
2010-08-03,8.329081414437507,8.398011677647492,8.27738358007776,8.30610466003418,3062800,-0.004829310160057087
2010-08-04,8.329081648508655,8.472686504517426,8.225685976883446,8.461197853088379,4976800,0.018500008131729254
2010-08-05,8.443965118739513,8.50715160369873,8.386523507096351,8.50715160369873,2829700,0.005416421093297545
2010-08-06,8.449708961028096,8.524383544921875,8.334825196502665,8.524383544921875,3210400,0.0020235342208122947
2010-08-09,8.553105937699533,8.616291880948552,8.518640529139741,8.593315124511719,3418300,0.008053880784385428
2010-08-10,8.541615896085553,8.662243984708253,8.426732132589885,8.650755882263184,4046800,0.006662112465405959
2010-08-11,8.55310699903143,8.55310699903143,8.438222654782493,8.466943740844727,3431400,-0.02147709224111724
2010-08-12,8.376714424882847,8.487317078652554,8.26028987756309,8.429104804992676,3209200,-0.004479035321069965
2010-08-13,8.40582453537442,8.539712614865808,8.40582453537442,8.440752029418945,3285800,0.0013808328536798588
2010-08-16,8.400003748995067,8.493142992908894,8.318506632993627,8.440752029418945,2584900,0.0
2010-08-17,8.49896126549726,8.673597007198497,8.469855123495892,8.603742599487305,3411000,0.019125886930248685
2010-08-18,8.5979185010825,8.627024076711438,8.42910305357635,8.568812370300293,3875300,-0.004068151468740934
2010-08-19,8.539705971132951,8.539705971132951,8.365069747081428,8.434924125671387,3235100,-0.015748422332443352
2010-08-20,8.359249253879513,8.487315905131744,8.347607133849296,8.469852447509766,2375200,0.0041323671320344976
2010-08-23,8.516422037937248,8.580455085986712,8.452388989887787,8.469852447509766,7254700,0.0
2010-08-24,8.399998406818238,8.609561572347717,8.382534393325784,8.53970718383789,3760900,0.00821363169459036
2010-08-25,8.498957056064105,8.621202347800411,8.493135719516374,8.597917556762695,4379000,0.006793309769416025
2010-08-26,8.632846362293563,8.638667700120184,8.481494909721395,8.510601043701172,2757800,-0.010207461352026307
2010-08-27,8.580459888398023,8.714347952178043,8.464035847167757,8.708526611328125,3883700,0.022990047949611143
2010-08-30,8.650309826856782,8.708522094858305,8.533885846007072,8.53970718383789,3275600,-0.019575896367000845
2010-08-31,8.528065797349099,8.673595934199106,8.464032736990324,8.609562873840332,4646100,0.008146827956167862
2010-09-01,8.691058845712945,8.836588964066326,8.644489252252132,8.801661491394043,4174800,0.02206696194080493
2010-09-02,8.819125456188829,8.819125456188829,8.685238006094954,8.766735076904297,3334900,-0.003976055568491675
2010-09-03,8.795841222731854,8.883159637451172,8.772556423170718,8.883159637451172,2577200,0.01319285481088688
2010-09-07,8.883159526872342,8.941371247473848,8.80748379045232,8.888980865478516,4005600,0.0006550959052531484
2010-09-08,8.923907325064643,8.929728663369605,8.743450278837825,8.766735076904297,3871500,-0.013847950716139866
2010-09-09,8.859874835991844,8.918086557305505,8.824947359080916,8.854053497314453,1927300,0.009910922520740828
2010-09-10,8.906444546482147,8.935550685079665,8.79584133084226,8.84823226928711,5049600,-0.0006576809700084266
2010-09-13,8.923907897894807,8.929729236573444,8.81912602229299,8.883159637451172,3409300,0.003939613260154192
2010-09-14,8.888982041851287,8.947193770156565,8.807484956039724,8.877339363098145,4614300,-0.0006554179092828716
2010-09-15,8.865694543614326,8.888979895498078,8.772555356692699,8.801661491394043,4124200,-0.008561381333112284
2010-09-16,8.772557995530754,8.83659162216608,8.72016704833949,8.725988388061523,4211800,-0.00863476553096271
2010-09-17,8.772554279344458,8.801660410471309,8.679415103861155,8.749269485473633,5111600,0.0026644655379656377
2010-09-20,8.819126354888393,8.958835712677473,8.760914631366923,8.953014373779297,4101900,0.023020067611627237
2010-09-21,8.964656718741336,9.051975138919145,8.918087116707884,8.94137191772461,6046800,-0.0013012413510928027
2010-09-22,8.929728845527801,9.057795515082532,8.929728845527801,8.970477104187012,3887500,0.0032498277584525454
2010-09-23,8.912265039955273,9.00540423051088,8.871516227722168,8.871516227722168,4188000,-0.011093142951868529
2010-09-24,8.97047589704622,9.156754260310766,8.97047589704622,9.110184669494629,4592800,0.02654726156462805
2010-09-27,9.133467349461279,9.2033222746594,9.063612979416344,9.150931358337402,4200800,0.004462679762278227
2010-09-28,9.197504157523742,9.226610294018004,9.075258828370547,9.220788955688477,4600600,0.007604942035043159
2010-09-29,9.203324310541042,9.2207877681271,9.104363792297878,9.17421817779541,2083700,-0.005063425858401687
2010-09-30,9.226607064674377,9.302282215858169,9.139288685753321,9.150931358337402,5474700,-0.0025415161766414915
2010-10-01,9.220789402489714,9.319749938273393,9.15675578806886,9.255716323852539,3715500,0.01138567970592493
2010-10-04,9.255717904682886,9.296466726770417,9.133472548727292,9.185863494873047,3258700,-0.007575615943613207
2010-10-05,9.244075767057373,9.343035764444277,9.220790963821601,9.33139419555664,2607300,0.015718709493064885
2010-10-06,9.325570828678723,9.343033733367426,9.19168282281375,9.249895095825195,3123300,-0.008772224691064206
2010-10-07,9.296464191550001,9.348854568254978,9.232430583655002,9.31392765045166,2206300,0.006898666234039615
2010-10-08,9.331390834327438,9.389601988718573,9.302284146825272,9.366317749023438,2697500,0.005609159281622691
2010-10-11,9.395420812306233,9.447811725485408,9.343029899127059,9.407063484191895,3309200,0.004340805595100397
2010-10-12,9.37796340006244,9.41871166519008,9.313929777543603,9.360499382019043,2716700,-0.004962199732812114
2010-10-13,9.40706694929202,9.418709625466269,9.290642963316298,9.308106422424316,4553800,-0.0056129630352020725
2010-10-14,9.308107152494346,9.377962104712124,9.244074093973683,9.290643692016602,2947800,-0.001877839686194599
2010-10-15,9.377963000588696,9.389604568481445,9.313929380797504,9.389604568481445,2754500,0.010595341225922988
2010-10-18,9.407070272028086,9.46528256315419,9.377964681618586,9.401248931884766,6361500,0.0012393651936668472
2010-10-19,9.313931050349163,9.453639882867549,9.313931050349163,9.401248931884766,5188500,0.0
2010-10-20,9.401248622939447,9.581705720223763,9.395427282987429,9.5409574508667,6131200,0.014751296606065912
2010-10-21,9.57588549057881,9.639918009436885,9.476924932008625,9.5409574508667,3227000,0.0
2010-10-22,9.546777502940996,9.622453801801303,9.447816957720768,9.558420181274414,5545100,0.0018286182523961855
2010-10-25,9.628273441513235,9.657379021902535,9.517670237481793,9.546775817871094,1975200,-0.0012189736075673906
2010-10-26,9.529314595747785,9.639916708994514,9.517671917414365,9.558420181274414,3866500,0.0012189736075674683
2010-10-27,9.494386560747527,9.564241520441124,9.430354050527557,9.558420181274414,2934300,0.0
2010-10-28,9.558421470722754,9.634096669484865,9.476924932008625,9.5409574508667,4175900,-0.0018286182523961358
2010-10-29,9.552597610677969,9.674843496806263,9.494385336821962,9.639915466308594,3930000,0.010318497378517663
2010-11-01,9.698129771313187,9.744699378090045,9.546778271711652,9.634096145629883,2532800,-0.0006038515460823279
2010-11-02,9.756343728947206,9.826197595927278,9.733058366415717,9.762165069580078,3985700,0.013205718740965088
2010-11-03,9.78544701143945,9.79126835069789,9.65738087867454,9.73305606842041,3864900,-0.0029862726445649434
2010-11-04,9.837840808096189,9.896053107259164,9.785449849880235,9.849483489990234,5654300,0.011891082165458835
2010-11-05,9.814550143271365,9.849477055830281,9.63409202271948,9.709768295288086,7082700,-0.014286596709341558
2010-11-08,9.680665752406739,9.686487092042222,9.546778271711652,9.634096145629883,5042800,-0.007823931552517305
2010-11-09,9.639911220311857,9.715587476084323,9.610805651357083,9.663196563720703,4078500,0.003016012721374158
2010-11-10,9.657379260646398,9.657379260646398,9.58170297327264,9.651557922363281,3321400,-0.0012051556518071316
2010-11-11,9.599169722308224,9.674846031237298,9.593348382366983,9.657382011413574,4154200,0.0006032531300931084
2010-11-12,9.666217669298154,9.666217669298154,9.465942500921024,9.48950481414795,6524200,-0.017536166674619692
2010-11-15,9.542516463431951,9.595530531168666,9.524844733015497,9.554296493530273,2734900,0.006804516423063078
2010-11-16,9.518955216364638,9.548406980159548,9.277447158005517,9.354022979736328,4563800,-0.02118443195539841
2010-11-17,9.389364631851887,9.395255208881078,9.224432407328926,9.242103576660156,5196100,-0.012036996420767915
2010-11-18,9.330460817453275,9.359913141697136,9.289227900565686,9.33635139465332,2321700,0.010146013394436952
2010-11-19,9.35402079698729,9.365801387404991,9.212650341437358,9.31867790222168,3691500,-0.0018947702989828966
2010-11-22,9.318677907440128,9.371691968740103,9.259773831806129,9.348130226135254,2583700,0.003155584838165314
2010-11-23,9.28333568572998,9.32456859534384,9.212650457067825,9.28333568572998,2804100,-0.0069554163832058705
2010-11-24,9.371691973955274,9.395253716573235,9.318677912625796,9.377582550048828,1956100,0.01010107482108748
2010-11-26,9.37169154173255,9.377582117554432,9.265663423963616,9.301006317138672,1486100,-0.008199405476945658
2010-11-29,9.236213266300753,9.24210328138542,9.094842230898514,9.18908977508545,3034400,-0.012105714135472023
2010-11-30,9.13018554304186,9.212651937275815,9.118404388827145,9.206761360168457,3720200,0.001921258265128008
2010-12-01,9.295116276295543,9.32456859534384,9.218540471472474,9.28333568572998,3063700,0.008282786526202013
2010-12-02,9.26566437753,9.348130762254584,9.21265087494593,9.330459594726562,2317600,0.005063342425822729
2010-12-03,9.31867832390256,9.377582963925327,9.230321925624686,9.365801811218262,6587800,0.0037806765557411785
2010-12-06,9.348132261296294,9.348132261296294,9.224432945251465,9.224432945251465,4348400,-0.01520923139887471
2010-12-07,9.342238634763186,9.354019785663406,9.200868194497732,9.21264934539795,3619300,-0.0012782501343990029
2010-12-08,9.212651937275815,9.277446600187696,9.147856712607583,9.206761360168457,2491800,-0.0006393239744922582
2010-12-09,9.236215728807212,9.289229810997817,9.177311068205098,9.277448654174805,2800800,0.007648434912091435
2010-12-10,9.324569018298458,9.418815994122964,9.271554953958102,9.330459594726562,4786800,0.005697694039933326
2010-12-13,9.412927067439671,9.448270532202718,9.365803571268378,9.383475303649902,2655700,0.005665922323659015
2010-12-14,9.418816837548105,9.524844975723301,9.407036245393272,9.483612060546875,2726100,0.010615066888004999
2010-12-15,9.46004808950023,9.46593866542016,9.312787623795638,9.342239379882812,2636200,-0.015019276940184558
2010-12-16,9.371692387571795,9.38347354027886,9.271554836586857,9.365801811218262,2785100,0.0025189642842615672
2010-12-17,9.336349635710956,9.371691968740103,9.271554422230427,9.348130226135254,3708200,-0.001888602598357982
2010-12-20,9.4247076817358,9.454159443836142,9.33046069479946,9.37169361114502,3136400,0.0025174806835159456
2010-12-21,9.389365320992773,9.454159987800512,9.348132402274793,9.354022979736328,2400700,-0.0018873121963675396
2010-12-22,9.359913557197865,9.412927069082532,9.348132402274793,9.354022979736328,2473700,0.0
2010-12-23,9.354021220267477,9.389363554876114,9.312788309305306,9.365801811218262,1628300,0.0012584341112096568
2010-12-27,9.336350052963159,9.395254131229647,9.247993092929006,9.365801811218262,1393800,0.0
2010-12-28,9.395255481384682,9.395255481384682,9.312789647609502,9.33635139465332,2191800,-0.003149417137540436
2010-12-29,9.330460279008546,9.377583770376766,9.324569702148438,9.324569702148438,1190800,-0.0012627130257079856
2010-12-30,9.330459171504751,9.354020914392137,9.253883366681684,9.28333568572998,1698000,-0.004431888818315426
2010-12-31,9.283335951631107,9.301007118863733,9.253883631739212,9.259774208068848,1416600,-0.0025412663222236227
2011-01-03,9.312792510773765,9.324573107039368,9.25977842318721,9.306901931762695,3048400,0.005076603324485636
2011-01-04,9.301007956464328,9.371693193516656,9.23621329627211,9.324569702148438,2851400,0.0018965518160535071
2011-01-05,9.312790187741427,9.336351936151802,9.25977611337899,9.289228439331055,2444400,-0.0037973233636876685
2011-01-06,9.27155548030729,9.289227210594829,9.17141792236984,9.194979667663574,3605000,-0.010197849744265308
2011-01-07,9.23032406004068,9.271556980537532,9.14196764133131,9.236214637756348,5801900,0.004474483661403297
2011-01-10,9.18319854757028,9.271554946899414,9.118403330423048,9.271554946899414,3209700,0.0038189747212202967
2011-01-11,9.283337177295055,9.289227754402413,9.200870783061099,9.206761360168457,3714800,-0.007012960619188161
2011-01-12,9.265666129164288,9.318680203526727,9.224433209885234,9.289228439331055,2999000,0.008917351980830029
2011-01-13,9.295118455116354,9.324570781068418,9.253885535837298,9.289228439331055,2160900,0.0
2011-01-14,9.289225027781745,9.306896192160536,9.20675865775374,9.247991561889648,2404200,-0.004449097055598865
2011-01-18,9.271554946899414,9.30100726726122,9.218540882599418,9.271554946899414,2894200,0.0025447056939569917
2011-01-19,9.2892261452993,9.330459054395634,9.247992674446714,9.31867790222168,2882700,0.0050696574520545795
2011-01-20,9.318678059908324,9.54840491362524,9.318678059908324,9.389363288879395,4982600,0.007556720909872048
2011-01-21,9.448268756655162,9.460048785849668,9.35991179662101,9.365801811218262,5661800,-0.002512533473348577
2011-01-24,9.365802502343675,9.483611791082646,9.33046016512704,9.477721214294434,7371000,0.011878959045754148
2011-01-25,9.436490072531885,9.513065338134766,9.430599494637379,9.513065338134766,3148400,0.0037222433679366873
2011-01-26,9.49539539245468,9.518956582168672,9.454161344307561,9.48950481414795,1779100,-0.0024797209925650184
2011-01-27,9.501284182345753,9.5425182276073,9.460051260597059,9.513065338134766,2713600,0.002479720992564992
2011-01-28,9.518958095636737,9.524848674880042,9.377587564336759,9.4423828125,3912800,-0.007457787616309351
2011-01-31,9.47772299428058,9.577860571461487,9.424708916742873,9.513065338134766,4686400,0.0074577876163093495
2011-02-01,9.560187877681726,9.583750186893472,9.524845537376846,9.571969032287598,3181100,0.006172782300999317
2011-02-02,9.54251685355315,9.577859192318293,9.465940475463867,9.465940475463867,2435700,-0.011138791583064722
2011-02-03,9.471827938649698,9.536623141344968,9.430595036393553,9.518951416015625,8149700,0.005584554141978251
2011-02-04,9.53662833715226,9.542518915471383,9.424709596114775,9.50717544555664,6955300,-0.001237873798318137
2011-02-07,9.530736791026895,9.630874365257583,9.513065057864013,9.624983787536621,10423000,0.012315372198651389
2011-02-08,9.607313975838602,9.630876291434912,9.55429988925995,9.566081047058105,2291400,-0.006138578130102997
2011-02-09,9.524844975723301,9.536626129634472,9.430597991459278,9.483612060546875,2945400,-0.008658354887910663
2011-02-10,9.47772150758625,9.548406184206883,9.436488592305432,9.501282691955566,2289700,0.00186154695530062
2011-02-11,9.448267567614504,9.595528587382718,9.442376992002286,9.53662395477295,2857600,0.003712729983351332
2011-02-14,9.5652516424634,9.5652516424634,9.434056697478239,9.469837188720703,3246200,-0.007027824952030251
2011-02-15,9.440018925809968,9.547359816252191,9.422128966973444,9.517542839050293,3312000,0.0050249956173755534
2011-02-16,9.541395515454376,9.577175430158896,9.457908099958013,9.493688583374023,2152800,-0.002509492169638962
2011-02-17,9.457909233246955,9.505616171043766,9.44001927375104,9.487726211547852,2038700,-0.0006282326250904979
2011-02-18,9.481762886047363,9.487726395565518,9.428093006518674,9.481762886047363,2833700,-0.000628728129286914
2011-02-22,9.398274624149165,9.48176147008956,9.374421158350268,9.410201072692871,2085000,-0.007575936073506914
2011-02-23,9.398277555195126,9.440020991183873,9.267083168029785,9.267083168029785,4142500,-0.01532564414041354
2011-02-24,9.261115028773048,9.332675412720953,9.183591137318308,9.225335121154785,4854700,-0.004515160445479463
2011-02-25,9.273047693696501,9.356534574813832,9.225340741997533,9.350571632385254,3380600,0.013483961822082138
2011-02-28,9.362491928699244,9.523503211327776,9.302858562649357,9.457905769348145,4044500,0.011413502523541681
2011-03-01,9.445979916636063,9.601027701780014,9.320749100744623,9.326712608337402,5873500,-0.013968374711425344
2011-03-02,9.159737341191255,9.410198960209614,9.153774402613758,9.398272514343262,5699300,0.007643290919969691
2011-03-03,9.434054633917837,9.523505558102116,9.404238227901235,9.493688583374023,4604500,0.01010132085960928
2011-03-04,9.48176363999378,9.511580621243898,9.362496283704928,9.469837188720703,3498700,-0.0025155034477365532
2011-03-07,9.487725773088151,9.595066662526172,9.422128878826879,9.43405532836914,3304700,-0.003785665100715858
2011-03-08,9.440019012588001,9.618919740020882,9.42809256282453,9.601030349731445,2932900,0.01754437118302605
2011-03-09,9.565249195991193,9.690479461531044,9.565249195991193,9.684515953063965,2952600,0.00865789576525004
2011-03-10,9.630846132253723,9.654700167652651,9.505615289966869,9.553322792053223,4924200,-0.013639286259339406
2011-03-11,9.583139822018923,9.630846758495895,9.53543288554195,9.601030349731445,2864800,0.004981390494089302
2011-03-14,9.535436731722648,9.547363755008504,9.344608908843103,9.392315864562988,9339400,-0.021978527055932756
2011-03-15,9.183593672770355,9.374421984694303,9.183593672770355,9.290934562683105,6697400,-0.01085274720778646
2011-03-16,9.255152161181947,9.290932069075483,9.088177361974177,9.135884284973145,5608900,-0.016829159544841814
2011-03-17,9.261118512041449,9.261118512041449,8.998730338877028,9.064327239990234,10243100,-0.007863360664419958
2011-03-18,9.112032844413802,9.976721726437004,9.05239946179481,9.94094181060791,28385400,0.09231513939957962
2011-03-21,10.14966357910828,10.26893038556289,10.054249678975227,10.197370529174805,13789600,0.025468130060808704
2011-03-22,10.209297259080184,10.262966581124699,10.060212902207901,10.072138786315918,6187200,-0.012356819732095195
2011-03-23,10.078099287311066,10.149660257704745,10.01250296332515,10.113879203796387,5099800,0.004135583054725559
2011-03-24,10.149660583856036,10.257001474184351,10.090026629515519,10.239110946655273,3924200,0.012306135104845536
2011-03-25,10.233147218124586,10.35837863329756,10.185440283159418,10.215256690979004,3854100,-0.002332437444493101
2011-03-28,10.274890864290354,10.406085791324106,10.221220419126197,10.239110946655273,3354200,0.0023324374444931135
2011-03-29,10.251037852648567,10.32856119624537,10.18544038985069,10.31067180633545,2495900,0.006964662332847019
2011-03-30,10.376271374209146,10.590953219598994,10.334527934810767,10.543246269226074,3853900,0.02230603431587781
2011-03-31,10.531318423529084,10.584988880678504,10.471684455871582,10.471684455871582,2981900,-0.006810594895779052
2011-04-01,10.567094254765628,10.662508111078687,10.537277851201381,10.58498477935791,2220600,0.01076157066193933
2011-04-04,10.763888666732335,10.763888666732335,10.60884195732447,10.680401802062988,3298400,0.008973988099035862
2011-04-05,10.620769637048287,10.686367120344833,10.513428714353363,10.543246269226074,3030400,-0.012924963865196249
2011-04-06,10.5969153997325,10.632695323662823,10.531317924674184,10.561134338378906,2418800,0.0016952000410886225
2011-04-07,10.567095610210586,10.567095610210586,10.423974807382846,10.429938316345215,3972200,-0.012500335981933326
2011-04-08,10.495533674750186,10.555167615003302,10.358376408363984,10.43589973449707,2964900,0.0005714046375258973
2011-04-11,10.423975659185555,10.435902678084915,10.262964316313552,10.328561782836914,3789200,-0.01033871335142989
2011-04-12,10.27488899230957,10.298743024669042,10.197365661987016,10.27488899230957,3880100,-0.00521008956465747
2011-04-13,10.304708882461316,10.447829696984277,10.304708882461316,10.328561782836914,4277700,0.005210089564657533
2011-04-14,10.239111971400106,10.57902406650994,10.239111971400106,10.519390106201172,5047800,0.018307184712832724
2011-04-15,10.59691169615486,10.692325551571145,10.495534332597199,10.662508010864258,4858400,0.01351343319626071
2011-04-18,10.57305951993734,10.632693474398373,10.441865730061528,10.626729965209961,4153600,-0.003361142317764121
2011-04-19,10.638657167584125,10.674437085910332,10.579023212091712,10.620766639709473,4321500,-0.000561320306852937
2011-04-20,10.734070848467843,10.82948472057149,10.662509875678571,10.799668312072754,3991300,0.01670422030853657
2011-04-21,10.829483878357115,10.901044845581055,10.781776946015484,10.901044845581055,3633900,0.009343220220388694
2011-04-25,10.83544964965942,10.912973004368828,10.817559119761915,10.889120101928711,2554200,-0.0010945070743155919
2011-04-26,10.88315259717821,10.912968998639712,10.823518656832398,10.895079612731934,4500000,0.0005471406826925079
2011-04-27,10.88912166413353,10.972608540786194,10.865267620847975,10.93682861328125,4358500,0.0038245902288850135
2011-04-28,10.942786486845137,11.02627332048894,10.859298515778532,11.008382797241211,4589900,0.006521189173965022
2011-04-29,11.032240164515995,11.103801141724984,10.960679187307004,11.091874122619629,2137200,0.007555724160455783
2011-05-02,11.139580288269794,11.193250733094763,11.044166416897198,11.085909843444824,3463100,-0.000537860710314202
2011-05-03,11.056093470558576,11.17536024144449,11.01434890645428,11.121689796447754,3332300,0.0032223188946785015
2011-05-04,11.091871177656762,11.157467490473687,10.94875039866141,11.026273727416992,3903100,-0.008616291898665729
2011-05-05,11.056094202726706,11.229031430061786,10.954716815177472,11.091874122619629,5852400,0.00593183371430141
2011-05-06,11.181320736578943,11.217100644457622,11.115723290949063,11.163430213928223,4974800,0.00643049735958967
2011-05-09,11.145544371272596,11.288665185700525,11.127653842935432,11.276738166809082,3187400,0.010098758078094187
2011-05-10,11.270776547664187,11.53912883061325,11.264813037218286,11.485458374023438,3878500,0.018339711369583206
2011-05-11,11.467563546841836,11.47352705505376,11.211138380843565,11.396003723144531,4141600,-0.007819002670911186
2011-05-12,11.412878651233724,11.41890459608561,11.316465832266442,11.388774871826172,4792600,-0.0006345334040246033
2011-05-13,11.38877663213063,11.424931157498715,11.208002855958574,11.286337852478027,4485800,-0.009035255301294466
2011-05-16,11.268257770750655,11.30441228522993,11.195947592460811,11.262231826782227,3914800,-0.002138143148093055
2011-05-17,11.238130878090338,11.352621543630352,11.201976354515653,11.226078987121582,3237600,-0.0032152589054066224
2011-05-18,11.268257464616243,11.44300523762796,11.220051063509777,11.436979293823242,4676800,0.018612350759136215
2011-05-19,11.461086582160581,11.491215161088085,11.370699696046454,11.449034690856934,2591000,0.0010535166286957747
2011-05-20,11.443005543384004,11.503263833709997,11.3405667946292,11.424927711486816,2847700,-0.002107810432790028
2011-05-23,11.292363798261315,11.38877663213063,11.250183327109944,11.286337852478027,2954900,-0.01220465490154215
2011-05-24,11.322494172996763,11.394803227857336,11.26826180718548,11.29839038848877,4684600,0.001067317439138581
2011-05-25,11.268254324727682,11.497234378845501,11.238124614099718,11.430950164794922,5436500,0.011664331304432805
2011-05-26,11.412876059957641,11.491211026583425,11.32851400051695,11.461082458496094,2956400,0.0026325588119974533
2011-05-27,11.509288138045582,11.684035890831721,11.418901290098882,11.497236251831055,5035500,0.00314951836644903
2011-05-31,11.5876260717003,11.671988147507527,11.551471553115157,11.647884368896484,5035700,0.013017883725651722
2011-06-01,11.786481277179737,11.792507223687991,11.569552949541432,11.593655586242676,5615200,-0.004666548014343193
2011-06-02,11.557500974678824,11.702120241857477,11.515320498751521,11.659939765930176,7363000,0.005700998766930414
2011-06-03,11.551470832066654,11.641857697553228,11.49723848290844,11.503264427185059,7129800,-0.013528156715662666
2011-06-06,11.473135855133318,11.551470832066654,11.406851617421866,11.503264427185059,5117900,0.0
2011-06-07,11.557496776343273,11.575573459841776,11.485186594355202,11.503264427185059,5468800,0.0
2011-06-08,11.503265525349118,11.527368155425208,11.382748926974285,11.388774871826172,8723100,-0.010002648383299664
2011-06-09,11.406847990746034,11.424924668497267,11.298383326914696,11.340563774108887,5088200,-0.004242197344129045
2011-06-10,11.328517941023343,11.539421438988843,11.304415308035868,11.364673614501953,6469200,0.0021237258207982314
2011-06-13,11.38876956690031,11.38876956690031,11.214021844919465,11.280304908752441,4088200,-0.007451461792158533
2011-06-14,11.340569188016245,11.388775600584575,11.274284939735466,11.352621078491211,3437400,0.006390372670019402
2011-06-15,11.298387109252705,11.35864540370166,11.111587430859178,11.141716003417969,5163300,-0.0187523868520212
2011-06-16,11.147743062760357,11.322492019207065,11.147743062760357,11.244155883789062,4127300,0.009152254238628088
2011-06-17,11.310440047947013,11.400826923345296,11.262233637779165,11.292362213134766,3898200,0.004278070166880144
2011-06-20,11.286336509156666,11.358646700617976,11.23210415289356,11.34659481048584,2605700,0.004791095370255652
2011-06-21,11.388776383670312,11.51531894369538,11.352621859090984,11.449034690856934,3308800,0.00898773775476511
2011-06-22,11.449030571528679,11.509288857034544,11.376720399055403,11.461082458496094,5535300,0.001051742221236572
2011-06-23,11.358646149101055,11.382748778863526,11.12966484503464,11.304413795471191,5344400,-0.013763911369546675
2011-06-24,11.334543174692245,11.5816011812873,11.304414598017347,11.418905258178711,8528600,0.010077087004539591
2011-06-27,11.545447772346817,11.581602297708155,11.46711277584198,11.521345138549805,3549700,0.008931076123189333
2011-06-28,11.57557774671791,11.623785318783952,11.521346526807166,11.593655586242676,2787100,0.006256602319575303
2011-06-29,11.617755166597878,11.684038255530364,11.605703277944203,11.653909683227539,4772400,0.0051837025692126225
2011-06-30,11.690068348926314,11.756352610715943,11.593655504140544,11.659939765930176,4932700,0.0005172961977175196
2011-07-01,11.71416825715377,11.93712245591894,11.665961850718213,11.925071716308594,2995200,0.02248403566572897
2011-07-05,11.852761192904962,11.931096170122455,11.792502899251543,11.900967597961426,3043700,-0.002023343137529941
2011-07-06,11.864812362757693,11.937121391296387,11.79852812882115,11.937121391296387,3185400,0.0030332818265393813
2011-07-07,12.021483130506198,12.021483130506198,11.90699249754322,11.931095123291016,2605500,-0.0005049617452346153
2011-07-08,11.822632620743931,11.900967597961424,11.768400271388991,11.900967597961426,2067500,-0.0025283200813046693
2011-07-11,11.774427331643658,11.780452127181796,11.611730268158741,11.62378215789795,2848800,-0.02356652219028979
2011-07-12,11.57556878892381,11.84673042529704,11.569543996409639,11.720189094543457,4057100,0.008259732990705877
2011-07-13,11.750319849590811,11.816604072938558,11.647881117749339,11.690061569213867,3103900,-0.002573876067779778
2011-07-14,11.696089168119752,11.816605745936402,11.611728253246854,11.635830879211426,3182700,-0.004649836042273356
2011-07-15,11.665964335323224,11.708144806271465,11.533395827392603,11.684041023254395,4334700,0.004134689326475513
2011-07-18,11.623778495197223,11.696087512184672,11.551468328878672,11.690061569213867,3280200,0.0005151467157978056
2011-07-19,11.750323044488546,11.894942267116328,11.653910229403358,11.876864433288574,3251000,0.01585330020759488
2011-07-20,11.937119653918835,12.160074949681098,11.906991087967961,12.123920440673828,5057300,0.020588054533672094
2011-07-21,12.208284071583536,12.268542366275398,12.160077665696322,12.220335960388184,3395300,0.007921048993416014
2011-07-22,12.256493657469278,12.256493657469278,12.069693929856776,12.208287239074707,2613200,-0.0009864430092615122
2011-07-25,11.99135229284901,12.160075254666529,11.99135229284901,12.111868858337402,3028100,-0.007929133802586514
2011-07-26,12.13597464033325,12.13597464033325,12.051613712134372,12.081742286682129,2598900,-0.002490458083835718
2011-07-27,12.03956182258269,12.13597464033325,12.03956182258269,12.081742286682129,3711900,0.0
2011-07-28,12.117897342050814,12.12392328652168,11.90096793842512,11.925071716308594,4255700,-0.013052360434105362
2011-07-29,11.822629581238719,11.967248759227651,11.696087082166487,11.7985258102417,4648800,-0.01066845837093399
2011-08-01,11.9190455663389,11.9190455663389,11.690064277719387,11.786477088928223,4869000,-0.0010217274437618292
2011-08-02,11.720194977148685,11.858788261155185,11.62378215789795,11.62378215789795,3401900,-0.013899679513123897
2011-08-03,11.690064507442843,11.708142340899014,11.418903901588632,11.641858100891113,4134200,0.0015538748497072753
2011-08-04,11.521337944714388,11.611724776346703,11.063376695202278,11.117609024047852,8191200,-0.046076810344236885
2011-08-05,11.292359908580874,11.364670083741267,10.90670870594209,11.171844482421875,9523300,0.004866477807062976
2011-08-08,10.966967714516803,11.05735457740975,10.31015474852003,10.388489723205566,9447300,-0.07269829183222384
2011-08-09,10.53913521107046,11.063380871357245,10.322205813802638,11.057354927062988,8608200,0.062397374951561585
2011-08-10,10.894659507458135,11.262234119027031,10.76811810635958,10.98504638671875,9403100,-0.00656088224622439
2011-08-11,10.985044315540685,11.665961052872179,10.966967632695752,11.527366638183594,6120700,0.04818898745678811
2011-08-12,11.580952641317339,11.647928968311236,11.319132817440309,11.386110305786133,3330200,-0.01232969769168254
2011-08-15,11.513972868229981,11.897569656372072,11.489618161797297,11.89756965637207,3823200,0.04393993037714766
2011-08-16,11.775790459230434,11.818412058607711,11.605302900369844,11.781879425048828,3278300,-0.00977143948260884
2011-08-17,11.84885909338664,12.019346700693948,11.806237481897766,11.836682319641113,2887200,0.004640671480068414
2011-08-18,11.623572564414022,11.708815783457773,11.392196453649902,11.47744083404541,6273400,-0.030819938523512135
2011-08-19,11.367838629358145,11.611391446534114,11.337394962717939,11.40437126159668,3932900,-0.006386716272267139
2011-08-22,11.580948736971322,11.629659304432074,11.282596366105272,11.361750602722168,3949300,-0.0037442221315341327
2011-08-23,11.532235931496823,11.714900233687848,11.331304734546173,11.696633338928223,9616300,0.029048547813763585
2011-08-24,11.720999650498094,12.00717428881302,11.660111108354908,11.915842056274414,7385700,0.018567728416210898
2011-08-25,11.99499049705779,11.99499049705779,11.580950046159714,11.714903831481934,4673200,-0.017006917083761047
2011-08-26,11.66618745751958,11.903651237487795,11.398278858740639,11.903651237487793,4473100,0.01598331681647641
2011-08-29,12.055881272533451,12.122858764927614,11.909749512052366,12.074148178100586,5470200,0.01422147305814224
2011-08-30,12.061966902099687,12.165477015622773,11.994990589597696,12.104588508605957,5133500,0.0025179435123132495
2011-08-31,12.171562685469743,12.262894840579401,12.104585229758692,12.183740615844727,4343100,0.006517730144118301
2011-09-01,12.244633648937342,12.262899389924764,12.04979133605957,12.04979133605957,5325600,-0.01105498317287216
2011-09-02,11.80623867484216,11.952370426720462,11.80623867484216,11.842772483825684,3498400,-0.01732957874777099
2011-09-06,11.605308291375712,11.708818435668945,11.47135446520001,11.708818435668945,4988200,-0.011375494173919577
2011-09-07,11.836679262681194,11.940189361572264,11.745347095742371,11.940189361572266,4365500,0.019567696911397918
2011-09-08,11.897566220140773,12.323783331102959,11.879299324578296,12.183740615844727,5641800,0.020192359183164955
2011-09-09,12.031522952013468,12.049789852103075,11.733170551993119,11.885391235351562,5013800,-0.024792307765567654
2011-09-12,11.733171032882604,11.897569656372072,11.629660917502386,11.89756965637207,4182200,0.0010241300181578264
2011-09-13,11.885394799314852,12.086326115145342,11.72708510178901,12.074148178100586,3773100,0.014732504090978295
2011-09-14,12.092410562909583,12.268985938637705,11.86712345721336,12.122854232788086,4426100,0.0040257978771243265
2011-09-15,12.208098622129043,12.226365522639592,12.00107839508287,12.104588508605957,4806900,-0.0015078543648111603
2011-09-16,12.189831232896319,12.262896502344695,12.09241009939747,12.135031700134277,4668000,0.0025118551588448833
2011-09-19,11.946275816196616,12.2020065266764,11.909742028020027,12.159383773803711,2563200,0.002004747292767324
2011-09-20,12.171566968376082,12.451653658800243,12.086323748458705,12.256810188293457,3342900,0.00798051749754709
2011-09-21,12.22027674277323,12.2568093830016,11.775792609047695,11.787970542907715,4145500,-0.039002150287751926
2011-09-22,11.513972716209787,11.538328583672593,11.282597782071539,11.392195701599121,6104400,-0.034151032582966326
2011-09-23,11.343485405039877,11.611394146914826,11.300863797290804,11.550505638122559,3938800,0.013800680817647416
2011-09-26,11.63574958591691,11.714903831481934,11.483528900225068,11.714903831481934,3979500,0.014132648716979609
2011-09-27,11.91583872425541,11.970638280725476,11.65401887919888,11.708818435668945,4623800,-0.0005195925635125531
2011-09-28,11.702724457758729,11.824501455866926,11.617481255893903,11.641837120056152,4239400,-0.0057370123222091444
2011-09-29,11.854944127851732,12.415116181612579,11.800144599446215,12.15329647064209,10296700,0.042995189410332806
2011-09-30,12.043700668443096,12.238542953815616,11.946279525756836,11.946279525756836,5593700,-0.017180554298165597
2011-10-03,11.934100283941746,12.128942547948713,11.672280556175572,11.678369522094727,4663800,-0.02268152120079486
2011-10-04,11.55051196476764,11.921931026623968,11.386114410739086,11.915842056274414,7200000,0.020130408058110512
2011-10-05,11.91583444424325,12.019344551357003,11.6966362970961,12.001077651977539,3237600,0.007127670084558967
2011-10-06,12.007168334519623,12.256810188293457,11.921925114602246,12.256810188293457,3631600,0.0210852661677713
2011-10-07,12.329873967131972,12.329873967131972,12.025432634610194,12.135031700134277,3641400,-0.009985264790314476
2011-10-10,12.29334615800326,12.482099533081055,12.29334615800326,12.482099533081055,3020700,0.028199129144537358
2011-10-11,12.40294089402836,12.409028698932962,12.15938688918798,12.208097457885742,6191100,-0.022196122982592364
2011-10-12,12.28725402965641,12.31160873565213,12.098500703120783,12.104588508605957,5419200,-0.008514861320789898
2011-10-13,12.074145109241462,12.238543733504843,12.04370143571937,12.220276832580566,2820600,0.009512011238273244
2011-10-14,12.354225891330625,12.409024245265558,12.256803627548923,12.390758514404297,3359100,0.013854306110363247
2011-10-17,12.378584906397414,12.542983509630881,12.323785371986258,12.488183975219727,3798400,0.007832001610523148
2011-10-18,12.463829324591547,12.731738056549611,12.293342899905959,12.622138977050781,4629200,0.010669418535998745
2011-10-19,12.640408989275304,12.859607202235901,12.530809882795007,12.585609436035156,5044200,-0.0028982807974577553
2011-10-20,12.640407581446546,12.804806222857051,12.603874937139263,12.750006675720215,3971400,0.01297774218659052
2011-10-21,12.896136756293744,12.98746893599563,12.780448709283796,12.926580429077148,3774000,0.013753894640274844
2011-10-24,12.914402981872177,13.024002066183398,12.865692406772938,12.938758850097656,2917100,0.0009416788845492952
2011-10-25,12.920488512632497,12.987465971087714,12.719557298618255,12.731735229492188,3931400,-0.016129655184343342
2011-10-26,12.877868877792771,12.908313709615692,12.676937633167835,12.798714637756348,8685600,0.005247033427290213
2011-10-27,12.969202524027788,13.024002066183398,12.865692406772938,12.938758850097656,8408500,0.010882621757053141
2011-10-28,12.908318045152022,12.9996502485935,12.853518490816741,12.963117599487305,4019400,0.0018808487962639765
2011-10-31,12.902225670638291,12.926580376495611,12.683027511164061,12.689116477966309,5173800,-0.021363561694529014
2011-11-01,12.366408097665746,12.542984649335361,12.293342819379577,12.317697525024414,4749300,-0.029707604379909658
2011-11-02,12.488183873268813,13.07271068708045,11.982811296654006,12.226364135742188,12063900,-0.007442436555355001
2011-11-03,12.183746567311522,12.396855807567029,12.147213919692613,12.360321998596191,6163900,0.010896888475072778
2011-11-04,12.275076167700494,12.427296855456058,12.220276627200358,12.366408348083496,4642800,0.000492289075416663
2011-11-07,12.402936442545903,12.43338010154877,12.238537896687662,12.390758514404297,2806400,0.0019671212225614394
2011-11-08,12.390766128252828,12.415120838150317,12.202012771477808,12.281167030334473,5022500,-0.00888396040756616
2011-11-09,12.12894482578854,12.202011269188928,11.867125048852094,11.921924591064453,6303200,-0.029687845660954188
2011-11-10,12.043695081314954,12.092405630061027,11.769697518773869,11.903651237487793,6781200,-0.0015339278505715932
2011-11-11,12.031525835298865,12.086325387348431,11.9767262832493,12.055880546569824,5011300,0.012707373325475174
2011-11-14,12.005444221145076,12.030044930690636,11.716377965679019,11.839385032653809,6501000,-0.018120864763629427
2011-11-15,11.759433737789754,12.09770148361417,11.691779719391839,12.054649353027344,6488600,0.018018735648369172
2011-11-16,11.97469430392587,12.048498793741588,11.833236969285194,11.851688385009766,3475100,-0.016980086766141093
2011-11-17,11.870140619390034,11.999298204968763,11.784036344392723,11.90704345703125,4093400,0.004659774987333789
2011-11-18,11.956246067470108,11.999298204968763,11.870140619390034,11.90704345703125,2381700,0.0
2011-11-21,11.765580530858765,11.808633825358795,11.599522515830813,11.691777229309082,2669600,-0.018244318357236167
2011-11-22,11.70407852097165,11.75328111450516,11.5810714505967,11.624123573303223,2890800,-0.005803236722096329
2011-11-23,11.53801885279904,11.562619562011651,11.433463199210237,11.488816261291504,2832600,-0.011708493920427254
2011-11-25,11.439619292261188,11.544174997238246,11.43346881866455,11.43346881866455,1222300,-0.004829147704555704
2011-11-28,11.6856267048123,11.777881417865407,11.587221521144677,11.66717529296875,2826800,0.02023445294863798
2011-11-29,11.728677684233642,11.870134975349558,11.722527214217878,11.820932388305664,2714800,0.01309252271509169
2011-11-30,12.091552709376051,12.251461483352385,11.999297963296598,12.239160537719727,5235800,0.034768800086319974
2011-12-01,12.189956163883943,12.26991112584071,12.159204977336001,12.177655220031738,2799100,-0.005037958134028475
2011-12-02,12.25760880041716,12.276059041033346,12.060798413294911,12.073098182678223,2762400,-0.00862304634373733
2011-12-05,12.233006384183629,12.276058507861483,12.103850013150069,12.171504020690918,2981300,0.008117796908973343
2011-12-06,12.214555536722065,12.245306716938618,12.097698940350966,12.103849411010742,3348800,-0.0055739484933391495
2011-12-07,12.054649300757394,12.239158766210195,12.011597170357245,12.177655220031738,3166100,0.006079197928102881
2011-12-08,12.14690293284807,12.159203875585682,11.89473947213934,11.943942070007324,2970400,-0.019378522986782214
2011-12-09,12.011597441093995,12.220708798964496,11.962394837658735,12.196106910705566,4504700,0.02089258504250585
2011-12-12,12.06694580812029,12.097696983362367,11.820931713855103,11.956239700317383,2725200,-0.019863502375812074
2011-12-13,12.023896353144167,12.06694965452153,11.759433111749736,11.808635711669922,4004900,-0.012422188979118218
2011-12-14,11.771736068280674,11.845540574679548,11.52572300208915,11.538023948669434,5812400,-0.023183092312437793
2011-12-15,11.61182709827674,11.79018730162056,11.556475185706837,11.747135162353516,3406300,0.017961383425388666
2011-12-16,11.79018121130906,11.900887325428371,11.777880271277535,11.820932388305664,4881800,0.006262496233964223
2011-12-19,11.888592526540316,11.925494192614522,11.710233496279312,11.747135162353516,2353400,-0.006262496233964154
2011-12-20,11.845537686711895,12.03619761989167,11.827086271339963,12.005446434020996,2559400,0.021751021429833768
2011-12-21,12.017745491110425,12.15305233001709,11.950091485115912,12.15305233001709,2590700,0.012219942491348078
2011-12-22,12.196105100744457,12.294510293011168,12.116151321933664,12.251458168029785,2291800,0.008064605218126793
2011-12-23,12.288359658930567,12.442117916443959,12.245307534520002,12.435967445373535,1333700,0.014947910388348385
2011-12-27,12.411367779237722,12.503622506897319,12.374466122790384,12.491321563720703,1332500,0.00444125386551724
2011-12-28,12.528227144350812,12.58357905463541,12.37446884012653,12.405220031738281,1752600,-0.006916773956154788
2011-12-29,12.399064617034997,12.466718619316023,12.374463908166994,12.442116737365723,1605200,0.0029698742436545236
2011-12-30,12.4851677401171,12.49131821005413,12.343710450811974,12.356011390686035,1591800,-0.006944531642190647
2012-01-03,12.491318446848428,12.51592032706292,12.202253392821424,12.233004570007324,1898600,-0.010005105285821986
2012-01-04,12.183803789540027,12.34986298636808,12.134601194896424,12.171504020690918,2595200,-0.005040108001169427
2012-01-05,12.11000237500975,12.214558051588355,12.054649300757394,12.177655220031738,3991200,0.0005052494347639238
2012-01-06,12.159204251967894,12.20225637979973,11.99314503911724,12.017746925354004,3143600,-0.01321826535543279
2012-01-09,12.02389496536852,12.12845062476661,12.011595196619977,12.116150856018066,1882300,0.008154876339756607
2012-01-10,12.208402971539867,12.233003676876047,12.005442166917321,12.023892402648926,3022800,-0.0076436402010783945
2012-01-11,12.011596213663914,12.036196926326369,11.863988418441748,11.882438659667969,1784400,-0.011834136610388474
2012-01-12,11.937792046065187,11.962393932462488,11.7594330620148,11.78403377532959,3250300,-0.008316021892756539
2012-01-13,11.734832537025511,11.802486559384409,11.673328986979481,11.740983009338379,2839900,-0.0036600028338260094
2012-01-17,11.876291112626022,11.919343250198251,11.691781616435682,11.765584945678711,5639200,0.0020931975582434642
2012-01-18,11.740981187530746,11.765581899882363,11.61182363516675,11.648726463317871,3455400,-0.00998188250025334
2012-01-19,11.630279637505954,11.642580585075844,11.322762986756283,11.335063934326172,5534900,-0.027295933204645524
2012-01-20,11.525720186547758,11.574922787766688,11.335060253459725,11.568772315979004,10466500,0.020408501947546967
2012-01-23,11.59337269675627,11.636424820593579,11.519568217976314,11.525718688964844,4067800,-0.0037284802579973715
2012-01-24,11.322760031089858,11.464217371969116,11.267406954557519,11.427315711975098,3946400,-0.008574341688066037
2012-01-25,11.384258992136349,11.538017215412504,11.285853823086182,11.513415336608887,4907000,0.007506302107077865
2012-01-26,11.562623691631538,11.599526528253866,11.335062064540852,11.365813255310059,5568000,-0.01290289386204194
2012-01-27,11.365812542999777,11.365812542999777,11.150550701857874,11.212054252624512,5903000,-0.01362054053396528
2012-01-30,11.181304590548576,11.31661148224471,11.113650558159097,11.279709815979004,6976400,0.006016048114491646
2012-01-31,11.298161575386604,11.415017050922296,11.205905647323993,11.359663963317871,5289600,0.00706331195640917
2012-02-01,11.427312728636506,11.599522385454039,11.408861316915313,11.488816261291504,4573100,0.01130523100546
2012-02-02,11.476518316327997,11.531871392860335,11.396564524160517,11.427315711975098,2632900,-0.0053674587874315074
2012-02-03,11.642576393497743,11.710230407692306,11.51341883667926,11.611824035644531,6469900,0.016017288003114624
2012-02-06,11.593373933387124,11.617974646882931,11.47651731830511,11.544171333312988,3096000,-0.005843229258270533
2012-02-07,11.507268371549488,11.667177113228185,11.445766001973647,11.605674743652344,4641700,0.005313517406496145
2012-02-08,11.605673558826739,11.636424740475265,11.562620262203465,11.617973327636719,6009600,0.0010591432574519638
2012-02-09,11.624122795038764,11.636423735869153,11.538018555390613,11.587221145629883,12613000,-0.002650458288114794
2012-02-10,11.538021942844216,11.63642715221359,11.513420053960557,11.630276679992676,12539900,0.0037088909443807375
2012-02-13,11.68563259854904,11.728684741482006,11.59337783896655,11.599528312683105,3753600,-0.002647321858888774
2012-02-14,11.564084072465636,11.644907792552903,11.514346124908963,11.582735061645508,4435600,-0.0014488019313636678
2012-02-15,11.582736877324896,11.775472491935169,11.483260966617967,11.713299751281738,8915700,0.011209294438667741
2012-02-16,11.700865528977298,11.818993623317992,11.657344964179792,11.719517707824707,10510800,0.000530704999495559
2012-02-17,11.719515974102258,11.96198833401627,11.669778023713581,11.800339698791504,7527000,0.006872686997793542
2012-02-21,11.837644990720023,11.89359915173381,11.744385288722176,11.781689643859863,4441900,-0.0015817178877123566
2012-02-22,11.781689692347982,11.856296031237658,11.651126820521482,11.68221378326416,3276100,-0.008479105523990213
2012-02-23,11.682214362831571,11.744385919708575,11.651127398546635,11.707082748413086,2273900,0.002126526078878222
2012-02-24,11.713297490910593,11.76303543666589,11.64490737080475,11.688427925109863,2272700,-0.0015947356325830846
2012-02-27,11.657345614629753,11.68843139526349,11.533000120401761,11.576521873474121,4152200,-0.009620215445560883
2012-02-28,11.576523647756218,11.638695218552455,11.483263919868463,11.514350891113281,7224200,-0.005384909719689893
2012-02-29,11.55786520069226,12.235545390522226,11.55786520069226,12.117417335510254,19686800,0.051049705844739036
2012-03-01,12.04903467018786,12.0676868543558,11.8998207543847,12.036601066589355,7966200,-0.006691770218375088
2012-03-02,11.999293401392723,12.167159455241856,11.968207622167238,12.142291069030762,4672300,0.00874239191769644
2012-03-05,12.01172676880598,12.092551682600956,11.881165088462852,12.005509376525879,6245900,-0.011328829366253393
2012-03-06,11.89360024686118,11.986859957446104,11.850079681039672,11.912252426147461,3338000,-0.007798173068083092
2012-03-07,11.893594500473279,12.104981020200515,11.85629134577021,11.993071556091309,8124600,0.006761626650349409
2012-03-08,12.036596102000896,12.111202436207114,11.943336405473675,12.073899269104004,7696100,0.006716924825485468
2012-03-09,12.0863350586459,12.098768658150176,11.96198957683194,11.974424362182617,4015300,-0.008272965367622502
2012-03-12,12.011730145643764,12.086337688132934,11.89360203080535,12.042817115783691,3512000,0.005695320050235727
2012-03-13,12.067682069423494,12.111202629378983,11.986858341769917,12.104985237121582,3396200,0.005148978592691867
2012-03-14,12.086332793477395,12.086332793477395,11.874946225518663,11.89981460571289,4846800,-0.01709455017636914
2012-03-15,11.937118938853299,11.993074276523407,11.787903914502229,11.949552536010742,5229400,0.004171012346889932
2012-03-16,11.943336706347733,11.980641060236906,11.83764459453407,11.856295585632324,3675100,-0.007834833436437125
2012-03-19,11.862513767499957,11.918469116211698,11.769255248262526,11.775472640991211,3266200,-0.006840221095489579
2012-03-20,11.738166541055124,11.930902129476516,11.738166541055124,11.90603256225586,3504500,0.01102643121328665
2012-03-21,11.89360237121582,11.974427310046291,11.874951374444704,11.89360237121582,2007500,-0.001044569986474818
2012-03-22,11.843859236507466,12.049028412411108,11.843859236507466,11.999290466308594,6004200,0.008846880546223939
2012-03-23,11.980640993251804,12.049029936640254,11.968206208691603,12.005509376525879,3019600,0.0005181389053133408
2012-03-26,12.055244612564685,12.154720494939172,12.01794145313577,12.117417335510254,3115000,0.009278207666932058
2012-03-27,12.136072333571803,12.210678669798895,12.104985371938572,12.148507118225098,2326100,0.0025624245048204057
2012-03-28,12.142289858153621,12.148507250547988,11.837644745907719,11.918468475341797,5081100,-0.019117121539119097
2012-03-29,11.87494804136747,12.030379295349121,11.800340517683878,12.030379295349121,3193200,0.009345888842295829
2012-03-30,12.092548367699811,12.272847951012324,12.05524402424536,12.26041316986084,4899800,0.018940571968881395
2012-04-02,12.26663448589062,12.397197358070711,12.192028146798892,12.353676795959473,4373400,0.00757810445592375
2012-04-03,12.397195480558,12.409629077959343,12.185808908734579,12.322587966918945,3421000,-0.0025197367420100236
2012-04-04,12.241765451127721,12.291503403161988,12.173375322388237,12.204461097717285,3599600,-0.009632449647468564
2012-04-05,12.204458246812196,12.241762591508511,12.073896597913215,12.154720306396484,3328200,-0.004083951724792684
2012-04-09,12.042813494159132,12.129854612681818,12.011726533367957,12.073899269104004,2108400,-0.006671559377711363
2012-04-10,12.024162015761975,12.05524779251157,11.812775413494883,11.850078582763672,3336700,-0.01871153852932824
2012-04-11,11.955771490977458,11.974423667922045,11.8438608010026,11.856295585632324,3027400,0.0005245005387171359
2012-04-12,11.850078880368656,11.974424362182615,11.756820361931386,11.974424362182617,2875700,0.009914072622988579
2012-04-13,11.943336859072918,12.024161774353342,11.893598905764328,11.918468475341797,3540400,-0.004683902407495883
2012-04-16,11.943337200621377,12.030379510785352,11.874948254020287,12.011727333068848,4044100,0.007794280548515238
2012-04-17,12.067682631681349,12.117420586211633,11.918468768090499,12.11120319366455,3327000,0.0082474576919076
2012-04-18,12.061465287799813,12.080117465516318,11.96820677091005,12.011727333068848,2664500,-0.008247457691907555
2012-04-19,12.005505740446127,12.086330629761857,11.937116817770471,12.017940521240234,2967900,0.0005171264411574633
2012-04-20,12.042815152493452,12.204462627481732,12.042815152493452,12.142291069030762,2170900,0.010293911743947436
2012-04-23,12.061468541918838,12.092555513166777,11.899819848969662,11.986862182617188,4393300,-0.012883256582204553
2012-04-24,12.017945580435892,12.142291069030762,11.986859801210407,12.142291069030762,3386100,0.01288325658220448
2012-04-25,12.210675231100906,12.310151108620774,12.148503697035487,12.26041316986084,3217300,0.009681142077557138
2012-04-26,12.229330198617891,12.384761441007115,12.185809640484312,12.341240882873535,3608500,0.006570940609589205
2012-04-27,12.397193920034734,12.509104583483222,12.247980097385433,12.465582847595215,8510200,0.010024903423454409
2012-04-30,12.440716337589143,12.583712790862917,12.378543605690822,12.56506061553955,3219700,0.007948520527031318
2012-05-01,12.59615034030809,12.720494645562354,12.484239635486711,12.695626258850098,4936900,0.010337549940626606
2012-05-02,12.645883624450235,12.658318406132523,12.397193920034734,12.465582847595215,5934800,-0.018286070467657917
2012-05-03,12.490451877779286,12.627230912907606,12.198241635795421,12.26041316986084,10032800,-0.016595844033043445
2012-05-04,12.353673369992778,12.527755570160604,12.291500647427391,12.465582847595215,6155600,0.016595844033043407
2012-05-07,12.453150233465507,12.46558383028191,12.335022169863606,12.366107940673828,3074800,-0.008011974689220758
2012-05-08,12.285284225059565,12.3723253320051,12.24798106291807,12.366107940673828,5511200,0.0
2012-05-09,12.247985245264799,12.335026381932465,12.136074534779773,12.291505813598633,5452000,-0.006051060370262455
2012-05-10,12.384758529059996,12.627230830705454,12.335020590623852,12.589927673339844,7080600,0.023988663714339872
2012-05-11,12.527757238643288,12.627233133657974,12.459368301974571,12.583712577819824,5833600,-0.0004937780618369146
2012-05-14,12.541640463274803,12.686086912243763,12.497678969273288,12.610723495483398,4101800,0.0021441978644597495
2012-05-15,12.57304021455524,12.723765824183413,12.428594988394158,12.453715324401855,6787900,-0.012528525048805866
2012-05-16,12.491399065115878,12.692366587057831,12.472559108596894,12.573042869567871,7790500,0.009536069235180848
2012-05-17,12.57304021455524,12.648402420438995,12.37207273505101,12.453715324401855,5421300,-0.009536069235180822
2012-05-18,12.453712315855256,12.522795319443631,12.28414559678945,12.32182788848877,3954100,-0.010646683350971861
2012-05-21,12.31554730063281,12.472553253173828,12.284145391408392,12.472553253173828,3351600,0.012158175718935873
2012-05-22,12.485114735797493,12.648401095252156,12.416032920618607,12.547917366027832,3413700,0.006024214485953888
2012-05-23,12.49767601090508,12.560478643695676,12.372071943184476,12.478836059570312,4167600,-0.005520610742649777
2012-05-24,12.478837165367807,12.648402731709504,12.44743524725957,12.579320907592773,2470100,0.00802017377247962
2012-05-25,12.598159551451115,12.67352294921875,12.54163730259053,12.67352294921875,2786700,0.00746074217392515
2012-05-29,12.71748300372357,12.71748300372357,12.585598569769076,12.711202621459961,2995600,0.002968690743515606
2012-05-30,12.660965860952246,12.755169237129921,12.56048209998127,12.573042869567871,2797900,-0.010928633566007744
2012-05-31,12.598157623994345,12.805405438821726,12.535355001773238,12.70492172241211,4120300,0.010434388330917563
2012-06-01,12.566760863936002,12.604441969974847,12.447435963975437,12.54163932800293,5407600,-0.012935201017659362
2012-06-04,12.579320637447198,12.579320637447198,12.340670856392473,12.422314643859863,6432900,-0.009559831189945737
2012-06-05,12.428593721629314,12.629561180650253,12.35323032556619,12.51651668548584,2872300,0.007554683570867694
2012-06-06,12.566761085180307,12.654684066772461,12.466277335400477,12.654684066772461,3578000,0.010978321641913192
2012-06-07,12.717487367100412,12.780290013423695,12.698646213845175,12.761448860168457,2840900,0.008401389911432232
2012-06-08,12.761446554746737,12.830529573008226,12.704924303052906,12.811688423156738,2155300,0.003929093803699288
2012-06-11,12.874488393461807,12.874488393461807,12.635839867373278,12.66096019744873,4677700,-0.011834653489414568
2012-06-12,12.673522006747078,12.755164583551778,12.604438997085845,12.748884201049805,1785700,0.006920495311642738
2012-06-13,12.72376386890239,12.7740057310577,12.57931866493843,12.748884201049805,2994500,0.0
2012-06-14,12.767724601964218,12.849367173994876,12.736323889150983,12.81796646118164,1917800,0.005404062406197703
2012-06-15,12.861924996805163,13.018930920685676,12.799122387680931,12.949849128723145,3853200,0.010236321248094654
2012-06-18,12.893331063636998,13.031495890036512,12.893331063636998,13.00637435913086,1925700,0.004355434818183253
2012-06-19,13.037778187279743,13.188503801265204,12.924733677325472,12.931014060974121,5033600,-0.005810955906193958
2012-06-20,12.949852784463186,13.050336508284433,12.774005668845769,12.924731254577637,4089300,-0.00048598920228103517
2012-06-21,12.817968163924435,12.949853810552657,12.648401417342681,12.67352294921875,4365500,-0.019627617414961256
2012-06-22,12.748884359572315,12.83680851783274,12.68608292949265,12.774005889892578,3175300,0.007897306142947081
2012-06-25,12.679804915407644,12.75516712472455,12.610721891983212,12.736327171325684,1768000,-0.002953998748312749
2012-06-26,12.774009748572986,12.799130088620924,12.704926717184659,12.742609024047852,1578700,0.0004931016586630455
2012-06-27,12.742606363106818,12.912171917138675,12.742606363106818,12.887051582336426,2941100,0.011271634828590244
2012-06-28,12.84308505256999,12.962408692259881,12.761441301350446,12.949849128723145,1682000,0.004861083823365584
2012-06-29,13.100582346109158,13.1885053316715,12.905894023991348,12.981257438659668,3668000,0.002422443887165621
2012-07-02,13.037776947021484,13.081738430519353,12.937293213923333,13.037776947021484,3287700,0.004344480769130749
2012-07-03,13.006370050860102,13.025211192798343,12.918447117535235,12.96868896484375,1580000,-0.0053131513477331785
2012-07-05,12.931017629546817,12.949858785692356,12.805412317631955,12.849373817443848,2536900,-0.009242831100731687
2012-07-06,12.780285540265556,12.931011119970286,12.74260444480448,12.918450355529785,2313700,0.005361469644569631
2012-07-09,12.8807754039837,12.924736902633926,12.811692364469913,12.912176132202148,2559600,-0.0004857972340709403
2012-07-10,12.937294692933182,13.0252176699804,12.799128645732445,12.855650901794434,1984500,-0.004387278834229551
2012-07-11,12.849369283342138,12.931013066635817,12.81168818220846,12.887051582336426,2069400,0.0024395803925337718
2012-07-12,12.824253160946995,13.012659926362328,12.799131620032416,12.956137657165527,1996800,0.005346572264155141
2012-07-13,12.968687563165076,13.182215690612793,12.968687563165076,13.182215690612793,2250300,0.017298998780294776
2012-07-16,13.175939361793576,13.188500125590151,12.962411168693288,13.000093460083008,3023500,-0.0139120783342681
2012-07-17,13.0189390487377,13.088022081690648,12.912174905928998,13.06290054321289,1913000,0.0048196461773078745
2012-07-18,13.031491644902863,13.157096862792969,13.018930883541826,13.157096862792969,1730900,0.0071851055793313605
2012-07-19,13.10685917219377,13.150820653040135,12.912170902930566,13.138259887695312,3298300,-0.001432722780573732
2012-07-20,13.131977828346352,13.30154454526982,13.075455589371861,13.282703399658203,4757900,0.010934116933335954
2012-07-23,13.188502671243212,13.213624203685333,13.050337836393336,13.169661521911621,3461400,-0.008546877847410721
2012-07-24,13.14453632862958,13.157097090207724,12.861925182422098,12.90588665008545,5142700,-0.020232277989850472
2012-07-25,12.974972597651613,13.069175935234515,12.786565922485806,12.918450355529785,3036000,0.0009730128934448376
2012-07-26,13.01893631448913,13.157102351377274,13.01893631448913,13.119420051574707,2827900,0.015437029514436549
2012-07-27,13.201062883174627,13.332947329376374,13.157101401107377,13.30782699584961,4745300,0.014258778907558332
2012-07-30,13.251304748088705,13.332947329376374,13.182221734634144,13.30782699584961,3132900,0.0
2012-07-31,13.295265949618944,13.35806857890151,13.207342987339667,13.22618293762207,2456800,-0.006153937237043515
2012-08-01,13.238746420638638,13.464835453322163,13.106861950147094,13.125701904296875,3490300,-0.007626135352998546
2012-08-02,13.03777318646976,13.30154320923702,12.85564572409845,13.081734657287598,4782800,-0.003355329175779111
2012-08-03,13.270144104683377,13.43343045780917,13.207342674747721,13.288985252380371,2963500,0.01571855929271844
2012-08-06,13.345507813472892,13.43971115846648,13.144540358057101,13.22618293762207,3876800,-0.004737094763940789
2012-08-07,13.288989078336352,13.376912063848064,13.207346477198453,13.213626861572266,3252800,-0.0009497857275873817
2012-08-08,13.232463041510488,13.276424521723799,13.144540081083866,13.257584571838379,3546200,0.0033211740824077144
2012-08-09,13.226180105043232,13.251301630520327,13.169657870580034,13.194779396057129,2523800,-0.00474855811545351
2012-08-10,13.182219635932654,13.270142586069204,13.144538542711325,13.238741874694824,2405700,0.003326270361112213
2012-08-13,13.232465076562038,13.263866994301273,13.037777978021493,13.050338745117188,3067000,-0.014333430511807237
2012-08-14,13.058582982630883,13.12200519098638,12.925396224116536,13.03321361541748,10993800,-0.0013130981488742378
2012-08-15,13.039557334964629,13.096637207547765,12.988819804854966,13.00784683227539,3340600,-0.0019482149136308138
2012-08-16,12.988818450937405,13.039555975758331,12.912712768545019,12.950765609741211,2699600,-0.004397871008213026
2012-08-17,12.906368659050104,12.969790858809331,12.823919436459754,12.836604118347168,2771000,-0.00885412032391034
2012-08-20,12.823917957817098,12.957104682922365,12.773180445795496,12.957104682922363,2803800,0.009343475352790972
2012-08-21,12.944420002497537,13.09663253856234,12.874655469838698,12.957104682922363,3424700,0.0
2012-08-22,13.102971136045985,13.121998151248354,12.900021145930157,12.925389289855957,2839200,-0.0024507227915073803
2012-08-23,12.919053340937518,12.938079154090795,12.798551282362771,12.836604118347168,2845800,-0.006892752561283687
2012-08-24,12.8302616411194,12.912710862833967,12.79855114641554,12.887341499328613,2174800,0.00394476395883459
2012-08-27,12.868317168277379,13.007845054591192,12.868317168277379,12.976133346557617,1875000,0.006866223243315095
2012-08-28,12.944423120083982,13.083951009328409,12.938080778344053,13.064925193786621,3796900,0.006819399540977565
2012-08-29,13.045899936453338,13.09663746757035,13.001504747935721,13.052242279052734,1900800,-0.0009712321019537179
2012-08-30,13.001506940164838,13.052244479836883,12.931742369486388,13.014191627502441,1574200,-0.0029195154744972485
2012-08-31,13.045892816537817,13.096630319964373,12.89368030625815,12.931733131408691,2560400,-0.006356202330734158
2012-09-04,12.944424994300954,13.10932227438049,12.874660434738566,13.083952903747559,2989300,0.01170228678614128
2012-09-05,13.083947729430056,13.160054601552641,13.00149972683514,13.090290069580078,3494400,0.00048422916856116473
2012-09-06,13.141027746296619,13.312267303466797,13.122001935285072,13.312267303466797,3582000,0.016815224457011252
2012-09-07,13.305921558095744,13.31860623530909,13.229815914170464,13.286895751953125,2807100,-0.001907696054599546
2012-09-10,13.324955129729425,13.337639813183573,13.261532922136672,13.27421760559082,1670600,-0.0009546397513146279
2012-09-11,13.255189895629883,13.305927417147323,13.223479398310708,13.255189895629883,1343900,-0.0014344619813170928
2012-09-12,13.261529090910914,13.280556110595274,13.122001242258532,13.12834358215332,2051200,-0.009615640826769007
2012-09-13,13.115662011421627,13.382034301757812,13.096634987226924,13.382034301757812,2503700,0.01913955848213447
2012-09-14,13.388370079980959,13.477160396674064,13.261525733553091,13.331290245056152,3447500,-0.0037991615493451706
2012-09-17,13.331298711533197,13.343983396167275,13.153716755690423,13.19176959991455,2738000,-0.010520802115952728
2012-09-18,13.20445101384176,13.255188530132422,13.115660662752559,13.198108673095703,2824700,0.000480417017274215
2012-09-19,13.19811113293394,13.217138158718337,13.064925581477272,13.141031265258789,2474600,-0.0043340441119451715
2012-09-20,13.134689732939243,13.318614031157868,13.096636888702948,13.236166000366211,3761800,0.007213438688477809
2012-09-21,13.255192862204597,13.41374780364168,13.191770643694122,13.394721984863281,3542900,0.01190781607673424
2012-09-24,13.324954838242187,13.51522024718034,13.318612496653852,13.50253677368164,2938300,0.008016829314809381
2012-09-25,13.502537706046692,13.597670417084785,13.483510679967852,13.584985733032227,3994500,0.006087615724430924
2012-09-26,13.58498927297925,13.673779665127872,13.496198880830628,13.604016304016113,3886300,0.0013998729387504814
2012-09-27,13.629379823683493,13.661091531269802,13.477167256303073,13.508877754211426,3265700,-0.007017984880644163
2012-09-28,13.496194280854859,13.540589461797737,13.388376894417314,13.508877754211426,2536500,0.0
2012-10-01,13.527904653349092,13.559615150963467,13.407402584994173,13.413744926452637,2864700,-0.007067158711503888
2012-10-02,13.4581390233652,13.483508387156371,13.388375692295174,13.445455551147461,1963000,0.0023612496920612474
2012-10-03,13.470822223428826,13.661088801899156,13.458137542928595,13.648404121398926,3202100,0.01498142889637761
2012-10-04,13.680117889153838,13.768908254563984,13.604012207281711,13.642065048217773,1709400,-0.0004645631598168202
2012-10-05,13.686457352170182,13.749879546842328,13.521560129893704,13.57863998413086,2458700,-0.004660068781539421
2012-10-08,13.57863998413086,13.629377497933026,13.489849637396507,13.57863998413086,1408200,0.0
2012-10-09,13.553271699809132,13.59766687274308,13.49619184612899,13.546929359436035,1777000,-0.00233806256663524
2012-10-10,13.57230011179738,13.591327136562382,13.477167407328304,13.50253677368164,1550700,-0.003282329151480936
2012-10-11,13.55327374868922,13.565957221675069,13.413744658743607,13.432771682739258,1907300,-0.0051802077607368225
2012-10-12,13.489850714195505,13.489850714195505,13.337638160638958,13.4010591506958,1106000,-0.002363624262550433
2012-10-15,13.426428788013789,13.591326026812494,13.39471829233929,13.572299003601074,2148400,0.012697132665994315
2012-10-16,13.635725310666963,13.635725310666963,13.477170365194091,13.597672462463379,3214800,0.001867758033556643
2012-10-17,13.642066508792,13.794279098510742,13.604013663781847,13.794279098510742,2954500,0.014355312501735688
2012-10-18,13.787927484106437,13.794269822289458,13.661084349477983,13.756217002868652,1908500,-0.0027630805425652716
2012-10-19,13.756221887277317,13.775247698904536,13.565955303260882,13.57863998413086,1871500,-0.012992898917318087
2012-10-22,13.508876122793982,13.546930167301907,13.41374343087979,13.470823287963867,2771500,-0.007971860000773299
2012-10-23,13.369345121869141,13.401055608515817,13.236159626340074,13.343976974487305,2870600,-0.009460988588738
2012-10-24,13.375694956406678,13.565960402259897,13.337642109171675,13.394721984863281,2385800,0.0037956275565857404
2012-10-25,13.451797749880278,13.559615135192871,13.39471909617638,13.559615135192871,1574100,0.012235152110592588
2012-10-26,13.572304024511089,13.635726249000243,13.394723247555442,13.61669921875,2338300,0.004201023491864989
2012-10-31,13.661087996448414,13.768904145310456,13.610349277439017,13.743535995483398,1985600,0.00927168091619417
2012-11-01,13.73719773256824,13.787935256958008,13.67377552466153,13.787935256958008,2905100,0.0032253488785612882
2012-11-02,13.82598977891072,13.832332121440347,13.6547513693234,13.661093711853027,1761200,-0.009242035344686641
2012-11-05,13.629374079392628,13.629374079392628,13.48984625385269,13.553268432617188,1834200,-0.007924186713118205
2012-11-06,13.565958424560876,13.71817100098894,13.515220899084854,13.623038291931152,2381500,0.005134620631667232
2012-11-07,13.591329429302634,13.642066960890324,13.052242400134569,13.083952903747559,5334200,-0.04037584147002519
2012-11-08,13.033208138261802,13.22981702250752,12.912707323672171,12.931733131408691,4726200,-0.01170228678614128
2012-11-09,12.906371134356133,12.950766319798769,12.760500893708025,12.779526710510254,3547600,-0.011839808696139615
2012-11-12,12.779525349555364,12.842947554724159,12.69073498812582,12.785867691040039,2040300,0.0004960596781898107
2012-11-13,12.703419675319594,12.95710728640119,12.639997470129709,12.65902328491211,4869200,-0.009970210286568198
2012-11-14,12.789089108979194,12.846755442850103,12.443092327860585,12.487943649291992,3986100,-0.013606593234436578
2012-11-15,12.487945723528394,12.558427081545696,12.141948884940026,12.257280349731445,6430300,-0.018643596094669836
2012-11-16,12.289320017282865,12.552021750948889,12.282912508887685,12.545614242553711,4976700,0.023251067036987354
2012-11-19,12.628908076284963,12.628908076284963,12.359800084697238,12.417465209960938,4183800,-0.01026717545559763
2012-11-20,12.443097380014981,12.481541210835626,12.289320834625054,12.404653549194336,3296500,-0.0010322778670575
2012-11-21,12.430280981792288,12.462318522340672,12.270096945372009,12.366207122802734,2236000,-0.003104168060425013
2012-11-23,12.379021905047859,12.391836921024996,12.257281697479423,12.340578079223633,1238700,-0.002074657027391302
2012-11-26,12.289322372960997,12.545616647359598,12.289322372960997,12.532801628112793,3182600,0.015456474192710689
2012-11-27,12.532797288031517,12.680167514120777,12.481538450902624,12.571242332458496,4584100,0.003062513310656074
2012-11-28,12.513576423018524,12.648130416870117,12.39183622231438,12.648130416870117,3277600,0.006097560268621695
2012-11-29,12.79549892726697,12.79549892726697,12.590463579613708,12.660944938659668,2223200,0.0010126425169301593
2012-11-30,12.660946156794582,12.737833808508535,12.55842847310452,12.6417236328125,7578400,-0.001519310857687706
2012-12-03,12.641722416527024,12.744240090353655,12.532797235322844,12.660944938659668,2958400,0.0015193108576875753
2012-12-04,12.654536067303468,12.660943573990378,12.507167079825345,12.57764720916748,2693500,-0.006600846152778219
2012-12-05,12.609683678118223,12.910829134339291,12.584053653534216,12.763460159301758,4100200,0.014665206032734163
2012-12-06,12.776280209578422,12.814724039506892,12.686576310268896,12.725021362304688,2817300,-0.0030161723133831143
2012-12-07,12.737827053724432,12.769864576705286,12.609680628120637,12.712198257446289,3207600,-0.001008216002873584
2012-12-10,12.71220133224058,12.859570307278112,12.641719986741396,12.763460159301758,2808900,0.004024388316256665
2012-12-11,12.77627902521754,12.891611726418933,12.705797658459533,12.737833976745605,3214200,-0.0020097953496302436
2012-12-12,12.7506461209457,12.840349991734763,12.705794796604632,12.718609809875488,2773900,-0.0015103579027565713
2012-12-13,12.705799102783203,12.789094273059842,12.680170289662446,12.705799102783203,2936400,-0.0010077487520329088
2012-12-14,12.7250212405184,12.757057561467633,12.584058495284241,12.603281021118164,1909900,-0.008101332949648788
2012-12-17,12.628901919802608,12.8019008775796,12.584050609735954,12.712198257446289,2155000,0.008604846637811638
2012-12-18,12.731429101624993,12.808316762874863,12.686576540104003,12.750650405883789,2128300,0.003020257330654931
2012-12-19,12.744242046679807,12.769872080124381,12.609688037417568,12.635316848754883,2690800,-0.0090864649357466
2012-12-20,12.65453986790132,12.699391206073168,12.571244700168931,12.603281021118164,2681000,-0.002538639032720169
2012-12-21,12.475131758616618,12.577649439572854,12.404651616776178,12.468724250793457,4393900,-0.010733729572335685
2012-12-24,12.430284272195937,12.462321821224936,12.33417406932401,12.423876762390137,1038400,-0.0036032825097877842
2012-12-26,12.443094394647222,12.47513070896033,12.250874064554468,12.257280349731445,2172000,-0.013500091759198517
2012-12-27,12.225244785604904,12.270096117238321,12.065060759995768,12.206022262573242,4020400,-0.004190616695023363
2012-12-28,12.141951068536352,12.295727604686984,12.097098509481887,12.17398738861084,3110200,-0.002627963881665889
2012-12-31,12.116315278215954,12.353388089296375,12.039427657724303,12.334165573120117,2557300,0.013071606458089743
2013-01-02,12.50716848052061,12.571242332458494,12.423872106369236,12.571242332458496,3043300,0.01903875024848202
2013-01-03,12.571243977824228,12.654539140770469,12.55202145309483,12.609687805175781,1990900,0.003053541102702727
2013-01-04,12.603273607238547,12.718606250183011,12.577643587870181,12.699383735656738,2161000,0.007088075583411953
2013-01-07,12.648127592180552,12.68016512316207,12.513573628378717,12.558424949645996,1981800,-0.011161716457440492
2013-01-08,12.519985501217226,12.558429329696398,12.391837776810288,12.475132942199707,4052600,-0.006654452808147804
2013-01-09,12.500763327551851,12.603281021118164,12.43668946354608,12.603281021118164,2498200,0.01021988029091313
2013-01-10,12.622503703096287,12.692983854477921,12.577651142262292,12.680170059204102,2605600,0.006082181967232771
2013-01-11,12.80831832525635,12.987724926902619,12.75065196123103,12.84035587310791,3661500,0.012553653323569556
2013-01-14,12.827537867739581,12.859574186025656,12.686575134223565,12.737833976745605,3053400,-0.00801639568636409
2013-01-15,12.725016309258628,12.85316276550293,12.686571272489186,12.85316276550293,2935800,0.009013292501921424
2013-01-16,12.79549646792493,12.853162801132111,12.673757517471405,12.763460159301758,3760400,-0.007003497152291121
2013-01-17,12.763461835906147,12.865979503495193,12.757054328918457,12.757054328918457,2692100,-0.000502014214548097
2013-01-18,12.80190940850572,12.833946952835728,12.757058068551064,12.827539443969727,2759000,0.005509979482455018
2013-01-22,12.821130652185266,12.94927715036053,12.814723143960418,12.936463356018066,2301800,0.00845556196113126
2013-01-23,12.891611333396185,12.930055158588889,12.827537476670233,12.917240142822266,1994000,-0.0014870764445159463
2013-01-24,12.936461914533206,13.045387098003838,12.853165538998967,12.968498229980469,2212200,0.003960339350998745
2013-01-25,12.974909018625498,13.032575378699093,12.878798825871975,13.026167869567871,2073700,0.004437043659655608
2013-01-28,13.000532175978016,13.071012294912416,12.833940693039578,12.974902153015137,1879100,-0.003943359480234713
2013-01-29,12.968499024584212,13.15431308746338,12.930055199270553,13.154313087463379,3155400,0.013732808458342318
2013-01-30,13.141499519348146,13.205573383334187,13.090240672580775,13.141499519348145,2146000,-0.0009745710711443717
2013-01-31,13.128683581265538,13.15431361390515,13.058202213613823,13.096647262573242,2409700,-0.003418861921620245
2013-02-01,13.154313091701113,13.211979440743765,13.128683060078968,13.173534393310547,2774500,0.0058535834495197555
2013-02-04,13.141498071656436,13.192756912777039,13.122275547946021,13.154313087463379,1791500,-0.0014601504567551408
2013-02-05,13.179944684209879,13.288869897389606,13.179944684209879,13.2440185546875,3362000,0.006796324383780554
2013-02-06,13.192754899298293,13.33371638533961,13.103052246554453,13.314495086669922,4258100,0.005307277234051354
2013-02-07,13.352942200737806,13.372164726257324,13.224794474822248,13.372164726257324,3014000,0.0043219893206629615
2013-02-08,13.359343283675141,13.397787094116211,13.295269451535559,13.397787094116211,2246000,0.0019142638623365071
2013-02-11,13.397787326312468,13.436231137419805,13.327305987526747,13.404194831848145,3130100,0.00047815403142341715
2013-02-12,13.378569282380433,13.493901976366775,13.346532966098506,13.487494468688965,3336800,0.0061952153570214155
2013-02-13,13.504966805118652,13.59556033812823,13.369075271359964,13.446727752685547,3448400,-0.0030271337927611007
2013-02-14,13.433784309068242,13.498494498888949,13.194356977004892,13.22024154663086,6194000,-0.0169866811249211
2013-02-15,13.220240562658294,13.310834081117948,13.149059235729068,13.207298278808594,6050500,-0.0009795288507864124
2013-02-19,13.265540613366488,13.459669982303348,13.220243842897515,13.272011756896973,5022600,0.004887862020669006
2013-02-20,13.25259583368823,13.479080877679033,13.25259583368823,13.39495849609375,3801500,0.009220965799294613
2013-02-21,13.3561368355918,13.453202773790956,13.291427855785262,13.375550270080566,2942700,-0.001449970905151675
2013-02-22,13.401431420758222,13.53732297143889,13.38201922369275,13.524380683898926,3329500,0.011065599590508358
2013-02-25,13.550269150679275,13.699101797400864,13.278487205505371,13.278487205505371,3592100,-0.018348810903185693
2013-02-26,13.349660499900233,13.524377639628353,13.26553811831495,13.39495849609375,4635700,0.0087331822178288
2013-02-27,13.427318920018394,13.932057135797795,13.427318920018394,13.737926483154297,9133900,0.025281959898222316
2013-02-28,13.77028205549386,13.925585835329972,13.692629548453441,13.86734676361084,4961900,0.009376558421709126
2013-03-01,13.899693091075699,13.951460987282454,13.763802826374468,13.932048797607422,3290200,0.004654932204298166
2013-03-04,13.899696674092358,14.022645922118341,13.867342193464408,14.009703636169434,2023500,0.005558351336520585
2013-03-05,14.048528690424115,14.203833647028292,14.029116496531795,14.145594596862793,3465500,0.009653033313460938
2013-03-06,14.165008694599491,14.171479838181439,13.983821611282666,14.048530578613281,2227000,-0.0068854345451368456
2013-03-07,14.04205836599069,14.09382627191048,13.977348175029894,13.996760368347168,2092500,-0.003691904581558977
2013-03-08,14.055000725256134,14.152066637855922,13.996761671394,14.119710922241211,2884400,0.008745858349722264
2013-03-11,14.106768202006673,14.184420682848689,14.080884864555541,14.139123916625977,1452900,0.0013739418167316218
2013-03-12,14.158537632378728,14.197364494093538,14.067944090199724,14.087357521057129,1797700,-0.0036679352841620027
2013-03-13,14.119713370571743,14.158539001797338,14.067945450856097,14.152069091796875,1769300,0.004583073509014172
2013-03-14,14.14559838630359,14.171481729841952,14.067945887199302,14.13265609741211,2409600,-0.0013726841822338223
2013-03-15,15.42685067259809,15.536857626227755,14.773280093297627,15.148597717285156,24499700,0.06941981297049354
2013-03-18,14.909173864533013,15.219781344816349,14.857404716908047,14.95447063446045,7814300,-0.012897673528511934
2013-03-19,15.019182015232918,15.058008882194088,14.779755840195422,14.86387825012207,3221900,-0.006076303112720998
2013-03-20,14.909173402919533,15.025650278736151,14.876817686655716,14.960941314697266,2810000,0.006508901557209969
2013-03-21,14.88329130087114,15.187427678778285,14.850936813480121,15.168015480041504,5159800,0.013746073412251104
2013-03-22,15.142128508869506,15.303903388738291,15.11624516989758,15.161541938781738,3480000,-0.00042688004105540797
2013-03-25,15.206836765338757,15.30390143401335,15.01270742798957,15.148597717285156,3283400,-0.0008541182871726683
2013-03-26,15.239193794054078,15.375085340337952,15.20036816693487,15.368614196777344,2971200,0.014419422865121769
2013-03-27,15.271546271767495,15.400965412788098,15.24566170301687,15.316843032836914,2384900,-0.003374315896632416
2013-03-28,15.342730264420744,15.562744217708246,15.297433491845874,15.504505157470703,3165200,0.012177562289053685
2013-04-01,15.459202822546818,15.523913003332439,15.33625483672258,15.40096378326416,2002900,-0.00670054622364662
2013-04-02,15.439796187646307,15.582157649202257,15.426853899983634,15.504505157470703,2891200,0.006700546223646699
2013-04-03,15.517450623512348,15.556277494453123,15.310378915473827,15.35567569732666,2647100,-0.009645479053297285
2013-04-04,15.38802796623682,15.543331712377196,15.3686145351276,15.49156379699707,3438100,0.008810446633888063
2013-04-05,15.297431401349458,15.485090844079844,15.219780154473952,15.44626522064209,3275800,-0.002928363764628967
2013-04-08,15.433324993679465,15.582157598583265,15.41391156224852,15.57568645477295,2957800,0.008343897015227135
2013-04-09,15.627454112028227,15.659809830543592,15.478621509590925,15.49156379699707,4057700,-0.0054155332505980884
2013-04-10,15.530385448243937,15.627450110446633,15.504500880059673,15.59509563446045,2946400,0.00666087782619349
2013-04-11,15.646866670792202,15.698634583286157,15.601569901640538,15.679221153259277,1973800,0.0053798599197377615
2013-04-12,15.646866013202539,15.685691637380188,15.543330192565918,15.543330192565918,2731800,-0.00870472225348203
2013-04-15,15.530390813378311,15.556275390504668,15.213312149047852,15.213312149047852,3865900,-0.02146077624357869
2013-04-16,15.31684764158009,15.439796911651872,15.232725236317002,15.43332576751709,3585500,0.01435833835500563
2013-04-17,15.362137440270478,15.426847617988608,15.15506585896765,15.252130508422852,3483200,-0.011809983432412867
2013-04-18,15.258607684937036,15.452737060632465,15.245665397425483,15.362143516540527,2736900,0.007187071075307539
2013-04-19,15.426847154975171,15.633918730063062,15.368608120201209,15.620976448059082,1787500,0.01670838529636401
2013-04-22,15.60156924595456,15.65333715627287,15.439794371929297,15.543330192565918,1734800,-0.00498303505068544
2013-04-23,15.601573369334773,15.65981243811557,15.472152942211967,15.653341293334961,1756700,0.007052775282736417
2013-04-24,15.711580362115757,15.750405996554735,15.60804451411538,15.653341293334961,1915700,0.0
2013-04-25,15.750400514121177,15.815110705158116,15.672748038028002,15.737458229064941,1679500,0.005359349767957491
2013-04-26,15.724514620310456,15.808638231850177,15.692160144637722,15.698631286621094,1515300,-0.002470215779724244
2013-04-29,15.763344593125808,15.98335852714356,15.69863439472452,15.866880416870117,2232400,0.010660414772173991
2013-04-30,15.892760737822746,15.97688435004358,15.769812741875592,15.970413208007812,2899100,0.006503891776458803
2013-05-01,15.970421221570215,16.00277571373959,15.705110436198071,15.750407218933105,3023000,-0.013871615798700797
2013-05-02,15.595093118295068,15.78922241137898,15.485086189749133,15.620976448059082,3701600,-0.008251564970216254
2013-05-03,15.640400217614554,15.912182148269522,15.504508635164687,15.750407218933105,5153200,0.00825156497021624
2013-05-06,15.724521884281504,15.737464174226965,15.608044977506466,15.646870613098145,3518800,-0.006595283940827414
2013-05-07,15.692168471619896,15.802175475223724,15.653342833361128,15.776290893554688,3903800,0.008237300516423024
2013-05-08,15.74392798562402,15.834521504554068,15.608037707228949,15.672746658325195,1998500,-0.006584914352797785
2013-05-09,15.510972481614555,15.724515238484296,15.498031431383192,15.588624954223633,3433800,-0.005381843649569106
2013-05-10,15.595103477666036,15.679225898084075,15.549806694806726,15.66628360748291,2137500,0.004969383475843629
2013-05-13,15.595099422245358,15.653338480561082,15.530389220311836,15.582157135009766,3067400,-0.005384375906137828
2013-05-14,15.55408726132187,15.86086067114487,15.508397736980802,15.749899864196777,3969800,0.010707521171961583
2013-05-15,15.730320235830808,16.010985895368343,15.704211223340694,15.932660102844238,2756100,0.0115370895543975
2013-05-16,15.880443061314072,15.932659840488231,15.7107382177615,15.73031997680664,2381500,-0.012781038295154085
2013-05-17,15.769484619558575,15.906554463578983,15.71726783253804,15.86086368560791,2542500,0.008264612889996808
2013-05-20,15.80212502926892,15.919613151336572,15.762962736895313,15.841288566589355,2061800,-0.0012349395934146904
2013-05-21,15.854338386422754,16.004461500210127,15.789067088488016,15.90655517578125,1703500,0.0041115674920013615
2013-05-22,15.8869696584237,15.978348706969273,15.456180936785765,15.495343208312988,2620300,-0.02619175885922615
2013-05-23,15.384384717662254,15.625888125822012,15.306060162815985,15.573671340942383,3264600,0.005042213260790213
2013-05-24,15.436604117835289,15.527984440566202,15.299535501158765,15.377860069274902,2005600,-0.012652936713334522
2013-05-28,15.42354247640761,15.580194030098214,15.214675398081454,15.293001174926758,2122200,-0.005533532964979729
2013-05-29,15.182048025829195,15.23426482169405,14.888327770997755,15.0384521484375,2358000,-0.016784886630618508
2013-05-30,15.103719776481547,15.403967238047185,15.05150298902836,15.14288330078125,2396200,0.006920274902231142
2013-05-31,15.110252405993812,15.4822973045708,15.071090112708564,15.129834175109863,4218900,-0.0008621047310986076
2013-06-03,15.136356046731299,15.28647915504091,14.992758947525223,15.14288330078125,3309900,0.0008621047310987126
2013-06-04,15.110249506794128,15.33217120107523,14.999288659653576,15.084141731262207,4100500,-0.0038866969809051594
2013-06-05,15.031916749216407,15.162458045679463,14.823048433972826,14.9144287109375,5134900,-0.01131486123906962
2013-06-06,14.907907708450331,15.116774866300643,14.783892366621785,15.110247611999512,3955200,0.013044049198159274
2013-06-07,15.149412905345233,15.279955527433522,15.025398783802741,15.266901016235352,1981000,0.010313989299113473
2013-06-10,15.279946566586998,15.371325601492007,15.136350762458274,15.227729797363281,2435500,-0.0025690581831189756
2013-06-11,15.136354391994791,15.182043920403158,15.018866321832547,15.090664863586426,3635000,-0.009041762870557768
2013-06-12,15.168991917292688,15.279952752432056,14.953597501427618,15.05803108215332,3651800,-0.002164856101037693
2013-06-13,15.031921547097701,15.456183074673612,14.979704762856763,15.417020797729492,2950700,0.023560670102109514
2013-06-14,15.384384261330572,15.541034611322898,15.338694731534433,15.475763320922852,2203000,0.0038029977334599003
2013-06-17,15.567142222082175,15.59977724186699,15.293003823072628,15.364802360534668,2597700,-0.007195810889305586
2013-06-18,15.403966953950649,15.541035551632394,15.3517501674605,15.44965648651123,2153000,0.00550743667961801
2013-06-19,15.44965993501001,15.488822222382387,15.071087837219238,15.071087837219238,2206200,-0.024808573565583025
2013-06-20,14.973179806346753,15.005814834649227,14.627242779586505,14.679459571838379,2897100,-0.026328987046973132
2013-06-21,14.783891454505168,14.96012357492336,14.503225761605023,14.855690002441406,3039800,0.011933748406005423
2013-06-24,14.738202773364707,14.88832588685955,14.594606914145265,14.764311790466309,2138000,-0.0061700537702767564
2013-06-25,14.888326202237435,15.116775126929838,14.803474384752734,15.05803108215332,3109700,0.0196985723509456
2013-06-26,15.142878924554912,15.279947485152404,15.038445379829378,15.208148956298828,2217800,0.009919924151681811
2013-06-27,15.260370030010563,15.423547645256361,15.214680496933164,15.332168579101562,1907200,0.008121742963592414
2013-06-28,15.312586817091361,15.501873448350763,15.214680496933164,15.332168579101562,3130800,0.0
2013-07-01,15.521452447831122,15.521452447831122,15.142880497637494,15.188570022583008,2749400,-0.009409969922368519
2013-07-02,15.175517255444973,15.3909116441115,15.162462748266075,15.306059837341309,3049400,0.007705645003494901
2013-07-03,15.208151886272532,15.312585451118037,15.16246235727091,15.247315406799316,785500,-0.0038453691259787578
2013-07-05,15.286483081995124,15.286483081995124,15.064561367072868,15.23426628112793,1646600,-0.0008561974639077776
2013-07-08,15.306061275384227,15.534508947746561,15.27342500437072,15.456184387207031,1770700,0.014461956018680255
2013-07-09,15.527981809791,15.58019859467063,15.44312875627013,15.573671340942383,1837500,0.0075725466589240745
2013-07-10,15.534503873848555,15.710735944921035,15.48228710222849,15.691155433654785,1583300,0.0075154515671587005
2013-07-11,15.860863378759804,15.893499648107753,15.671577996327226,15.867390632629395,1451500,0.011168894196024038
2013-07-12,15.87392017697523,15.939191480142858,15.74990482545139,15.92613697052002,947600,0.0036954945975516073
2013-07-15,15.880444767291742,16.12847418377733,15.873917513575496,16.08278465270996,2520800,0.009787829444768057
2013-07-16,16.102366960871286,16.128474731676825,15.893499814641409,15.997933387756348,1701400,-0.005289873045288475
2013-07-17,16.06973444066117,16.121951235356835,15.867393271887186,15.965299606323242,1609800,-0.0020419581947972885
2013-07-18,16.010991218664074,16.206803897658304,15.984882197493295,16.148059844970703,1216400,0.011382316576256744
2013-07-19,16.148055944926067,16.20679998342593,15.893499274724233,16.08278465270996,2350000,-0.004050485336170985
2013-07-22,16.141536966017355,16.167645994266884,15.997941045485895,16.043630599975586,1290000,-0.0024375002198197175
2013-07-23,16.06320679143356,16.206802662085437,16.010989998019557,16.17416763305664,1439200,0.008103455515885736
2013-07-24,16.148058062104774,16.17416708039292,15.906555867671976,15.958772659301758,1489700,-0.013406690955244622
2013-07-25,15.893498385947238,16.245961352290053,15.893498385947238,16.12847328186035,2547200,0.010577548793466299
2013-07-26,15.98487722852922,16.200271606445312,15.880443666203007,16.200271606445312,2962700,0.004441771115914831
2013-07-29,16.16110952891766,16.213326310717626,16.089310987087853,16.102365493774414,1279200,-0.006061821650609887
2013-07-30,16.18722250917807,16.245966563235264,16.161114732345254,16.206804275512695,1603400,0.00646498478570198
2013-07-31,16.15458207854588,16.311232422035197,16.043621262955995,16.200271606445312,5029000,-0.0004031631350920096
2013-08-01,16.56578936671589,16.742021473103982,16.128473349908194,16.42219352722168,2936800,0.013605675921101916
2013-08-02,16.435252146950614,16.50052345212643,16.259019996459898,16.389562606811523,2177300,-0.001988978037888594
2013-08-05,16.32429642892311,16.35040421222565,16.037103342913205,16.043630599975586,4146900,-0.021332782353235578
2013-08-06,16.063199692059474,16.265539521493274,15.991401165992702,16.069726943969727,3107700,0.0016252644839677502
2013-08-07,15.991406473244052,16.15458409031797,15.965297456937943,16.010988235473633,2325600,-0.0036619366997871793
2013-08-08,15.919609715708601,16.15458590913344,15.880447431786648,15.92613697052002,9297200,-0.0053136570091288984
2013-08-09,15.926136231912357,15.952245249947174,15.74990409501686,15.828229904174805,9119800,-0.00616654565873549
2013-08-12,15.756429347268163,15.821700639114313,15.678104793009858,15.736848831176758,8489100,-0.005790026950698316
2013-08-13,15.736851957213739,15.776014242122258,15.612836602565737,15.684635162353516,3801400,-0.0033234405410917673
2013-08-14,15.643155117630146,15.735328187813113,15.452223751378115,15.504894256591797,2383600,-0.01152584850848085
2013-08-15,15.439058365479015,15.452225051066964,15.300797492811524,15.333717346191406,2749300,-0.011101580749561423
2013-08-16,15.32055171520762,15.360054289456535,15.188874793358975,15.261297225952148,3565300,-0.00473412132715335
2013-08-19,15.228372477438167,15.281042978111115,15.063777005864733,15.096696853637695,2888800,-0.010844062020483143
2013-08-20,15.096701047397222,15.425892081991094,15.057198474859916,15.346885681152344,3711900,0.016436597750887943
2013-08-21,15.261295948264571,15.313966461441575,15.123035066322384,15.142786979675293,2443800,-0.01338825459911373
2013-08-22,15.142781456393708,15.234954506892613,15.076943024995792,15.149365425109863,1605600,0.00043433331841723324
2013-08-23,15.149373918828099,15.307385489316419,15.076951478109326,15.254714965820312,1646900,0.006929988407535727
2013-08-26,15.241542876870781,15.274462729957738,15.109867231814935,15.136201858520508,2233900,-0.007799284814964659
2013-08-27,15.01769009680843,15.28104259354559,14.965019597460996,15.169118881225586,3174000,0.0021723601563427303
2013-08-28,15.149365986477807,15.353464001187042,15.09011152160034,15.274458885192871,3174600,0.006920370869878809
2013-08-29,15.208622898804322,15.320547877610668,15.14278445437167,15.175703048706055,1995400,-0.006486414289148234
2013-08-30,15.16911926297442,15.23495644699276,15.02427444430097,15.096696853637695,2228100,-0.005219696799835705
2013-09-03,15.202032861017168,15.228367474820654,14.918928541990258,14.984766960144043,2859700,-0.0074418193708149435
2013-09-04,14.978187913182614,15.109864792746878,14.807008472054587,15.096696853637695,3224100,0.00744181937081492
2013-09-05,15.08352395949303,15.162530312430247,14.945264411557122,14.984766960144043,2314100,-0.0074418193708149435
2013-09-06,15.050608595215573,15.162533553270839,14.978186194190505,15.017688751220703,2877900,0.002194607308602979
2013-09-09,15.03085858847603,15.241540593615413,15.03085858847603,15.155951499938965,1969400,0.00916453668005885
2013-09-10,15.208625036318178,15.254711577169159,15.12303466979717,15.215209007263184,2033600,0.0039022270818293158
2013-09-11,15.202037113703403,15.228371734873855,14.938684623180233,15.050609588623047,3413300,-0.010877025574196484
2013-09-12,15.063781240116223,15.136203669810039,14.93210557930327,15.057198524475098,2444500,0.0004376895144599867
2013-09-13,15.070363998413086,15.182288991764826,15.037445399800708,15.070363998413086,1588200,0.0008739820731277576
2013-09-16,15.234960729360788,15.274464557792403,15.03744661025929,15.057198524475098,3118300,-0.0008739820731277133
2013-09-17,15.083528765340395,15.465390205383299,15.057194143146287,15.4653902053833,3329800,0.026748453217455396
2013-09-18,15.458809175668078,16.06452067048498,15.439058519207494,16.005266189575195,7327000,0.03431316760060969
2013-09-19,16.03818375974246,16.215945921397758,15.814333809458473,15.939425468444824,5124000,-0.004122175606981998
2013-09-20,15.939427130449124,16.038185432044287,15.722161127314907,15.748497009277344,5236500,-0.012050696591887145
2013-09-23,15.722161205729394,15.972347062564461,15.643156070975987,15.965763092041016,3785000,0.013701690099028215
2013-09-24,15.932842100061972,15.959176722432995,15.807749190449197,15.820917129516602,2652500,-0.009113689386929214
2013-09-25,15.807753366719908,15.94601299616329,15.768250794845244,15.801169395446777,2046800,-0.0012489837836206575
2013-09-26,15.794578936105635,15.952590414460746,15.774827030399896,15.860417366027832,2766600,0.0037425818348387
2013-09-27,15.787999773858479,15.91309270321618,15.695826697365428,15.755081176757812,2304500,-0.006663603858899969
2013-09-30,15.676073973475503,15.834085491747356,15.61681949715307,15.781414985656738,3036200,0.0016700533175209112
2013-10-01,15.814335010861983,16.05135166299631,15.761664504191696,15.926259994506836,2888700,0.009136337904894307
2013-10-02,15.880170158884573,16.19619313324952,15.820915694220686,16.07110023498535,3749200,0.009053323694792299
2013-10-03,15.99867835716879,15.99867835716879,15.689239341591344,15.715575218200684,3406400,-0.022370369846873163
2013-10-04,15.70899282770188,15.919674838693933,15.689240918259935,15.886754989624023,2884400,0.010833469841656508
2013-10-07,15.794580336501271,15.893337362258864,15.715575218200684,15.715575218200684,1365900,-0.010833469841656644
2013-10-08,15.702411651611328,15.847255245997518,15.636573197521582,15.702411651611328,2870000,-0.0008379637698730205
2013-10-09,15.768249117903673,16.01843372085509,15.682658756219569,15.755081176757812,2248600,0.003348618699538718
2013-10-10,15.814342290401731,16.038192360732424,15.689249308566456,16.0250244140625,1577500,0.016988598663884396
2013-10-11,15.959175612661122,16.104019165039062,15.906505115817898,16.104019165039062,1450800,0.004917352112194122
2013-10-14,16.038181646067045,16.084268172858142,15.787995849538708,16.07110023498535,2343300,-0.002046235858871184
2013-10-15,15.998674664016376,16.110599602241756,15.820912560993003,15.827496528625488,2088500,-0.015273928446725803
2013-10-16,15.919670286795142,16.051345878133358,15.853831863244295,16.03159523010254,2584400,0.01281276284977265
2013-10-17,15.978930530756697,16.294953571363433,15.913092083355977,16.24886703491211,1828600,0.013461708456260978
2013-10-18,16.308118659342227,16.347621218567205,16.17644178757401,16.19619369506836,2679800,-0.0032469278795937773
2013-10-21,16.163273849244447,16.255448161787683,16.110603351689903,16.19619369506836,1839800,0.0
2013-10-22,16.23569332384041,16.420040659889494,16.169854899839773,16.268611907958984,3481400,0.004461344009959825
2013-10-23,16.255451005228572,16.472717002616196,16.189612557827854,16.24886703491211,3514400,-0.0012144161303660377
2013-10-24,16.308119058390112,16.34762161858169,16.08426912436493,16.209362030029297,1846900,-0.0024342070117605455
2013-10-25,16.202782915867978,16.387129089177176,16.117192544748033,16.37396240234375,2429900,0.010103436366435629
2013-10-28,16.420052184811013,16.485890655022416,16.26204060976227,16.35421371459961,2690300,-0.0012068310846577886
2013-10-29,16.354203381685345,16.41345784186101,16.163272064282957,16.32786750793457,2056500,-0.0016122726207503778
2013-10-30,16.380539990699923,16.466130335029728,16.090852878811873,16.1171875,2753600,-0.01298706191427618
2013-10-31,16.136939228349032,16.29495072101266,15.96575979735584,16.19619369506836,3046300,0.004890008385415617
2013-11-01,16.22252775323143,16.275198248958922,16.05793229711256,16.07110023498535,3496600,-0.007753614979714018
2013-11-04,16.117189466615994,16.183027911265498,15.946010012832831,16.09743881225586,2264600,0.001637536794410346
2013-11-05,16.077683477847646,16.13035397119652,15.95917455387178,15.972342491149902,2911200,-0.007801547158165923
2013-11-06,15.965760959031675,16.571472352862603,15.84725201697026,16.49246597290039,6943300,0.03204503673290689
2013-11-07,16.54513462781217,16.65705958773867,16.25544753039603,16.281782150268555,3674000,-0.012856845653638324
2013-11-08,16.22910899397066,16.34761790337647,16.03159498213661,16.341033935546875,9744800,0.0036325405064019664
2013-11-11,16.373956053329458,16.545134217666636,16.301533652888903,16.459545135498047,2677500,0.007226196549438541
2013-11-12,16.393709182739258,16.472715563872413,16.33445471083035,16.393709182739258,12282500,-0.004007885504963833
2013-11-13,16.305409103108662,16.590886751431718,16.232380850165853,16.584247589111328,3029200,0.011555629594796625
2013-11-14,16.630723655774045,16.690474861852017,16.47802669192632,16.557695388793945,2643000,-0.0016023324894428447
2013-11-15,16.54441609155274,16.644001007080078,16.458109502439953,16.644001007080078,7225800,0.00519887969870788
2013-11-18,16.643997186676547,16.663914671726587,16.478021943464707,16.53777313232422,4160300,-0.0064028063851274564
2013-11-19,16.491300579191453,16.551051769182706,16.331964494644996,16.38507652282715,1856200,-0.009276092805128413
2013-11-20,16.39836095303154,16.458112165273548,16.172634432626424,16.192550659179688,2351000,-0.011819651809226466
2013-11-21,16.24565919138618,16.378439915697783,16.16599176983189,16.292133331298828,2765600,0.006131072975271484
2013-11-22,16.29213204475862,16.630720459063316,16.23901874619551,16.584247589111328,8578100,0.01777093081494591
2013-11-25,16.604168598979754,16.617446926437793,16.464748693252325,16.51122283935547,3862800,-0.0044129826420317335
2013-11-26,16.066411174856125,16.086327402448376,15.229895426119862,15.654791831970215,22806800,-0.05326326430976814
2013-11-27,15.64150491517029,15.654783237135804,15.508725494386583,15.568476676940918,9252800,-0.005528913469413433
2013-11-29,15.548564274653,15.668066678810366,15.502091398878669,15.555203437805176,3062100,-0.0008529351215213463
2013-12-02,15.382584247562573,15.548559476273308,15.249803558077785,15.356027603149414,6728500,-0.012887134190700578
2013-12-03,15.283006975575642,15.38259190914408,15.216616597766304,15.302923202514648,5254800,-0.0034642055482558003
2013-12-04,15.136944431492768,15.32947635650635,15.07055533514821,15.329476356506348,3277300,0.0017336650751897948
2013-12-05,15.269722942607066,15.422419868123377,15.156859722379648,15.395864486694336,4889300,0.004321399319244089
2013-12-06,15.442340521738851,15.601676641871135,15.27636523831469,15.5087308883667,6625800,0.007304214929980301
2013-12-09,15.508733129745504,15.522010191957188,15.276367446111157,15.462260246276855,3158000,-0.003000916358284371
2013-12-10,15.415784516181184,15.601677297290244,15.375950801047448,15.429062843322754,4628500,-0.002149303585181159
2013-12-11,15.395868675638118,15.448980719237712,15.110390966431172,15.17014217376709,3826200,-0.01692376316651074
2013-12-12,15.150224682558116,15.296283752175254,15.14358551882179,15.17014217376709,2201800,0.0
2013-12-13,15.163501757870858,15.203335470708446,15.017443966605772,15.05727767944336,3138100,-0.007467724296679836
2013-12-16,15.163505570263313,15.276368840254857,15.024085640842598,15.130311012268066,3075100,0.0048386425336149575
2013-12-17,15.103750529541323,15.2830041364391,15.037360164065378,15.196696281433105,4905400,0.004377970734395943
2013-12-18,15.170139621208113,15.289642015772234,14.911217344222258,15.26308536529541,3646500,0.004359137551267384
2013-12-19,15.183414446788818,15.196691502676181,14.984243412992381,15.110384941101074,2527600,-0.010054939997042293
2013-12-20,15.123667358632417,15.608314852748096,15.123667358632417,15.435700416564941,6128700,0.021300783509983455
2013-12-23,15.468894978964695,15.50872995632195,15.283003483127544,15.309558868408203,2700100,-0.008205639430289213
2013-12-24,15.322836553338377,15.415782297369631,15.243167868246738,15.369309425354004,745000,0.0038952305490773196
2013-12-26,15.375951464772996,15.435702673198337,15.269727375637064,15.316200256347656,1472800,-0.0034615179990303505
2013-12-27,15.316197078530799,15.42906030810715,15.27636336994231,15.349392890930176,1436900,0.002164813665007812
2013-12-30,15.362670585987551,15.422421784490819,15.316197712994079,15.342754364013672,2159200,-0.00043258798186287536
2013-12-31,15.349397960080127,15.42242623889487,15.28964674431913,15.38923168182373,1945900,0.0030246892065371113
2014-01-02,15.38258938302277,15.462258076569048,15.143584568674862,15.150223731994629,2980400,-0.015652723761488668
2014-01-03,15.176778155777486,15.269723896018474,15.070554090847573,15.143582344055176,3187900,-0.0004384650795731834
2014-01-06,15.2232500695347,15.229889231462073,15.063913982149728,15.163498878479004,2697800,0.0013143157630136882
2014-01-07,15.190057098807962,15.402506521317154,15.143584222921572,15.322837829589844,2760300,0.010453233758402437
2014-01-08,15.283001260590396,15.336113289718721,15.11038684935068,15.163498878479004,2521700,-0.010453233758402467
2014-01-09,15.170136786803129,15.34275118377864,15.077189793791359,15.336112022399902,3654400,0.01131915993679987
2014-01-10,15.422422077889033,15.721178076088945,15.41578291500783,15.52200698852539,5118800,0.01204851241041017
2014-01-13,15.462255160041309,15.508728028222928,15.269723258956674,15.296279907226562,5265600,-0.014649167149674886
2014-01-14,15.296284948101244,15.455621091357576,15.269728291079636,15.422425270080566,3566000,0.008212981061493482
2014-01-15,15.409140914934218,15.581755319190512,15.32947350761015,15.575116157531738,6575700,0.009851886015940675
2014-01-16,15.568481747750223,15.681344988636816,15.442340180573233,15.641510009765625,5048000,0.004253755802521752
2014-01-17,15.654786112519522,15.668064436923926,15.541922887663521,15.548562049865723,2868100,-0.005960116723755265
2014-01-21,15.601684472073872,15.761020672174109,15.58176697220201,15.741103172302246,2551900,0.012307166046986335
2014-01-22,15.727816260870272,15.847318652718483,15.721177098401954,15.794206619262695,1708000,0.003367875407321225
2014-01-23,15.741093325015218,15.774289137368408,15.54192351605913,15.648147583007812,2523700,-0.00929065844882202
2014-01-24,15.568480504937707,15.694620795754183,15.369309425354004,15.369309425354004,2767400,-0.017979918171825034
2014-01-27,15.382592517151267,15.468899125310939,15.329480466062734,15.38923168182373,2559900,0.0012953968906517532
2014-01-28,15.38922595717373,15.515367506444697,15.362669308362701,15.495450019836426,2212800,0.006878410328239519
2014-01-29,15.402505238430017,15.515368470306878,15.283002843937952,15.369309425354004,2779400,-0.008173807218891296
2014-01-30,15.44234551862027,15.681350409302091,15.435706353180072,15.634876251220703,2780100,0.017131449516518227
2014-01-31,15.495447480936294,15.780925077426332,15.488808319821352,15.53528118133545,7158900,-0.006390433480238618
2014-02-03,15.581761776280961,15.694625038669495,15.243171989115359,15.302923202514648,4106100,-0.015069773405045082
2014-02-04,15.369310068153244,15.389227556831871,15.183418572316091,15.309558868408203,3668600,0.00043352681968809306
2014-02-05,15.249805772754257,15.329474451273237,15.01744143184616,15.296279907226562,5107600,-0.0008677404407839663
2014-02-06,15.296285908991596,15.409147909549942,15.236534693230597,15.38923168182373,4360200,0.006058367880513048
2014-02-07,15.429058396944422,15.581755316195038,15.389224693290044,15.488809585571289,3168100,0.0064497775675169434
2014-02-10,15.462252941652082,15.55519866468028,15.33611141304917,15.53528118133545,3059400,0.0029958415781110937
2014-02-11,15.508730545734327,15.648149172910822,15.468895566863134,15.641510009765625,3701500,0.006814635853814904
2014-02-12,15.613339350538004,15.77430145363059,15.613339350538004,15.626751899719238,3341000,-0.000943967476349599
2014-02-13,15.573098334136336,15.774301928468512,15.526151212556098,15.76088809967041,3591300,0.00854712342463472
2014-02-14,15.720643587535838,16.136461932704027,15.680402112161286,16.1297550201416,5238300,0.02313426983785444
2014-02-18,16.09622474821652,16.196825897050275,15.908434998970645,16.156585693359375,5914600,0.0016620452365456579
2014-02-19,16.08952143303557,16.41144569299144,16.04928122034441,16.190122604370117,5924300,0.0020735910880844504
2014-02-20,16.2169534902667,16.458397372849667,16.136471769667864,16.284021377563477,3884500,0.0057830029290053386
2014-02-21,16.270605453098813,16.451688341762548,16.20353757442187,16.418153762817383,3749600,0.008203315949090064
2014-02-24,16.46509875063704,16.565701195162337,16.344378119790484,16.351083755493164,3178600,-0.004093479498387093
2014-02-25,16.337668771497132,16.41814918007453,16.089518073421925,16.22365379333496,5774500,-0.007823891873289782
2014-02-26,16.28402553968209,16.34438652575581,15.781018175210352,15.79443073272705,10724700,-0.02681289538793311
2014-02-27,15.774306769207325,15.948682759454911,15.727359633220189,15.801133155822754,7500600,0.0004242635592694104
2014-02-28,15.827956003095458,15.915143332069771,15.79442143101832,15.861489295959473,2565700,0.00381245825952511
2014-03-03,15.781010198961422,15.82125040960053,15.626753712953914,15.747475624084473,4131900,-0.007214039853870069
2014-03-04,15.868194773592396,15.941969546269057,15.760886711087988,15.834661483764648,2064900,0.005521227449753181
2014-03-05,15.83466613934571,15.83466613934571,15.586515372336843,15.646876335144043,3139300,-0.011930000173697882
2014-03-06,15.687118801417867,15.754186689628114,15.566396858482134,15.59322452545166,3322500,-0.003434807248543374
2014-03-07,15.579807759354333,15.579807759354333,15.432259456435899,15.55298137664795,2119500,-0.002584145967883191
2014-03-10,15.566393702838688,15.586514448986925,15.432259232823709,15.485913276672363,3435500,-0.004321558812209531
2014-03-11,15.532858882408494,15.693820998174886,15.385310596092596,15.63346004486084,5707400,0.009482702128966014
2014-03-12,15.606635118159653,15.734062672163384,15.5596879899253,15.707236289978027,8262500,0.004708024391215194
2014-03-13,15.760892302924244,16.176712152068085,15.7340646381734,16.05599021911621,10242900,0.021960485963249392
2014-03-14,16.03586836897405,16.10964316275747,15.94197410722306,16.02916145324707,4598900,-0.0016723481562984075
2014-03-17,16.055987689924034,16.270603857269887,16.029160029399172,16.263896942138672,4702700,0.014538085578504445
2014-03-18,16.270597625526985,16.277304538089414,16.109635561667098,16.1297550201416,3043900,-0.00828203556109582
2014-03-19,16.143171453101086,16.16329219403875,15.921848419638705,16.009037017822266,6345700,-0.007512327775331326
2014-03-20,15.941969509609043,15.962088971774222,15.807833792180483,15.89502239227295,2241600,-0.007147373282665299
2014-03-21,15.948684955211453,16.11635405208587,15.827963000787681,15.908443450927734,6313200,0.0008439998028923672
2014-03-24,15.948684765161163,16.009045741653765,15.707240859190755,15.78772258758545,5560800,-0.007617416373389419
2014-03-25,15.821243724257613,15.854777005751682,15.606627652585116,15.687108039855957,5681800,-0.006393355480667374
2014-03-26,15.720658055884,15.848085674208479,15.613349914550781,15.613349914550781,5426300,-0.004712919020956815
2014-03-27,15.687108039855957,15.74076205777408,15.532852898242936,15.687108039855957,6396000,0.004712919020956779
2014-03-28,15.774308752984053,15.841376646777354,15.707240859190755,15.78772258758545,2740000,0.006393355480667256
2014-03-31,15.84137283857195,15.975507314699458,15.77430496090151,15.888319969177246,3592000,0.006351659593598025
2014-04-01,15.908435108412906,16.190119094613063,15.85478107671826,15.975502967834473,5407900,0.005472238305505242
2014-04-02,15.948675691871214,16.136464152602148,15.76759286541243,16.07610321044922,4847400,0.00627741227123407
2014-04-03,16.12975762580931,16.16329219403875,15.874901303330468,16.009037017822266,6579500,-0.004180520317175027
2014-04-04,16.062690050454588,16.20353139063455,15.948675083979564,15.962087631225586,3865600,-0.0029369889774260817
2014-04-07,15.96208504158793,16.022445971647407,15.673695494785944,15.687108039855957,4901400,-0.017377156356403658
2014-04-08,15.754184213836368,15.895026884865626,15.552981860038422,15.888319969177246,5740800,0.012745015074265537
2014-04-09,15.888319589177714,16.035867893153085,15.781011499156838,16.002334594726562,3842100,0.0071503776191108445
2014-04-10,16.02915867183892,16.24377482100825,15.982211549109776,16.069398880004883,4125800,0.004182148936813355
2014-04-11,16.04257170389883,16.32425570549155,15.988917669272269,16.09622573852539,7084800,0.0016680456268990573
2014-04-14,16.149875757828877,16.21023669167793,15.995620606531412,16.1297550201416,5813400,0.0020808858520723564
2014-04-15,16.170001851166603,16.411444387317996,16.14317419203134,16.40473747253418,4810200,0.016904459209811318
2014-04-16,16.465101882044795,16.585823815064018,16.33096739585613,16.565704345703125,5560700,0.009764391571150974
2014-04-17,16.51875694486069,16.639478885279424,16.404741921044504,16.50534439086914,3965900,-0.003650324024423333
2014-04-21,16.51874757308435,16.53886831147665,16.330959131607486,16.364492416381836,3559300,-0.00857033988043143
2014-04-22,16.411445292699497,16.53216720704174,16.297430293511074,16.465099334716797,5425500,0.006129057835506313
2014-04-23,16.505345618909185,16.659600874604088,16.478517950502958,16.512052536010742,2971700,0.0028476220873432058
2014-04-24,16.52545769875919,16.619353216965596,16.384616340269183,16.471803665161133,3745600,-0.002440520634182661
2014-04-25,16.478505630155414,16.699828612177534,16.41814470058459,16.673002243041992,4498100,0.012140728763105162
2014-04-28,16.693126317601575,16.7400734359844,16.50533784407028,16.64617919921875,5253400,-0.001610066541652784
2014-04-29,16.65288060760287,16.72665535736431,16.478504740392946,16.491918563842773,4381300,-0.009310235654418375
2014-04-30,16.512045623425564,16.673007728837018,16.498631794838,16.605939865112305,5082900,0.006889977644941213
2014-05-01,16.921158541440576,17.13577469948959,16.478512395661177,16.592527389526367,4730300,-0.0008080178047260102
2014-05-02,16.53216440181306,16.558992057876143,16.25048040921592,16.290721893310547,4531300,-0.0183567000014338
2014-05-05,16.277303582545297,16.44497254912476,16.25718284603919,16.41143798828125,3146000,0.007382793290489975
2014-05-06,16.418152152516846,16.418152152516846,16.257190027007457,16.263896942138672,2743500,-0.009030790299983993
2014-05-07,16.297433602493566,16.458397040440275,16.277314132160374,16.438276290893555,3346100,0.010664795902326921
2014-05-08,16.471805741201614,16.525459781562013,16.284017239546827,16.337671279907227,3067300,-0.0061389728993879265
2014-05-09,16.324259781115682,16.371206913233422,16.04928262510028,16.06269645690918,3727200,-0.016973969384884553
2014-05-12,16.062698343850638,16.1364718690392,15.915148735046387,15.915148735046387,3760000,-0.00922818708175492
2014-05-13,15.93526367422617,16.00233153747923,15.794421033473437,15.874902725219727,5308700,-0.002531989064458518
2014-05-14,15.887096933594137,16.171641995730948,15.859996788530612,16.056468963623047,3903900,0.011372401851169759
2014-05-15,16.056480242049627,16.137778149933567,15.954855918884277,15.954855918884277,2965300,-0.006348589844429373
2014-05-16,15.97516750146693,16.17841339111328,15.887094627208405,16.17841339111328,5125100,0.013914617718902646
2014-05-19,16.137770638981262,16.144545676852797,15.900649482302923,15.927749633789062,3287700,-0.015614998924037095
2014-05-20,15.927750451817241,16.04292351713578,15.846451285389751,16.015823364257812,3624200,0.00551434579049274
2014-05-21,16.0361460290997,16.076794960000367,15.934523055744926,16.04292106628418,3494100,0.0016905034155905662
2014-05-22,16.04292902740923,16.334249309875254,15.995505035790456,16.28005027770996,3863000,0.014672751658590772
2014-05-23,16.259717109923447,16.293591003686632,16.15131909923379,16.17164421081543,2563800,-0.006681097665123585
2014-05-27,16.25971848297317,16.34101764395882,16.16487053866185,16.23261833190918,2888400,0.0037633439722205724
2014-05-28,16.25294086290017,16.30713986421056,16.205516898279345,16.266490936279297,2664600,0.0020845258469085986
2014-05-29,16.266489652081976,16.3139136129588,16.164866694173632,16.300363540649414,1822800,0.002080189636278345
2014-05-30,16.266492650177963,16.36811562681655,16.225843717963777,16.34101676940918,4123800,0.0024909026146160427
2014-06-02,16.32069792208416,16.361346869901904,16.23939873424192,16.313922882080078,1709300,-0.0016594055193772533
2014-06-03,16.280037058971242,16.334236047129128,16.219063035767896,16.27326202392578,5392900,-0.0024955134586287864
2014-06-04,16.25294433304438,16.266494409316568,16.178420205753756,16.219070434570312,2108600,-0.0033356570921501934
2014-06-05,16.212295805265168,16.327468872070312,16.158096791016067,16.327468872070312,3267600,0.00666115910456931
2014-06-06,16.374885863758003,16.422309819472783,16.273262916911197,16.29358673095703,3430800,-0.002077318018751961
2014-06-09,16.266494545562875,16.313918520706345,16.178420341262367,16.212295532226562,2401000,-0.00500164047479384
2014-06-10,16.191967144977788,16.30714018656483,16.137768142596013,16.185192108154297,3554300,-0.0016731810007121705
2014-06-11,16.14455059867277,16.212299705835733,15.98872855674267,16.131000518798828,2832000,-0.00335383816884939
2014-06-12,16.11744731205654,16.25294419702525,16.00904799499264,16.225845336914062,3110200,0.0058624434640816075
2014-06-13,16.225842008348035,16.286816046347987,16.11744400572726,16.266490936279297,2173800,0.002501858913718116
2014-06-16,16.38166781960817,16.76106091780687,16.334243843859138,16.68653678894043,5627000,0.02549499294658853
2014-06-17,16.632335315171094,16.672985538835476,16.37489035966117,16.584911346435547,4779900,-0.006108887003271696
2014-06-18,16.591690119243825,16.815261230908842,16.564591256239304,16.781387329101562,5618200,0.011777048181919771
2014-06-19,16.80170850420456,16.930431636748402,16.76105957000357,16.916881561279297,5703200,0.008041657142623082
2014-06-20,16.930430436262217,16.943980510770523,16.618786475808506,16.652660369873047,12311000,-0.015742046665883667
2014-06-23,16.700085843505544,16.788160043540817,16.63911179492923,16.67298698425293,3397700,0.0012198782928091727
2014-06-24,16.68653631647777,16.88300854439677,16.6391123420715,16.77461051940918,9087400,0.006076600739390366
2014-06-25,16.740734529459843,16.99818079566492,16.740734529459843,16.977855682373047,3452700,0.012043423337892496
2014-06-26,16.943981724133447,17.079478602300807,16.835583704717028,17.045604705810547,5318200,0.003982493973722334
2014-06-27,17.04560836789862,17.21498047115056,16.991409346546263,17.181106567382812,3334900,0.007917942709562037
2014-06-30,17.194653578500816,17.445324834006907,17.147229601239076,17.30305290222168,6810900,0.0070726295811348525
2014-07-01,17.33014496768548,17.35724511103953,17.19464683532715,17.19464683532715,4410300,-0.00628484939863415
2014-07-02,17.167554240761053,17.174329279068676,16.842360155233745,16.87623405456543,2982100,-0.01869174162868727
2014-07-03,16.88301032672993,16.943984383748255,16.706863194477712,16.781387329101562,1931600,-0.00563598808392933
2014-07-07,16.77461024814076,16.889783309353366,16.747510096228915,16.78816032409668,2465900,0.00040352018781978667
2014-07-08,16.76106078399448,16.957533015907853,16.76106078399448,16.82203483581543,2977100,0.0020157290386077498
2014-07-09,16.86945152282715,16.950750654199016,16.78137864836299,16.86945152282715,2051900,0.0028147596584686316
2014-07-10,16.83558376594892,16.977855682373047,16.781384756043586,16.977855682373047,2049800,0.006405503961935459
2014-07-11,16.964306825421158,17.038829656088584,16.87623262707831,16.916881561279297,1817400,-0.0035978557042084954
2014-07-14,16.93721196392179,16.998186030368444,16.72719089738704,16.747514724731445,2253600,-0.010062159683343256
2014-07-15,16.774603613064844,16.903326699317866,16.74750347187227,16.86945152282715,2708000,0.007254511425616144
2014-07-16,16.86945888040306,16.903334071668365,16.727186953708028,16.88300895690918,2523400,0.0008033449780228274
2014-07-17,16.82203129002507,17.0320522619138,16.788157398245197,16.808481216430664,3407500,-0.004424135688617333
2014-07-18,16.93721041699952,17.00495951710884,16.80171221678088,16.984634399414062,2906300,0.010425483136903982
2014-07-21,16.93043205257864,17.093029085582486,16.896558155280225,17.025279998779297,2195700,0.002390221759489401
2014-07-22,17.052378991431752,17.126903111070924,17.018505096435547,17.018505096435547,1288900,-0.0003980111150530599
2014-07-23,17.018509259977144,17.025283006868555,16.930435043909817,16.937210083007812,1192200,-0.00478830549289563
2014-07-24,16.97108058288439,17.086253640040123,16.876232638946604,17.045604705810547,2250300,0.006379400357807629
2014-07-25,16.98463132870553,17.03205530254613,16.84235940718372,16.84913444519043,1339600,-0.011593094739823529
2014-07-28,16.82880880070439,17.09980385139884,16.82203376291124,17.038829803466797,2244700,0.01119555829654603
2014-07-29,17.05914694233865,17.093020823263323,16.862674814799526,16.923648834228516,2983300,-0.006782862467904965
2014-07-30,16.950755822899144,17.004954829605044,16.58491155847965,16.639110565185547,3241200,-0.016956000716633175
2014-07-31,16.564590934149628,16.70008783095061,16.462966646290766,16.476516723632812,4623500,-0.009819844069423447
2014-08-01,16.456189380951997,16.700084259923624,16.429089232062804,16.591686248779297,3434700,0.006965603235676608
2014-08-04,16.584912367630302,16.584912367630302,16.24616823614011,16.56458854675293,5408500,-0.0016345447868696375
2014-08-05,16.46296534643767,16.503615575254226,16.17164645982406,16.219070434570312,4632300,-0.021079459516620314
2014-08-06,16.24617219806225,16.266497316102583,15.900652944616397,15.961627006530762,9841000,-0.016000207624854445
2014-08-07,15.98871757203158,16.26648755757766,15.98871757203158,16.17841339111328,3876000,0.01349031734947347
2014-08-08,16.25294548189285,16.496841703206545,16.23939540466287,16.483291625976562,2854600,0.018669392182574556
2014-08-11,16.503612518310547,16.632334342434138,16.435863441705095,16.503612518310547,4147700,0.0012320583232448305
2014-08-12,16.503615310814197,16.618788372869545,16.45619133682783,16.52393913269043,3571700,0.0012308885115708465
2014-08-13,16.53624962928258,16.65939940050054,16.46783294472374,16.577299118041992,2980500,0.0032240504822350666
2014-08-14,16.61151015256993,16.78939303228981,16.56361755404006,16.762025833129883,2438800,0.011081724407778307
2014-08-15,16.762033319224713,16.898866766255793,16.618359374288495,16.768875122070312,4625800,0.00040853593793039266
2014-08-18,16.816763010521086,16.8920215215478,16.652563690504774,16.686771392822266,2434200,-0.004908223431830316
2014-08-19,16.693617193271702,16.8715001588034,16.679933587090687,16.86465835571289,2548900,0.010603937362628236
2014-08-20,16.987806443616478,17.042539557736426,16.78255759190176,16.919389724731445,2588500,0.0032400745327751624
2014-08-21,16.92623079203459,17.035697015520547,16.878339482377026,16.89202308654785,1732300,-0.0016187814636688083
2014-08-22,16.864653773046474,16.93307048042004,16.73466215953071,16.775712966918945,2102600,-0.006909320077340099
2014-08-25,16.796240931886604,17.00149110125246,16.782558631214577,16.96044158935547,2845300,0.010951483424711915
2014-08-26,17.0083278055934,17.02201010216398,16.77571179967268,16.803077697753906,1718700,-0.009321601207324243
2014-08-27,16.83728701774765,16.91254421758946,16.796236212444747,16.850969314575195,1759500,0.0028461153056609373
2014-08-28,16.79623208824911,17.00148214954566,16.79623208824911,16.994640350341797,993200,0.008489839606411378
2014-08-29,17.015165747953382,17.0356898406252,16.89885777136727,16.994640350341797,2789100,0.0
2014-09-02,17.001486073251403,17.035693772225603,16.837286769283114,16.926227569580078,2273100,-0.004033674709182478
2014-09-03,16.93991180065763,17.083585707616486,16.93991180065763,17.022010803222656,1577300,0.005642913588339336
2014-09-04,16.99464795928692,17.04938107248348,16.84413222423146,16.933073043823242,2362100,-0.005238565346502222
2014-09-05,16.946754820802315,17.145161845390806,16.946754820802315,17.117795944213867,2073500,0.010849926478971646
2014-09-08,17.1177938263122,17.165685126151644,16.933069122697166,17.00148582458496,2578200,-0.006817879166288741
2014-09-09,16.96043980246165,17.069906025947606,16.878339482377026,16.89202308654785,2935500,-0.006459237897457418
2014-09-10,16.89202100783963,16.92622870911682,16.762029394094025,16.83728790283203,3226700,-0.003245558842267972
2014-09-11,16.84413222423146,16.953598450624582,16.80992321289589,16.933073043823242,1775700,0.005672749427042567
2014-09-12,16.878335344266553,16.898860745490516,16.549936754323127,16.590986251831055,2217800,-0.020409143361766444
2014-09-15,16.618353171506662,16.720977566005303,16.577302369755227,16.60466957092285,2884600,0.0008244042497511029
2014-09-16,16.577302724768685,16.782552823101497,16.57046092433026,16.714136123657227,2780800,0.006570880577322574
2014-09-17,16.76202710126236,16.84412740001356,16.529411110563927,16.666244506835938,4665200,-0.002869448986337754
2014-09-18,16.673092734474576,16.714142247204418,16.51573387661931,16.570466995239258,2475700,-0.0057633726312790136
2014-09-19,16.57045899751645,16.611509795373625,16.440468719121615,16.46099281311035,7954100,-0.00662850407429701
2014-09-22,16.536254184286413,16.536254184286413,16.303638175674813,16.31732177734375,4821000,-0.008766280855254622
2014-09-23,16.283112632238144,16.337845733500085,16.235221331751454,16.32416343688965,5104800,0.00041920026623695826
2014-09-24,16.344685483981028,16.426785778045225,16.276270094690748,16.331003189086914,3851000,0.0004189078179039084
2014-09-25,16.31048380847575,16.56362397412314,16.28311659870826,16.3789005279541,4138900,0.00292861596385694
2014-09-26,16.37889815714426,16.762029903848983,16.28995604321447,16.686771392822266,6338500,0.018622320017354276
2014-09-29,16.659403903384618,16.768870106290578,16.6183544035299,16.734661102294922,3074000,0.002865810270438842
2014-09-30,16.755182545508436,16.898857718460178,16.686765858623787,16.741498947143555,3960300,0.0004085202683719596
2014-10-01,16.775714589573067,16.933072118294785,16.755189183893602,16.789398193359375,2987000,0.0028570233952823166
2014-10-02,16.789396427638454,16.885179034188717,16.714137919668882,16.782554626464844,3064400,-0.00040769549665767676
2014-10-03,16.809923496491546,16.987806443616478,16.734664975223975,16.919389724731445,2168500,0.0081203534579679
2014-10-06,16.933072285334386,16.994647198039917,16.768872953099738,16.844131469726562,1999300,-0.004457969843159687
2014-10-07,16.81676112328393,16.912543722975993,16.741502620702992,16.74834442138672,3213800,-0.005702902534353938
2014-10-08,16.741506495165098,16.960440252891697,16.700456986502765,16.933073043823242,4941800,0.010969281498619457
2014-10-09,16.933066020675533,16.994640910600445,16.48835949728212,16.54993438720703,4097900,-0.022886557074423063
2014-10-10,16.618355160344127,16.734661864405858,16.378897341229692,16.474679946899414,5240900,-0.004557483687969639
2014-10-13,16.447310686646976,16.522567873606935,15.824719962190029,15.845245361328125,10151100,-0.03895517549017533
2014-10-14,15.927351172499785,15.947875273810562,15.482643171641653,15.605792999267578,9142700,-0.015227286687369102
2014-10-15,15.400534525654889,15.45526760315633,14.415337825689443,15.147393226623535,9788900,-0.029813738529131065
2014-10-16,14.983197604067158,15.619470598907816,14.894256821050853,15.42790412902832,9922700,0.01834937333589157
2014-10-17,15.551051554184532,15.95470852623251,15.414219500655825,15.852084159851074,7457600,0.02712315817671433
2014-10-20,15.845250886145815,16.18049135931831,15.776834170103601,16.105234146118164,3750900,0.015843336985536718
2014-10-21,16.166802600958516,16.413102178211208,16.09838721166824,16.331003189086914,3943400,0.013921015973205211
2014-10-22,16.33100674921476,16.52941377030074,16.084707118269225,16.091548919677734,5155000,-0.01477111501798378
2014-10-23,16.207855995424854,16.433630209074177,16.132597489228374,16.296796798706055,3148200,0.012674350729506144
2014-10-24,16.33784446519409,16.515727356721378,16.28311136818108,16.419944763183594,2016700,0.007528166938271246
2014-10-27,16.433624406628915,16.570456463743756,16.351524128408293,16.426782608032227,3847700,0.00041634862859434355
2014-10-28,16.488361296550266,16.61835289001465,16.44731180043413,16.61835289001465,3193000,0.011594591774501404
2014-10-29,16.645724499082867,16.727824824434354,16.3378499101903,16.55678367614746,2371000,-0.0037117727869659272
2014-10-30,16.57045741891724,16.8030733648548,16.543091527892678,16.700448989868164,4420500,0.008639697043519058
2014-10-31,16.762028339083866,16.816761440646538,16.584145432770168,16.796236038208008,5079900,0.005719211280398382
2014-11-03,16.850969692115378,17.172527816158738,16.803078389795758,17.022010803222656,6256500,0.013352443754381643
2014-11-04,16.960432843657745,17.049373624395386,16.686766092287012,16.857807159423828,4808700,-0.00969337732060931
2014-11-05,17.06990378531837,17.247785396428718,16.714137953217385,17.193052291870117,9388400,0.01969148329957987
2014-11-06,17.158839524260895,17.179364921762247,16.7825497046478,17.06305694580078,5957100,-0.007589651771306713
2014-11-07,17.090427773570532,17.28883609190174,17.049378271651715,17.2614688873291,4157700,0.011561071662840696
2014-11-10,17.275149177889876,17.370931765651868,17.17252479029633,17.364089965820312,3213700,0.005927493005598052
2014-11-11,17.398308367131495,17.48724920312611,17.193058176086044,17.30936622619629,3106600,-0.003156523235426051
2014-11-12,17.086969343593623,17.225102202795636,16.96265003377832,16.96955680847168,5329600,-0.01982679262977343
2014-11-13,17.004086473549382,17.080058341708682,16.68638150294747,16.707101821899414,4326600,-0.015587074905642052
2014-11-14,16.651850278304796,16.72091537896715,16.562063539711964,16.603504180908203,3989700,-0.0062201195017194235
2014-11-17,16.61040727564105,16.886672908343776,16.54134218479754,16.83832550048828,2971500,0.01404379971165457
2014-11-18,16.83142663104552,17.031717844059262,16.741639870085855,16.98337173461914,2906000,0.00857716408189136
2014-11-19,16.92120545376553,17.010990862261398,16.81069972761731,16.83832550048828,2604800,-0.008577164081891398
2014-11-20,16.789983219952333,16.928116067648837,16.727823570222153,16.803796768188477,1806000,-0.002052709050176805
2014-11-21,16.983366748884006,16.997180295335337,16.700195633293202,16.810701370239258,6072900,0.0004108109613567166
2014-11-24,16.852140427892973,16.955739389988153,16.783074014052094,16.817607879638672,2973200,0.00041075567880616303
2014-11-25,16.865958865730846,16.879772415971797,16.679479889476,16.78998565673828,3464500,-0.0016438088070984595
2014-11-26,16.831424136756766,16.872863464802638,16.72782384064336,16.762357711791992,1887800,-0.0016468567269392385
2014-11-28,16.748541882196125,16.83142184433218,16.472277537296467,16.53443717956543,3599900,-0.013690452360904186
2014-12-01,16.472274893586878,16.492993892796374,16.161476732123464,16.23054313659668,5473000,-0.018550461782375814
2014-12-02,16.209829133010142,16.50681386577388,16.168389801120412,16.417028427124023,5478200,0.011424268932396286
2014-12-03,16.444651021025308,16.679476051760854,16.41011847070105,16.638036727905273,3590000,0.013372328453239768
2014-12-04,16.617318273749397,16.69329147379481,16.48609351391232,16.520626068115234,4794300,-0.007081778370021763
2014-12-05,16.39630748859845,16.527533571557246,16.216735300689713,16.26508140563965,3944600,-0.015589100089751116
2014-12-08,16.244361252021307,16.458465980537138,16.030255206173006,16.09241485595703,4249200,-0.010672530854602088
2014-12-09,16.016440351141124,16.299611457170588,16.016440351141124,16.196012496948242,3913300,0.006417035760644146
2014-12-10,16.182202581224445,16.216735136601393,15.55370058856962,15.643486022949219,6864200,-0.03471046800323188
2014-12-11,15.678019478443693,15.885217439856644,15.581325954762805,15.595139503479004,4688400,-0.003095306355886694
2014-12-12,15.546792858587319,15.602045734194357,15.194555282592772,15.194555282592773,5688700,-0.026022136828695686
2014-12-15,15.242904785116307,15.27743866340878,14.835414242594442,14.87685489654541,5500300,-0.021130516004030122
2014-12-16,14.869939985104304,15.367215704446872,14.787060039881192,14.994257926940918,5647900,0.007860680358265012
2014-12-17,15.097857227409767,15.560600375250738,14.98735151902971,15.532973289489746,5405400,0.03529775046352846
2014-12-18,15.574419402737238,15.885217666625977,15.532980073329583,15.885217666625977,4709000,0.02242389687288879
2014-12-19,15.940463495769437,16.04406243214141,15.823051016592682,15.954277038574219,6554700,0.004337975893426116
2014-12-22,15.961191474270064,16.085510784545235,15.802338290400357,16.071697235107422,3546000,0.007332843127605597
2014-12-23,16.14075963034084,16.265077592208307,16.085506763733438,16.196012496948242,2715900,0.007705280476130428
2014-12-24,16.19601528014608,16.437745789760893,16.182201731787384,16.410120010375977,1894200,0.013133148545117915
2014-12-26,16.44465260449057,16.651851878384523,16.437745830294194,16.52753257751465,2806900,0.007129413011484409
2014-12-29,16.52753213550069,16.81761005732836,16.52753213550069,16.77617073059082,2916200,0.01493183928837964
2014-12-30,16.783074372134543,16.83832724091966,16.437743612894472,16.451557159423828,2260600,-0.01953933774294048
2014-12-31,16.48608702672161,16.506806024157537,16.15456857709493,16.18219566345215,2303100,-0.01650852814039897
2015-01-02,16.196015495947663,16.341053803649093,16.092415199209505,16.32033348083496,2275600,0.008500178463545373
2015-01-05,16.071701429866476,16.18911399606775,15.678024389466012,15.802342414855957,4125900,-0.0322536000527086
2015-01-06,15.802335212114846,15.899028722011131,15.339591934750814,15.450098991394043,4766400,-0.022542772615975995
2015-01-07,15.567511028042993,15.795429273068812,15.457003974778937,15.650389671325684,5264500,0.012880405269227029
2015-01-08,15.788522831494411,16.05097363051125,15.684922549216829,16.023347854614258,3429700,0.02355108369335409
2015-01-09,16.016444638744233,16.023351413585633,15.64348670130422,15.68492603302002,2127100,-0.021346773642388486
2015-01-12,15.70564598433685,15.760898864422499,15.450101907940445,15.719459533691406,2481200,0.0021992797482007433
2015-01-13,15.836872992553662,15.988818092321397,15.532981475685546,15.636580467224121,3044900,-0.005286334592742177
2015-01-14,15.484632697950495,15.643484545412889,15.339593080934781,15.62276554107666,4441500,-0.0008838909837216289
2015-01-15,15.650389671325682,15.719456085616113,15.539883935393908,15.650389671325684,3755700,0.0017666357772975505
2015-01-16,15.615860049477423,15.892124441082673,15.498447518378626,15.885217666625977,4188100,0.014893154477107328
2015-01-20,15.940467348559544,15.96809444084654,15.622763691252675,15.80924129486084,3195900,-0.004794309149517008
2015-01-21,15.809240309913262,16.009532764518568,15.719454900238865,15.988812446594238,3247900,0.011294594452128454
2015-01-22,16.04406630997125,16.113132723356475,15.705642333449134,15.80924129486084,3462000,-0.01129459445212834
2015-01-23,15.85068400046654,15.975001979974222,15.795431126018979,15.864496231079102,2327500,0.003489009923467543
2015-01-26,15.726365806119524,15.892124441082673,15.470820420551835,15.885217666625977,2689400,0.0013052992260494721
2015-01-27,15.795426457039465,16.099316518007782,15.747079053523004,15.981904029846191,3045700,0.006068113764593839
2015-01-28,16.00263070879692,16.050976814205292,15.650393104251203,15.719459533691406,4317000,-0.016557678442534952
2015-01-29,15.747080385045816,16.202916832374417,15.678015294560762,16.140758514404297,4108100,0.02644825207176618
2015-01-30,15.995720438715795,16.189106135422975,15.926654024368068,15.94737434387207,4888800,-0.012053459932580108
2015-02-02,15.968091286132184,16.092409224866167,15.671106689381658,15.816144943237305,4296400,-0.00826294757218724
2015-02-03,15.615855975129184,15.829960658094425,15.546789565914922,15.774707794189453,5485000,-0.0026233652606103023
2015-02-04,15.698734711362142,15.82996075796391,15.553696436696132,15.74708080291748,4895000,-0.0017528826615119657
2015-02-05,15.878306620558066,16.07859907392166,15.767800893644418,16.01643943786621,3555300,0.016960657379205678
2015-02-06,15.975003344945332,15.98881689407062,15.270529464878853,15.346501350402832,4395700,-0.04272813662652125
2015-02-09,15.353414289935618,15.581332672690406,15.277442373906073,15.325788497924805,4030600,-0.0013505907598662535
2015-02-10,15.339594010243518,15.691831595955438,15.270528901828731,15.657299041748047,3669000,0.021400268463689268
2015-02-11,15.564426066136608,15.606321858568691,15.089602645762227,15.117532730102539,4704600,-0.03508202249279002
2015-02-12,15.201328029216125,15.445722631751593,15.131500809656929,15.438739776611328,4691900,0.021024742369499857
2015-02-13,15.431753352026547,15.466666287808884,15.145463016713377,15.194341659545898,6230700,-0.01595682127352788
2015-02-17,15.089606337504762,15.215295077394579,15.01977911180558,15.082623481750488,5676200,-0.007379780919175424
2015-02-18,15.04072366958002,15.340978395911907,15.04072366958002,15.32003116607666,4501100,0.015617880262601028
2015-02-19,15.33399473082742,15.33399473082742,15.012791459809227,15.089601516723633,3713900,-0.015155333327603096
2015-02-20,15.110551748178825,15.180378965445694,14.977881500399503,15.173396110534668,2851100,0.005537773156948522
2015-02-23,15.180379801088694,15.229258456313136,14.998829558938288,15.138484001159668,2247800,-0.0023035275069721666
2015-02-24,15.159423367847083,15.459679330507408,15.08261466314621,15.389853477478027,3994200,0.01646831620180232
2015-02-25,15.347961614205786,15.354944468264392,15.01977546451063,15.061671257019043,4439000,-0.021555237717450094
2015-02-26,15.075638090605228,15.145465304561007,14.544953129121966,14.677624702453613,6704800,-0.02582898437175432
2015-02-27,14.663660000946793,14.69159142118582,14.405299691109482,14.517024040222168,6445100,-0.011002172601801332
2015-03-02,14.530991435901983,14.572888574960588,14.335476781003281,14.447199821472168,5389800,-0.004821420684018907
2015-03-03,14.440214017874426,14.600815689290963,14.34245671037626,14.510041236877441,4019800,0.004340297055931432
2015-03-04,14.45417803093411,14.579865412170083,14.440212322404578,14.482108116149902,3900600,-0.0019269443621199886
2015-03-05,14.62176541030423,14.747454148075882,14.551938185781808,14.635729789733887,4178100,0.010551820464328204
2015-03-06,14.41228098541812,14.579865493173763,14.314523688854813,14.41926383972168,5344800,-0.014900705740150667
2015-03-09,14.419265710321723,14.579867384608535,14.391335621327407,14.475127220153809,4399700,0.0038667331607976753
2015-03-10,14.461156814105443,14.544949717567206,14.40529532241194,14.412278175354004,5046100,-0.0043513180297389915
2015-03-11,14.398315861058899,14.45417736074365,14.244695738043431,14.286591529846191,3562000,-0.00875905221110918
2015-03-12,14.356419403070658,14.537969618424759,14.307540755060568,14.482108116149902,3567600,0.013592522355872771
2015-03-13,14.461166167260023,14.489097597093698,14.125997000319181,14.342461585998535,3938600,-0.009689485335969774
2015-03-16,14.405301678979052,14.62874907619578,14.370388730705853,14.454181671142578,4175200,0.007759282543349641
2015-03-17,14.433233103072496,14.517026043509219,14.328492926409295,14.454181671142578,3459300,0.0
2015-03-18,14.461157258000634,14.991842111300162,14.412278617748832,14.908050537109375,2924600,0.030917609843549264
2015-03-19,14.803308739223576,14.845204521608938,14.544948528854208,14.551931381225586,4611200,-0.024177645757574397
2015-03-20,14.642710417479481,14.845209204599925,14.607797476452046,14.782364845275879,5819000,0.015711179998350432
2015-03-23,14.796330754526341,14.866157969368867,14.59383196466735,14.600814819335938,3640800,-0.01235756908369792
2015-03-24,14.579867072073133,14.74745292982045,14.496075475042897,14.517024040222168,2932000,-0.005755304217799992
2015-03-25,14.558915341809431,14.61477683318968,14.363399456057053,14.370382308959961,2684700,-0.010152728086012648
2015-03-26,14.37736904521631,14.475126348575419,14.258663177490234,14.258663177490234,3288300,-0.007804640124109691
2015-03-27,14.258658185465181,14.426242646198684,14.195813846209756,14.39831256866455,3085500,0.009746352711262642
2015-03-30,14.440213460782799,14.572885038585824,14.363403389658409,14.405299186706543,3102100,0.0004851209798513403
2015-03-31,14.384350989376218,14.48210828654661,14.139956414606946,14.251679420471191,5408300,-0.010721384125177036
2015-04-01,14.244698071034668,14.544954180457236,14.16090647370579,14.510041236877441,3401000,0.01796615501609779
2015-04-02,14.50305582505433,14.558917324040253,14.356418557814285,14.468141555786133,3017900,-0.0028918107522598008
2015-04-06,14.489093674277193,14.733488291778283,14.468145107573607,14.705556869506836,2772900,0.01627634258515317
2015-04-07,14.649695213789578,14.712539581443297,14.530989333981832,14.57288646697998,2745200,-0.009062729807945933
2015-04-08,14.572888574960588,14.614784382175497,14.405302682413561,14.447199821472168,4118100,-0.008662099080878944
2015-04-09,14.426250440235068,14.454181864702548,14.286595981584911,14.328493118286133,3725200,-0.008250531225091754
2015-04-10,14.34245964346341,14.579870105675516,14.34245964346341,14.496078491210938,1962900,0.011628083392987461
2015-04-13,14.468138724706439,14.482104429680954,14.342451375464607,14.356415748596191,2332800,-0.009681231181667707
2015-04-14,14.356418557814285,14.48909011734705,14.356418557814285,14.468141555786133,1941100,0.0077521653174436175
2015-04-15,14.53797309601715,14.998830932986186,14.433232920677566,14.880125045776367,6226300,0.028077334881232464
2015-04-16,14.747453911746781,14.754435435427965,14.4053006502543,14.565903663635254,5229500,-0.021343000992894233
2015-04-17,14.426248441608834,14.733487408967823,14.426248441608834,14.593832969665527,3597700,0.001915608149838497
2015-04-20,14.677625518064918,14.824261476861373,14.677625518064918,14.747452735900879,1981400,0.010471331860469828
2015-04-21,14.775386249724182,14.831247770576224,14.40530284167708,14.426251411437988,4114700,-0.022020810410404115
2015-04-22,14.482107086830863,14.656674435512782,14.36340123645343,14.544951438903809,2883600,0.008194391671245738
2015-04-23,14.558917196557763,14.663657339758833,14.48908999047599,14.642708778381348,2875500,0.006698564001820638
2015-04-24,14.649694458353967,14.761417476900839,14.572885715505139,14.698573112487793,3069700,0.003807904631950844
2015-04-27,14.73348653130426,14.73348653130426,14.489091943005377,14.530987739562988,3093900,-0.011466967300977866
2015-04-28,14.46814311111426,14.719520549495634,14.440213024540403,14.670641899108887,2841400,0.00956489250675009
2015-04-29,14.586849115319788,14.754433631896974,14.426247453413737,14.754433631896973,3283900,0.005695275731060045
2015-04-30,14.670640193551328,14.698570276878131,14.503055698060981,14.642708778381348,4198000,-0.0076011055687831225
2015-05-01,14.684609634646769,14.761418382206212,14.586850988540222,14.705556869506836,2686700,0.00428292342384419
2015-05-04,14.705556609009639,14.86615962053847,14.698573753565473,14.740470886230469,2220400,0.0023713917119707597
2015-05-05,14.712540684788898,14.768402201132178,14.426250247049135,14.454181671142578,3199700,-0.01961307069960427
2015-05-06,14.489091015376452,14.51702243252219,14.098060498239034,14.216766357421875,4399700,-0.01656176420954944
2015-05-07,14.237711021735945,14.293572514113723,14.125988036980392,14.174866676330566,3484700,-0.002951553470665248
2015-05-08,14.377367119375204,14.468141555786133,14.258661267549718,14.468141555786133,3458400,0.02047865408269485
2015-05-11,14.244697434690064,14.551936385472178,14.188835928351804,14.31452465057373,3564600,-0.010674366490418198
2015-05-12,14.202800768066194,14.20978362241124,13.937457630327506,13.99332046508789,7664900,-0.022694625486326333
2015-05-13,13.956560489651045,14.112104246495766,13.878787936962551,14.027262687683105,6702900,0.0024226647255407895
2015-05-14,14.126236187762839,14.331272299938254,14.105026485490503,14.281781196594238,4580400,0.017981911936699065
2015-05-15,14.33834554290328,14.4514684729492,14.267643374491655,14.416116714477539,4626800,0.009362114221606554
2015-05-18,14.38783627293855,14.493888848464888,14.345415512434348,14.43732738494873,4941800,0.0014702351801632646
2015-05-19,14.416116714477539,14.465607827806167,14.352484897760247,14.416116714477539,2862500,-0.001470235180163244
2015-05-20,14.43732511231142,14.571659072715619,14.295920801514216,14.515097618103027,4351700,0.006842525770204114
2015-05-21,14.543380157441025,14.59287127012148,14.430257228876648,14.500959396362305,2915400,-0.0009745102756423174
2015-05-22,14.529240598065034,14.529240598065034,14.394907952651678,14.451469421386719,2188600,-0.003418713054347857
2015-05-26,14.45146634294339,14.479746397020815,14.239359868970949,14.331273078918457,2640900,-0.00835202143577097
2015-05-27,14.331278236408902,14.366628653860346,14.25350569977735,14.310067176818848,2855300,-0.0014807900597653514
2015-05-28,14.295928921662092,14.416122249550597,14.267648852558322,14.409051895141602,2908500,0.006893324968417242
2015-05-29,14.401981353759766,14.500963607868028,14.3100681047746,14.401981353759766,3535300,-0.000490821794740784
2015-06-01,14.423187826853033,14.43732853098748,14.267644126969417,14.295924186706543,3308600,-0.007391316397097845
2015-06-02,14.295924957593165,14.295924957593165,13.92827606999499,13.949485778808594,5056000,-0.02453182887695096
2015-06-03,13.942415419365648,13.970696829145389,13.80101241606247,13.87171459197998,4083500,-0.005590800423189814
2015-06-04,13.822214800652011,13.95654872886028,13.63132077991841,13.64546012878418,4208000,-0.016444970418269176
2015-06-05,13.5676969509956,13.751522079421084,13.4757837125169,13.659608840942383,4800100,0.0010363433573604764
2015-06-08,13.638401436925818,13.71617263432828,13.560628890991211,13.560628890991211,3023900,-0.0072725585412272975
2015-06-09,13.560625643163435,13.659607878986526,13.539414586116278,13.638398170471191,3668200,0.0057185495081963815
2015-06-10,13.709097862243652,13.857572552221374,13.709097862243652,13.709097862243652,3652300,0.005170480631512188
2015-06-11,13.772730063078331,13.850502586114644,13.730309299845683,13.779800415039062,2417700,0.0051440918432736635
2015-06-12,13.723239130081183,13.779800597986233,13.60304584221648,13.617186546325684,1611200,-0.011871070245670893
2015-06-15,13.574766744623327,13.610117158869985,13.46871280481963,13.525274276733398,3275400,-0.006772607797957733
2015-06-16,13.511131668712594,13.56062277616067,13.454570210410287,13.489920616149902,3005500,-0.0026173182096791165
2015-06-17,13.532343113742185,13.737379269299108,13.518203758746168,13.709097862243652,3856400,0.0161169044100341
2015-06-18,13.779799851169827,13.949484245688685,13.694958328176245,13.907063484191895,3742600,0.014337185427033522
2015-06-19,13.871716130291269,13.935346612288338,13.77273253361718,13.801013946533203,3827500,-0.007654811544716984
2015-06-22,13.815150862377536,14.013115304344067,13.758588052065246,13.935342788696289,4178900,0.009686195897909951
2015-06-23,13.857569258229642,13.942410762165471,13.631323449692243,13.673744201660156,2679600,-0.01895074734563631
2015-06-24,13.680823948807841,13.76566551101952,13.553560256958008,13.553560256958008,4494800,-0.008828249998707703
2015-06-25,13.581834404277844,13.659606926160576,13.518203934638562,13.546483993530273,4704300,-0.0005222326224379638
2015-06-26,13.546478898025159,13.694953534086059,13.468706405396532,13.68081283569336,3511600,0.009867298461437777
2015-06-29,13.624256898380287,13.808082006204643,13.617186546325684,13.617186546325684,4244400,-0.0046616166772794525
2015-06-30,13.673748200158123,13.687888904459605,13.376800152485945,13.454572677612305,6446600,-0.012013687266051407
2015-07-01,13.48285026529567,13.55355242530644,13.426288806993364,13.489920616149902,3134400,0.0026237612584145225
2015-07-02,13.532338199632457,13.68788318488971,13.504058151378281,13.68081283569336,3589000,0.014051542684916329
2015-07-06,13.645471591414148,13.716173789259601,13.511138898893275,13.588910102844238,4107200,-0.006740301762302316
2015-07-07,13.631324816962696,13.899991404416227,13.624254466170298,13.85757064819336,5090600,0.01957767400988664
2015-07-08,13.843437475674962,13.857578184950505,13.511138898893275,13.588910102844238,4985000,-0.019577674009886588
2015-07-09,13.652537142322512,13.772730431809352,13.390940855430543,13.398011207580566,7152700,-0.014147747883587957
2015-07-10,13.426294299872412,13.638400866680389,13.405083238631986,13.518207550048828,2918900,0.008931205569325156
2015-07-13,13.567700966837393,13.624262457822617,13.482858056093397,13.553560256958008,2202100,0.0026117782375653154
2015-07-14,13.560625078420633,13.645466606012326,13.532343670202224,13.617186546325684,2129400,0.004683449161720381
2015-07-15,13.617183876016453,13.631324577352688,13.525270665862433,13.62425422668457,1667300,0.0005188918292800419
2015-07-16,13.659604056973533,13.723235861778743,13.546481148104592,13.603042602539062,5125300,-0.0015581148999021242
2015-07-17,13.581834396762517,13.645466214898319,13.42629070161485,13.433361053466797,3744000,-0.012552244679269662
2015-07-20,13.43335891723633,13.44042926796392,13.235393142458344,13.256604194641113,3683800,-0.013245385774305812
2015-07-21,13.256606092701452,13.299026854609219,13.11520175496662,13.14348316192627,2245600,-0.008569799296542027
2015-07-22,13.13641337788992,13.306097781385779,13.122272673798989,13.164694786071777,2780600,0.00161255019514088
2015-07-23,13.143485855599616,13.171765919823377,12.888958534925855,12.966731071472168,3371300,-0.015151680044663244
2015-07-24,12.945516765188431,13.023289282229507,12.867745596678999,12.931377410888672,2845800,-0.002730213487852298
2015-07-27,12.917241221367671,13.221259695809307,12.917241221367671,13.20711898803711,3452800,0.021099286080885488
2015-07-28,13.263675139105237,13.405078114392277,13.157622570507062,13.355587005615234,4595200,0.011178798103305014
2015-07-29,13.30609553953452,13.55355242530644,13.270745133794904,13.489920616149902,3367200,0.010007985966286893
2015-07-30,13.461646834710686,13.574769804033282,13.40508400151722,13.532347679138184,2423300,0.003140158138291845
2015-07-31,13.624253099609025,13.765656055679205,13.574761997557893,13.673744201660156,3686000,0.010394568706332409
2015-08-03,13.694964073878547,13.751525562448457,13.496998189617733,13.588910102844238,2634700,-0.00622348592201028
2015-08-04,13.581838660711224,13.744454107294855,13.31317194864931,13.334383010864258,2147600,-0.018908138318844137
2015-08-05,13.383869744609914,13.567694844494978,13.362658689362199,13.461642265319824,2940000,0.009498439408359129
2015-08-06,13.496990967004132,13.511131668712594,13.22832302866952,13.489920616149902,4578300,0.0020984579878710434
2015-08-07,13.461646834710686,13.617190580396215,13.383874287601838,13.532347679138184,4399200,0.003140158138291845
2015-08-10,13.461646195912044,13.850506215939284,13.376803298680082,13.808085441589355,4787900,0.020171378457843246
2015-08-11,13.801009153410401,13.899991367175744,13.617184078895106,13.687886238098145,4562600,-0.008743096667166095
2015-08-12,13.636322796847775,14.058875640061935,13.607674405562486,14.030228614807129,4325700,0.024702963206322273
2015-08-13,14.001581564851834,14.109011676432827,13.844019495779985,14.066039085388184,5087300,0.0025491279023036858
2015-08-14,14.03023105453935,14.27373695868589,14.00158265827236,14.26657485961914,3747500,0.014156062229754622
2015-08-17,14.26657485961914,14.323870286122402,14.216441532182628,14.26657485961914,3332000,0.0
2015-08-18,14.245083803782915,14.295217114472164,14.209274686442097,14.259407997131348,2802700,-0.0005024796288055757
2015-08-19,14.209275639791334,14.288057342463183,14.109009011685602,14.252246856689453,3316100,-0.0005023307576633874
2015-08-20,14.166305939127966,14.39548760848797,14.109010521787964,14.194952964782715,4707700,-0.0040280920255704985
2015-08-21,14.116174766946896,14.194956497658227,13.815374775570929,13.829697608947754,4218600,-0.026068195838624623
2015-08-24,13.29254683161167,13.657805566612407,13.070527298347393,13.242413520812988,7274400,-0.043393456587189676
2015-08-25,13.49308056565389,13.557538065651455,12.819858546807202,12.834182739257812,5067800,-0.03131268607768833
2015-08-26,13.020394722722205,13.06336593925733,12.69094508653866,13.056203842163086,5287800,0.017151273100677208
2015-08-27,13.163632035461973,13.442948346747823,13.092013799469473,13.428624153137207,4020700,0.028125148493787704
2015-08-28,13.421466246673146,13.514572168180635,13.34984662228986,13.478761672973633,3995500,0.0037266777372414244
2015-08-31,13.414302043031995,13.428626238867441,13.127824956475589,13.335521697998047,5289600,-0.010683957913415476
2015-09-01,13.113501171188021,13.12066326932997,12.712433237452714,12.776890754699707,4717400,-0.0427931499082678
2015-09-02,12.927287432458114,12.941611625101892,12.51905750432178,12.690943717956543,5898100,-0.006749483401535484
2015-09-03,12.719593815748752,12.941613367498185,12.712431718462593,12.848508834838867,3506400,0.012339114607737067
2015-09-04,12.726756278861476,12.74108047384554,12.562032134636,12.612165451049805,3504700,-0.01856590048757742
2015-09-08,12.805537596945486,12.898643505420335,12.748242178665011,12.877157211303711,2542500,0.020793122768705197
2015-09-09,12.94161356010017,12.955937754885666,12.690945615475563,12.712431907653809,3845000,-0.012874577877072508
2015-09-10,12.69810962677002,12.89864428590104,12.662300500439404,12.69810962677002,3279300,-0.0011272709305343795
2015-09-11,12.619326982465928,12.719593610795792,12.58351649661215,12.66946029663086,3233500,-0.00225873762494071
2015-09-14,12.690947903898119,12.791215919446458,12.6551387765077,12.75540542602539,2862600,0.006760740268523341
2015-09-15,12.784049982957125,12.827021196131687,12.683781997509497,12.79837417602539,3002000,0.003363008616852279
2015-09-16,12.834188626026542,13.013237015694306,12.769731096463683,12.991750717163086,1809800,0.014996450464615091
2015-09-17,12.991747265939493,13.299710632923315,12.941613948715233,13.092015266418457,2496400,0.00768792690105875
2015-09-18,12.948778166458636,13.142150735439678,12.898644841025922,12.927291870117188,4632300,-0.012661797345397012
2015-09-21,12.984585739185059,13.134987063500516,12.93445241975674,13.027558326721191,2875200,0.00772625961064472
2015-09-22,12.920127097284048,13.006069523714583,12.71243039568815,12.762563705444336,3422000,-0.020550809901044128
2015-09-23,12.76256522337265,12.855671123447983,12.690945615475563,12.712431907653809,3123500,-0.003935770059777786
2015-09-24,12.6766212790138,12.834183304823274,12.669459182472883,12.762563705444336,5344800,0.00393577005977774
2015-09-25,12.791214390478286,12.927290151120898,12.662299361633302,12.812699317932129,6715400,0.003920638209130479
2015-09-28,12.76256694315695,12.83418656070494,12.55487155490142,12.562033653259277,6013700,-0.019757750297520995
2015-09-29,12.590679728519472,12.647975145018917,12.519060116387546,12.55487060546875,5777900,-0.000570376660350939
2015-09-30,12.633653184146874,12.927292416402027,12.583519856595613,12.92013168334961,3367400,0.02867800417095204
2015-10-01,12.963098874219005,12.991745895598196,12.605002227782183,12.726755142211914,3464600,-0.015080208925880247
2015-10-02,12.719592315041488,12.912964820861816,12.619325696925861,12.912964820861816,4183100,0.014525349954909119
2015-10-05,13.00607204998642,13.306873332980775,12.93445243669624,13.28538703918457,3812200,0.028432880794090922
2015-10-06,13.271061907572387,13.35700433579005,13.142146899215625,13.242413520812988,3052900,-0.0032398883476996575
2015-10-07,13.29971122741699,13.478759577524448,13.256740005879742,13.299711227416992,4415000,0.0043174987800502765
2015-10-08,13.285389671779624,13.47160015682083,13.23525634235137,13.421466827392578,3545500,0.009113104396925458
2015-10-09,13.428630464944577,13.471601699943738,13.285391193572796,13.37133502960205,2330500,-0.003742188410289503
2015-10-12,13.371328516211326,13.493081427760245,13.23525141129659,13.278223991394043,2881700,-0.006987839237255349
2015-10-13,13.292546441418134,13.335519020295802,13.149308609916588,13.170793533325195,4469300,-0.008123632477181229
2015-10-14,13.199446893182007,13.220931824686765,13.063369740851986,13.077693939208984,3805400,-0.007093740896113034
2015-10-15,13.113500214554533,13.407139386800642,13.084853190107092,13.364168167114258,4947500,0.021669081862852303
2015-10-16,13.42146356799657,13.500245275697882,13.299710640653835,13.392816543579102,3066100,0.0021413763712049448
2015-10-19,13.11349662520352,13.271059997643663,13.077687512938072,13.235249519348145,5051100,-0.011834795884576308
2015-10-20,13.199445526394957,13.378493889224991,13.199445526394957,13.31403636932373,3329000,0.005935156341692446
2015-10-21,13.342685084971073,13.557543967166422,13.299713854944311,13.442953109741211,4191700,0.00963619155111277
2015-10-22,13.49308546667703,13.793886787247436,13.49308546667703,13.700780868530273,5540200,0.018997792526630863
2015-10-23,13.722265423341568,13.786722938570572,13.299711208409432,13.335521697998047,3988200,-0.027021549584451403
2015-10-26,13.371333482342761,13.457277308427056,13.256742624917552,13.442953109741211,4498200,0.008023757057820543
2015-10-27,13.385655987661865,13.435789310689378,13.256740947859344,13.31403636932373,4322900,-0.009636191551112777
2015-10-28,13.364169303207879,13.435788919460563,13.113501329338765,13.271064758300781,4340600,-0.003232761706675025
2015-10-29,13.220930070702511,13.314035981640169,13.084854302456028,13.271064758300781,5457300,0.0
2015-10-30,13.292549137116639,13.35700665247475,13.199444596060756,13.28538703918457,5422200,0.001078629207064317
2015-11-02,13.285389513600101,13.328362109196195,13.149313725638077,13.249580383300781,5130400,-0.002698829589452111
2015-11-03,13.242415622507872,13.414301872253418,13.177958108099483,13.414301872253418,4075300,0.012355558946606749
2015-11-04,13.407141291211907,13.471598812912546,13.314036740994673,13.378494262695312,4442600,-0.0026729297455080152
2015-11-05,13.435786994686177,13.536053623457674,13.228090273910519,13.256738662719727,5799800,-0.009142510478424425
2015-11-06,13.220928329102122,13.414300857702129,12.361497145374953,12.504734992980957,10387300,-0.05839862944824229
2015-11-09,12.483252904111787,12.583519556825715,12.368662053572812,12.53338623046875,6192500,0.0022886102146191414
2015-11-10,12.531931959982867,12.662700167359043,12.408428806979527,12.44475269317627,3397200,-0.007096918595473614
2015-11-11,12.473808822098508,12.633635808911732,12.357570761567622,12.590046882629395,5128900,0.011607508208838341
2015-11-12,12.502871545903913,12.626374696965366,12.277660406556826,12.28492546081543,3381900,-0.024533633389277696
2015-11-13,12.277658168890174,12.379367524306168,12.24859934281929,12.321247100830078,3838200,0.0029522402400800184
2015-11-16,12.299455609452066,12.524666749533766,12.263130338040552,12.517401695251465,3017200,0.0157946331068575
2015-11-17,12.502873008730315,12.582787229257455,12.357576063560836,12.401165008544922,3482600,-0.009329391306221258
2015-11-18,12.372103136761186,12.481076165305259,12.25586505489188,12.466546058654785,3038400,0.005258320766363279
2015-11-19,12.46654922673335,12.56099355829498,12.386635005514679,12.42296028137207,2664900,-0.003502345224587611
2015-11-20,12.47381616224359,12.5827892349075,12.343047920779782,12.41569709777832,3251000,-0.0005848290179212383
2015-11-23,12.422962364876987,12.510140270220505,12.321252961085788,12.350313186645508,4644100,-0.0052801450286170575
2015-11-24,12.335779913367043,12.422959182042547,12.241336975830427,12.393898963928223,4707000,0.0035229104968626354
2015-11-25,12.393899989228123,12.45928409972686,12.29219198874901,12.408430099487305,3043800,0.0011717558608746383
2015-11-27,12.401167195707197,12.466551317548745,12.350313186645508,12.350313186645508,1181200,-0.0046946663577374145
2015-11-30,12.35757572203871,12.415694775633801,12.306721723351448,12.313986778259277,4070000,-0.0029456692227095016
2015-12-01,12.357572479660476,12.459280450348876,12.2340693499672,12.343042373657227,4259500,0.0023567809948097976
2015-12-02,12.306718672944923,12.35030760592018,12.037917250651919,12.059712409973145,5754900,-0.02322218935495146
2015-12-03,12.001592890909325,12.08150570055751,11.878089764361613,11.950738906860352,4726900,-0.009077234736149324
2015-12-04,11.972535243072658,12.081508287319323,11.892622416314403,11.994330406188965,4627200,0.0036409623137842366
2015-12-07,11.95800911710227,11.987069344269575,11.776386854310307,11.921685218811035,3844800,-0.006075042928389371
2015-12-08,11.834503787382372,11.899886507718904,11.73279440822752,11.870827674865723,3236300,-0.004275094575376483
2015-12-09,11.863566150144324,12.088777368019347,11.812712138269438,11.921685218811035,2873100,0.004275094575376401
2015-12-10,11.92168199403234,12.008861266284631,11.674675672596297,11.725529670715332,5313100,-0.016590541274729285
2015-12-11,11.72552764243704,12.691757596563091,11.660143545974824,12.125097274780273,20470300,0.03350897166699372
2015-12-14,12.11056477070129,12.234067885611875,11.841763384484015,12.016121864318848,5570500,-0.009028222645851269
2015-12-15,12.066977427846645,12.321247357515878,12.05244732167492,12.270393371582031,4938000,0.020940081024753872
2015-12-16,12.313988688499792,12.80800002785913,12.299458576430114,12.786206245422363,7606300,0.04117763494830932
2015-12-17,12.80799271202044,12.996879904031934,12.669960883204586,12.960556030273438,10916700,0.013543640793409986
2015-12-18,12.88064772004014,12.938766775961886,12.648171496353152,12.662701606750488,8626900,-0.023249802566460885
2015-12-21,12.684494273224816,12.742614709712303,12.539197339008515,12.735349655151367,4986900,0.005720773281581035
2015-12-22,12.749878075903222,12.866116174783572,12.539197041307878,12.778938293457031,9144400,0.0034168055796789574
2015-12-23,12.84432564900051,13.178509921467928,12.84432564900051,13.113125801086426,8384000,0.025815328250177523
2015-12-24,13.113126008684436,13.236629195174958,13.062271999953246,13.156716346740723,3405300,0.0033186789183203827
2015-12-28,13.10585354370572,13.229355261656174,13.004144208824634,13.207561492919922,4482900,0.003857128917056379
2015-12-29,13.316539200827158,13.425512240029638,13.251155100172193,13.410982131958008,4442500,0.015284427431027961
2015-12-30,13.367397484285254,13.425516549560362,13.236629240999305,13.294748306274414,3638600,-0.008704840327237819
2015-12-31,13.287478191962318,13.425510039011334,13.120384747867115,13.338332176208496,4090500,0.003272915340643123
2016-01-04,13.265677493219162,13.28747264265103,13.04046649175612,13.272942543029785,5118100,-0.004914440625230969
2016-01-05,13.302008590515243,13.432776786887791,13.10585768162374,13.396452903747559,4854700,0.00926239546595074
2016-01-06,13.280212131802976,13.403715249461806,13.149443961850444,13.22935676574707,4372800,-0.012551605663960566
2016-01-07,13.062268827771529,13.156713151623132,12.916971893206146,12.967825889587402,3701400,-0.019966999390245852
2016-01-08,13.033209848607742,13.251155940839434,12.90970669349846,12.938765525817871,4660200,-0.002243473523195428
2016-01-11,12.866119090470095,12.989622271726867,12.66996812020043,12.786206245422363,6813900,-0.01186093188151506
2016-01-12,12.815261722218834,12.851586992864258,12.444752275639852,12.568255424499512,5609100,-0.017192728633404174
2016-01-13,12.582787229257455,12.720820504985902,12.372106173778057,12.401165008544922,7041800,-0.013383803647704008
2016-01-14,12.430220855788104,12.86611292360889,12.306717733727657,12.80799388885498,6195400,0.03227907805954464
2016-01-15,12.560991756037819,12.662699742510224,12.357574397425614,12.568255424499512,6491900,-0.018895274411840628
2016-01-19,12.662698486782444,12.73534763520147,12.58278428495479,12.713552474975586,4798000,0.011494324358816773
2016-01-20,12.546458910307752,12.669962032220662,11.899883090567426,12.277657508850098,8473300,-0.034887400591938435
2016-01-21,12.313987271220007,12.793469828991316,12.277661995226667,12.662701606750488,9739900,0.03087964309347498
2016-01-22,12.909705199334859,12.982354350226196,12.793467112175641,12.916970252990723,6390700,0.01988117930457346
2016-01-25,12.851588836816164,12.938766727538725,12.364841225667833,12.42296028137207,4858100,-0.03899557427085512
2016-01-26,12.495605076692351,12.69902100767233,12.495605076692351,12.619108200073242,3556400,0.015665792970261043
2016-01-27,12.604577864408943,12.677227003716858,12.473809690788114,12.575517654418945,3908800,-0.003460308511916515
2016-01-28,12.713556430765857,12.84432466147485,12.539199251709762,12.742616653442383,4402600,0.013200137364977252
2016-01-29,12.858853858884473,13.033211025548328,12.844323748578923,12.982357025146484,5865900,0.018639265920137142
2016-02-01,13.258426764730196,13.65799523624936,13.251161707072093,13.527228355407715,10143200,0.04111328563205368
2016-02-02,13.454571873406875,13.519955971229818,13.229359365053488,13.381922721862793,5600800,-0.010799823855431922
2016-02-03,13.476364797026694,13.999437546545435,13.46910112943202,13.839609146118164,6606100,0.03362996334171016
2016-02-04,13.846878706647532,13.9776469365933,13.73790564358195,13.766965866088867,4189900,-0.005262764226417012
2016-02-05,13.83235015128483,13.83235015128483,13.556283576742516,13.694316864013672,6012200,-0.005291025351793954
2016-02-08,13.708844225529852,13.84687609944491,13.280215723932244,13.389188766479492,8203300,-0.022533346485051512
2016-02-09,13.389189114726843,13.607135205490032,13.309274901468862,13.476366996765137,6138800,0.006489985693850038
2016-02-10,13.505427591882698,13.59987053100739,13.163978337302675,13.447308540344238,6144800,-0.0021585810350399884
2016-02-11,13.335320120729842,13.460569037312693,12.908000535668537,13.003778457641602,6796100,-0.033539011680221074
2016-02-12,13.033251586094933,13.254278460838039,12.930104493327498,13.239542961120605,7357400,0.017968064541571488
2016-02-16,13.320586880264464,13.4163648184647,13.114294098807934,13.335322380065918,6571600,0.007208302464539376
2016-02-17,13.453201596084408,13.607920105558206,13.291115337789801,13.512142181396484,4172400,0.013172369227244131
2016-02-18,13.541614831006761,13.74790762883585,13.482674232377693,13.67423152923584,3643900,0.011924449374341
2016-02-19,13.578449588718218,13.62265467337141,13.482670265839612,13.585817337036133,2863500,-0.006486745688287151
2016-02-22,13.681594816994105,13.88788754753366,13.622654237590556,13.73316764831543,5069500,0.010787497433482162
2016-02-23,13.607921006609164,13.696332593058665,13.548980417394326,13.68896484375,3282100,-0.0032238807731692935
2016-02-24,13.563716249070533,13.917359793043321,13.52687890687715,13.895257949829102,3920000,0.014957604843218272
2016-02-25,13.92472361179006,14.123648576091636,13.799474716332119,14.101545333862305,5659000,0.014736762283354467
2016-02-26,13.814214497146029,13.983668524383257,13.556348878815056,13.652128219604492,6866900,-0.03238896652309017
2016-02-29,13.630025436435274,13.865787813738281,13.630025436435274,13.72580337524414,5603900,0.005382096396126317
2016-03-01,13.85105463485096,13.946833994964095,13.703703826972456,13.755276679992676,4188800,0.0021449896430418528
2016-03-02,13.681593272235487,13.909987815979934,13.497403806739039,13.865782737731934,5520500,0.0080016226511909
2016-03-03,13.880521196391525,13.902624442862681,13.615287859755254,13.836316108703613,4531100,-0.0021273940508997067
2016-03-04,13.792110985830188,14.477296236701966,13.777376891973509,14.359415054321289,7060400,0.03710909077035424
2016-03-07,14.300475440727668,14.639384917181259,14.256270345626639,14.506768226623535,6150500,0.010209486359545189
2016-03-08,14.49939855528645,14.661484819349019,14.374149631384414,14.632015228271484,3918500,0.008596637068002358
2016-03-09,14.639376964569946,14.860403725260419,14.609905980342484,14.698317527770996,5377300,0.0045210815019965525
2016-03-10,14.683590527026547,14.963558012820387,14.617282179423196,14.875147819519043,6677100,0.011958855487761188
2016-03-11,14.985657110767216,15.074067279567268,14.845672704037117,14.941452026367188,3223300,0.004447476672894982
2016-03-14,14.926718692523838,15.14037780245927,14.897247695150952,15.05196762084961,3783400,0.007369356074309752
2016-03-15,14.963551607166437,15.16247656481994,14.92671427660279,15.1109037399292,5307400,0.003907863636569064
2016-03-16,15.029861088998757,15.258255647719514,14.9709205123852,15.199315071105957,3559100,0.0058337805127485955
2016-03-17,15.22878892104171,15.597167945348229,15.22878892104171,15.523491859436035,4062700,0.021104114665951537
2016-03-18,15.567697952510626,15.634006293580967,15.265627245525533,15.272994995117188,7773400,-0.016268244498003386
2016-03-21,15.243528932322187,15.457188098944256,15.147749570703256,15.435086250305176,3092400,0.010557010014300906
2016-03-22,15.457179682711148,15.508752508461436,15.354034031210569,15.449811935424805,2698600,0.0009535848975082954
2016-03-23,15.412983613025457,15.48665972369793,15.31720565282969,15.427719116210938,3025600,-0.0014309967300800712
2016-03-24,15.354043562548863,15.530865391424543,15.265631945483534,15.471924781799316,2021200,0.002861243054614938
2016-03-28,15.516128132095929,15.530863634148696,15.250896121420194,15.317204475402832,2826400,-0.010050404963922796
2016-03-29,15.317199888335447,15.685578897806666,15.280361144235684,15.656107902526855,3483400,0.02188444999197372
2016-03-30,15.700312420846796,15.759253004014633,15.214052258398542,15.361404418945312,7644600,-0.019002965093019696
2016-03-31,15.398245532606023,15.516126727850008,15.302467588440797,15.412981033325195,6063300,0.003351921535531259
2016-04-01,15.354033242345128,15.663471586202526,15.27298943161337,15.619266510009766,4669700,0.013295106322548848
2016-04-04,15.60453725597966,15.6119050058336,15.40561222568704,15.442449569702148,3055000,-0.011385002022548028
2016-04-05,15.390871105873545,15.449811677927833,15.103535992765652,15.1109037399292,3407400,-0.021703597687604395
2016-04-06,15.125641049183974,15.280359542420891,15.081434560898353,15.265624046325684,3750400,0.010186920998347
2016-04-07,15.18458481052643,15.361406584962493,15.18458481052643,15.272994995117188,3196200,0.00048272968234981564
2016-04-08,15.398244242140201,15.479288084048987,15.339303649457786,15.405611991882324,3524000,0.008645622200390758
2016-04-11,15.435085628842668,15.582436433104963,15.324570769077425,15.36877727508545,2329100,-0.002393856402321563
2016-04-12,15.398239835478655,15.737149200354539,15.39087208784503,15.663473129272461,3648200,0.01899344775926753
2016-04-13,15.715044409303086,15.737147650026484,15.545590446185805,15.619266510009766,2396600,-0.0028262645278811175
2016-04-14,15.60453725597966,15.641374599994768,15.398244475833097,15.442449569702148,2916400,-0.011385002022548028
2016-04-15,15.435083285057859,15.516125723256813,15.398244535645059,15.464552879333496,2740700,0.0014303110394494575
2016-04-18,15.398242698826495,15.49402203061989,15.295097023283855,15.486654281616211,3955300,0.0014281450105828935
2016-04-19,15.545600895144595,15.597173752909796,15.405616420314065,15.471924781799316,4859500,-0.0009515618205957518
2016-04-20,15.457175510552332,15.508748322382228,15.14036948902157,15.16247272491455,3448800,-0.020203601712712134
2016-04-21,15.17721578955005,15.287729213658139,15.074068709161995,15.140377044677734,4541900,-0.0014583238421959411
2016-04-22,15.22878924954467,15.420346514946711,15.221421500269074,15.331934928894043,2565600,0.01257275179758466
2016-04-25,15.295098804187932,15.523493428877666,15.214054960965454,15.516125679016113,3855700,0.011941946134817904
2016-04-26,15.538220747364907,15.633998634626598,15.449809200831618,15.545588493347168,3080100,0.0018970506909866114
2016-04-27,15.57506345406221,15.847664528589124,15.57506345406221,15.788723945617676,3577800,0.015519110719900631
2016-04-28,15.670840914976885,15.847662642850935,15.582429348412772,15.737149238586426,3039800,-0.003271900051126077
2016-04-29,15.64874209460347,15.840299371917675,15.538228659106123,15.803462028503418,4204000,0.004204920891594267
2016-05-02,15.8108229801161,16.024483433754796,15.796088890928747,15.987646102905273,4366700,0.011587273675652345
2016-05-03,15.906603532481393,15.958176361804883,15.707678557730041,15.796090126037598,2559000,-0.012053856402110333
2016-05-04,15.781356492508777,16.090794910215003,15.7076804111017,15.97291374206543,3601000,0.011131947527250607
2016-05-05,15.980283337853775,16.127634112445477,15.877136249859598,15.950812339782715,3166200,-0.001384638231587363
2016-05-06,15.936076164245604,15.987650408680585,15.810827238269601,15.936076164245605,2182100,-0.0009242781141426526
2016-05-09,16.017118828807927,16.090794910215003,15.950810496066994,15.97291374206543,3982700,0.0023089163457298855
2016-05-10,15.995012118091001,16.2970841269529,15.995012118091001,16.2823486328125,5953600,0.019187218524551884
2016-05-11,16.31182139234595,16.429702557916766,16.17183838651457,16.21604347229004,6124400,-0.004080525110915921
2016-05-12,16.214561273594704,16.527670099892756,16.19219584960098,16.482940673828125,4730000,0.016324857535802872
2016-05-13,16.453113042298355,16.587302684783936,16.333833676071663,16.400928497314453,3532400,-0.004987998591421186
2016-05-16,16.423291813515878,16.587300565643798,16.318921314959905,16.579845428466797,3818800,0.010849877975842626
2016-05-17,16.542573277929478,16.587302684783936,16.304014545476093,16.400928497314453,4290000,-0.0108498779758426
2016-05-18,16.311473265781874,16.34129382744812,15.953635057322769,16.05055046081543,5176000,-0.021594803305527332
2016-05-19,15.953626971759038,16.333830408774396,15.841802766030268,16.318920135498047,3391200,0.016582033566815983
2016-05-20,16.37855599938345,16.453105926513672,16.259276684743732,16.453105926513672,2592700,0.008189090332665471
2016-05-23,16.460566798818046,16.505296201918163,16.35619771761041,16.386016845703125,3231700,-0.004085929737682829
2016-05-24,16.415835116217067,16.512749046463544,16.311464627580218,16.423290252685547,2923500,0.0022721249739371817
2016-05-25,16.423294048437857,16.542573415657632,16.356199226636456,16.490388870239258,2492900,0.004077253731315047
2016-05-26,16.49038420411661,16.669303204319313,16.415834265218365,16.661848068237305,2480100,0.01034384057323972
2016-05-27,16.68421826849361,16.7811336517334,16.59475944603479,16.7811336517334,3541900,0.007133699402849846
2016-05-31,16.766219033584257,16.945138054105758,16.699124223148445,16.796039581298828,3771200,0.0008878609548916214
2016-06-01,16.796041317162903,16.840770721435547,16.66185168242284,16.840770721435547,2324200,0.0026596556630830433
2016-06-02,16.74385603711289,16.87059053932985,16.661852362917575,16.84822654724121,1896500,0.00044262676433667425
2016-06-03,16.96004918395283,17.146423350809453,16.922774919350324,17.079328536987305,2809900,0.013623472927522102
2016-06-06,17.079330935997348,17.243339713976365,17.027146389455037,17.198610305786133,3501500,0.006959709615098462
2016-06-07,17.273159199737048,17.31043346727129,17.168790113103437,17.228429794311523,3783300,0.0017323299299599577
2016-06-08,17.243338460347225,17.340253829956055,17.21351933102907,17.340253829956055,2915600,0.006469695341069881
2016-06-09,17.325343895826947,17.45953353520895,17.258249076135943,17.43716812133789,2968400,0.005573417281361125
2016-06-10,17.35516780137321,17.407352355234334,17.161338442801576,17.250797271728516,3069800,-0.0107456658721384
2016-06-13,17.19860580451387,17.3029748702827,17.09423673874504,17.124055862426758,3358100,-0.007374110552855738
2016-06-14,17.13897062089174,17.206065444138215,17.027146389455037,17.198610305786133,2549600,0.004344333872603132
2016-06-15,17.20606579692962,17.25825034454192,17.042057015587783,17.10915184020996,4216000,-0.005215068703409586
2016-06-16,17.08678830045723,17.220977964432727,16.93768835783502,17.17624855041504,2692900,0.003914015592528614
2016-06-17,17.109149748447933,17.243337959364183,17.056963785293604,17.22097396850586,4244100,0.0026005264391181326
2016-06-20,17.317887571528345,17.36261839620623,17.16133395092198,17.31043243408203,4082600,0.005181292917241628
2016-06-21,17.317891986554542,17.645911008207204,17.22097801888935,17.519176483154297,3439200,0.011986729391859938
2016-06-22,17.414806237433123,17.511720198761363,17.30298057646362,17.325345993041992,3749600,-0.011125564402425448
2016-06-23,17.39989262503526,17.519171980082053,17.302977260358443,17.511716842651367,2829600,0.010699675142548246
2016-06-24,17.243339653356657,17.534084360376667,17.11660514566133,17.39989471435547,3324700,-0.006406035454391497
2016-06-27,17.347708983345164,17.459533206752422,17.17624507932589,17.27315902709961,3554300,-0.007310359947585549
2016-06-28,17.40734858698552,17.608633041381836,17.258248675153702,17.608633041381836,4954200,0.019235500140976323
2016-06-29,17.690637533341942,17.914287411458645,17.653363264616928,17.891921997070312,4266800,0.015960030410624156
2016-06-30,17.914287411458645,17.97392709457199,17.780097768973064,17.891921997070312,8554300,0.0
2016-07-01,17.951558907638187,18.04101912945254,17.839734696811735,17.9291934967041,3579300,0.00208098003483715
2016-07-05,17.757729611975407,17.9813794555503,17.66827081208304,17.9291934967041,7099300,0.0
2016-07-06,17.891919233735948,17.973924318572273,17.73536562296331,17.9291934967041,5879800,0.0
2016-07-07,17.89191853480595,17.929192796318024,17.51171509531069,17.534080505371094,8357500,-0.022283861399552747
2016-07-08,17.556447231367816,17.824826506257605,17.46698842101932,17.817371368408203,4040900,0.016027456429263526
2016-07-11,17.75772788710838,17.809912418963734,17.638448550889898,17.750272750854492,3499200,-0.003773018922939781
2016-07-12,17.71300142143282,17.79500651186827,17.638451468484423,17.668272018432617,4811600,-0.004630392325127153
2016-07-13,17.78755117961233,17.86209970982236,17.683180677858566,17.847190856933594,6518200,0.01007563115564434
2016-07-14,17.772642168905012,17.832281850468227,17.556447434536988,17.638452529907227,3415300,-0.0117647992105776
2016-07-15,17.698086853777824,17.973921186206503,17.653357461626758,17.9366455078125,4717800,0.016764533521402458
2016-07-18,17.959015766594987,17.99629003313714,17.79500700311854,17.854646682739258,3871800,-0.004582062480585301
2016-07-19,17.854648435293413,17.90683298234354,17.757733057695518,17.83228302001953,4065300,-0.001253325283707189
2016-07-20,17.839735695974717,18.011199590306713,17.780096018732195,17.981380462646484,5258600,0.008326336348261073
2016-07-21,17.944102544749796,18.09320243028014,17.891918011390743,18.070837020874023,3335400,0.004962620779711271
2016-07-22,18.05593047314425,18.421223703944957,18.04847533513744,18.406314849853516,4146100,0.01839437954374686
2016-07-25,18.376498169075614,18.406318727384953,18.167759948600168,18.27212905883789,3452600,-0.007316907446202874
2016-07-26,18.287032937760205,18.31685206371074,18.08574850538664,18.130477905273438,2983900,-0.007782512316112206
2016-07-27,18.13048004847224,18.160300599869842,17.698092006662108,17.817371368408203,5296800,-0.01742048336351372
2016-07-28,17.809923553552625,17.85465439904123,17.631004437366432,17.7204647064209,5025000,-0.005453731171242858
2016-07-29,17.72791392591927,17.869557290220406,17.70554851064539,17.83228302001953,5192600,0.006290297625352504
2016-08-01,17.809915205848196,17.899375432971663,17.61608589868241,17.645906448364258,3536600,-0.01050664021733204
2016-08-02,17.608630821779133,17.645905084077523,17.41480152959919,17.49680519104004,5490100,-0.008485523457134285
2016-08-03,17.489355925766585,17.586271315354214,17.362622822636116,17.519176483154297,2869200,0.0012777762660624867
2016-08-04,17.53408171408676,17.645905928253537,17.47444203840301,17.593721389770508,5560400,0.0042460191626150735
2016-08-05,17.593725805727136,17.593725805727136,16.535120230193183,16.900413513183594,12014600,-0.040204009314548345
2016-08-08,16.84822551782677,17.04205482831118,16.78113070181593,16.93022918701172,17377800,0.0017626435188894314
2016-08-09,16.90786880497341,17.049513604774756,16.878048248416327,16.922779083251953,6491900,-0.00044014427436180097
2016-08-10,16.937679448473048,17.049505057579708,16.8109449904843,16.8929500579834,4436500,-0.0017642105471522363
2016-08-11,16.90041366583414,16.922779083251953,16.773679144311338,16.922779083251953,6784800,0.0017642105471522807
2016-08-12,16.96651597457319,17.13995112601751,16.943893435496783,17.01930046081543,3926700,0.0056874321809605366
2016-08-15,17.056999686215725,17.147486939423715,16.91372652398929,16.928808212280273,5462300,-0.005331222645529593
2016-08-16,16.928806487967847,16.928806487967847,16.604557414083413,16.687503814697266,7132000,-0.01435663388882654
2016-08-17,16.62717549078563,17.094697627523008,16.566850192974538,17.034372329711914,6759800,0.020573039755169203
2016-08-18,17.011753732854576,17.23797473059742,16.95896926486191,17.20781135559082,5187300,0.010130224794312411
2016-08-19,17.14748685338501,17.305841703107873,17.06453900646975,17.21535301208496,5258700,0.00043817334944869067
2016-08-22,17.215355744047443,17.3586289282915,17.170112110490596,17.298303604125977,3355600,0.0048068364753402785
2016-08-23,17.34354420094656,17.426492046501494,17.22289357374062,17.23043441772461,2243700,-0.0039311760402836685
2016-08-24,17.20026991785924,17.237974135315447,17.07961929853706,17.162567138671875,4070100,-0.003946580063987252
2016-08-25,17.177650487793407,17.215353270628963,17.07962095119061,17.12486457824707,1842700,-0.002199206749097804
2016-08-26,17.1851886462484,17.268135043177242,16.808155123741173,16.83077621459961,2242400,-0.01732234824701331
2016-08-29,16.860943242395503,17.124865614756658,16.860943242395503,17.094703674316406,2742100,0.015559560854824718
2016-08-30,17.072081100598368,17.117326168557152,16.913727677549787,16.943889617919922,1723600,-0.008861414570554752
2016-08-31,16.943889617919922,17.011755781589045,16.838320669220867,16.943889617919922,2325900,0.0
2016-09-01,16.898645929234352,17.00421487756485,16.838320610435634,16.921268463134766,2641800,-0.0013359546762183115
2016-09-02,16.936345589757376,17.200269350164664,16.906183655056743,17.064537048339844,3180800,0.00843113362908021
2016-09-06,17.177651606145165,17.313382496151316,17.102244597295705,17.192731857299805,5097300,0.007484274809440281
2016-09-07,17.17765090676457,17.61500981436168,17.117325589794934,17.562225341796875,5334100,0.02126357999343659
2016-09-08,17.53205947345558,17.841226858786197,17.509436943454997,17.82614517211914,3992500,0.014915901446466113
2016-09-09,17.61501378553508,17.645175731685182,17.049463272094727,17.049463272094727,5075000,-0.044547485925402766
2016-09-12,16.974049630680863,17.35862400245682,16.876020107811367,17.30583953857422,4185100,0.014925266538870852
2016-09-13,17.237976746395304,17.245517591028776,16.830779765802163,16.921268463134766,3604300,-0.022472670491891333
2016-09-14,16.974055950846672,17.102247455836494,16.793079962320327,16.91373062133789,2932000,-0.00044556477762930943
2016-09-15,16.913727997827017,17.124865899223217,16.876023773814065,17.079622268676758,2497000,0.009760317837979038
2016-09-16,17.064538318366495,17.41895078579037,16.9740510692613,17.38124656677246,5743400,0.017505768776518184
2016-09-19,17.44911445464768,17.58484678004648,17.381248291948285,17.569765090942383,2063100,0.010787690739146573
2016-09-20,17.68287774050803,17.780905851016133,17.65271435987837,17.69795799255371,2934700,0.007269733057603731
2016-09-21,17.720576646588952,18.15793550203784,17.682873867329274,18.11269187927246,3073500,0.023163636067248264
2016-09-22,18.248425315810064,18.391697036483524,18.127774688785614,18.180559158325195,3959700,0.0037399437205772814
2016-09-23,18.142853348749252,18.27104480851396,18.105150570458548,18.240882873535156,3008600,0.0033125415692134737
2016-09-26,18.263505371378248,18.376616591496813,18.195639214614673,18.293668746948242,1913200,0.0028896432446607594
2016-09-27,18.338906145014363,18.421853961397805,17.999576914685456,18.007116317749023,3285000,-0.015787999122178393
2016-09-28,18.059911232000967,18.203182974099448,17.931719741833962,18.18810272216797,3150200,0.010000652994189438
2016-09-29,18.11268891648569,18.188095900939167,17.713032905670293,17.780899047851562,3571300,-0.022642889817405806
2016-09-30,17.841232201320228,17.92418006455886,17.441576014579553,17.516983032226562,5115800,-0.01495392460543818
2016-10-03,17.479280153529285,17.479280153529285,17.087164814376973,17.26814079284668,2697100,-0.014307638266702085
2016-10-04,17.260595578508283,17.29075895308661,16.73274946780739,16.86094093322754,2772200,-0.023863471426056236
2016-10-05,16.913728413063307,17.03437905632859,16.80061861478574,16.853403091430664,3477300,-0.00044715934066297394
2016-10-06,16.762912246413098,16.958969876217036,16.664884150645594,16.815696716308594,3201500,-0.002239821741666269
2016-10-07,16.921261604360506,17.06453327951633,16.50652394724145,16.51406478881836,5147400,-0.018100349294109534
2016-10-10,16.514074629353253,16.815701280822804,16.514074629353253,16.7252140045166,2946200,0.01270497216546204
2016-10-11,16.664883921048105,16.6724247649677,16.461285450025716,16.468826293945312,2752200,-0.015448123038887124
2016-10-12,16.506529995697495,16.687505945052518,16.49898915135741,16.649803161621094,2449200,0.010929115851375973
2016-10-13,16.63472586714418,16.981597607072153,16.589482227421183,16.84586524963379,2896000,0.01170684667623262
2016-10-14,16.830782175852608,16.989137059292716,16.770456848415723,16.868486404418945,2499200,0.0013419304877585788
2016-10-17,16.898648929393367,16.996678488763454,16.85340529182911,16.91373062133789,1642000,0.002678583465140688
2016-10-18,17.011753301383692,17.041916675625252,16.78553374764736,16.974050521850586,1384900,0.003559983107956341
2016-10-19,17.00421174066979,17.109782107793972,16.876020282087325,17.064537048339844,2463500,0.005316715298753199
2016-10-20,17.049453525075744,17.185185800827604,16.99666907078747,17.087156295776367,2790600,0.0013246342145336867
2016-10-21,16.989134502558194,17.170110457633353,16.921268339621378,17.13240623474121,2541300,0.0026446840341101075
2016-10-24,17.2078137351204,17.2078137351204,16.91372797948373,17.004215240478516,1819700,-0.007510502873555668
2016-10-25,16.95143050198531,17.185192372175273,16.853402397718177,17.094703674316406,1784400,0.005307420242604753
2016-10-26,17.049453525075744,17.109778821157846,16.853395953241783,17.087156295776367,2204400,-0.00044160140315910307
2016-10-27,17.034382153533034,17.04192299989184,16.72521464416903,17.01930046081543,3836000,-0.003979066191197755
2016-10-28,17.026838529561623,17.155030020210447,16.906187884041454,16.9891357421875,2193300,-0.0017739555184697403
2016-10-31,17.049460122581806,17.43403457327189,17.04191927786995,17.192731857299805,4297800,0.011912662304574185
2016-11-01,17.215352873173995,17.27567818727952,16.943888240564654,16.966510772705078,4955000,-0.013245281480047987
2016-11-02,16.928809186378277,16.928809186378277,16.52161220870499,16.672426223754883,3376200,-0.017485216108359784
2016-11-03,16.627183161084897,17.026839342366944,16.604562062888224,16.99667739868164,3823700,0.019261647328975513
2016-11-04,17.351087268967216,17.788446208216005,17.230436626296456,17.290761947631836,5814100,0.017154489595585333
2016-11-07,17.569764873307317,17.841229520742303,17.268138286306787,17.811067581176758,4580800,0.02964767088680309
2016-11-08,17.652711141498116,17.99204192037047,17.64517029771552,17.87139129638672,3399000,0.003381144381670625
2016-11-09,17.305849163048006,17.697963157789925,17.275685773615013,17.50190544128418,6024300,-0.02089142532030975
2016-11-10,17.43403434753418,17.516980761752425,16.90618673069165,17.43403434753418,5916900,-0.0038854646273613347
2016-11-11,17.41895261733619,17.569765194458594,17.17011049872863,17.283220291137695,3435800,-0.008688187279964264
2016-11-14,17.190176079607095,17.624887469197176,17.022391715454297,17.510488510131836,5035500,0.013063939377042698
2016-11-15,17.6096381980001,17.983337575629886,17.57913141387839,17.746915817260742,3427600,0.013411699218897165
2016-11-16,17.76979239523878,17.838431196929506,17.50286533826748,17.70878028869629,2636700,-0.0021511659597119297
2016-11-17,17.647768182153797,17.80792587097994,17.647768182153797,17.70878028869629,2410200,0.0
2016-11-18,17.739288486726934,17.91469812522209,17.724035095211665,17.80030059814453,3979800,0.0051547666014433126
2016-11-21,17.89943330276677,18.036710829449028,17.861301302973946,17.93756675720215,2294300,0.007681870477127279
2016-11-22,17.983332945412638,18.11298383526129,17.922320847521696,18.013839721679688,2525500,0.0042431207222809525
2016-11-23,17.81554925515557,18.09772964998086,17.81554925515557,18.00621223449707,2492900,-0.00042351339780991303
2016-11-25,18.02909122725062,18.280766306907662,18.02909122725062,18.265514373779297,1219400,0.01429799907545922
2016-11-28,18.3036491122464,18.486685428811665,18.2045049862648,18.433300018310547,2567900,0.009143990964907454
2016-11-29,18.31127184323305,18.623958998171776,18.196874351975012,18.372283935546875,3963200,-0.003315591391606038
2016-11-30,18.41804677197834,18.425673467058484,18.19687843322754,18.19687843322754,4935700,-0.009593156427413882
2016-12-01,18.1511173248291,18.21212942767425,17.97570771097971,18.1511173248291,3532800,-0.002517945301872432
2016-12-02,18.288388757281833,18.448546382434326,18.20449805329032,18.379907608032227,4181500,0.012525970735705152
2016-12-05,18.341778423244868,18.38753858660896,18.16636882761188,18.288393020629883,3686700,-0.004991492697531184
2016-12-06,18.349405877116702,18.425671364572423,18.105357480972938,18.1358642578125,2609100,-0.008375168955395565
2016-12-07,18.181620965235798,18.372283935546875,18.166367578496587,18.372283935546875,3910900,0.012951792646508021
2016-12-08,18.235005103657297,18.40278798226131,18.112980927464758,18.34177589416504,4739700,-0.0016619272586729807
2016-12-09,18.311272219931297,18.662091394292055,18.273138752298788,18.6315860748291,4378600,0.015677022631243598
2016-12-12,18.593452780768505,18.761237130631724,18.547694073825387,18.692598342895508,3196500,0.0032693184519401535
2016-12-13,18.79174374121429,18.868009227787,18.662092850433634,18.74598503112793,3741100,0.0028519628472569655
2016-12-14,18.852760821739533,18.951906416878085,18.402795932156373,18.440929412841797,5227400,-0.016406978957544706
2016-12-15,18.402790095091273,18.616333155266624,18.265513972096144,18.540067672729492,6275900,0.005361591368093947
2016-12-16,18.433295741343166,18.631585401941738,18.40278896833892,18.52481460571289,12803100,-0.0008230468810374238
2016-12-19,18.669720017658026,18.715480183547143,18.517190495290578,18.65446662902832,4417400,0.0069744516066042195
2016-12-20,18.684969311487357,19.01290982194204,18.65446254091349,18.80699348449707,4508000,0.008143179569671286
2016-12-21,18.822247983947854,19.051042958223626,18.791741211568166,18.799367904663086,3527600,-0.00040554734129087417
2016-12-22,18.814629693161912,18.997666045252195,18.776497665301125,18.94428062438965,2292900,0.007678824778762218
2016-12-23,18.94427410903903,18.982406123785378,18.860381931025312,18.936647415161133,1767700,-0.0004030106825186004
2016-12-27,18.890889328406303,18.944274732665836,18.791743759373023,18.883262634277344,1190700,-0.002823106467999606
2016-12-28,18.890892506735398,18.92139783374048,18.616337290472615,18.639217376708984,1722300,-0.013008132658583171
2016-12-29,18.700225871306003,18.898515549768963,18.669719095553333,18.860382080078125,1629100,0.011795713604982421
2016-12-30,18.913770351758874,18.936650437043724,18.753614118694966,18.791746139526367,2036500,-0.0036457974527361586
2017-01-03,18.85275471936535,18.868008106702213,18.646839808890046,18.753610610961914,2246400,-0.002031438504234251
2017-01-04,18.837505522244022,19.157819429618517,18.837505522244022,18.921396255493164,3758700,0.008907058963898925
2017-01-05,18.906144320584506,19.066300546950107,18.784118658812197,18.921396255493164,3079600,0.0
2017-01-06,18.91377035460268,19.409495353345548,18.906145114149936,19.340856552124023,3202300,0.021926419432650047
2017-01-09,19.37898711826808,19.40949389636246,18.974781036376953,18.974781036376953,2497700,-0.019108994562266234
2017-01-10,18.95952322776065,19.127306091366012,18.868004376475945,19.028162002563477,2923500,0.0028093088074608095
2017-01-11,19.005287846855104,19.417119169328316,19.005287846855104,19.386613845825195,2703000,0.018662727519385
2017-01-12,19.37899001594189,19.424748735282368,19.195953683936526,19.317977905273438,2354600,-0.003546659938417106
2017-01-13,19.27221633706282,19.417119169328316,19.256962947989635,19.386613845825195,3594300,0.003546659938417168
2017-01-17,19.432370025817733,19.638286387539274,19.36373123857722,19.43999671936035,2603500,0.002749810318014609
2017-01-18,19.401867410436545,19.68404783762722,19.386614021225355,19.584903717041016,2759300,0.007426420672382439
2017-01-19,19.523893033459778,19.554398359455433,19.30272323775698,19.40186882019043,2460600,-0.009389658580071096
2017-01-20,19.440001162821993,19.523893356323242,19.35610896932074,19.523893356323242,2922900,0.006269623458763971
2017-01-23,19.531519728619536,19.5772784449347,19.31797662807649,19.40186882019043,1844800,-0.006269623458764016
2017-01-24,19.455252332068444,19.653542022931113,19.356106759315495,19.53914451599121,3809500,0.007050472121519705
2017-01-25,19.4933914258962,19.874717557218506,19.485764728712503,19.79082679748535,4044700,0.012798672801881137
2017-01-26,19.806077630654727,19.867089750071834,19.630667969161003,19.821331024169922,3078700,0.0015401449651743506
2017-01-27,19.8289513717577,19.874710083007812,19.72218056062637,19.874710083007812,3104600,0.0026893911595472163
2017-01-30,19.874710373886543,19.874710373886543,19.516264463668705,19.69930076599121,2448500,-0.008864932413638522
2017-01-31,19.729806804366945,20.00436052024077,19.653541317596314,19.989107131958008,4814200,0.01460434077790741
2017-02-01,19.897592220786777,20.019616433150706,19.668797186265255,19.77556800842285,3624700,-0.010740244977387835
2017-02-02,19.760318552857047,19.989113632935855,19.661174406061203,19.973861694335938,3369700,0.009977266709786485
2017-02-03,20.019611061868154,20.103503230851256,19.966225665112713,20.057743072509766,2056700,0.004190763844029855
2017-02-06,20.12638565351956,20.15689243150429,19.85183192487317,19.89759063720703,2696900,-0.00801661646295282
2017-02-07,19.912842289581608,19.996733012436952,19.889962208088452,19.958600997924805,1937500,0.003061527249277083
2017-02-08,19.9052187736711,20.172147281801294,19.8594600580224,20.149267196655273,2140600,0.009507742177182046
2017-02-09,20.118760110770662,20.263664405207052,20.065374700884444,20.18739891052246,2441500,0.0018906731223057305
2017-02-10,20.17977951386035,20.27892512920057,20.141647480048785,20.202659606933594,2013400,0.0007556660077990127
2017-02-13,20.195027182286562,20.355184879093677,20.17977379122999,20.33993148803711,4105900,0.006771762828478216
2017-02-14,20.276760836412986,20.392319591191,19.95319544138898,20.068754196166992,2620400,-0.013421934333046484
2017-02-15,19.92237790897602,20.107272186835004,19.845338259182505,20.08415985107422,4074200,0.0007673493209004162
2017-02-16,20.06104918864154,20.330685761546036,20.03793685264582,20.315279006958008,1927700,0.011441826116029894
2017-02-17,20.346088498252538,20.430832237972552,20.17660248822123,20.423128128051758,2342200,0.005294727046687967
2017-02-21,20.392313674043578,20.569505280658202,20.330682258084668,20.50016975402832,2217200,0.003765176365498471
2017-02-22,20.4924707820224,20.530989875627395,20.346095581386813,20.469358444213867,2071200,-0.0015041088818098572
2017-02-23,20.554095802936022,20.785213231302542,20.52327936213581,20.677358627319336,3625800,0.010110257618321888
2017-02-24,20.69276577696566,20.816028594970703,20.600317928757534,20.816028594970703,2578200,0.0066839799398212465
2017-02-27,20.792921361943616,20.823737808702383,20.623435312997568,20.638843536376953,3093900,-0.008548386641403404
2017-02-28,19.960898585757363,21.131897241350018,19.652741431498566,21.04715347290039,4792700,0.019590415214488413
2017-03-01,20.94699635670057,21.455455868565878,20.839140284595764,21.33989715576172,3461700,0.01381310250055727
2017-03-02,21.232047828206976,21.540204983376533,21.216641072505414,21.393831253051758,2950100,0.0025241947255851774
2017-03-03,21.409234314166902,21.509384814411835,21.25515503904207,21.493976593017578,3263100,0.004670116147657663
2017-03-06,21.49397418284574,21.547901482269772,21.37841547416443,21.540197372436523,2489000,0.0021480973344197673
2017-03-07,21.57101821899414,21.63264964084348,21.409236287668005,21.57101821899414,3184600,0.0014298298661113644
2017-03-08,21.440044114694235,21.455452332370943,21.085663924581056,21.139591217041016,2920100,-0.020203021305246684
2017-03-09,21.147301891624842,21.30137970800395,21.0317416925793,21.085670471191406,2603500,-0.002553958128515969
2017-03-10,21.185822809990622,21.370717087275995,21.139599608021555,21.347604751586914,3190200,0.012345858575312355
2017-03-13,21.33220028001337,21.401535825091283,21.22434417133147,21.27056884765625,2364900,-0.0036151707746332963
2017-03-14,21.224340620954436,21.262861178114758,21.070262800540185,21.185821533203125,2635200,-0.003992210654256023
2017-03-15,21.316788818388645,21.709689691045966,21.262861506939235,21.64035415649414,2624300,0.021227657340466936
2017-03-16,21.3784183987314,21.547904430022427,21.155003591230187,21.255155563354492,4063900,-0.01796033898094181
2017-03-17,21.285969041776763,21.432344199529727,21.247449959456468,21.32448959350586,6295600,0.003256677747095826
2017-03-20,21.386122277489275,21.432345472901673,21.1241883878042,21.147300720214844,2933000,-0.008343886611717146
2017-03-21,21.147299379598543,21.40923325267853,21.147299379598543,21.24744987487793,6466000,0.004724610455345483
2017-03-22,21.355302401837495,21.53249398302132,21.193520509192854,21.478565216064453,4599500,0.010818588856043337
2017-03-23,21.50168080164774,21.640351856009918,21.30908244156891,21.37841796875,2982300,-0.004673564126941948
2017-03-24,21.416944086192913,21.501687862667765,21.33990589238962,21.47087287902832,2125700,0.004315359807651361
2017-03-27,21.52479557121889,21.601835217855832,21.255157542694114,21.332197189331055,2004000,-0.0064797302945340295
2017-03-28,21.301380742912663,21.355308054735808,21.155005561243375,21.332197189331055,2801400,0.0
2017-03-29,21.355309513781837,21.57102024522134,21.247454882766654,21.455461502075195,3482600,0.0057616919231021566
2017-03-30,21.40923409607804,21.455457290381084,21.093371438348836,21.193523406982422,2028000,-0.012283593113570832
2017-03-31,21.155006147855843,21.3784209823572,21.13959939362847,21.239749908447266,2643800,0.002178786416408255
2017-04-03,21.224340438842773,21.232044550208734,21.031742062920756,21.224340438842773,2247700,-0.0007257647652338231
2017-04-04,21.216641072505414,21.432350346419494,21.178120509728455,21.393831253051758,2132100,0.007953964285976778
2017-04-05,21.386126292357556,21.501685037287118,21.31679075151799,21.447757720947266,2323900,0.002517483485925363
2017-04-06,21.393826092772645,21.51708892510896,21.30137823381597,21.493976593017578,2909800,0.0021526326617322213
2017-04-07,21.54019978779148,21.701983173613442,21.440049287546547,21.493976593017578,5284900,0.0
2017-04-10,21.486274462922925,21.624945529436186,21.36301161922425,21.57101821899414,2995100,0.003577927200531043
2017-04-11,21.54790547965987,21.571017813447227,21.386123551375327,21.50168228149414,2883200,-0.0032194868946596273
2017-04-12,21.517089592617374,21.663464761585963,21.37071442364878,21.60183334350586,2092200,0.004647010378953504
2017-04-13,21.578724756079243,21.717395838180607,21.470870123071148,21.524797439575195,1960000,-0.0035725483056108643
2017-04-17,21.555608399883845,21.755910873413086,21.52479342594567,21.755910873413086,1895500,0.010679845111502034
2017-04-18,21.77132430092009,21.92540214627094,21.748211962883303,21.802139282226562,3478500,0.002122612284299586
2017-04-19,21.832951200571483,21.879174397640192,21.47856943795418,21.54790496826172,2106800,-0.011729502618803051
2017-04-20,21.54790389848861,21.54790389848861,21.324490565907357,21.493976593017578,1938700,-0.0025058571562127877
2017-04-21,21.54790530130664,21.755911895444207,21.54790530130664,21.66346549987793,3182800,0.007854486734903764
2017-04-24,21.72509853469677,21.87147225012356,21.57872334986091,21.81754493713379,2544300,0.007087235583696957
2017-04-25,21.755912671743577,21.886879627976462,21.740504448796408,21.871471405029297,2443300,0.0024686522974068175
2017-04-26,21.85606134479644,21.948507729674812,21.740501159585286,21.825244903564453,2352100,-0.0021157891308371903
2017-04-27,21.84065261711768,22.233553417250977,21.832948506988547,22.06406593322754,3379400,0.010882986415440245
2017-04-28,22.048663691450525,22.094886892269468,21.90999261958463,21.979328155517578,2269400,-0.003847926982889404
2017-05-01,22.017845843216644,22.02554995443095,21.763616050780346,21.809839248657227,1931700,-0.007741172682777774
2017-05-02,21.84065672153494,21.909992256318308,21.648058340338704,21.71739387512207,2109600,-0.004247709119107108
2017-05-03,21.678871003883867,21.786727085042575,21.617239587254126,21.648056030273438,1748300,-0.003197840865867358
2017-05-04,21.624944278635866,21.63264838959755,21.386122716459397,21.55560874938965,2826400,-0.00427961018831971
2017-05-05,21.640355480072056,21.763618333612353,21.347605100857013,21.609539031982422,3052000,0.002498789575674294
2017-05-08,21.601839865667017,21.66347130235527,21.347608536242465,21.47087287902832,3171600,-0.00643757223712967
2017-05-09,21.416937251294577,21.455457805312317,21.054852859981157,21.147300720214844,2725500,-0.015184994992098053
2017-05-10,21.13959511717781,21.309081134665266,21.085667814768563,21.21663475036621,4105200,0.003273260205231791
2017-05-11,21.23204782848678,21.24745605359777,21.031745310271624,21.12419319152832,2328300,-0.004366551634034612
2017-05-12,21.223771971087054,21.32491099143516,21.17709105346875,21.231552124023438,2221700,0.005069402585735734
2017-05-15,21.24711859283333,21.363817961054373,21.231559765273374,21.332698822021484,2732100,0.004752668548862553
2017-05-16,21.332694280090262,21.387153874737592,21.138194879828287,21.15375518798828,2163300,-0.008423611539897567
2017-05-17,21.153749619860083,21.254888628452747,20.928129662666205,21.1381893157959,2852000,-0.0007361152615659291
2017-05-18,21.14597445309984,21.27045394713546,20.9047956188949,21.169313430786133,2542100,0.0014713286573058654
2017-05-19,21.20821082959841,21.43382932021428,21.044830592196508,21.379369735717773,9770200,0.009873772622459004
2017-05-22,21.35602823166553,21.57386654384398,21.332687776541178,21.550527572631836,1810600,0.0079738715689201
2017-05-23,21.55053057529841,21.721689484988183,21.534970269714133,21.58942985534668,1513800,0.0018035387876656178
2017-05-24,21.628329964895382,21.791710211971477,21.612771142626805,21.760589599609375,2298500,0.007896680824564354
2017-05-25,21.783933275016384,21.947312062300917,21.71391337077653,21.923973083496094,2027300,0.007480182273508759
2017-05-26,21.931749315504696,22.071789098939966,21.892848551265775,22.040668487548828,2109800,0.005308615011328552
2017-05-30,22.02511109822582,22.1340317686047,21.939532373393455,22.087350845336914,1333500,0.002115770247938474
2017-05-31,22.110690638214468,22.35186946548622,22.095130330929173,22.25851058959961,3581600,0.007719349163629311
2017-06-01,22.258512086932818,22.515251238760747,22.14959141252123,22.507471084594727,2747800,0.011122868411427593
2017-06-02,22.577487552367458,22.624166986347287,22.41410730756937,22.46856689453125,1845100,-0.0017299967500261043
2017-06-05,22.421889840232136,22.507470048205004,22.188491161649452,22.211830139160156,2170300,-0.011492269454163997
2017-06-06,22.24295157408025,22.297411168828962,22.110691922299388,22.172931671142578,3510900,-0.0017527852528606115
2017-06-07,22.21961340028201,22.320753930014472,22.001774998851136,22.032894134521484,2523400,-0.00633572623113624
2017-06-08,22.032889696722126,22.032889696722126,21.776150572523935,21.947309494018555,2481200,-0.0038919669066504892
2017-06-09,21.95509131874487,22.025111220121445,21.768372076378213,21.970651626586914,2228200,0.0010629880882765585
2017-06-12,21.970649674797997,22.04066956995427,21.706130400632627,21.869510650634766,2391400,-0.004614086724942018
2017-06-13,21.846173420143156,21.955092613636168,21.79949397777654,21.885072708129883,2738200,0.0007113338515287801
2017-06-14,21.900630287985557,22.172929721701237,21.900630287985557,22.07179069519043,2730700,0.008495561130920978
2017-06-15,22.025110432057925,22.406329057072174,22.00177145504256,22.25851058959961,3360800,0.008424079837625642
2017-06-16,22.242948393701692,22.46856689453125,22.242948393701692,22.46856689453125,3592100,0.009392871661401424
2017-06-19,22.484131306158346,22.53081074866197,22.27407158902296,22.33631134033203,2624700,-0.0059036401184080975
2017-06-20,22.320752776922088,22.382992528960283,21.986213553249502,22.10291290283203,4119900,-0.010504260034217614
2017-06-21,22.079570312241874,22.149590212028336,21.713911989733464,21.76837158203125,2372700,-0.015251333956536706
2017-06-22,21.78393250606868,21.986212057408835,21.73725306619407,21.853952407836914,3049400,0.003923721974226596
2017-06-23,21.838392415698035,21.923972626632864,21.73725338052177,21.822832107543945,2529300,-0.0014250273184991526
2017-06-26,21.838391934836466,22.079570770263672,21.81505295703189,22.079570770263672,2761300,0.011696015372069943
2017-06-27,21.96287237077926,22.126252641976482,21.846173025017066,21.923973083496094,3478200,-0.0070720820029329355
2017-06-28,22.01733456693005,22.032894877246168,21.61277688610109,21.651676177978516,2927400,-0.012497826397220023
2017-06-29,21.53497766736469,21.566096805310806,21.27823847267931,21.36381721496582,3909800,-0.01338416637589993
2017-06-30,21.371596526886087,21.48829737033834,21.301576614379883,21.301576614379883,3194100,-0.0029176172608066887
2017-07-03,21.37159028860914,21.66723016265328,21.36381013572246,21.457170486450195,2749700,0.0072777884941706734
2017-07-05,21.496071637604697,21.558311382201943,21.309352403812955,21.356033325195312,2501100,-0.0047245868274368745
2017-07-06,21.293791941722088,21.332691222634274,21.169310978195707,21.223772048950195,2649700,-0.006212414568738572
2017-07-07,21.22377702869168,21.317135918350733,21.099297519871076,21.25489616394043,2063800,0.0014654000169640178
2017-07-10,21.254891254931955,21.301570688980444,21.192651514896482,21.215991973876953,2413500,-0.0018320408473046104
2017-07-11,21.24711430745223,21.254894461619497,20.990375155583077,21.130414962768555,2463300,-0.0040417657032535735
2017-07-12,21.317129998591422,21.496069057340627,21.2782307193546,21.379369735717773,3148300,0.011712956014866972
2017-07-13,21.348252391859994,21.418272287463402,21.17709198753499,21.286012649536133,2517700,-0.004376252125588451
2017-07-14,21.426052950287776,21.519411824037537,21.340472746090043,21.488292694091797,2482400,0.009458087085167967
2017-07-17,21.4882982704599,21.62055794585485,21.394937888569906,21.604997634887695,2796600,0.005416398943914189
2017-07-18,21.628332719513846,21.675013644002355,21.519413530199316,21.612773895263672,2654200,0.000359864018183841
2017-07-19,21.65166903849519,21.65166903849519,21.44160937023189,21.496068954467773,3415800,-0.005414444842085414
2017-07-20,21.61277388311438,21.892852010324685,21.472734077552893,21.822832107543945,3752600,0.015086687005929675
2017-07-21,21.80727017578345,21.91618934951586,21.74503043594887,21.9006290435791,2173800,0.0035585937657262004
2017-07-24,21.900626981905006,22.048446906563886,21.80726812289794,21.916187286376953,2890000,0.0007101494245744533
2017-07-25,21.95508979739894,22.0095508710723,21.675011695212874,21.721691131591797,1657800,-0.008914156680337279
2017-07-26,21.71391078691284,21.869510885355137,21.675011504258524,21.84617042541504,1795900,0.005714287003942184
2017-07-27,21.807274132156426,21.94731245925628,21.807274132156426,21.885072708129883,2772700,0.0017791533095812028
2017-07-28,21.88507453552223,21.9706547569342,21.85395539931696,21.892854690551758,1832500,0.00035552082824618427
2017-07-31,21.939533312780423,21.962872291501,21.846172946160053,21.931753158569336,3866500,0.0017751888786567277
2017-08-01,21.9628732998722,22.064013825347274,21.8928533926703,21.97843360900879,2098000,0.0021261794340339513
2017-08-02,21.900626981905006,22.01732629761999,21.659448198239062,21.916187286376953,5069100,-0.0028361727741230648
2017-08-03,21.50385348829625,22.204052525167114,21.480514509675675,22.14959144592285,2868900,0.010593542156086558
2017-08-04,22.11068780888567,22.258507741355473,22.009548792298368,22.20404815673828,2701100,0.0024555702155212153
2017-08-07,22.23516827079825,22.445227949860328,22.21960796481311,22.359647750854492,2867700,0.006983272965980228
2017-08-08,22.31296802601638,22.670846155535887,22.297407720234027,22.600826263427734,4919300,0.010728571315380589
2017-08-09,22.663073572411538,22.91203409634799,22.58527498533888,22.608613967895508,3691400,0.0003445167427402038
2017-08-10,22.608607275617995,22.803106653552558,22.499688098826635,22.663066864013672,3019500,0.002405606391332732
2017-08-11,22.569710216070888,22.6397301177353,22.36743066503066,22.421890258789062,2026100,-0.010698863707484409
2017-08-14,22.671616174775348,22.852234851269106,22.475291135671387,22.61664390563965,3577800,0.00864836586416613
2017-08-15,22.538114490599853,22.66376239246713,22.49099540401877,22.648056030273438,2497900,0.0013879305384030907
2017-08-16,22.648058254494412,22.76585298683323,22.59308747925905,22.73444175720215,2789300,0.0038070108731335034
2017-08-17,22.71872456022536,22.805108021741837,22.585223527809248,22.593076705932617,2514600,-0.006237513739918078
2017-08-18,22.561676284110483,22.962179599536523,22.538118234747497,22.78156089782715,3520600,0.008307957307399081
2017-08-21,22.81296733232774,23.072116305714722,22.81296733232774,22.993587493896484,2396900,0.00926389623436099
2017-08-22,23.025004029096287,23.182064684636337,22.96218006644855,23.174211502075195,2408400,0.007824714787454223
2017-08-23,23.166354741702133,23.36267978188605,23.08782442606033,23.346973419189453,1606100,0.007427270461723819
2017-08-24,23.32341570435984,23.33912056943838,23.182061433764495,23.276296615600586,2072700,-0.0030318275691268923
2017-08-25,23.394092507279247,23.456916460224452,23.292002647592547,23.346973419189453,1495800,0.0030318275691268415
2017-08-28,23.40194038457883,23.51973658780317,23.29199885926645,23.504030227661133,1949800,0.006704547803342664
2017-08-29,23.55900158815971,23.65323825356238,23.394089296006264,23.472618103027344,3252100,-0.0013373508086145475
2017-08-30,23.40980411209431,23.472628083127283,23.221332198995402,23.292009353637695,2518500,-0.007724199130274981
2017-08-31,23.31556227876032,23.331267143674417,23.21347241869214,23.260591506958008,3481200,-0.0013497785674226582
2017-09-01,23.323414421125264,23.354825647395337,23.174206977279315,23.268442153930664,1941400,0.00033745154066046936
2017-09-05,23.33912032505206,23.346973506429705,23.19776755377805,23.260591506958008,2638800,-0.00033745154066047153
2017-09-06,23.4097981298663,23.4097981298663,23.056413944801573,23.119237899780273,3406800,-0.006095496540310804
2017-09-07,23.15064236355004,23.54329234189183,23.14278918424231,23.527585983276367,3179400,0.017508523881689195
2017-09-08,23.449059770013125,23.582560837275047,23.346969925602913,23.56685447692871,3076300,0.0016676491904038214
2017-09-11,23.582563638009688,23.912389755249023,23.543297732480518,23.912389755249023,2638700,0.01455547089520985
2017-09-12,23.888833150618833,23.90453951476262,23.449065439482027,23.54330062866211,2970000,-0.015555418790793038
2017-09-13,23.527593369733506,23.69250719128875,23.496182140481864,23.51188850402832,3681000,-0.0013351186076982367
2017-09-14,23.49617793061894,23.708209306982145,23.38623640117476,23.668943405151367,3753100,0.00665759694649381
2017-09-15,23.708212195329263,23.794594194198808,23.63753506126434,23.77103614807129,5332100,0.004304087037491822
2017-09-18,23.786744779366856,23.826009191885003,23.41765271119445,23.54330062866211,2239100,-0.00962656537628743
2017-09-19,23.598268209870362,23.613974571887344,23.4490622642324,23.535444259643555,3556700,-0.0003337543985134364
2017-09-20,23.59826575907498,23.65323802042528,23.25273481763319,23.32341194152832,2274500,-0.00904989077551446
2017-09-21,23.307713874506874,23.433361806619455,23.103535610363547,23.158506393432617,2836700,-0.007095500610356237
2017-09-22,23.22918048434696,23.22918048434696,22.907207513466123,22.930767059326172,2626000,-0.009882611313865336
2017-09-25,22.94647676403555,23.315568904465664,22.907212343830547,23.292009353637695,2800400,0.015630807029472966
2017-09-26,23.221325843222665,23.346973750898254,23.04856034462903,23.276296615600586,3296400,-0.0006748254335801899
2017-09-27,23.166356842760813,23.27629839592571,22.7501471806002,22.836530685424805,3461700,-0.019074053307386006
2017-09-28,22.828676517093665,22.962177610672512,22.695175423514822,22.89150047302246,2937100,0.0024042064651878504
2017-09-29,22.907210287220522,22.985740618421683,22.828679956019357,22.938621520996094,2771600,0.002056335987241412
2017-10-02,22.970032100889263,22.99359164739511,22.687323534184472,22.742294311523438,3035300,-0.008595642827967565
2017-10-03,22.757999848484033,22.757999848484033,22.4595864261323,22.600940704345703,2139700,-0.006234846941773056
2017-10-04,22.600935869050307,22.781554520196007,22.514552384658465,22.76584815979004,2433000,0.007269995778475377
2017-10-05,22.765854797175585,22.860091489245118,22.624500507991986,22.820825576782227,3088000,0.002411996276083016
2017-10-06,22.710878970548084,22.765849737938616,22.62449548016806,22.679466247558594,2363400,-0.006213577028275512
2017-10-09,22.703028392014527,22.757999165705794,22.530262889293233,22.561674118041992,2737800,-0.0052073132877123235
2017-10-10,22.640203141484484,22.883645767265282,22.561672827343244,22.86794090270996,2294300,0.013483337882833218
2017-10-11,22.891501056497425,23.158503250460658,22.891501056497425,23.017148971557617,2266600,0.006503576441547597
2017-10-12,23.017149791179698,23.378388683222145,22.95432583141249,23.339122772216797,4504500,0.013891495853133155
2017-10-13,23.433355437042227,23.535443792443818,23.048558562311467,23.056411743164062,2650600,-0.01218714392106466
2017-10-16,22.977885762645112,23.213475241255356,22.930768166491337,23.134944915771484,2816500,0.0034003438719586035
2017-10-17,23.111380584533926,23.20561575122669,22.985732697049592,23.189910888671875,2240900,0.0023730672331612637
2017-10-18,23.174204803429994,23.401941040508962,23.15064526255659,23.229175567626953,2165900,0.001691747568393169
2017-10-19,23.252738888912535,23.362680435180664,23.142795844803178,23.362680435180664,1874100,0.0057308398674603325
2017-10-20,23.31555876133542,23.362676344651852,23.182057693738056,23.32341194152832,1545300,-0.0016822355829669555
2017-10-23,23.323411911764452,23.346969954472122,23.1742044839717,23.29985237121582,2624000,-0.0010106358988399508
2017-10-24,23.307710984273456,23.386241306566177,23.13494397566121,23.23703384399414,3426000,-0.0026997322118138987
2017-10-25,23.12709103025118,23.158502258750463,22.82867612138119,23.072118759155273,2002000,-0.007122383922997715
2017-10-26,23.174212759407062,23.37839102355039,23.12709515932522,23.158506393432617,2390700,0.0037372514232955566
2017-10-27,23.072118708533317,23.362680435180664,23.001443070104685,23.362680435180664,1603700,0.008777736193323149
2017-10-30,23.323415740922,23.354826968969537,23.10353115322442,23.14279556274414,2565500,-0.009456370729617958
2017-10-31,23.103527678650767,23.28414633182391,23.04855691445381,23.229175567626953,2495200,0.003725530862157515
2017-11-01,23.331262588500977,23.378381667567357,23.127085903910267,23.331262588500977,3732900,0.0043851470693627576
2017-11-02,23.331262619249237,23.409792919955798,23.119232754534696,23.354822158813477,3326500,0.0010092759947597522
2017-11-03,22.436027252722763,23.44906526483209,22.145467007433407,23.23703384399414,3003800,-0.005056186890282849
2017-11-06,23.244887581486665,23.45691900739149,23.158504075116248,23.339122772216797,2010600,0.004383749073712089
2017-11-07,23.32341412135269,23.551150376867326,23.315560940425826,23.519739151000977,2565900,0.0077089910361004136
2017-11-08,23.496179608220384,23.590416281501646,23.39409125185336,23.519739151000977,2137800,0.0
2017-11-09,23.425505939980773,23.49618308092744,23.284151658087442,23.409799575805664,2319000,-0.004685312461849063
2017-11-10,23.292001452227492,23.331265859112715,23.032852472398112,23.09567642211914,2403700,-0.013509287852385577
2017-11-13,23.10352984587024,23.29200169701406,23.08782348381464,23.268442153930664,2215800,0.0074525963935653415
2017-11-14,23.16635349849762,23.52759083408673,23.158500317570756,23.519739151000977,3224600,0.010742003920669289
2017-11-15,23.565701922756837,23.65286539332901,23.193278795397955,23.256669998168945,2860100,-0.011248059917889162
2017-11-16,23.177422905962196,23.224965914381972,22.820846564401396,23.003097534179688,3326500,-0.010963090272021627
2017-11-17,22.963479980268886,23.11403462240108,22.90801287826365,22.979328155517578,2913100,-0.0010338463194459668
2017-11-20,22.987253656396398,23.08233969100406,22.852547181231152,23.074417114257812,2122900,0.004129483641759007
2017-11-21,23.137809289807908,23.145731866890408,23.0031028089254,23.05064582824707,1665800,-0.0010307319534692539
2017-11-22,23.06649355845633,23.145731418669545,23.04272129357318,23.098188400268555,1772700,0.002060402592415585
2017-11-24,23.09818355101924,23.161574732700608,22.995173447548893,23.003097534179688,852500,-0.004125307961259453
2017-11-27,23.06649637373339,23.430995411570443,23.01895183816426,23.407224655151367,2607500,0.0174158383977245
2017-11-28,23.430989258156405,23.534000880137928,23.383446246438446,23.438913345336914,1525100,0.0013528839887941323
2017-11-29,23.38344483884301,23.70832483686185,23.33590182998696,23.51022720336914,2061500,0.003037921974497303
2017-11-30,23.51815138098729,23.827183206793745,23.51815138098729,23.779640197753906,4487400,0.01139423407070271
2017-12-01,23.906423376870684,23.906423376870684,23.042717541182114,23.399293899536133,3766800,-0.016123914017192115
2017-12-04,23.16950176938085,23.37552351391819,22.979328200122964,23.264589309692383,3757500,-0.0057734142444817
2017-12-05,23.26458876880836,23.26458876880836,22.876317551679875,22.90801239013672,2870600,-0.015445697033872666
2017-12-06,22.947636557457095,23.129887587830705,22.80500748477606,22.98725700378418,3618000,0.003453283680186354
2017-12-07,22.955554881634583,22.955554881634583,22.70991422155913,22.868392944335938,3001800,-0.005184282669911648
2017-12-08,22.844621201857887,22.90801239013672,22.72576291275572,22.90801239013672,3209100,0.0017309989897254868
2017-12-11,22.80500842438336,22.88424629757129,22.71784495023797,22.860475540161133,2837900,-0.002077274964456879
2017-12-12,22.789157881262625,22.971407388874873,22.480125976062258,22.488048553466797,3065100,-0.01642546774679579
2017-12-13,22.54351524636853,22.583134175463584,22.36126424298157,22.503894805908203,3999000,0.0007044040294084071
2017-12-14,22.47219900143642,22.749534515941924,22.26617725397147,22.678220748901367,3166600,0.007716628842687046
2017-12-15,22.733688427561752,22.93971018024446,22.733688427561752,22.820850372314453,6728800,0.006269582525582261
2017-12-18,22.89216366616952,22.900087753434963,22.49596837108807,22.551435470581055,2806900,-0.011875886928318893
2017-12-19,22.56728736779099,22.591059633508767,22.186940184498695,22.19486427307129,2330000,-0.015937798090242476
2017-12-20,22.194865217730765,22.416735173110528,22.17901703991105,22.202789306640625,2471400,0.00035700236451816693
2017-12-21,22.139394731137525,22.202785921385725,21.988840087536104,22.004688262939453,2645600,-0.008962391912892451
2017-12-22,22.028460992038553,22.28994986420527,22.028460992038553,22.242406845092773,1886600,0.010745151462865254
2017-12-26,22.274099804442454,22.377109915382924,22.163164094931446,22.210708618164062,1348100,-0.00142614221617147
2017-12-27,22.258252655497778,22.36126277118406,22.15524102844633,22.305795669555664,1346700,0.004271997432154495
2017-12-28,22.369190656485138,22.48804896749161,22.242408256562843,22.47220230102539,1182100,0.0074325519261831275
2017-12-29,22.519745323154897,22.583136523116043,22.424657767530462,22.47220230102539,1381000,0.0
2018-01-02,22.495973039478265,22.519745306207838,22.155244773181476,22.202789306640625,2553700,-0.012061166692138792
2018-01-03,22.107696095293772,22.38503309072622,22.020534162314746,22.15523910522461,3318100,-0.002143928453624551
2018-01-04,22.139393373869666,22.543512753689118,22.115621112222016,22.179012298583984,4774800,0.0010724527824508385
2018-01-05,22.210709532315924,22.39295901144671,21.980915527995677,22.083927154541016,4535100,-0.0042963839040860655
2018-01-08,22.25032849054003,22.329567854604356,22.02053599725517,22.2186336517334,4733600,0.006081224645961657
2018-01-09,22.242405820746853,22.32956927791,21.917525767603642,21.99676513671875,2614700,-0.010035887192674987
2018-01-10,21.95714752597959,21.95714752597959,21.58472440792123,21.60057258605957,4141600,-0.018175580354288946
2018-01-11,21.656035903114546,21.885829911754435,21.568872449993876,21.735275268554688,3610000,0.006216706167736713
2018-01-12,21.67188833275834,21.774898470096215,21.48171472518924,21.68773651123047,3957900,-0.0021895660557967925
2018-01-16,21.759044603599126,21.885828486868142,21.553024382779057,21.806589126586914,4905900,0.00546521457423246
2018-01-17,21.885830045271764,22.17901373441414,21.84620960662739,22.09185028076172,4922900,0.012996597297754963
2018-01-18,22.12354993851247,22.18694113845343,21.846212872008714,22.052234649658203,4415100,-0.001794833523035495
2018-01-19,22.131467347669247,22.25824970928551,21.965064553444797,22.02845573425293,3563900,-0.001078881365273648
2018-01-22,22.15524137946686,22.25825300815039,21.980915984249215,22.020536422729492,2902200,-0.00035956834519795637
2018-01-23,22.091851232637968,22.32164525258093,21.949222181468325,22.250329971313477,2774200,0.010381346970613973
2018-01-24,22.21071439881749,22.329572715103396,22.091854571166092,22.297876358032227,4402500,0.002134604676163281
2018-01-25,22.297874957084616,22.51182081977659,22.210713003346157,22.488048553466797,4441800,0.008492549335429853
2018-01-26,22.535588807415277,22.57520773237738,22.32164298534367,22.551435470581055,3052600,0.002814728469358912
2018-01-29,22.456352663598274,22.519743859439185,21.965069762307227,21.972993850708008,4638600,-0.02598457409626986
2018-01-30,22.02053505114922,22.17901226110378,21.917523428881918,22.0443058013916,4479500,0.0032401811850288225
2018-01-31,22.099774847888472,22.337492950815808,21.98884064000819,22.32956886291504,4541000,0.012857429894971519
2018-02-01,22.321647161315585,22.440505469803217,21.925451792113225,21.965070724487305,5210800,-0.01645826084385243
2018-02-02,21.869977027772748,22.083922814988902,21.806585851341836,21.83035659790039,4374300,-0.006151991643882183
2018-02-05,21.76697099948586,22.020537281553413,21.323232650756836,21.323232650756836,4794200,-0.023504292576908666
2018-02-06,21.109285272266007,21.109285272266007,20.48329747907816,20.85572052001953,6675100,-0.022168936991663835
2018-02-07,20.847794498784378,21.267762025340325,20.80025148998946,20.887414932250977,5097700,0.0015185451681385396
2018-02-08,20.855724270636298,21.02212711382654,20.475377073866344,20.483301162719727,5480900,-0.019536844482603826
2018-02-09,20.53876553804895,21.17267744824343,20.50706918685662,20.99835205078125,4156900,0.02483398410428827
2018-02-12,21.030053670257683,21.307389255840448,20.871574897325598,21.180606842041016,2870900,0.008642030545374414
2018-02-13,21.117211798168757,21.29946129597022,20.93496230036729,21.212299346923828,3354700,0.0014951799079666532
2018-02-14,21.10661149585414,21.202695364464315,20.914442231408227,20.970491409301758,2990000,-0.011464892765987238
2018-02-15,21.02653086652616,21.426883697509766,20.978488954431082,21.426883697509766,3202800,0.021530102597043518
2018-02-16,21.370838526965354,21.611049659417475,21.330802320073243,21.546993255615234,3285000,0.005589901557711042
2018-02-20,21.466926594633847,21.61906115631996,21.338813761811465,21.402870178222656,3638100,-0.0067112492018297915
2018-02-21,21.442897173248408,21.474924604070534,20.99450092394042,21.00250816345215,3811900,-0.018883166565819252
2018-02-22,21.731151190998155,22.03542019798651,21.17065814359699,21.61905288696289,5750500,0.028933137041651416
2018-02-23,21.691120099705273,22.227593043221123,21.58702749115251,22.203571319580078,3971300,0.02667814220337238
2018-02-26,22.243606376143475,22.315670016117405,22.15552825456978,22.25161361694336,3515600,0.0021613819011046718
2018-02-27,22.299654774366342,22.323674968722166,21.80321655227133,21.819231033325195,3911900,-0.01962278967767669
2018-02-28,21.883290130202905,21.947346535096457,21.63507175214353,21.65909194946289,5170200,-0.007366420644882046
2018-03-01,21.659092177840012,21.87528311934474,21.330802908395867,21.394859313964844,5152500,-0.012274643572901957
2018-03-02,21.40285987240847,21.635065224604393,21.194676237509444,21.370832443237305,3971100,-0.0011236517997634304
2018-03-05,21.354820275387873,21.811222262833557,21.28275664292541,21.739158630371094,4651000,0.017088157092033422
2018-03-06,21.723147610302846,21.731154851543423,21.330801952865173,21.434894561767578,3545100,-0.014094998426582876
2018-03-07,21.402864838969776,21.466921239401174,21.24272460150381,21.386850357055664,3239900,-0.0022439171949763075
2018-03-08,21.498949049376016,21.707132721411057,21.458912846739484,21.691118240356445,4357900,0.014126615214117287
2018-03-09,21.771195618151648,21.771195618151648,21.579026369799468,21.72315216064453,4032900,0.0014757325554839902
2018-03-12,21.74716890520632,21.971367073846363,21.73115442304094,21.963359832763672,4252900,0.010996991150022402
2018-03-13,22.003399125235358,22.09147726839052,21.827244366150428,21.867279052734375,3492700,-0.004384190437134308
2018-03-14,21.931332052066782,22.059444861853887,21.434895295948035,21.65909194946289,9242800,-0.00956609458029825
2018-03-15,21.723149713178486,21.963362391973913,21.194683957943898,21.555002212524414,9482000,-0.004817406925279853
2018-03-16,21.530974972948968,21.827236742764075,21.506954780278054,21.739158630371094,13786600,0.008507268644647969
2018-03-19,21.747168935150167,21.763183417337594,21.442901409714448,21.579021453857422,4955400,-0.00739356573571268
2018-03-20,21.56300621518972,21.6110481328415,21.298773377267388,21.466920852661133,7629600,-0.005208428418988805
2018-03-21,21.458909229934623,21.843249074341667,21.38684560455985,21.490938186645508,6536500,0.0011181812606099828
2018-03-22,21.2427299008074,21.61906115631996,21.13863726962332,21.402870178222656,7524500,-0.00410633308302691
2018-03-23,21.490942392708845,21.731153506154133,21.170660399040127,21.21870231628418,5078500,-0.008642056000047393
2018-03-26,21.338803696718234,21.554994572842563,21.162649016482515,21.490938186645508,4171600,0.012748389083074232
2018-03-27,21.50695628990332,21.99538574426922,21.42688541185523,21.691118240356445,7689900,0.009271512486649596
2018-03-28,21.779197899525023,21.779197899525023,21.282759642290337,21.579021453857422,5207200,-0.005181265328270774
2018-03-29,21.603042185927286,22.011402328488415,21.603042185927286,21.93933868408203,6023700,0.016559698619283643
2018-04-02,21.995386328092625,22.01940805031215,21.434893221328778,21.60304069519043,3697200,-0.015447234664818562
2018-04-03,21.595034971045653,21.763183983941232,21.450909209281736,21.68311309814453,4728700,0.0036996816427684377
2018-04-04,21.643079545447407,21.851263248465376,21.522972446887856,21.779199600219727,4033800,0.0044216081775438785
2018-04-05,21.803215790085265,22.051435656068108,21.5870248850905,21.851259231567383,4783000,0.0033031830880255577
2018-04-06,21.82723905028061,21.82723905028061,21.410871691419125,21.530977249145508,5287900,-0.01476585015660379
2018-04-09,21.563011883963764,21.867279478715023,21.514969953682076,21.72315216064453,3886100,0.008885911177555765
2018-04-10,21.67510356854648,21.79520912094912,21.627061653030417,21.699125289916992,2938600,-0.0011066611237531118
2018-04-11,21.659089664852328,21.79520970179627,21.442900275656065,21.482934951782227,2973500,-0.01001305371788072
2018-04-12,21.53898179445164,21.546989034261333,21.130621727506323,21.242721557617188,3119300,-0.011244575032553777
2018-04-13,21.290767662294016,21.442902194190165,21.242725741199227,21.35482406616211,2902400,0.0052633439649744955
2018-04-16,21.418878548746534,21.715140344577353,21.37083663196113,21.67510414123535,3120700,0.014886661597567285
2018-04-17,21.71513805759154,21.83524360051832,21.603038227265014,21.755172729492188,4225000,0.0036872285760715415
2018-04-18,21.755169482002746,21.915311200149958,21.707127577448425,21.73114776611328,2124500,-0.0011049436029279397
2018-04-19,21.6350696581498,21.747167974057565,21.538984296496704,21.60304069519043,3098400,-0.00591253459078748
2018-04-20,21.627062039268754,21.6751039556428,21.314787291999977,21.362829208374023,5112000,-0.011181618811667075
2018-04-23,21.018527825414516,21.21069703940843,20.626182155940462,20.770309448242188,9942800,-0.0281279223113205
2018-04-24,20.858386503255414,20.86639374491558,20.249851409334475,20.30590057373047,11269300,-0.022613024116570925
2018-04-25,20.225828578376273,20.38596882114738,19.865510359497346,19.953588485717773,8430600,-0.017502511337160062
2018-04-26,20.041662224141543,20.177782240669522,19.92956239879659,20.1057186126709,8207100,0.0075952815620518805
2018-04-27,20.06569258509288,20.490067328698526,20.033665138208317,20.39398193359375,8006100,0.014235571379585577
2018-04-30,20.417999482689098,20.482055890565388,20.20180853339716,20.281879425048828,5040100,-0.00551200582493741
2018-05-01,20.22582967484991,20.393977167958873,20.22582967484991,20.369956970214844,5886300,0.0043332695787994925
2018-05-02,20.401987462393652,20.49807284942273,20.289889116880907,20.38597297668457,5013100,0.000785947336499824
2018-05-03,20.35394173093897,20.426005375944932,20.009637988627187,20.32191276550293,6267400,-0.0031473147225997895
2018-05-04,21.60304324735324,21.683114136986152,20.850380855589407,21.130626678466797,8659000,0.03902373898063004
2018-05-07,21.394857601973083,21.65108473097116,21.202688400643318,21.32279396057129,8590800,0.009053150097448183
2018-05-08,21.20268840459176,21.274752046006974,20.978491766611143,21.258737564086914,10349200,-0.0030086491730335666
2018-05-09,21.482934963596172,21.530976880418983,21.01852569504233,21.0345401763916,6077900,-0.010602133471286223
2018-05-10,21.146639051413064,21.3628299736786,21.082582651544577,21.330801010131836,5820000,0.013986228121311929
2018-05-11,21.32279300537483,21.450907327747263,21.266743848400946,21.362829208374023,2331100,0.0015003739005818332
2018-05-14,21.42689196747615,21.48294114109073,21.130630086223512,21.21070098876953,4872200,-0.007146640947489497
2018-05-15,21.122621601622914,21.210699741968696,20.69024119685117,20.866395950317383,5622300,-0.016365802222044666
2018-05-16,20.92142795320636,20.953800732914733,20.589598856808866,20.638158798217773,3850500,-0.010998284605213604
2018-05-17,20.662438165294407,20.759558041647068,20.419635387027554,20.468196868896484,3179000,-0.008269421850167028
2018-05-18,20.524852948554155,20.613879255704372,20.403450772425398,20.500572204589844,3239400,0.001580488902393265
2018-05-21,20.532941222507443,20.557220416503256,20.379166304533573,20.41153907775879,3874900,-0.004352416171665039
2018-05-22,20.44391653423102,20.694811354102633,20.419635792814038,20.565317153930664,2824000,0.007505641585644683
2018-05-23,20.597694340957915,20.953802669119163,20.549132851369052,20.929523468017578,4846800,0.017554744718764632
2018-05-24,20.961892170295048,21.204694939897067,20.824304397295002,21.1804141998291,3115400,0.011916127852472928
2018-05-25,21.156136054562992,21.18041679760899,21.01045468367246,21.026641845703125,2693800,-0.0072866031846797
2018-05-29,20.978077167939624,21.123758505945627,20.791929477684125,20.913330078125,4411300,-0.005403534532257549
2018-05-30,20.937611132195848,21.269440165473483,20.816208986227398,21.13994598388672,5890700,0.010777666835251241
2018-05-31,21.148040771484375,21.334190032469678,21.018546573046624,21.148040771484375,5086600,0.0003828410060450938
2018-06-01,21.14804154037602,21.196603024325213,20.694811829365555,20.76765251159668,4537200,-0.018150657816355806
2018-06-04,20.986176684112603,21.07520453667832,20.69481392567414,20.74337387084961,3768900,-0.0011697443128370108
2018-06-05,20.727186151998353,20.848586774486,20.64625188910903,20.76765251159668,3974200,0.0011697443128370157
2018-06-06,20.767651498242767,20.889052114806695,20.330608969874117,20.4034481048584,2916600,-0.01769269715199761
2018-06-07,20.44391653423102,20.686717773630306,20.31442233405905,20.565317153930664,3008000,0.00790211227275641
2018-06-08,20.605784266153922,20.64625216999547,20.354889437107072,20.51675796508789,2999400,-0.0023640096716963555
2018-06-11,20.516754064048634,20.63006108587549,20.314419214390742,20.41153907775879,2434300,-0.005141631913948391
2018-06-12,20.532952780113252,21.010461873889593,20.452018485955254,20.969995498657227,5509200,0.02699224825532779
2018-06-13,20.96999266741094,21.26135546956432,20.727191361411823,20.7514705657959,4327300,-0.010475515451229545
2018-06-14,20.759556615199234,21.188507080078125,20.759556615199234,21.188507080078125,3977800,0.020841801007897835
2018-06-15,21.099481565640197,21.123762307575117,20.8890530999489,20.953800201416016,5972500,-0.011138892033557066
2018-06-18,20.945705942617273,21.148040821112655,20.93761390592696,21.107574462890625,2893000,0.007311931567680476
2018-06-19,21.067110410554715,21.35847161776783,21.05901682928591,21.350378036499023,2564500,0.011437490797172498
2018-06-20,21.423216351281866,21.431309931654187,21.22897505342401,21.29372215270996,2698500,-0.002657151487421174
2018-06-21,21.245162044798526,21.496056859569837,21.23706846449073,21.46368408203125,3477100,0.00795009985301538
2018-06-22,21.51224809390282,21.568901623093126,21.43131381919114,21.54462242126465,3397100,0.0037638512820202773
2018-06-25,21.576990901163263,22.086875649559655,21.56080374071106,22.00594139099121,4149500,0.021186234331603583
2018-06-26,21.941193310598166,22.289209526277464,21.941193310598166,22.119247436523438,5472300,0.0051356740937100066
2018-06-27,22.10306215101792,22.345864936441693,22.005942271802528,22.305397033691406,3143900,0.008380514413745946
2018-06-28,22.532012658015066,22.661506859430688,22.273024255183827,22.305397033691406,4000800,0.0
2018-06-29,22.30539914183048,22.548201950202156,22.192092090806042,22.426799774169922,3354400,0.005427993580331678
2018-07-02,22.459169352082586,22.540103604432186,22.192087399913625,22.313488006591797,3652500,-0.005065323245482726
2018-07-03,22.33777357562809,22.49964057163625,22.289213631194926,22.345867156982422,2342600,0.0014500503173643959
2018-07-05,22.386334418443973,22.45917510986328,22.078786033101334,22.45917510986328,3538600,0.005057832275057632
2018-07-06,22.515827937900724,22.677696479065066,22.44298724874605,22.61294937133789,2294300,0.0068235016605290265
2018-07-09,22.612950925555005,22.645323709797207,21.72267697534709,21.787424087524414,4217200,-0.03718979660135078
2018-07-10,21.69839364216656,22.04640990750847,21.487965166757668,21.94119644165039,4669700,0.007033059177867121
2018-07-11,21.957380838269003,22.28921146680286,21.908820898551248,22.264930725097656,3167800,0.014646841591176388
2018-07-12,22.321587057926248,22.588669075565495,22.264933530501686,22.523921966552734,4647000,0.011565115540952062
2018-07-13,22.491546824981715,22.596760287207857,22.297303974622753,22.467266082763672,1978400,-0.002518533792633816
2018-07-16,22.499639056640742,22.532013379878155,22.37823843188584,22.44298553466797,2036500,-0.0010812921142484733
2018-07-17,22.499640462312144,22.548201950202156,22.35396062972049,22.426799774169922,1630200,-0.0007214548092304455
2018-07-18,22.45917420855741,22.45917420855741,22.151625835556953,22.345867156982422,3113900,-0.003615272928118378
2018-07-19,22.3782417754584,22.782911614232304,22.3782417754584,22.677698135375977,3368600,0.014740591275216212
2018-07-20,22.629133066472562,22.6534138086906,22.345865459058835,22.467266082763672,2364300,-0.009322571423618944
2018-07-23,22.52392075222921,22.645321382121505,22.353960179118545,22.370145797729492,3427700,-0.004332116099068568
2018-07-24,22.34586616665088,22.64532094502567,22.06259700657462,22.604854583740234,6294500,0.01043739476443495
2018-07-25,22.5967617096236,22.871937297312353,22.57248096587714,22.742443084716797,3755600,0.0060682303139133024
2018-07-26,22.871933923261157,23.0985495337196,22.661505472912435,22.79909324645996,3062300,0.0024878471622184653
2018-07-27,22.79909203848834,22.94477338437205,22.66150427223067,22.790998458862305,2710500,-0.0003551117087039033
2018-07-30,22.79100065883733,22.799094239244624,22.580572199325516,22.685787200927734,2546800,-0.004627039669495899
2018-07-31,22.799098648635418,23.04999351501465,22.68579158840472,23.04999351501465,4365600,0.015926874199105844
2018-08-01,22.920496524106294,22.920496524106294,22.523920317476627,22.604854583740234,3618200,-0.019500800297037785
2018-08-02,22.588663644806598,22.823372823357186,22.45107587827168,22.750532150268555,2634800,0.006423848542671553
2018-08-03,22.742441108133796,22.888122470565587,22.499638322849933,22.637226104736328,2751600,-0.004992812391024724
2018-08-06,22.62103938098078,23.00952196600375,22.61294580083123,22.880027770996094,3699200,0.01066865632521209
2018-08-07,22.880030884691394,22.936684409755532,22.734349509559163,22.888124465942383,2449400,0.0003538134984709585
2018-08-08,22.880026054178487,22.936679567281733,22.72625113026078,22.855745315551758,2127100,-0.0014156719120158275
2018-08-09,22.847656809578663,22.888124716276213,22.710069014192587,22.82337760925293,1866300,-0.0014171774606690295
2018-08-10,22.888118144962554,23.009518742814784,22.750530389078733,22.76671600341797,2973300,-0.0024856994368533643
2018-08-13,22.807190587885152,22.88003127669926,22.701975573512417,22.839563369750977,2091400,0.0031946227268956962
2018-08-14,22.871930986930963,22.871930986930963,22.66150256359733,22.76671600341797,2538600,-0.00319462272689579
2018-08-15,22.78961170937288,23.051186762436693,22.716045528409225,22.846832275390625,2572200,0.0035128314889720305
2018-08-16,22.855002653710383,23.124752044677734,22.740564652039996,23.124752044677734,4620600,0.012091084492612316
2018-08-17,23.13292485128204,23.288234681478166,23.10022894756229,23.124752044677734,3546000,0.0
2018-08-20,23.157448875357165,23.19831914641804,23.010313404976564,23.173797607421875,2443400,0.002118665982358909
2018-08-21,23.198320084499183,23.198320084499183,22.887701958213565,22.93674659729004,2138200,-0.010281947550409625
2018-08-22,22.993963979728147,23.018487077085933,22.699694606938994,22.74873924255371,1626000,-0.008230553429035278
2018-08-23,22.732390214758688,22.846829775169585,22.568907578473006,22.65064811706543,2074500,-0.0043212599919708215
2018-08-24,22.683340574827554,22.830476006390622,22.544379507140267,22.78960418701172,2553600,0.006116009310881495
2018-08-27,22.830477864570238,22.871348128175093,22.487162349347354,22.626123428344727,1376600,-0.007199332625778085
2018-08-28,22.577079868459965,22.617950133998644,22.462640318570415,22.519859313964844,2092500,-0.004707586552402661
2018-08-29,22.593431440933244,22.732392553578535,22.495342160890097,22.716045379638672,1886800,0.008673963615815738
2018-08-30,22.732389582517023,22.79778294703272,22.626125949841814,22.69969367980957,2117000,-0.0007200895933573631
2018-08-31,22.740566920098964,22.88770239926468,22.634303273535387,22.716045379638672,2625600,0.0007200895933574192
2018-09-04,22.626131261763025,22.83866013610949,22.60160815964957,22.822311401367188,3379600,0.004667107999926662
2018-09-05,23.31276165901704,23.672424455304583,23.051188149316605,23.639728546142578,4729500,0.03519008194420588
2018-09-06,23.590677131838603,23.705115119711206,23.48441194958491,23.62337303161621,2953200,-0.0006921050304888758
2018-09-07,23.46806330616513,23.55797975930927,23.296406323727037,23.304580688476562,2139500,-0.013586667300657475
2018-09-10,23.4271960528204,23.54163405582218,23.35362831971901,23.48441505432129,1747600,0.007687074643941569
2018-09-11,23.492583386245997,23.590674191554324,23.43536439944133,23.50893211364746,1960500,0.0010434269115980742
2018-09-12,23.541632505924397,23.590678697496866,23.3209308802513,23.361801147460938,2080700,-0.006278179973722618
2018-09-13,23.33728221912282,23.541636709865056,23.19832110305406,23.52528953552246,3485800,0.00697373406012733
2018-09-14,23.500767424226588,23.754166566861244,23.337283201113266,23.639728546142578,4604100,0.004852716689202217
2018-09-17,23.639727551425782,23.639727551425782,23.36180531928826,23.52528953552246,2741900,-0.0048527166892021354
2018-09-18,23.4844164909923,23.533462688794224,23.320933842288746,23.37815284729004,2625500,-0.00627404571648712
2018-09-19,23.410845405768992,23.410845405768992,22.756911786261764,22.814130783081055,2459100,-0.024421832077276315
2018-09-20,22.838654494187203,22.93674376020733,22.626125672342564,22.887699127197266,2217300,0.0032194950533138036
2018-09-21,22.830481715818657,23.075706457015713,22.773262713479404,22.91222381591797,5666100,0.0010709490099000182
2018-09-24,22.961265614222828,22.985788708951723,22.707866538427005,22.740562438964844,2411100,-0.00752033775229359
2018-09-25,22.282810101414544,22.8304801066471,21.9640176485078,22.60160255432129,11382000,-0.006129408232711838
2018-09-26,22.413598324205978,22.49534042399786,22.14385048626338,22.27463722229004,57295500,-0.014572126340220521
2018-09-27,22.331858812366203,22.51169176456866,22.23376952852946,22.41360092163086,21037200,0.006219271693445301
2018-09-28,22.478990192364908,22.691519014002996,22.462641461677187,22.60160255432129,16733300,0.008352854646775014
2018-10-01,22.55255659027957,22.626124314931495,22.421769870698515,22.511686325073242,5079800,-0.003986246649127534
2018-10-02,22.658820963785313,22.863175414768914,22.413596246245287,22.814130783081055,10114600,0.013345548570919083
2018-10-03,22.83048506927875,22.871355345781204,22.209247200014577,22.331859588623047,8010300,-0.021365775192918247
2018-10-04,22.299161911010742,22.4381230228416,22.045761227665597,22.299161911010742,6112000,-0.0014652446824491806
2018-10-05,22.29916079135774,22.69152100773214,22.2746376931715,22.6669979095459,6178600,0.016360934763706845
2018-10-08,22.781438901899925,23.08388266963154,22.72421833588218,22.846832275390625,5810800,0.00790244639842194
2018-10-09,22.961263529310877,23.124747694457557,22.846825549168525,22.993959426879883,5600400,0.00641907136490712
2018-10-10,23.03483042598366,23.255533573328265,22.765082654484868,22.78960418701172,6935400,-0.008927072550470337
2018-10-11,22.89586988574292,22.904044249807008,22.16836863414458,22.192890167236328,5412400,-0.026532500424445146
2018-10-12,22.250110934203683,22.413595110345632,22.10297704659671,22.348201751708984,7071300,0.006973884440036593
2018-10-15,22.446291588714665,22.70786658910457,22.323679232997932,22.519859313964844,5247800,0.007651696806227878
2018-10-16,22.49534005957272,22.85500279826905,22.356378959907957,22.683345794677734,4029100,0.007233433698133264
2018-10-17,22.650644651083883,22.78960572816847,22.389071225771854,22.528032302856445,3526200,-0.006870575917760491
2018-10-18,22.56891021694285,22.822309346225403,22.495342476328396,22.6915225982666,4661700,0.00723098704255182
2018-10-19,22.756912697146433,23.043009251795127,22.66699623620235,22.985790252685547,4859800,0.01288480898687196
2018-10-22,22.98579010030839,23.043009099038656,22.69151918215185,22.732389450073242,4400500,-0.011085454374293117
2018-10-23,22.732388431787463,22.89587261435141,22.46264062192744,22.617950439453125,5157300,-0.0050468972804511465
2018-10-24,22.781434881656057,23.124750421672537,22.666995328916745,22.814130783081055,6188900,0.00863625692193035
2018-10-25,22.716043257705138,22.81413252858565,22.454468230788464,22.683345794677734,6621600,-0.005749125378849418
2018-10-26,22.756909905453156,22.863173525177853,22.01305989007848,22.209239959716797,5102600,-0.02112257310376263
2018-10-29,22.25011444091797,22.55255974671707,22.119327703032116,22.25011444091797,3933200,0.001838735324361553
2018-10-30,22.33185280337075,22.478988248636107,22.11932400010975,22.31550407409668,4479300,0.002934534840210064
2018-10-31,22.160198977566953,22.28281134637379,21.857753679349287,22.07845687866211,5600700,-0.010679355626395262
2018-11-01,22.111146408384425,22.25010746873159,22.029405892145252,22.2255859375,3889700,0.006641813719580231
2018-11-02,22.2746362277114,22.299159324284254,21.964018133292623,22.03758430480957,4177500,-0.00849477171175648
2018-11-05,22.143848842769824,22.495338754417084,22.062106749044755,22.470815658569336,3788000,0.019468012197534836
2018-11-06,22.552549989889442,22.748730011845577,22.470807924299333,22.724206924438477,3969600,0.011213355209737243
2018-11-07,22.879526979695022,23.173797924482393,22.756914605733925,23.149274826049805,6670500,0.01853271439298077
2018-11-08,23.435372031720572,23.435372031720572,22.65882437735508,22.93674659729004,6806200,-0.009223175652318411
2018-11-09,22.838651185001137,23.165617956193955,22.838651185001137,22.993959426879883,4999700,0.0024912684403455743
2018-11-12,23.04300818683188,23.271884172692392,22.920395828820787,22.969440460205078,3971300,-0.0010668910072265151
2018-11-13,22.95309358352215,23.116577780138886,22.797783752646335,23.06753158569336,5826300,0.0042614129283771495
2018-11-14,23.057630334369428,23.107162933397102,22.59532240268097,22.669620513916016,5102600,-0.01740034493422071
2018-11-15,22.562293123301366,22.743913650512695,22.182540682419727,22.743913650512695,6089900,0.0032718529504211532
2018-11-16,22.96681485409832,23.05762591374949,22.669616167685504,22.892515182495117,5674100,0.006512431449455981
2018-11-19,22.859493613272,23.131925213230275,22.760426861190535,23.090646743774414,4004000,0.008617623457747971
2018-11-20,23.123666994396604,23.272266318986496,22.925535086480895,22.991579055786133,3300600,-0.004299611786912094
2018-11-21,22.983324208787025,23.1236678455531,22.867747651901727,22.95855712890625,4565000,-0.0014372942196261608
2018-11-23,22.92553616732136,23.008091526498145,22.735659943443512,22.82646942138672,2193200,-0.005769924533291929
2018-11-26,22.9007688504636,23.032856793936084,22.752169520403935,22.95855712890625,4387000,0.005769924533291961
2018-11-27,22.950304798421204,23.148438317274064,22.876005122504562,23.074138641357422,3041000,0.0050217243812840425
2018-11-28,23.049367101753244,23.222731928967274,22.90076777864841,23.123666763305664,4747100,0.0021441772175041633
2018-11-29,23.123671121393297,23.123671121393297,22.694384456986114,22.900772094726562,5342300,-0.009686002339040213
2018-11-30,22.975067440200828,23.131922456212866,22.867746581632016,23.123666763305664,6082900,0.00968600233904014
2018-12-03,23.19796513298044,23.44562960795463,23.05762151059844,23.42086410522461,5462000,0.012770625269765468
2018-12-04,23.445635514891087,23.619001950741147,23.098904217803703,23.156692504882812,6221600,-0.011343421691174325
2018-12-06,23.2144737733829,23.305283230344394,22.82646414728617,23.25575065612793,4954300,0.0042686096619911
2018-12-07,23.32180394928711,23.62725835755872,23.222737186584407,23.42912483215332,5079200,0.007427457876137717
2018-12-10,23.46214367226727,23.62725439084755,23.041112757038814,23.49516487121582,4129100,0.002814750445106777
2018-12-11,23.594235264199668,23.833645685685006,23.51993558681544,23.75934600830078,5297900,0.01118131939284517
2018-12-12,23.850154876708984,24.106076680834477,23.80062228461906,23.850154876708984,5872000,0.0038147418831517635
2018-12-13,23.84189516229524,24.35373710963224,23.84189516229524,24.221649169921875,8195700,0.01545611595490744
2018-12-14,24.395014852878912,24.419781932919843,24.1143275775317,24.188627243041992,6420800,-0.001364252982976224
2018-12-17,24.262930688538123,24.461062635895562,23.718067439651975,23.866666793823242,9647000,-0.013399783441264449
2018-12-18,23.84190025578991,24.040033782296412,23.30529268925115,23.363080978393555,6869100,-0.021325750164778577
2018-12-19,23.453885500025667,23.73457274717868,23.230986525884333,23.437374114990234,5648000,0.0031748921609541076
2018-12-20,23.429125359343466,23.67679148436668,23.148439603697653,23.445636749267578,6270200,0.00035247882806904376
2018-12-21,23.45388530040208,24.031771174824968,23.30528598557263,23.42086410522461,9960000,-0.0010571579229695645
2018-12-24,23.49516761885926,23.57772298780384,22.42195254641778,22.471485137939453,2966600,-0.04138007525812854
2018-12-26,22.471482479155302,22.876002007047788,22.13300692368174,22.82646942138672,4880200,0.015673623856282945
2018-12-27,22.785191114291,23.214477695664343,22.42194850123568,23.18971061706543,5702100,0.01578787028273342
2018-12-28,23.24749969964484,23.387843334019767,23.02460070835306,23.11541175842285,3812500,-0.003209101654151542
2018-12-31,23.115413985196597,23.321801610064423,22.925537748225224,23.30529022216797,3579000,0.00818081220754631
2019-01-02,23.24749969964484,23.264011085950706,22.900768460284002,23.11541175842285,4027300,-0.008180812207546316
2019-01-03,23.148434298328006,23.445631375783588,23.082388753768488,23.247499465942383,7861600,0.005698005643233814
2019-01-04,23.23098843775834,23.70155192770846,23.23098843775834,23.676786422729492,6656200,0.018297515909449502
2019-01-07,23.858406673380074,24.106072742593597,23.635507683471644,23.767597198486328,7845400,0.0038280984902016395
2019-01-08,23.833641043849234,24.22990486298033,23.792362578556965,24.221649169921875,4658100,0.018923636253344697
2019-01-09,24.163862215967182,24.295950162908657,23.87491924155301,23.92445182800293,4719600,-0.012345802074179716
2019-01-10,23.973989401822177,24.39501880849987,23.924455233708414,24.361997604370117,3436700,0.018123417966724786
2019-01-11,24.337230282937327,24.353741672147535,24.122586947042837,24.254674911499023,3755100,-0.004415064283592074
2019-01-14,24.139098398106153,24.196886685877217,23.89968955239564,24.106077194213867,5985600,-0.006145404216284081
2019-01-15,24.18862635659116,24.53535759139488,24.10607257537178,24.18037223815918,5085300,0.0030772650897766185
2019-01-16,24.11433080508065,24.37850830370488,24.11433080508065,24.37025260925293,4743800,0.00782199363323036
2019-01-17,24.337228455108153,24.494083491599177,24.271184477840244,24.386762619018555,3699600,0.0006772363041238472
2019-01-18,24.584896069878095,24.61791727324606,24.304208755493164,24.304208755493164,6719800,-0.003390934306640108
2019-01-22,24.345486612013836,24.44455337524414,24.0070109974472,24.44455337524414,7518700,0.0057578901025205804
2019-01-23,24.452807314438882,24.683960454358974,24.452807314438882,24.659194946289062,4802200,0.008742425801215337
2019-01-24,24.601404032330407,24.906858407207096,24.452806266441517,24.865581512451172,6317600,0.00833472761251419
2019-01-25,24.80778899709839,24.931622817322165,24.543613119897547,24.59314727783203,5605400,-0.011016740490099474
2019-01-28,24.59314784905561,24.783024068377404,24.44454852102552,24.650936126708984,6318400,0.0023470383205280833
2019-01-29,24.758259877232685,24.82430385577185,24.650939002586288,24.791282653808594,4339000,0.005677208973085069
2019-01-30,24.683960151629734,25.088479716141453,24.683960151629734,24.93988037109375,3672000,0.005976058088688687
2019-01-31,24.931626154142318,25.583810241442908,24.799538197863395,25.52602195739746,6464600,0.023230257185342773
2019-02-01,25.47648583168458,25.559039611942175,25.220564074126283,25.43520736694336,4046400,-0.0035640696972917946
2019-02-04,25.278358638956156,25.542534564116767,25.0967365094487,25.534278869628906,5069100,0.0038874877802125827
2019-02-05,25.443465497667017,25.559042060791143,25.377421522365715,25.45172119140625,6156800,-0.0032384478200325833
2019-02-06,25.360911724212304,25.443467092165676,25.18754686866163,25.2618465423584,4231300,-0.007488155330432008
2019-02-07,25.286608043099815,25.47648583168458,25.154520105152756,25.43520736694336,4006500,0.006839115370251811
2019-02-08,25.4352065231258,25.492994797233948,25.154519270647047,25.468229293823242,4929300,0.0012974342668531187
2019-02-11,25.451722373753345,25.54253343449093,25.171035072030495,25.418701171875,4539600,-0.0019465956045864974
2019-02-12,25.476489491906385,25.60032175469625,25.30312306431045,25.459978103637695,4621300,0.0016225633764993727
2019-02-13,25.3939266204834,25.501247463287942,25.28660420306667,25.3939266204834,3379700,-0.002597697095463342
2019-02-14,25.410444297322655,25.575553448269613,25.319633240803654,25.45172119140625,3626600,0.0022733350168776334
2019-02-15,25.550789200275812,25.625088872976285,25.377422772437153,25.50125503540039,3797400,0.0019442970074214957
2019-02-19,25.53427542704618,25.79019562321525,25.492996960172132,25.76542854309082,4638000,0.010305946375221435
2019-02-20,25.78876649370243,25.88042176983895,25.638783110033767,25.813762664794922,4870300,0.0018741719177865566
2019-02-21,25.663770424775322,26.047061338466825,25.563782596353455,26.013731002807617,2875700,0.007716727789381354
2019-02-22,26.06373323037738,26.18038625672371,25.89708468764409,26.163721084594727,3042400,0.005749245658110478
2019-02-25,26.155384934848975,26.172050104707328,25.730432639129454,25.838754653930664,3382400,-0.012498276522603866
2019-02-26,26.055394319523767,26.055394319523767,25.755427651130248,25.772092819213867,4009000,-0.002583250423160808
2019-02-27,25.755433330691073,25.98040838159747,25.597117377540837,25.963743209838867,6019700,0.007408840060957014
2019-02-28,25.15550112465699,25.18049729269248,24.3305942046429,25.11383819580078,11266700,-0.03328205612631186
2019-03-01,25.08050749304575,25.23049084671677,24.855532462539227,25.13883399963379,5962300,0.000994805044284935
2019-03-04,25.138836279155086,25.2971522323055,24.905528642369124,25.280487060546875,4788300,0.005619013927163637
2019-03-05,25.238823431840505,25.29714993842854,25.047177152550812,25.13883399963379,4568800,-0.005619013927163677
2019-03-06,25.17216062114407,25.205490958819077,24.947187198949674,25.08050537109375,4118000,-0.002322955877156669
2019-03-07,25.130502899050793,25.255488504733908,24.930525612102162,25.02218246459961,5644200,-0.0023281358887957096
2019-03-08,25.063843803401248,25.09717414586512,24.797207420803076,25.02218246459961,3960500,0.0
2019-03-11,25.02218092169826,25.35547637939453,24.997183166391753,25.35547637939453,4084800,0.013232007415759105
2019-03-12,25.355479482462357,25.605450709007147,25.27215521052133,25.56378936767578,3943900,0.008182134890996283
2019-03-13,25.58878692923445,25.630449862111295,25.330483102511547,25.338815689086914,6378400,-0.008839435357287677
2019-03-14,25.347148275662285,25.513796828612897,25.21383006901315,25.338815689086914,5730200,0.0
2019-03-15,25.347142927700606,25.67210578918457,25.288816423257643,25.67210578918457,9949200,0.013067587614370942
2019-03-18,25.66377513992565,25.688772896262844,25.31381449759584,25.4804630279541,5015200,-0.007493021848787389
2019-03-19,25.397139873534126,25.472131556547332,25.172164824494505,25.22216033935547,3641300,-0.010189016114106254
2019-03-20,25.30548015699271,25.438798327948387,25.180492981103548,25.213823318481445,3466400,-0.00033059813035538364
2019-03-21,25.197160164666407,25.630445049558674,25.147166243879788,25.513792037963867,2916500,0.01182678167782919
2019-03-22,25.597116470336914,25.763765003460154,25.53878996052724,25.597116470336914,3836600,0.003260537080013522
2019-03-25,25.547123374304043,25.730435495259705,25.472131690895306,25.663776397705078,2888500,0.002600811699279961
2019-03-26,25.66377081594825,25.88874581724339,25.638774653100725,25.772092819213867,2445500,0.004211713859310261
2019-03-27,25.80542565281608,25.830423408900312,25.405471091137283,25.447134017944336,3800200,-0.01268910842874482
2019-03-28,25.455462129013615,25.53878638390595,25.11383411430521,25.27215003967285,4122700,-0.00690012391917922
2019-03-29,25.297150422812873,25.647111058320178,25.197160988691582,25.58045196533203,4084500,0.012125464219464378
2019-04-01,25.572119380048747,25.630445887753606,25.36380951580102,25.58045196533203,3133500,0.0
2019-04-02,25.672106150877546,25.71376907555097,25.472128880279325,25.647109985351562,3940600,0.002602429438456948
2019-04-03,25.58045196533203,25.738766317880042,25.380473097089453,25.58045196533203,3372000,-0.0026024294384570184
2019-04-04,25.74709851622523,25.78042885685747,25.34714396430703,25.438800811767578,2680500,-0.005552865235383199
2019-04-05,25.52212424768164,25.722103118896484,25.422136401352383,25.722103118896484,3856900,0.01107506635379607
2019-04-08,25.647110134857567,25.663773715546,25.32214567762281,25.38047218322754,4356900,-0.013370599159202452
2019-04-09,25.388804334904332,25.43879984395062,25.147165731626167,25.263818740844727,4005600,-0.004606783768132295
2019-04-10,25.305484397199333,25.430470004753218,25.063844178554017,25.163833618164062,4637300,-0.003965493098592278
2019-04-11,25.1971581080098,25.305480115030388,25.08050510593651,25.238821029663086,4812800,0.002975536401804021
2019-04-12,25.155499528946425,25.52212374395525,25.013848758377247,25.472129821777344,5162400,0.009201580107043354
2019-04-15,25.572119040308774,25.638778132411314,25.33047883813823,25.413803100585938,4584900,-0.002292450718128423
2019-04-16,25.3138141897153,25.413803624569763,24.98051872233067,25.122169494628906,3432600,-0.011541752474487323
2019-04-17,25.113834565709908,25.14716490397712,24.963851222063443,25.00551414489746,3000200,-0.004654336759738177
2019-04-18,25.130499022642496,25.380470195450393,25.088837690267166,25.238821029663086,3892500,0.00928695984531066
2019-04-22,25.197161314034528,25.413803766362804,25.172163557861904,25.397138595581055,3154700,0.006253187772951957
2019-04-23,25.480461697920727,25.60544729452632,25.33047834628278,25.513792037963867,3940200,0.004582656222613929
2019-04-24,25.555451287838284,25.630442957536246,25.23048844533243,25.238821029663086,6149900,-0.010835843995565928
2019-04-25,25.15549993183921,25.51379315662195,25.01384915900134,25.422136306762695,4768600,0.007236976433684755
2019-04-26,25.588782666061142,25.730433435686177,25.380472804217163,25.388805389404297,2843200,-0.0013119584493658572
2019-04-29,25.29715111143524,25.438801886550742,25.24715559837458,25.372142791748047,2378500,-0.0006565124904784419
2019-04-30,25.438801379600797,25.863753696478764,25.32214677406216,25.83042335510254,4436200,0.01790116534554123
2019-05-01,25.73876524107695,25.905413761214508,25.622112230547508,25.647109985351562,6036200,-0.0071221028952145405
2019-05-02,25.63877553547845,25.855417960187694,25.58044903445634,25.62211036682129,5859300,-0.0009752292053563026
2019-05-03,25.672106561119303,25.963740681381317,25.672106561119303,25.955408096313477,2679400,0.012924327453753558
2019-05-06,25.955411751773067,25.972076924255806,25.780432208539278,25.872087478637695,2891100,-0.0032153083429403923
2019-05-07,25.855419476608798,25.930411150686336,25.580450534750508,25.67210578918457,4483700,-0.0077596594386379145
2019-05-08,25.597116243408284,25.69710568025142,25.338812449707607,25.372142791748047,3748200,-0.011753192917145425
2019-05-09,25.31381922118397,25.372147330188174,24.280602272286508,24.37225914001465,9882700,-0.040206266658614494
2019-05-10,24.18061156255404,24.755545694461752,23.96396909385674,24.713884353637695,7523000,0.013919640260797716
2019-05-13,24.58889548802387,25.155498548210463,24.563897733270434,25.13050079345703,6339700,0.0167170741846625
2019-05-14,25.06384643598626,25.113840365654987,24.688887990274885,24.813875198364258,8550200,-0.01267929894580164
2019-05-15,24.87108425826526,24.955222213553718,24.719636259705645,24.753292083740234,5835400,-0.002444486869591211
2019-05-16,24.736461579590888,25.022529634715774,24.66915154337314,24.90473747253418,4546200,0.006099551661022365
2019-05-17,24.786949322258042,25.173983321810077,24.786949322258042,25.04777717590332,4612500,0.005727042786099247
2019-05-20,25.073014634373497,25.266532414877297,24.862670546485138,24.93839454650879,3895100,-0.004376522554852093
2019-05-21,24.93839330510449,25.165565293867093,24.820601135285937,24.83742904663086,3804700,-0.004056814375395975
2019-05-22,24.85425854702515,24.97205072437471,24.70281054483397,24.8626708984375,6442100,0.0010157667290360236
2019-05-23,24.87949821427391,24.913154038308498,24.542947997918102,24.753292083740234,6392600,-0.004409024245909443
2019-05-24,24.90473625668054,25.005700503679144,24.71122011260174,24.728046417236328,3848500,-0.0010204117131541888
2019-05-28,24.812186766639282,24.829014677704123,24.248464584350586,24.248464584350586,6517400,-0.019584782670801295
2019-05-29,24.332604904338684,24.341018860690436,23.90350275918771,23.937158584594727,4157400,-0.01292129521509283
2019-05-30,23.945567809168285,24.063361577912424,23.72681139178175,23.785707473754883,3999300,-0.006347130078135172
2019-05-31,23.80253913071164,24.0128832307506,23.726815126313763,23.92874526977539,5326400,0.005995593212495968
2019-06-03,24.071777650028718,24.181155868340667,23.794123521454377,24.113845825195312,4841700,0.007705723905036413
2019-06-04,24.147500327557402,24.265292495415423,23.684742402061886,24.248464584350586,5360500,0.005567108175695624
2019-06-05,24.36625730867119,24.559775080740437,24.231637226673953,24.433568954467773,5904100,0.007604664338096057
2019-06-06,24.55977505504081,24.744877266393825,24.450395235533783,24.526119232177734,4823300,0.003780677180631334
2019-06-07,24.744876727177854,24.854256544301382,24.223224322551253,24.248464584350586,4009000,-0.01138534151872744
2019-06-10,24.256881358146703,24.383087496200286,24.046537259791354,24.332605361938477,3184300,0.0034639361304160524
2019-06-11,24.28211726165496,24.33259938351351,24.004463184236354,24.097013473510742,6415600,-0.009729324843458216
2019-06-12,24.18115512760411,24.45039529193795,24.12225904225583,24.383085250854492,2896200,0.011801753925278245
2019-06-13,24.8710836723574,24.8710836723574,24.54294741974041,24.618671417236328,4925600,0.009615491261690244
2019-06-14,24.711220049201362,25.022528348912417,24.652322366339224,24.92156410217285,4508700,0.012228301140706431
2019-06-17,24.921565382788078,25.030943589842725,24.778531355225635,24.90473747253418,4389200,-0.0006754115696549469
2019-06-18,25.064601666330713,25.07301401741698,24.68598167552892,24.854257583618164,3700100,-0.0020289761148424078
2019-06-19,24.70281007246958,25.31701442090191,24.70281007246958,25.224462509155273,3814400,0.01478518894981088
2019-06-20,25.333840388447804,25.443218599099882,24.963634374675248,25.274944305419922,2881000,0.0019993032102554455
2019-06-21,25.274942752034345,25.274942752034345,24.887908851241335,25.17397689819336,6042400,-0.004002763176175219
2019-06-24,25.241287905678192,25.317011897779057,24.963633802907648,25.115081787109375,3363500,-0.002342264482555254
2019-06-25,25.098255901087743,25.148738031627534,24.80377386414263,24.829015731811523,4435300,-0.011455575248234552
2019-06-26,24.753290737270294,24.786944954676223,24.06336243007045,24.105430603027344,5227400,-0.029575807115509254
2019-06-27,24.214812384770525,24.29053638607424,23.945570599691724,23.987640380859375,5255600,-0.004898437770201309
2019-06-28,23.95398388700758,24.23163801576833,23.937157579808456,24.088603973388672,5489500,0.004200150919129719
2019-07-01,24.063363755231556,24.113845886519453,23.77729566993679,23.97081184387207,3337600,-0.0049019474491405
2019-07-02,24.408323927779968,24.618667979272594,24.206393830922778,24.39990997314453,4275100,0.017742525629920982
2019-07-03,24.4335691467093,25.005703697300085,24.425155190918527,24.76170539855957,2772500,0.014718879940496098
2019-07-05,24.55136257337732,24.778534576948477,24.28212239349953,24.77012062072754,3883800,0.00033979051148479405
2019-07-08,24.837428525660563,24.854256436652516,24.383084557665324,24.53453254699707,4059200,-0.009556496255293766
2019-07-09,24.534533521927365,24.610257519602285,24.39149948240784,24.475637435913086,3367500,-0.002403384418130279
2019-07-10,24.585017279750154,24.694397107987808,24.34101896370894,24.408329010009766,4321400,-0.0027538055249090518
2019-07-11,24.399913453890107,24.475637451613604,24.130673286338997,24.450395584106445,5126900,0.0017219681782814262
2019-07-12,24.441983281385134,24.517707284230166,24.248467098469206,24.290536880493164,3580100,-0.006559549385923062
2019-07-15,24.315780275126595,24.39991824520766,24.20640203738002,24.391504287719727,3846000,0.004148041026058686
2019-07-16,24.36625704660907,24.458808953785997,24.080190579040096,24.31577491760254,4179200,-0.0031095734508062804
2019-07-17,24.475639056310595,24.526121189836694,24.36625922807294,24.408329010009766,3019300,0.0037991136323892653
2019-07-18,24.34101981514444,24.643915836492347,24.21481367451553,24.610260009765625,2646500,0.008239002634247742
2019-07-19,24.56818529351628,24.610253460932118,24.080187169423038,24.097013473510742,4040100,-0.021075518998374364
2019-07-22,24.181152671971923,24.214808491494836,24.00446443387003,24.13067054748535,3184900,0.0013957576492377836
2019-07-23,24.13066990764706,24.223221804083206,24.0633598751838,24.139083862304688,4899000,0.0003485957203390766
2019-07-24,24.2064000670678,24.24846824628499,23.84460794852658,23.920331954956055,3576600,-0.009103457224532827
2019-07-25,23.80253531602864,24.054947553703613,23.794121360799757,24.021291732788086,3548800,0.004211785889211211
2019-07-26,24.08860201660268,24.33260190634636,24.08860201660268,24.23163604736328,2340900,0.008718461516588871
2019-07-29,24.240047140198406,24.27370295748435,23.996048884066095,24.197978973388672,2081100,-0.0013899379286319534
2019-07-30,24.130673038942508,24.509291418880277,24.105431171694136,24.26529312133789,4805000,0.002777946611040931
2019-07-31,24.231639135471287,24.59343123613752,24.172743045557823,24.408329010009766,8457700,0.005877364130873706
2019-08-01,24.433569261559455,24.61867147543261,24.24846544288832,24.475637435913086,5254700,0.002753805524909097
2019-08-02,24.526120434953935,24.770120348283236,24.307362390009818,24.677568435668945,4187900,0.008216438061429814
2019-08-05,24.677565797460034,24.80377191629752,23.90349956917948,24.021291732788086,4359000,-0.026954077916210257
2019-08-06,24.088601988550842,24.341015833315655,23.760465755634254,24.282119750976562,6017900,0.010799674195541745
2019-08-07,24.27370636739761,24.3326024511239,23.087365922974595,23.609018325805664,8669900,-0.0281114952994961
2019-08-08,23.457574543178843,23.59219625057908,23.2219901660244,23.41550636291504,5609200,-0.008230303507008424
2019-08-09,23.432329558189338,23.58377754431791,23.2135715343145,23.238813400268555,4311900,-0.007574595807996425
2019-08-12,23.22198924720687,23.39867752308173,23.01164514461405,23.356609344482422,5385000,0.005056127328550208
2019-08-13,23.390260626696545,23.625846569719215,23.2808824132062,23.558536529541016,5280700,0.008608240610826923
2019-08-14,23.633348558507382,23.794871902785037,23.361310265919414,23.378313064575195,5185000,-0.007679439597183546
2019-08-15,23.369812765569854,23.75236764595612,23.318805988677084,23.437822341918945,4620700,0.0025422563771264933
2019-08-16,23.471824340362545,23.777866576249895,23.45482154351437,23.692855834960938,3940600,0.01082250424435286
2019-08-19,23.743864882197773,24.05840854668894,23.692858108235228,23.896886825561523,2851700,0.008574630972788416
2019-08-20,23.896884002350223,23.939389372051348,23.590840151779172,23.658849716186523,2565200,-0.010010951976429995
2019-08-21,23.633347839238027,23.769366981392338,23.556836869091722,23.735363006591797,2808500,0.003228805901890338
2019-08-22,23.735363073051385,23.93939178685413,23.67585490087676,23.820375442504883,3054100,0.0035752794191553357
2019-08-23,23.913891387240334,23.930894188126395,23.225294166118307,23.310306549072266,2818800,-0.02164572152347586
2019-08-26,23.32730514562759,23.454822886337563,23.233791379084792,23.446321487426758,2183500,0.005818012450140052
2019-08-27,23.54834060858515,23.573843188125498,23.18278850139451,23.1912899017334,5153200,-0.010936843470997075
2019-08-28,23.199789974725345,23.284800730297814,23.089273398119172,23.2167911529541,3563600,0.0010990005709289924
2019-08-29,23.361311537954887,23.6163486672501,23.250796583626975,23.480329513549805,4742100,0.011287255178647279
2019-08-30,23.565335641736706,23.794868526593532,23.531331670726008,23.539833068847656,4347300,0.002530981765871417
2019-09-03,23.48882857298772,24.06691076925986,23.48032879493328,24.049909591674805,5282100,0.02143722693864929
2019-09-04,24.06690826502288,24.143419231360998,23.78636859560845,23.930889129638672,2687000,-0.004961180694441487
2019-09-05,23.769368085543345,24.007402406108756,23.735364109163232,23.794872283935547,3999000,-0.0056999494584624175
2019-09-06,24.032904396379948,24.287939870964916,23.973396227075188,24.228431701660156,5483900,0.018056700045444272
2019-09-09,24.134920710215628,24.534478386835744,24.024405757593243,24.466468811035156,4254700,0.009776752921906037
2019-09-10,24.466467526502672,24.95953733053895,24.398457954272708,24.917030334472656,7623800,0.01824795868239589
2019-09-11,24.815018757911876,25.86916802194501,24.815018757911876,25.85216522216797,7663200,0.03684283959935493
2019-09-12,25.928669467898867,25.94567226326152,25.32508482580699,25.401594161987305,5511300,-0.017582424120995022
2019-09-13,25.25707685691406,25.63113029509086,25.25707685691406,25.376094818115234,3385300,-0.0010043523652896187
2019-09-16,25.50361107489342,25.83515749999474,25.3675919455454,25.792652130126953,3758600,0.016282068233453732
2019-09-17,25.79265703768084,25.79265703768084,25.240079016881303,25.427104949951172,4519300,-0.014273921139924092
2019-09-18,25.529119665485283,25.53762106521786,25.180570383830783,25.478111267089844,5544000,0.002003972794886801
2019-09-19,25.55461981345742,25.682137554369152,25.384596699400465,25.53761863708496,3456000,0.0023329038747721673
2019-09-20,25.64813763796072,25.86066778026352,25.64813763796072,25.784156799316406,5439200,0.009607620022971585
2019-09-23,25.818155874380366,25.945673603234336,25.733143514652422,25.843658447265625,2840100,0.002305023910465839
2019-09-24,25.88616371154785,26.081690990849502,25.826653928673807,25.88616371154785,4089600,0.0016433566586646056
2019-09-25,25.877671434947622,26.09020158426541,25.80116045147511,26.022192001342773,3125300,0.005241106149824973
2019-09-26,26.107198546900424,26.107198546900424,25.58012476975512,25.605628967285156,4808800,-0.016137503628120293
2019-09-27,25.648133054106683,25.724644021379696,25.41009875353775,25.503612518310547,4955400,-0.003992099334460095
2019-09-30,25.554620117594684,25.733146254176667,25.495111945892713,25.656635284423828,5482300,0.005982114200794576
2019-10-01,25.65663280568345,25.775649137588978,25.384594549056008,25.410097122192383,4112100,-0.009655604187700964
2019-10-02,25.384591499039146,25.39309289622178,24.738499906440396,24.755502700805664,5012900,-0.026098823879893304
2019-10-03,24.781009640578564,24.789511039260272,24.321945462098338,24.568479537963867,9665800,-0.007583493896921165
2019-10-04,24.653492006481205,24.891526306137212,24.33894673984562,24.86602210998535,4380700,0.012037995944180178
2019-10-07,24.781014305789917,24.823521307200718,24.500474582383855,24.508975982666016,2923700,-0.014462880601450265
2019-10-08,24.644989333957177,24.644989333957177,23.956392288208008,23.956392288208008,4239600,-0.022804227462599268
2019-10-09,23.981898158781746,24.049909354355503,23.701358462944594,23.92238998413086,4512500,-0.0014203498159195704
2019-10-10,23.905388114517628,24.16892500383046,23.837378542389278,23.93939208984375,5663100,0.0007104669191708203
2019-10-11,23.930890410875335,24.19442729710725,23.871382238643232,24.03290557861328,3435200,0.0038986503361631607
2019-10-14,24.109417514395396,24.151922890127086,23.70135844858089,23.70985984802246,2876700,-0.013532968102630882
2019-10-15,23.718358000855094,23.973395084763773,23.709856602577215,23.956392288208008,5200800,0.010344200663216578
2019-10-16,23.947889542339492,24.355946907860144,23.888381379218877,24.3304443359375,6323200,0.015493229879783429
2019-10-17,24.33045017807649,24.491971910623363,24.168926824053393,24.406959533691406,3738400,0.0031398989089348964
2019-10-18,24.34744644165039,24.483465568695014,24.16892194545778,24.34744644165039,3528600,-0.0024413433169532175
2019-10-21,24.304943045640044,24.47496777898682,24.262437673041365,24.43246078491211,3142900,0.003485633088283813
2019-10-22,24.593986238307792,24.934034112821706,24.483469665668164,24.9000301361084,5306300,0.018956405563717135
2019-10-23,24.95103457763427,25.17206608075886,24.84051801533397,25.163564682006836,4787600,0.010528088566008658
2019-10-24,25.155064771509032,25.699141352019787,25.12956057374405,25.639633178710938,6277300,0.01874222302617526
2019-10-25,25.656634923023528,25.699140296075896,25.070051370339748,25.112558364868164,4688100,-0.02077127107312528
2019-10-28,24.968037550937062,25.08705389135136,24.76400722240394,24.77250862121582,3258500,-0.013633539308034721
2019-10-29,24.772506924647463,24.849017887238453,24.55147543510415,24.687496185302734,4098100,-0.003437626824485569
2019-10-30,24.678998834781925,24.806516586189673,24.525976884502157,24.72150421142578,2671500,0.0013765925730305497
2019-10-31,24.78100699724668,24.857517955744807,24.585479712851836,24.712997436523438,2497200,-0.0003441634770344203
2019-11-01,24.71300136108716,24.789512331735658,24.60248641541493,24.670495986938477,2698600,-0.0017212820370629657
2019-11-04,24.619487872802107,24.89152778347309,24.483468728204667,24.576982498168945,3807100,-0.003797701081876495
2019-11-05,24.559978524184178,24.713000459901068,24.38995541231343,24.43246078491211,4277500,-0.005897725927312247
2019-11-06,24.449462545027263,24.75550640347405,24.449462545027263,24.457963943481445,4258100,0.0010432783525287964
2019-11-07,24.43245858169958,24.747003823583984,23.947890243276373,24.65349006652832,5567100,0.00796258877131035
2019-11-08,24.525976987176147,24.713002915258716,24.33044965943398,24.466468811035156,5554900,-0.007614915138299416
2019-11-11,24.40696017089822,24.440965771149294,23.403819285635457,23.54833984375,6151400,-0.03824823715722677
2019-11-12,23.565339473517714,23.78637099619315,23.437821723910083,23.75236701965332,3945400,0.008626866479924843
2019-11-13,23.803371844709638,23.96489517909774,23.65885130793629,23.8798828125,3699200,0.005354191663185965
2019-11-14,23.88838610066293,24.04140804834631,22.604703965789877,22.689716339111328,14507800,-0.0511245840312046
2019-11-15,21.831094617950964,22.85973964080295,21.329523395105,21.661069869995117,18684100,-0.04639516296564345
2019-11-18,21.78008865010616,21.805591228212258,21.329524186342397,21.3890323638916,7553500,-0.012638349874939687
2019-11-19,21.372026584747292,21.55905411265885,21.08298551568034,21.542051315307617,8463600,0.007128615739494291
2019-11-20,21.514535932797617,21.58332734773386,20.955605481426065,21.024396896362305,7025100,-0.024323379655180707
2019-11-21,20.886810413350275,21.13617863383545,20.852413891839813,21.101783752441406,9359600,0.003674054563641546
2019-11-22,21.06738863087664,21.514533599527294,20.912607554027062,21.28236198425293,6148400,0.00852107887522522
2019-11-25,21.30815890838189,21.419944328027334,21.1791735871002,21.325355529785156,4667300,0.002018111395428608
2019-11-26,21.25656337976544,21.308158162518705,20.938403753369123,21.058788299560547,6035800,-0.012578795792745887
2019-11-27,20.989997166649033,21.21356964111328,20.895408370498192,21.21356964111328,3089200,0.007323084909606661
2019-11-29,21.22217024896703,21.368352198595726,21.08458743050667,21.118982315063477,2116100,-0.004468782489507279
2019-12-02,21.101786541089606,21.24796685647787,20.9470054540707,20.972801208496094,3248500,-0.006945854132918932
2019-12-03,20.947004651511207,21.13618061722147,20.86961411096688,20.981399536132812,4086700,0.0004098911481803949
2019-12-04,20.878213163990047,21.342554765401097,20.878213163990047,21.25656509399414,4275900,0.013029484403735667
2019-12-05,21.213571175313753,21.368352256530443,21.170577159472035,21.31675910949707,3638100,0.002827782736733114
2019-12-06,21.282360490257197,21.609119242799824,21.23936647864668,21.5145320892334,4797700,0.009235041942686859
2019-12-09,21.540326234094778,21.634915020725025,21.34255117124634,21.531728744506836,3763200,0.0007989848992777913
2019-12-10,21.548927976065926,21.634917643416035,21.376950281482202,21.46293830871582,4253300,-0.0031999547481255095
2019-12-11,21.41134430183715,21.67791078377952,21.40274517143689,21.591922760009766,4811600,0.005991650372066266
2019-12-12,21.548928313206385,21.781099926649137,21.213570409422314,21.342554092407227,6812000,-0.011616374067262196
2019-12-13,21.299560099778635,22.36582772838358,21.299560099778635,22.305635452270508,13385300,0.04413643301254796
2019-12-16,22.288437252199596,22.675389942735702,22.288437252199596,22.658191680908203,7094600,0.01568209275656835
2019-12-17,22.615198558249897,23.070942707002832,22.580803670860703,22.709787368774414,10974200,0.0022745430231351713
2019-12-18,22.76138004366865,23.174130164519735,22.74418342039222,23.0881404876709,6808600,0.016523093707420018
2019-12-19,22.99355375697074,23.208527148460877,22.864570050100024,23.027950286865234,8020500,-0.0026103788926224395
2019-12-20,23.32890999958904,23.432097941533378,22.8817666248081,22.984952926635742,15120400,-0.001868926746282203
2019-12-23,23.02794858582784,23.19132717040772,22.752781287348505,22.984952926635742,4651700,0.0
2019-12-24,23.027946171419554,23.17412811711257,22.993549647672243,23.0107479095459,1963700,0.0011216259409243467
2019-12-26,23.07094285285848,23.24292221124183,23.053744588996803,23.139734268188477,1994300,0.005589830849735273
2019-12-27,23.131135136257637,23.208525683518474,23.045145457065964,23.139734268188477,3099700,0.0
2019-12-30,23.07094285285848,23.165531663980993,22.890366002661008,23.139734268188477,3557300,0.0
2019-12-31,23.13973099139018,23.457892267309802,23.113933599250814,23.44929313659668,3443200,0.013289112966165233
2020-01-02,23.500888280403515,23.50948741184832,22.95055698886889,23.174129486083984,3385800,-0.011803802891350183
2020-01-03,23.019348444230896,23.165530398838268,22.98495191838604,23.03654670715332,3405400,-0.005954606025743148
2020-01-06,23.019345935608726,23.21712101731345,22.941955401008364,23.002147674560547,3513900,-0.0014943533675788095
2020-01-07,23.01074834098228,23.113934633925837,22.67539042874089,23.105337142944336,4252100,0.004476047265452354
2020-01-08,23.148333025678074,23.165531289261555,22.890365632392577,22.907562255859375,5922600,-0.008596550430094333
2020-01-09,22.881769246311002,22.881769246311002,22.623800181953683,22.744186401367188,5709400,-0.007157515616650446
2020-01-10,22.726981374009835,22.735580504275028,22.271237310652936,22.61519432067871,8430700,-0.005687574493302645
2020-01-13,22.615198103392913,22.76997919382295,22.52921006659104,22.59800148010254,4303600,-0.0007605231658746543
2020-01-14,22.85596940336686,23.062343648710613,22.744183968849427,22.924760818481445,4837200,0.01435611258616953
2020-01-15,22.959161312445993,23.31171758082928,22.924764778888115,23.21712875366211,3302800,0.012672729733956391
2020-01-16,23.29451501170213,23.363306425995557,23.02794848632968,23.26011848449707,4761000,0.0018499263897762592
2020-01-17,23.268717616298336,23.389103821399353,23.131134787711478,23.26011848449707,4882400,0.0
2020-01-21,23.27731641655761,23.363306093228807,23.053743913259172,23.225723266601562,5347700,-0.0014798150523497552
2020-01-22,23.277319157275222,23.449298530866805,22.50341525634682,22.512014389038086,11147400,-0.031211286397922644
2020-01-23,22.4862115883939,23.191323898497718,22.451816706009467,23.15692901611328,5030500,0.02824490575566375
2020-01-24,23.105340690338007,23.105340690338007,22.58080509363986,22.752782821655273,6227400,-0.01760658555214963
2020-01-27,22.744183344393893,22.89896279406461,22.477615183041554,22.53780746459961,4298500,-0.009493228954819879
2020-01-28,22.598004519246864,22.744186497633002,22.408826876560752,22.62380027770996,4442200,0.0038082309880455192
2020-01-29,22.64099510682274,22.92475988766323,22.62379684371322,22.855968475341797,3266400,0.01020982387427985
2020-01-30,22.83877223809081,22.98495420725516,22.726986798196563,22.933361053466797,2631500,0.0033803793424470176
2020-01-31,22.898963173851882,22.959157096524937,22.52921034670325,22.76997947692871,5125400,-0.007149686242619438
2020-02-03,22.81297548730109,23.010750601636804,22.640996128677255,22.649595260620117,5998600,-0.005300996273497769
2020-02-04,22.623798109651727,22.993552586613177,22.555006693480998,22.80437660217285,5840800,0.0068104912937152
2020-02-05,22.812971723379913,23.165527874285356,22.718382927731373,23.002147674560547,4011900,0.00863511494977527
2020-02-06,23.002146210980307,23.165526400309563,22.847365151627994,23.09673500061035,4190400,0.004103676848530245
2020-02-07,23.139736750325522,23.139736750325522,22.92476334934508,22.976356506347656,4284700,-0.0052255563605955345
2020-02-10,22.976348821049474,23.561076538550953,22.847365151627994,23.09673500061035,3708700,0.005225556360595386
2020-02-11,23.174136120134808,23.346113877913073,23.1397395845089,23.24292755126953,2051000,0.006309628841436927
2020-02-12,23.24292195359703,23.380504782731933,23.16553140719406,23.3203125,2535100,0.003323867492537365
2020-02-13,23.2257224201902,23.432096652610202,23.217123288824787,23.371904373168945,2565700,0.002209871264196358
2020-02-14,23.475090669320643,23.672867410491847,23.311712093727685,23.371904373168945,3707600,0.0
2020-02-18,23.371903136394387,23.535283343458335,23.182725536599335,23.285913467407227,5284800,-0.00368602764138205
2020-02-19,23.2424516165079,23.346756542599753,22.807850797221207,22.972999572753906,6321000,-0.013529010817615133
2020-02-20,22.886084864688748,22.938236511987352,22.190724041137447,22.355871200561523,9634500,-0.027230614613184146
2020-02-21,22.268948328928648,22.408020468582933,21.929958537884488,21.9647274017334,13501900,-0.017651113322764943
2020-02-24,21.790890422711936,21.990806453152913,21.504053874466326,21.9212703704834,6522800,-0.0019804515180191816
2020-02-25,21.929957928606925,22.121183358721776,21.251981681096098,21.2867488861084,6731300,-0.029372654161731047
2020-02-26,21.29544858138965,21.512749077118112,20.895616465027455,20.930383682250977,5898600,-0.01688289311769031
2020-02-27,20.95645284151306,22.016878284472803,20.513159789868162,20.99991226196289,12105400,0.003316391734033144
2020-02-28,20.634850264759947,20.678311348917383,19.53965581205523,20.00902557373047,12507100,-0.04833480926801577
2020-03-02,20.06117981071538,20.643545150756836,19.809112121493825,20.643545150756836,7324600,0.031219236599266377
2020-03-03,20.547929889734625,21.017299654503194,19.817800249786313,20.078561782836914,10594000,-0.02775001914650861
2020-03-04,20.22632545029704,20.817382915196998,19.956871709735072,20.70438575744629,6441600,0.030692882272279353
2020-03-05,20.36539895791363,20.40016616870621,19.548348780901623,19.704805374145508,9387500,-0.04948301654991229
2020-03-06,19.122439926481665,19.218052656632757,18.192394249862126,18.731298446655273,11016500,-0.05066669513252284
2020-03-09,17.9403202658328,18.731293579166326,14.915499134104332,15.67170524597168,11313700,-0.17833896570643942
2020-03-10,16.19322600404271,16.349682566244088,15.141492803709909,16.26276206970215,14277200,0.037021085897859296
2020-03-11,15.749934125625828,15.862929607062418,14.750350933678897,15.35010051727295,16227900,-0.057755936310624395
2020-03-12,14.202757590545664,14.254909234510421,12.716422474583084,12.925030708312988,13141000,-0.17195622609168856
2020-03-13,13.533471136194809,13.681235501690578,12.168824638430179,13.516087532043457,11802100,0.04471484873405084
2020-03-16,12.35135659824248,12.559964814190351,10.734641681243431,10.847637176513672,12262400,-0.219933360489806
2020-03-17,11.082323447538602,12.74249882744216,10.612954487623798,12.733806610107422,12252300,0.16031311006587207
2020-03-18,11.873297132389986,12.04713733651533,10.143585650705722,10.838947296142578,9909700,-0.1611145161929773
2020-03-19,10.734641698552092,11.07362984278013,10.06535596847097,10.63033676147461,6883800,-0.01943400625247509
2020-03-20,10.85632939274534,11.934139337411374,10.152276456687435,10.847637176513672,16152100,0.020235412379580306
2020-03-23,10.752027607524315,11.17793634766049,10.36957912899981,10.517343521118164,7790700,-0.030921626103065786
2020-03-24,11.386543707207585,12.055828650148781,11.212702687179352,11.847220420837402,6956800,0.11906761800657302
2020-03-25,12.15144037581632,13.689927910290322,11.360466895851433,13.151022911071777,10463100,0.10440626708828113
2020-03-26,13.185790459147617,14.107143839136473,13.055410529751105,13.811615943908691,9137700,0.049010429656060756
2020-03-27,13.229249940792403,14.79381314702907,13.107561405896272,14.167986869812012,9872100,0.025475000561812348
2020-03-30,14.25490872326699,14.385288657438325,13.49001189368989,14.107144355773926,7026600,-0.004303612772539191
2020-03-31,13.968071776225328,14.098451706394965,13.333554900294533,13.429166793823242,8535100,-0.049252393015854566
2020-04-01,12.559964042383292,12.672960359645296,11.864602536351503,12.273127555847168,9715400,-0.09001684717233265
2020-04-02,12.00367694657388,12.77726600025794,11.80376010612676,12.281821250915527,18760800,0.000708101287445812
2020-04-03,12.151439626957654,12.316588417679396,11.351774808543924,11.6820707321167,18401700,-0.05006497166233001
2020-04-06,12.186208220474125,13.446550518506493,12.03844386529771,13.298786163330078,8633800,0.12961751475277267
2020-04-07,14.307062058139419,14.47221087849423,13.377017146642197,13.446553230285645,10940900,0.011050042652296923
2020-04-08,13.646466431117359,14.689508298214706,13.411782404764738,14.619972229003906,7016400,0.08366574699890547
2020-04-09,14.950271102916961,15.85424008136829,14.950271102916961,15.480483055114746,10495700,0.05719151798659168
2020-04-13,15.541329190592966,15.576098062254866,14.55913177633903,14.680819511413574,6616200,-0.05303822612910014
2020-04-14,14.993731540792128,15.167572569630838,14.602590054840487,14.7764310836792,5513700,0.00649157040074619
2020-04-15,14.115836932710808,14.254909087092523,13.672543818917525,13.794232368469238,8433500,-0.06878285657086129
2020-04-16,13.82030709702938,14.02022309590637,13.437858702730402,13.724695205688477,5809500,-0.005053780573070403
2020-04-17,14.19406460249365,14.689509337921455,14.124528528361164,14.367905616760254,7588200,0.04580016263566681
2020-04-20,13.863769211058493,14.211450445143177,13.576932669576525,13.689929008483887,6976800,-0.04833648890958687
2020-04-21,13.290094809167819,13.733387903441669,13.194482914474305,13.481319427490234,5108900,-0.015355472567474483
2020-04-22,13.811613698535888,14.254905883778635,13.307476837722378,14.07237434387207,5985900,0.04290862804715215
2020-04-23,14.124526836406755,14.51566824271702,14.089757974570029,14.27229118347168,7125200,0.014106368939921204
2020-04-24,14.359211258706912,14.585203880400327,14.04629814284364,14.498283386230469,5995600,0.015710277202820092
2020-04-27,14.58520593084635,15.124110086293785,14.524360415864173,15.054574012756348,5612700,0.03765161087190044
2020-04-28,15.454405431748585,15.758624673068605,15.011112405705878,15.132800102233887,5048000,0.005182714089603589
2020-04-29,15.67170842801427,15.802088361258585,15.280566970410524,15.376179695129395,4675200,0.01595495866442486
2020-04-30,15.219725831950733,15.245802486407982,14.576516609511792,14.802509307861328,6477500,-0.03802282466069686
2020-05-01,14.498286657264703,14.541746085219474,14.054993529068232,14.307061195373535,3554100,-0.03404350894891342
2020-05-04,14.141914067748901,14.246217358172364,13.689928721591466,14.220142364501953,4730300,-0.00609376938468486
2020-05-05,14.42875001154922,14.602589374416775,14.194065130913634,14.246216773986816,3896600,0.0018319460279561267
2020-05-06,14.341830245489382,14.39398189126912,13.846385465904552,13.88984489440918,6115600,-0.02533339192658467
2020-05-07,15.280567045960321,16.619138567159453,15.237107620620945,15.480483055114746,27800200,0.10842208279078151
2020-05-08,15.723857887309935,16.236686990379678,15.723857887309935,16.158458709716797,17847500,0.04286359888484199
2020-05-11,15.984621281491847,16.071541796926887,15.497868716074942,15.80208969116211,9988000,-0.02230148144853543
2020-05-12,15.593481330249451,15.87162565122949,15.463101387023926,15.463101387023926,16858200,-0.02168556000007766
2020-05-13,15.32402528293557,15.358794146807424,14.454823580587377,14.689508438110352,8421600,-0.05132310294363512
2020-05-14,14.480900127058943,15.063265329867848,14.254907487086909,15.019805908203125,14667600,0.022236196750925023
2020-05-15,14.872041416922595,14.976344691108162,14.393979493648352,14.602587699890137,13774200,-0.028170971301312336
2020-05-18,15.34141036432239,15.55871079910846,15.12410992953632,15.202338218688965,12625800,0.04025049347079787
2020-05-19,15.08064933489497,15.132800970990864,14.680815703838121,14.811197280883789,7583300,-0.02606577845283403
2020-05-20,15.012890232706942,15.170734628511486,14.776121130108688,14.837505340576172,8979000,0.001774652127804669
2020-05-21,14.855042052736696,15.039194657962753,14.644581215652321,14.697196006774902,6678300,-0.009501392121892707
2020-05-22,14.714736919641206,14.881350727311718,14.662120448445402,14.837505340576172,6535300,0.009501392121892625
2020-05-26,15.381195993971023,15.635502228294262,15.26719532101006,15.337348937988281,9083700,0.033132840921149556
2020-05-27,15.80212123686319,15.898581436452202,15.28473756848793,15.346121788024902,8866200,0.0005718290707078573
2020-05-28,15.63550471469846,15.889812662056665,15.381198439934682,15.802120208740234,8638900,0.02928133159147252
2020-05-29,15.679348409790581,15.784579676911461,15.223350712518101,15.591657638549805,12805800,-0.013408116999665693
2020-06-01,15.591659857086622,16.003812227383865,15.530273966851535,15.8284273147583,7148700,0.015071516096015414
2020-06-02,15.810887331129074,16.02134818504666,15.723194890514867,15.872271537780762,10456300,0.002766137818137502
2020-06-03,16.10904022363954,16.38088527742458,16.07396257923159,16.18796157836914,9318100,0.019694195175796975
2020-06-04,16.10027409658737,16.117811249774338,15.63550524894577,15.8284273147583,8684900,-0.022460332993934348
2020-06-05,16.293190909591853,16.64395894916339,15.968729427616967,16.003807067871094,14693600,0.01101911512493974
2020-06-08,16.135350878400942,16.950887919277783,16.11781205174681,16.740427017211914,16830700,0.04499993785192865
2020-06-09,16.442271219254497,16.503655430857954,16.003810653407708,16.337039947509766,14122400,-0.02439165427164688
2020-06-10,16.415969019681825,16.52996974537538,15.959971134692422,16.126585006713867,10804900,-0.01296576641715231
2020-06-11,15.425041591000387,15.723194885435866,15.24088729851062,15.582887649536133,14137600,-0.03429578621337664
2020-06-12,16.10027334330516,16.31073422505233,15.547812065198741,15.784581184387207,10230400,0.012860222523777333
2020-06-15,15.346121129476083,16.310734792133474,15.20581387009986,16.021350860595703,9072700,0.014888672316591234
2020-06-16,16.60889281005709,16.959661057200837,16.073970187791037,16.126585006713867,8157400,0.006546891373008274
2020-06-17,16.223039222777093,16.3282704834068,15.924885935686088,16.18796157836914,8001600,0.003798700705865075
2020-06-18,16.030118931546053,16.345809402419786,15.986271871289752,16.091503143310547,9331100,-0.005976475942260454
2020-06-19,16.354579658006113,16.354579658006113,15.591659168734227,15.600428581237793,21473000,-0.030992990570432234
2020-06-22,15.521506226555294,15.907350358180356,15.425044357351787,15.8284273147583,8487000,0.014509133518758335
2020-06-23,16.02134971836523,16.109042167372014,15.72319639529876,15.942426681518555,6500200,0.007176379711072339
2020-06-24,15.758269174589824,16.25811553075034,15.679346153753636,16.07396125793457,12808300,0.00821674929164418
2020-06-25,15.968731509123062,16.082732182214887,15.688117040888054,15.916116714477539,9782200,-0.009868423864155712
2020-06-26,15.810891217526596,15.881044852743244,15.37243057927389,15.521507263183594,14146200,-0.025105598179053064
2020-06-29,15.705662509500922,16.328277587890625,15.547816386174098,16.328277587890625,9176000,0.05067179857862222
2020-06-30,16.337042250506617,16.494888344077765,16.12658134994327,16.372119903564453,6321100,0.002681456208897395
2020-07-01,16.398424904143397,17.02103806958293,16.372116669546738,16.898269653320312,10663700,0.0316313470094207
2020-07-02,17.082421100297946,17.3367289994213,17.0122674854698,17.064882278442383,7950000,0.00981145460409939
2020-07-06,17.319196174209047,17.494581108302203,16.94211973672504,17.187658309936523,7024500,0.007168902230628926
2020-07-07,17.012269211719083,17.213960665741542,16.871961967825694,17.0911922454834,5533600,-0.005628328695096555
2020-07-08,17.06488862668362,17.082427455063733,16.863197118096505,16.950889587402344,5555200,-0.008242941967358154
2020-07-09,16.854424150600174,16.863193562941436,16.231810927720126,16.617656707763672,14225000,-0.019854528307563193
2020-07-10,16.66150055973307,16.96842327298384,16.6176551746662,16.898269653320312,4330200,0.01674544213528956
2020-07-13,16.924578483054862,17.10873280471794,16.775501812220735,16.84565544128418,6914800,-0.0031184430694815974
2020-07-14,16.863192583175234,17.17011530690934,16.81934719661077,16.907039642333984,11003900,0.0036372958410223147
2020-07-15,17.152575482200362,17.41565280401649,16.907038655618337,16.924575805664062,5236900,0.0010366732222721394
2020-07-16,16.9245735542098,17.07365018162921,16.70534331815737,16.91580581665039,4771400,-0.000518315030125257
2020-07-17,16.994733560605944,17.48581067849978,16.924579925563194,17.41565704345703,7708300,0.029121191426555948
2020-07-20,17.415654011954757,17.520883609904512,16.714116111047737,16.819347381591797,4760100,-0.03483977805094756
2020-07-21,16.88073402838823,17.029810707490764,16.714118522898445,17.012271881103516,6556600,0.011405105339670221
2020-07-22,16.91580902251691,17.634884065432193,16.845653727994172,17.547191619873047,7282600,0.03095895645883524
2020-07-23,17.503342080129908,18.0558032380388,17.43318846814399,17.722572326660156,5931000,0.009945184355513325
2020-07-24,17.74888541779284,17.845347287906257,17.20519519419514,17.3104248046875,3685900,-0.023530189917208084
2020-07-27,17.231499303614996,17.310422336528497,16.538732503433952,16.722885131835938,7229800,-0.03453076138335058
2020-07-28,16.67026865780822,17.1613439567609,16.661499246966947,16.968421936035156,3973100,0.014575935025314546
2020-07-29,17.0298086213279,17.07365400933039,16.757963536004908,17.038578033447266,4183600,0.004125985650115548
2020-07-30,16.836885223790404,16.85442237403001,16.459808895834517,16.77549934387207,7231600,-0.015560619617183306
2020-07-31,16.801810677477803,16.92457911477261,16.135350340201907,16.670272827148438,16893400,-0.006292386576178409
2020-08-03,16.608886493779043,17.143807240022422,16.459809836361703,16.942115783691406,5847100,0.01617551712338856
2020-08-04,16.889500791460936,17.468268590669737,16.889500791460936,17.0911922454834,8598400,0.008760677341418993
2020-08-05,17.257814662742007,17.389352547698067,16.57381531933755,16.679046630859375,8041500,-0.024410018575406645
2020-08-06,16.70534737832472,17.98565313779291,16.70534737832472,17.775192260742188,11881200,0.06365055311380081
2020-08-07,17.70504049741611,18.15227053541501,17.669962844587392,17.89796257019043,7286400,0.006883091486390653
2020-08-10,18.047036155083976,18.45042073047509,17.968113122346463,18.397804260253906,4454700,0.027544440338253987
2020-08-11,18.608263977190706,18.78364885527007,18.064573865814154,18.07334327697754,5286200,-0.01779321822680724
2020-08-12,18.266268973975656,18.37150025648015,17.88042316825184,17.889192581176758,8296900,-0.010241341493785803
2020-08-13,17.76642000336784,18.30134235891486,17.76642000336784,18.187341690063477,5698300,0.016529076475758124
2020-08-14,18.09965175902968,18.108421171123876,17.775191874516025,18.011960983276367,4585400,-0.009689804282098835
2020-08-17,18.011963034201315,18.275038736604927,17.941807729459526,18.108423233032227,5439000,0.005341165725226733
2020-08-18,18.117187263857428,18.21364910662591,17.634881395203088,17.74888038635254,6967800,-0.020054764903760406
2020-08-19,17.79305762727745,18.093437095580157,17.766554646892473,17.890239715576172,3552900,0.007932859741405085
2020-08-20,17.784222160258782,17.837231489469673,17.501512478131193,17.510347366333008,5580900,-0.021463312578560625
2020-08-21,17.589861966495842,17.740051715326654,17.404334345336938,17.48384666442871,4430200,-0.0015145773580000417
2020-08-24,17.519179229317057,17.89907093098216,17.501509455964648,17.863731384277344,4113800,0.02149507080679726
2020-08-25,18.013922790125427,18.013922790125427,17.5810234125716,17.678205490112305,3347600,-0.010439925088386065
2020-08-26,17.572193179808178,17.572193179808178,17.271813665188983,17.35132598876953,3582100,-0.018663623291805265
2020-08-27,17.39549390512873,17.598691240153382,17.324816497942667,17.45733642578125,3315600,0.006091056502343543
2020-08-28,17.536851171651204,17.651701342482017,17.324818920444873,17.625198364257812,2492900,0.009569617504078774
2020-08-31,17.651704113344984,17.78422408051585,17.56335690687014,17.731216430664062,4348200,0.00599712299848587
2020-09-01,17.536852601420833,17.713545315957163,17.43967051312211,17.66937255859375,3018800,-0.003493949493510678
2020-09-02,17.651703241180794,18.155280102598205,17.563356039071152,18.06693458557129,3410400,0.022250672277564033
2020-09-03,18.190619918054193,18.33197476942142,17.63403371634831,17.80189323425293,3829400,-0.014778636010258394
2020-09-04,17.87256910605202,17.934411637513097,17.31598463781969,17.554521560668945,3613600,-0.013993257603684636
2020-09-08,17.519180034648222,17.61636210747145,17.059776016861484,17.11278533935547,3899600,-0.02548569071452256
2020-09-09,17.298315518212767,17.430835474242322,17.13045600853124,17.25414276123047,6291200,0.008226409916151417
2020-09-10,17.19230297794816,17.46617953416299,17.13929531887691,17.183469772338867,3673300,-0.004104412757242252
2020-09-11,17.183469772338867,17.280650199788973,17.015610219349632,17.183469772338867,2795600,0.0
2020-09-14,17.289476759624126,17.54568341100214,17.15695683325859,17.26297378540039,4468800,0.004616102333089214
2020-09-15,17.298317580889027,17.36899501153798,16.662220705048455,16.794740676879883,4827300,-0.027498181841075914
2020-09-16,16.80357375545461,17.466175228287213,16.80357375545461,17.43967056274414,7213100,0.03768174610185276
2020-09-17,17.289478642567296,17.307148417362338,16.90075202248874,17.0421085357666,4768800,-0.023060274443658275
2020-09-18,16.997940655272696,17.042115109299395,16.64455344847471,16.72406578063965,10942000,-0.01883850731346918
2020-09-21,16.565033702043678,17.006767934098175,16.49435629231825,16.697553634643555,6933700,-0.0015865270457267478
2020-09-22,16.644549751390205,16.88308669490123,16.600376992258273,16.706392288208008,3106400,0.0005291981846179733
2020-09-23,16.72406253979089,16.900755266408172,16.644550223034134,16.662220001220703,5520600,-0.0026475366974281584
2020-09-24,16.626876224918128,16.909585863819828,16.4325137694438,16.697553634643555,4206800,0.0021183385128101914
2020-09-25,16.565031172947105,16.79473314075516,16.494353774012485,16.777063369750977,3570800,0.004750458212599661
2020-09-28,16.936097409570227,17.050947615159334,16.777072751767577,16.803577423095703,3074200,0.001579127629993984
2020-09-29,16.883086018962786,17.015605976135703,16.591541439149296,16.785903930664062,2858400,-0.001052323129163664
2020-09-30,16.909588288659062,17.2188026324551,16.838910868798475,17.095117568969727,5278800,0.01825341799480822
2020-10-01,17.174629407462586,17.209967273885578,16.953762265800556,17.13928985595703,3313600,0.0025805798799090132
2020-10-02,16.962595204067227,17.651699528397156,16.874248020540158,17.607526779174805,5795600,0.026952988195382277
2020-10-05,17.68703906861447,17.881401524228718,17.41316263128422,17.837228775024414,3382600,0.012961308830677172
2020-10-06,17.925576826280736,18.384979169524897,17.748882450745132,18.17294692993164,5278900,0.01864627846190651
2020-10-07,18.28779816846955,18.48216062699815,18.084599137868747,18.243623733520508,3957600,0.003881578690129013
2020-10-08,18.349643251593967,18.870889861115682,18.270130942678275,18.83555030822754,4644100,0.03193042352257168
2020-10-09,18.897392593693983,19.02991423020972,18.738367977941184,18.879724502563477,5488000,0.0023425105481800906
2020-10-12,18.90622754003478,19.27728441624003,18.74720292379216,19.09175682067871,5879700,0.011168093240273961
2020-10-13,18.897392826974606,19.07408722112174,18.349643238267227,18.393815994262695,5772200,-0.0372421409692997
2020-10-14,18.420319117436367,18.60584669919093,18.208286873252945,18.367311477661133,2740100,-0.0014419863054759884
2020-10-15,18.19061603883012,18.54400309188695,18.19061603883012,18.482160568237305,2190000,0.0062334386941510535
2020-10-16,18.49983281908316,18.65885743552096,18.24362611813723,18.420320510864258,2424100,-0.0033515424140227353
2020-10-19,18.31430188283976,18.561673673281927,18.31430188283976,18.376144409179688,3288300,-0.0024011069000597412
2020-10-20,18.48216310799229,19.40980446037504,18.38498102314134,18.853219985961914,5832000,0.025630396910906284
2020-10-21,18.77370819657579,19.2772850409413,18.738368642895498,19.021080017089844,5477800,0.008864117895918507
2020-10-22,19.038747701652582,19.559994311709982,18.941567301275573,19.498151779174805,3892600,0.024771841784560197
2020-10-23,19.719015775281846,19.869205481019915,19.445141024259144,19.639503479003906,3794400,0.00722334097436425
2020-10-26,19.303794431096225,19.60417397057047,19.22428210093639,19.551164627075195,4626300,-0.00450816512251466
2020-10-27,19.630669791823387,19.84270203316114,19.524654513695744,19.72785186767578,5187200,0.008996581284338917
2020-10-28,19.241944891630926,19.674844262407742,18.77370597136255,18.81787872314453,4814800,-0.04722402382106929
2020-10-29,18.738370770919104,19.14476725898157,18.455661049701487,18.97690773010254,4505000,0.008415443526090569
2020-10-30,18.985737563971544,19.03874520131417,18.55283820799489,18.667688369750977,4946600,-0.016428722700826123
2020-11-02,18.92389632326982,19.047581380486985,18.605847107474226,18.968069076538086,5072500,0.015962855834213054
2020-11-03,19.250778198242188,19.595330352079955,19.144761243555468,19.250778198242188,3983200,0.014794495302201399
2020-11-04,19.22427509609593,19.613001714670393,18.98573819253325,19.04758071899414,4028800,-0.010611388669673464
2020-11-05,19.303786777408387,20.469964910601487,19.303786777408387,20.028230667114258,6296000,0.05020271450323751
2020-11-06,20.063574758041543,20.240269184314975,19.833874363002188,20.196096420288086,4481400,0.008346527579288342
2020-11-09,21.203245241635273,21.556632325312687,20.74384119031337,20.96470832824707,9153600,0.03735112899540709
2020-11-10,21.1148991579793,21.326931419317457,20.99121409346936,21.291593551635742,4763500,0.015471857668147846
2020-11-11,21.309259653675365,21.715654329895134,21.176738038742343,21.265085220336914,5034700,-0.0012457896382965887
2020-11-12,21.088395477316965,21.088395477316965,20.41695916286285,20.70850372314453,3982400,-0.026522112443264342
2020-11-13,20.841025067667942,21.44178400427336,20.80568551371107,21.424114227294922,4789200,0.03397269688489157
2020-11-16,21.751001447968893,22.183900934881642,21.73333166848276,22.166231155395508,8801700,0.03405289099653856
2020-11-17,21.839342610715033,22.431266624543134,21.750997101105757,22.23690414428711,8909300,0.003183245871823105
2020-11-18,22.35244632346424,22.370222035805714,21.099287421539223,21.10817527770996,6138300,-0.05209283818646323
2020-11-19,20.983746620712775,21.134836770405105,20.574913752939683,20.823768615722656,6246600,-0.013565363153734918
2020-11-20,20.75266462306249,20.992631597645044,20.690451339693272,20.850427627563477,3871500,0.0012794015424618485
2020-11-23,20.939306309894004,21.330363447754635,20.921532295361462,21.31258773803711,5901900,0.02192341402624208
2020-11-24,21.588106762518002,21.774746634265753,21.23259933887176,21.650320053100586,7894200,0.01572236561636958
2020-11-25,21.70364518610387,21.952500040151104,21.579218606672757,21.783634185791016,3383500,0.00613872504479446
2020-11-27,21.854736436540698,21.952501151147217,21.36591625387829,21.392578125,2954200,-0.01811491715293125
2020-11-30,21.357028926620686,21.445904092804472,20.512701286393643,20.61046600341797,9171000,-0.037245040088336394
2020-12-01,20.77932647051335,20.98374372377131,20.29050636291504,20.29050636291504,7136900,-0.01564589538988546
2020-12-02,20.210519142732377,20.406046863870973,19.908338858582287,20.379384994506836,5911600,0.004370740619924195
2020-12-03,20.343834267597664,20.574913416000854,20.219407685836345,20.254959106445312,5976400,-0.006124192709621933
2020-12-04,20.29939729331499,20.619353307611874,20.21052043432307,20.31717300415039,3553000,0.0030668315038501256
2020-12-07,20.22829477323182,20.939306206574688,20.094980341378154,20.566024780273438,5138700,0.012173942500692531
2020-12-08,20.45937159045166,20.53047272571502,19.952775789802157,19.99721336364746,4182900,-0.028047499692077402
2020-12-09,20.094981554773163,20.17497055775233,19.552834244622144,19.75724983215332,15465200,-0.012072427930044847
2020-12-10,19.67726234041255,19.837240358657404,19.250655421883085,19.37508201599121,6702200,-0.019532695784871226
2020-12-11,19.295089375400973,19.535056357604823,19.19732636779506,19.33064079284668,4718800,-0.0022963654699499144
2020-12-14,19.55283179581991,19.597269371827373,19.19732610220561,19.23287582397461,5438800,-0.005070345595908734
2020-12-15,19.339529316432174,19.8105754427785,19.197327032098364,19.766136169433594,4828800,0.027349081756096433
2020-12-16,19.79279971688481,19.828349440346056,19.312865736270947,19.437294006347656,4051900,-0.016776586864981853
2020-12-17,19.552834823166197,19.792801839204028,19.42840823493256,19.446182250976562,4020700,0.0004571733620159723
2020-12-18,19.4728437298089,19.57949629056252,19.286203867471247,19.437294006347656,11279100,-0.00045717336201600946
2020-12-21,19.206217290484986,19.250654874206447,18.637406386776362,18.708507537841797,5876900,-0.038215223188606824
2020-12-22,18.70850492432757,18.779606065460417,18.415212505256463,18.50408935546875,4981400,-0.010986615051805185
2020-12-23,18.681841223608288,19.215100577395873,18.681841223608288,19.108448028564453,4264400,0.03213878852622057
2020-12-24,19.08178736822225,19.188439933266146,18.85070822328132,19.17955207824707,1011200,0.0037141731730442216
2020-12-28,19.268428450243487,19.35730530302132,19.028461456298828,19.028461456298828,2874600,-0.007908885887337316
2020-12-29,19.152889698447332,19.259542270091316,18.832935373885615,18.93069839477539,3866400,-0.0051509716266203735
2020-12-30,18.87737170168872,19.152888425275354,18.81515841202577,19.037349700927734,1767000,0.005617965210638652
2020-12-31,19.01957240780603,19.277315095166937,18.886257984598775,19.23287582397461,1938100,0.010218273953351653
2021-01-04,19.259541913552418,19.321755206199228,18.824047169839645,18.966249465942383,3968000,-0.013960041549010102
2021-01-05,19.028465332973962,19.232880949379158,18.84182542978278,19.17066764831543,3793500,0.010720328520230388
2021-01-06,19.48172877384648,19.721695729533444,19.392851935238195,19.508392333984375,4349800,0.017463364867002618
2021-01-07,19.517277260853835,19.570604377765275,18.548525036213675,18.557411193847656,6661000,-0.04997551454695387
2021-01-08,18.61074357623845,18.628517591719746,18.237462128169994,18.406326293945312,7833500,-0.008174808693887023
2021-01-11,18.326336399959676,18.548527666376728,18.28189712956537,18.477426528930664,3489900,0.003855373578480567
2021-01-12,18.44187371380668,18.646289256561168,18.237458171052186,18.397436141967773,4201900,-0.0043384846281145925
2021-01-13,18.326337350229096,18.61074191476048,18.264122368451048,18.50408935546875,3229100,0.005780439102954603
2021-01-14,18.504088619448247,18.610741174497754,18.290785204534085,18.530752182006836,3707000,0.0014398782356156686
2021-01-15,18.930696579645627,19.126225993047484,18.664067718878485,19.072898864746094,5414300,0.028836787710701146
2021-01-19,19.197326146624103,19.366191987175938,19.00179674329518,19.277315139770508,4188600,0.010660603404351005
2021-01-20,19.08178749892395,19.31286664544767,18.912923337959906,19.090675354003906,3790900,-0.009729008766932725
2021-01-21,19.126225007736732,19.34841627865788,18.912921591074614,19.277315139770508,3683100,0.009729008766932687
2021-01-22,19.161778981940603,19.188442550634832,18.912925788202116,19.05512809753418,2867100,-0.011592766430582931
2021-01-25,18.966248130896332,19.428406408291163,18.88625913307088,19.259540557861328,3758700,0.010670294534635472
2021-01-26,19.312862950009208,19.60615533078726,19.143998821356632,19.508392333984375,3550800,0.012838197732800254
2021-01-27,19.21510210234816,19.401741958634346,18.344111020791296,18.539640426635742,5307100,-0.050933583600690335
2021-01-28,18.66406835343577,19.410631223188,18.592967208468174,19.17955207824707,4579500,0.03393355011243471
2021-01-29,19.02846320793024,19.268430223964636,18.51297944858883,18.74405860900879,4984300,-0.022967887582988483
2021-02-01,18.921810107200177,19.197326818127944,18.75294426074158,18.877370834350586,3126400,0.0070870663500979805
2021-02-02,19.046234748073108,19.34841499204658,18.9129203334224,19.108448028564453,3703200,0.012166648059846236
2021-02-03,19.064014848006288,19.108452431400604,18.646294105285083,18.79738426208496,3410500,-0.016412817264681696
2021-02-04,18.75294550601323,19.064013655876856,18.60185535866147,19.04623794555664,4175000,0.01315187373720947
2021-02-05,19.223992637935947,19.223992637935947,18.895150427183644,19.019577026367188,2425100,-0.0014007803888391708
2021-02-08,18.966245825147592,19.046234813248685,18.610740153134255,18.69072914123535,3873200,-0.01744118542997003
2021-02-09,18.75294391656501,18.96624733677347,18.61074163642603,18.912921905517578,4505400,0.011817754076095257
2021-02-10,19.028461286346555,19.161775716730126,18.904034710679884,19.072898864746094,2561000,0.008423032690282389
2021-02-11,19.090674652754647,19.188439359857963,18.824045790890096,18.886259078979492,2229500,-0.009833795054216268
2021-02-12,18.81515875734643,19.055125760609148,18.75294546654166,19.001798629760742,3053900,0.0060990146194549
2021-02-16,19.010690568552608,19.25065762336219,18.89515181726581,19.144006729125977,5351200,0.007456062696263743
2021-02-17,19.233542748324027,19.358902198417088,18.517210352954304,19.2783145904541,7048200,0.006991165747167596
2021-02-18,19.25145251602917,19.788702695260042,19.19772801046745,19.520076751708984,4636000,0.012462645075821751
2021-02-19,19.502168258226522,19.618571629519938,19.179817833304575,19.188772201538086,3970800,-0.017118186116872883
2021-02-22,18.96491947762096,19.108185963875957,18.060548715716774,18.508256912231445,7743700,-0.03610837471924859
2021-02-23,18.508256050463974,18.750018875214213,18.454531547587635,18.606752395629883,4276100,0.00530759476868728
2021-02-24,18.526164581865064,18.982827120925947,18.364989367152855,18.63361358642578,4136300,0.0014425849341616929
2021-02-25,18.624661537480417,19.206683598172148,17.487483940260777,17.68447494506836,9452500,-0.05227999886037889
2021-02-26,17.487486125999748,17.77401915348649,17.29049338869894,17.406898498535156,10415200,-0.015820539853984277
2021-03-01,17.729245539498386,17.935192626935635,17.52330015993253,17.55016326904297,4653700,0.008196659866087795
2021-03-02,17.630747061447522,17.648654089096063,17.469571857513507,17.523296356201172,4403600,-0.0015320369523789989
2021-03-03,17.424800438424715,17.585975646240946,17.353167202492063,17.415847778320312,4212900,-0.006150632436850353
2021-03-04,17.67551844171535,18.275447461056647,17.514343226389162,17.79192352294922,4702800,0.02136403610480017
2021-03-05,18.01578167779236,18.62466349516356,17.95310108488788,18.499305725097656,4830400,0.03898858334342891
2021-03-08,18.839560642930902,18.839560642930902,18.44557697450896,18.63361358642578,5234000,0.007233928789275841
2021-03-09,18.588843233708356,18.848513081566317,18.436622389146407,18.714200973510742,7772000,0.00431551420632424
2021-03-10,18.705245537243584,19.251450014403524,18.696291169501663,19.090274810791016,8416700,0.01989638716792881
2021-03-11,19.090276925674285,19.555893852610538,18.973873547875826,19.06341552734375,5218700,-0.0014079522922277384
2021-03-12,19.117137491925796,19.770790951814593,19.018641156810425,19.67229461669922,6914100,0.03144020037219193
2021-03-15,19.74393012412396,20.227455779998593,19.67229688338748,20.20954704284668,4398600,0.02694383738775824
2021-03-16,20.075234726164645,20.182685440114216,19.815563163711357,20.093143463134766,6174500,-0.005776483005353891
2021-03-17,20.075237729773587,20.182688459799678,19.89615374902057,19.94092559814453,4349300,-0.007604453011792838
2021-03-18,19.949877030989956,20.003601534158086,19.627526596238855,19.645435333251953,3531900,-0.014929169853538489
2021-03-19,19.699154571583023,20.17372572836825,19.49320927458726,19.931962966918945,9138800,0.01447960967873896
2021-03-22,19.82451673270564,20.039416444067065,19.511122387722992,19.663341522216797,4076800,-0.013568556644999539
2021-03-23,19.6096140558052,19.81555936789781,19.43053184402195,19.591705322265625,4970900,-0.0036497869818767643
2021-03-24,19.52007186800896,19.86033096980376,19.45739300922329,19.47530174255371,3659000,-0.005959193341605364
2021-03-25,19.56484852944758,20.066281231344735,19.287269925809845,19.967784881591797,3481100,0.024973133493728462
2021-03-26,19.985690649262786,20.11104837913982,19.48425802188367,19.67229461669922,3745500,-0.014908937721058637
2021-03-29,19.600662815873367,20.460263376323418,19.600662815873367,20.281179428100586,4403400,0.03048205298562325
2021-03-30,20.18268436737307,20.424445472135098,19.91405845071261,20.415491104125977,3533100,0.006600646289506769
2021-03-31,20.308042532695342,20.47817211271992,20.102097187748857,20.281179428100586,3533100,-0.006600646289506738
2021-04-01,20.281179428100586,20.325951269091846,20.111049848076004,20.281179428100586,1886500,0.0
2021-04-05,20.361769530189243,20.648302516175338,20.325953760876637,20.54085350036621,2374300,0.012722422486033183
2021-04-06,20.460261253574092,20.8273817722582,20.415489417227903,20.809473037719727,3248600,0.012992560812090126
2021-04-07,20.90796915577165,20.97064801814373,20.782609723156575,20.91692352294922,3693600,0.005150251715809144
2021-04-08,20.988558251655533,21.024374015053127,20.684116577356328,20.800519943237305,5406400,-0.005580585584151153
2021-04-09,20.8273817722582,20.961693865554913,20.710976705629037,20.809473037719727,5558500,0.00043033386834199827
2021-04-12,20.83633656235009,21.078099359912713,20.77365769806444,20.899015426635742,6640000,0.004293731553490836
2021-04-13,20.800517640836155,21.25718010173717,20.621435427928652,21.185546875,7432400,0.013617148913006942
2021-04-14,21.16764110811068,21.436267026927613,21.04228337071876,21.23031997680664,7981300,0.0021111495182860344
2021-04-15,21.239277879171365,21.579537091385482,21.19450773918752,21.534765243530273,5350800,0.014238269768164901
2021-04-16,21.67802661940657,21.758614218635444,21.364632297817565,21.54371452331543,7555400,0.0004154872670686587
2021-04-19,21.55266909476259,21.570577829843167,21.203457300046217,21.292999267578125,5962100,-0.011705758747276251
2021-04-20,21.310908800208,21.776525719817478,21.230321190742085,21.695938110351562,5103500,0.018746713363609877
2021-04-21,21.740708031490527,21.81234126603123,21.56162409120326,21.749662399291992,5157100,0.00247317637203204
2021-04-22,21.75861719853293,21.86606791484407,21.63325945272927,21.642213821411133,6085500,-0.004952484513511911
2021-04-23,21.642217016147487,21.776529150459623,21.43627162967745,21.606399536132812,7151200,-0.0016562053987180417
2021-04-26,21.66907545368024,21.695936850027703,21.436267007399415,21.481037139892578,4934600,-0.005818993175233571
2021-04-27,21.47208321032761,21.516855051606196,21.212413362396287,21.319862365722656,8512500,-0.0075314088198518815
2021-04-28,21.266142052853635,21.43627166748047,21.1407842883241,21.43627166748047,9395300,0.005445281339319251
2021-04-29,21.48999272312652,22.1705093643034,21.45417524880981,21.9466552734375,11206200,0.023530323593415
2021-04-30,21.973519021328322,22.000380419979674,21.67802997319364,21.928747177124023,4514700,-0.0008163160362168708
2021-05-03,21.955607950024014,22.125735816304076,21.812341479540258,21.866065979003906,2949600,-0.0028624960995658924
2021-05-04,21.86606871749029,22.054105343098115,21.740710967085075,21.991426467895508,3088700,0.00571673496621612
2021-05-05,21.955607094815864,21.964561462356194,21.543714727315685,21.740707397460938,8980300,-0.01146625125312101
2021-05-06,21.758616546938427,22.09887571517479,21.355680215548393,21.830249786376953,4955300,0.004110192695403852
2021-05-07,21.75861758489015,22.143646905690968,21.454175875785836,21.928747177124023,4627800,0.004501819691066976
2021-05-10,22.08992111731611,22.215278858063673,21.892930137874067,21.937700271606445,4913300,0.0004081978426541931
2021-05-11,21.875024691462343,21.875024691462343,21.30195869571144,21.454177856445312,6200500,-0.022287232103749464
2021-05-12,21.606395112824142,21.67802835031713,21.15868695152519,21.17659568786621,9466200,-0.01302280341164017
2021-05-13,21.11391717925395,21.946654646755864,21.11391717925395,21.910837173461914,9506800,0.034084767669731536
2021-05-14,22.072011711466235,22.573444367124512,21.910836502322592,22.403316497802734,12058500,0.02222764331032829
2021-05-17,22.29586262468893,22.582395530112493,22.18841363909051,22.412267684936523,7228800,0.000399467614494147
2021-05-18,22.376452979223338,22.394361714990072,22.107828774206475,22.116783142089844,10316200,-0.013271734947888279
2021-05-19,22.03566946341657,22.071718743399686,21.603066070575473,22.062705993652344,5121500,-0.0024480670330305656
2021-05-20,22.06270546177868,22.35110657071599,21.97257968548422,22.260982513427734,4258600,0.008946811470175987
2021-05-21,22.31505848577967,22.39617151688478,22.143819673557065,22.269994735717773,2684100,0.00040476194190214835
2021-05-24,22.468273412844333,22.720623555302968,22.351109373268752,22.558399200439453,3446100,0.012867221800156953
2021-05-25,22.531356344339283,22.531356344339283,22.30604278089589,22.47728157043457,3531800,-0.003602375553741976
2021-05-26,22.513332952168522,22.65753350873757,22.342095865621673,22.630496978759766,3707700,0.006793329331876986
2021-05-27,22.729639213958883,22.81075226127133,22.56741483834063,22.603464126586914,10274900,-0.001195245993521727
2021-05-28,22.70260191043112,22.846802496557178,22.666550904396313,22.801738739013672,3939100,0.008733619066223148
2021-06-01,22.88284709325248,22.891859842913824,22.522345701829867,22.630496978759766,4702300,-0.007538373072701394
2021-06-02,22.630499943212236,22.75667501698673,22.513335901273244,22.61247444152832,4806400,-0.0007967000229632445
2021-06-03,22.504323697441894,23.045076728058195,22.351110367417384,22.882850646972656,5022100,0.011886029524492973
2021-06-04,22.900877528215116,23.009028828453985,22.828777234391403,22.891864776611328,4283100,0.0003938475497564888
2021-06-07,22.96396660417586,23.063105159432304,22.84680426351464,23.054092407226562,3389700,0.007061700951158601
2021-06-08,23.11717694193812,23.198289982215616,22.891863323168728,22.945938110351562,5474700,-0.00470236627900307
2021-06-09,23.02704757682871,23.396561716741353,22.93692351851341,23.225324630737305,5567700,0.012102330057787367
2021-06-10,23.21631155142528,23.468663380540825,23.21631155142528,23.387550354003906,4101400,0.0069605823842264535
2021-06-11,23.351499687681756,23.585826021116212,23.288412159258293,23.567800521850586,4538400,0.0076775511154452076
2021-06-14,23.58582966705266,23.59484241807868,23.270390257167975,23.41459083557129,6064700,-0.006522027718913565
2021-06-15,23.486690594612906,23.55879088218706,23.36051552110975,23.423603057861328,5147400,0.00038482365147392365
2021-06-16,23.396563523834924,23.495702058446444,22.792724722855997,23.00902557373047,7250800,-0.017857636473346716
2021-06-17,23.216316500382202,23.261378538505703,22.783714745972944,22.83778953552246,7436700,-0.007469955505094262
2021-06-18,22.594447466198908,22.837786566041434,22.161845768038646,22.197895050048828,16591000,-0.028419132880690666
2021-06-21,22.30604278089589,22.549381841976214,22.179867735449534,22.47728157043457,4390300,0.012507624313793434
2021-06-22,22.39617302078307,22.513335340798825,22.251972448914568,22.342098236083984,5162100,-0.006032379067842431
2021-06-23,22.28801904301173,22.38715756883626,21.96356865496036,22.260982513427734,5208500,-0.0036372291204744525
2021-06-24,22.306051186046332,22.306051186046332,21.981598982348963,22.089750289916992,4206400,-0.007721769788547454
2021-06-25,22.089746579775237,22.387160476875984,22.080733829074436,22.306047439575195,5853700,0.009744114178745803
2021-06-28,22.39617211762704,22.441234149891354,22.11678373577433,22.197895050048828,3234100,-0.004860360515674763
2021-06-29,22.197897107881733,22.324073904130323,21.981596238749656,22.07172203063965,5513000,-0.005700223736712796
2021-06-30,22.11678610729949,22.251973937594617,21.837395976482163,22.0987606048584,8231600,0.001224282642286199
2021-07-01,22.15282947874693,22.423205067151507,21.89146663915665,22.28801727294922,3951200,0.0085276663029282
2021-07-02,22.315060891514346,22.45926146924574,22.107772775901275,22.45024871826172,5173700,0.007252500865438431
2021-07-06,22.3421001976062,22.441237025090498,21.9996225200959,22.43222427368164,6799000,-0.0008031841539695977
2021-07-07,22.360121280122673,22.576422130784543,22.21592071301476,22.540372848510742,5929800,0.0048095413750187475
2021-07-08,22.251975037925593,22.79272810485216,22.224936782926953,22.765689849853516,12780600,0.009946521305655587
2021-07-09,22.87383729423245,22.991001335937426,22.7206239682381,22.9549503326416,9652000,0.008279042597144681
2021-07-12,22.846799803600177,22.89186183682563,22.64852273179287,22.720623016357422,4972300,-0.01026059904359222
2021-07-13,22.630501603142566,22.675563641651163,22.233949132041886,22.242961883544922,3991600,-0.021247376239695
2021-07-14,22.251973502156964,22.477287121241968,22.134809457589125,22.324073791503906,3627200,0.0036399996674097495
2021-07-15,22.233946256368032,22.85581227759453,22.233946256368032,22.819761276245117,4640600,0.02196124481623617
2021-07-16,22.864829242566152,23.162243182495168,22.82877823457152,23.0631046295166,4508500,0.010607255239552056
2021-07-19,22.882850855500365,22.99100215021179,22.15283520296942,22.414199829101562,5600000,-0.028539459495073843
2021-07-20,22.45925856505766,22.792723432320496,22.396171035333783,22.74765968322754,4873200,0.014767590078424592
2021-07-21,22.864821856230694,23.03605893186812,22.63049553698324,22.6845703125,2836800,-0.002777297583066855
2021-07-22,22.648523269028153,22.783712809924044,22.504322696478532,22.558399200439453,3448400,-0.005577504770448528
2021-07-23,22.64852259752263,22.72062288165974,22.477285497075968,22.693586349487305,3064600,0.005974878210410202
2021-07-26,22.71161013544125,22.90988547209601,22.71161013544125,22.846797943115234,3132300,0.006728628844701407
2021-07-27,22.738647046384653,23.16223769493173,22.666546766483957,23.15322494506836,3211100,0.013323103572387402
2021-07-28,23.17125222265796,23.243354232446134,22.954951350313014,23.126190185546875,3128600,-0.0011683277552390517
2021-07-29,23.207302547843895,23.28841558747338,23.018039934712743,23.261377334594727,3253400,0.005828610509126046
2021-07-30,23.24335373737339,23.46866735614278,22.846801287017446,22.945938110351562,6769300,-0.013653427879809159
2021-08-02,22.98198798437512,23.225327093241805,22.93692595043969,23.027050018310547,4557400,0.00352868044584286
2021-08-03,23.126186361946335,23.33347444879549,22.873834526430247,23.31545066833496,3852400,0.012446646985831717
2021-08-04,23.198290267618898,23.27940330889431,22.783714029105898,23.162240982055664,3747300,-0.006592850711188317
2021-08-05,23.270385558185076,23.666937928221724,23.153223256518366,23.64891242980957,6344100,0.020793718918992673
2021-08-06,23.675954601187087,24.26176964461864,23.603854314595612,23.865217208862305,4921500,0.009104924156022527
2021-08-09,23.829166666719505,23.937316231392437,23.67595335092757,23.919292449951172,3778900,0.0022632968113890746
2021-08-10,23.919293756247097,24.072505361399983,23.739042179939748,23.99139404296875,5009700,0.0030098357058433536
2021-08-11,24.000407802560105,24.189672151095216,23.84719446098659,24.162633895874023,5059600,0.007112201494204696
2021-08-12,24.14460393047193,24.180653209198415,23.910277602228113,24.108552932739258,2492700,-0.002240714981973418
2021-08-13,24.216707363666746,24.2617693977004,24.018430288303282,24.243743896484375,2225200,0.0055919294383833034
2021-08-16,24.20769316808061,24.51411979443654,24.12658013645661,24.14460563659668,4222600,-0.004097614386888474
2021-08-17,24.04546566632486,24.207691719867764,23.70298806017734,24.198678970336914,5068900,0.0022370576070862153
2021-08-18,24.189617540449373,24.189617540449373,23.83602173952375,23.935752868652344,4811000,-0.010924766603231894
2021-08-19,23.854150798267682,24.180547948442882,23.46428791984984,23.50055503845215,8494500,-0.018349237538087287
2021-08-20,23.455219450654123,23.908547991236983,23.301087677683505,23.88134765625,5628300,0.01607368191963016
2021-08-23,23.944814983621956,24.0173474858148,23.654684974850593,23.736284255981445,4007400,-0.0060928627992714035
2021-08-24,23.8269501004006,23.8269501004006,23.409886919583016,23.428020477294922,3806600,-0.013072096369741116
2021-08-25,23.409889473068546,23.491488762361495,23.292024793707302,23.319223403930664,4962200,-0.004654703069814971
2021-08-26,23.27389432612863,23.301094669277195,22.94749712559252,23.00189781188965,3942800,-0.013701333124025333
2021-08-27,23.08349274312619,23.31015705551028,22.974694841596246,23.228559494018555,3956200,0.009805808185113214
2021-08-30,23.20136046499605,23.237625857784753,22.965629359279003,23.010961532592773,3618200,-0.009411843500045529
2021-08-31,22.947495598088057,23.04722845368239,22.52136729299585,22.748031616210938,10819700,-0.011492071481250947
2021-09-01,22.82056254485862,23.292024719422837,22.82056254485862,23.128826141357422,5740700,0.016601105184432207
2021-09-02,23.137892958404535,23.38269082589656,23.119759398743327,23.36455726623535,4559400,0.0101405029108433
2021-09-03,23.36455830391016,23.58215584157439,23.228560059033956,23.51869010925293,6942900,0.006575201461125064
2021-09-07,23.573088197134098,23.69095287722273,23.310156767942722,23.391756057739258,7051200,-0.00541177378095759
2021-09-08,23.39175381181972,24.17147951531747,23.301089480138724,23.99921417236328,5135400,0.025637431928918937
2021-09-09,23.981083247103538,24.207747543468177,23.863216844579572,24.080814361572266,6323200,0.003394351877250011
2021-09-10,24.198680563274124,24.207747342570826,23.72721841571356,23.772550582885742,5470000,-0.012883860651828234
2021-09-13,23.972019574609003,24.08081748255036,23.582156657644084,23.718154907226562,4736600,-0.002290793488352959
2021-09-14,23.727219299052567,23.890417873846264,23.24669035430572,23.26482391357422,4890200,-0.019298268189452798
2021-09-15,23.26482481834649,23.26482481834649,22.70269829365301,22.757097244262695,5948500,-0.022065453015088086
2021-09-16,22.702694128785943,22.766159847739537,22.330963134765625,22.330963134765625,7032400,-0.018902866729445248
2021-09-17,22.19496939373695,22.476034390504594,22.113370101683312,22.14963722229004,11907700,-0.008153078665937345
2021-09-20,22.086167191589098,22.557627562528918,22.05896685642845,22.40349578857422,9682400,0.011395890543672361
2021-09-21,22.50323460188926,22.847765354907313,22.485101040296392,22.593900680541992,9581400,0.008462979787247232
2021-09-22,22.657364729713688,22.70269863032025,22.22216965975961,22.267501831054688,7099300,-0.014551689907954777
2021-09-23,22.285630142677082,22.92935754519033,22.213097648100625,22.48509407043457,9926900,0.009724305357452232
2021-09-24,22.738963504146522,23.128826393935523,22.675497774052765,23.03816032409668,10294800,0.02429938168407674
2021-09-27,23.183226104057614,23.428023981853492,22.983762127322915,23.04722785949707,7895500,0.000393510215484192
2021-09-28,22.93842813160722,23.092559935956217,22.45790088752208,22.6210994720459,9988200,-0.01866242011284088
2021-09-29,22.621095963292646,23.05629096831217,22.593895626987216,22.76616096496582,4807600,0.00639218959057222
2021-09-30,22.802432841693214,22.93843110331132,22.285638409957375,22.30377197265625,4725300,-0.02051945437028709
2021-10-01,22.83869704732579,22.89309599915617,22.412567024938575,22.57576560974121,6295300,0.012121201862488239
2021-10-04,22.49416577433873,23.228559388222592,22.49416577433873,23.110692977905273,6230200,0.023418397118507787
2021-10-05,23.0834892211265,23.53681777672736,23.01095672140281,23.09255599975586,5445000,-0.0007850953983682835
2021-10-06,23.00189245352496,23.40082035090238,22.58482926896151,23.382688522338867,5392000,0.012485627333065054
2021-10-07,23.400821239188637,23.618418754012037,23.183223724365234,23.183223724365234,5886000,-0.008567040064768564
2021-10-08,23.110689133197248,23.3192198499148,22.992824471799423,23.156023025512695,3119100,-0.0011739811880599575
2021-10-11,23.174154853127703,23.26482090844743,23.05629019172988,23.156023025512695,3452900,0.0
2021-10-12,23.23761922627028,23.627482031031914,23.17415351001812,23.609350204467773,5362700,0.019387908090451114
2021-10-13,23.600292116977567,23.672824637876325,23.39175960624589,23.482425689697266,6043000,-0.005390530287130694
2021-10-14,23.573091294593695,24.089885711669922,23.5186923373519,24.089885711669922,5033300,0.025539774008164727
2021-10-15,24.189612737672935,24.407210243447786,24.017347397109457,24.25307846069336,4665800,0.006751483766532017
2021-10-18,24.08988269046874,24.108016250379034,23.73628691877532,23.74535369873047,3230800,-0.02115667855493086
2021-10-19,23.917618891326757,23.95388601351492,23.69095456558544,23.718154907226562,3680900,-0.0011460928734497995
2021-10-20,23.935752529360194,24.244016151704198,23.863220014062286,24.144283294677734,2440100,0.017806850769539334
2021-10-21,24.126148471826273,24.225879587177115,23.999215288807644,24.03548240661621,3389700,-0.0045164633503360875
2021-10-22,24.08081493533332,24.180547781489672,24.008282427940895,24.06268310546875,5155500,0.001131049447009212
2021-10-25,24.035478675567994,24.352808989888068,23.9085472415644,24.271209716796875,3868000,0.008628641019545103
2021-10-26,24.289346183416477,24.41627763262994,24.17147978402286,24.189613342285156,2946000,-0.003367522318892681
2021-10-27,24.18054985535875,24.198683416089942,23.85415267944336,23.85415267944336,3292000,-0.01396502158129419
2021-10-28,23.826952736132295,23.93575063581643,23.627487037858984,23.83601951599121,3268400,-0.0007604570707649514
2021-10-29,23.80881413116186,23.93574556366618,23.418951326400226,23.609350204467773,3794700,-0.0095550329739909
2021-11-01,23.68188771701249,23.890418465833278,23.609355207452587,23.83601951599121,3730100,0.009555032973990964
2021-11-02,23.908552279300185,23.908552279300185,23.418956537591033,23.74535369873047,5620500,-0.003810984041355792
2021-11-03,23.618420258000068,23.953884195534265,23.582154867875836,23.83601951599121,3350900,0.003810984041355834
2021-11-04,23.97201402249575,24.244010458664118,23.8541476319946,24.026412963867188,3364800,0.007955903713143829
2021-11-05,24.216815013382277,24.380013599762172,23.96295208284601,24.18054962158203,3179000,0.006394809990698145
2021-11-08,24.09894889112837,24.225880348826298,23.826952416258116,24.0445499420166,2692900,-0.005640218115950969
2021-11-09,24.0445499420166,24.12614923033996,23.94481709421885,24.0445499420166,2569800,0.0
2021-11-10,24.035479897447612,24.31654311387716,23.981080955725062,24.09894561767578,3423800,0.0022597320021707913
2021-11-11,23.990144785344505,24.298408321619878,23.981079736610894,24.271209716796875,5399700,0.007122773380890057
2021-11-12,24.21681371491207,24.289347953246413,23.781618660774548,24.117082595825195,3447300,-0.006370451811616682
2021-11-15,24.280280210836565,24.44347705268445,24.198680925256944,24.434412002563477,2800600,0.01307205588974255
2021-11-16,24.461609552407182,24.461609552407182,24.25307882242663,24.2802791595459,2463000,-0.00632800305931419
2021-11-17,24.2894060730448,24.37152492562034,24.125164887175156,24.362401962280273,2253300,0.003376577066303244
2021-11-18,24.353274362421473,24.471892015688052,24.052166137588856,24.10691261291504,3041700,-0.010542410921588984
2021-11-19,24.006544869594887,24.25290664214092,23.778432503983947,24.22553253173828,3468600,0.004908510489464058
2021-11-22,24.21640993427062,24.362401711237194,23.95179875079416,24.289405822753906,4272500,0.0026331406402699347
2021-11-23,24.435395627598716,24.508391510190684,24.225530942332583,24.2802791595459,2102900,-0.0003758172744481672
2021-11-24,24.289402476743,24.481016004980994,24.207281895966997,24.42626953125,2025200,0.005994709657206582
2021-11-26,24.0977891484089,24.134287960740988,23.78755620502277,23.933547973632812,3530300,-0.020378017689043106
2021-11-29,24.143412149432326,24.325902739641066,23.924424485397388,24.26203155517578,3135700,0.01363148534515508
2021-11-30,23.979172388170074,24.106914755403892,23.63244061945081,23.641565322875977,8311300,-0.02590623559119326
2021-12-01,23.988296629750163,24.316777244935654,23.495573096433134,23.504697799682617,3412800,-0.005806097816483912
2021-12-02,23.61419027507167,24.161660276331208,23.56856850011636,23.924423217773438,3471600,0.017699521577391613
2021-12-03,24.05216418661548,24.60875707806205,23.997415975371084,24.59050941467285,5727200,0.02746074322996338
2021-12-06,24.70912948787042,25.43908830598039,24.645258308830684,25.2930965423584,5129600,0.028170922212607773
2021-12-07,25.320474960609623,25.603333833229314,25.247479066373593,25.4390926361084,3736600,0.005755576455273429
2021-12-08,25.42996887789779,25.475590657735644,25.201856497989827,25.210979461669922,3228000,-0.009007478462021459
2021-12-09,25.16535754923893,25.347848148347516,25.055862841701913,25.128860473632812,3878500,-0.0032625872861509046
2021-12-10,25.31134467584582,25.50295994369425,25.15622821724815,25.429964065551758,4072100,0.011911161091922428
2021-12-13,25.448213990378594,25.667201644258707,25.384342808875125,25.548583984375,3413100,0.004653727398750349
2021-12-14,25.521211174048933,25.667202950733405,25.25660173144305,25.38434410095215,5183600,-0.006449283749012015
2021-12-15,25.429968522128096,25.676328566308975,25.320473815546013,25.630706787109375,3085400,0.009658506541242387
2021-12-16,25.539457267711455,25.886188997621222,25.429964319583448,25.530332565307617,4859500,-0.003923858930856721
2021-12-17,25.27485226157647,25.43909171237419,24.40802452618504,24.617887496948242,20978300,-0.03639394489333979
2021-12-20,24.32590214970265,24.672633914618658,23.91529920187033,24.63613510131836,5979500,0.0007409589813123714
2021-12-21,24.791252480873403,25.08323603648301,24.72738129562871,24.909870147705078,3918900,0.01104984469436224
2021-12-22,24.855120485098666,25.11060693373893,24.763875200558644,25.074108123779297,2565000,0.006571648469217774
2021-12-23,25.083233039514354,25.229224799875922,25.02848656446853,25.110607147216797,3353500,0.0014545875044170919
2021-12-27,25.00111260853089,25.192727882893028,24.964615538398476,25.165353775024414,2132800,0.002177845970202556
2021-12-28,25.128857630885644,25.439088829699845,25.11973292792653,25.41171646118164,2119100,0.009742147321523459
2021-12-29,25.484716518217024,25.59420949094017,25.283976500958882,25.502965927124023,2618600,0.0035844106006278444
2021-12-30,25.539460633796516,25.60333181868254,25.31134826471256,25.393468856811523,2815300,-0.004302746929510727
2021-12-31,25.33872072752545,25.557708378760186,25.247475437754524,25.466463088989258,3039300,0.00287040424566357
2022-01-03,25.47559077415593,25.51208785012113,25.010241308173974,25.20185661315918,5835900,-0.010444746655694363
2022-01-04,25.247479765211274,25.384346853147317,25.03761678101871,25.046741485595703,8767900,-0.006173928274521481
2022-01-05,25.019367063833418,25.192732967943012,24.76388055990135,24.991992950439453,6831100,-0.0021882470697910618
2022-01-06,25.11973410611341,25.283973546003352,24.86424763235258,25.22922706604004,5521500,0.009447635087447982
2022-01-07,25.238353729248047,25.502964926943687,25.101486648532084,25.238353729248047,5208400,0.0003616842005770063
2022-01-10,25.35697329798409,25.475590971237825,25.101486802813795,25.265727996826172,8316300,0.0010840418961514133
2022-01-11,25.24747372784157,25.320469606642753,24.81862315742948,25.00111198425293,3063200,-0.010528549519586875
2022-01-12,24.973743531901917,25.128860016212833,24.864248826358025,25.019365310668945,2423000,0.0007298341884515309
2022-01-13,24.563139032462537,25.22010200375086,24.453644333734886,25.137981414794922,5675900,0.004729768737663512
2022-01-14,25.165355839836522,25.22922702307816,24.74562992690048,25.192729949951172,3099700,0.002175552670152214
2022-01-18,25.02848785076265,25.183604321663633,24.754751980747248,24.946367263793945,4735800,-0.009827247898224365
2022-01-19,25.010240409161526,25.356972190343843,24.92811981574252,24.955493927001953,3527200,0.00036578448546724927
2022-01-20,24.964618065156305,25.083235730541194,24.745630401120106,24.827749252319336,7282800,-0.005132046323280004
2022-01-21,24.882496082898097,25.402591973460463,24.845997270752385,24.946367263793945,5908600,0.004766261837812704
2022-01-24,24.773000770213148,25.001113119368625,24.22553078416818,24.78212547302246,6962700,-0.006605564694822507
2022-01-25,24.526639478164455,25.092358880501045,24.335025936631197,24.891620635986328,4461900,0.004408579939404196
2022-01-26,25.010240147580607,25.338722517821054,24.72738129562871,24.909870147705078,4228200,0.0007328902106514539
2022-01-27,25.2018538876528,25.46646331595168,24.827748022221975,24.97374153137207,4395500,0.0025608177283745525
2022-01-28,24.909872030441857,25.429969736085653,24.82775143167491,25.42084503173828,4280100,0.01774457386863636
2022-01-31,25.17447919968872,25.886190361453917,25.12885742562494,25.877065658569336,3659500,0.017787572614924405
2022-02-01,25.767571894607197,25.931813071741047,25.375218358200588,25.621580123901367,4490600,-0.0099221106416267
2022-02-02,25.630701799726584,26.004805885517595,25.53945651872315,25.840564727783203,6498300,0.00851056349323563
2022-02-03,25.813197530042274,26.02306050011758,25.66720400699062,25.685453414916992,4469100,-0.006020716795512734
2022-02-04,25.51208284560135,25.64895163961052,25.10148168465087,25.448211669921875,4661700,-0.009279344515275048
2022-02-07,25.393467764628614,25.703700712468294,25.347845988917737,25.621580123901367,2828700,0.006789497817552122
2022-02-08,25.767568485984466,25.904435535371036,25.612452032583963,25.721946716308594,2144200,0.003909615346926551
2022-02-09,25.895314822458808,25.96831070940037,25.731075382109708,25.776697158813477,2813000,0.002126287568477558
2022-02-10,25.539461962364545,25.749324935152675,25.119736016788284,25.20185661315918,5685000,-0.022553205959265767
2022-02-11,25.338719011432808,25.457336661850096,24.81862315742948,25.00111198425293,5032800,-0.007997363679723058
2022-02-14,25.083234809681073,25.183604804647583,24.280280071026556,24.554014205932617,3886500,-0.01804495093186573
2022-02-15,24.80037779305094,24.98286664960499,24.389774820175536,24.5357666015625,3953100,-0.000743438039869393
2022-02-16,24.48066855448197,24.728597727546553,24.379659983656012,24.68268394470215,4993300,0.005970028632291077
2022-02-17,24.63677371760779,24.73778229583129,24.260289427869836,24.618408203125,7949100,-0.002607478868893648
2022-02-18,24.50821944900151,24.8112434425013,24.306202285713702,24.43475914001465,14096300,-0.007487790538756279
2022-02-22,25.252005801425096,25.353014385089022,24.489854423657544,24.976530075073242,6208300,0.02192991342318926
2022-02-23,25.105084672237034,25.2152742599741,24.31538503724973,24.324567794799805,4061100,-0.02644972695347258
2022-02-24,24.0858203365814,24.48067013741582,23.874622176136143,24.379661560058594,6657000,0.0022623821170262375
2022-02-25,24.66432028727121,25.2244544288872,24.563311716018212,25.14181137084961,5303300,0.030783009824182764
2022-02-28,24.884705555437268,25.325467441310273,24.866340039001216,25.114269256591797,6521300,-0.0010960710294679959
2022-03-01,25.059169958299336,25.270368105088398,24.471485797913086,24.68268394470215,5494400,-0.017334237973808023
2022-03-02,24.774511281536384,25.5642108806757,24.68268546163593,25.45401954650879,4961200,0.03077172657487931
2022-03-03,25.536663026618957,26.041704168609357,25.51829926348422,25.9315128326416,4753400,0.018585271312112475
2022-03-04,25.812141518194625,26.629387683185904,25.757044972301866,26.62020492553711,5433500,0.026211570320102375
2022-03-07,26.546742496742866,26.675297590700467,26.07843240262787,26.38145637512207,5326400,-0.009009157803281495
2022-03-08,26.5467425375783,26.629385598515825,26.170258260610378,26.206989288330078,4404800,-0.006635211392219479
2022-03-09,26.445735182173827,26.537561004275293,26.023338852511703,26.060068130493164,3795400,-0.00562195585758718
2022-03-10,26.014153555639595,26.381455056757375,25.913144986045314,26.35390853881836,3712100,0.011212409567578973
2022-03-11,26.326365018313496,26.565111474964116,26.10598407788954,26.12434959411621,2567800,-0.008748781575211471
2022-03-14,26.307993038377354,26.519191168797914,25.949874317104964,26.08761215209961,3480800,-0.0014072425877373286
2022-03-15,26.409005970985678,26.583474858276546,26.23453708369481,26.519195556640625,5337400,0.01640825992925408
2022-03-16,26.51919458593088,26.62020316194383,26.04170347985107,26.510013580322266,5853200,-0.00034629882510236586
2022-03-17,26.546743158503247,26.86813265284068,26.372274275617468,26.70284652709961,4502100,0.007247638652975506
2022-03-18,26.721210566636813,26.91404320173767,26.48246414834641,26.675296783447266,10395800,-0.001032248197107015
2022-03-21,26.840585564805167,27.189523345961355,26.767125255840483,27.06096649169922,3829600,0.014354415695062482
2022-03-22,27.07933200679837,27.207887109628587,26.95077690396815,27.06096649169922,5292800,0.0
2022-03-23,27.106876048788227,27.37316897043703,26.914041673207276,27.198701858520508,4102800,0.005076907649937605
2022-03-24,27.19870621253639,27.40990438272745,27.143609667018087,27.345626831054688,3152200,0.005387373221885659
2022-03-25,27.391539879080927,27.94249309458633,27.35481059881096,27.92412757873535,3200400,0.02093448328687141
2022-03-28,27.9057567765717,27.933305045129575,27.65782936527746,27.896574020385742,3370100,-0.0009872165629621248
2022-03-29,27.93330771734887,28.282243728637695,27.832299141072077,28.282243728637695,4047600,0.013730291329943882
2022-03-30,28.172052056253797,28.438344985634714,28.15368654348775,28.263877868652344,4332400,-0.0006495886937025544
2022-03-31,28.12613981391511,28.54853787349708,27.95167268738271,28.13532257080078,6440300,-0.004558771028325438
2022-04-01,28.162873917894697,28.686278857530834,27.979222262983217,28.603635787963867,4214100,0.016508017272269828
2022-04-04,28.35570326609175,28.484260110081586,27.933306961154262,28.4016170501709,3435000,-0.007087753266802118
2022-04-05,28.456711508564407,28.824013019765456,28.456711508564407,28.49344253540039,5203800,0.003227892390939943
2022-04-06,28.61281484587002,29.228045533405133,28.502625268317562,29.172950744628906,5203900,0.023567961266648677
2022-04-07,29.14540408876937,29.531071134427002,28.860745620989075,29.39333152770996,9364500,0.007525894241869379
2022-04-08,29.51270377327958,30.017743128200216,29.35660041334255,29.834095001220703,6152500,0.014884037221980537
2022-04-11,29.880006648543183,30.045292762989043,29.540249911702567,29.595346450805664,5720700,-0.008034732583258783
2022-04-12,29.44842998781458,29.889191853989804,29.31069212356382,29.61371612548828,4824900,0.000620502148580513
2022-04-13,29.659624446402912,29.80654505005048,29.347417725793893,29.677989959716797,3729300,0.0021680556573144597
2022-04-14,29.81572903635153,29.962649637427926,29.677989440339655,29.75145149230957,5403500,0.002472228182320634
2022-04-18,29.834098213113876,29.981018832232824,29.540253472012107,29.64126205444336,3255100,-0.0037105415028576786
2022-04-19,29.751456274827767,29.870826874172437,29.411699484146478,29.540254592895508,5251600,-0.003413483308542829
2022-04-20,29.889191898075868,30.210583167521637,29.7973678227279,30.072843551635742,4812800,0.01786866128622821
2022-04-21,30.11875653106364,30.302408190365938,29.521893016911225,29.62289810180664,8136800,-0.015074910145526995
2022-04-22,29.66880805895799,29.66880805895799,29.20967899712816,29.228044509887695,5314900,-0.01341897000946128
2022-04-25,29.264778126875402,29.329055675794002,28.640364649211513,29.154586791992188,5219100,-0.0025164250058987443
2022-04-26,29.1821356893257,29.384151097606264,28.723008328425603,28.73219108581543,4444800,-0.014594116955411391
2022-04-27,28.778099840083055,29.264775417662385,28.44752761746829,28.768917083740234,6066000,0.0012774015697399287
2022-04-28,28.814831816760556,29.00766621518364,28.677093961562267,28.86992835998535,5835200,0.0035049758154087436
2022-04-29,28.7872829493102,28.814829467244646,28.061860952220144,28.10777473449707,4372200,-0.026754293189061966
2022-05-02,28.162871996895365,28.40161843142252,27.42826893022095,27.749656677246094,7280700,-0.012822750888764896
2022-05-03,27.813931537607598,28.447525924674416,27.492542090460198,28.043495178222656,5954100,0.010533235996114101
2022-05-04,28.282244488545064,28.82401490987973,28.181237660986174,28.77810287475586,6346700,0.025858076984806026
2022-05-05,28.713824915051923,28.833197255528788,28.08022868108373,28.41080093383789,5211600,-0.012845393668036853
2022-05-06,28.254697107838243,28.54853832712161,27.970036894154642,28.217966079711914,6879600,-0.00681051732722801
2022-05-09,28.0251308555575,28.24551174972552,27.74047066808777,27.896574020385742,4673400,-0.011454983791285562
2022-05-10,27.951674042421043,28.631182322015807,27.54764147702377,27.9884033203125,6354500,0.0032863709334646435
2022-05-11,28.05267772201234,28.62199635260964,27.88739336290185,27.914939880371094,6659000,-0.0026282321601307883
2022-05-12,27.878217102211067,27.960860176737942,27.373175896609915,27.905763626098633,6077300,-0.00032877601960196884
2022-05-13,28.12613927276759,28.511806297386627,27.92412387946495,28.49344253540039,3939500,0.020840725250591496
2022-05-16,28.54853819523107,28.67709329021568,28.29142625383004,28.43834686279297,4037200,-0.0019354982651890906
2022-05-17,28.594450798960885,28.80565071105957,28.217966512056748,28.80565071105957,4379400,0.012833097083010465
2022-05-18,28.934903294893797,29.017996648402963,28.251692646798777,28.316320419311523,4447200,-0.017133241453864783
2022-05-19,28.15013682539978,28.454811901635647,27.965486277939362,28.307090759277344,3511000,-0.00032600155744101964
2022-05-20,28.362482319822348,28.399413481436266,27.91008615590009,28.233226776123047,4105800,-0.0026127913105021636
2022-05-23,28.58406610934819,28.71332342353092,28.33478779401509,28.473276138305664,4598800,0.008466429201126044
2022-05-24,28.500975236886266,28.971835267262357,28.334788515118287,28.907207489013672,2446000,0.015124990087759043
2022-05-25,28.907206607008337,29.405766757100398,28.907206607008337,29.396533966064453,4589400,0.01678581697568866
2022-05-26,29.50732367895357,29.72890713993222,29.442695903240967,29.525789260864258,4165300,0.004387318593447463
2022-05-27,29.405765213748023,29.941254738904032,29.359601260991194,29.93202018737793,3395100,0.013664722981710169
2022-05-31,29.673515047288863,29.85816737340137,29.378072734288924,29.590421676635742,5334600,-0.01147809970194096
2022-06-01,29.765841886617384,29.765841886617384,29.193421105308385,29.599655151367188,4849800,0.0003119940132254203
2022-06-02,29.655043187099892,29.802764312340198,29.18418320100561,29.636577606201172,6808800,0.001246617412917561
2022-06-03,29.562718869610094,29.701205443731073,29.15648489381795,29.239578247070312,3572300,-0.013486117440669357
2022-06-06,29.40576974903502,29.41500254101037,29.04569790589642,29.11956024169922,5118400,-0.004113089318292888
2022-06-07,28.99030185937785,29.63658142534387,28.944139662157045,29.608884811401367,3922800,0.016664357213137616
2022-06-08,29.39653486299995,29.433464267295676,28.8795108760356,28.907207489013672,2541900,-0.023983520729223714
2022-06-09,28.897973935662666,28.990300085429688,28.24246161816901,28.260927200317383,3171900,-0.022610771754070242
2022-06-10,27.928555484244587,28.150137200736474,27.69774097611033,27.80853271484375,3853400,-0.016137280563131906
2022-06-13,27.40229928157006,27.448461479807783,26.331320081484975,26.442110061645508,6889200,-0.05038508833216918
2022-06-14,26.543666552202716,26.589828746164443,25.02952404978031,25.48192024230957,8627100,-0.03698862686665827
2022-06-15,25.712735074939943,26.414411350504185,25.574246730244006,25.96201515197754,5867500,0.01866532349964438
2022-06-16,25.565018253866644,25.583482078227444,25.020295813282303,25.334203720092773,5911400,-0.02447910569188081
2022-06-17,25.269573207125237,25.601944902450967,24.891035792463377,25.297269821166992,9509900,-0.0014589306964083305
2022-06-21,25.435758604571067,25.685038701013394,25.315735832751603,25.620410919189453,3946500,0.012692857636638629
2022-06-22,25.389593978980468,25.84199016947078,25.34343178522679,25.66657066345215,3525500,0.0018000574532638757
2022-06-23,25.731199727427814,26.15589753727996,25.666570191995078,26.0820369720459,3733700,0.016057445971197973
2022-06-24,26.192830535073586,26.78371509833485,26.146666577959486,26.63599395751953,5506800,0.021016618629655027
2022-06-27,26.534436642843332,26.866810110582815,26.45134327590846,26.76525115966797,2851600,0.004840990291340407
2022-06-28,26.93143694257609,27.337670970916143,26.820645203583368,26.857576370239258,3983200,0.0034435074036518456
2022-06-29,26.903736800876846,27.09762189113838,26.746782874846016,26.885272979736328,2131200,0.0010307087281023431
2022-06-30,26.663689568215915,27.4299936177467,26.543666806182106,27.30997085571289,4770800,0.01567320450209769
2022-07-01,27.429995720253753,28.242463787438417,27.236112375728418,28.15937042236328,4242400,0.030628305559878808
2022-07-05,28.03011449693955,28.067043902620494,26.349785155545405,26.857576370239258,5260600,-0.04733221879007882
2022-07-06,26.96836582202712,27.36536705095657,26.756016900824132,27.088390350341797,3453900,0.008557280650172347
2022-07-07,27.20840913898873,27.476154769942095,27.042224199506084,27.060688018798828,2866000,-0.0010231876439686209
2022-07-08,27.116086959838867,27.236109719366485,26.82064293451165,27.116086959838867,3253600,0.002045118424666799
2022-07-11,27.079153112000878,27.31920036823547,26.912966414532725,27.263805389404297,1791100,0.005432846095111661
2022-07-12,27.069925727501253,27.651579284787488,27.069925727501253,27.18071746826172,3085600,-0.0030522073216987444
2022-07-13,26.894503181050215,27.374597735406,26.792946004494986,26.84834098815918,4276300,-0.012303774398315294
2022-07-14,26.340550634157264,26.94066796510755,26.285153887811205,26.885272979736328,4916800,0.0013746329221339046
2022-07-15,27.116091452281125,27.365369803518266,26.663693428944068,27.33767318725586,3708900,0.016687057318666185
2022-07-18,27.337667859315438,27.596178952582882,27.22687613293314,27.29150390625,6019800,-0.00169027960714637
2022-07-19,27.513086861569068,27.568483607791666,27.337669114788657,27.4669246673584,3932200,0.006407099903202978
2022-07-20,27.42999551726616,27.53155446515643,26.86680931044957,27.125320434570312,3302000,-0.012514916385372072
2022-07-21,27.032995902529354,27.079158099895825,26.829878007776994,27.06992530822754,2196900,-0.0020442806329324836
2022-07-22,27.1714848257462,27.531554903489937,27.1714848257462,27.420764923095703,3040900,0.012877225869969571
2022-07-25,27.365362419185935,27.799294740604697,27.30073465071283,27.790061950683594,2658700,0.013377902711736585
2022-07-26,27.77160197233764,28.196301589496663,27.73467256617923,28.15937042236328,2906100,0.013201700883852011
2022-07-27,28.159367972700004,28.445577449185645,28.030112420927423,28.205530166625977,4017900,0.0016378900379377713
2022-07-28,28.399415649530027,29.12878853734028,28.34402066385484,29.082626342773438,2451400,0.030622899070496336
2022-07-29,29.03646349782082,29.405766329008127,29.03646349782082,29.258045196533203,2768600,0.006013622324869715
2022-08-01,29.22111565301727,29.25804681867096,28.91644058027396,29.20265007019043,2988900,-0.0018951243282112455
2022-08-02,29.544257286282193,29.77507179633127,29.21188382829953,29.26728057861328,4497700,0.0022107272585466927
2022-08-03,29.267277987434735,29.359602374500458,28.30708886537293,29.258045196533203,4484600,-0.00031560293033544156
2022-08-04,29.25804803581972,29.43346579704749,28.94414015860427,28.981069564819336,2326900,-0.009511742102738968
2022-08-05,28.861044496534884,29.09185899017866,28.491741658899805,29.054927825927734,2872700,0.0025452582639137506
2022-08-08,29.267280156634232,29.470396288597886,28.99030169198387,29.1564884185791,1634700,0.0034893738119209966
2022-08-09,29.304208664750547,29.65504592939563,29.23958088660342,29.618118286132812,2335600,0.01570880304593469
2022-08-10,29.812002705512786,29.85816490273359,29.516558655984806,29.608884811401367,2990900,-0.00031179949426259464
2022-08-11,29.331907010966447,29.728908231752424,28.842579638211078,29.461162567138672,7321000,-0.005001606017625932
2022-08-12,29.627350425160973,30.02435166117816,29.608884841863674,30.00588607788086,2986600,0.018320692193004504
2022-08-15,29.91355898813085,30.209001250368473,29.784299916696007,30.18130111694336,1892500,0.005828999290858037
2022-08-16,30.181304953272804,30.393653886125804,30.070514971338632,30.310564041137695,2254400,0.004273735670191133
2022-08-17,30.3198413659382,30.421960198503964,29.967068182901766,30.180587768554688,3184700,-0.00429737139140121
2022-08-18,30.106326291503144,30.514798141606697,30.106326291503144,30.25486183166504,3072100,0.002457964687815657
2022-08-19,30.29199284355312,30.39411167875022,30.10632255604623,30.31056022644043,2954100,0.0018392808498567052
2022-08-22,30.143456871552015,30.171306174783883,29.549313022814864,29.734981536865234,2557100,-0.019171991884570364
2022-08-23,29.73498360199635,29.77211836979532,29.475047310136326,29.62358283996582,1994800,-0.0037534205502609513
2022-08-24,29.716414127710898,30.013488707838704,29.521461922529692,29.957786560058594,3385000,0.011218514396477322
2022-08-25,30.022773634068457,30.10632509342,29.72570256556663,30.050622940063477,2229000,0.003094114802997075
2022-08-26,30.124892352848757,30.171309043103317,29.45648068081043,29.475048065185547,2505300,-0.019339313752549082
2022-08-29,29.29866060610107,30.013490718365993,29.140841384851633,29.790685653686523,2256300,0.010651705564474905
2022-08-30,29.799971060984692,29.892807991030715,29.242963646175678,29.38221549987793,2318800,-0.013806206357241778
2022-08-31,29.372930063905546,29.60501706319856,29.205827141105246,29.27081298828125,4798700,-0.003798700542183432
2022-09-01,29.15012458764297,29.679282623340494,29.094424207749324,29.660717010498047,2882500,0.013232634945780924
2022-09-02,29.697849474044865,30.134172354969298,29.428629500486466,29.502897262573242,4363800,-0.005335039929335779
2022-09-06,29.614299357113648,29.799967885369874,29.289377219311252,29.428630828857422,4015100,-0.002520432625330396
2022-09-07,29.54931197878266,30.394110150856736,29.512178985557792,30.32912254333496,3260900,0.03014035277148924
2022-09-08,30.254856724789548,30.48694368845275,30.078471907297285,30.356975555419922,2892000,0.0009179372183526841
2022-09-09,30.45909603964055,30.589064179729203,30.199156218097027,30.496227264404297,2588900,0.004576651534921577
2022-09-12,30.561214338100175,30.84900349184288,30.486948339907368,30.728317260742188,2754400,0.007581636086354241
2022-09-13,30.319845967436482,30.616917048331352,29.827822653710598,30.03205680847168,3572100,-0.022919244359286817
2022-09-14,30.069188877770443,30.542648305104716,30.069188877770443,30.40339469909668,4351900,0.012288898470860142
2022-09-15,30.24557572288191,30.24557572288191,29.69784855966681,29.874235153198242,4572500,-0.017557861553879204
2022-09-16,29.78140318434927,29.874236560460147,29.549314432022623,29.7442684173584,6438200,-0.0043599531667608245
2022-09-19,29.61429810350813,30.19915651024819,29.586448799324348,30.134172439575195,3863500,0.013023369597793294
2022-09-20,29.929936098400926,30.0227694664085,29.363641575320155,29.697847366333008,3507500,-0.014585260854536106
2022-09-21,29.948502601729082,30.18058958374962,29.512181483659553,29.660717010498047,5919100,-0.0012510531906423778
2022-09-22,29.54003219222318,29.577166961039296,29.09442559052922,29.391496658325195,3861300,-0.00911810754211121
2022-09-23,29.12227734175617,31.099657789255982,28.825204496395294,29.298662185668945,4849300,-0.003163547412683073
2022-09-26,29.029441068568786,29.30794474766619,28.110376802727497,28.323896408081055,5421900,-0.03383601139574543
2022-09-27,28.509566620313798,28.53741769814101,27.609069685433692,27.748321533203125,6819900,-0.020530491319520294
2022-09-28,28.09180962337189,28.175361081846777,27.68333602312614,27.98969078063965,4527100,0.008660902899063348
2022-09-29,27.887572047799708,27.933988734995623,26.68071870319166,26.7735538482666,4134400,-0.044421652366290386
2022-09-30,26.8942426642949,27.061345598426247,26.058729764321576,26.16084861755371,9062400,-0.023150638034147714
2022-10-03,26.708569777919074,27.144892657883265,26.43006434269424,26.7735538482666,4452500,0.023150638034147842
2022-10-04,26.89424044001221,27.404832893261034,26.773555981278204,27.32128143310547,3585300,0.020251334575936905
2022-10-05,26.866385131286677,26.95922026301653,26.448627923843766,26.745698928833008,4766900,-0.0212922654747579
2022-10-06,26.643586714836395,26.727138171494207,25.36246555987203,25.381032943725586,7558600,-0.05237151212669079
2022-10-07,25.35318347741445,25.408885632511193,24.70334093743541,24.889009475708008,5637800,-0.019575841067209495
2022-10-10,24.96327293788086,25.176794287543213,24.721902286158667,24.786888122558594,4483200,-0.00411151089144376
2022-10-11,24.70334115719832,25.046828929934136,24.54552192438683,24.69405746459961,4861700,-0.003752182411632677
2022-10-12,24.65692341883767,24.66620711170922,23.700726071951987,23.71929168701172,6904200,-0.04027391395093258
2022-10-13,23.450070070500562,24.30415027867457,23.236550461127873,24.18346405029297,7318700,0.019380383638160664
2022-10-14,24.396986837837158,24.49910391695525,23.793559202483245,24.025646209716797,5263200,-0.006547244015977135
2022-10-17,24.350563706273288,24.74046987451272,24.294863331005658,24.369131088256836,4428300,0.014195360144978656
2022-10-18,24.77760479437225,25.065392134195847,24.666202272453077,25.028257369995117,6471100,0.026688269339410552
2022-10-19,24.694056518913488,25.176797891459568,24.64763805769757,25.06539535522461,6063700,0.001482742423966293
2022-10-20,25.01897962282131,25.10253108552641,24.508387153991976,24.69405746459961,6638100,-0.014925597579606712
2022-10-21,24.79617108656907,25.204644650576675,24.610502572516932,25.074676513671875,4455700,0.015295806803779165
2022-10-24,25.278912841911502,25.446015746889454,24.953990723419157,25.260345458984375,4027200,0.0073773599425636304
2022-10-25,25.2510639292588,25.82663864344872,25.2510639292588,25.668819427490234,3556000,0.01604121051020958
2022-10-26,25.835921781506716,25.965889919858547,25.575983734119966,25.62240219116211,3132200,-0.0018099490530685115
2022-10-27,25.891621873614252,26.235111369204084,25.845205187767302,25.98445701599121,2833500,0.014031497772708713
2022-10-28,26.05872178712467,26.75498261907428,26.05872178712467,26.745698928833008,2803400,0.028875120520784323
2022-10-31,26.736422463112035,26.810690234427437,26.392934684784546,26.56003761291504,4470200,-0.006965931950969138
2022-11-01,26.68071968210589,26.996358124531593,26.07729387300376,26.31866455078125,5735900,-0.009129374538367905
2022-11-02,26.244398883451787,26.754989584876665,26.077295956968495,26.095863342285156,4770400,-0.008501557083161613
2022-11-03,25.817354765491316,26.24439572293082,25.631686246734102,26.00302505493164,4054300,-0.0035639296144614873
2022-11-04,26.04016021221531,26.53218528060099,25.928759445849316,26.439350128173828,4513200,0.01664055604529801
2022-11-07,26.457916002579942,26.457916002579942,25.44601661731785,25.91019058227539,4032500,-0.02021708546944938
2022-11-08,25.975174480263178,26.346513295607995,25.845206337563276,26.132993698120117,3606400,0.008562292262399214
2022-11-09,26.003026858053925,26.272246848659442,25.947326475632654,26.170129776000977,5445100,0.001420033132041228
2022-11-10,27.126327408228153,27.441965863898186,26.68072080164102,27.29343032836914,3656400,0.04202735042777948
2022-11-11,27.27486310475761,27.414116719485936,26.671437266773506,27.042776107788086,4194600,-0.009226113305180786
2022-11-14,27.042776107788086,27.469817102967305,26.96850833958517,27.042776107788086,4992700,0.0
2022-11-15,27.219162721276238,27.339848951283017,26.65286988205196,27.042776107788086,3022300,0.0
2022-11-16,27.061456451766798,27.68731693906584,27.061456451766798,27.5004940032959,2807500,0.01678405565435693
2022-11-17,27.238941622041054,27.29498832844401,26.837269699152397,27.266965866088867,2899100,-0.008528040303062187
2022-11-18,27.54720157204605,27.827438671436532,27.425766742828394,27.715343475341797,3843200,0.016310247951399997
2022-11-21,27.715341948842582,28.02360149400898,27.547200054807714,27.93018913269043,3138600,0.007721975686540483
2022-11-22,28.023599758715704,28.47197692724896,28.023599758715704,28.443954467773438,3761500,0.01822748965036635
2022-11-23,28.378567186600964,28.808263348974858,28.359886139126786,28.78023910522461,3541500,0.011753368206283591
2022-11-25,28.854967239664266,29.13520431848692,28.854967239664266,28.995086669921875,1060500,0.007437380998378076
2022-11-28,28.770895867247937,28.92969634171652,28.51868481625051,28.82694435119629,2786000,-0.005815872936263874
2022-11-29,28.64946057602151,28.658801989858766,28.34120104616209,28.56538963317871,2455500,-0.009114685207330683
2022-11-30,28.434613911010803,29.12586251208882,28.23844778030766,29.060474395751953,5089800,0.01718315039415096
2022-12-01,29.228617815420062,29.44346500369263,28.798921657182284,28.985746383666992,4730100,-0.002574777560555191
2022-12-02,28.677485988872245,28.8082622245504,28.303836546890228,28.64946174621582,3420400,-0.011669549380632483
2022-12-05,28.397247399160083,28.602754937673858,28.34120069851655,28.443954467773438,2687400,-0.007199014514030483
2022-12-06,28.462638906332394,28.817605543336686,28.359886906519744,28.789581298828125,3748500,0.012077919980805459
2022-12-07,28.658804616578696,28.808263688288434,28.378567520853434,28.387908935546875,3493400,-0.014050248426110403
2022-12-08,28.397249265821063,28.518685870505788,28.201084909827806,28.350543975830078,3701200,-0.0013170949576893777
2022-12-09,28.229105515536993,28.658801638317392,28.20108305606147,28.443954467773438,3126500,0.0032894234029942995
2022-12-12,28.59341622802838,28.97640531841468,28.313179134923733,28.967063903808594,2884400,0.018223815851801273
2022-12-13,29.294006252818814,29.40609966457097,28.565391949659197,28.8736515045166,5108700,-0.0032299904952963997
2022-12-14,29.00442704453862,29.27532271616307,28.76155739771391,28.9110164642334,3394800,0.0012932484078552126
2022-12-15,28.780240601706698,28.892335800843643,28.43461715261222,28.612098693847656,3841500,-0.010393055390270842
2022-12-16,28.359889968073563,28.36923138391819,27.640616983273347,28.032947540283203,6188600,-0.020449143350588114
2022-12-19,27.97689659052632,28.29449755437955,27.808754694169593,28.004919052124023,2909700,-0.00100034109793463
2022-12-20,27.97689771794873,28.117015376661634,27.82743864442927,27.99557876586914,1830200,-0.0003335786896699112
2022-12-21,28.10767484595146,28.528029617004673,28.02360389174082,28.518688201904297,1909400,0.018513002274068782
2022-12-22,28.443957038357066,28.46263808579819,27.790072272216097,28.31317901611328,2176400,-0.007232212897857837
2022-12-23,28.25713091390711,28.677485640179444,28.201084210968318,28.66814422607422,2126300,0.012459163162400233
2022-12-27,28.714849898019214,28.96706273714762,28.574732247956515,28.882991790771484,1364800,0.00746635349528424
2022-12-28,28.91101600396329,29.097838943292075,28.45329561563019,28.50934410095215,2184800,-0.013021005791913192
2022-12-29,28.67748669572943,28.798921520181967,28.415932436233614,28.47197914123535,2984200,-0.001311481129126295
2022-12-30,28.443955476396336,28.500002179027287,27.7620465040008,28.014259338378906,2908400,-0.016206772971152958
2023-01-03,27.930185991497265,28.154374564432654,27.22959603293951,27.612585067749023,4282600,-0.014441993119204136
2023-01-04,27.67797816561622,28.10767434409772,27.58456757966577,27.6966609954834,4386400,0.003040214737227483
2023-01-05,27.491151676033443,27.593905445393723,26.996067438388664,27.070796966552734,3062100,-0.02285632010408891
2023-01-06,27.341693561729837,28.182401227964313,27.27630544504497,28.014259338378906,3833600,0.0342580984860657
2023-01-09,27.986235513926825,28.845626021096,27.911505982072658,28.462636947631836,3574700,0.01587860025904491
2023-01-10,28.41593471861199,28.584076628815048,28.201087514104866,28.546710968017578,1863700,0.002949484055140655
2023-01-11,28.60275874152279,29.125865507712305,28.60275874152279,29.097841262817383,2641500,0.01912226107296096
2023-01-12,29.15388758778939,29.2192774916849,28.808264147090952,29.02311134338379,4116800,-0.0025715325459637517
2023-01-13,28.845629156178077,29.396760181636832,28.73353573706027,29.24730110168457,4315200,0.0076948439214260984
2023-01-17,28.798919720733107,29.20993302234721,28.798919720733107,29.03244972229004,4199400,-0.007373139029926494
2023-01-18,29.088499002321026,29.14454749048168,28.32252081438545,28.387908935546875,3725500,-0.02245084755558689
2023-01-19,28.350542457814612,28.387906331468248,28.004917272632802,28.285154342651367,2792800,-0.0036262273309249343
2023-01-20,28.32252048608839,28.369227559014206,27.743367035349515,28.12635612487793,3669100,-0.005630008340826062
2023-01-23,28.00491870335488,28.303836834625205,27.87414246634726,28.023601531982422,2716900,-0.0036600101545586007
2023-01-24,27.939529887780633,28.32251895662703,27.565882233014953,28.20108413696289,3016800,0.006313354797222789
2023-01-25,28.051625077617654,28.145035655048183,27.827436484737778,28.06096649169922,3491800,-0.004980903944458901
2023-01-26,27.967554827792387,28.07964823617246,27.677976329143227,28.023601531982422,4172800,-0.001332450852763772
2023-01-27,27.98623505764855,28.070306002325392,27.743365419351615,27.780729293823242,4196300,-0.008704477521977744
2023-01-30,27.68732076453701,28.1824050870321,27.631274054231483,27.8741455078125,3517100,0.003356985423129125
2023-01-31,27.986237462673234,28.14503795163255,27.537860240326705,28.135698318481445,3289500,0.00933959797162454
2023-02-01,27.958213451111725,28.275814411437107,27.69665919505182,28.117013931274414,5287800,-0.0006643017606399664
2023-02-02,28.135695196213938,28.406589069851965,27.668635196010264,27.81809425354004,6111300,-0.01068818969266418
2023-02-03,27.687317691218688,27.78073005248757,27.02409331142554,27.27630615234375,5444000,-0.019668262566051385
2023-02-06,27.005407060791423,27.519172310128646,27.005407060791423,27.397737503051758,3572300,0.004442018268929708
2023-02-07,27.220258459521006,27.715342741483592,27.154870339235742,27.6592960357666,4192600,0.009501438186321756
2023-02-08,27.537857840631627,27.537857840631627,26.930680182236262,27.126846313476562,2993200,-0.01943799888923638
2023-02-09,27.285643691158526,27.369714631680004,26.70649030277998,26.762537002563477,2541000,-0.013520839858300245
2023-02-10,26.818584569507156,27.39773975830474,26.753196454030054,27.379056930541992,2614800,0.02277533899017482
2023-02-13,27.435108092209806,27.556542921137833,27.369718188656428,27.528518676757812,1941700,0.005444134573986213
2023-02-14,27.547200429692523,27.584566087405488,27.070798984008,27.351036071777344,2467000,-0.006468099989568247
2023-02-15,27.134784899086707,27.416850546881886,27.04076241871176,27.388643264770508,2762100,0.0013740379690116123
2023-02-16,27.03135942223027,27.42625239682734,26.87152174695694,27.313425064086914,3098000,-0.0027501061801973987
2023-02-17,27.501471175723427,27.604896085634383,26.8903277304844,27.4638614654541,4566900,0.005492670013905529
2023-02-21,27.379242507470714,27.501470476077124,27.162990265582998,27.181795120239258,2935100,-0.0103235597468068
2023-02-22,27.19119857753546,27.56728671825821,27.06897060429921,27.125383377075195,3012400,-0.00207750669486303
2023-02-23,27.26641532154094,27.388643290813835,26.97494724609815,27.0689697265625,3449500,-0.00208190217829632
2023-02-24,26.82451175882535,27.021957352067695,26.598858883692817,26.862119674682617,3384900,-0.007670939656042375
2023-02-27,27.078373707071822,27.322831469158384,26.69288310352413,26.76810073852539,3343300,-0.0035061960122704135
2023-02-28,26.627066358928126,26.768099192242367,26.147553290995887,26.15695571899414,4461200,-0.023095759411977387
2023-03-01,26.109943526438578,26.175758724443636,25.611625637739404,25.72445297241211,4220300,-0.016673131160096246
2023-03-02,25.733855386678194,26.33559638908134,25.649235334049045,26.316791534423828,6016300,0.02276517977977772
2023-03-03,26.448422588893024,26.721087608226924,26.119346590841335,26.711685180664062,4985800,0.014893920043579641
2023-03-06,26.730493003496097,26.918536195641416,26.617665653544993,26.815113067626953,3854200,0.0038645321248001545
2023-03-07,26.72108607806948,27.040761423582094,25.968909849410142,26.147550582885742,3849000,-0.025210130841941594
2023-03-08,26.109942717764152,26.42961806388461,26.091137863679513,26.307388305664062,3561200,0.006094305736314444
2023-03-09,26.39201000043587,26.711685366478143,26.02532428958197,26.213367462158203,5010600,-0.003580334767368995
2023-03-10,26.269777770730045,26.43901785395293,25.75265509495685,25.912492752075195,6398200,-0.011544291080083664
2023-03-13,25.86548590284981,26.99375028760012,25.799670704572247,26.523639678955078,4942000,0.023311200642728982
2023-03-14,26.76809526937126,27.15358579415701,26.683475223117846,26.974945068359375,4695500,0.01687207605444424
2023-03-15,26.78690483595002,27.557886021180906,26.73049205963137,27.351037979125977,5337700,0.013846005101261756
2023-03-16,27.27581637150251,27.75532938365878,27.20059874959542,27.57668685913086,6044100,0.008216256911138973
2023-03-17,27.839950225769417,27.839950225769417,27.191197097503597,27.313425064086914,8686700,-0.009592394858204588
2023-03-20,27.40744972229004,27.745929954102188,27.294624173905827,27.40744972229004,5375200,0.0034365222085222307
2023-03-21,27.42625349325933,27.5578838922774,26.166356895050242,26.551847457885742,5468700,-0.03171553474584338
2023-03-22,26.457826207558455,26.627066324649583,25.98771556822967,25.99711799621582,3832100,-0.021113643790058985
2023-03-23,25.89369561436077,26.269783777896148,25.592823290202645,25.686845779418945,5062100,-0.012006662087169944
2023-03-24,25.71505323273883,26.664676972721352,25.64923802785496,26.645872116088867,3585600,0.03665522266931146
2023-03-27,26.843313135614153,27.11597813012001,26.664672408175345,26.796302795410156,3213200,0.005629676444619742
2023-03-28,26.721085230026155,27.21940308652891,26.65527003627343,26.956140518188477,2276500,0.0059471973378391494
2023-03-29,27.106577660407098,27.623698613303368,27.106577660407098,27.548480987548828,4334100,0.02173627756796061
2023-03-30,27.708318054543902,27.877558157086604,27.454459694059462,27.586090087890625,2187400,0.0013642658477771952
2023-03-31,27.633100284998232,27.8117428137785,27.47326261047475,27.698915481567383,3914700,0.00408159677831212
2023-04-03,27.576690367797262,27.830550546531676,27.41685267674187,27.595495223999023,2707400,-0.0037407172567719546
2023-04-04,27.63310260650221,27.717722664437222,27.445059428125326,27.68011474609375,2262000,0.003061733312176556
2023-04-05,27.774137547969012,28.657944262389055,27.774137547969012,28.57332420349121,4321500,0.03175928622180244
2023-04-06,28.676748577484904,28.95881423960368,28.479302972667714,28.93060874938965,4792100,0.0124265985022774
2023-04-10,28.78017402446806,28.902402002099407,28.432291360959216,28.845989227294922,2671300,-0.0029291992108393464
2023-04-11,28.808379326154036,28.940011524273718,28.67674892136412,28.79897689819336,2432700,-0.0016310995628721458
2023-04-12,28.836585998535156,29.09044616810079,28.63913860220753,28.836585998535156,3559100,0.001305065962387222
2023-04-13,28.695552448536763,28.977618100976883,28.28185460407219,28.87419319152832,2201400,0.0013032989276601918
2023-04-14,28.751965636145698,28.84598811942864,28.394682351666166,28.582725524902344,2982000,-0.010145694315711384
2023-04-17,28.704953202167967,28.83658359318687,28.4698979077316,28.80837631225586,1714400,0.007863656313537862
2023-04-18,28.751967525927412,28.827185158831654,28.35707450484767,28.422889709472656,3189900,-0.013471392801654075
2023-04-19,28.488705997154085,28.71436069777537,28.404085932753574,28.686153411865234,2372700,0.009219750598816072
2023-04-20,28.75196701402262,28.780174298358187,28.44169405965053,28.667346954345703,2132500,-0.0006558085582738743
2023-04-21,28.874196295696642,28.94941572398559,28.516912977973508,28.704957962036133,2401700,0.0013111208668761887
2023-04-24,28.780172770120227,29.0340311423412,28.507507749344388,28.968215942382812,2642000,0.009129367814042081
2023-04-25,28.958813210012806,29.07164054684674,28.864792521535822,28.98702049255371,2219100,0.0006489336248992351
2023-04-26,28.751965558787557,28.911803241939598,28.3382677094535,28.535715103149414,3652500,-0.015691696338081002
2023-04-27,28.601532905483932,29.02463322094829,28.375880001679565,28.97762107849121,3332400,0.015367380897145608
2023-04-28,28.85538839594548,29.1186491775162,28.404080868497882,28.64853858947754,3674100,-0.011421412367792148
2023-05-01,28.563921766612943,29.175067034759014,28.4793035010711,28.845989227294922,2937100,0.006868528939019951
2023-05-02,28.81778188482548,28.836586740832125,28.046800721850808,28.25364875793457,3134100,-0.020748352880505333
2023-05-03,28.338266746101507,28.620334185602612,28.131418725131077,28.159626007080078,3510300,-0.003333358621903931
2023-05-04,28.10321394512452,28.62973916173631,27.96218110948307,28.394683837890625,3204600,0.008312688635409312
2023-05-05,28.272450669147627,28.73315883334546,28.21603790033329,28.6955509185791,2936900,0.010540151651644434
2023-05-08,28.67674573787973,28.86479068955831,28.375875249857657,28.44169044494629,3306600,-0.00888604832902659
2023-05-09,28.404081344604492,28.601528727421705,28.23484303647066,28.404081344604492,3852900,-0.0013231980020734799
2023-05-10,28.535715331875192,28.73316093382401,28.28185516365838,28.469900131225586,3529500,0.0023145492647607875
2023-05-11,28.516911830058568,28.516911830058568,27.896365918293085,28.122018814086914,4750400,-0.012294536238711599
2023-05-12,28.281856041944536,28.52631379004159,28.046800721850808,28.25364875793457,3381100,0.004669751639901141
2023-05-15,28.33826832531899,28.394682892360834,27.661309660784557,27.745929718017578,5047000,-0.018133456218825453
2023-05-16,27.7835366300234,27.8211463400228,27.17239318917052,27.210002899169922,4460600,-0.01950449326304349
2023-05-17,27.314112223037814,27.389826944026346,27.03018066544481,27.181610107421875,3972300,-0.001044013690990743
2023-05-18,26.992323529511435,27.08696737966504,26.604285368544804,26.916608810424805,8559600,-0.009797121677671874
2023-05-19,27.058574676513672,27.314112539756035,26.973395388766214,27.058574676513672,3883200,0.005260424672652053
2023-05-22,26.982859256138415,27.247861678401605,26.935536427958567,27.020715713500977,5003600,-0.0014001281793612345
2023-05-23,26.973394568960366,27.361432732380027,26.90714441498842,27.314111709594727,5387300,0.010799660609332844
2023-05-24,27.266790718453194,27.380363708042587,27.03964654445584,27.08696937561035,3828400,-0.008350703677884935
2023-05-25,26.963927820721256,26.992321515202843,26.500174975275673,26.746248245239258,4308600,-0.012658566407891342
2023-05-26,26.708395084188613,26.84089721188098,26.538038300323866,26.82196807861328,4770800,0.002827045177192989
2023-05-30,26.840894613816157,26.916609334376627,26.670536041259766,26.670536041259766,3534600,-0.005661819141682862
2023-05-31,26.717856056380274,26.840893600886144,26.38660348948613,26.69892692565918,5915400,0.0010639375215422112
2023-06-01,26.765177374323834,26.86928397705844,26.396066566795735,26.859819412231445,6403700,0.006008093226731324
2023-06-02,26.70839266169004,27.28571853771975,26.689465335320595,27.068038940429688,4180300,0.007722189208826951
2023-06-05,27.10589448433248,27.437147054576023,27.058573462232523,27.210002899169922,3120200,0.005231002359204227
2023-06-06,27.162684006358678,27.314113455166666,26.831431410148173,27.030181884765625,3553100,-0.006630570081251515
2023-06-07,27.20054090945661,27.493935245658005,26.926075705960194,27.41822052001953,3048800,0.014253685611752975
2023-06-08,27.342506167444217,27.626437746348557,27.105897420948004,27.57911491394043,4649900,0.005851005386334337
2023-06-09,27.626434235991347,27.654826126647126,27.38982551955986,27.399290084838867,3530000,-0.00654167651401999
2023-06-12,27.834649655055173,27.834649655055173,27.43714693355254,27.560184478759766,4271300,0.005855036091202548
2023-06-13,27.295183645528958,27.673757258155852,27.266789947638927,27.626436233520508,2802600,0.002401009003023906
2023-06-14,27.56965006434568,27.82518794118102,27.38982871858581,27.475008010864258,2844000,-0.005496356981288522
2023-06-15,27.579110896343877,27.815719608372035,27.399289574932954,27.7021484375,2666300,0.008233179247317365
2023-06-16,27.71161582509168,27.938759995152097,27.598042837470775,27.616971969604492,6643400,-0.0030794609379157217
2023-06-20,27.53179198892493,27.67375686600061,27.266789561250675,27.522327423095703,4400800,-0.003432928618970558
2023-06-21,27.465540414459067,27.863043132845178,27.07750226141325,27.853578567504883,3650900,0.011963870914189408
2023-06-22,27.938756440965655,27.995542024961516,27.427680769459386,27.550718307495117,2071900,-0.010932844337112363
2023-06-23,27.60750677020348,27.711615189369212,26.926074275654734,26.94500160217285,4411400,-0.02223079728005107
2023-06-26,27.058575734876428,27.389828332941804,26.897681718969327,27.370899200439453,2349900,0.015682565171883406
2023-06-27,27.370899557216582,27.74947318629107,27.370899557216582,27.64536476135254,3238400,0.009977698162946738
2023-06-28,27.616970800408733,27.616970800408733,27.153217913854547,27.19107437133789,3192500,-0.01656930284414682
2023-06-29,27.001788773312448,27.323576788809046,26.88821578923898,27.181610107421875,2504400,-0.00034812568488489686
2023-06-30,27.276255708113975,27.588579177856445,27.210005548650642,27.588579177856445,4383000,0.014861243529258331
2023-07-03,27.503398157863792,27.872509002685547,27.389826978827365,27.872509002685547,1822200,0.010238973473428782
2023-07-05,27.8062570242888,28.33626187672183,27.683221279548373,28.042865753173828,3479600,0.006093396613600788
2023-07-06,27.85358137290232,27.919831531775806,27.60750806481405,27.881973266601562,3106900,-0.005753898742875018
2023-07-07,27.702149428359323,27.995543736317718,27.66429116659371,27.90089988708496,4111700,0.0006785817990235078
2023-07-10,27.85358137290232,27.957689796950053,27.70215192256822,27.881973266601562,4116600,-0.0006785817990235226
2023-07-11,28.005010962617952,28.298405298452817,27.8914379717114,28.279476165771484,3008400,0.01415595719732327
2023-07-12,28.393047500770226,28.809479369565633,28.298403648064724,28.7337646484375,2957300,0.01593658213252455
2023-07-13,28.676976947093557,28.856800084793225,28.61072679246245,28.80001449584961,2703500,0.002302990614508463
2023-07-14,28.818941928305822,28.837869253383683,28.45929567410816,28.50661849975586,2975300,-0.010239602094433444
2023-07-17,28.468760657592654,28.468760657592654,28.05232881167941,28.090187072753906,4221300,-0.014715987518075374
2023-07-18,28.08072241634904,28.41197497895083,27.711613397976862,27.8630428314209,7283000,-0.008119119825672214
2023-07-19,27.938760812686958,28.288940741500593,27.910367113655536,28.22269058227539,3816500,0.012825103947865391
2023-07-20,28.27947609605993,28.77162271347271,28.071261052622884,28.74323081970215,2485100,0.018276004791655795
2023-07-21,28.85680024336335,29.273232109994623,28.724299933373036,29.254302978515625,4152300,0.017624383463572726
2023-07-24,29.26376503496143,29.330015184275805,29.0366208922345,29.21644401550293,2343300,-0.0012949712548464992
2023-07-25,29.19751906608519,29.490913400134065,29.083946075869996,29.434127807617188,3195100,0.007423108928841786
2023-07-26,29.42466012651721,29.755912690632776,29.320551713605713,29.52876853942871,2777800,0.003210181960170755
2023-07-27,29.576091146635655,29.689664130918526,28.53501237723781,28.7337646484375,4724700,-0.027292093013587176
2023-07-28,28.8094799013016,28.875730057863827,28.288939604404405,28.48769187927246,4280200,-0.008600769746013424
2023-07-31,28.61072792988623,28.762157376543527,28.393048325964042,28.478227615356445,2853100,-0.0003322781089836153
2023-08-01,28.128043738257755,28.307866869339172,27.900899585661822,27.910364151000977,12532600,-0.020141757206523628
2023-08-02,27.8251846578753,28.20375824267458,27.7021489197585,28.14697265625,9228200,0.008441710713799688
2023-08-03,28.005010536702507,28.023939669095956,27.63590148093737,27.77786636352539,4733500,-0.013200275899799652
2023-08-04,27.900902667075034,27.948225498997203,27.257326594385194,27.475008010864258,4259300,-0.010962737748995682
2023-08-07,27.531792600942747,27.68322204721385,27.418219613648724,27.446613311767578,3977700,-0.001034008135330919
2023-08-08,27.456078491518593,27.50339951759303,27.210005184532353,27.370899200439453,5389200,-0.002762407705328432
2023-08-09,27.323577864488346,27.67375778590325,27.295184166056835,27.437149047851562,3142000,0.0024175237686984642
2023-08-10,27.512861773044722,27.645362079069628,27.124823615244978,27.210002899169922,2308200,-0.00831324044379265
2023-08-11,27.172144128505142,27.42768197549465,27.096429411454316,27.399290084838867,2203000,0.006932444402815628
2023-08-14,27.36143173009217,27.437146446883904,27.020714601938764,27.228931427001953,3321900,-0.0062370403200899685
2023-08-15,27.06804039523758,27.105896855192466,26.6610730709293,26.736787796020508,3610400,-0.018239626267055522
2023-08-16,26.803486946356628,26.984527720844703,26.755845498156756,26.78443145751953,3389400,0.001780365796900487
2023-08-17,26.803483862261732,27.02263922401679,26.660557716702897,26.679615020751953,4005300,-0.003921011519409115
2023-08-18,26.64150136866198,26.946412792174744,26.64150136866198,26.86065673828125,3607400,0.0067628497799184385
2023-08-21,26.774900930795727,27.01311178993554,26.62244612633862,26.946413040161133,3669100,0.003187550440616882
2023-08-22,26.974994345132583,27.05122173934988,26.765369465386126,26.927352905273438,2146800,-0.0007075850499200994
2023-08-23,26.92735409831707,27.041694286006756,26.670085949908504,26.832069396972656,3559900,-0.0035448151782772725
2023-08-24,26.77490061462771,27.184623578294765,26.527161105959152,26.53668975830078,3347300,-0.011069496818208695
2023-08-25,26.67008860947799,27.041696982633425,26.631975815582287,26.88924217224121,2803100,0.01319799276082815
2023-08-28,26.946414089191812,27.11792438782953,26.841600725520404,26.88924217224121,1579800,0.0
2023-08-29,26.955940578573667,27.00358202147084,26.71772972927869,26.803483963012695,3006700,-0.0031944096836263904
2023-08-30,26.803485996222363,26.87018656570443,26.54621964069601,26.603389739990234,2806100,-0.007493236184727876
2023-08-31,26.74631258538493,26.793955843401832,26.53668770232395,26.574800491333008,4449600,-0.0010752246846768957
2023-09-01,26.717731012939964,26.75584380560793,26.1079099736107,26.346120834350586,3785500,-0.008642369580987713
2023-09-05,26.29847640378324,26.36517514643408,25.87922482760083,26.041208267211914,3764400,-0.011640830542739842
2023-09-06,26.09837974694625,26.250834543231964,25.993568210377653,26.069795608520508,3368000,0.0010971711174289458
2023-09-07,26.279422297534165,26.70820257730979,26.22225219936563,26.631975173950195,4084600,0.021335180271680392
2023-09-08,26.708202638096967,27.04169639267631,26.631975234563882,26.955942153930664,4031000,0.012091193053985089
2023-09-11,26.879713762413395,27.127453285891523,26.832072315261904,26.974998474121094,4776100,0.000706693440225459
2023-09-12,26.994055318596732,27.05122541768239,26.77490175759781,26.965469360351562,3551300,-0.00035331965966271177
2023-09-13,27.013112679678855,27.4323643144473,26.99405537414286,27.28943634033203,4655700,0.011942545148803517
2023-09-14,27.45141606542062,27.62292815708603,27.337075882579974,27.613399505615234,5308100,0.011801464178244568
2023-09-15,27.55623012858845,27.88972566909432,27.48953138396817,27.70868492126465,8456500,0.003444754869979603
2023-09-18,27.68010209974192,27.784915463099285,27.40377843826072,27.775386810302734,5725500,0.00240436287712282
2023-09-19,27.765854294339057,27.908782248996523,27.594342202673648,27.613399505615234,4838000,-0.005849117747102423
2023-09-20,27.72774192237111,27.870668061771095,27.451416477780604,27.46094512939453,3662100,-0.005536326092893584
2023-09-21,27.441887471635745,27.441887471635745,27.041693196043354,27.05122184753418,4918100,-0.01503264391562537
2023-09-22,26.965469360351562,27.203680226847265,26.908299261265906,26.965469360351562,2790000,-0.003175039318529227
2023-09-25,26.822542834694268,26.994054946994876,26.708202638096967,26.955942153930664,2530800,-0.000353373780562721
2023-09-26,26.89876903114916,26.89876903114916,25.984040229800446,26.003097534179688,3681900,-0.03598809428221271
2023-09-27,26.012627551016973,26.14602688058546,25.774416669350497,25.869701385498047,5282400,-0.005143213611620609
2023-09-28,26.003099585144003,26.003099585144003,25.355165724381344,25.440921783447266,4844000,-0.01671348180215698
2023-09-29,25.65054579674383,25.879228007101464,25.4409208916005,25.583847045898438,4214300,0.005602206125997244
2023-10-02,25.393277662173983,25.450447760487894,24.287979401946853,24.53571891784668,7172600,-0.041831206729018716
2023-10-03,24.373735784784408,25.193181747019793,24.221280975634293,25.107425689697266,6963100,0.023033675756965476
2023-10-04,25.193180793414626,25.3075209872469,24.716759078502726,25.28846549987793,3956500,0.007184736084075407
2023-10-05,25.26940798232731,25.55526028190563,25.145537319746662,25.36469268798828,4371300,0.0030097726728545906
2023-10-06,25.021668301247246,25.641016157646494,24.583359385204744,25.602903366088867,5079400,0.009347602440179646
2023-10-09,25.60290322923848,26.012624368964733,25.59337457704886,26.003097534179688,3576700,0.015509909062723875
2023-10-10,25.945926026678443,26.212722839945187,25.83158583342456,26.17460823059082,3255100,0.0065741224765689665
2023-10-11,26.250834935742507,26.460461646823163,26.041210042066407,26.441404342651367,3409600,0.01014133856220852
2023-10-12,26.336592550215823,26.45093456462837,25.964984183833206,26.231781005859375,5048000,-0.007959436745143926
2023-10-13,26.45093249026173,26.56527267830269,26.088850987521475,26.2698917388916,5951900,0.0014517914471540113
2023-10-16,26.298479572248475,26.508104476893266,25.993569959163448,26.46999168395996,5888200,0.0075882194743302715
2023-10-17,26.298477263025,26.689142897662098,26.27941995952941,26.62244415283203,6732500,0.005742923091549149
2023-10-18,26.60338847199245,26.736785969789075,26.212722813526955,26.374706268310547,5417500,-0.009349170174318525
2023-10-19,26.26036428423354,26.574802541788635,26.16507957825223,26.17460823059082,6387400,-0.007615665655779405
2023-10-20,26.212723236624555,26.460462748963177,25.860170364379883,25.860170364379883,5241500,-0.012085828060181823
2023-10-23,25.555260689316345,25.936397700631858,25.440920494624006,25.536203384399414,3954200,-0.012606775421416194
2023-10-24,25.812527517800373,26.069795668652624,25.72677146751629,26.031681060791016,4975800,0.019217112737810228
2023-10-25,25.974513419080886,26.231781594226025,25.926870154755097,26.165081024169922,4717800,0.005111437893578948
2023-10-26,26.50810205837079,26.736784247320255,25.860168280978385,26.298477172851562,7106400,0.005085298852670361
2023-10-27,26.146023309728573,26.21272205670113,25.393276154113614,25.4313907623291,5272600,-0.03352676756766436
2023-10-30,25.53620172976571,25.822055832783725,25.440918846164216,25.621957778930664,4116300,0.007465441821765035
2023-10-31,25.764887193165862,25.812528637655223,25.35516422790076,25.612430572509766,4969600,-0.0003719067148947237
2023-11-01,25.650544069197608,26.155551718936707,25.450446012733234,26.031681060791016,4320400,0.016236495714544694
2023-11-02,26.041211650150302,26.546219337460574,26.003098856857743,26.193666458129883,6677100,0.006203344716206052
2023-11-03,26.555745330671645,26.689142819943324,26.08885048341179,26.098379135131836,7074300,-0.003644433006332002
2023-11-06,26.09838001851016,26.193664721531338,25.907812429872347,25.955453872680664,6047200,-0.005491454264340417
2023-11-07,25.993568168478323,26.012623654929925,25.641015316758065,25.907812118530273,6142600,-0.0018372066101278342
2023-11-08,25.755359622098954,25.803001068588493,25.288466540363682,25.59337615966797,8021800,-0.012210975180931385
2023-11-09,25.68866218531792,25.907817591147456,25.44092445247568,25.49809455871582,5000500,-0.0037298480577549497
2023-11-10,25.688659322877495,25.8792287456497,25.612431917249552,25.841115951538086,5228400,0.013363138776049435
2023-11-13,25.84111549617555,25.90781424774907,25.393277905773903,25.469505310058594,3980900,-0.014484998613644148
2023-11-14,26.04121213455561,26.374707714741202,25.974513381999433,26.36517906188965,4842800,0.034562298263534144
2023-11-15,26.33638216031043,26.75868433806137,26.278794001914648,26.326784133911133,3732600,-0.0014573355193158947
2023-11-16,26.576327114244204,26.806674254062237,26.50914276062682,26.54753303527832,6325400,0.008349996587393733
2023-11-17,26.749090028644375,26.758686225084045,26.48035076242163,26.681903839111328,3174100,0.005048751110206154
2023-11-20,26.576330847800126,26.633917183185524,26.259603257225546,26.4803524017334,3001200,-0.007582537586258331
2023-11-21,26.47075287588232,26.58592737077111,26.278795994613162,26.393970489501953,2315700,-0.003267445684805489
2023-11-22,26.441958976774192,26.710698246276223,26.27879617576162,26.67230796813965,3047500,0.010490278919706875
2023-11-24,26.72989257532183,26.80667495727539,26.56672978484097,26.80667495727539,1260800,0.005025049637392903
2023-11-27,26.797078340029064,26.94104508493402,26.557133154975308,26.82587242126465,4174900,0.0007158886067315018
2023-11-28,26.873859342827252,27.248173226441562,26.749088658501282,27.017826080322266,2842800,0.00713006266683722
2023-11-29,27.056219159978713,27.14259957171044,26.720295539981606,26.76828384399414,3129600,-0.009279125305298752
2023-11-30,26.902652283797263,27.219379825133835,26.71069542150515,27.132999420166016,5842900,0.013532929839194388
2023-12-01,27.180989599144493,27.65128193056638,27.075413134522858,27.63208770751953,5747200,0.01822701764524192
2023-12-04,27.4401311684083,27.92002153255586,27.372946810329477,27.689674377441406,6529600,0.0020818820135531813
2023-12-05,27.670478133011958,27.699272213691692,27.267370156677945,27.41133689880371,3948900,-0.010102894289726015
2023-12-06,27.555303740703238,27.67047823320275,27.30576236312113,27.62248992919922,4840800,0.007673610166615733
2023-12-07,27.660878793199654,27.968008316659823,27.4401296770422,27.60329246520996,5405500,-0.0006952355921520442
2023-12-08,27.641682491948224,27.737660924826198,27.35374902395065,27.612890243530273,5594400,0.0003476436778544918
2023-12-11,27.46892388161519,27.89122606298047,27.46892388161519,27.881628036499023,4078800,0.009685277105965203
2023-12-12,27.958411491494342,27.977607545194477,27.641683927987856,27.843238830566406,3288900,-0.001377812605538084
2023-12-13,27.85283673111847,29.014170515164068,27.699271963486595,28.98537826538086,6219600,0.040201339086174785
2023-12-14,29.321299570211107,29.321299570211107,28.44789928212049,28.5054874420166,6284300,-0.016694894524611467
2023-12-15,28.025597746903752,28.265542926823695,27.459326975841776,27.69927215576172,9030300,-0.028690473683157816
2023-12-18,27.81444798566778,27.948818546563604,27.564904750445994,27.65128517150879,3470200,-0.001733930012375141
2023-12-19,27.737663357569048,27.83364179886485,27.60329463813683,27.804847717285156,2342800,0.005538176943651744
2023-12-20,27.72806545496505,27.81444586945575,27.152198465875742,27.161794662475586,4627700,-0.02339900589585411
2023-12-21,27.228980853130082,27.47852223872931,27.04662199691233,27.161794662475586,2855000,0.0
2023-12-22,27.31535736311423,27.555302533896203,27.209782732802896,27.238574981689453,2239300,0.0028227885471763642
2023-12-26,27.18098940821865,27.4689247195361,27.133001104983954,27.353750228881836,2524100,0.004219472888516454
2023-12-27,27.276967087720028,27.363347495652448,27.13300035137812,27.238574981689453,2196800,-0.004219472888516576
2023-12-28,27.209783825954926,27.459327033269933,27.200185799061682,27.41133689880371,1863300,0.0063225167862502474
2023-12-29,27.315358212891844,27.43053270393026,27.209783579296097,27.420934677124023,2830700,0.0003500777240294442
2024-01-02,27.372946498731707,27.891227134180305,27.257772007167333,27.843238830566406,3902200,0.01528340502871565
2024-01-03,27.852839433914845,28.00640421644841,27.718468876220523,27.95841407775879,3598200,0.0041280286423186485
2024-01-04,28.07358607451843,28.255944923990945,27.900825251927255,27.910423278808594,3655400,-0.001717981365800919
2024-01-05,27.86243655525243,28.150370055476866,27.756860084206416,28.063989639282227,3125500,0.00548703372700875
2024-01-08,28.01599887048136,28.236747989961028,27.94881451504289,28.227149963378906,3560400,0.005797032434339116
2024-01-09,28.063987980471644,28.22715077579099,27.948815319444133,28.05438995361328,2602400,-0.0061391551339688094
2024-01-10,28.044793335580973,28.275140499843893,27.977608974833856,28.07358741760254,4137600,0.0006840604503131812
2024-01-11,27.958411337905492,27.968009364702834,27.133001170334847,27.20978355407715,5884600,-0.03125258664127145
2024-01-12,27.420934677124023,27.497717060937493,27.180989498877388,27.420934677124023,3150100,0.0077301628583458844
2024-01-16,27.267370975649676,27.48812010891512,27.161794507289464,27.382545471191406,4336000,-0.0014009771681548942
2024-01-17,27.171391502451026,27.48811906486526,26.729893252689067,26.92184829711914,2961000,-0.01696762250531952
2024-01-18,26.777879273513673,26.825869403507696,26.4419556861006,26.653108596801758,4218800,-0.010032372209507553
2024-01-19,26.777879273513673,26.777879273513673,26.403565412741653,26.653108596801758,4709200,0.0
2024-01-22,26.65311248459644,26.797079234305883,26.336384902981056,26.365177154541016,4750500,-0.01086169682537716
2024-01-23,26.278795994613162,26.40356851662906,26.02925461185435,26.393970489501953,11149000,0.0010915012506965422
2024-01-24,26.595523288681274,26.624317369760988,26.000460258125692,26.04844856262207,4599900,-0.01317738322951852
2024-01-25,26.34598359065216,26.51874259625118,26.07724430865937,26.41316795349121,5044200,0.013904461628424718
2024-01-26,26.509143162733253,26.60511976613601,26.278794188784808,26.461153030395508,3448700,0.0018150621770678809
2024-01-29,26.4419577601213,26.79707742738641,26.326785100374426,26.787479400634766,3611200,0.012256857713714058
2024-01-30,26.65311291871171,26.92185036771001,26.509146166657395,26.845067977905273,5307700,0.0021475243007416595
2024-01-31,27.065815932293706,27.142598313536446,26.58592559186748,26.816272735595703,3955700,-0.0010732212311720735
2024-02-01,26.710696338223666,27.238574981689453,26.566729601881757,27.238574981689453,3491100,0.015625271588125114
2024-02-02,26.960241139091078,27.07541380276045,26.53793710081825,26.82587242126465,2998100,-0.01526735578355176
2024-02-05,26.566732483770565,26.768285570385906,26.336385314508785,26.422765731811523,3716700,-0.015140833803455206
2024-02-06,26.35557937666501,26.633916681956773,26.297993042363338,26.499547958374023,3325300,0.002901697793734359
2024-02-07,26.653109898473755,26.653109898473755,26.34598037405765,26.461153030395508,2628200,-0.001449940578136105
2024-02-08,26.317186107511834,26.403566514469155,26.086838965837767,26.326784133911133,2740400,-0.00509090500251039
2024-02-09,26.211612787010797,26.48995009401664,26.192418562549744,26.422765731811523,2595100,0.0036391477869123097
2024-02-12,26.46115412521868,26.701099304925975,26.336383437250923,26.633914947509766,2892300,0.007959424816195026
2024-02-13,26.566730975766692,26.65311138816623,25.866091480202847,26.336383819580078,3961100,-0.011234003354871028
2024-02-14,26.38472843453084,26.491078226011847,26.239702806377476,26.442737579345703,3375600,0.004030150593547794
2024-02-15,26.568420169460687,26.964819310542087,26.539416523674404,26.945484161376953,4007500,0.018834170796132733
2024-02-16,26.868139724680457,27.07117263428046,26.67477346823325,26.95515251159668,3518600,0.00035874716590383345
2024-02-20,26.96482054946707,27.264538426262117,26.6554360196839,26.868139266967773,5225800,-0.0032332961273120035
2024-02-21,27.06150561760518,27.341886520385742,26.848804199138037,27.341886520385742,5721700,0.017478660355975156
2024-02-22,27.148517058189643,27.158185554810796,26.81979554937914,26.945484161376953,3901300,-0.014604111394566929
2024-02-23,27.0711721918272,27.216195959753676,26.916479926828654,26.98415756225586,4154900,0.0014342171122251584
2024-02-26,26.810128165122592,26.897142794246072,26.365388366560143,26.394392013549805,3435900,-0.022098372983634085
2024-02-27,26.491075467574177,26.74245086103357,26.346051698599176,26.7327823638916,3803800,0.012739052304502068
2024-02-28,26.674772029875246,26.810127295643284,26.529748267398464,26.56842041015625,3332900,-0.006167308283835964
2024-02-29,26.70377914141665,26.829465918107466,26.56842202335273,26.587759017944336,3380100,0.0007276146950115542
2024-03-01,26.549085975178166,26.587759965740016,26.162355289946515,26.52975082397461,3062100,-0.002184146704279564
2024-03-04,26.365389933879683,27.032499671380425,26.336384441088512,27.013164520263672,3127300,0.018057546133549093
2024-03-05,27.109846475399785,27.602926922905066,26.800460097955554,26.964820861816406,5967300,-0.0017912365951069603
2024-03-06,27.16785499919082,27.457902531635106,27.100177364558967,27.36121940612793,3912200,0.014593575290787818
2024-03-07,27.612596570973203,27.660939058875,27.30321202471113,27.37088966369629,2919400,0.00035336689315775075
2024-03-08,27.419229947196257,27.53524822067843,27.158186065745557,27.39022445678711,3468000,0.000706150494006366
2024-03-11,27.370888359602727,27.75761902400443,27.370888359602727,27.573923110961914,4272900,0.006684333198252263
2024-03-12,27.428897681057077,27.602925086439715,27.167853806867384,27.196857452392578,3514900,-0.013769079495244778
2024-03-13,27.312881537846156,27.55458845411028,27.061506123642175,27.07117462158203,4167700,-0.004631937098729163
2024-03-14,26.935817214361556,27.206527759018996,26.70377881433634,26.964820861816406,6003500,-0.003936409282230242
2024-03-15,26.77145491035055,27.187191044674254,26.73278092386594,26.945484161376953,9392700,-0.0007173656784311554
2024-03-18,26.916481388370453,27.216197437569804,26.84880374926841,27.013164520263672,3485300,0.0025086022735381058
2024-03-19,27.129180991500704,27.351552733227617,27.042166363015657,27.245201110839844,4344000,0.008553077573612887
2024-03-20,27.148517315656342,27.35155205847171,27.01316204983089,27.16785430908203,4476500,-0.0028429520546638283
2024-03-21,27.19685963821556,27.35155375111711,27.051835866702493,27.061504364013672,4346900,-0.003922232680244206
2024-03-22,27.254871202147605,27.254871202147605,26.87780717529582,26.90681266784668,4073400,-0.005732701270735397
2024-03-25,27.00349555905741,27.01316405648847,26.607096384770415,26.6844425201416,4728000,-0.008298795135248414
2024-03-26,26.674774000276628,26.694110995122497,26.25903783147715,26.32671546936035,5757600,-0.013496497510824181
2024-03-27,26.539417653284428,27.361219616212264,26.510412162186395,27.351552963256836,5656100,0.03818908743746247
2024-03-28,27.351553647046817,27.593260546674685,27.293542663400473,27.544918060302734,4440100,0.007044747800398229
2024-04-01,27.535246835238365,27.59325781313783,27.15818469927743,27.477237701416016,4929300,-0.0024601141879714264
2024-04-02,27.496578216552734,27.82529975711942,27.467572723887194,27.496578216552734,5008900,0.0007036264669537005
2024-04-03,27.554586082642604,27.554586082642604,27.1871924129347,27.216196060180664,3163600,-0.01024932895679496
2024-04-04,27.428898188097282,27.457901834158626,26.974488062979507,27.16785430908203,3393800,-0.0017777919629958418
2024-04-05,27.0131627794241,27.167855042853297,26.810128031125007,27.1195125579834,5376700,-0.0017809581368935107
2024-04-08,27.177524728507965,27.37088914421314,27.061504603823,27.28387451171875,5155500,0.006042361060992514
2024-04-09,27.370890169585532,27.525582445575708,27.245203386872536,27.341886520385742,4468000,0.0021239806779808
2024-04-10,26.810127123988256,26.91647874302632,26.413727981853686,26.46207046508789,4836300,-0.03270742662889507
2024-04-11,26.616765176090404,26.84880358476601,26.317047284650062,26.66510581970215,5612100,0.007643408036490897
2024-04-12,26.703781651611056,26.84880543652592,26.404063739499197,26.549087524414062,3683200,-0.004360433629531402
2024-04-15,26.674775194198805,26.829467471734866,26.33638514555964,26.491077423095703,3613200,-0.002187403621614341
2024-04-16,26.404059838701322,26.46207081935901,26.007660691259808,26.317045211791992,9553100,-0.006591139115029187
2024-04-17,26.520080231549354,26.858470245927098,26.423397106858964,26.781124114990234,4490500,0.017480479131182506
2024-04-18,26.926149739117474,27.080842011672015,26.74245197392995,27.0228328704834,2506100,0.008984855206988256
2024-04-19,27.148518313498467,27.58359146118164,27.061503683961835,27.58359146118164,3338100,0.02053891315103205
2024-04-22,27.58359141525513,27.98965907105757,27.4385658035507,27.825298309326172,2983000,0.008724534359754826
2024-04-23,27.747951005024824,28.018661534741224,27.699608521806052,27.776954650878906,2588000,-0.0017389104957204282
2024-04-24,27.56425373804126,28.212028271861303,27.409561477195627,28.105676651000977,4112600,0.011764864468447971
2024-04-25,28.105678210740862,28.45373673899784,27.902645298642497,28.366722106933594,5618700,0.009245129338236837
2024-04-26,28.3570535684827,28.376390563152796,27.88330826352921,27.892976760864258,3335600,-0.016841773188323573
2024-04-29,27.999326506151924,28.289375893585625,27.989659852907042,28.250701904296875,3688500,0.012743375316614309
2024-04-30,27.979990692906878,28.30871221776658,27.506245399803717,28.173355102539062,7377800,-0.0027416266858176115
2024-05-01,28.115346999939927,28.48274068263143,28.00899537207358,28.34738540649414,6046100,0.006158123632465164
2024-05-02,28.45373579198513,28.598759559239674,28.260369539594237,28.42473030090332,6125200,0.0027247510964800376
2024-05-03,28.579423742878486,28.68577537048371,28.192693066237656,28.473073959350586,3650900,0.0016993158421204776
2024-05-06,28.511746174979706,28.560088662226832,28.279707768425496,28.34738540649414,3537600,-0.004424066938600559
2024-05-07,28.57942141140145,28.714778520241456,28.376388514257208,28.61809539794922,4601200,0.009504423573376216
2024-05-08,28.56975312115695,28.714778727681587,28.45373484882987,28.482738494873047,5271000,-0.0047409870358260785
2024-05-09,28.521415061843168,28.84046810572103,28.405394934943327,28.801795959472656,4570400,0.011139507963738901
2024-05-10,28.888808228590555,28.888808228590555,28.61809767750166,28.714780807495117,10141800,-0.0030257439943376717
2024-05-13,28.830797762513043,29.024164013608495,28.627764858532334,28.676105499267578,3031200,-0.00134778591413885
2024-05-14,28.830797467643144,28.8791399519612,28.560086931770915,28.69544219970703,3090000,0.0006740867885634779
2024-05-15,28.997193147096098,29.201603480295955,28.909588188128172,28.96799087524414,3816300,0.009453155687343479
2024-05-16,29.026392693331537,29.34761024773426,28.98745818861588,29.143199920654297,3564500,0.006030149234010411
2024-05-17,29.182137110145245,29.298944348214345,29.026395363778487,29.279476165771484,4755100,0.004665191716837436
2024-05-20,29.36707965573055,29.386547837195963,29.1334670479095,29.191869735717773,4211800,-0.002996561623725696
2024-05-21,29.201604305376993,29.629895021700495,29.152935707503232,29.600692749023438,6786600,0.013907527943298149
2024-05-22,29.396281361974,29.5909576031162,29.230805535879767,29.260005950927734,4816400,-0.011576165766430611
2024-05-23,29.075064551261132,29.230806290832454,28.539700696970232,28.56890296936035,5126700,-0.023902781459773863
2024-05-24,28.646774742383084,28.773314213554094,28.51050118010845,28.724645614624023,4719400,0.0054366689697041065
2024-05-28,28.675974395437226,29.065330602861042,28.675974395437226,28.753847122192383,4516700,0.0010160847541511708
2024-05-29,28.568904060011818,28.675975349687185,28.45209682258008,28.59810447692871,5212400,-0.005431132638104987
2024-05-30,28.773312650577363,28.958256658323887,28.66624136742975,28.948522567749023,5157500,0.012178730188584222
2024-05-31,29.006924902088986,29.766167248409793,28.97772448730721,29.698030471801758,6770000,0.02556156074152224
2024-06-03,29.69803182783653,30.01924940121854,29.629895048117316,29.931644439697266,5116200,0.007835533682849047
2024-06-04,29.86350912089165,30.09712174418064,29.736967789575885,30.019250869750977,3849700,0.0029226083100194204
2024-06-05,29.921910449110126,29.990047229057772,29.600692874651227,29.620161056518555,2639200,-0.013383625272363437
2024-06-06,29.503354701864286,29.746701412699892,29.396283411576505,29.4449520111084,2274900,-0.005932759634990596
2024-06-07,29.094531708140014,29.56175879680096,29.055597200427957,29.367080688476562,5935900,-0.002648144080880241
2024-06-10,29.3670802620073,29.6882978364662,29.25027302739133,29.620161056518555,3946400,0.008580903715870652
2024-06-11,29.386547792385567,30.028982927060817,29.33787733879625,29.999780654907227,6090300,0.01273482388279951
2024-06-12,30.33073232936135,30.369668692253857,29.81483666056347,30.16525650024414,9721300,0.005500744964555188
2024-06-13,30.174991029597297,30.32099867939065,29.814837093958225,30.077651977539062,8317400,-0.0029083783193772942
2024-06-14,29.834304066251065,30.07765075823776,29.717498693786688,30.028982162475586,5105800,-0.001619449380145149
2024-06-17,29.931646023818303,30.155524556626695,29.814838783411954,29.87324333190918,3674800,-0.005199779480065572
2024-06-18,29.775903157511024,30.19445978976822,29.746700884357722,30.174991607666016,4129500,0.010050280944168297
2024-06-20,30.204193579120393,30.51567706329221,30.097120435215825,30.447540283203125,4886100,0.008991723154902981
2024-06-21,30.57408005782101,30.729821801462567,30.106854826896342,30.174991607666016,8376300,-0.008991723154903018
2024-06-24,30.18472269990464,30.574077020326694,30.18472269990464,30.47673797607422,3018900,0.009950214447394882
2024-06-25,30.41833572750885,30.437803907955544,29.386546299476354,29.581222534179688,6235800,-0.029823917124355556
2024-06-26,29.44494868106529,29.766166228777035,29.347609636421886,29.688295364379883,3063700,0.003613086472690176
2024-06-27,29.76616893143828,30.03871790986872,29.707766241984626,29.990047454833984,3297000,0.010112702457718276
2024-06-28,30.087384616645593,30.223658168998938,29.84403792653582,30.155521392822266,6589500,0.005502462065425432
2024-07-01,30.320997614697024,30.350199886265482,29.668828402371556,29.73696517944336,2946500,-0.013977146431165339
2024-07-02,29.73696561614224,29.834304666211967,29.63962842266047,29.64936065673828,2806500,-0.002950328548440962
2024-07-03,29.6396267438281,29.892705660451483,29.48388501517316,29.52281951904297,1489500,-0.0042770548667584
2024-07-05,29.5617586923438,29.82457172408863,29.444951456444297,29.678564071655273,5291500,0.00526152945977086
2024-07-08,29.69803224284641,29.717500424920527,29.30867788430422,29.51308822631836,5404000,-0.00559120315106803
2024-07-09,29.493618960360436,29.55202350443643,28.841449737548828,28.841449737548828,8258900,-0.02302025419707875
2024-07-10,28.948522675899778,28.977724947733467,28.306087548262198,28.802515029907227,9594900,-0.0013508686891850967
2024-07-11,28.929055967800526,29.308678094617783,28.76358013215917,28.890121459960938,7549500,0.0030370079344517664
2024-07-12,28.99719427416051,29.80510526092044,28.919321546195196,29.493619918823242,7825600,0.020674247326129675
2024-07-15,29.2989437082941,29.2989437082941,27.254831011140926,27.527379989624023,13737600,-0.06899282067491029
2024-07-16,27.653918221890887,28.082208924170708,27.507910576469204,27.809659957885742,10720200,0.01020229549662345
2024-07-17,27.410572849915646,28.121144786751533,27.38137057678709,27.877798080444336,9188500,0.0024471634713896053
2024-07-18,27.712321376396094,28.40342696605033,27.712321376396094,28.053007125854492,6864300,0.006265227825277203
2024-07-19,28.237952936476333,28.286621536677508,27.83886447374481,28.199016571044922,3697400,0.005191271833398244
2024-07-22,28.257420100672004,28.403427752600873,28.04327381169418,28.189281463623047,3405200,-0.00034528821964481527
2024-07-23,28.150345517022924,28.237950475019126,27.926467005071707,27.936201095581055,3132100,-0.00901843767923705
2024-07-24,28.228218203834967,28.38395994884632,27.945935130634354,28.2476863861084,3221900,0.011088178331873496
2024-07-25,28.37422502419803,28.880386608910133,28.101677906728433,28.11141014099121,4390200,-0.00483600764047947
2024-07-26,28.257420495416238,28.656508949337983,28.130879167145608,28.578638076782227,4665000,0.01648396958827455
2024-07-29,28.63703883552065,28.763578298668303,28.228216318030483,28.41316032409668,7923000,-0.005807088821631845
2024-07-30,28.461832749265994,28.617574504826802,27.614987185477627,27.75126075744629,8242500,-0.023571157666754643
2024-07-31,27.741524258175414,27.99460505314582,26.953081456998227,27.011484146118164,11124400,-0.02701915754261296
2024-08-01,27.118555749380203,27.478707811178793,27.0114826115865,27.400836944580078,15523500,0.014311444031589344
2024-08-02,26.54425694881562,27.06015073480966,25.979692711679206,26.349578857421875,13867500,-0.0391212661310417
2024-08-05,26.534524013819883,26.534524013819883,25.239919662475586,25.239919662475586,10239300,-0.043025437495872
2024-08-06,25.31779153975815,25.46379919218315,25.074444833520477,25.084178924560547,7543000,-0.006189529052415071
2024-08-07,25.171783052766198,25.648742358387956,24.918702263879315,24.94790267944336,11057400,-0.005447567950769864
2024-08-08,25.853151656016994,26.086764254092664,25.181516132769897,25.580604553222656,13959600,0.025044671975552907
2024-08-09,25.590340636295224,25.85315366922844,25.14258172934182,25.765548706054688,7548500,0.0072038484250419145
2024-08-12,25.697411385782868,25.746081840184722,25.00630764256854,25.502735137939453,7408900,-0.010252571396893473
2024-08-13,25.35672567951693,25.483267004614262,24.9187027285957,25.19124984741211,10202100,-0.012289000781371968
2024-08-14,25.054976651440334,25.220452485945476,24.908968999015336,25.084178924560547,6887000,-0.004259380271559241
2024-08-15,24.927216012034346,25.486385850877305,24.927216012034346,25.378477096557617,5142600,0.011664130739356583
2024-08-16,25.506006483949726,25.545247392057583,25.270566648631018,25.299997329711914,10634600,-0.003097166221695669
2024-08-19,25.29018773585781,25.58448706959699,25.16265665242384,25.54524803161621,5034100,0.009647022142605429
2024-08-20,25.378477680852544,25.48638643765664,25.192087106577087,25.319616317749023,3305200,-0.008871868497375902
2024-08-21,25.388286488508875,25.741447188973627,25.3098065407511,25.643346786499023,5879800,0.012704709595126646
2024-08-22,25.643346916972956,26.46738730817708,25.643346916972956,26.42814826965332,10899900,0.030145511047462735
2024-08-23,26.506627398897383,26.53605620910362,25.96707613476584,26.261377334594727,5106300,-0.006330347068697191
2024-08-26,26.388906821689325,26.78130655446982,26.36928636727292,26.66358757019043,6154500,0.01519955581358043
2024-08-27,26.66358651010142,26.928457020863622,26.614535376010583,26.70282554626465,8136200,0.001470512288667361
2024-08-28,26.76168841342924,26.88921762702439,26.408527712535665,26.683208465576172,9130600,-0.0007349143623239405
2024-08-29,26.70282826251344,26.761689629409904,26.33985918886673,26.565488815307617,7115300,-0.004421510687109222
2024-08-30,26.71263749940343,26.810737902815465,26.49681810878461,26.781307220458984,5826000,0.008091191921915314
2024-09-03,26.76168798540139,27.212947210561673,26.565487183351998,26.967697143554688,5815200,0.006935595271096256
2024-09-04,27.095229772384652,27.536678795522402,27.05598886129172,27.124658584594727,5238400,0.005803477384924853
2024-09-05,27.409147175727114,27.45819643918708,27.075606945092847,27.232566833496094,4205100,0.003970342114534758
2024-09-06,27.252188370963342,27.36009712908798,26.70282686859803,26.761688232421875,4942600,-0.017442245974681938
2024-09-09,26.840168111423505,26.938266641994463,26.56548736094004,26.889217376708984,4720600,0.004754044056812365
2024-09-10,26.879406352411905,27.340477665305837,26.869596125423794,27.02655601501465,7224200,0.005094573506571519
2024-09-11,26.938266878595034,27.458197702291542,26.73225771725519,27.41895866394043,6402800,0.014414757426358622
2024-09-12,27.41895850443952,27.536677489917622,27.00693831304708,27.065797805786133,6768500,-0.012963838955120046
2024-09-13,27.18351651221112,27.438576806274735,25.81992673924557,27.399337768554688,4545800,0.012247986858264469
2024-09-16,27.487628246837833,27.7328783164111,27.47781801952176,27.67401695251465,2549000,0.009975112755030031
2024-09-17,27.71325738983108,27.880027509145243,27.57591795196395,27.78192710876465,4160100,0.0038917484599551863
2024-09-18,27.850597301984923,27.850597301984923,27.38952784478662,27.67401695251465,4602200,-0.0038917484599552262
2024-09-19,27.55629811425892,27.919267171346473,27.468007939051777,27.723068237304688,5388800,0.0017708981416991137
2024-09-20,27.87021690414756,27.87021690414756,27.389527007020025,27.634777069091797,16768000,-0.0031898366920960265
2024-09-23,27.81135857587369,28.439198162270557,27.76230743874296,28.380338668823242,5324100,0.026621586747304533
2024-09-24,28.193947459049163,28.63539832779958,28.125277739712324,28.135087966918945,3716900,-0.008679125541687982
2024-09-25,28.321479167717637,28.40976747230996,27.87021806178474,28.076229095458984,3694300,-0.002094200813902888
2024-09-26,28.07622837775291,28.52748760104081,28.07622837775291,28.390148162841797,3027100,0.011118910642908016
2024-09-27,28.576536506571905,28.664826678906987,28.49805656128622,28.547107696533203,3354900,0.0055134350585172125
2024-09-30,28.59615625346126,28.870836990722797,28.341095969813285,28.861026763916016,5233700,0.010936505749261203
2024-10-01,28.792358599954998,29.390767498561228,28.69425819770674,29.322097778320312,7137500,0.0158492920325941
2024-10-02,29.008177632325303,29.53791867530466,29.008177632325303,29.47905731201172,6362100,0.005338667454641636
2024-10-03,29.557537889909877,29.802787962206576,29.41038822075377,29.724308013916016,7995600,0.008285073101379733
2024-10-04,29.645829014919013,30.04803899667606,29.567349064115433,29.94013023376465,11837500,0.007234566100413622
2024-10-07,29.7831684603675,29.861648406238828,29.05722849328031,29.076847076416016,14589000,-0.02925750442657774
2024-10-08,29.155328122699142,29.27304898150404,28.831598099872647,28.910078048706055,8093300,-0.005751968642860603
2024-10-09,28.87083944934811,29.125899754716883,28.772739044035564,28.929698944091797,3916300,0.000678456839168449
2024-10-10,29.00817889411991,29.16513879417614,28.861029221705895,28.929698944091797,5698800,0.0
2024-10-11,28.821786234038594,29.02779725745931,28.74330628966629,29.008176803588867,4674900,0.002709036411130747
2024-10-14,29.07684821543197,29.243618340830057,28.929698545047675,29.214189529418945,3199500,0.0070767850425744105
2024-10-15,29.420196824449565,29.69487756386141,29.27304716341479,29.390766143798828,3940000,0.006026014240074354
2024-10-16,29.459438145758842,29.69487798094326,29.390766556609254,29.537918090820312,4654500,0.00499424871925474
2024-10-17,29.50848606167628,29.665445944628598,29.204376522344845,29.606586456298828,9458200,0.002322055002707662
2024-10-18,29.63601661881504,29.70468820796463,29.41038701065199,29.537918090820312,4832100,-0.0023220550027076787
2024-10-21,29.537917649183953,29.675257083210727,29.341716853909027,29.51829719543457,4791700,-0.0006644820028706803
2024-10-22,29.253425924840634,29.518296430262993,29.214186889468476,29.223997116088867,5166800,-0.010020124177048116
2024-10-23,29.2043795952255,29.341719039482264,28.851218885868573,29.18475914001465,4274400,-0.0013435650574295129
2024-10-24,29.214188746717912,29.282858466316824,28.83159736863757,28.91988754272461,4401400,-0.009117117033728838
2024-10-25,29.18475723863548,29.18475723863548,28.713877570910324,28.753116607666016,3756400,-0.0057833436058445445
2024-10-28,29.253428862143032,29.577158888683684,28.851218885868573,29.18475914001465,4491100,0.014900460639573461
2024-10-29,29.06703709607251,29.233807216353654,28.429387296565608,28.870838165283203,5048500,-0.01081460010279444
2024-10-30,29.00817870809326,29.067038202459486,28.50786832820637,28.704069137573242,3895300,-0.005793131137318482
2024-10-31,28.704068303895124,29.498678003644166,28.605967902060904,28.96893882751465,5678800,0.009185286550078862
2024-11-01,28.96894026917615,29.116089943695727,28.027178984253542,28.036989212036133,3986200,-0.032699499410301945
2024-11-04,28.095848666284745,28.556920015839903,28.027178943017287,28.468629837036133,5657200,0.015278091926587627
2024-11-05,28.42938607917831,29.184756701700348,28.301856873181723,28.988555908203125,5040600,0.018098354668097276
2024-11-06,28.78254964117859,28.89046027551867,28.360719202696053,28.468629837036133,7913200,-0.01809835466809722
2024-11-07,28.556917103840405,29.23380591083292,28.48824738757532,28.81197738647461,5099300,0.011988408583153627
2024-11-08,28.84140724282115,29.940128356282397,28.6550166696847,29.812597274780273,5429100,0.03413984936696671
2024-11-11,29.557536523721815,30.008797608866836,29.34171714367562,29.488866806030273,4981500,-0.010918235820873484
2024-11-12,29.53791854730012,29.94012850584462,29.44962837385284,29.861648559570312,6007000,0.012562204509593892
2024-11-13,30.028418973327717,30.479678201046283,29.636017367004317,29.832218170166016,6126900,-0.000986044074581298
2024-11-14,29.88126864789678,29.989179281125363,29.390768491198987,29.410388946533203,4069800,-0.014240978689005545
2024-11-15,29.400578647379497,30.29328878071011,29.400578647379497,30.273670196533203,5826000,0.02893038687614283
2024-11-18,30.30309857278208,30.695500188433574,30.27366976138492,30.55815887451172,4830600,0.009353351900327848
2024-11-19,30.50910834066447,30.852458804540866,30.312907540989528,30.803407669067383,4824900,0.007993606235060914
2024-11-20,30.90150888376181,31.087899461257077,30.63663835854899,30.970178604125977,3467000,0.005399438507259452
2024-11-21,30.999805147029033,31.414584400931894,30.535648172944114,31.33557891845703,5115400,0.011729397671351602
2024-11-22,31.424461158467572,31.9379977500483,31.276326110337568,31.53309440612793,4895400,0.006283451744105809
2024-11-25,31.65160439084206,32.20464471370233,31.572598899524806,32.07625961303711,5535200,0.01707857020860628
2024-11-26,32.06638148336762,32.254018324030305,31.878740875426427,32.125633239746094,4398900,0.0015380741672424358
2024-11-27,32.352776136981376,32.45153535032357,31.977502428117404,32.25402069091797,3320100,0.003988453293225076
2024-11-29,32.23426752789454,32.441656216500064,32.13551208587627,32.214515686035156,1847100,-0.0012255593828443354
2024-12-02,32.2935234236866,32.372527024751186,31.592348098754883,31.592348098754883,3169500,-0.01950220617802103
2024-12-03,32.589792366735225,32.589792366735225,31.720730182117627,31.730607986450195,3865400,0.004366824164603335
2024-12-04,31.73060591584889,31.928120549547383,31.562717158657772,31.89849090576172,3068400,0.0052769349812309355
2024-12-05,31.97750148487092,32.12563464959652,31.49359077196515,31.592348098754883,3775900,-0.00964375914583411
2024-12-06,31.760233704952086,31.83924107010061,31.217071255030806,31.266448974609375,2842500,-0.010369337609243245
2024-12-09,31.276326532898064,31.305954296380087,30.90105094698925,30.97018051147461,3582600,-0.009520782327804088
2024-12-10,30.97017924134673,31.138066126914207,30.377637181482736,30.98992919921875,4203100,0.0006374646044079345
2024-12-11,31.029433873952147,31.21707260702792,30.77266557701671,31.01955795288086,4392500,0.0009556200922677115
2024-12-12,31.138066330712086,31.58247146578924,31.138066330712086,31.513341903686523,4164400,0.015793101400365796
2024-12-13,31.523216908933104,31.789859228779207,31.454087348838218,31.54296875,4760100,0.0009396949547619205
2024-12-16,31.40470817931165,32.22439264213984,31.355330459602627,31.67135238647461,4281600,0.004061858473839194
2024-12-17,31.43433749361311,31.77010939476625,31.22694880022682,31.315828323364258,6723000,-0.011288895128695886
2024-12-18,31.197319843610444,31.849115545952753,31.03930887841469,31.049184799194336,8050400,-0.008551113375893192
2024-12-19,30.92080064187697,31.700979570520694,30.881298841210633,31.36520767211914,8330200,0.010126689088251952
2024-12-20,31.36520839666318,32.33302796447641,31.256575145952453,32.13551330566406,14446700,0.024262509441040102
2024-12-23,32.03675301125175,32.105882574410856,31.31582773310772,31.700979232788086,4390800,-0.013614181079477568
2024-12-24,31.56271819421372,32.016999229530164,31.56271819421372,31.98737335205078,1444900,0.008993671152697095
2024-12-26,31.918245036808848,32.11575968468406,31.8392414380259,31.967622756958008,2253100,-0.0006176404322496243
2024-12-27,31.730606771578255,32.0861323683679,31.651599409056825,31.80961036682129,2716800,-0.0049551448286410844
2024-12-30,31.661478115060266,31.68122995625336,31.17756742402567,31.434335708618164,2725700,-0.011867667531897587
2024-12-31,31.414584400931894,31.62197496970297,31.0788106295039,31.33557891845703,2970000,-0.00314663074604372
2025-01-02,31.602224832249927,31.661480360030755,30.92080133188551,31.09856414794922,3257400,-0.0075925094010823565
2025-01-03,31.20719467406879,31.414583352277713,31.01955595308985,31.24669647216797,4227900,0.004752008460641974
2025-01-06,31.226946232926355,31.24669618997797,30.63440419767622,30.664030075073242,4165600,-0.01882334883181454
2025-01-07,30.693659592746116,30.92080012277246,30.43689129998791,30.486270904541016,3559500,-0.005813860876793661
2025-01-08,30.456643416590904,30.802293117023858,30.209751042515844,30.782541275024414,4236400,0.009671239548862233
2025-01-10,30.634404658272604,31.967621903081685,30.476393697648724,30.792415618896484,4826300,0.0003207259722072621
2025-01-13,30.723286798460343,31.256573332490124,30.53564807183909,31.217071533203125,3641200,0.013696696185005864
2025-01-14,31.305953495032856,31.562719904080424,31.147942527785442,31.463964462280273,3245000,0.007877795955214985
2025-01-15,31.750360850905643,31.88861997778831,31.197320576096313,31.473840713500977,4164800,0.0003138416179014668
2025-01-16,31.345453688639445,32.41202860471953,31.30595189067163,32.392276763916016,4988100,0.0287632756248444
2025-01-17,32.33302479217051,32.40215435088047,31.87873999128995,32.1552619934082,5319200,-0.007343915517614554
2025-01-21,32.34289996135686,32.70829960837237,32.28364443726846,32.6490478515625,4466300,0.015239585635752673
2025-01-22,32.61942078902366,32.61942078902366,31.977502846652254,32.0367546081543,3884800,-0.018931867827888655
2025-01-23,32.01700276522734,32.17501750864301,31.82936590833948,32.0367546081543,3353000,0.0
2025-01-24,31.888620755307695,32.076257608183674,31.63185057002609,31.95775032043457,5292600,-0.002469097243426305
2025-01-27,32.38240536646081,32.53053853364304,31.365208085844284,32.47128677368164,5249600,0.015941487001030236
2025-01-28,32.34290211612382,32.52066493295352,31.73061006219862,31.90837287902832,4020100,-0.017487766899386293
2025-01-29,31.97749826615243,32.33302385335406,31.85898722556636,31.89849090576172,3576900,-0.0003097464053065138
2025-01-30,32.352775719201375,32.59966809845049,32.03675377514481,32.47128677368164,3956300,0.017797513304692803
2025-01-31,32.34290105562993,32.50091202459988,31.91824587015845,32.165138244628906,3489800,-0.009473012110160732
2025-02-03,31.76023294128719,32.22439178217791,31.612096018834876,32.10588073730469,4392200,-0.001843988941017395
2025-02-04,31.8096122470065,32.12563418121468,31.720730842555536,31.7503604888916,2689100,-0.01113513464080503
2025-02-05,32.02687884175407,32.066382525475866,31.750360590258744,31.868867874145508,3984500,0.0037255252970566917
2025-02-06,32.01700276522734,32.07625829400821,31.56272167974379,32.0367546081543,3004900,0.005254220637322528
2025-02-07,31.977501575826754,32.13551254568404,31.81949060596947,31.99725341796875,2710200,-0.0012337567618760056
2025-02-10,31.9478693637055,32.00712488537354,31.720728848228926,31.97749900817871,1724000,-0.0006175689523985107
2025-02-11,31.81948901444633,32.00712585449219,31.562718846722003,32.00712585449219,2679600,0.0009260614872516957
2025-02-12,31.592346485900507,32.30339581193526,31.592346485900507,32.17501449584961,3756000,0.0052316430511063425
2025-02-13,32.26389138406365,33.093449853750194,32.22439147010021,33.01444625854492,5723500,0.025755027072064878
2025-02-14,33.18233442371193,33.429226804148115,32.96507169067764,32.99469757080078,5219900,-0.0005983622021951763
2025-02-18,33.0835768432428,33.666242974158216,32.99469544133101,33.38972473144531,5587700,0.01190134099639616
2025-02-19,33.29096704087045,33.74524810808838,33.29096704087045,33.66624450683594,5986200,0.008247478813806925
2025-02-20,33.88491924514043,33.91473755577045,33.059910594723284,33.52708435058594,5634600,-0.004142088435840451
2025-02-21,33.53702682312105,34.18311424429561,33.328287270304436,34.083717346191406,6019400,0.016466172814474593
2025-02-24,34.16323436703159,34.23281295458523,33.4276882152507,33.994258880615234,4707400,-0.0026281191664395552
2025-02-25,33.964438838567666,34.173178405643824,33.507207009255836,34.01414108276367,7436600,0.0005846984409448252
2025-02-26,33.90479892193736,34.282513949027056,33.70600133969287,33.83522033691406,4414800,-0.005274070583459831
2025-02-27,33.58672389867989,33.86503823538919,33.43762476587222,33.537025451660156,4340900,-0.008852215894439734
2025-02-28,33.825279087546605,34.22287426044241,33.60660515502764,34.17317581176758,5122600,0.01879093746040116
2025-03-03,34.14335610438593,34.64034820949634,34.024079060849104,34.36203384399414,4382000,0.005511284235068942
2025-03-04,34.40179112646031,34.521068159609605,33.42768714028594,33.48732376098633,5716900,-0.02578531553727158
2025-03-05,33.26864988898731,33.785522089181676,33.17919116603543,33.61654281616211,4192500,0.0038513194988267063
2025-03-06,33.487326327729704,33.576785057385656,33.040036471198746,33.199073791503906,3134100,-0.01249631383886016
2025-03-07,33.1493686518098,34.143352764808576,33.07979006723976,34.05389404296875,5001300,0.025422410865018164
2025-03-10,33.98431582964906,34.76956419751591,33.89485710683197,34.22287368774414,6112300,0.004949853234311455
2025-03-11,34.68010817350966,34.799385215965096,34.063839030449614,34.32227325439453,5649100,0.002900267655992603
2025-03-12,34.1532960182779,34.600589644358095,34.09365560421766,34.3421516418457,4222800,0.0005790010776773354
2025-03-13,34.401790618896484,34.65028664614451,34.17317472883811,34.401790618896484,3885300,0.001735105379524202
2025-03-14,34.44155094611292,35.42559309214559,34.44155094611292,35.26655578613281,7118000,0.024826470791093878
2025-03-17,35.32619800414002,35.66415277066649,35.15721872500245,35.37589645385742,5577400,0.003095610403471867
2025-03-18,35.09758357758609,35.48523681012738,35.01806302129617,35.44547653198242,3960700,0.0019649463877630655
2025-03-19,35.30631709147237,35.70390847223925,35.16715991861654,35.64427185058594,4406500,0.005592813065513655
2025-03-20,35.61445619950509,35.77349352203873,35.52499746859562,35.74367141723633,3619400,0.0027847736280661663
2025-03-21,35.67409042093268,35.97228490661427,35.29637538347008,35.554813385009766,8615300,-0.005297685482358199
2025-03-24,35.5249956472993,35.8629504143256,35.26655764158871,35.5051155090332,4210600,-0.001398759746962614
2025-03-25,35.43553792345387,35.48523637465076,34.73974823145116,35.018062591552734,5309700,-0.013812782532768518
2025-03-26,35.087640706914726,35.455413790894994,35.087640706914726,35.32619857788086,2540700,0.008760855599473986
2025-03-27,35.43553747153313,35.68403351609718,35.28643832809521,35.455413818359375,2734700,0.003651100325250233
2025-03-28,35.684032267894885,36.181024339638554,35.59457354331108,36.031925201416016,6252200,0.016129398283774847
2025-03-31,36.06174526520517,36.74759678426754,35.862951460243856,36.012046813964844,9318800,-0.0005518404218853081
2025-04-01,36.10150514416193,36.68795596251763,35.79336868307717,36.578617095947266,10763700,0.01561032112595277
2025-04-02,36.77741474053551,37.055729098185374,36.568678972298116,36.70783615112305,5692200,0.0035264140468029385
2025-04-03,36.83705559172632,37.47320486915568,36.807233487519525,37.135250091552734,5208000,0.011576404384598398
2025-04-04,37.03584716093732,37.42350415822913,35.544870960079564,35.86294937133789,9470400,-0.03486194413203879
2025-04-07,35.42559516521722,36.190963430113726,34.92860308087523,35.28643798828125,10268000,-0.016206014473606385
2025-04-08,35.97228511520022,36.05180566744234,35.06775968806362,35.33613586425781,11987900,0.0014074220598061734
2025-04-09,34.97829978376678,36.697891854685274,34.51112982620992,36.04186248779297,12994600,0.019774990544998903
2025-04-10,35.972286224365234,36.42952183035849,35.306318641671986,35.972286224365234,10449300,-0.0019322948703948263
2025-04-11,35.823191018754216,36.439460153163765,35.61445524944999,36.35994338989258,8296700,0.010718897488319994
2025-04-14,36.40964203750214,37.04579131410161,36.21084444062761,37.00603103637695,6610600,0.017613187969749977
2025-04-15,37.04578982171568,37.31416599792247,36.866872370911146,36.93645095825195,6008200,-0.0018820060345678465
2025-04-16,37.006028508272,37.0457887832804,36.40963955014012,36.55873489379883,5771500,-0.010278751883669562
2025-04-17,36.73765336938596,37.37380262035823,36.70783505816809,36.93645095825195,4269200,0.010278751883669536
2025-04-21,36.757535056223844,36.92651434099189,35.93253014652911,36.270484924316406,3160400,-0.018194571258110484
2025-04-22,36.777412506904284,37.14518557028374,36.57861492419294,37.03584671020508,4173700,0.020881950585391818
2025-04-23,36.91657030332167,37.155128164970534,36.49909878512187,37.1153678894043,5229200,0.002144839032345925
2025-04-24,36.906632632807344,37.870794682050494,36.78735180448456,37.672000885009766,6127800,0.0148860237645334
2025-04-25,37.62229989453876,38.09941564019165,37.48314271528532,37.96025466918945,6872500,0.007622546168218241
2025-04-28,37.82109694069161,38.099415086905466,37.602423001504135,38.00995635986328,5098700,0.0013084522760057594
2025-04-29,37.920497632821096,38.188870022198955,37.73163821364942,38.00995635986328,3585600,0.0
2025-04-30,38.099413513631156,38.62622388904292,37.51296272540449,38.54670333862305,6391000,0.014022444966775313
2025-05-01,38.46718709683118,38.765381581415426,38.12923233650274,38.3677864074707,3640400,-0.004652367959723398
2025-05-02,38.56658415828511,38.94429919596238,38.37772853532078,38.75544357299805,3796700,0.010053013351200714
2025-05-05,38.73556544955334,38.80514404014553,38.32803207962105,38.6461067199707,3158600,-0.0028251869720391167
2025-05-06,38.576528417232915,39.07352052045635,38.51688799981652,38.68586349487305,3434400,0.0010282106687447346
2025-05-07,38.646107054789226,39.06357860195919,38.62622691562654,38.81508255004883,3933700,0.003334647678816994
2025-05-08,38.58646389856666,38.596405863316775,37.681938485482995,37.72169876098633,5257100,-0.02857340377930582
2025-05-09,37.87079573671854,37.89067587532598,37.09548928977194,37.31416702270508,6167100,-0.010862425352206589
2025-05-12,36.93645142817379,37.0954887429402,36.35994258405131,36.62831497192383,8022300,-0.01855149306009867
2025-05-13,36.66807666622578,36.89669257805702,36.37982033714554,36.43946075439453,4869900,-0.005169300315862516
2025-05-14,36.50903961089041,36.50903961089041,35.78343159195235,36.35000228881836,7364400,-0.0024580071586432885
2025-05-15,36.5,37.29999923706055,36.36000061035156,37.22999954223633,4980700,0.02392060864342252
2025-05-16,37.31999969482422,37.61000061035156,37.02000045776367,37.52000045776367,8025900,0.007759260749481919
2025-05-19,37.16999816894531,37.720001220703125,37.16999816894531,37.65999984741211,3369800,0.0037243828387351473
2025-05-20,37.63999938964844,37.779998779296875,37.40999984741211,37.459999084472656,4363400,-0.005324846601473153
2025-05-21,37.31999969482422,37.540000915527344,37.119998931884766,37.220001220703125,3813700,-0.006427388564738645
2025-05-22,37.20000076293945,37.369998931884766,36.70000076293945,37.13999938964844,4244200,-0.0021517445203181763
2025-05-23,37.369998931884766,37.61000061035156,36.970001220703125,37.56999969482422,3035200,0.011511311972265828
2025-05-27,37.900001525878906,37.95000076293945,37.41999816894531,37.72999954223633,4479100,0.004249670380581735
2025-05-28,37.560001373291016,37.560001373291016,36.9900016784668,37.18000030517578,15079000,-0.014684531342240233
2025-05-29,36.84000015258789,37.2599983215332,36.650001525878906,37.11000061035156,7581100,-0.0018844989817634068
2025-05-30,37.099998474121094,37.349998474121094,36.84000015258789,37.2400016784668,9664100,0.0034970059608788458
2025-06-02,37.08000183105469,37.470001220703125,36.900001525878906,37.45000076293945,3789100,0.005623232854966921
2025-06-03,37.540000915527344,37.540000915527344,36.90999984741211,37.439998626708984,4952800,-0.0002671154058340873
2025-06-04,37.43000030517578,37.560001373291016,36.959999084472656,37.0,4449600,-0.011821702285384744
2025-06-05,36.9900016784668,37.13999938964844,36.630001068115234,36.83000183105469,4824900,-0.004605132470860535
2025-06-06,36.93000030517578,36.93000030517578,36.349998474121094,36.61000061035156,5541000,-0.005991336369502096
2025-06-09,36.470001220703125,36.779998779296875,36.36000061035156,36.540000915527344,4855500,-0.0019138677985185504
2025-06-10,36.5,36.709999084472656,36.16999816894531,36.25,5199400,-0.007968194704659391
2025-06-11,36.20000076293945,36.43000030517578,35.9900016784668,36.029998779296875,5266400,-0.0060874904208691625
2025-06-12,36.130001068115234,36.40999984741211,35.79999923706055,36.40999984741211,8023400,0.010491567116703675
2025-06-13,36.349998474121094,36.7400016784668,36.22999954223633,36.369998931884766,4896500,-0.001099228365650642
2025-06-16,36.59000015258789,36.7400016784668,35.849998474121094,35.970001220703125,4626300,-0.011058937986634964
2025-06-17,36.040000915527344,36.09000015258789,35.59000015258789,35.720001220703125,4914800,-0.006974501461715367
2025-06-18,35.79999923706055,35.91999816894531,35.52000045776367,35.560001373291016,4437800,-0.004489340917831837
2025-06-20,35.63999938964844,36.13999938964844,35.540000915527344,35.7400016784668,6127700,0.005049107429852177
2025-06-23,35.880001068115234,36.310001373291016,35.77000045776367,36.27000045776367,4652900,0.014720409221273312
2025-06-24,36.2400016784668,36.56999969482422,36.15999984741211,36.47999954223633,4427100,0.005773186741973235
2025-06-25,36.400001525878906,36.54999923706055,36.04999923706055,36.29999923706055,6636600,-0.004946432404595261
2025-06-26,36.41999816894531,36.619998931884766,36.279998779296875,36.58000183105469,4852000,0.007683972765698989
2025-06-27,36.61000061035156,36.779998779296875,36.290000915527344,36.369998931884766,6990000,-0.0057574633880203945
2025-06-30,36.06999969482422,36.77000045776367,36.06999969482422,36.7400016784668,6043200,0.010121895841107939
