DATE,OPEN,HIGH,LOW,CLOSE,VOLUME,LOG_RETURNS
1999-01-04,9.447627435745268,9.625884557174423,9.411976011459437,9.465453147888184,146500,
1999-01-05,9.536757833922087,9.554583549499512,9.483280687189813,9.554583549499512,119800,0.009372332500465945
1999-01-06,9.625889168000356,9.661540609363321,9.4832834025485,9.50110912322998,153600,-0.005612450573846407
1999-01-07,9.554581860031528,9.554581860031528,9.483279010329799,9.518930435180664,105600,0.0018739516404480037
1999-01-08,9.518932118344662,9.554583549499512,9.518932118344662,9.554583549499512,171500,0.003738498933398466
1999-01-11,9.554584139529789,9.554584139529789,9.501106989495108,9.536758422851562,275200,-0.0018673524211610072
1999-01-12,9.554586285274429,9.554586285274429,9.465457681867017,9.50110912322998,195000,-0.003745098152685382
1999-01-13,9.394154799141088,9.50110912322998,9.394154799141088,9.50110912322998,149100,0.0
1999-01-14,9.465453283342885,9.501104708138904,9.269370446964784,9.287196159362793,95900,-0.022771847104762023
1999-01-15,9.28719798149718,9.376326560974121,9.269372265601792,9.376326560974121,148900,0.009551367182870132
1999-01-19,9.411978771617113,9.411978771617113,9.144593011059808,9.180244445800781,89400,-0.02113422932280468
1999-01-20,9.162418139997378,9.376326734705488,9.162418139997378,9.19806957244873,144400,0.001939800595381443
1999-01-21,9.180244580198899,9.287198885987623,9.162418862567444,9.233721733093262,156900,0.00386855564029344
1999-01-22,9.198070297830352,9.26937316835617,9.198070297830352,9.233721733093262,64900,0.0
1999-01-25,9.269372437351434,9.305023869802785,9.162418139997378,9.19806957244873,167700,-0.0038685556402934303
1999-01-26,9.251549001358002,9.287200442596376,9.162420398262068,9.215897560119629,172500,0.001936355497216936
1999-01-27,9.233721232135936,9.233721232135936,9.162418365478516,9.162418365478516,192600,-0.005819830914266842
1999-01-28,9.162423379719257,9.269377738237381,9.126771926879883,9.126771926879883,227300,-0.0038980931540971947
1999-01-29,9.126768684766402,9.126768684766402,8.966337203979492,8.966337203979492,122300,-0.017734810170959046
1999-02-01,8.912861347198486,8.94851279258728,8.556346893310547,8.556346893310547,155600,-0.04680391995056029
1999-02-02,8.413736642499563,8.788076620237891,8.342433789597024,8.752425193786621,420100,0.02265749270711762
1999-02-03,8.75242755936891,8.75242755936891,8.591996096977219,8.681124687194824,199300,-0.00817973443461728
1999-02-04,8.69894729742483,8.69894729742483,8.485038757324219,8.485038757324219,151800,-0.022846626114279334
1999-02-05,8.431566248316773,8.609823462868926,8.431566248316773,8.574172019958496,97800,0.010449964529103756
1999-02-08,8.574172495795997,8.574172495795997,8.467218161129102,8.502869606018066,191700,-0.008350723720809295
1999-02-09,8.502868374274565,8.556345533861197,8.235482576341402,8.253308296203613,253400,-0.029789581664212264
1999-02-10,8.306785583496094,8.485042784858672,8.25330842308732,8.306785583496094,250500,0.006458595413090123
1999-02-11,8.342435836791992,8.413738707191923,8.217655813592112,8.342435836791992,276200,0.004282519510231363
1999-02-12,8.271131963315218,8.378086255944295,8.128526239809784,8.1998291015625,416800,-0.017241927708932236
1999-02-16,8.146355511333448,8.199832680992092,7.985924002357516,8.092878341674805,145500,-0.013128854916986262
1999-02-17,8.1285297881139,8.1285297881139,8.057226895235708,8.092878341674805,247400,0.0
1999-02-18,8.128528257168137,8.360262615376879,8.110702537305926,8.253308296203613,265900,0.01962966770259704
1999-02-19,8.27113179957613,8.449388950429064,8.235480369405543,8.37808609008789,132000,0.015005372638898165
1999-02-22,8.324610480367502,8.50286766410128,8.324610480367502,8.360261917114258,156900,-0.002129741800469613
1999-02-23,8.378088335239088,8.41373977496351,8.253308296203613,8.253308296203613,129000,-0.012875630838428562
1999-02-24,8.34243702376861,8.485042784858672,8.235482702951064,8.306785583496094,238900,0.006458595413090123
1999-02-25,8.25330315627061,8.324605991313984,8.128523194944703,8.235477447509766,125000,-0.008621381190226268
1999-02-26,8.235482053058902,8.253307771788467,8.039399147033691,8.039399147033691,86600,-0.02409699234641381
1999-03-01,8.092874720692635,8.092874720692635,7.843314707279205,7.985920429229736,231300,-0.006674302633732253
1999-03-02,8.021571889387822,8.057223320007324,7.95026902814882,8.057223320007324,162400,0.00888895111607885
1999-03-03,8.075049005448818,8.199829012155533,7.985920429229736,7.985920429229736,172800,-0.00888895111607895
1999-03-04,8.021573915586366,8.199831113710507,7.985922475961537,8.110702514648438,1879300,0.015504442828468733
1999-03-05,8.06637282882418,8.19354537342276,8.06637282882418,8.139042854309082,498600,0.0034880999980647187
1999-03-08,8.139042854309082,8.139042854309082,8.030037816081729,8.139042854309082,147400,0.0
1999-03-09,8.139044821799338,8.139044821799338,8.011872246458724,8.066374778747559,126800,-0.008968428247945463
1999-03-10,8.120872497558594,8.15720749754767,8.066369997574979,8.120872497558594,197000,0.0067334394523762865
1999-03-11,8.139039997553132,8.15720749754767,8.084537497569517,8.120872497558594,111000,0.0
1999-03-12,8.139040896767066,8.284380912780762,8.120873394765352,8.284380912780762,92900,0.019934325382383
1999-03-15,8.28438190021346,8.32071690854773,8.139041866876383,8.211711883544922,147900,-0.008810510490069137
1999-03-16,8.211711892003231,8.248046900374927,8.139041875259839,8.193544387817383,89800,-0.002214839299522965
1999-03-17,8.211711892003231,8.248046900374927,8.139041875259839,8.193544387817383,810100,0.0
1999-03-18,8.175376883631534,8.248046900374927,8.129958123166915,8.193544387817383,485000,0.0
1999-03-19,8.211710904773915,8.302548414782475,8.193543402772201,8.284380912780762,351000,0.01102534978959209
1999-03-22,8.320716857910156,8.411554378193019,8.284381849797011,8.320716857910156,113600,0.004376487706162151
1999-03-23,8.302549353853584,8.338884361966729,8.302549353853584,8.320716857910156,113400,0.0
1999-03-24,8.338887142724003,8.520562243872675,8.338887142724003,8.42972469329834,115100,0.013015701580756382
1999-03-25,8.466053009033203,8.575057983398438,8.33888053894043,8.357048034667969,117600,-0.008658854669672183
1999-03-26,8.411554378193019,8.429721882249591,8.266214345740439,8.320716857910156,166900,-0.004356846911084189
1999-03-29,8.338889216536467,8.375224245802421,8.229884128738604,8.248051643371582,115200,-0.008771403912428546
1999-03-30,8.266213514588095,8.28438101681796,7.993700981140136,7.993700981140137,772300,-0.03132315383757836
1999-03-31,8.04820901727788,8.066376531989569,7.757528781890869,7.757528781890869,297000,-0.029990026642622597
1999-04-01,7.684853164588703,7.684853164588703,7.303335631594938,7.4123406410217285,1357200,-0.04551756212434678
1999-04-05,7.412338749366471,7.412338749366471,6.903648835194263,7.176161289215088,789900,-0.032381664706570126
1999-04-06,7.248833126881543,7.412340641021728,7.194330622168148,7.4123406410217285,234100,0.03238166470657009
1999-04-07,7.412345793864918,7.521350879068814,7.35784325126297,7.503183364868164,234700,0.012181113727485544
1999-04-08,7.539518319731422,7.575853347778321,7.3941782075438285,7.57585334777832,296000,0.009638619084089738
1999-04-09,7.539515506818099,7.630353043044823,7.46684547783672,7.521347999572754,233400,-0.007220621062818343
1999-04-12,7.448675626675867,7.485010629732823,7.394173122090434,7.466843128204346,232800,-0.007273074004500632
1999-04-13,7.485011577606201,7.503179081435342,7.412341562289636,7.485011577606201,334200,0.002430261489493845
1999-04-14,7.448678016662598,7.521348046093452,7.339672972516316,7.448678016662598,193700,-0.004865995426799589
1999-04-15,7.466843157566239,7.485010659166157,7.357838147966732,7.37600564956665,152300,-0.0098043170248925
1999-04-16,7.448677112468604,7.466844617620967,7.230667050640255,7.353297710418701,433100,-0.00308337150558546
1999-04-19,7.412341562289636,7.503179081435342,7.3396715469730704,7.485011577606201,332400,0.0177536839572776
1999-04-20,7.485013747883734,7.884698948013448,7.485013747883734,7.775693893432617,173500,0.038100136182018185
1999-04-21,7.830198840737622,7.975538958431128,7.739361267179181,7.757528781890869,106200,-0.0023388732914213515
1999-04-22,7.739353659018031,7.848358640130961,7.666683671609411,7.703018665313721,98000,-0.007051541044831521
1999-04-23,7.739357892985687,7.8483629337319645,7.612185345448364,7.830195426940918,185100,0.016375181941569363
1999-04-26,7.848360555155295,7.866528056440377,7.775690550014968,7.793858051300049,104300,-0.004651474242376739
1999-04-27,7.739356941646999,7.884696978109854,7.7030219325312865,7.848361968994141,260200,0.006968849460559002
1999-04-28,7.830192079192482,7.902862075287076,7.7756895821215375,7.884694576263428,143300,0.004618641234975633
1999-04-29,7.884699775643425,7.993704841666145,7.812029731628279,7.939202308654785,123400,0.00688932042190534
1999-04-30,7.975534474164589,7.975534474164589,7.848361942685883,7.902864456176758,63100,-0.004587522164376998
1999-05-03,7.9210328302318835,8.102707895145459,7.884697817249169,8.048205375671387,103300,0.018223848734839603
1999-05-04,8.0663700060898,8.139040006144663,8.011867506048652,8.084537506103516,96200,0.004504155570087335
1999-05-05,8.12087250183516,8.139040001839266,8.066370001822843,8.102705001831055,126000,0.0022446693248429845
1999-05-06,8.175379843325228,8.175379843325228,8.030039757221669,8.066374778747559,181000,-0.004493797385485668
1999-05-07,8.102711526307765,8.266219158004558,8.102711526307765,8.248051643371582,234700,0.022272848628492808
1999-05-10,8.302553143636334,8.466060754780157,8.28438563128702,8.338888168334961,196400,0.010952886318813661
1999-05-11,8.375223159790039,8.393390672067241,8.320720622958435,8.375223159790039,230100,0.004347828966830092
1999-05-12,8.375223159790039,8.393390672067241,8.320720622958435,8.375223159790039,100400,0.0
1999-05-13,8.375220278169373,8.484225314327759,8.357052772142973,8.411555290222168,88800,0.004328667024584885
1999-05-14,8.357052909003365,8.411555427975125,8.15721033944024,8.17537784576416,111300,-0.028479454945235433
1999-05-17,8.211715581889766,8.338888168334961,8.175380557191138,8.338888168334961,63800,0.019802958953820376
1999-05-18,8.338888168334961,8.357055680684274,8.266218118937706,8.338888168334961,109100,0.0
1999-05-19,8.302549353853584,8.338884361966729,8.211711833570721,8.320716857910156,119200,-0.002181482406385147
1999-05-20,8.28438559840403,8.393390672067241,8.211715549295223,8.375223159790039,116400,0.006529311373215266
1999-05-21,8.302545547485352,8.411550521850586,8.284378051757812,8.357048034667969,61600,-0.002172464462131048
1999-05-24,8.320720622958435,8.393390672067241,8.320720622958435,8.375223159790039,67900,0.002172464462130908
1999-05-25,8.411555290222168,8.538727832406952,8.375220278169373,8.411555290222168,72300,0.004328667024584885
1999-05-26,8.338888135235635,8.48422823345325,8.338888135235635,8.375223159790039,173000,-0.004328667024584854
1999-05-27,8.393390738990165,8.393390738990165,8.302553176879883,8.302553176879883,91300,-0.008714644129155336
1999-05-28,8.338886187153479,8.484226251417592,8.320718679120464,8.447891235351562,107000,0.017353773105698543
1999-06-01,8.411553426792748,8.411553426792748,8.26621341077905,8.284380912780762,80100,-0.01954492805592058
1999-06-02,8.302550390031602,8.357052909003365,8.17537784576416,8.17537784576416,115500,-0.013244988841273184
1999-06-03,8.229878406775626,8.284380912780762,8.211710904773915,8.284380912780762,67800,0.013244988841273163
1999-06-04,8.266219158004558,8.266219158004558,8.157214070206697,8.248051643371582,2352800,-0.004394916206266506
1999-06-07,8.239899989969336,8.258416619160277,8.165833473205566,8.165833473205566,166400,-0.010018208026881966
1999-06-08,8.165833473205566,8.18435010239651,8.147316844014624,8.165833473205566,75100,0.0
1999-06-09,8.184354782104492,8.184354782104492,8.147321502547458,8.184354782104492,62300,0.002265578418054241
1999-06-10,8.165832078867945,8.184348704897124,7.999182444605334,8.054732322692871,78000,-0.015964593528870422
1999-06-11,8.091768822371268,8.091768822371268,7.962152388145641,7.980669021606445,82600,-0.009237539636261817
1999-06-14,7.906602783290218,8.184352295583786,7.906602783290218,8.110285758972168,88800,0.016110857649938765
1999-06-15,8.110285852811975,8.202869024647727,8.073252584077673,8.091769218444824,64900,-0.0022857037103873753
1999-06-16,8.147314071655273,8.184347317435526,8.07324758009477,8.147314071655273,61200,0.006840911994111007
1999-06-17,8.091767132961126,8.147317021745755,7.925117466607235,8.128800392150879,215600,-0.0022749517435765605
1999-06-18,8.128800842619162,8.128800842619162,7.999184428272159,8.03621768951416,102900,-0.011454823558438233
1999-06-21,8.09176557475123,8.09176557475123,7.999182444605334,8.054732322692871,201800,0.002301249004614275
1999-06-22,7.999184428272159,8.128800842619162,7.962151167030158,8.03621768951416,126500,-0.0023012490046143016
1999-06-23,8.054735949710523,8.202869024647727,8.017702680976221,8.091769218444824,192100,0.006888863307903816
1999-06-24,8.091769218444824,8.110285852811975,8.036219315343372,8.091769218444824,156600,0.0
1999-06-25,8.07325249066636,8.147319027277977,7.999185954054741,8.110285758972168,531600,0.0022857037103874342
1999-06-28,8.184350614769514,8.184350614769514,7.962151050567626,7.962151050567627,167400,-0.018433907058106495
1999-06-29,7.962153150633356,8.054736326803512,7.962153150633356,8.01770305633545,147900,0.006952783070924316
1999-06-30,7.999184192066461,7.999184192066461,7.888084411621093,7.888084411621094,300700,-0.01629866039086658
1999-07-01,7.925116452303799,7.962149706753817,7.888083197853781,7.943633079528809,185600,0.007017418785115026
1999-07-02,7.943632688477774,7.962149314791243,7.906599435850839,7.925116062164307,130300,-0.0023337725744561667
1999-07-06,7.906601275167158,8.03621768951416,7.906601275167158,8.03621768951416,349300,0.013921571149098545
1999-07-07,8.017702288528053,8.017702288528053,7.925119121224033,7.980669021606445,69600,-0.006936290631647621
1999-07-08,7.98066783571356,7.999184466422872,7.702918375073877,7.8325347900390625,242200,-0.018736059653153933
1999-07-09,7.832535338916366,7.869568602930156,7.702918914868105,7.721435546875,363700,-0.0142858871708921
1999-07-12,7.776985121936334,7.795501753179039,7.554785547023867,7.591818809509277,146600,-0.01692910337085535
1999-07-13,7.64736967546394,7.739952843447766,7.5362698738833505,7.684402942657471,164800,0.012121487664502637
1999-07-14,7.702919283444309,7.702919283444309,7.573302853194044,7.647369384765625,170900,-0.004830965282516168
1999-07-15,7.684401782970984,7.702918413773324,7.554785367354606,7.628851890563965,195200,-0.002424356512992581
1999-07-16,7.6658873569703045,7.6658873569703045,7.536270904074672,7.573304176330566,163600,-0.007307905694622594
1999-07-19,7.591818212875591,7.628851472450594,7.499235063938084,7.517751693725586,312700,-0.007362338860026549
1999-07-20,7.554784953300588,7.684401361813099,7.517751693725586,7.517751693725586,346900,0.0
1999-07-21,7.517753240286585,7.684402942657471,7.517753240286585,7.684402942657471,119200,0.021925566350157803
1999-07-22,7.64736967546394,7.739952843447766,7.573303141076881,7.684402942657471,146000,0.0
1999-07-23,7.739947786870992,7.888080758868523,7.739947786870992,7.851047515869141,384700,0.02145428169257297
1999-07-26,7.888089079488356,7.943639002583344,7.869572438456694,7.9066057205200195,238400,0.007051612830624489
1999-07-27,7.88808280953737,7.943632688477774,7.88808280953737,7.925116062164307,175500,0.0023383874897503778
1999-07-28,7.869568347930908,7.925118242151597,7.851051716524012,7.869568347930908,161600,-0.007033751584185644
1999-07-29,7.832530894369449,7.888080758868523,7.832530894369449,7.851047515869141,581000,-0.0023562487361890646
1999-07-30,7.851050910767185,7.851050910767185,7.7399511337280265,7.739951133728027,88200,-0.014251590293908354
1999-08-02,7.7954976513700664,7.925114001867906,7.776981029870375,7.851047515869141,110800,0.014251590293908371
1999-08-03,7.814017891324181,7.925117671769549,7.73995137102727,7.888084411621094,57900,0.004706354109715939
1999-08-04,7.851057093581606,7.869573737670242,7.739957229049791,7.758473873138428,202300,-0.01656766949230897
1999-08-05,7.776985442895683,7.851051970923261,7.665885650854316,7.721435546875,101100,-0.00478535060362724
1999-08-06,7.739952178881894,7.758468810888789,7.647369018847422,7.721435546875,148000,0.0
1999-08-09,7.702919283444309,7.702919283444309,7.59181948608694,7.647369384765625,80900,-0.009638580988868859
1999-08-10,7.684399325958927,7.684399325958927,7.517749702022469,7.536266326904297,218200,-0.014634840160161347
1999-08-11,7.536269096767201,7.665885518578922,7.499235833392423,7.55478572845459,155500,0.00245435649932018
1999-08-12,7.406654163282744,7.406654163282744,7.202971173792469,7.25852108001709,488500,-0.040005133669064594
1999-08-13,7.221485314909945,7.240001943922534,7.1474187988595865,7.184452056884766,492200,-0.010256845565703691
1999-08-16,7.147417322462595,7.165933947650322,7.036317571336233,7.091867446899414,326300,-0.012970557006309506
1999-08-17,7.0918737468919195,7.0918737468919195,6.943740613797572,7.073357105255127,494700,-0.0026134922340453593
1999-08-18,7.110383618099304,7.110383618099304,6.795601010006366,6.980767250061035,617300,-0.013176373347159388
1999-08-19,6.814117103494624,6.943733461441532,6.740050613239247,6.88818359375,357300,-0.013351411030466038
1999-08-20,6.888186660766602,6.962253184000652,6.851153399149577,6.943736553192139,527400,0.008032616954838721
1999-08-23,6.9992841271793145,7.054834001204547,6.851151129778694,6.925217628479004,371000,-0.0026705597951792604
1999-08-24,6.962255943478562,7.054839134216309,6.814122838298167,7.054839134216309,400100,0.018544305299791126
1999-08-25,7.036318431297937,7.1659348234534255,7.017801803847154,7.110384941101074,225400,0.007842599776873746
1999-08-26,7.091870142863346,7.258519832904522,7.091870142863346,7.221486568450928,305800,0.015504444466984233
1999-08-27,7.110386775090143,7.240003200677725,7.110386775090143,7.221486568450928,171300,0.0
1999-08-30,7.202968524439669,7.258518410232263,6.999285609866824,7.0178022384643555,137600,-0.028610730041611857
1999-08-31,6.980773897071159,7.0918737468919195,6.906707330523985,7.073357105255127,172100,0.007885107715928957
1999-09-01,7.03632249606876,7.110389048658957,7.01780585792121,7.054839134216309,106700,-0.0026214219181751207
1999-09-02,7.017805388633241,7.036322025542564,6.888188930267984,6.962255477905273,249600,-0.013210298607847636
1999-09-03,6.962253184000652,7.017803076426189,6.925219922383627,6.943736553192139,301400,-0.0026634468967640474
1999-09-07,6.935396411082091,6.9922439226483375,6.802752217427515,6.84065055847168,2823300,-0.014957199870564706
1999-09-08,6.8217045350991246,6.8217045350991246,6.783806176570796,6.802755355834961,139900,-0.00555510850092503
1999-09-09,6.764857440852047,6.802755801865224,6.670111538319105,6.745908260345459,1207500,-0.00839159207013212
1999-09-10,6.783806324005127,6.821704683357111,6.745907964653143,6.783806324005127,112500,0.005602211715829211
1999-09-13,6.783804801377384,6.821703152223067,6.632211397994649,6.670109748840332,180200,-0.016902035252984296
1999-09-14,6.651158261634934,6.726954936981201,6.594310755125234,6.726954936981201,179600,0.008486266301443435
1999-09-15,6.689060507336913,6.764857226966793,6.6511621475219735,6.651162147521973,158400,-0.011330981767565253
1999-09-16,6.6701116261304625,6.708009987642567,6.556416541594148,6.613264083862305,131500,-0.005714256481425618
1999-09-17,6.575365427892093,6.6511621475219735,6.537467068077153,6.651162147521973,140800,0.005714256481425482
1999-09-20,6.65116057341749,6.670109748840333,6.594313047148965,6.670109748840332,136200,0.002844715466121857
1999-09-21,6.613264174489251,6.613264174489251,6.442721545347694,6.48061990737915,256400,-0.028820143383554802
1999-09-22,6.518518269410608,6.518518269410608,6.442721545347694,6.48061990737915,374900,0.0
1999-09-23,6.442721003577823,6.442721003577823,6.366924285888672,6.366924285888672,415800,-0.017699661189624176
1999-09-24,6.42377149097955,6.42377149097955,6.215330528145405,6.34797477722168,168200,-0.002980680004237973
1999-09-27,6.291128362321713,6.480620180463933,6.291128362321713,6.385874271392822,152100,0.005952576622300076
1999-09-28,6.385873430842036,6.385873430842036,6.17743245832197,6.310076713562012,133400,-0.011940571998505851
1999-09-29,6.366924883371376,6.385874064571887,6.272178977368826,6.291128158569336,105200,-0.003007421824622421
1999-09-30,6.291128097221866,6.48061990737915,6.253229735190409,6.48061990737915,562100,0.029675758394690537
1999-10-01,6.48062005700254,6.518518419908988,6.253229879563855,6.461670875549316,269900,-0.0029282366912680305
1999-10-04,6.499564910942399,6.7838024434909014,6.461666573269266,6.726954936981201,301600,0.040234646376266295
1999-10-05,6.708009354727609,6.726958533695766,6.556415922982352,6.6322126388549805,227600,-0.014184100320082271
1999-10-06,6.556416838588221,6.594315201817054,6.49956929374497,6.575366020202637,217800,-0.008608234886246242
1999-10-07,6.613264174489251,6.613264174489251,6.48061990737915,6.48061990737915,127200,-0.014514074478669644
1999-10-08,6.4995705205041014,7.219639557761115,6.480621335313128,7.0111985206604,567000,0.07869248891474365
1999-10-11,6.954347711620909,6.992246064272794,6.859601829991196,6.878551006317139,349100,-0.019100639205334516
1999-10-12,6.859603042709095,6.859603042709095,6.7648571443291345,6.783806324005127,138600,-0.013869671072869906
1999-10-13,6.78380715385985,6.916451427818003,6.745908789871805,6.8596038818359375,199600,0.011111347753838964
1999-10-14,6.821700834458874,7.04909086227417,6.821700834458874,7.04909086227417,231900,0.027248955904895053
1999-10-15,6.992247300441038,7.011196480117031,6.783806324005127,6.783806324005127,91000,-0.038360303658734066
1999-10-18,6.8217043136056175,6.954348564147949,6.802755134956713,6.954348564147949,129600,0.024828807451655024
1999-10-19,6.954349189508156,7.03014591091969,6.91645082880239,6.935400009155273,136900,-0.0027284247295866217
1999-10-20,6.916450431419946,6.916450431419946,6.745907818042468,6.802755355834961,110200,-0.019311002367765326
1999-10-21,6.821704683357111,6.821704683357111,6.670111245949175,6.783806324005127,94200,-0.0027893803543030064
1999-10-22,6.783806566332207,6.973298369861039,6.689060664567791,6.935400009155273,122600,0.022100382722068497
1999-10-25,6.878548341412698,7.04909086227417,6.821700834458874,7.04909086227417,106400,0.016259920936665635
1999-10-26,7.086991161189668,7.086991161189668,6.85960107045631,6.916448593139648,71000,-0.01899622399402771
1999-10-27,6.82170666875066,7.011198520660401,6.82170666875066,7.0111985206604,171800,0.01360623061349804
1999-10-28,7.030142307281494,7.105938989839785,6.9922439660023485,7.030142307281494,65500,0.0026982890518781034
1999-10-29,7.011196283790154,7.068043821226291,6.954348746354018,6.992247104644775,261900,-0.005404969692163697
1999-11-01,7.030143207829932,7.030143207829932,6.859600650227589,6.97329568862915,95800,-0.002714026648168399
1999-11-02,6.97329568862915,7.049092380896859,6.897498996361443,6.97329568862915,277300,0.0
1999-11-03,6.91645058173707,6.973298120765047,6.7648571443291345,6.783806324005127,97100,-0.027549602989750416
1999-11-04,6.821701546904048,6.859599888831293,6.651159008231447,6.689057350158691,160600,-0.014065389243065145
1999-11-05,6.670111327429443,6.764857226966793,6.632212967614503,6.651162147521973,159000,-0.005681361476040966
1999-11-08,6.670111327429443,6.670111327429443,6.575365427892093,6.651162147521973,105600,0.0
1999-11-09,6.689061109889138,6.708010291503555,6.518518475359387,6.575366020202637,123400,-0.011461353438763318
1999-11-10,6.537468259605652,6.556417442966827,6.404823976077421,6.499569892883301,105400,-0.01159424059968751
1999-11-11,6.518516727954665,6.55641508102417,6.4048216687461546,6.55641508102417,88600,0.008707967642745191
1999-11-12,6.537467151187187,6.613263871780662,6.423772070296975,6.518517971038818,76300,-0.0057969269838819264
1999-11-15,6.499569824355805,6.499569824355805,6.310077992741933,6.32902717590332,267700,-0.02950050539149217
1999-11-16,6.291127917207318,6.291127917207318,6.025839390578094,6.1395344734191895,1099200,-0.030397619030662647
1999-11-17,6.1774326525859955,6.1963818325019036,5.987940853426916,6.101635932922363,407900,-0.00619199967442136
1999-11-18,6.082684800916331,6.158481496254852,6.025837279412441,6.04478645324707,233900,-0.009360763685252859
1999-11-19,6.025838101294733,6.0447872777138985,5.85529551352224,5.874244689941406,296300,-0.028618668912617346
1999-11-22,5.987939117039131,6.006888291460141,5.893193244934082,5.893193244934082,341100,0.0032205092518698716
1999-11-23,5.912141687729779,5.931090859805836,5.722649966969209,5.7984466552734375,280400,-0.016207933976469996
1999-11-24,5.741603236245022,5.855298349834032,5.741603236245022,5.817399978637695,239400,0.0032633592336228767
1999-11-26,5.874243343577665,5.874243343577665,5.760548311121323,5.7984466552734375,88800,-0.0032633592336229525
1999-11-29,5.7415982747482035,5.7415982747482035,5.590004920959473,5.590004920959473,717600,-0.036609896145035715
1999-11-30,5.627904134450549,5.798446683979353,5.590005790110815,5.665802478790283,372900,0.013468372533962951
1999-12-01,5.741601886171283,5.741601886171283,5.6089576181739265,5.627906799316406,153900,-0.006710961078637221
1999-12-02,5.627905700030744,5.722651587236648,5.627905700030744,5.646854877471924,175300,0.0033611523750617356
1999-12-03,5.684752603179043,5.931091882650135,5.665803427835113,5.855295181274414,862700,0.036247679714664874
1999-12-06,5.836349164235864,5.836349164235864,5.722654050646854,5.817399978637695,2664100,-0.006492988166393753
1999-12-07,5.886789763054881,5.9062824443894995,5.6918629497086926,5.73084831237793,567300,-0.014989855555923862
1999-12-08,5.691865219010247,5.7113579081164465,5.516431017054452,5.613894462585449,567900,-0.020618888510581163
1999-12-09,5.555414180366361,5.73084831237793,5.535921499031742,5.73084831237793,4681200,0.020618888510581183
1999-12-10,5.672372529904048,5.672372529904048,5.438460260629654,5.613894462585449,255700,-0.020618888510581163
1999-12-13,5.555415999504828,5.555415999504828,5.36048912232922,5.438459873199463,275100,-0.0317487695535314
1999-12-14,5.438459690580977,5.4969377517700195,5.379981629391934,5.4969377517700195,212500,0.010695255537666083
1999-12-15,5.438458634094452,5.555414733752398,5.418965950818128,5.535922050476074,371000,0.007066972960987771
1999-12-16,5.613893874148106,5.613893874148106,5.4969377517700195,5.4969377517700195,230000,-0.007066972960987702
1999-12-17,5.477442264556885,5.496934941654953,5.418964233262684,5.477442264556885,306900,-0.0035529128191409344
1999-12-20,5.457949845687203,5.477442523707515,5.340993777565334,5.379979133605957,742900,-0.017953756304253502
1999-12-21,5.360487656933921,5.457951068878173,5.34099497454507,5.457951068878174,437000,0.01438896156387576
1999-12-22,5.379980198658296,5.4384582442958855,5.340994834899902,5.340994834899902,258300,-0.02166152292708862
1999-12-23,5.36048918319263,5.457952622887042,5.36048918319263,5.418967247009277,229900,0.014493318172290473
1999-12-27,5.3604864555856455,5.457949845687203,5.3604864555856455,5.379979133605957,256300,-0.007220756809077593
1999-12-28,5.360490039867513,5.379982730921577,5.243533893543131,5.302011966705322,285100,-0.014598130772756806
1999-12-29,5.360487516779099,5.399472880537492,5.302009471141509,5.340994834899902,370600,0.007325569409544079
1999-12-30,5.282516789262312,5.340994834899902,5.243531425503918,5.340994834899902,424000,0.0
1999-12-31,5.340996450163781,5.340996450163781,5.24353301129218,5.28251838684082,484000,-0.011008983080884462
2000-01-03,5.185055382323988,5.243533450545686,5.0291138670661235,5.1460700035095215,419600,-0.02616963396286446
2000-01-04,5.165563066363771,5.340997283711975,5.0680996122814355,5.321504592895508,623100,0.03352276433415617
2000-01-05,5.3020092369372005,5.594399452209473,5.3020092369372005,5.594399452209473,310400,0.05000991790839815
2000-01-06,5.594399562634919,5.594399562634919,5.496936155620374,5.555414199829102,283700,-0.006993015752400455
2000-01-07,5.574908500022077,5.594401187085091,5.399474316454949,5.4969377517700195,225100,-0.010581818959797974
2000-01-10,5.496939032516756,5.574909798935432,5.3020121164700615,5.399475574493408,373200,-0.01788933175803551
2000-01-11,5.477445248634585,5.477445248634585,5.321503746894098,5.438459873199463,202200,0.007194076220369357
2000-01-12,5.379982882888739,5.399475574493409,5.321504808074732,5.399475574493408,222800,-0.007194076220369419
2000-01-13,5.379980198658296,5.4384582442958855,5.263024107383115,5.340994834899902,258700,-0.010889898728571832
2000-01-14,5.282517789444833,5.282517789444833,5.068098248175855,5.165561676025391,253700,-0.03339809106360892
2000-01-18,5.165561182489655,5.165561182489655,4.990127029122082,5.00961971282959,278000,-0.030653836634486446
2000-01-19,5.009620935169619,5.282518573661349,4.990128246705924,5.224040508270264,221800,0.041911139614173726
2000-01-20,5.185056478922604,5.2045491724523885,5.0875930112736825,5.107085704803467,160700,-0.022642216852898397
2000-01-21,5.126577660553437,5.204548423451588,5.068099588379824,5.185055732727051,214100,0.015151661107877246
2000-01-24,5.1460689904554835,5.399473902864276,5.1460689904554835,5.165561676025391,197900,-0.003766747234666147
2000-01-25,5.165563082510186,5.20454846426498,4.990128864613614,5.029114246368408,267200,-0.02676996878354562
2000-01-26,4.990128248565051,5.048606313977922,4.7757086753845215,4.7757086753845215,657500,-0.051701497830335806
2000-01-27,4.7952003591642605,4.990127203032726,4.7952003591642605,4.951141834259033,262900,0.036075846953656523
2000-01-28,4.990127203032726,5.029112571806419,4.834185727937953,4.951141834259033,195200,0.0
2000-01-31,4.9901299476623535,5.00962264277041,4.951144557446241,4.9901299476623535,140400,0.007843727472831288
2000-02-01,4.970634816640831,4.990127502196285,4.834186017752651,4.8536787033081055,138500,-0.027725038075573385
2000-02-02,4.8341858424837625,4.931649266727387,4.8341858424837625,4.912156581878662,109700,0.011976154790582495
2000-02-03,5.00962151620621,5.36048994924789,5.00962151620621,5.185055732727051,463200,0.054067522707050494
2000-02-04,5.224040761138454,5.2630261399529195,4.990128488251657,5.1460700035095215,190000,-0.007547273214806039
2000-02-07,5.146070351277975,5.263026495625201,5.146070351277975,5.185055732727051,239000,0.007547273214806025
2000-02-08,5.165559665094154,5.243530377020104,5.165559665094154,5.204545021057129,234000,0.0037516958835297435
2000-02-09,5.165563042002513,5.185055732727051,5.0486068976552865,5.185055732727051,205800,-0.003751695883529633
2000-02-10,5.126578813418746,5.126578813418746,4.9901299476623535,4.9901299476623535,259300,-0.038318639422059604
2000-02-11,5.00962264277041,5.068100728094578,4.9706372525542974,4.9901299476623535,171000,0.0
2000-02-14,5.048605315770086,5.048605315770086,4.9121565234519755,4.931649208068848,247800,-0.011788493963198666
2000-02-15,4.873171212181212,4.970634636424837,4.873171212181212,4.912156581878662,208600,-0.003960389321792099
2000-02-16,4.931649266727387,4.951141951576112,4.892663897029937,4.912156581878662,161700,0.0
2000-02-17,4.8926638388351025,4.970634577302594,4.873171154218229,4.931649208068848,180900,0.003960389321792014
2000-02-18,4.9121565234519755,4.931649208068848,4.873171154218229,4.931649208068848,130900,0.0
2000-02-22,4.9706372525542974,5.029115337878466,4.931651862338185,4.9901299476623535,215900,0.01178849396319875
2000-02-23,4.970634577302594,4.990127261919467,4.9121565234519755,4.931649208068848,120500,-0.011788493963198666
2000-02-24,4.951142131085376,4.970634816640831,4.834186017752651,4.8536787033081055,165800,-0.015936544112374666
2000-02-25,4.873173371438057,4.89266606492381,4.795202597495048,4.834187984466553,175500,-0.004023743465256424
2000-02-28,4.873171154218229,4.931649208068848,4.834185784984483,4.931649208068848,112300,0.01996028757763123
2000-02-29,4.931649078724355,4.990127131041245,4.795200289984946,4.814692974090576,195900,-0.024001178326974997
2000-03-01,4.853680677952305,4.89266606492381,4.795202597495048,4.834187984466553,301100,0.0040408907493438015
2000-03-02,4.853680688916272,5.107085704803467,4.853680688916272,5.107085704803467,396700,0.054915759855012174
2000-03-03,5.185055382323988,5.185055382323988,5.107084624695055,5.1460700035095215,158000,0.007604387893071275
2000-03-06,5.224041155142377,5.224041155142377,4.775709264962248,5.029114246368408,1251100,-0.02298944280340573
2000-03-07,5.201697915347654,5.403314113616943,5.08072819638608,5.403314113616943,798800,0.07176861561819556
2000-03-08,5.403312238057454,5.5646051406860355,5.322665786743164,5.4436354637146,7778100,0.007434631374658259
2000-03-09,5.524283388081718,5.524283388081718,5.42347529705833,5.483960151672363,1269300,0.0073803739481401644
2000-03-10,5.483958783357039,5.6654133019240005,5.463797170182932,5.564605236053467,294100,0.014598549908855596
2000-03-13,5.483958279129363,5.544443113090348,5.463796667809033,5.5242815017700195,205900,-0.007272851275011598
2000-03-14,5.463797076543172,5.5646051406860355,5.423473850886027,5.4436354637146,130900,-0.014706072581984343
2000-03-15,5.423474861491811,5.544444561004639,5.423474861491811,5.544444561004639,217000,0.018349325007379978
2000-03-16,5.52428345028445,5.645253160874621,5.48396021342106,5.6049299240112305,603800,0.010850107595273176
2000-03-17,5.56460617759011,5.584767794175582,5.4033132449063395,5.544444561004639,276500,-0.010850107595273321
2000-03-20,5.5242833986387145,5.584768253368336,5.4637985439090935,5.504121780395508,99900,-0.0072992202592609716
2000-03-21,5.423473850886027,5.483958689371745,5.403312238057454,5.4436354637146,89500,-0.011050104748119027
2000-03-22,5.38315243939407,5.423475678640468,5.262182721654878,5.282344341278076,245300,-0.030077118229267445
2000-03-23,5.28234626103511,5.423477649688721,5.262184634084595,5.423477649688721,170500,0.026367239269659844
2000-03-24,5.403314113616943,5.443637353270801,5.28234439465537,5.403314113616943,120800,-0.0037247524150506098
2000-03-27,5.483962530540268,5.483962530540268,5.28234626103511,5.423477649688721,154200,0.003724752415050705
2000-03-28,5.3629913330078125,5.3629913330078125,5.242021603691847,5.3629913330078125,131100,-0.011215338549300864
2000-03-29,5.6452535515400895,5.907354609290166,5.362990873963085,5.403314113616943,591100,0.0074905861342501176
2000-03-30,5.443637200764247,5.463798820026336,4.979919957736182,5.080728054046631,652300,-0.06155792101499463
2000-03-31,5.080726638613011,5.14121147954888,5.020241797677142,5.100888252258301,720500,0.003960122627319438
2000-04-03,5.000081459681192,5.02024307847023,4.778303653001785,4.8387885093688965,622300,-0.052750310259784744
2000-04-04,5.080726530493759,5.080726530493759,4.737979105817593,4.959756851196289,580100,0.0246923361843537
2000-04-05,4.798463945466328,5.020241690845024,4.778302332250083,4.959756851196289,272000,0.0
2000-04-06,4.93959661341307,4.93959661341307,4.818626900431526,4.858950138092041,152800,-0.020534323991193298
2000-04-07,4.879112702533291,4.919435948008773,4.778304588844587,4.818627834320068,234300,-0.008333187751142349
2000-04-10,4.818626900431526,4.919434994582813,4.798465281601269,4.858950138092041,173900,0.008333187751142359
2000-04-11,4.879110398331308,4.979918464412534,4.879110398331308,4.959756851196289,202900,0.020534323991193332
2000-04-12,4.9799171123504635,5.262179620742797,4.9799171123504635,5.040401935577393,294900,0.016129110426993908
2000-04-13,5.060563564300537,5.1412099956041315,5.060563564300537,5.060563564300537,218800,0.0039920254154857514
2000-04-14,5.060567820367734,5.060567820367734,4.838789947761977,4.87911319732666,282700,-0.03651437194912209
2000-04-17,4.778303765115283,5.1412129118329,4.758142145853194,5.080728054046631,285200,0.04049108755475398
2000-04-18,5.080726668413948,5.14121150970459,4.959756985832663,5.14121150970459,338000,0.01183418492371256
2000-04-19,5.080726668413948,5.201696350995232,5.0605650546504,5.14121150970459,603200,0.0
2000-04-20,5.10089016711618,5.141213409543976,5.080728545902282,5.121051788330078,271700,-0.00392890860849967
2000-04-24,5.080728025321501,5.100889644469602,4.9597583104328935,5.020243167877197,299300,-0.019881473015671457
2000-04-25,5.040401935577393,5.060563543319702,4.9799171123504635,5.040401935577393,294800,0.004007455679340918
2000-04-26,5.0202432330697775,5.181536188349128,5.0202432330697775,5.161374568939209,318300,0.023717105321454445
2000-04-27,5.100886779952335,5.121048387778234,5.040401956474639,5.060563564300537,147300,-0.019725079905968772
2000-04-28,5.080728054046631,5.080728054046631,4.979919957736182,5.080728054046631,302200,0.0039767156056317345
2000-05-01,5.060566924688384,5.141213409543976,5.040405303474486,5.121051788330078,462700,0.007905276315212992
2000-05-02,5.14120997428894,5.14120997428894,4.939593896865844,5.040401935577393,296600,-0.015874017336330443
2000-05-03,5.040401893277322,5.040401893277322,4.979917070557994,5.0000786781311035,283100,-0.00803218008946611
2000-05-04,5.0000786781311035,5.0202402857042125,5.0000786781311035,5.0000786781311035,164500,0.0
2000-05-05,5.000081459681192,5.040404697259267,4.8387885093688965,4.8387885093688965,258100,-0.032789266521881445
2000-05-08,4.838785817546229,5.0202402857042125,4.7984626024000105,5.0000786781311035,766900,0.03278926652188147
2000-05-09,5.000081548729096,5.080728025321501,5.000081548729096,5.020243167877197,602300,0.0040247244101252145
2000-05-10,5.040404852479696,5.2016978077590466,5.0202432330697775,5.161374568939209,647700,0.027724561000795487
2000-05-11,5.161375539183156,5.262183655182827,5.141213915983222,5.221860408782959,444400,0.011650805201654053
2000-05-12,5.161373123468137,5.181534737231685,5.080726668413948,5.14121150970459,262500,-0.015564984578278408
2000-05-15,5.100888282177495,5.2218579647587795,5.040403440886853,5.14121150970459,293300,0.0
2000-05-16,5.161375030757874,5.181536651971772,5.121051788330078,5.121051788330078,287000,-0.00392890860849967
2000-05-17,5.100886758804321,5.16137158203125,5.040401935577393,5.040401935577393,409200,-0.015874017336330443
2000-05-18,5.282340892094119,5.443633743761115,5.100886433968749,5.181532859802246,1059000,0.02761510335079445
2000-05-19,5.161375030757874,5.161375030757874,4.939597197404996,5.121051788330078,752500,-0.011741086014463916
2000-05-22,5.121048387778234,5.121048387778234,4.979917132996944,5.060563564300537,433200,-0.011881991920844687
2000-05-23,5.100886779952335,5.100886779952335,5.0000787408228415,5.060563564300537,329000,0.0
2000-05-24,4.899272011547553,5.161372983358739,4.899272011547553,4.959756851196289,271100,-0.0201211358424796
2000-05-25,5.0000786781311035,5.040401893277322,4.959755462984885,5.0000786781311035,279900,0.008096930337527685
2000-05-26,5.000080077628779,5.020241690845024,4.959756851196289,4.959756851196289,152000,-0.008096930337527742
2000-05-30,5.000081548729096,5.040404787025298,4.9597583104328935,5.020243167877197,272100,0.012121654747652989
2000-05-31,5.000078720092773,5.060563543319702,5.000078720092773,5.040401935577393,191900,0.004007455679340918
2000-06-01,5.000081576998271,5.10088967330872,5.000081576998271,5.080728054046631,729800,0.007968741021117599
2000-06-02,5.14121150970459,5.242019578522327,5.14121150970459,5.14121150970459,614300,0.01183418492371256
2000-06-05,5.16137158203125,5.16137158203125,5.020240327835083,5.040401935577393,713900,-0.019802925944830078
2000-06-06,5.080728091299534,5.181536188349128,5.0202432330697775,5.161374568939209,1415300,0.023717105321454445
2000-06-07,5.177809665877505,5.259997120891434,5.095622210863577,5.157262802124023,879000,-0.0007969593047909453
2000-06-08,5.116168925839086,5.136715788995066,5.0750751995271255,5.0956220626831055,297200,-0.01202422204675846
2000-06-09,5.095622307698246,5.239450356705858,5.075075443554302,5.198356628417969,4662700,0.01996079064599704
2000-06-12,5.177811496229057,5.198358367245839,5.075077141145147,5.116170883178711,447200,-0.01593625776718185
2000-06-13,5.116169171842191,5.239450356705858,5.116169171842191,5.198356628417969,250600,0.015936257767181928
2000-06-14,5.342188144293357,5.3627350217714085,5.218906879425049,5.218906879425049,437600,0.003945427251481152
2000-06-15,5.218905057758093,5.2805456686764956,5.218905057758093,5.259998798370361,311800,0.007842828409526034
2000-06-16,5.239450877363031,5.444919539220405,5.239450877363031,5.424372673034668,520800,0.030771458130263295
2000-06-19,5.486012639670537,5.506559503489528,5.342184592937601,5.362731456756592,366500,-0.011428811011346346
2000-06-20,5.362732974295381,5.424373583195328,5.32163923502875,5.403826713562012,367100,0.007633907833733462
2000-06-21,5.4449192057834574,5.506559800565912,5.424372340855973,5.486012935638428,301900,0.015094397193367312
2000-06-22,5.44492137341099,5.506561992732624,5.3832807540893555,5.3832807540893555,554100,-0.018903756538277715
2000-06-23,5.383279843928697,5.465467322461959,5.362732974295381,5.403826713562012,460000,0.0038093593449104973
2000-06-26,5.424374736956696,5.527109106974815,5.424374736956696,5.506562232971191,333200,0.018833161032536197
2000-06-27,5.547654800995222,5.547654800995222,5.383279843928697,5.403826713562012,426100,-0.018833161032536235
2000-06-28,5.444917842369217,5.6914801597595215,5.444917842369217,5.6914801597595215,650400,0.05186299457923621
2000-06-29,5.691482720425968,5.794217065560011,5.691482720425968,5.773670196533203,713600,0.014337613058521442
2000-06-30,5.7942154099864345,5.855855999454375,5.090485346894111,5.0956220626831055,1576600,-0.12492620889741246
2000-07-03,5.301091289520264,5.4449193477630615,5.301091289520264,5.342185020446777,669400,0.047252997143912435
2000-07-05,5.342186104662065,5.444920452828644,5.32163923502875,5.403826713562012,544900,0.01147260411574238
2000-07-06,5.362731746073519,5.486012935638428,5.362731746073519,5.486012935638428,320700,0.015094397193367312
2000-07-07,5.465468484963943,5.588749728985687,5.465468484963943,5.506562232971191,211200,0.0037387638391689526
2000-07-10,5.506561447592342,5.629842674030977,5.465467705446131,5.588748931884766,236800,0.014814943159147873
2000-07-11,5.58874836674443,5.58874836674443,5.465467152772127,5.547654628753662,274600,-0.007380208418709064
2000-07-12,5.609295802957871,5.670936416177189,5.56820206081166,5.588748931884766,193100,0.007380208418708995
2000-07-13,5.568202102577294,5.691483329940628,5.547655231350071,5.609295845031738,389400,0.003669736389701874
2000-07-14,5.58874649667212,5.609293358792238,5.547652772431884,5.568199634552002,157900,-0.007353417540937611
2000-07-17,5.547654628753662,5.58874836674443,5.506560890762894,5.547654628753662,758600,-0.003696527267473469
2000-07-18,5.547653917996389,5.547653917996389,5.362732120729842,5.444919586181641,938600,-0.01869226113067592
2000-07-19,5.44492305876154,5.527110576629639,5.424376179294516,5.527110576629639,137800,0.014982191380552979
2000-07-20,5.5271077597582785,5.568201497749047,5.48601402176751,5.547654628753662,186600,0.003710069750122985
2000-07-21,5.527106665493397,5.547653530420882,5.424372340855973,5.486012935638428,123100,-0.011173498579607921
2000-07-24,5.465469938228565,5.547657456096664,5.465469938228565,5.527110576629639,201500,0.007463428829485025
2000-07-25,5.486012186071529,5.568199634552002,5.4654653239514115,5.568199634552002,190000,0.0074065970175963385
2000-07-26,5.506563697162615,5.547657456096664,5.48601681769559,5.527110576629639,141100,-0.007406597017596369
2000-07-27,5.486015358967567,5.547655980978439,5.486015358967567,5.506562232971191,212500,-0.0037246649903159615
2000-07-28,5.506563114940672,5.527109992235227,5.444922483057008,5.4654693603515625,83500,-0.0074905115621836365
2000-07-31,5.362731541569525,5.38327840571347,5.054528579410357,5.198356628417969,1015400,-0.05010746008401041
2000-08-01,5.19835696220398,5.342185020446777,5.19835696220398,5.342185020446777,292900,0.027292206497915236
2000-08-02,5.342183428515719,5.342183428515719,5.239449131813494,5.280542850494385,197900,-0.011605844112850023
2000-08-03,5.259997344039085,5.588747178041527,5.239450479413932,5.55279016494751,325700,0.050271628826759805
2000-08-04,5.5682000949465,5.5682000949465,5.32163772911861,5.362731456756592,1012700,-0.03482708843190074
2000-08-07,5.4038267037852945,5.588748530150571,5.383279834189153,5.511697769165039,435100,0.027399255357555597
2000-08-08,5.424373963299919,5.609295802957871,5.424373963299919,5.588748931884766,236400,0.013882756667861979
2000-08-09,5.650389490398109,5.814764457391509,5.629842619523934,5.794217586517334,464100,0.036104994960310645
2000-08-10,5.814766757593465,6.205157458633309,5.814766757593465,6.169200420379639,824900,0.06270878560145936
2000-08-11,6.10241767813597,6.2256988433508385,6.081870817266825,6.184605121612549,252500,0.0024939212722524216
2000-08-14,6.246249516805013,6.328437010447184,6.164062023162842,6.164062023162842,273000,-0.003327179712608489
2000-08-15,6.184608734942771,6.184608734942771,6.061327497701387,6.081874370574951,485700,-0.013423046466471626
2000-08-16,6.102420242762162,6.102420242762162,6.040779634249413,6.061326503753662,171300,-0.0033842619661086757
2000-08-17,6.04077715434312,6.061324015412314,5.9585897100663425,6.020230293273926,147900,-0.00680315785035845
2000-08-18,5.958592156232414,6.081873373257912,5.958592156232414,6.061326503753662,131800,0.0068031578503585126
2000-08-21,6.081874924218095,6.1435155484500354,6.061328049474115,6.122968673706055,183200,0.010118385179112394
2000-08-22,6.143514156341553,6.1846078965177504,6.122967286253454,6.143514156341553,90600,0.003349860287232538
2000-08-23,6.143512629499339,6.143512629499339,6.061325169572926,6.102418899536133,105400,-0.006711683117145274
2000-08-24,6.4311699867248535,6.533904331560715,6.39007624879051,6.4311699867248535,1941900,0.05247124571198606
2000-08-25,6.431172705776869,6.4517195834311085,6.348985195159912,6.348985195159912,376200,-0.012861490849751604
2000-08-28,6.369526967024192,6.431167550576038,6.328433244656294,6.41062068939209,404100,0.009661109315646607
2000-08-29,6.410622823878873,6.410622823878873,6.307888483752608,6.405486106872559,4481600,-0.0008012702883753159
2000-08-30,6.369533189542734,6.492814477082271,6.369533189542734,6.451720714569092,647900,0.007192045306709686
2000-08-31,6.410624349117279,6.616093078255654,6.369530603289604,6.5749993324279785,752900,0.018927603850480323
2000-09-01,6.574999731291765,6.595546605452052,6.513359108810905,6.533905982971191,282600,-0.006269552349897295
2000-09-05,6.533904209315219,6.6160916836462285,6.451716734984211,6.595544815063477,1755500,0.009389468895640409
2000-09-06,6.633090925512846,6.716526031494141,6.580943984274538,6.716526031494141,534400,0.018176668188588752
2000-09-07,6.674809441016842,6.69566822052002,6.633091882010487,6.6956682205200195,455200,-0.0031102782135091402
2000-09-08,6.653948245157722,6.831247806549072,6.653948245157722,6.831247806549072,2184700,0.020046568799168475
2000-09-11,6.77910034880981,7.071123133066233,6.695665267593689,7.03462028503418,223800,0.029336362138175677
2000-09-12,6.987690385650186,7.1128430492737715,6.987690385650186,7.091984272003174,250600,0.008121456509730436
2000-09-13,7.05026939819599,7.279716035415386,7.05026939819599,7.258857250213623,457400,0.023257242395769064
2000-09-14,7.217133047968842,7.237991814003434,7.133697983830474,7.175415515899658,452700,-0.011561741303105761
2000-09-15,7.154559533876033,7.32664442062378,7.133700759724791,7.326644420623779,499200,0.020856952398652824
2000-09-18,7.279709346072618,7.279709346072618,7.091980451761289,7.175415515899658,282300,-0.020856952398652723
2000-09-19,7.133699951057662,7.175417494631099,6.925112233190479,6.966829776763916,214800,-0.029500388631320526
2000-09-20,6.966833554563069,7.008551120758057,6.799963289783115,7.008551120758057,309400,0.005970709241481942
2000-09-21,7.029407044311068,7.029407044311068,6.9042543966378735,6.98768949508667,289900,-0.002981034935451274
2000-09-22,6.904255276567796,7.091984272003174,6.862537722026601,7.091984272003174,302100,0.014815213232626776
2000-09-25,7.0502658189232665,7.0502658189232665,6.945971945862271,6.98768949508667,216300,-0.014815213232626679
2000-09-26,6.945971945862271,7.091983368147664,6.925113171250072,6.98768949508667,224100,0.0
2000-09-27,7.008548269698869,7.071124593535465,6.925113171250072,6.98768949508667,339400,0.0
2000-09-28,6.987688992855817,7.050265312194824,6.925112673516809,7.050265312194824,501700,0.008915291784284794
2000-09-29,7.050268036880217,7.2797146297964375,7.029409255706016,7.222352981567383,237700,0.024115548484108726
2000-10-02,7.154561070752633,7.175419849384565,6.9668320630652465,7.1128435134887695,322300,-0.01527870209812051
2000-10-03,7.133703819343022,7.133703819343022,6.966833554563069,7.008551120758057,356100,-0.014771103234821689
2000-10-04,6.9459686279296875,6.9876861572265625,6.8416748046875,6.8625335693359375,458100,-0.021054293672482127
2000-10-05,6.820822182568636,7.071127583763816,6.820822182568636,6.883398532867432,356000,0.0030358042511538594
2000-10-06,6.883398422173092,7.1128450362455276,6.841680855978103,7.008551120758057,529200,0.01801848942132834
2000-10-09,6.966830750545824,7.029407074652522,6.904254426439125,6.925113201141357,323900,-0.01197659352766876
2000-10-10,6.96683169700004,7.050266807143752,6.904255364392255,6.945972919464111,528900,0.0030076569154185535
2000-10-11,6.92511598836808,7.0919862531480335,6.904257205270586,7.008551120758057,367600,0.008968936612250199
2000-10-12,6.966831118042706,7.133701324462891,6.945972342240183,7.133701324462891,572400,0.017699227367952833
2000-10-13,7.133704539003043,7.342292391020676,7.11284575380128,7.258857250213623,535800,0.01739219332499155
2000-10-16,7.23799275125776,7.36314536367144,7.196275213786534,7.3005690574646,530100,0.005729885297881707
2000-10-17,7.3214263916015625,7.4048614501953125,7.2797088623046875,7.4048614501953125,472300,0.014184439046735869
2000-10-18,7.321427826200213,7.3840041324070524,7.258851519993374,7.3005690574646,322800,-0.014184439046735749
2000-10-19,7.300570004346364,7.3214287757873535,7.0919822899364675,7.3214287757873535,500500,0.002853198682118201
2000-10-20,7.279709335077892,7.342285633087158,7.258850569074804,7.342285633087158,212600,0.0028446914312683356
2000-10-23,7.321430173970885,7.384006500244141,7.300571398546467,7.384006500244141,340100,0.0056661892080260385
2000-10-24,7.321432081227937,7.404867204660734,7.23799695779514,7.363149642944336,151100,-0.0028285956971663907
2000-10-25,7.321426878141802,7.3422856441763935,7.112839217795882,7.175415515899658,159700,-0.025827110225233606
2000-10-26,7.175419381085565,7.175419381085565,6.987690385650186,7.091984272003174,104000,-0.011695501092663244
2000-10-27,7.050262919692106,7.19627428193425,7.029404153657514,7.175415515899658,175900,0.011695501092663126
2000-10-30,7.112843485684854,7.175419821336041,7.091984707134459,7.1545610427856445,517100,-0.0029106101815671945
2000-10-31,7.154560100265414,7.175418876067937,7.008548669647752,7.133701324462891,341300,-0.0029198418403186856
2000-11-01,7.133699866388574,7.217134952545165,7.133699866388574,7.217134952545166,632300,0.01162783360270081
2000-11-02,7.217137406648429,7.217137406648429,7.00854962032911,7.1128435134887695,161000,-0.014555957735831912
2000-11-03,7.112841179270943,7.112841179270943,6.966829776763916,6.966829776763916,115400,-0.020741812476303613
2000-11-06,6.925114091143056,7.1754194197385885,6.925114091143056,7.029407978057861,234400,0.008942205667678178
2000-11-07,7.029407940191382,7.154560603814967,7.029407940191382,7.091984272003174,193100,0.008862681870979236
2000-11-08,7.050266221252798,7.19627765187046,7.029407445450275,7.133701324462891,163800,0.005865049070777296
2000-11-09,7.634314879655198,7.842902717897144,7.55087974435842,7.7803263664245605,4105900,0.08676806715171417
2000-11-10,7.63431319395701,7.655171973175472,7.404866622553931,7.50916051864624,1640500,-0.03547460899911526
2000-11-13,7.446584766377133,7.509161108951731,7.175420615220543,7.363149642944336,680300,-0.01963589590547938
2000-11-14,7.1128430492737715,7.258854490167955,7.050266717461979,7.091984272003174,750100,-0.03752261131789679
2000-11-15,6.966830219742814,7.112841631533831,6.883395127290805,7.050265312194824,781800,-0.005899921448341764
2000-11-16,6.925112665227029,7.071124076843262,6.925112665227029,7.071124076843262,660500,0.0029542107003706977
2000-11-17,7.029407978057861,7.091984310206744,7.0085492006749,7.029407978057861,356600,-0.005916971123008098
2000-11-20,6.945971438315063,7.071124076843262,6.945971438315063,7.071124076843262,317100,0.0059169711230080664
2000-11-21,7.008547757579162,7.071124076843262,7.008547757579162,7.071124076843262,332000,0.0
2000-11-22,7.029407940191382,7.133701826544369,7.029407940191382,7.091984272003174,575400,0.0029457107479709576
2000-11-24,7.029408371483273,7.154561042785645,6.966832035832086,7.1545610427856445,166800,0.008784890911096018
2000-11-27,7.112843312574236,7.446583761258071,7.112843312574236,7.425724983215332,675100,0.03720025934833875
2000-11-28,7.404863290164782,7.676027297973633,7.404863290164782,7.676027297973633,538900,0.03315181365571817
2000-11-29,7.613450988479283,7.676027297973633,7.592592218647832,7.676027297973633,351500,0.0
2000-11-30,7.6134524254199585,7.67602874672478,7.5925936516516845,7.634311199188232,308600,-0.005449416030480492
2000-12-01,7.571739072722148,7.717750569992273,7.571739072722148,7.696891784667969,347900,0.008163864651899382
2000-12-04,7.676032409667969,7.84290267944336,7.634314842224121,7.8220438957214355,660400,0.016129305109510488
2000-12-05,7.6968911933898925,7.8220438957214355,7.655173625946045,7.8220438957214355,331700,0.0
2000-12-06,7.860072516883666,7.9445894256673615,7.838943289687742,7.88120174407959,898000,0.0075345096899117545
2000-12-07,7.796683984418069,7.944588558648222,7.796683984418069,7.860071659088135,312400,-0.002684674503959592
2000-12-08,7.860074364485379,8.092495918273926,7.860074364485379,8.092495918273926,6415400,0.029141479102425035
2000-12-11,8.050235176585732,8.09249362895626,7.923459819474146,8.071364402770996,592300,-0.00261466346800267
2000-12-12,8.050233065924733,8.113620727861148,8.007974624633789,8.007974624633789,400900,-0.007884665710436478
2000-12-13,7.986849784851073,8.029108249321185,7.944591320380962,7.986849784851074,288900,-0.0026414609532163934
2000-12-14,8.029103845279261,8.050233065924733,7.986845403988317,8.007974624633789,820900,0.0026414609532165287
2000-12-15,8.007979190255714,8.092496121023585,8.007979190255714,8.050237655639648,360000,0.005263740178526537
2000-12-18,8.029105762640635,8.134751891096432,8.007976536949474,8.113622665405273,239400,0.00784284612816225
2000-12-19,8.071366461729392,8.240400314331055,8.071366461729392,8.240400314331055,288900,0.01550446501505063
2000-12-20,8.219272890090943,8.45169448852539,8.092497472763062,8.45169448852539,271900,0.025318027874214177
2000-12-21,8.324917216240605,8.451692605320412,8.050237206567692,8.346046447753906,726300,-0.012579005026697232
2000-12-22,8.28266043867212,8.388306617736816,8.177014259607425,8.388306617736816,245500,0.005050719278449114
2000-12-26,8.346050552596475,8.515084487838935,8.346050552596475,8.47282600402832,312000,0.010025434957661472
2000-12-27,8.515076857703736,8.684110641479492,8.472818411759796,8.684110641479492,187400,0.024630891116510806
2000-12-28,8.641855418103413,8.705243110656738,8.53620926384787,8.705243110656738,285600,0.0024305077556727246
2000-12-29,8.641857447492086,8.74750362655678,8.388306617736816,8.388306617736816,357300,-0.03708683382984496
2001-01-02,8.303782763739525,8.578462600708008,8.282653545511181,8.578462600708008,662200,0.022416046674242126
2001-01-03,8.53620814577583,8.747500426611866,8.53620814577583,8.641854286193848,566800,0.007362462868945809
2001-01-04,8.620723849437276,8.620723849437276,7.7332963943481445,7.7332963943481445,666200,-0.11108196284693388
2001-01-05,7.733292638773546,7.838938713073731,7.669904994193435,7.8389387130737305,303400,0.013568243568984862
2001-01-08,7.79668372053849,8.071363634812204,7.775554496363589,8.029105186462402,136700,0.02396963096525035
2001-01-09,7.986847498029939,8.071364402770996,7.881201367103617,8.071364402770996,131400,0.005249451032241792
2001-01-10,8.092497360949613,8.282660484313965,8.029109653161496,8.282660484313965,172400,0.0258416923510707
2001-01-11,8.261529727415605,8.28265895945503,7.817815854587657,7.902332782745361,432200,-0.04700622647849973
2001-01-12,7.860072516883666,8.007977107255133,7.775555608099971,7.88120174407959,395800,-0.0026776070030335645
2001-01-16,7.9445886611938485,8.007976336682097,7.775554859891852,7.944588661193848,426100,0.008010627520395084
2001-01-17,7.944592027540331,8.177013602814117,7.944592027540331,8.13475513458252,427100,0.023654614626028872
2001-01-18,8.071365849725131,8.092495079698233,7.965719699859619,7.965719699859619,854500,-0.020998342904462616
2001-01-19,7.965718271844675,8.113622855141525,7.965718271844675,8.071364402770996,380600,0.013175241888501265
2001-01-22,8.007975962287501,8.155880531511809,8.007975962287501,8.029105186462402,187200,-0.00524945103224166
2001-01-23,8.007976536949474,8.19813956816991,8.007976536949474,8.113622665405273,419000,0.01047137162849409
2001-01-24,8.134754586407519,8.177013051791453,8.050237655639648,8.050237655639648,195800,-0.007842846128162195
2001-01-25,8.092495918273926,8.198142079086901,8.02910822178614,8.092495918273926,324900,0.0052355889999126555
2001-01-26,8.113622083162007,8.113622083162007,7.881200617238094,8.029105186462402,165100,-0.007864114500244433
2001-01-29,8.181239065470095,8.282659123340904,8.120386772822407,8.171096801757812,168900,0.017530059388634583
2001-01-30,8.198143620937246,8.313086717104508,8.198143620937246,8.296183586120605,160700,0.015192452834187405
2001-01-31,8.231951076607489,8.299564249864522,8.113627217391237,8.181241035461426,435600,-0.013951745223337775
2001-02-01,8.194757743187287,8.194757743187287,8.039246971944095,8.144047737121582,119800,-0.004556533511723544
2001-02-02,8.123767627279223,8.24209081464568,8.113625363442235,8.137290000915527,184000,-0.0008301205592376086
2001-02-05,8.117004598372894,8.28265767448505,8.117004598372894,8.24208927154541,157400,0.012796663291833224
2001-02-06,8.184616554217428,8.245468827378014,8.113622665405273,8.113622665405273,107000,-0.015709404591862458
2001-02-07,8.113623865522456,8.313083837134915,8.113623865522456,8.24547004699707,130200,0.016119504769059812
2001-02-08,8.23871258737714,8.323229537558298,8.144053371041506,8.181241035461426,160900,-0.007820109398069397
2001-02-09,8.22180683338295,8.38069907419567,8.201522950764753,8.367176055908203,204100,0.02247258385904873
2001-02-12,8.33336361059077,8.39759661509428,8.299556732177734,8.299556732177734,150400,-0.008114331177907441
2001-02-13,8.350276277759594,8.458457888206759,8.31646936329154,8.448315620422363,369900,0.017764979023294578
2001-02-14,8.367177617311109,8.367177617311109,8.188001460444045,8.26237678527832,202900,-0.022254794094425233
2001-02-15,8.177856901672119,8.279276942065993,8.062913845325518,8.24547004699707,226600,-0.0020483282119411962
2001-02-16,8.231950647221629,8.235331402430111,8.04939373484234,8.06291675567627,272800,-0.022388592919132637
2001-02-20,8.029103008239986,8.208279012766921,8.002057634425785,8.079813003540039,216900,0.0020933577264743773
2001-02-21,8.113628274852257,8.282662197245013,8.113628274852257,8.147435188293457,225200,0.008334447762222388
2001-02-22,8.117003418893393,8.181236445542101,8.052770392244685,8.113622665405273,205500,-0.004158717338623829
2001-02-23,8.113622665405273,8.137287295009324,8.018963502176272,8.113622665405273,171700,0.0
2001-02-26,8.181238292558547,8.421266041089233,8.113624497157062,8.343510627746582,240100,0.02793960681702941
2001-02-27,8.350267372203573,8.384073605804035,8.265750498577273,8.299556732177734,119100,-0.005281958764897763
2001-02-28,8.218426995392916,8.370557744028687,8.096723041297373,8.36379623413086,91000,0.00771031140371517
2001-03-01,8.313081331841698,8.428024353548196,8.174473684162571,8.390836715698242,187800,0.0032278242234143415
2001-03-02,8.367176362290788,8.44831254054756,8.225187889138182,8.316466331481934,162400,-0.008902798401502689
2001-03-05,8.360415917778909,8.421268220425599,8.282660484313965,8.282660484313965,940400,-0.004073213522940231
2001-03-06,8.333370521581838,8.384080558849709,8.231950447046094,8.282660484313965,113400,0.0
2001-03-07,8.282657566800424,8.470899517170539,8.282657566800424,8.453786849975586,426400,0.020450257589515148
2001-03-08,8.385337296379875,8.436675965592311,8.368224624244597,8.419563293457031,142200,-0.004056527382867864
2001-03-09,8.402447679468606,8.522238310201251,8.385335011995265,8.474322319030762,6774700,0.0064827261890729
2001-03-12,8.470899517170539,8.501702840366582,8.40244754277791,8.453786849975586,147300,-0.0024261988062051123
2001-03-13,8.41955911514208,8.41955911514208,8.179977907303856,8.388755798339844,146800,-0.007722275212550968
2001-03-14,8.303193311199141,8.313461303710938,8.121796026996034,8.313461303710938,112200,-0.009016168839595032
2001-03-15,8.299766530593235,8.316879190152424,8.162863295701374,8.214201927185059,113600,-0.012011446327557001
2001-03-16,8.299766530593235,8.385331134001413,8.145749983336069,8.214201927185059,201700,0.0
2001-03-19,8.248427899109553,8.25869523372262,8.162863295701374,8.214201927185059,84100,0.0
2001-03-20,8.162867732115332,8.286080384079446,7.97462511062622,7.974625110626221,151600,-0.029599959033146894
2001-03-21,7.95751367119397,8.152600998683868,7.885639667510986,7.885639667510986,115000,-0.011221297764396959
2001-03-22,7.871947839525011,7.871947839525011,7.461237256340246,7.7008185386657715,259300,-0.023716714797024755
2001-03-23,7.700820865050968,7.700820865050968,7.615256188772624,7.683708190917969,97300,-0.0022243589423835905
2001-03-26,7.700818492032112,8.084148410870336,7.700818492032112,7.974625110626221,102500,0.03716237150380525
2001-03-27,8.025963813335661,8.12179579616299,7.936976505848553,7.940399169921875,117900,-0.004301092208753477
2001-03-28,8.02253832975839,8.31688015574764,8.008847678276652,8.043073654174805,320000,0.012847758144727599
2001-03-29,8.043077318221684,8.248432614354599,7.998583986249355,8.210783958435059,153600,0.02063710171373561
2001-03-30,8.23132079610989,8.556466795460015,8.162869453430176,8.162869453430176,553500,-0.005852651276977592
2001-04-02,8.043077091677983,8.289503048412682,7.97462511062622,7.974625110626221,467700,-0.023331116372732046
2001-04-03,8.060186815030475,8.265542030334473,8.012270837488494,8.265542030334473,175700,0.03583067103625379
2001-04-04,8.245007320615164,8.679675772467423,8.245007320615164,8.58042049407959,557500,0.03738761040267119
2001-04-05,8.522240534787977,8.720750532205939,8.522240534787977,8.69336986541748,338300,0.013077729758833893
2001-04-06,8.693370019691535,8.693370019691535,8.24843401328155,8.333998680114746,272800,-0.04221727606511724
2001-04-09,8.265543888608468,8.549618460256498,8.265543888608468,8.436673164367676,224600,0.012244681435901704
2001-04-10,8.436676791018506,8.539354792295766,8.385338116783206,8.399028778076172,460700,-0.0044719785556201165
2001-04-11,8.40244522372167,8.40244522372167,7.995158112195738,8.09099006652832,775700,-0.03736497240068142
2001-04-12,7.957512378692626,8.067035025262157,7.923286388438031,7.957512378692627,535500,-0.01663466933268074
2001-04-16,7.9575104971422785,8.094413772983463,7.943819843155004,8.008849143981934,558500,0.006430637578571246
2001-04-17,7.981471903182935,8.073881898709889,7.981471903182935,8.04992389678955,161300,0.005115564218642577
2001-04-18,8.060190262167652,8.238164901733398,8.012274264133225,8.238164901733398,414300,0.02311497544755674
2001-04-19,8.179981176116135,8.179981176116135,7.957513195826382,8.002006530761719,483100,-0.02908528644248867
2001-04-20,7.974621482355435,8.043073432263123,7.824028237048402,7.933550834655762,310300,-0.008591618809306626
2001-04-23,7.916442261348348,7.923287590999514,7.769271590687671,7.895906925201416,265400,-0.00475619329335012
2001-04-24,7.8377227112043695,8.125220020506761,7.8377227112043695,8.09783935546875,339000,0.025252765383628334
2001-04-25,8.029389002698952,8.248435020446777,8.025966990077594,8.248435020446777,262400,0.018426208004152875
2001-04-26,8.169713872776846,8.381913860076406,8.169713872776846,8.354533195495605,224400,0.012780801350273199
2001-04-27,8.286079550586729,8.542773474500416,8.286079550586729,8.539351463317871,827500,0.021880774642041346
2001-04-30,8.457206217547064,8.676252075448492,8.440093555701326,8.477742195129395,532800,-0.007240900074857849
2001-05-01,8.546196629248993,8.837116556951667,8.52908396112796,8.778932571411133,611800,0.034910661467592155
2001-05-02,8.761820478104982,8.796046469398872,8.645452499389648,8.645452499389648,289700,-0.015321365156774975
2001-05-03,8.611228805663853,8.611228805663853,8.351112116357452,8.399028778076172,238900,-0.028917382582317894
2001-05-04,8.518816977458522,8.642030291502788,8.505126971901673,8.607804298400879,543900,0.024553190802818686
2001-05-07,8.556467307329289,8.556467307329289,8.214208615036117,8.30319595336914,285500,-0.03602877299895517
2001-05-08,8.385336713438669,8.385336713438669,8.00200674787516,8.012274742126465,508300,-0.03566578676638125
2001-05-09,8.012276798643008,8.025967461158737,7.8719507718903685,7.967783451080322,429400,-0.00556836595572238
2001-05-10,8.002005342096334,8.008850670394628,7.731621402378109,7.752156734466553,397800,-0.027435249620221296
2001-05-11,7.755578371061995,7.7898043552123495,7.71450771232665,7.748733043670654,361300,-0.00044174120332123864
2001-05-14,7.769272503893762,7.79323050768232,7.581029833199904,7.615255832672119,341800,-0.017375770096361577
2001-05-15,7.563911950019246,7.563911950019246,7.358556747436523,7.444121360778809,480700,-0.02272893985422522
2001-05-16,7.361981340992583,7.526265285019882,7.272994041442871,7.272994041442871,497900,-0.02325659991341544
2001-05-17,7.324330771538371,7.574179285824357,7.187427520751953,7.529685974121094,372800,0.03468529573703806
2001-05-18,7.444122382492008,7.481771026427909,7.341445093511183,7.461235046386719,217500,-0.009132381309491806
2001-05-21,7.413318375028275,7.4680796777604,7.40989571200674,7.437276363372803,143400,-0.0032162546992702246
2001-05-22,7.42701103999835,7.464659037826235,7.341446399688721,7.341446399688721,245000,-0.012968821237952993
2001-05-23,7.341446027501534,7.358558693573344,6.845170877742646,7.064216136932373,744000,-0.03849382059694569
2001-05-24,7.0231455324342145,7.427010721844131,7.01972286863168,7.276416778564453,325900,0.0295964804968414
2001-05-25,7.276418216863789,7.296953550931761,7.019724256191387,7.101866245269775,262500,-0.02428093933707641
2001-05-29,7.084754693735261,7.084754693735261,6.848596029862324,6.947850704193115,314900,-0.021925240400874048
2001-05-30,6.913623414839444,6.985497401605261,6.90677808672658,6.982074737548828,429400,0.004913752390178709
2001-05-31,6.995766218501558,7.221656850404846,6.995766218501558,7.1874308586120605,274200,0.02898767346220139
2001-06-01,7.170318293300445,7.351714942666776,7.153204970752156,7.344869613647461,226500,0.02166827134664473
2001-06-04,7.355136150596739,7.444123451805664,7.324332828916482,7.4304327964782715,235400,0.011582049143217836
2001-06-05,7.392787933349609,7.444126606974308,7.34144925972491,7.392787933349609,588100,-0.005079185521868711
2001-06-06,7.3129585932754315,7.358079259719571,7.205364227294922,7.205364227294922,946500,-0.02567914118132649
2001-06-07,7.1151233173552,7.288662910461425,7.1151233173552,7.288662910461426,601300,0.011494334802801355
2001-06-08,7.23660116492976,7.351137269899827,7.181068548095849,7.288662910461426,7647700,0.0
2001-06-11,7.243543407390606,7.323371466847934,7.236601664307085,7.2921342849731445,290100,0.00047615703459515655
2001-06-12,7.288665065755328,7.424025776564684,7.288665065755328,7.417084693908691,418800,0.0169898095495386
2001-06-13,7.430967425175062,7.791930198669433,7.41361372575757,7.791930198669434,874600,0.049302526644368856
2001-06-14,7.670450022702067,7.760690689086915,7.61838827801877,7.760690689086914,642700,-0.00401727166387284
2001-06-15,7.750275234428837,7.892577593334993,7.653092861175537,7.653092861175537,534900,-0.013961474848422596
2001-06-18,7.6878001381122445,7.809277927157048,7.6773881912231445,7.6773881912231445,553800,0.0031695483401829676
2001-06-19,7.722511264849168,7.722511264849168,7.542029943824149,7.719040393829346,645200,0.005410644941500442
2001-06-20,7.705153282142081,7.805805837677862,7.639208093480342,7.753744125366211,526600,0.004485784661051706
2001-06-21,7.739868496730577,7.809284624863198,7.61839126550038,7.705161094665527,577300,-0.006285463292097109
2001-06-22,7.687800898908913,7.739862624508596,7.635739173309228,7.653092861175537,440100,-0.006780514650638175
2001-06-25,7.632268806273145,7.6947431459098885,7.632268806273145,7.656564235687256,499500,0.00045348821978793296
2001-06-26,7.618387244968217,7.618387244968217,7.371960715947826,7.58367919921875,601500,-0.00956488555430597
2001-06-27,7.548971685863793,7.722511264849168,7.548971685863793,7.719040393829346,453600,0.017691590616201635
2001-06-28,7.701686157566389,7.701686157566389,7.548971153469284,7.58367919921875,548700,-0.01769159061620162
2001-06-29,7.566322172752248,7.635738239731899,7.340720948069396,7.462198734283447,1337800,-0.016148357088470098
2001-07-02,7.3233679064659505,7.542027411283326,7.3233679064659505,7.375429630279541,818000,-0.011695951806234083
2001-07-03,7.410140887311839,7.809281826019287,7.410140887311839,7.809281826019287,347300,0.05715884844576903
2001-07-05,7.774570910385302,7.948110442590335,7.750275481796722,7.843986988067627,588900,0.004434245565761923
2001-07-06,7.878695026908789,7.8960487153289804,7.778041780469496,7.843986988067627,320200,0.0
2001-07-09,7.80927836894989,7.882164649299739,7.618385162509185,7.635738849639893,657400,-0.026907544105155907
2001-07-10,7.757217114448206,7.843986879348073,7.670447349548341,7.67044734954834,180200,0.0045352328722634465
2001-07-11,7.750274110381139,7.750274110381139,7.531614629775065,7.548968315124512,184100,-0.015964031340421122
2001-07-12,7.61838947706283,7.653096870980225,7.56285685239367,7.601035118103027,422700,0.0068735308478347495
2001-07-13,7.583681948058639,7.66698089084999,7.53162019156419,7.607977390289307,347300,0.0009129156366461271
2001-07-16,7.635742693824686,7.649626180119423,7.392786979675294,7.392786979675293,297200,-0.02869256103179851
2001-07-17,7.4101407154793435,7.698216411901209,7.392786359067781,7.6947455406188965,373200,0.040032906225199456
2001-07-18,7.632275298114923,7.663512494502952,7.573271778493242,7.618392467498779,733700,-0.009972313426003264
2001-07-19,7.618384390285306,7.6392089451314575,7.514260292053223,7.514260292053223,225900,-0.013762797676589228
2001-07-20,7.496910544150173,7.614917520258169,7.496910544150173,7.531618595123291,312500,0.0023073840885683775
2001-07-23,7.340721313652554,7.340721313652554,6.559793500242693,6.5632643699646,2322600,-0.13762187502617898
2001-07-24,6.559796802709287,6.559796802709287,6.299487400522402,6.35154914855957,1303200,-0.032789353004001646
2001-07-25,6.351546398596196,6.351546398596196,5.629621995575422,5.900343894958496,3443300,-0.07368810706004492
2001-07-26,5.935054924742449,6.247426097202348,5.9177005661606765,6.178009986877441,1336600,0.045985574523678685
2001-07-27,6.36890099596551,6.594502256552682,6.334192956951918,6.4834370613098145,1339800,0.0482545694242946
2001-07-30,6.455671637557489,6.535499674708794,6.348077297831778,6.511204242706299,512700,0.004273642189658582
2001-07-31,6.507733976732604,6.573679199723755,6.438317882847082,6.4522013664245605,708100,-0.009103052932614762
2001-08-01,6.420967177547183,6.469558068672008,6.410554560019903,6.431379795074463,341700,-0.003232267366807718
2001-08-02,6.438318949288532,6.438318949288532,6.247425652485234,6.35154914855957,691900,-0.012490358778164628
2001-08-03,6.351547019294735,6.351547019294735,6.237010947209119,6.3098978996276855,273700,-0.006579247856583698
2001-08-06,6.386257655851071,6.386257655851071,6.178009986877441,6.178009986877441,138400,-0.02112328467978254
2001-08-07,6.230072400621666,6.275192408932092,6.084299098540234,6.178009986877441,238500,0.0
2001-08-08,6.21271514469304,6.28560209274292,6.195361456205383,6.28560209274292,276600,0.017265424804030514
2001-08-09,6.2647761267776625,6.396666526794434,6.247422440354736,6.396666526794434,194400,0.01751536366322694
2001-08-10,6.37931533044195,6.473026872231068,6.28213357925415,6.28213357925415,271300,-0.018067334784733203
2001-08-13,6.289075010336501,6.407081322072574,5.882992344712113,5.983644962310791,669600,-0.04867975695296785
2001-08-14,5.983644592120093,6.077356123466752,5.95240741500454,5.997528076171875,183000,0.002317489285909015
2001-08-15,5.969761463672996,6.108592987060547,5.921169933986661,6.108592987060547,277300,0.01834906928147558
2001-08-16,6.073883461326176,6.2578355987609,6.039175423432732,6.17453670501709,255700,0.010737385856981484
2001-08-17,6.143301033407665,6.195362771927882,6.091238632886527,6.108592987060547,88300,-0.010737385856981502
2001-08-20,6.108595408279143,6.330725933743452,6.091241047226504,6.247426986694336,165700,0.022473230540294518
2001-08-21,6.23353914742458,6.341134124856154,6.23353914742458,6.27518892288208,162800,0.004433894941786589
2001-08-22,6.278661674212772,6.358489717261137,6.198833631164407,6.271719932556152,96400,-0.0005529633560406801
2001-08-23,6.247423898723547,6.341135416084605,6.167595863342285,6.167595863342285,129900,-0.0167415158338082
2001-08-24,6.202305779101092,6.3411373308155,6.202305779101092,6.330724716186523,119800,0.02610560612470821
2001-08-27,6.414019810903258,6.420961549837295,6.313367244362369,6.334191799163818,119000,0.0005475098173292566
2001-08-28,6.334194610184476,6.424435270372425,6.271720256054285,6.403610706329346,219400,0.010899775594881395
2001-08-29,6.3862524032592765,6.473022138798127,6.334190694336076,6.386252403259277,153800,-0.0027143861633508724
2001-08-30,6.386255638827029,6.427905424267594,6.372372818347428,6.410551071166992,100500,0.003797619797638901
2001-08-31,6.38625463361324,6.393196373760833,6.316839218139648,6.316839218139648,294500,-0.014726278435087779
2001-09-04,6.247420054532973,6.469550333520668,6.247420054532973,6.3897223472595215,206600,0.01147185696921221
2001-09-05,6.4744053804119,6.530857906374576,6.439122383443429,6.509688377380371,5155500,0.01860077046448785
2001-09-06,6.523801900052319,6.52733026743944,6.460292633018686,6.506160736083984,194300,-0.0005420532079020454
2001-09-07,6.52380586915436,6.615541458129883,6.474410041616647,6.615541458129883,14906200,0.016672113729091317
2001-09-10,6.604952233390914,6.608480600725862,6.477934374169051,6.523801803588867,497400,-0.013964342585483304
2001-09-17,6.4391214580774365,6.4391214580774365,6.160386562347412,6.160386562347412,187700,-0.057317775508185724
2001-09-18,6.125105745260758,6.262708707138502,6.015728376261629,6.248595237731934,99000,0.014217147318335543
2001-09-19,6.329746714995153,6.329746714995153,5.927521561709423,6.121577739715576,539700,-0.020536812616175477
2001-09-20,6.100408737489382,6.100408737489382,5.895767439017945,5.899295806884766,368900,-0.03698687488345568
2001-09-21,5.842844673705572,5.842844673705572,5.609977722167969,5.609977722167969,458200,-0.05028624058936654
2001-09-24,5.8040301249215895,5.821671283867691,5.677011627015012,5.69818115234375,280000,0.01560027940480707
2001-09-25,5.76874833491294,5.839313658353643,5.648786544799805,5.648786544799805,374600,-0.008706276578574744
2001-09-26,5.69818311738967,5.69818311738967,5.511184008908432,5.53235387802124,242300,-0.020827370229790594
2001-09-27,5.553522802437421,5.715824329398743,5.539409670069081,5.662899494171143,151800,0.023322658137451303
2001-09-28,5.73346706095195,5.864013991676213,5.719353588239092,5.839315414428711,157300,0.03067752724463055
2001-10-01,5.786391835064694,5.793448572149646,5.645260458203114,5.6664299964904785,316500,-0.030054277221488745
2001-10-02,5.740521338107822,5.800502225507224,5.71582344440815,5.758162498474121,229500,0.016059123940790662
2001-10-03,5.768750069766677,5.871070055065223,5.768750069766677,5.839315414428711,126300,0.013995153280698003
2001-10-04,5.962804392481904,6.033370395717046,5.909880226539189,5.9522199630737305,202100,0.019150686597319774
2001-10-05,5.952219590442378,6.082765813397239,5.938106121491993,6.033370018005371,185900,0.01354147690805741
2001-10-08,5.9628051659307415,6.01572933873837,5.927522159736532,5.934578895568848,236700,-0.016509657099594274
2001-10-09,5.945162202518296,5.962803363800049,5.902822473288055,5.962803363800049,143100,0.00474466072695948
2001-10-10,5.962804019187927,6.033370018005371,5.952219590442378,6.033370018005371,202000,0.011764996372634716
2001-10-11,6.051010360047877,6.08629335466837,6.00514293811824,6.054538726806641,452800,0.00350246364169595
2001-10-12,6.054540482945305,6.0898234877997455,5.998087944365139,6.0404276847839355,315300,-0.002333375380297831
2001-10-15,6.0333689917864515,6.082764778776563,6.029840625148997,6.0439534187316895,266600,0.0005835191753046165
2001-10-16,6.051011909715952,6.068653748027859,6.01572890605946,6.029842376708984,435300,-0.0023374668060839455
2001-10-17,6.033374778821282,6.036903148843045,5.9275256970717125,5.983978271484375,331400,-0.007635260984812336
2001-10-18,5.9275198138877725,5.980444638717478,5.864011235432911,5.867538928985596,217400,-0.01965032616222287
2001-10-19,5.909879206987623,6.026312621161827,5.892238045705869,5.962803363800049,163700,0.01610545014378181
2001-10-22,5.980446145510166,6.01572847366333,5.87106877474009,6.01572847366333,161000,0.008836718052009007
2001-10-23,6.015727228995258,6.033369062388975,5.9381051809643015,5.98044490814209,308300,-0.0058824870470311815
2001-10-24,5.998088313916486,5.998088313916486,5.821673951742472,5.856956958770752,243400,-0.020864786151057274
2001-10-25,5.821674873579793,5.93810834413269,5.800505335197673,5.909882068634033,102000,0.008995698274210472
2001-10-26,5.8393151187729195,5.899296028830779,5.751107937685912,5.856956958770752,104900,-0.00899569827421056
2001-10-29,5.821673951742472,5.9098811328294785,5.821673951742472,5.856956958770752,76500,0.0
2001-10-30,5.856954477984607,5.888709103563253,5.8040303263425645,5.821671485900879,126200,-0.006042760998453432
2001-10-31,5.751103052872135,5.849895254046721,5.751103052872135,5.779329299926758,103100,-0.007299779524007046
2001-11-01,5.751105501733422,5.821671485900879,5.7334643421751075,5.821671485900879,100600,0.0072997795240069855
2001-11-02,5.83931291290651,5.853426379573254,5.719351138107705,5.758162498474121,115100,-0.010969004268907567
2001-11-05,5.758160715999113,5.916933802015123,5.736991195519286,5.906348705291748,192300,0.02540941099584841
2001-11-06,5.821669950405517,5.906348705291748,5.69112311601825,5.906348705291748,253400,0.0
2001-11-07,5.906351401410896,5.998086929321289,5.832257709425903,5.998086929321289,277100,0.015412749145685778
2001-11-08,6.01572874299283,6.068653583526611,5.983974107859483,6.068653583526611,148800,0.011696192288810052
2001-11-09,6.068652878875798,6.068652878875798,6.0227847788013875,6.06512451171875,104000,-0.000581693826880657
2001-11-12,6.103936279242016,6.139219284057617,6.0333709425781565,6.139219284057617,120700,0.012142509905926925
2001-11-13,6.10393517321723,6.2097841684843385,6.051011012067286,6.178029537200928,131900,0.006301793873688078
2001-11-14,6.174500600031507,6.188614067284387,6.121576443767527,6.1427459716796875,76700,-0.005727506673624666
2001-11-15,6.054537970079204,6.146273475440048,6.054537970079204,6.125103950500488,134700,-0.002876141043885716
2001-11-16,6.125105150041886,6.241538569462397,6.125105150041886,6.174500942230225,115900,0.008032332378915341
2001-11-19,6.262708504711207,6.262708504711207,5.9980870185966495,6.033370018005371,155700,-0.023122330258408128
2001-11-20,6.086294748393004,6.103935913259396,6.01572874299283,6.068653583526611,191000,0.005831035644268711
2001-11-21,6.068653311827619,6.125105844433406,5.976917778101396,6.01572847366333,115000,-0.008759313964894551
2001-11-23,6.0686519277111675,6.118047714233398,6.03336893463795,6.118047714233398,90100,0.01686559309341424
2001-11-26,6.192142575451284,6.248595105952486,6.149803514059006,6.227425575256348,199800,0.01771997240990765
2001-11-27,6.227425759527365,6.259180392994824,6.199199493441542,6.245067596435547,230700,0.002828950507656153
2001-11-28,6.227426074651804,6.2344828097721665,6.086294737081066,6.121577739715576,190100,-0.01997210370143104
2001-11-29,6.121576783033119,6.174500942230225,6.08629378591265,6.174500942230225,187600,0.008608196269486737
2001-11-30,6.18155613340407,6.280347693123537,6.029839754729713,6.086292266845703,624100,-0.014388987040303858
2001-12-03,6.054538245016239,6.065123344450221,5.998085727302524,6.001614093780518,210900,-0.01401062445574662
2001-12-04,6.001614108257268,6.174500028293433,5.998085741770763,6.160386562347412,326900,0.026111080524403772
2001-12-05,6.246547869376603,6.293217864368275,6.120898778279934,6.124488830566406,5607900,-0.005844232490259234
2001-12-06,6.124487801941173,6.250136871934722,6.092178021521908,6.185517311096191,312200,0.009915345260300095
2001-12-07,6.174747411510837,6.246546385992597,6.138847581903809,6.171157360076904,3019900,-0.002324243029119198
2001-12-10,6.138848666255308,6.171158450135527,6.102948830307018,6.1137189865112305,133900,-0.009351138830709468
2001-12-11,6.102948125861136,6.128077802704566,6.074228397364024,6.081408500671387,227400,-0.005298929671163335
2001-12-12,6.081409596313872,6.1926984786987305,6.074229491712923,6.1926984786987305,219800,0.0181346028896405
2001-12-13,6.12089729309082,6.192696951933693,6.110127823576995,6.12089729309082,349800,-0.01166223103782634
2001-12-14,6.131667447336939,6.174747379589122,6.09217756650013,6.12089729309082,455700,0.0
2001-12-17,6.135255753490611,6.156795371123302,6.045506547833618,6.067046165466309,266400,-0.008836844089824278
2001-12-18,6.095769990504992,6.138849939524709,6.016790882823496,6.102950096130371,323500,0.005900418382771541
2001-12-19,6.102949419011581,6.192698675173515,6.092179261768454,6.138849258422852,385500,0.005865030811140026
2001-12-20,6.1567985269214,6.210647940970839,6.146029054950982,6.167568683624268,439000,0.0046673983401872956
2001-12-21,6.146030265129511,6.1567997392204825,6.067050469888602,6.153209686279297,221600,-0.002330859855570677
2001-12-24,6.156796932220459,6.192696760532319,6.1208971039086,6.156796932220459,301400,0.0005828178901728017
2001-12-26,6.156798948537045,6.174749210937719,6.124489160948327,6.1639790534973145,172900,0.001165855478370427
2001-12-27,6.1711571374381124,6.192696760532319,6.156796932220459,6.156796932220459,285600,-0.0011658554783703756
2001-12-28,6.156801811089108,6.181931505401391,6.135262170926124,6.146032333374023,265000,-0.0017499391987115607
2001-12-31,6.156799586964785,6.192699430756262,6.102950163643852,6.174749851226807,344800,0.004661647195350951
2002-01-02,6.156797879239017,6.372196197509766,6.156797879239017,6.372196197509766,781800,0.031475810372717794
2002-01-03,6.390143193841505,6.46194283254035,6.2393645003596125,6.2788543701171875,168400,-0.014756643445383046
2002-01-04,6.246545616491078,6.318345266860256,6.23218609725657,6.3003950119018555,120700,0.0034247930357448417
2002-01-07,6.336297693458133,6.336297693458133,6.21423864364624,6.21423864364624,233900,-0.01376911730881175
2002-01-08,6.185517664914283,6.207057976247484,6.106538577556361,6.1424384117126465,235400,-0.01162141564525244
2002-01-09,6.138847581903809,6.207057189683933,6.120897324734146,6.171157360076904,253200,0.004664600165527378
2002-01-10,6.167569677293667,6.167569677293667,6.081410463986793,6.102950096130371,332100,-0.011114122357111525
2002-01-11,6.10294802266834,6.1316677506798385,6.084998449435775,6.092177867889404,229400,-0.001766645019954967
2002-01-14,6.102948070322016,6.138847901799789,6.0455086138505125,6.077818393707275,389600,-0.002359816804729279
2002-01-15,6.10294741200819,6.189106587421611,6.092177258306915,6.131667137145996,247600,0.008820861854607403
2002-01-16,6.102948150003736,6.282446625003845,6.102948150003736,6.232187271118164,160100,0.01626068142157918
2002-01-17,6.28244598894583,6.28244598894583,6.153206880916046,6.156796932220459,443900,-0.012170694265572761
2002-01-18,6.192696951933693,6.210646524278265,6.12089729309082,6.12089729309082,376200,-0.005847961478876698
2002-01-22,6.1280788188325035,6.1316688710814695,6.077819456811882,6.0849995613098145,423800,-0.0058820479494069555
2002-01-23,6.0993559342813946,6.0993559342813946,6.056276699016013,6.067046165466309,299700,-0.002954796140417385
2002-01-24,6.0742268562316895,6.120896146424094,6.0670467547460385,6.0742268562316895,131300,0.0011828564582620686
2002-01-25,6.077816681423228,6.077816681423228,6.049096961278593,6.059866428375244,168100,-0.0023669563475608615
2002-01-28,6.067047664084586,6.084997920489128,6.006018161773682,6.006018161773682,169000,-0.008925764821159872
2002-01-29,6.049101883720299,6.085001734297543,5.887552898489049,5.898323059082031,167600,-0.018093910257693666
2002-01-30,5.923451563891243,6.102950096130371,5.887551720496905,6.102950096130371,138400,0.034104193350923954
2002-01-31,6.102948974330428,6.102948974330428,5.887550638289927,5.941400051116943,233400,-0.026827472144956777
2002-02-01,5.9414006061894895,6.099359492007417,5.887551188331616,6.031149864196777,152300,0.014992878696671359
2002-02-04,6.016790335536676,6.0526901756655676,5.970120337949369,6.013200283050537,63100,-0.0029805832967799897
2002-02-05,5.99524917012366,5.99524917012366,5.8337002732784065,5.9054999351501465,78100,-0.018072990754572336
2002-02-06,5.941400159671587,5.962940472981901,5.787032022675678,5.797801494598389,126300,-0.018405316050194694
2002-02-07,5.797801494598389,5.905501006952622,5.779851918238906,5.797801494598389,93300,0.0
2002-02-08,5.797801578283328,5.894730935381474,5.761901740313742,5.8875508308410645,315100,0.015361299955463419
2002-02-11,5.887551030900894,5.898321188077478,5.8193414049141525,5.851651191711426,102000,-0.006116216583045011
2002-02-12,5.83729105023857,5.995249915146369,5.833700998225619,5.891140460968018,164800,0.006725729159468467
2002-02-13,5.891140577315597,6.102948857135969,5.85524074120949,6.049099445343018,190400,0.026459803383578666
2002-02-14,6.08499996678715,6.092179387031034,5.948580711165872,6.031149864196777,124000,-0.0029717258139184285
2002-02-15,6.013200283050537,6.095769436034238,5.95935086522345,6.013200283050537,145600,-0.0029805832967799897
2002-02-19,6.031149860748734,6.070639753363763,5.944990655278895,6.013200283050537,154200,0.0
2002-02-20,6.013201236121755,6.038330922775196,5.833702691759911,5.995251655578613,159000,-0.0029893346668791627
2002-02-21,5.905500379289796,6.049099029100692,5.833700712018161,5.8372907638549805,125200,-0.026700986274537163
2002-02-22,5.8695987972711965,5.8695987972711965,5.761899328444284,5.848059177398682,148400,0.0018430627488417756
2002-02-25,5.848060801693978,5.848060801693978,5.668561979492855,5.812160968780518,297100,-0.006157400389903969
2002-02-26,5.801389627555477,5.851648972520794,5.772669904042122,5.779850006103516,136200,-0.005574709414150542
2002-02-27,5.815750690925323,5.9880690574646,5.815750690925323,5.9880690574646,158400,0.035391267287156
2002-02-28,5.923451563891243,6.102950096130371,5.923451563891243,6.102950096130371,195300,0.019003277454538364
2002-03-01,6.120897029492369,6.124487080753135,6.031147802170004,6.117307662963867,168000,0.002349798788679504
2002-03-04,6.102948103344535,6.2644970035024725,6.0742283749533845,6.246546745300293,175000,0.020906714923700567
2002-03-05,6.2465473380764776,6.31475695625295,6.2106475029976815,6.271677017211914,2205400,0.004014995441381167
2002-03-06,6.362995763014391,6.410480499267578,6.235151277676186,6.410480499267578,152800,0.021890443265429726
2002-03-07,6.447006422159422,6.479880732316364,6.35568904876709,6.35568904876709,210000,-0.008583904001741366
2002-03-08,6.392216061383176,6.454311902418749,6.24976118352944,6.373952865600586,2003000,0.0028694961709669563
2002-03-11,6.355687598699052,6.392214679061483,6.286286215680045,6.297244548797607,206400,-0.012107656661356473
2002-03-12,6.25341443846458,6.333773481405191,6.227844987046085,6.260719299316406,156500,-0.005817081960001305
2002-03-13,6.227843754427798,6.260718060191619,6.173053477053488,6.198622226715088,154100,-0.009968036696573609
2002-03-14,6.173052303842415,6.355686991510511,6.173052303842415,6.337423801422119,221700,0.022145299542153846
2002-03-15,6.337426177538895,6.341078956265333,6.140180306489061,6.191318511962891,261300,-0.023324274607853756
2002-03-18,6.136527213286238,6.384910580384785,6.121916795825524,6.35568904876709,216000,0.02620225421266426
2002-03-19,6.355686103692592,6.373949987925768,6.308201398078227,6.344728469848633,172300,-0.0017260191050388067
2002-03-20,6.348380791506063,6.348380791506063,6.213231526518907,6.264369010925293,118800,-0.012746439157043949
2002-03-21,6.2278418912939975,6.574848038680523,6.2278418912939975,6.560236930847168,163900,0.04614885306746094
2002-03-22,6.56023763355172,6.56023763355172,6.308202266693115,6.308202266693115,157200,-0.03917598611754088
2002-03-25,6.337425159805919,6.344730716085589,6.227843905699443,6.30089807510376,140000,-0.001158558851681611
2002-03-26,6.319159272317275,6.384907864666042,6.24610582269329,6.264369010925293,95700,-0.005814308098238597
2002-03-27,6.282635417764601,6.330120144246226,6.2314972161348665,6.278982639312744,150000,0.0023301005037312337
2002-03-28,6.235147491736504,6.289937753128487,6.235147491736504,6.264369010925293,104700,-0.0023301005037311786
2002-04-01,6.227845725778533,6.373954107287136,6.209582526438156,6.322815895080566,139200,0.009286795205064717
2002-04-02,6.373952244508078,6.392215438511061,6.282634881100777,6.30089807510376,116800,-0.0034724871068260864
2002-04-03,6.246108799466854,6.271677553855617,6.173054618330699,6.191318511962891,125800,-0.01754410404882006
2002-04-04,6.191317922030196,6.319161681792561,6.191317922030196,6.293592929840088,135700,0.016384049850515184
2002-04-05,6.282634802069251,6.308203552030266,6.235149383544922,6.235149383544922,99900,-0.009329582929976687
2002-04-08,6.209581242119982,6.278982639312744,6.118263870912336,6.278982639312744,142000,0.007005429533774091
2002-04-09,6.26437111237799,6.3191613921499785,6.165748190770688,6.202275276184082,224500,-0.01229176248720137
2002-04-10,6.191317517693476,6.30089807510376,6.162095989270988,6.30089807510376,279200,0.015775970081708873
2002-04-11,6.282634512291655,6.282634512291655,6.1182629891291285,6.17305326461792,132200,-0.020498602823453397
2002-04-12,6.173053011365935,6.2643703656663074,6.099999545943311,6.227843284606934,193200,0.008836518600086798
2002-04-15,6.227843079583471,6.2643701594403565,6.143831283599905,6.2314958572387695,233300,0.0005863188560628786
2002-04-16,6.246106998054956,6.319160461425781,6.246106998054956,6.319160461425781,368700,0.013969951478529998
2002-04-17,6.337426597634912,6.410480086917339,6.330121039697763,6.388564109802246,103800,0.010923173234498904
2002-04-18,6.392216682434082,6.4141326588417416,6.308204858957782,6.392216682434082,151000,0.0005715727060265766
2002-04-19,6.308201744135332,6.479878085169381,6.2753274474081335,6.46891975402832,211000,0.011928025396456347
2002-04-22,6.395869056486663,6.4981447677432005,6.308204459708039,6.487186431884766,282200,0.0028197808350398004
2002-04-23,6.447004990570666,6.447004990570666,6.352034859727667,6.414130687713623,180800,-0.011325436677503199
2002-04-24,6.447006345427209,6.46161745941029,6.359341751617505,6.373952865600586,99100,-0.00628365527093355
2002-04-25,6.33742639306677,6.392216682434082,6.300899301256453,6.392216682434082,96900,0.0028612857169404986
2002-04-26,6.392217715741636,6.447008013965847,6.282637119293213,6.282637119293213,163400,-0.017291291102234145
2002-04-29,6.24610582269329,6.319159272317275,6.24610582269329,6.264369010925293,191700,-0.002911949047756147
2002-04-30,6.300897549325638,6.392214905112967,6.300897549325638,6.352035045623779,120700,0.01389737444426088
2002-05-01,6.352038295591608,6.399523735046387,6.304553552833322,6.399523735046387,105300,0.007448330009820311
2002-05-02,6.337424483377395,6.373951564180816,6.3228133723775795,6.333771705627441,225700,-0.010327666416602422
2002-05-03,6.322813259009111,6.403172974675005,6.246107017723783,6.377603530883789,242600,0.006896499893527329
2002-05-06,6.373949987925768,6.5017936940782715,6.341075693001997,6.344728469848633,424700,-0.005168098773962055
2002-05-07,6.355688353808902,6.3849098822313906,6.282634881100777,6.30089807510376,222900,-0.0069321310588053965
2002-05-08,6.319164131472453,6.373955131692242,6.282637726921273,6.330122470855713,149300,0.004627408813703297
2002-05-09,6.300898416366099,6.384910228043885,6.246108134693466,6.257065773010254,128100,-0.011608234786167279
2002-05-10,6.227844092836676,6.297245486186565,6.173053812485169,6.209580898284912,216500,-0.007617943400210564
2002-05-13,6.209580711696459,6.30089807510376,6.154790432991318,6.30089807510376,115300,0.01459876937267444
2002-05-14,6.300899977420761,6.392217368397873,6.300899977420761,6.3593430519104,153400,0.00923290345034284
2002-05-15,6.319163974952605,6.410481377461727,6.319163974952605,6.399523735046387,131900,0.006298492905499627
2002-05-16,6.36299309680516,6.36299309680516,6.300897269757101,6.319160461425781,225900,-0.01263721024461641
2002-05-17,6.3191605946276255,6.362993230930955,6.289939069324113,6.333771705627441,266200,0.002309543828014079
2002-05-20,6.319162498813447,6.4068277978367405,6.319162498813447,6.392216682434082,162200,0.009185202112511521
2002-05-21,6.355687153244802,6.4470044994026185,6.352034375794962,6.384908676147461,232300,-0.0011439203856010937
2002-05-22,6.3739516582496,6.457963457650057,6.3739516582496,6.428741931915283,161200,0.0068416765977676154
2002-05-23,6.392216137463277,6.425090447620217,6.231497365217816,6.35568904876709,649200,-0.011428538100073962
2002-05-24,6.246108880916438,6.33012070263112,6.2388033233682965,6.260719299316406,361700,-0.01505524245039075
2002-05-28,6.2607170377254455,6.2607170377254455,6.140178168509245,6.2461066246032715,481900,-0.0023367529781411025
2002-05-29,6.216885903026644,6.260717844739217,6.136526182060008,6.17305326461792,361000,-0.011764757558765826
2002-05-30,6.154790617933405,6.242455205835059,6.125569088632854,6.209580898284912,247200,0.0058998334507789265
2002-05-31,6.1730545537973045,6.220539980048282,6.154791357052343,6.1840128898620605,164900,-0.004126009797042601
2002-06-03,6.154791636420398,6.154791636420398,5.986767292615617,6.015988826751709,198600,-0.027546666281580433
2002-06-04,5.972156470047169,6.100000934508613,5.946587716494137,6.081737041473389,2313600,0.010869623394593006
2002-06-05,6.081737170412815,6.081737170412815,5.86971306947996,5.98130464553833,252200,-0.016651640467486697
2002-06-06,5.89574850125196,5.92922563874963,5.653966809948759,5.746959686279297,434600,-0.03996774755827838
2002-06-07,5.69116740354987,5.799039188474951,5.657689891893831,5.743243217468262,5331400,-0.0006468935269065115
2002-06-10,5.672567544541024,5.78415910816848,5.653968891479814,5.720923900604248,169100,-0.0038937577991285336
2002-06-11,5.57957410265862,5.709764306949895,5.508899653443775,5.575854301452637,911500,-0.02568476989806494
2002-06-12,5.579576603012145,5.668849743522757,5.54237928376276,5.568417549133301,530100,-0.0013346324502724492
2002-06-13,5.609331802826952,5.650248551873465,5.542376800078322,5.575854301452637,197000,0.0013346324502725472
2002-06-14,5.54237923087031,5.646531581878662,5.404749718544904,5.646531581878662,191400,0.012595933808609745
2002-06-17,5.653969808202419,5.702326172106041,5.579575538635254,5.579575538635254,310600,-0.011928772188844418
2002-06-18,5.568415035184693,5.691165636654076,5.568415035184693,5.653968334197998,186900,0.013244953499077278
2002-06-19,5.598177067879096,5.661412318150544,5.583298206329346,5.583298206329346,224300,-0.012577980474541353
2002-06-20,5.560975669043933,5.579574321062096,5.464262962341309,5.464262962341309,210800,-0.02155043072544422
2002-06-21,5.3005975114888155,5.427067965012548,5.3005975114888155,5.393590450286865,470300,-0.013017952521780892
2002-06-24,5.393590247308646,5.579576117905496,5.374991589300982,5.430787563323975,305800,0.006872867782596381
2002-06-25,5.39730919360679,5.873432847473336,5.39730919360679,5.847394943237305,645600,0.07391209050116439
2002-06-26,5.858554996965529,6.081738186364937,5.732084546621857,6.033381462097168,758000,0.03131137349901898
2002-06-27,6.063137745768997,6.152411568092338,5.88831132180169,6.0408196449279785,645200,0.0012320788275463697
2002-06-28,6.033380398804154,6.033380398804154,5.709765434265137,5.709765434265137,1048800,-0.056361762531917534
2002-07-01,5.728364018345761,5.9515471794719,5.728364018345761,5.869713306427002,408600,0.027627849164209642
2002-07-02,5.869710464804245,5.914347004472224,5.720921999244317,5.802755832672119,348300,-0.011472843903296195
2002-07-03,5.728362007201988,5.761839505091436,5.553535625596672,5.6725664138793945,219800,-0.022691302624285755
2002-07-05,5.646527564306945,5.8027556249214225,5.627928918092904,5.746959686279297,78600,0.013029319111987745
2002-07-08,5.728361239725764,5.754399487228848,5.55353488154339,5.564693927764893,144500,-0.03222898104745833
2002-07-09,5.534938182053199,5.5981733907893965,5.40474796295166,5.40474796295166,249600,-0.02916416405909235
2002-07-10,5.412187835217887,5.412187835217887,5.159246987700898,5.218762397766113,424500,-0.035017534418662906
2002-07-11,5.207602758239496,5.319194316864014,5.096011199614978,5.319194316864014,201800,0.019061562452168036
2002-07-12,5.300596330252729,5.304316132113273,4.9918598706242125,5.062534332275391,240000,-0.049454633592539037
2002-07-15,5.055095587336447,5.226202587844358,4.817033565622004,5.207603931427002,266900,0.028252637887410097
2002-07-16,5.1778464716368555,5.244801496057812,5.051376027614997,5.096012592315674,166200,-0.021661462694731494
2002-07-17,5.096009939094879,5.241078964897279,4.865387630844187,4.91374397277832,509600,-0.03642221813642964
2002-07-18,4.891428477482413,4.921186189753431,4.742639916127325,4.7612385749816895,382600,-0.03152833192592908
2002-07-19,4.727758351495887,4.727758351495887,4.359506607055664,4.359506607055664,388300,-0.08814895178588406
2002-07-22,4.389266532330344,4.515736978653981,4.1474846923763655,4.307432651519775,591000,-0.012016833307030635
2002-07-23,4.303711913518469,4.378106527941869,3.9057023581564123,4.013574123382568,386800,-0.0706599071977355
2002-07-24,3.97637630689216,4.221877864514841,3.7941103053263316,4.169801712036133,382300,0.03818633667629089
2002-07-25,4.20327814947323,4.2851119813026015,4.09540642536438,4.259073734283447,571200,0.021183219762792357
2002-07-26,4.2590758878450945,4.2590758878450945,4.099128298301295,4.1512041091918945,240600,-0.025653264421048816
2002-07-29,4.16608402656653,4.314872957178874,4.15120516897929,4.2851152420043945,355200,0.031749007020110395
2002-07-30,4.251636901253947,4.538054943084717,4.203280534765141,4.538054943084717,296000,0.05735104764751899
2002-07-31,4.519454130194717,4.612447016451725,4.3483472052922325,4.359506607055664,347900,-0.040139606180897666
2002-08-01,4.392986137786254,4.474819660186768,4.277674749327533,4.474819660186768,354100,0.026107164077045393
2002-08-02,4.437622447831356,4.445061697288367,4.210719486184949,4.229318141937256,282100,-0.05642526720993128
2002-08-05,4.229318220068251,4.262795730092885,4.017294462898717,4.073090076446533,273800,-0.03763884037981751
2002-08-06,4.091688732542425,4.114007190805467,4.0619310246849425,4.073090076446533,330200,0.0
2002-08-07,4.080529680780834,4.084249128208125,4.002415608969975,4.073090076446533,548700,0.0
2002-08-08,4.035893118994609,4.073090076446533,4.021014265065867,4.073090076446533,434200,0.0
2002-08-09,4.073091033750572,4.076810836791992,3.998696746621874,4.076810836791992,454300,0.000913081187998207
2002-08-12,4.054491506570744,4.277674674987793,4.002415694082668,4.277674674987793,328600,0.04809453660273638
2002-08-13,4.2739561319837165,4.2739561319837165,4.017295731949748,4.035894393920898,368500,-0.05818162559267628
2002-08-14,4.039611861857096,4.188400729933512,4.017293762226502,4.177241325378418,213200,0.034423122531950956
2002-08-15,4.166082405033863,4.236757217119989,4.06565024409543,4.0842485427856445,200900,-0.02251330251974062
2002-08-16,4.091689908274428,4.102848963242532,3.9838180976095185,4.043333530426025,245600,-0.01006827310274199
2002-08-19,4.017294636190208,4.147484524997651,4.017294636190208,4.1288862228393555,271200,0.020938207869969142
2002-08-20,4.11028724740863,4.173522463117982,4.091688591951789,4.166082859039307,210700,0.008968541089801423
2002-08-21,4.166080944385849,4.318589210510254,4.1474822974766,4.318589210510254,324800,0.03595254528602365
2002-08-22,4.318591097395718,4.426462870913238,4.296272995145107,4.407864570617676,327700,0.020461570555807978
2002-08-23,4.4078638021272525,4.433901701793325,4.318590344469704,4.366946697235107,382500,-0.009326279213929443
2002-08-26,4.53433446884329,4.575251579284668,4.389265745612444,4.575251579284668,329000,0.04659761860254554
2002-08-27,4.575252017061029,4.686843598889807,4.575252017061029,4.6533660888671875,444800,0.01692916057301446
2002-08-28,4.649646482918231,4.686843796677527,4.5752522101395146,4.6124491691589355,391500,-0.008831858726804523
2002-08-29,4.616167636798537,4.686842441558838,4.549212633286626,4.686842441558838,283500,0.016000113252999403
2002-08-30,4.649646530771201,4.675684437826758,4.534335140722529,4.538054943084717,264100,-0.03226060870335329
2002-09-03,4.538054607391244,4.538054607391244,4.3892660713088505,4.445061683654785,225700,-0.020704747661750643
2002-09-04,4.448781485741808,4.489698244479503,4.385546269221828,4.445061683654785,2223800,0.0
2002-09-05,4.406908326868415,4.540450782909936,4.330598300005415,4.334413528442383,213900,-0.025207432433498232
2002-09-06,4.372567603219058,4.540449619293213,4.3305971901692235,4.540449619293213,208800,0.046439728712442514
2002-09-09,4.483216113680687,4.483216113680687,4.29244095990704,4.303887367248535,9795600,-0.05350738903873452
2002-09-10,4.292438772489824,4.338224742398103,4.254283615628985,4.265730381011963,403300,-0.008905236971249592
2002-09-11,4.235207628834211,4.3115176008031435,4.219945634440425,4.246654033660889,186700,-0.004482029559878285
2002-09-12,4.239025220775512,4.273364818298759,4.155084386690743,4.193239212036133,323600,-0.012657869774454655
2002-09-13,4.1665300950947515,4.235209278556411,4.1665300950947515,4.216131687164307,199500,0.0054445289552538965
2002-09-16,4.204685568773625,4.2199475701682285,4.15508397327246,4.197054386138916,157000,-0.0045351032430095955
2002-09-17,4.193237144974768,4.197052734790863,4.044432780893791,4.067325592041016,381600,-0.03139726182886234
2002-09-18,4.029172861376445,4.181792893904967,4.013910858123593,4.094036102294922,234700,0.006545624767611903
2002-09-19,4.055880109281846,4.063510926775566,3.9185221195220943,3.9185221195220947,178500,-0.043816733152779404
2002-09-20,3.926154331911069,4.006279945373535,3.891814731302172,4.006279945373535,329600,0.022148543933014377
2002-09-23,3.968123919442839,3.968123919442839,3.826950318487881,3.8498435020446777,230600,-0.03983061766918596
2002-09-24,3.8155022914378285,3.8193178810591832,3.739192318384003,3.750638723373413,179200,-0.026106346942579222
2002-09-25,3.7391931101817186,3.929968265151452,3.720115521909799,3.8727355003356934,241600,0.03203495326316069
2002-09-26,3.891811805150299,3.929966969111175,3.853657005064034,3.9108893871307373,581900,0.009803707895887637
2002-09-27,3.7391948805737005,3.8345825032216267,3.6018364710807482,3.8002429008483887,621400,-0.028699826905057763
2002-09-30,3.7620857233896596,3.9108904672861757,3.701037735291,3.8383960723876953,442800,0.009989603895360293
2002-10-01,3.891814190035211,4.151268590662503,3.8536593665678547,4.1131134033203125,363700,0.06912567093072063
2002-10-02,4.197054042372593,4.26573322496044,4.071142450211398,4.101666450500488,334100,-0.002786918318561443
2002-10-03,4.105481600597164,4.189422410439947,3.956676842262644,3.964308023452759,222000,-0.034062023813945075
2002-10-04,3.929967647847076,3.9337832376770674,3.77734732951947,3.8574728965759277,275300,-0.027319039591510944
2002-10-07,3.85747401725757,4.029171970742519,3.85747401725757,3.956677198410034,249100,0.025392302654208932
2002-10-08,3.9604934458678396,3.998648269953368,3.891814253089113,3.95286226272583,631600,-0.000964641746533118
2002-10-09,3.9147084747935463,3.9147084747935463,3.5560507774353027,3.5560507774353027,375800,-0.10578934305662667
2002-10-10,3.5560477347045683,3.7468228340148926,3.54841691994696,3.7468228340148926,471900,0.0522576396868843
2002-10-11,3.7773479228508267,3.891813088607613,3.7773479228508267,3.8727355003356934,204700,0.03305286836917334
2002-10-14,3.834582638423653,3.9299702644348145,3.8116894480760117,3.9299702644348145,147800,0.014670754576446903
2002-10-15,3.891812610426175,4.032986164093018,3.891812610426175,4.032986164093018,244800,0.02587522566068725
2002-10-16,3.9948329359892596,3.9948329359892596,3.7887957270087873,3.8269505500793457,162900,-0.052438800179155996
2002-10-17,3.8651047029002457,3.9299682850279933,3.8422115240832095,3.903259515762329,205100,0.019743692311487378
2002-10-18,3.8918131606596043,3.933783928409809,3.8498427567841373,3.899444341659546,120000,-0.000977910856682009
2002-10-21,3.899443319710347,4.063509665589185,3.8879965512103536,4.025354862213135,224300,0.03177900502195777
2002-10-22,4.063510533768858,4.128374113628525,3.968122959136963,3.968122959136963,221200,-0.014319894881021292
2002-10-23,3.9872010851282926,4.0825886726379395,3.9337842690027425,4.0825886726379395,199500,0.02843808917911566
2002-10-24,4.044434590735113,4.109298191135806,3.968124215763827,3.994832992553711,311200,-0.021729491579656795
2002-10-25,4.006277762118792,4.0444329339745595,3.9681225902630244,4.032986164093018,164100,0.009505310983955243
2002-10-28,4.1283752383694585,4.227578430343634,4.116928828180074,4.1474528312683105,648000,0.02798728499559914
2002-10-29,4.120742112026861,4.177974494799958,4.071140543815355,4.151266098022461,391200,0.0009190013675652141
2002-10-30,4.128373883667537,4.185606643583496,4.071141487626279,4.158897876739502,102100,0.0018367341211946156
2002-10-31,4.063513038887113,4.158900672324603,4.063513038887113,4.1398234367370605,156300,-0.0045969668993966414
2002-11-01,4.006279430703873,4.097851444647143,3.987201836830315,4.063511848449707,190000,-0.018605551766024308
2002-11-04,4.101666450500488,4.1398216327992445,4.05206485906202,4.101666450500488,298400,0.009345755442277002
2002-11-05,4.1016651632553245,4.120742748417492,4.006277601319154,4.059694766998291,227500,-0.01028555222772376
2002-11-06,4.0978526451446005,4.1398234367370605,4.021542611169597,4.1398234367370605,220000,0.019545348551471116
2002-11-07,3.949044574010172,3.9719373814198686,3.2431765837596886,3.250807762145996,391500,-0.24174963113770215
2002-11-08,3.662883994259118,3.739194001665596,3.4377691995038946,3.498817205429077,1891500,0.07352146241544029
2002-11-11,3.5026318437247563,3.6247278223535995,3.472107849067546,3.5865726470947266,421700,0.024772082012287155
2002-11-12,3.5903898808835017,3.6399914858751035,3.456847434098314,3.4644782543182373,298800,-0.03463500673680926
2002-11-13,3.4453996653768275,3.5293408468628282,3.4034292565712176,3.4911856651306152,325400,0.007679365297722457
2002-11-14,3.510262680607682,3.6209122528441022,3.338565118706302,3.6170966625213623,365700,0.035430266466652906
2002-11-15,3.586572444910478,3.73156159329618,3.453030066781986,3.6399896144866943,410400,0.006309151367370863
2002-11-18,3.6628840931055384,3.727747692120155,3.5865737197649343,3.594204902648926,269200,-0.012658029322177433
2002-11-19,3.594203671844475,3.6247276651781037,3.5865724915737163,3.6209120750427246,239900,0.007403149374778511
2002-11-20,3.586575148800852,3.6132839356618502,3.445401484071188,3.502634286880493,462700,-0.033210609745912965
2002-11-21,3.506447117024202,3.506447117024202,3.430137129361082,3.479738712310791,381300,-0.00655813049004587
2002-11-22,3.4530309500105667,3.7620865485126,3.433953358576848,3.720116138458252,439600,0.06679767951515454
2002-11-25,4.082588113290094,4.26573244543123,4.067326115934559,4.231392860412598,853400,0.12877633246499548
2002-11-26,4.155084322337862,4.235209927359524,4.155084322337862,4.181792736053467,428200,-0.011791181462943239
2002-11-27,4.1856065481386855,4.3916436786135105,4.1856065481386855,4.357304096221924,354000,0.041113500748204544
2002-11-29,4.361119069240946,4.464137437966316,4.349672300813407,4.399273872375488,144700,0.009585958736223296
2002-12-02,4.464138578119218,4.578603744506836,4.39927499596206,4.578603744506836,489100,0.03995459406921393
2002-12-03,4.57097291202903,4.5786040935114345,4.5213716878924455,4.563342094421387,358900,-0.00333882185085606
2002-12-04,4.540449466251643,4.586235832967033,4.425984641087582,4.464139461517334,927900,-0.02197880454787867
2002-12-05,4.581618396073436,4.581618396073436,4.456309292445629,4.542459487915039,692900,0.017392136822392743
2002-12-06,4.522877157402717,4.593363299550693,4.468054270442857,4.546372413635254,344800,0.0008610404514793566
2002-12-09,4.405401524697468,4.526794975474024,4.358410619914756,4.362326622009277,375100,-0.041324099311328265
2002-12-10,4.385822234362955,4.530710962258678,4.362326966839618,4.46414041519165,172100,0.023071135667478954
2002-12-11,4.464138574277862,4.495465833690658,4.358409167122269,4.4249796867370605,207600,-0.008810991718901685
2002-12-12,4.424981511502574,4.503299692331271,4.397569868124623,4.46414041519165,303400,0.0088109917189017
2002-12-13,4.346660081915228,4.487632702041839,4.346660081915228,4.432809829711914,171700,-0.007043023536800049
2002-12-16,4.471970109574195,4.565951878013323,4.464138108812426,4.558120250701904,282400,0.0278766567510858
2002-12-17,4.546373951539724,4.577701219413775,4.424980881890398,4.460224151611328,569300,-0.021711289836758355
2002-12-18,4.421064620380028,4.479803150831346,4.401484985746098,4.456307888031006,159200,-0.0008784275803053965
2002-12-19,4.444560527801514,4.475887795746946,4.354494352370526,4.444560527801514,152600,-0.0026396002056150317
2002-12-20,4.385820425745869,4.440643316443459,4.354493166333072,4.4249796867370605,284100,-0.004415307310508463
2002-12-23,4.417147697014899,4.424979698614315,4.354493178021132,4.393652439117432,210200,-0.007104816019439462
2002-12-24,4.397568017612169,4.444559279785838,4.366240758463314,4.385820388793945,126000,-0.0017841737322127754
2002-12-26,4.3466622677540325,4.405400795649174,4.264428104630563,4.327082633972168,283200,-0.013483139779795287
2002-12-27,4.190023944656811,4.299669328447465,4.11953781323083,4.229183197021484,422400,-0.022884681568428728
2002-12-30,4.229184631510541,4.2487642643340555,3.8610887294698504,3.9080796241760254,2590300,-0.07896276814739393
2002-12-31,3.8963329679491565,3.9237446101351887,3.8650056969798583,3.876753330230713,849800,-0.008048075846007544
2003-01-02,3.9354901095087143,3.9354901095087143,3.857171974550647,3.915910482406616,400500,0.01004983217207319
2003-01-03,3.915911626685605,3.9354912595091203,3.857173101665495,3.9080796241760254,342300,-0.002001756326065569
2003-01-06,3.9354922417336873,4.052969694544497,3.9354922417336873,4.017726421356201,958300,0.027670067176678862
2003-01-07,4.052967971928862,4.052967971928862,3.857172424945832,3.896331310272217,582800,-0.030680755075256885
2003-01-08,3.8689196109771724,3.915910492067949,3.8219287298863964,3.868919610977173,190400,-0.007060122959337105
2003-01-09,3.9080784821856467,3.915910482406616,3.8689196014317755,3.915910482406616,565100,0.01207256718398088
2003-01-10,3.97464946692459,4.444559079927811,3.955070210924764,4.178277015686035,995600,0.06485109939549169
2003-01-13,4.174363229887708,4.20569050424911,4.056885764307168,4.064717769622803,365600,-0.0275546531333877
2003-01-14,4.103873039916774,4.103873039916774,4.033386921777905,4.092125415802002,244100,0.0067201854203209265
2003-01-15,4.111708108272875,4.20960592037461,4.092128471162424,4.19002628326416,1153100,0.02364251012709971
2003-01-16,4.186109074330069,4.327082122123492,4.186109074330069,4.2879228591918945,775100,0.0230954269096365
2003-01-17,4.287919861879541,4.385817577326335,4.280088238837874,4.377985954284668,559700,0.02078635716683152
2003-01-21,4.503296589802181,4.503296589802181,4.440642088304806,4.48371696472168,839800,0.02386359121213669
2003-01-22,4.385817577326335,4.440640432418593,4.366237959546947,4.377985954284668,488400,-0.02386359121213665
2003-01-23,4.503297794278119,4.534625053405762,4.464138533643372,4.534625053405762,759500,0.03515361089172549
2003-01-24,4.530710327926207,4.530710327926207,4.389737622171761,4.444560527801514,517900,-0.020061406546005037
2003-01-27,4.444559537467874,4.515045687914176,4.2683432277260955,4.2879228591918945,754900,-0.03587856151255197
2003-01-28,4.2879240760154325,4.393653891864418,4.2879240760154325,4.362326622009277,335700,0.017203110253466235
2003-01-29,4.338828088188166,4.370155337142933,4.2096030928871855,4.307500839233398,672100,-0.012647659682217602
2003-01-30,4.268342071034871,4.307501323354581,4.256594444719081,4.260510444641113,270900,-0.010968908461843603
2003-01-31,4.299669775934813,4.381903915698883,4.268342520162819,4.370156288146973,226300,0.025409796557190636
2003-02-03,4.3858206430704785,4.3858206430704785,4.2683432277260955,4.2879228591918945,372100,-0.01899633866659555
2003-02-04,4.287923184377056,4.287923184377056,4.11953923728236,4.166530132293701,732900,-0.02871884682567356
2003-02-05,4.307503043407562,4.307503043407562,4.154782346517311,4.248764514923096,589600,0.019544651449421004
2003-02-06,4.229185464800516,4.624692706651927,4.209605828119162,4.4719719886779785,1209600,0.05120123381757887
2003-02-07,4.4641397800077165,4.487635417638501,4.362326346142295,4.460224151611328,472700,-0.0026304491428539747
2003-02-10,4.4602226862326955,4.573784088328856,4.432811055760954,4.569868087768555,329000,0.024285316690742062
2003-02-11,4.550288409341234,4.601195295725001,4.507213523993599,4.562036037445068,530700,-0.0017153163538416098
2003-02-12,4.659934089916334,4.757831868052815,4.4054000161416385,4.534625053405762,580600,-0.006026621576815717
2003-02-13,4.483718599475906,4.6795141747669975,4.452391337305365,4.612943649291992,420000,0.017123787131620268
2003-02-14,4.58161709192826,4.699094529864981,4.58161709192826,4.663851261138916,290300,0.010975368833649076
2003-02-18,4.699094471965482,4.8988060766521295,4.699094471965482,4.843983173370361,377700,0.03789579427602874
2003-02-19,4.840066466620498,4.883141732013629,4.789159572442521,4.879225730895996,360300,0.007249193596044453
2003-02-20,4.875309722596904,4.926216616699894,4.863562092711727,4.8948893547058105,362900,0.003205126414367386
2003-02-21,4.8948893547058105,4.918384987926584,4.812655198608736,4.8948893547058105,334000,0.0
2003-02-24,4.887057996908093,4.977124167105366,4.879226367102074,4.969292163848877,509400,0.015085736215122294
2003-02-25,4.973206496111445,5.106347519176296,4.894888357088104,5.067188262939453,583900,0.019508672313460977
2003-02-26,5.090682013680246,5.090682013680246,4.894886551615621,4.949709415435791,419300,-0.023457209613177814
2003-02-27,4.949712249920667,5.047610037014784,4.883141724820635,4.8948893547058105,620400,-0.011137198915405322
2003-02-28,4.894890534655874,4.945797441030357,4.840067626225545,4.875310897827148,595700,-0.0040077956600816
2003-03-03,4.859646835520315,4.93796500249456,4.777412666834737,4.796992301940918,475200,-0.016194758576249944
2003-03-04,4.793075791924128,4.8283190566876115,4.714757633255519,4.7578325271606445,416400,-0.00819690465081081
2003-03-05,4.7936360813800345,4.865242004394531,4.777723611889791,4.865242004394531,346000,0.022324245264224794
2003-03-06,4.833416264667667,4.893088299907683,4.8175037978136235,4.889110088348389,273000,0.004893842535724514
2003-03-07,4.833415142853589,4.964693058776216,4.797612385279002,4.853305816650391,302900,-0.007350216464343711
2003-03-10,4.837394252901843,4.8652409737650535,4.809547532038634,4.829438209533691,295200,-0.004929936264459129
2003-03-11,4.853307990759627,4.905023614044852,4.793636322021484,4.793636322021484,238100,-0.00744087611095577
2003-03-12,4.773746294422847,4.8572868697505776,4.765789868494839,4.841374397277832,287100,0.009909374734704234
2003-03-13,4.833415370477895,4.873196719944957,4.761809472573474,4.801590442657471,1036500,-0.008251441544995481
2003-03-14,4.833417687058576,4.841374112518603,4.749877116644522,4.773746013641357,399600,-0.005815880753308613
2003-03-17,4.753852823891685,4.960715224228143,4.753852823891685,4.944802761077881,335800,0.035205753243730695
2003-03-18,4.932869911193848,4.952760592163013,4.877176459740006,4.932869911193848,199200,-0.002416126973418096
2003-03-19,4.93286886413375,4.93286886413375,4.85728474775437,4.905022144317627,193300,-0.0056613431205913825
2003-03-20,4.865242494058767,4.972651958465576,4.813527247547973,4.972651958465576,260300,0.013693683402056837
2003-03-21,5.0044761581725945,5.095973137912925,5.000497946144063,5.032322883605957,341500,0.011928392347093201
2003-03-24,4.9527582700197055,5.00447386453896,4.932867598376452,4.948780059814453,157300,-0.016740589754564845
2003-03-25,4.909002780914307,5.008455834403224,4.881156047340063,4.909002780914307,363900,-0.008070272074649085
2003-03-26,4.909000482829745,4.924912948763427,4.825459941832137,4.833415985107422,307500,-0.01551736058952732
2003-03-27,4.753853670502776,4.853306677749207,4.753853670502776,4.825459957122803,383200,-0.00164740283062959
2003-03-28,4.773744608810786,4.992541312591241,4.737941463543404,4.889110088348389,725600,0.013104242753858086
2003-03-31,4.873200205276039,4.92093763114866,4.7896596151531154,4.821484565734863,747400,-0.013928419072805249
2003-04-01,4.833413453604993,4.992538408983158,4.833413453604993,4.988560199737549,359500,0.0340654491721524
2003-04-02,5.012432193271745,5.223272482441669,5.012432193271745,5.163600444793701,545700,0.03448676578880751
2003-04-03,5.171556245037739,5.171556245037739,5.012431589251358,5.111884593963623,666000,-0.010065955485965668
2003-04-04,5.111884061257392,5.135752567446475,5.0800591334165714,5.115861892700195,293300,0.0007777468755690399
2003-04-07,5.155645158706286,5.20736078051769,5.0880170670593134,5.095973491668701,437200,-0.003895171715772102
2003-04-08,5.072105665113832,5.147689817900608,5.072105665113832,5.1277995109558105,259100,0.006225905462093407
2003-04-09,5.088015488427546,5.155643559091914,5.028343839903969,5.072103023529053,266000,-0.010921092787948731
2003-04-10,5.072103050034099,5.131774698869499,5.036299908979623,5.0840373039245605,276700,0.0023501616763324288
2003-04-11,5.088014388618663,5.091992598829141,5.008452081324131,5.040277004241943,194300,-0.008644649082870137
2003-04-14,5.000498459905545,5.171557800875599,5.000498459905545,5.15166711807251,135000,0.02185933280714525
2003-04-15,5.15166627008648,5.1715569496154785,5.091994610882641,5.1715569496154785,285000,0.00385341944034037
2003-04-16,5.1715572171339055,5.231228879424488,5.111885554843323,5.131775856018066,229900,-0.0077220239364102616
2003-04-17,5.123819546375776,5.187469417362046,5.107907078629209,5.1715569496154785,441600,0.00772202393641031
2003-04-21,5.163601133952365,5.346594724272986,5.159623301084787,5.3187479972839355,201800,0.02806414282104648
2003-04-22,5.259075986583917,5.4420695649184,5.255097774593712,5.35057258605957,282500,0.00596564381218192
2003-04-23,5.35057504616178,5.477875232696533,5.35057504616178,5.477875232696533,264200,0.023513713900169354
2003-04-24,5.450026833816643,5.529589194577849,5.450026833816643,5.521633148193359,186100,0.007956382198000845
2003-04-25,5.517652000291752,5.533564463979639,5.370461616333036,5.3943305015563965,207800,-0.023325181798481174
2003-04-28,5.394331699815634,5.6926907447762005,5.390353488164205,5.569368839263916,351200,0.031933238290878345
2003-04-29,5.5693672264572704,5.5693672264572704,5.529585880229362,5.53356409072876,171100,-0.006449624234777446
2003-04-30,5.553456044652135,5.63699658749151,5.541521789784546,5.593237400054932,349100,0.010726151894417921
2003-05-01,5.577326593379596,5.585282639197711,5.390354774363449,5.5494794845581055,342800,-0.007854124069004605
2003-05-02,5.529585880229362,5.585279689071827,5.4818484923856925,5.53356409072876,345000,-0.0028720278254132777
2003-05-05,5.50969904837877,5.589261411442555,5.50969904837877,5.557436466217041,158400,0.004304825742575455
2003-05-06,5.569368403497487,5.633018267407588,5.549477726179801,5.5733466148376465,268700,0.002858767319475466
2003-05-07,5.581302658134852,5.609149758132857,5.553455937519962,5.5733466148376465,116800,0.0
2003-05-08,5.573346329356798,5.573346329356798,5.493784003544554,5.51765251159668,131000,-0.010043201832695456
2003-05-09,5.509698990876495,5.5614142417907715,5.410245943238892,5.5614142417907715,119800,0.007899935754830265
2003-05-12,5.593237400054932,5.6091498663394255,5.573346722353533,5.593237400054932,96000,0.005705824910232188
2003-05-13,5.569367817085267,5.573346028006552,5.505717959877013,5.553455352783203,145100,-0.007137940743913504
2003-05-14,5.521630265703246,5.625061470389626,5.521630265703246,5.6210832595825195,144400,0.012104076027850824
2003-05-15,5.70860173667462,5.915463757106873,5.684732852317836,5.871704578399658,825700,0.04362058368162807
2003-05-16,5.839881613194089,5.967181360822351,5.839881613194089,5.8876190185546875,483200,0.002706694775399648
2003-05-19,5.887620142490145,5.931379344245115,5.80805778503418,5.80805778503418,336600,-0.013605447917094896
2003-05-20,5.812035371595278,5.91546662158805,5.80805753842881,5.879663467407227,295600,0.012253300151619115
2003-05-21,5.859769449072916,5.98706952253039,5.812032063794994,5.9791131019592285,291800,0.016772719415765483
2003-05-22,5.927400994853728,6.010941563102042,5.88762000673463,6.006963729858398,344900,0.004647171616244204
2003-05-23,6.00696172138681,6.325211037463557,6.00696172138681,6.305320739746094,276200,0.04847442094974762
2003-05-27,6.265538419627826,6.428641263818436,6.22973528224295,6.404772758483887,500400,0.01564961712995459
2003-05-28,6.428644204255087,6.432622416758147,6.317256909851957,6.3252129554748535,182600,-0.012499753053626706
2003-05-29,6.2933847046575915,6.384881267812514,6.05071956033177,6.225756645202637,340500,-0.015848718502199786
2003-05-30,6.285431574565038,6.392840649731714,6.26951910493356,6.333168983459473,265100,0.01710575578716059
2003-06-02,6.325213247987518,6.364994616091387,6.257585149840888,6.277475833892822,262500,-0.008832777778085742
2003-06-03,6.2257560055236,6.3252089792820145,6.2257560055236,6.273493766784668,219600,-0.000634543364928997
2003-06-04,6.3053220290173595,6.380906541577949,6.285431347849667,6.376928329467773,2597400,0.01635310932095643
2003-06-05,6.3769264930803295,6.562114644614983,6.352771299787156,6.469520568847656,292700,0.014415476765954198
2003-06-06,6.481597258532812,6.5822431763116835,6.384976885675478,6.397054672241211,300200,-0.011264328150076046
2003-06-09,6.360825061798096,6.44939361845797,6.356799131055855,6.360825061798096,152800,-0.005679581339296547
2003-06-10,6.356800652501142,6.433291435241699,6.3125165555391325,6.433291435241699,98900,0.011328198928727787
2003-06-11,6.384982833332771,6.485629228798189,6.324595379987585,6.441344738006592,136500,0.0012510340031151412
2003-06-12,6.4091361928949135,6.578221474119409,6.4091361928949135,6.5500407218933105,455200,0.016733938142875552
2003-06-13,6.582246389538432,6.590298251179564,6.43731595146922,6.445367813110352,276800,-0.016109562419664516
2003-06-16,6.445365367664595,6.755355012424423,6.445365367664595,6.723148345947266,179400,0.042194844391472384
2003-06-17,6.723148115231699,6.7392510639839305,6.602372544186341,6.6506829261779785,191900,-0.010837003621805267
2003-06-18,6.6426294961148065,6.8157405694783835,6.582242108814493,6.8076887130737305,156100,0.023333121468354475
2003-06-19,6.831844728660062,6.880155107807004,6.735224738233608,6.743276596069336,341000,-0.009506717883540206
2003-06-20,6.743277798023522,6.743277798023522,6.570166663036346,6.6667866706848145,383000,-0.011407963319005014
2003-06-23,6.622503248999769,6.658735849320772,6.594321740408637,6.6023736000061035,359200,-0.009708764583310228
2003-06-24,6.590298328366804,6.626530170440674,6.582246466631366,6.626530170440674,241300,0.0036520935828607028
2003-06-25,6.626529240063313,6.711072240679807,6.626529240063313,6.642632961273193,135500,0.002427100877057836
2003-06-26,6.634583477587467,6.7231524402373255,6.634583477587467,6.638609409332275,124600,-0.0006058999529915881
2003-06-27,6.662762941254757,6.711073344966035,6.60237551251652,6.606401443481445,119500,-0.004863420603112853
2003-06-30,6.703020301419028,6.703020301419028,6.533935070037842,6.533935070037842,379900,-0.01102971876310411
2003-07-01,6.54198840147849,6.638608445725415,6.441342426071129,6.630556583404541,366000,0.014679374021691382
2003-07-02,6.630553535354274,6.630553535354274,6.529907606213615,6.582243919372559,304900,-0.007313041521726741
2003-07-03,6.541986310911415,6.582244841782853,6.505753709913882,6.56211519241333,88800,-0.0030627195319935067
2003-07-07,6.582243892159389,6.743277224545177,6.570166104280143,6.723148345947266,201300,0.024243559830625105
2003-07-08,6.743278798409441,6.839898820391783,6.686917310886661,6.690943241119385,200000,-0.004801691787508678
2003-07-09,6.703018469457071,6.743276993138856,6.614450331651119,6.6506829261779785,250800,-0.006035311834296647
2003-07-10,6.626531106197104,6.654712626250749,6.5218599603266245,6.541988849639893,174700,-0.016478320372842845
2003-07-11,6.550038791058756,6.638606953070736,6.525883209527385,6.533935070037842,131200,-0.0012318488039480898
2003-07-14,6.541987007314509,6.711072240679807,6.541987007314509,6.642632961273193,320600,0.016499039319208705
2003-07-15,6.7231480118241995,6.7231480118241995,6.541985041976332,6.546010971069336,142100,-0.014652563129691957
2003-07-16,6.541987376577117,6.562116261357953,6.389005471852788,6.453419208526611,200700,-0.014245751875332013
2003-07-17,6.421212214279738,6.441341483201517,6.21992029292969,6.308488845825195,278200,-0.022713937932463856
2003-07-18,6.324593391708373,6.380955278663559,6.320567460368586,6.352774143218994,184300,0.0069954281855565854
2003-07-21,6.368876605622871,6.368876605622871,6.276282501191114,6.340695858001709,610800,-0.0019030712423679609
2003-07-22,6.360821291200831,6.4775705259814655,6.360821291200831,6.473544597625732,305400,0.02073529054410384
2003-07-23,6.449391323621589,6.6466572525931795,6.409132798391826,6.582243919372559,125700,0.016651898630951564
2003-07-24,6.622502797199857,6.682890204325918,6.537959812929337,6.618476867675781,181900,0.005489554680885794
2003-07-25,6.618479236376219,6.67484073414953,6.52991029088351,6.606401443481445,166700,-0.0018261684177465207
2003-07-28,6.6063999410559555,6.743278491263248,6.586271058676854,6.735226631164551,168600,0.019312364413683693
2003-07-29,6.783535487488459,6.803664365308578,6.546011043447202,6.787561416625977,253200,0.007740274648349215
2003-07-30,6.823796511557355,6.823796511557355,6.658737195770953,6.727175712585449,298500,-0.00893633450948025
2003-07-31,6.763406759982681,6.823794937376111,6.642631940930966,6.767432689666748,217700,0.005966397142206558
2003-08-01,6.703021808556698,6.703021808556698,6.533936539157617,6.630556583404541,120000,-0.020433046436172032
2003-08-04,6.6345798179045445,6.642631676952697,6.493675356032039,6.618476867675781,187700,-0.0018234868408408247
2003-08-05,6.642631323283453,6.727173535185206,6.546011323452522,6.582243919372559,176300,-0.005489554680885834
2003-08-06,6.5822442763891305,6.723148738402117,6.501727221562411,6.62250280380249,90800,0.006097657155273548
2003-08-07,6.6426333084420515,6.739253337147989,6.610426632206738,6.682891845703125,123500,0.009077439363777888
2003-08-08,6.723147273747108,6.791586525079889,6.642630236461233,6.759379863739014,225000,0.011380344810563948
2003-08-11,6.743277640379905,6.904310982696065,6.723148760540714,6.847949504852295,177400,0.013018115391364111
2003-08-12,6.847952105817385,7.025089233578535,6.847952105817385,7.000933647155762,251100,0.022094253221407133
2003-08-13,7.000931965496867,7.157940168059387,7.000931965496867,7.081449031829834,283600,0.011435033950842435
2003-08-14,7.045219434304138,7.081452052824283,7.0210646112467,7.057297229766846,262600,-0.0034164027145532757
2003-08-15,7.085477352142334,7.182097403615032,7.05729659977962,7.085477352142334,73500,0.003985096348145563
2003-08-18,7.1257355981043204,7.182097100450667,7.0452185080085,7.145864486694336,269900,0.008486549991783447
2003-08-19,7.145864788329281,7.1659936777689595,7.0693736262962625,7.085477352142334,203400,-0.008486549991783346
2003-08-20,7.085477053056411,7.145864486694336,7.0572963018832375,7.145864486694336,173600,0.008486549991783447
2003-08-21,7.145862591151835,7.190147055744235,7.105604056783078,7.153914451599121,194200,0.0011258867413098306
2003-08-22,7.1539164533806785,7.1539164533806785,6.94859856172966,7.008985996246338,212400,-0.020466643095103952
2003-08-25,7.025089557599992,7.025089557599992,6.928468743188088,6.960676193237305,462900,-0.006916415720842831
2003-08-26,6.976777872628364,7.045217155712855,6.912364520062693,6.996906757354736,194300,0.005191535757963972
2003-08-27,6.996905828250352,7.037164360224983,6.976776946196851,7.013009548187256,382400,0.002298771466209838
2003-08-28,7.033140659332275,7.109631817540506,6.944572475211291,7.033140659332275,268300,0.002866425978843569
2003-08-29,7.0452145170185005,7.085473039260667,7.021059710820179,7.073395252227783,250400,0.0057072412978252905
2003-09-02,7.089501409200383,7.206250319245346,7.05729473389132,7.16599178314209,488300,0.013005873908357541
2003-09-03,7.206246522591125,7.234427252655905,7.157936919013589,7.186117649078369,425300,0.002804588304367662
2003-09-04,7.198199139834396,7.24650954130492,7.1740443230330255,7.238457679748535,3076400,0.007257095503473523
2003-09-05,7.262868348999038,7.368658118899475,7.242523714747929,7.3239006996154785,1194500,0.011734912457943827
2003-09-08,7.3645905779616045,7.429691867679414,7.344245939881921,7.425622940063477,332400,0.013793510318286788
2003-09-09,7.425622940063477,7.437829722911287,7.384934439972699,7.425622940063477,239000,0.0
2003-09-10,7.384936328489031,7.4866572166943035,7.323903950779625,7.344247817993164,438400,-0.011019181792220037
2003-09-11,7.323903009165678,7.445967748890963,7.323903009165678,7.38493537902832,159800,0.005524768615243268
2003-09-12,7.344248461499322,7.405281620625267,7.332042450529218,7.3605241775512695,230700,-0.0033110156634574475
2003-09-15,7.352385923290705,7.429694018233455,7.352385923290705,7.397143363952637,297800,0.004962743801572566
2003-09-16,7.397141222820509,7.429691867679414,7.372728433193478,7.425622940063477,154400,0.003842685038861406
2003-09-17,7.38493166807951,7.441895857252842,7.38493166807951,7.405276298522949,154200,-0.0027438193703910913
2003-09-18,7.425622940063477,7.445966802074571,7.389003367588635,7.425622940063477,169600,0.0027438193703911303
2003-09-19,7.429693305721739,7.507001393250601,7.417486520511264,7.466312885284424,356600,0.005464708814028123
2003-09-22,7.445964813232422,7.474447298936212,7.397139247019832,7.445964813232422,250500,-0.002729037789149529
2003-09-23,7.425622888513513,7.52734375,7.409347178162755,7.52734375,247800,0.010869974088726555
2003-09-24,7.527341262552602,7.531410188795695,7.417482582194084,7.474446773529053,269200,-0.0070521176271730645
2003-09-25,7.466310387875482,7.535480595460592,7.344244904806681,7.372727394104004,253700,-0.013702401521699048
2003-09-26,7.39307323529499,7.454105605157633,7.28321450390102,7.38493537902832,406900,0.0016544608582904532
2003-09-29,7.3971421181726855,7.580239226640428,7.352384685048518,7.568033218383789,498500,0.02449105541704714
2003-09-30,7.54768865250628,7.588377157924513,7.47445027403589,7.507000923156738,351500,-0.008097179497621013
2003-10-01,7.519209926225928,7.629068701788239,7.486659264141059,7.596518039703369,295400,0.011853948074025988
2003-10-02,7.568033610211719,7.608722117334055,7.531414031408489,7.588377475738525,454800,-0.0010721923949268302
2003-10-03,7.6168619124805375,7.690101096188744,7.572105237156967,7.596518039703369,317500,0.0010721923949268408
2003-10-06,7.6168578021238815,7.730785445975579,7.592445012751583,7.7267165184021,199700,0.01699401149209628
2003-10-07,7.629066005382045,7.726717957122688,7.629066005382045,7.710443019866943,179500,-0.0021083547815911254
2003-10-08,7.69823269959593,7.730783335227838,7.645338207719717,7.653475284576416,165400,-0.007415816100637322
2003-10-09,7.698234877318278,7.767405094611911,7.669753160091827,7.722647666931152,395300,0.008997437028820514
2003-10-10,7.71044166015901,7.767405094611911,7.612788949570335,7.722647666931152,180700,0.0
2003-10-13,7.7307875936328,7.832508483022706,7.726718664928948,7.795888900756836,146200,0.00943926346659205
2003-10-14,7.791814938728685,7.87319190810057,7.747058304035614,7.8691229820251465,210200,0.009350087360423595
2003-10-15,7.873195537918842,7.873195537918842,7.690097660451727,7.755198955535889,145500,-0.014583166673609895
2003-10-16,7.7307843428391685,7.974914529931994,7.718577561860562,7.934226036071777,325700,0.022822359804291873
2003-10-17,7.9871213205715605,7.995259175357856,7.836574887367836,7.9179511070251465,250400,-0.0020533374839186635
2003-10-20,7.917950972854657,7.98305303397331,7.917950972854657,7.966777324676514,446800,0.006147586549506098
2003-10-21,7.987121906427095,8.01560440026832,7.942365253956665,7.995259761810303,364200,0.0035687759913350455
2003-10-22,7.983052307970005,8.03187787928298,7.881331462321434,7.938294887542725,334200,-0.007150333773709994
2003-10-23,7.938296326265062,7.995259761810303,7.917951687807045,7.995259761810303,466900,0.007150333773710068
2003-10-24,7.954571260962872,8.035948262657733,7.901676753109235,7.995259761810303,356600,0.0
2003-10-27,7.99932864149372,8.09698057730033,7.995259713826536,8.080705642700195,481100,0.010630364446153697
2003-10-28,8.088845100347953,8.13767147064209,8.07663908982604,8.13767147064209,310500,0.007024878236633205
2003-10-29,8.149870685327567,8.158007759425885,8.101044360397132,8.11732006072998,365600,-0.0025040210579806276
2003-10-30,8.129533054586544,8.129533054586544,8.064431749378008,8.101051330566406,259900,-0.0020062107628078278
2003-10-31,8.11732680470345,8.145808527880787,8.096982162384815,8.129532814025879,299900,0.003509610306131869
2003-11-03,8.117324781010726,8.219045639038086,8.117324781010726,8.219045639038086,676500,0.01095064256177866
2003-11-04,8.219048965628952,8.243461764137196,8.178360450735962,8.235323905944824,696100,0.0019785956760973856
2003-11-05,8.219047071226267,8.30042330618702,8.158013924919837,8.276010513305664,289700,0.004928334522095854
2003-11-06,8.280078405620259,8.304491195447557,8.235320977546381,8.296353340148926,317500,0.002455031429509565
2003-11-07,8.337041365975642,8.337041365975642,8.235320508739138,8.280077934265137,169600,-0.0019636809448604006
2003-11-10,8.284148991372493,8.284148991372493,8.015605921316533,8.129532814025879,430400,-0.018348923244621198
2003-11-11,8.056296966404027,8.153949737548828,8.04002202192594,8.153949737548828,553400,0.002998982772375204
2003-11-12,8.14987881257166,8.15801589478446,8.11325922637298,8.1336030960083,279600,-0.0024984296084684405
2003-11-13,8.133601988102683,8.174290497899886,8.084776397201061,8.141739845275879,354900,0.0009998867581275488
2003-11-14,8.117328795940441,8.186499044654235,8.080709206852612,8.149879455566406,436700,0.0009992390341917194
2003-11-17,8.09698240689208,8.141739845275879,7.8650589099374395,8.141739845275879,392200,-0.0009992390341916667
2003-11-18,8.117323178994848,8.178355526552352,7.860986232757568,7.860986232757568,406700,-0.03509182390580679
2003-11-19,7.8609876756581745,7.96677745967437,7.771473601214569,7.9179511070251465,233600,0.007220400274800557
2003-11-20,7.869124906281137,8.011534249471486,7.808092552361982,7.926088333129883,480400,0.0010271656859876677
2003-11-21,7.9545737219997115,8.214979742348186,7.9545737219997115,8.015606880187988,335400,0.011230861811071125
2003-11-24,8.035945619454232,8.153942155493203,8.01560176375637,8.125459671020508,535800,0.013611800263133978
2003-11-25,8.084771959624787,8.137666450080234,8.07256518056506,8.125459671020508,273900,0.0
2003-11-26,8.09698057730033,8.141738005570753,8.035948214429775,8.080705642700195,346800,-0.0055231007731976435
2003-11-28,8.09698057730033,8.133600150236385,8.076636715033011,8.080705642700195,90300,0.0
2003-12-01,8.1173255350077,8.137669398075435,8.080705960630869,8.105118751525879,332600,0.0030166059811551444
2003-12-02,8.129532814025879,8.137670670953334,8.084776153062387,8.129532814025879,169900,0.0030076507408216034
2003-12-03,8.129534570935078,8.149879217650485,8.01560765360449,8.056295394897461,218000,-0.009049635026731147
2003-12-04,8.035948200330678,8.052223910970858,7.9545711992669785,8.040017127990723,1313700,-0.0020226088966714033
2003-12-05,8.040018280195463,8.08931868674225,7.990718657252054,8.00715160369873,293600,-0.004096120729274775
2003-12-08,8.031797580724968,8.097530902336809,7.978389550766473,8.027689933776855,277300,0.002561714284711536
2003-12-09,8.031800452411456,8.05234261251167,7.945525730800416,8.01536750793457,368200,-0.0015361695624762535
2003-12-10,7.98250158483881,8.052343368530273,7.945526476790191,8.052343368530273,267700,0.004602513220706868
2003-12-11,8.085209269033522,8.200242230953435,8.085209269033522,8.175592422485352,210600,0.015190030990596714
2003-12-12,8.134511528444536,8.212570194821119,8.060562079017998,8.20846176147461,188800,0.0040123625956425
2003-12-15,8.21667980287532,8.21667980287532,8.134512691405105,8.167379379272461,263900,-0.00501744832960999
2003-12-16,8.167374418479392,8.204349517822266,8.081099709081471,8.204349517822266,271300,0.00451634663917871
2003-12-17,8.204352382763242,8.208460815636347,8.093427829603197,8.200243949890137,158900,-0.0005005388308984329
2003-12-18,8.196133621311377,8.224891858418621,8.17969989519113,8.183808326721191,267400,-0.0020062959278389623
2003-12-19,8.187919219408741,8.25776100920674,8.134510377067281,8.249544143676758,488600,0.008000335621601965
2003-12-22,8.22489431931165,8.2659778633013,8.20846058827442,8.261869430541992,217900,0.0014929417277479511
2003-12-23,8.24543247400908,8.319382667541504,8.233107964155757,8.319382667541504,259400,0.0069371682316654495
2003-12-24,8.33992615471783,8.409767934810093,8.274192806819618,8.278301239013672,270900,-0.00495027048971363
2003-12-26,8.278299139623146,8.352249333155568,8.278299139623146,8.319382667541504,287400,0.004950270489713549
2003-12-29,8.307061170924273,8.385119831286467,8.307061170924273,8.331711769104004,484400,0.001480876090463352
2003-12-30,8.331712517157566,8.389229017534038,8.319387216961088,8.364579200744629,314300,0.003937098862948797
2003-12-31,8.381007567617484,8.385115998769631,8.237215611704785,8.319382667541504,325800,-0.0054179749534121495
2004-01-02,8.302948762679081,8.372790523543118,8.282407390967405,8.339923858642578,234900,0.0024660332023524758
2004-01-05,8.331709495086276,8.352250871026108,8.17559221697181,8.224892616271973,364900,-0.0138888458760128
2004-01-06,8.241323834235526,8.257757558428112,8.113965606155373,8.19613265991211,330600,-0.0035028246145016604
2004-01-07,8.216675382230124,8.311166961060996,8.19613400721584,8.2700834274292,338900,0.00898218076541465
2004-01-08,8.298841295383884,8.319382667541504,8.27008227731885,8.319382667541504,318600,0.005943456522747292
2004-01-09,8.265977870921121,8.319385929634501,8.212569028604314,8.253652572631836,146500,-0.007932215022986884
2004-01-12,8.229003919411115,8.298845719020028,8.208461752700531,8.216678619384766,288400,-0.004489771933087867
2004-01-13,8.196137236277718,8.233112352753233,8.126295436668807,8.216678619384766,355500,0.0
2004-01-14,8.19613841680959,8.237221188941048,8.118079739273252,8.167379379272461,639700,-0.00601797050538212
2004-01-15,8.196133629059634,8.237216377192711,8.138616371187581,8.171483039855957,734100,0.0005023190188540073
2004-01-16,8.192023467891149,8.192023467891149,8.097531129767546,8.142723083496094,395900,-0.0035257598114523973
2004-01-20,8.12218284835467,8.175590887273778,8.027691280634563,8.118074417114258,401100,-0.0030316699116114906
2004-01-21,8.0934282303989,8.142727860110638,8.056453116313353,8.13451099395752,430000,0.002022642186599907
2004-01-22,8.150939936284884,8.216673259674035,8.122181705252508,8.163265228271484,272500,0.0035286119722148248
2004-01-23,8.167378207245799,8.216678623773998,8.13040387435407,8.212570190429688,222300,0.006021691093463859
2004-01-26,8.179702974196184,8.196136706502422,8.081102931169223,8.13451099395752,280600,-0.009550303065678736
2004-01-27,8.093424806591978,8.15094127812532,8.0687742185607,8.076991081237793,157700,-0.007096215246033077
2004-01-28,8.0646705291499,8.175595889703947,7.929095349673938,8.093429565429688,338400,0.0020331555021059857
2004-01-29,8.076990123770589,8.113965217831229,7.990715426697801,8.085206985473633,284200,-0.0010164738713501784
2004-01-30,8.048231126383845,8.076989356007811,7.9701725148309475,8.044122695922852,217800,-0.005094368980725985
2004-02-02,8.019474225854045,8.0605577536699,7.90854893583217,7.9701738357543945,443700,-0.009235421066602429
2004-02-03,7.912659452123242,7.978392800509459,7.846926103737025,7.941417694091797,181500,-0.0036144936118874533
2004-02-04,7.888010374502895,7.888010374502895,7.694917960043653,7.7236762046813965,341800,-0.027801367204556608
2004-02-05,7.764759747136771,7.826384669018135,7.7236762046813965,7.7236762046813965,422400,0.0
2004-02-06,7.723674492062151,7.740108218841705,7.6579411521503795,7.686699390411377,507900,-0.0047989596368408225
2004-02-09,7.727783849922051,7.908550948145739,7.723675417734772,7.859250545501709,395000,0.02219976807739039
2004-02-10,7.863355852410537,8.011256217956543,7.822273114072652,8.011256217956543,438300,0.01915632853920364
2004-02-11,7.97839220458157,8.06055927572872,7.89622513343442,8.056450843811035,216000,0.005625537591516557
2004-02-12,8.00714979813249,8.060558625148406,7.879791553376629,7.900332927703857,392600,-0.019568216248298666
2004-02-13,7.867467984267712,7.949635066805546,7.764759522897107,7.785301685333252,355200,-0.014667344667047236
2004-02-17,7.888008122631627,7.949633026920292,7.846924591904792,7.879791259765625,403900,0.012063856976194264
2004-02-18,7.888007552120911,7.888007552120911,7.789406772066672,7.797623634338379,399300,-0.010482388629206314
2004-02-19,7.8592492117408685,7.916766468998439,7.7154580276049005,7.756540775299072,173000,-0.005282566583945464
2004-02-20,7.785300845345624,7.805842221962103,7.5963168893401996,7.678483963012695,216600,-0.010114331404194717
2004-02-23,7.740108787732285,7.740108787732285,7.575775425874512,7.61275053024292,275700,-0.008597584152900496
2004-02-24,7.600423904314433,7.600423904314433,7.419656846100237,7.497715473175049,641800,-0.015226172306706849
2004-02-25,7.5305840312369705,7.686700540994917,7.48950049174172,7.653833866119385,309000,0.020608310705571165
2004-02-26,7.674374486695521,7.674374486695521,7.55934075592764,7.604532718658447,251800,-0.006462201409971232
2004-02-27,7.600422177995955,7.9085474014282235,7.592205317306383,7.908547401428223,589800,0.03919964427516759
2004-03-01,7.99071484241982,8.035906011276083,7.908547798603516,8.027689933776855,338100,0.014952682955867424
2004-03-02,8.02769377340175,8.072884963872841,7.990718664359616,7.998934745788574,376600,-0.003588431053890215
2004-03-03,7.949632465830334,8.040015600167534,7.875682272462116,7.966065406799316,539100,-0.0041176805659293315
2004-03-04,8.257762080985342,8.47139591087196,8.23721991449421,8.397445678710938,1724800,0.05273687826671231
2004-03-05,8.393293739335702,8.414028635436246,8.293768610919319,8.314502716064453,1253600,-0.009926268526261847
2004-03-08,8.314506125768705,8.38915020043071,8.293772012120698,8.318653106689453,288000,0.0004990503011413496
2004-03-09,8.310361173149987,8.389151449508246,8.297920228535384,8.33524227142334,382800,0.0019922270248570557
2004-03-10,8.335239629674426,8.351826759614296,8.210832595825195,8.210832595825195,366500,-0.015038251812748227
2004-03-11,8.293770618391349,8.351826759614296,8.190098485661458,8.210832595825195,427400,0.0
2004-03-12,8.273036161013788,8.372561309342808,8.190098141928488,8.364267349243164,330500,0.01851441461113902
2004-03-15,8.37670523263756,8.414027248511161,8.235711126216243,8.273033142089844,306300,-0.010967539081529124
2004-03-16,8.273037478132352,8.335240606871665,8.140336468277937,8.24815559387207,443000,-0.0030115952814327982
2004-03-17,8.248154965031608,8.426471167190297,8.227420854017842,8.376708984375,530900,0.015465503756777231
2004-03-18,8.355978411148318,8.480385514545857,8.343538254477794,8.389153480529785,592700,0.0014845044167835586
2004-03-19,8.389150235157839,8.56331947977158,8.376710083299832,8.505263328552246,721800,0.013745567838718085
2004-03-22,8.505262103049587,8.517703044070746,8.418177097812714,8.48038101196289,859300,-0.0029298075350230103
2004-03-23,8.68357744285648,8.68357744285648,8.314504138672604,8.414030075073242,766300,-0.007854819880005656
2004-03-24,8.418177211965014,8.525996329410248,8.335239976899507,8.459646224975586,739100,0.005406795794533058
2004-03-25,8.563319206237793,8.700166408994797,8.492822114456565,8.563319206237793,1298700,0.012180517368118683
2004-03-26,8.60478418524579,8.70845628386321,8.60478418524579,8.650400161743164,3377600,0.010117708613850017
2004-03-29,8.687722180521863,8.687722180521863,8.563315187607754,8.650400161743164,1151300,0.0
2004-03-30,8.625519752502441,8.625519752502441,8.567463620529162,8.625519752502441,481500,-0.0028803590854610504
2004-03-31,8.625523431019186,8.691873550415039,8.50526413622263,8.691873550415039,563700,0.007663292214514894
2004-04-01,8.646254103127356,8.878479407279228,8.637960144525932,8.874332427978516,586800,0.020774598673646377
2004-04-02,8.861895656413887,8.903363883304866,8.696019585027061,8.729194641113281,506500,-0.016489999430671
2004-04-05,8.749931596861622,8.85775075215805,8.712609551145322,8.812134742736816,483300,0.009456605927721982
2004-04-06,8.729191289016923,8.820423251436841,8.720898121396822,8.79139518737793,472200,-0.002356296156162906
2004-04-07,8.758225156564134,8.816281317908825,8.675287105252393,8.741637229919434,411900,-0.005675925288701945
2004-04-08,8.741635583754011,8.807985695926451,8.708460527667793,8.729194641113281,195500,-0.0014243844828571634
2004-04-12,8.72919463779862,8.799691730824533,8.54673222487156,8.608935356140137,422300,-0.013872454941132057
2004-04-13,8.650405315365159,8.650405315365159,8.33938883421969,8.42232608795166,720300,-0.021914611199245006
2004-04-14,8.376709380685853,8.501115634565519,8.273037238800908,8.418177604675293,549700,-0.0004926792495046091
2004-04-15,8.376710205767212,8.559172623968646,8.376710205767212,8.5218505859375,363600,0.01224015384878749
2004-04-16,8.467941020579579,8.579907129459594,8.459647058968677,8.563319206237793,398700,0.0048543505552150245
2004-04-19,8.542585925758898,8.604789061991777,8.380856822406464,8.584054946899414,496200,0.0024185336581459675
2004-04-20,8.584051606345012,8.66698882539455,8.438910484313965,8.438910484313965,351700,-0.01705319565241885
2004-04-21,8.43061940200505,8.563319630531609,8.414032268917106,8.55087947845459,234500,0.013180929896946277
2004-04-22,8.488673970529687,8.700165216894755,8.488673970529687,8.687725067138672,405300,0.015876976928317056
2004-04-23,8.62551826295631,8.646253157191387,8.571609119855795,8.613078117370605,293600,-0.00862935809302341
2004-04-26,8.584051137279936,8.700163395795572,8.55916926106478,8.629666328430176,550700,0.0019240807319616674
2004-04-27,8.629669599824014,8.666991637339601,8.521850468218513,8.542585372924805,376400,-0.010142141341678387
2004-04-28,8.542588499867914,8.584057533504152,8.37671315627899,8.530147552490234,451000,-0.0014570394428738622
2004-04-29,8.472087166165448,8.60478737503477,8.443059094344738,8.459646224975586,553400,-0.008299304053495157
2004-04-30,8.480383588327275,8.542586730419316,8.418179655279369,8.46379566192627,387200,0.0004903774375881578
2004-05-03,8.459646110260957,8.5011151227092,8.376708876320096,8.48038101196289,375100,0.0019576466478845077
2004-05-04,8.459650299180952,8.637966587335386,8.430622213380186,8.48453140258789,320100,0.0004892911447327331
2004-05-05,8.463793205372207,8.588199453448286,8.451352264182345,8.459646224975586,159400,-0.002937315230205307
2004-05-06,8.438909830718863,8.538434960443361,8.32694376317052,8.501112937927246,309300,0.004889733433984295
2004-05-07,8.45964307714958,8.501112074729575,8.161067718293245,8.219123840332031,423300,-0.03373347417926349
2004-05-10,7.9703129874826,8.090573036701405,7.7754096698360495,7.883228778839111,654700,-0.04172605116436762
2004-05-11,7.941283067192724,8.061543088384537,7.87493298341634,7.995193004608154,526600,0.014102923203128873
2004-05-12,7.920552652842545,7.941286767074512,7.61368317466603,7.879083633422852,609800,-0.014628879725674542
2004-05-13,7.812734391909414,7.953728599120872,7.783706312358087,7.837615489959717,306500,-0.005276965521275966
2004-05-14,7.816881373410439,7.924700519569544,7.7256493622995865,7.837615489959717,505000,0.0
2004-05-17,7.816879094488163,7.837613204992646,7.601240865036828,7.651003837585449,389700,-0.024097781582340366
2004-05-18,7.733944224856913,7.733944224856913,7.609537929179534,7.713210105895996,457500,0.00809759724122946
2004-05-19,7.733940528585395,7.837612655753981,7.70076547952967,7.729793548583984,316800,0.00214769735647649
2004-05-20,7.7215005685157365,7.733940717868873,7.563918488427647,7.667590618133545,429700,-0.008079719018521088
2004-05-21,7.692470346276103,7.750527266485487,7.621973278915411,7.671736240386963,369300,0.00054052207017788
2004-05-24,7.675886624761557,7.796145915985107,7.675886624761557,7.796145915985107,362600,0.016086540767539497
2004-05-25,7.754677366119531,7.92469963388009,7.7339424609318055,7.879083633422852,506400,0.010582108686713786
2004-05-26,7.879083315369156,7.982755464255592,7.845908259363726,7.962021350860596,365100,0.01047129923688536
2004-05-27,7.982752148298915,8.08642425412098,7.891520979919442,8.044955253601074,406900,0.01036231224565746
2004-05-28,7.986898929700624,8.194243136211163,7.986898929700624,8.177655220031738,592400,0.016360243190069308
2004-06-01,8.107159710163627,8.148628717595377,7.908109423637865,7.95787239074707,688800,-0.02724378507140136
2004-06-02,7.962021126275703,7.978608258332681,7.837614076547696,7.912258148193359,657000,-0.005748455320004453
2004-06-03,7.920554828132724,7.9993459075736375,7.841763748691811,7.941288948059082,469600,0.0036623768975670187
2004-06-04,7.945434031216924,8.057400150352848,7.941287050031617,8.015931129455566,851400,0.009355354559246562
2004-06-07,8.032682245307349,8.154135313455907,8.015929657255208,8.149947166442871,707400,0.016580491915896466
2004-06-08,8.116443919915042,8.129008362704605,8.0410596596001,8.087127685546875,577200,-0.0077378216095584365
2004-06-09,8.091317154563692,8.162514077717,8.003368437095986,8.015932083129883,304600,-0.008842551333976004
2004-06-10,7.994987384832327,8.103876778931257,7.994987384832327,8.07874870300293,679800,0.007805925407501166
2004-06-14,8.061994484976298,8.091310700748915,7.957293257898684,7.969857692718506,585100,-0.013570359775780598
2004-06-15,7.969863515970934,8.112257352742382,7.969863515970934,8.095504760742188,392800,0.015642302542254762
2004-06-16,8.11225212153953,8.11225212153953,7.994986449579836,7.99917459487915,821800,-0.011970579100396093
2004-06-17,7.999176931037604,8.028493157887567,7.953108118097791,7.978236198425293,1080000,-0.0026210014515304987
2004-06-18,8.02011863912847,8.12481992893121,7.969862467355324,8.116443634033203,739000,0.0171747228645266
2004-06-21,8.124819192408195,8.208580536180317,8.011741617958043,8.129007339477539,388600,0.0015467355100940655
2004-06-22,8.129004407206391,8.162508772868167,8.032679455779673,8.053619384765625,500500,-0.00931721424065701
2004-06-23,8.041059099427963,8.124819649100855,8.041059099427963,8.091315269470215,434000,0.004669694119141604
2004-06-24,8.124816261647783,8.200201284088548,8.04105574689689,8.053619384765625,514200,-0.004669694119141708
2004-06-25,8.103878527152874,8.208579798049405,8.087125940381924,8.196015357971191,2451700,0.017526500813090283
2004-06-28,8.196017684471592,8.296530837206788,8.162513300226527,8.275590896606445,745900,0.009662221946343289
2004-06-29,8.279775953205633,8.313280324941728,8.175074691679432,8.208579063415527,314400,-0.00813049155691426
2004-06-30,8.233707207797474,8.342596616504931,8.208579128497982,8.338408470153809,427800,0.015692532641599862
2004-07-01,8.325847757354675,8.342600350256827,8.229522744590081,8.250463485717773,360200,-0.010602988387759181
2004-07-02,8.250458223304149,8.313278809002995,8.246270077749948,8.267210006713867,339900,0.0020277101059898396
2004-07-06,8.25045895415149,8.292338815789158,8.2295182245255,8.254646301269531,343700,-0.001520859113141182
2004-07-07,8.263026741423689,8.288155629590385,8.225334207981204,8.246274948120117,308100,-0.0010146529082950525
2004-07-08,8.250460409599869,8.321657305273638,8.229519676279763,8.292340278625488,496600,0.005570653769907224
2004-07-09,8.275591576263407,8.292343370357964,8.208582802269987,8.250463485717773,258000,-0.00506285185446076
2004-07-12,8.250458395147339,8.32584262027183,8.229517666940172,8.3216552734375,549600,0.008591807323729347
2004-07-13,8.363533984743304,8.447295288465538,8.292337116221502,8.426355361938477,433100,0.01250315094093095
2004-07-14,8.355164426169642,8.51849820571875,8.355164426169642,8.50593376159668,428700,0.009399672424465442
2004-07-15,8.505932603052267,8.66926715916207,8.50174445558202,8.631574630737305,495600,0.014662939015449484
2004-07-16,8.627388874265732,8.715337599092702,8.556191945154895,8.669269561767578,419500,0.004357589752109242
2004-07-19,8.673455279766964,8.719524107232374,8.627387251109079,8.694396018981934,203400,0.002894144054539182
2004-07-20,8.669263074722371,8.715331077575684,8.60225434438385,8.715331077575684,339300,0.0024049852784316385
2004-07-21,8.656702504230454,8.686018736995019,8.543624921732196,8.564565658569336,343100,-0.017450248355289796
2004-07-22,8.480801691004944,8.480801691004944,8.376100435560438,8.397040367126465,337600,-0.019754112772848813
2004-07-23,8.384481605555084,8.41798599483691,8.35097721627326,8.376105308532715,400700,-0.00249626037591864
2004-07-26,8.41798148056925,8.41798148056925,8.313280220360197,8.346784591674805,201700,-0.0035066602816214297
2004-07-27,8.350970086882766,8.388662592496928,8.246268859911643,8.296525001525879,235900,-0.006039633240574429
2004-07-28,8.200207065101223,8.384481605555084,8.200207065101223,8.376105308532715,303700,0.009546293522195819
2004-07-29,8.376101933091647,8.480803207255294,8.376101933091647,8.45567512512207,426700,0.009454782237709678
2004-07-30,8.401231134885293,8.47242804275752,8.392855638929541,8.44729995727539,204700,-0.0009909697542871316
2004-08-02,8.367724983295794,8.535246849060059,8.355161342618016,8.535246849060059,255000,0.010357419179003046
2004-08-03,8.526872910994895,8.619009754278,8.45986415246038,8.6064453125,193700,0.008307099696633324
2004-08-04,8.564565437521486,8.623197901537335,8.438923416163712,8.6064453125,314000,0.0
2004-08-05,8.564565619535637,8.631574379494221,8.48080427018369,8.489180564880371,227700,-0.013718899517017692
2004-08-06,8.472425966108851,8.59806796033866,8.468237819753801,8.51011848449707,250500,0.002463387477798189
2004-08-09,8.51849420686954,8.551998576659495,8.376100435560438,8.397040367126465,206600,-0.01337655894392075
2004-08-10,8.459862260953662,8.51011841921427,8.438921529339048,8.497554779052734,245500,0.01189914254075439
2004-08-11,8.438924189418787,8.577129866410878,8.422172397653904,8.560378074645996,159700,0.007365907719301004
2004-08-12,8.543624033141862,8.57712840978919,8.501743362630867,8.522684097290039,144400,-0.004413030655773289
2004-08-13,8.585503694149212,8.585503694149212,8.45986249619676,8.501742362976074,171500,-0.0024601997518650174
2004-08-16,8.522684983702488,8.623198124098463,8.522684983702488,8.564565658569336,223800,0.007362292920431623
2004-08-17,8.564565223259377,8.564565223259377,8.493368319246681,8.539436340332031,318800,-0.0029384159707260098
2004-08-18,8.522684983702488,8.585505596599043,8.51849683633506,8.564565658569336,702400,0.002938415970726018
2004-08-19,8.543624142417816,8.577128519493677,8.514307912327359,8.556188583374023,881600,-0.0009785872450996584
2004-08-20,8.531059385491151,8.62738435714627,8.531059385491151,8.61900806427002,500800,0.007315172258715899
2004-08-23,8.639950691237917,8.673455074380968,8.577130072695638,8.627387046813965,608800,0.0009716793740646393
2004-08-24,8.660887326362472,8.686015402112007,8.61900666757516,8.656699180603027,252900,0.003391809263717936
2004-08-25,8.660890857791252,8.690207091253757,8.639950120455566,8.686018943786621,210400,0.003381222125260231
2004-08-26,8.690204515006158,8.71114444732666,8.648323851557938,8.71114444732666,368900,0.002888461807724463
2004-08-27,8.711144381657027,8.72370882023894,8.660888224943795,8.698580741882324,347500,-0.001443297638389619
2004-08-30,8.711148727760417,8.711148727760417,8.660892545973734,8.673456192016602,272900,-0.00289252981430383
2004-08-31,8.69020534697033,8.794906616210938,8.669265412645126,8.794906616210938,350800,0.01390541088447814
2004-09-01,8.77396972464524,8.840978496292882,8.681832064524059,8.732089042663574,357400,-0.007168124388704809
2004-09-02,8.727899416820282,8.811660766601562,8.719523122080666,8.811660766601562,416400,0.009071295527450068
2004-09-03,8.811657854868326,8.81584520204703,8.723708386779348,8.790717124938965,276800,-0.0023796388959197562
2004-09-07,8.832976520395338,8.849882125854492,8.786487717589937,8.849882125854492,218200,0.006707847269741786
2004-09-08,8.875243464051835,8.875243464051835,8.71464417510236,8.727322578430176,368800,-0.013945509053708576
2004-09-09,8.727322301446662,8.811848749434658,8.727322301446662,8.799169540405273,297200,0.008198715857559288
2004-09-10,8.756906705462429,8.816075544124356,8.651249043835259,8.790717124938965,467400,-0.0009610540735925952
2004-09-13,8.76958875513099,8.782267968829913,8.647025441020809,8.68083667755127,472400,-0.012578377099048008
2004-09-14,8.685062109265923,8.73155175249849,8.630120463167259,8.663930892944336,498500,-0.0019493821282813766
2004-09-15,8.621669159188592,8.676611620982198,8.621669159188592,8.672385215759277,169700,0.0009753310255912278
2004-09-16,8.735778598715132,8.790720247591963,8.727325789317382,8.77804183959961,202100,0.01210949332350731
2004-09-17,8.778038610053363,8.786491416341224,8.663928143479172,8.727322578430176,508700,-0.005794726905735956
2004-09-20,8.727324183778537,8.727324183778537,8.668156141087794,8.706192970275879,315000,-0.002424022675349428
2004-09-21,8.710420536176903,8.710420536176903,8.642799676622749,8.663930892944336,596500,-0.004866074768013254
2004-09-22,8.65125318964467,8.701969246215356,8.57940591306375,8.672385215759277,338000,0.0009753310255912278
2004-09-23,8.663929386380552,8.663929386380552,8.528687690789315,8.579402923583984,259000,-0.010779542594625663
2004-09-24,8.558272193101834,8.604761830869538,8.482198533519822,8.541366577148438,434600,-0.00444330601064367
2004-09-27,8.473746299743652,8.53291515348582,8.435709467375183,8.473746299743652,1399200,-0.00794830265178343
2004-09-28,8.473745248140318,8.579402923583984,8.452614035493223,8.579402923583984,610900,0.012391608662427207
2004-09-29,8.642796791075806,8.642796791075806,8.45683908633496,8.49487590789795,446000,-0.009901174398915902
2004-09-30,8.494881408944117,8.566728695522274,8.482202191511096,8.537144660949707,345000,0.004963455704886365
2004-10-01,8.545590131039491,8.621663765249671,8.516006119091946,8.617437362670898,573300,0.009361147704386046
2004-10-04,8.608988410694977,8.6892876698013,8.59630919847096,8.651250839233398,467000,0.003916165418213223
2004-10-05,8.65547702792055,8.769587516784668,8.60476179249481,8.769587516784668,490700,0.01358585566296654
2004-10-06,8.727320129367167,8.820299360233825,8.680831320037587,8.794940948486328,595400,0.002886892108723987
2004-10-07,8.752681900906666,8.794945134497539,8.663929835859552,8.769587516784668,352300,-0.0028868921087240244
2004-10-08,8.79071568760966,8.794942090116187,8.714642860803764,8.752678871154785,283900,-0.00192996162755478
2004-10-11,8.74845552742098,8.79071795116082,8.701965893982283,8.710418701171875,185500,-0.004839949190411785
2004-10-12,8.693512159382708,8.735775384718035,8.65124893404738,8.727322578430176,342500,0.001938769738827414
2004-10-13,8.740002441706908,8.740002441706908,8.625891966596042,8.630118370056152,445000,-0.011200409650559578
2004-10-14,8.672383701914663,8.689288513751086,8.566726008098268,8.663930892944336,320800,0.003910312207197028
2004-10-15,8.663932684252613,8.731553557787695,8.642801463562048,8.67661190032959,294300,0.0014625850870972458
2004-10-18,8.62166392840596,8.701963966714512,8.549816695414915,8.558269500732422,234000,-0.013733109821732141
2004-10-19,8.545596666467238,8.64280238791144,8.494881408944117,8.537144660949707,238000,-0.0024714055284292594
2004-10-20,8.507555672038128,8.592082134834696,8.473745248140318,8.579402923583984,554600,0.004937718694029665
2004-10-21,8.579404415449527,8.693514918236248,8.566726008098268,8.663930892944336,324500,0.009804211569034488
2004-10-22,8.663928707231744,8.706191935317094,8.566723846908257,8.58362865447998,659600,-0.00931178912464715
2004-10-25,8.579403673173305,8.672382951594022,8.562498862799458,8.62166690826416,470300,0.004421698612568864
2004-10-26,8.592085128732514,8.740006087117276,8.558274693053514,8.672385215759277,419200,0.005865421537669529
2004-10-27,8.672378516121755,8.807620154360077,8.672378516121755,8.794940948486328,392800,0.014032799605634553
2004-10-28,8.794943225460033,8.845659255981445,8.697738373573282,8.845659255981445,214500,0.005750195192472693
2004-10-29,8.849889081458471,8.87102029878694,8.82030505475691,8.85411548614502,251700,0.0009555184662138936
2004-11-01,8.849889464213552,8.938641548156738,8.78226859851275,8.938641548156738,265000,0.00950124792029206
2004-11-02,8.938639930916233,8.963997549440082,8.761134989040977,8.77381420135498,250500,-0.018611999059962553
2004-11-03,8.811851224549612,8.921735315357196,8.811851224549612,8.900603294372559,295000,0.014347433853470306
2004-11-04,8.858334467987861,9.010481698640001,8.858334467987861,8.947087287902832,381400,0.005208976301085564
2004-11-05,8.947090155760836,9.023163795471191,8.87946932181917,9.023163795471191,482600,0.008466989326749677
2004-11-08,9.002035169837358,9.280971416377383,9.002035169837358,9.200672149658203,865700,0.019481515178590883
2004-11-09,9.192219319103499,9.28942420349567,9.171088102880585,9.276745796203613,363400,0.008234275655268939
2004-11-10,9.234483410507858,9.361272331763441,9.217577791084818,9.306330680847168,353100,0.003184070159225701
2004-11-11,9.306328704070427,9.35704393935841,9.272518278510395,9.35281753540039,311800,0.004982751644931492
2004-11-12,9.319007560783634,9.504965313414305,9.289423537750062,9.466928482055664,409700,0.012126874080646584
2004-11-15,9.403534031825986,9.496512505089235,9.36127079630481,9.466928482055664,398000,0.0
2004-11-16,9.437348503998436,9.57681667672336,9.437348503998436,9.56413745880127,577300,0.01021590934309362
2004-11-17,9.466928375014119,9.602170082269382,9.454249968774038,9.572586059570312,634400,0.0008829726060302798
2004-11-18,9.572583652464694,9.59371566772461,9.504962815840884,9.59371566772461,471500,0.0022048715516426835
2004-11-19,9.58526517414268,9.593717982285954,9.504965108989886,9.509191513061523,247400,-0.008849407628606724
2004-11-22,9.509187076751946,9.61484471093808,9.509187076751946,9.606391906738281,466400,0.010169841986207245
2004-11-23,9.551453995937008,9.635979652404785,9.52186997586808,9.635979652404785,277300,0.003075272597653828
2004-11-24,9.63597635693039,9.63597635693039,9.48805630717396,9.551450729370117,463400,-0.008810921337584484
2004-11-26,9.52187023144995,9.623301505596311,9.454249382019043,9.454249382019043,244700,-0.01022874130093204
2004-11-29,9.509193765010682,9.521872980228261,9.33168878248631,9.361272811889648,614600,-0.009883045068560227
2004-11-30,9.382404837252277,9.42466727576885,9.242936694276295,9.361272811889648,701100,0.0
2004-12-01,9.382404430252329,9.50919335251075,9.331688377686376,9.462703704833984,961800,0.010776880702555062
2004-12-02,9.631756688084673,9.631756688084673,9.36549882246146,9.369725227355957,796700,-0.009874375024820302
2004-12-03,9.424664946412996,9.462701776560381,9.424664946412996,9.445796966552734,440200,0.008086106025539278
2004-12-06,9.488059806734496,9.509191019892613,9.445796574314151,9.454249382019043,570700,0.0008944333652863235
2004-12-07,9.49695011140671,9.501220420569068,9.428626793765368,9.441437721252441,440600,-0.0013560409483714428
2004-12-08,9.458519810108013,9.535383759618258,9.437169075012207,9.437169075012207,620700,-0.0004522204799376322
2004-12-09,9.437167412090083,9.501220420569068,9.394465134944696,9.441437721252441,270500,0.0004522204799376912
2004-12-10,9.437164904128363,9.479867169925463,9.411543870441292,9.44997501373291,340100,0.0009038279118043777
2004-12-13,9.445708796627924,9.509761810302734,9.428627558592904,9.509761810302734,223100,0.006306732555654453
2004-12-14,9.509764185298419,9.543925855421834,9.424359602750648,9.50122356414795,227500,-0.0008982434693095105
2004-12-15,9.488412307401255,9.548195838928223,9.479872501021774,9.548195838928223,379300,0.004931632716712871
2004-12-16,9.50122048264651,9.573814109924509,9.471329132792897,9.514031410217285,519500,-0.0035845197778137565
2004-12-17,9.514030256126956,9.565272331237793,9.47559829255478,9.565272331237793,469100,0.00537137464905904
2004-12-20,9.586623787503504,9.607974516192694,9.539651207013572,9.599433898925781,264400,0.0035650537461296293
2004-12-21,9.573814693490105,9.67202936741807,9.565274074589,9.650678634643555,289000,0.005324109838587272
2004-12-22,9.616515473000687,9.714730131603691,9.607974855432222,9.693379402160645,285300,0.004414878904219514
2004-12-23,9.6378676133069,9.70619093490007,9.616516880738374,9.684840202331543,195200,-0.0008813193942583887
2004-12-27,9.676301325201658,9.684841945557636,9.569546014187097,9.629328727722168,221900,-0.005748280204499266
2004-12-28,9.595164079549916,9.637866353583782,9.565272732069651,9.607975006103516,618900,-0.002220033605992639
2004-12-29,9.61651252710441,9.71472715562061,9.595160989724015,9.710456848144531,261400,0.010609847027720274
2004-12-30,9.672028013973751,9.736081017812358,9.663487396267767,9.7318115234375,207900,0.002196727611437571
2004-12-31,9.736085683202235,9.787328599514858,9.714734943184448,9.76597785949707,200600,0.003504640486080004
2005-01-03,9.761707112808606,9.770246919747366,9.573817514021593,9.633600234985352,249900,-0.0136476864161414
2005-01-04,9.616516647209604,9.723271936416252,9.55246363658126,9.556733131408691,338400,-0.008011066113490332
2005-01-05,9.522571305886993,9.569543892954307,9.458518296372242,9.479869842529297,464000,-0.008075359525148611
2005-01-06,9.479870458219708,9.531112543368252,9.445708796627924,9.509761810302734,399800,0.003148243526707846
2005-01-07,9.509761881946446,9.57808520564474,9.449978362851741,9.458518981933594,241300,-0.005403015021710721
2005-01-10,9.458518296372242,9.505490883439556,9.42008632776775,9.479869842529297,338900,0.0022547714950029926
2005-01-11,9.479870529638227,9.501221262864593,9.415816701002594,9.458518981933594,427000,-0.002254771495002918
2005-01-12,9.445711155626823,9.518304806448889,9.411549485503405,9.50122356414795,278800,0.004504771552401276
2005-01-13,9.467061042785645,9.5652757337496,9.454250112211845,9.467061042785645,280200,-0.003602071458565524
2005-01-14,9.518302335668539,9.5524639969242,9.46705943654592,9.543923377990723,264000,0.008086141391883248
2005-01-18,9.535385272261026,9.599438302187815,9.492682980817012,9.573817253112793,141800,0.003127346485460329
2005-01-19,9.548193327275607,9.6079760285983,9.548193327275607,9.556733131408691,148100,-0.001786056951027637
2005-01-20,9.556733989735807,9.607976891527738,9.488410663665428,9.590895652770996,253400,0.003568332977063589
2005-01-21,9.590893770698717,9.65921789783978,9.565272732069651,9.607975006103516,341400,0.001779204427330514
2005-01-24,9.607973826455227,9.795863320448644,9.607973826455227,9.727540016174316,570700,0.01236755617309069
2005-01-25,9.770245035923734,9.812947320297958,9.676300661883104,9.706192016601562,253100,-0.0021970055081221057
2005-01-26,9.710459822819457,9.800134678332114,9.629325584875268,9.693379402160645,350500,-0.001320917460218207
2005-01-27,9.71900525408371,9.795869221313382,9.663492026871825,9.76597785949707,457200,0.007461581920487281
2005-01-28,9.761705154822796,9.787326199457027,9.714732560928102,9.757434844970703,282500,-0.0008751559167387512
2005-01-31,9.795867406184758,10.013648334822195,9.795867406184758,9.949594497680664,447000,0.019502253718374676
2005-02-01,9.97948654325975,10.005107589107963,9.847109375007529,9.928243637084961,444100,-0.0021482083375242364
2005-02-02,9.928239276269439,9.99229226999493,9.885537008959776,9.970941543579102,264100,0.0042914291851468365
2005-02-03,9.928241304711257,10.013645856779611,9.90262026488202,9.992294311523438,339600,0.0021392099198977357
2005-02-04,9.949592558526518,10.060618156260583,9.949592558526518,10.056347846984863,249300,0.006389834573028451
2005-02-07,10.05634452022886,10.077696059544119,9.949589267086397,9.9581298828125,102000,-0.00981477048159821
2005-02-08,9.915430989858134,10.026456588611811,9.906891185706483,10.022186279296875,197700,0.006411972205957649
2005-02-09,9.99229319927733,10.030725161982396,9.928240199594915,9.953861236572266,185000,-0.006840723532736824
2005-02-10,9.953861970666349,10.009375171769117,9.894079275150885,9.966672897338867,308600,0.0012862770091298882
2005-02-11,9.970942081857155,10.034995079040527,9.876996925808697,10.034995079040527,264200,0.006831674989169966
2005-02-14,10.034996585854076,10.141751868682311,9.975213888103278,10.116130828857422,240400,0.008052769720041231
2005-02-15,10.099050788340124,10.158834307647206,10.077700055037909,10.120402336120605,118600,0.00042215801410237476
2005-02-16,10.090505551599659,10.150289043548554,10.060614212864158,10.141748428344727,105300,0.0021069925270296745
2005-02-17,10.158831874434288,10.1631013684895,10.069157024191448,10.094778060913086,119900,-0.004642145657319391
2005-02-18,10.043537673041193,10.086239951062542,9.945323003726836,9.98375415802002,316000,-0.011059078744261474
2005-02-22,9.949594605211981,9.949594605211981,9.736083984375,9.736083984375,352600,-0.025120205911789675
2005-02-23,9.736086257280263,9.80867991789108,9.672033218971558,9.723276138305664,387000,-0.0013163688670203718
2005-02-24,9.727545634041936,9.80440878488216,9.719005012455744,9.761707305908203,174300,0.003944701061420332
2005-02-25,9.731813878697706,9.936783866378637,9.731813878697706,9.885540962219238,316600,0.012605866680357947
2005-02-28,9.868460487018254,9.92824319616857,9.765975493698429,9.812947273254395,245400,-0.007370516633714573
2005-03-01,9.808674567549758,9.898349423849824,9.774512911454048,9.804404258728027,327400,-0.0008709651812566748
2005-03-02,9.787326228544021,9.842838627829552,9.727543519393704,9.812947273254395,365800,0.0008709651812565927
2005-03-03,9.821489661820163,9.859921643046432,9.654951619491975,9.774517059326172,390100,-0.003923965102012944
2005-03-04,9.80867388522504,9.885537809713004,9.774512231505733,9.82575511932373,559600,0.00522831277521079
2005-03-07,9.825760077787853,10.041426447006799,9.78694006551229,10.006919860839844,519000,0.01826982803544734
2005-03-08,9.989663168199243,10.00691686747258,9.933590290964228,9.993976593017578,476800,-0.0012942689502876323
2005-03-09,9.993978374127066,9.993978374127066,9.83438491821289,9.83438491821289,321200,-0.016097661020656077
2005-03-10,9.855950621220396,9.916336925305318,9.804190344360686,9.907710075378418,215000,0.007428339734354187
2005-03-11,9.91633827230112,9.985351435687415,9.81281852722168,9.81281852722168,179100,-0.009623705574886466
2005-03-14,9.812818567468906,10.02848490961108,9.799878290767726,9.963785171508789,414800,0.015267492746124222
2005-03-15,9.96378139433804,10.028481107913311,9.817128271459962,9.82575511932373,283500,-0.013950024970095674
2005-03-16,9.830071610460942,9.838697638314732,9.497945268388372,9.5669584274292,600800,-0.026691680457501494
2005-03-17,9.67478852006123,9.72654796156023,9.631655103677733,9.679101943969727,714500,0.011653791328278562
2005-03-18,9.679107159353046,9.679107159353046,9.536767384481763,9.60146713256836,677700,-0.008053209495139737
2005-03-21,9.54970323939051,9.566956937815121,9.454810366160018,9.489316940307617,313100,-0.011749279860148556
2005-03-22,9.532453120794187,9.562646279068577,9.325413616025356,9.329726219177246,428500,-0.01696096295702126
2005-03-23,9.334039208271276,9.437558955811781,9.265026043244275,9.407365798950195,512600,0.008287307769113137
2005-03-24,9.40305115605268,9.51088431528586,9.351291700333713,9.355605125427246,357000,-0.005517335717819942
2005-03-28,9.403048779785415,9.415989051795846,9.25208305317125,9.286589622497559,389000,-0.0074042589047028
2005-03-29,9.277963510726561,9.308156658445316,9.109744074749738,9.12268352508545,466300,-0.017807376459688856
2005-03-30,9.0968024950668,9.26502190688094,9.08817564761442,9.204635620117188,360100,0.008943221930142117
2005-03-31,9.196008653101082,9.33403491973877,9.196008653101082,9.33403491973877,457500,0.013960159747866794
2005-04-01,9.394424685146465,9.415990986894476,9.19601125371772,9.299530982971191,377900,-0.003703421705088717
2005-04-04,9.239144679915418,9.30384440786113,9.101118374244122,9.299530982971191,407300,0.0
2005-04-05,9.31678208816924,9.351288654978328,9.230515259795801,9.325408935546875,559600,0.0027788512973881707
2005-04-06,9.368544357143616,9.377171207127304,9.265024625444436,9.321098327636719,701000,-0.00046235017916263594
2005-04-07,9.316786328365437,9.446185807115612,9.308159477061606,9.407365798950195,774600,0.0092125099910659
2005-04-08,9.407364550581676,9.618717443267819,9.381484822806277,9.497944831848145,898400,0.00958246365517428
2005-04-11,9.510883508121395,9.566957206876777,9.489317207185723,9.52813720703125,512900,0.003173790638057093
2005-04-12,9.489319563674808,9.83007279744911,9.411679544703356,9.761058807373047,773500,0.024151646551572228
2005-04-13,9.71792619479055,9.860265955337598,9.670479333707585,9.761058807373047,553400,0.0
2005-04-14,9.761056093908099,9.773996367706705,9.623029797529444,9.631656646728516,303600,-0.013345638113873032
2005-04-15,9.683415777858222,9.748115493821999,9.472062110900879,9.472062110900879,395200,-0.01670860535257353
2005-04-18,9.485003648440864,9.592836796998903,9.437556799810803,9.502257347106934,444000,0.00318275042880308
2005-04-19,9.54970689886296,9.804193289234457,9.54970689886296,9.756747245788574,711200,0.02642968501446068
2005-04-20,9.756746475382323,9.8214462187557,9.640286443689124,9.653225898742676,397800,-0.01066692136622709
2005-04-21,9.704986003092348,9.812819180904485,9.670479419100538,9.769685745239258,359400,0.01199215074634112
2005-04-22,9.769687365522207,9.877520561218262,9.73518077580755,9.877520561218262,368500,0.010977224663011924
2005-04-25,9.912023632136128,10.002603912169592,9.877517054671404,9.920650482177734,424800,0.004356967024220103
2005-04-26,9.920652271114573,9.920652271114573,9.748119352679037,9.761058807373047,278600,-0.016217613044163456
2005-04-27,9.717925504823047,9.804191546565047,9.666165221616414,9.786938667297363,355700,0.002647828768972487
2005-04-28,9.791253787413966,9.80419324342878,9.71361376051734,9.765373229980469,329600,-0.002205922877575785
2005-04-29,9.78262764517845,9.877520561218262,9.635974433215656,9.877520561218262,466200,0.01141874012854646
2005-05-02,9.877517748949861,10.058677499048581,9.864578295679655,10.028484344482422,506900,0.015167953417196548
2005-05-03,9.963783597662665,10.006917023818248,9.851637018738819,9.864577293395996,409900,-0.0164791889071704
2005-05-04,9.873203055254589,9.920649905021394,9.834383055027503,9.838696479797363,262600,-0.0026270587092395072
2005-05-05,9.868890028600983,9.972410581850388,9.812817149734101,9.890457153320312,340600,0.005247137636375998
2005-05-06,9.942218043673488,9.993978327776404,9.899085433406498,9.963785171508789,216000,0.007386668340605391
2005-05-09,9.942214824504758,10.045735359191895,9.855948809200862,10.045735359191895,326100,0.00819116537671573
2005-05-10,9.81281852722168,9.877518265058605,9.73086508718728,9.81281852722168,700500,-0.023458658122840023
2005-05-11,9.83869703663008,9.851637311672029,9.683417849635182,9.77399730682373,357800,-0.00396402065159542
2005-05-12,9.748119900531602,9.752433326572639,9.459126937397237,9.545392990112305,856000,-0.023666894619523756
2005-05-13,9.571275721712817,9.610095742203255,9.290909546939059,9.420309066772461,381400,-0.013190730997269104
2005-05-16,9.385797203466334,9.657536371624108,9.364230080468657,9.631656646728516,468800,0.022187343102928
2005-05-17,9.575581796232344,9.778307774364384,9.532448381840018,9.75242805480957,349700,0.012461044480020436
2005-05-18,9.782623890120984,9.838696768370497,9.69635703759685,9.722237586975098,348100,-0.0031004888684560356
2005-05-19,9.756744604526864,9.860264338614732,9.756744604526864,9.791251182556152,222700,0.007073454075453556
2005-05-20,9.7912528744228,9.847325764896294,9.743806012920865,9.769685745239258,334800,-0.0022049502162134536
2005-05-23,9.756741663621195,9.821441375086422,9.726547697082719,9.782621383666992,260600,0.0013231830115775236
2005-05-24,9.791253787413966,9.843013256877095,9.717927186756258,9.765373229980469,284200,-0.001764698477112201
2005-05-25,9.722236546826265,9.812815991854311,9.640283127966422,9.72654914855957,314700,-0.003983612494351667
2005-05-26,9.791257178262912,9.877523264810586,9.786943750530195,9.847330093383789,194500,0.01234118963224637
2005-05-27,9.834387534186066,9.937908130408765,9.804194369746957,9.933594703674316,265200,0.008722055015234964
2005-05-31,9.903396957666862,10.037110667577199,9.890457505076757,9.950843811035156,486400,0.0017349357563940218
2005-06-01,9.955156439248917,10.123375891068497,9.955156439248917,10.11043643951416,255100,0.01591084848812093
2005-06-02,10.114752339812275,10.136318646148874,9.998292311110207,10.05867862701416,262200,-0.005132394350864815
2005-06-03,10.050049049601562,10.097495897915657,9.993976174713511,10.071616172790527,200700,0.0012853808338446448
2005-06-06,10.093186127620681,10.093186127620681,9.963786632442977,10.041426658630371,316700,-0.003001986033173868
2005-06-07,10.06320941133876,10.16340566760778,10.028358503466439,10.150336265563965,431700,0.010787632909398144
2005-06-08,10.154689775927595,10.20696653796899,10.09370091263842,10.111125946044922,186200,-0.00387043818042579
2005-06-09,10.13726493560631,10.159046435507047,10.03271224044304,10.063206672668457,591900,-0.004750527752300501
2005-06-10,10.13290778584055,10.285380767592201,10.111125456498367,10.137264251708984,616800,0.007332295480754593
2005-06-13,10.106770510655606,10.237461171976022,10.032712247664447,10.233104705810547,300600,0.009409860124465222
2005-06-14,10.233104623957262,10.28102492048322,10.180828692211628,10.23746109008789,214200,0.00042562422421971055
2005-06-15,10.3028079124806,10.311520846003834,10.150334899468278,10.172117233276367,347200,-0.006403275858503878
2005-06-16,10.172111810302018,10.281020928547413,10.167755345862927,10.246170043945312,235200,0.007253608919590295
2005-06-17,10.302806538512787,10.368151869400542,10.254887072347614,10.36379623413086,306200,0.01141462006845399
2005-06-20,10.33329933078572,10.420426978747978,10.29409197229379,10.394289016723633,167300,0.002937920733744959
2005-06-21,10.398647810511498,10.442210813335723,10.368152545259115,10.416072845458984,170300,0.002093556742176965
2005-06-22,10.4247853463059,10.455279779383343,10.276668816291757,10.350727081298828,407500,-0.006293312408554464
2005-06-23,10.33330319803429,10.403005010125732,10.224394012777521,10.259244918823242,390500,-0.008877524267057664
2005-06-24,10.2461739017723,10.29409336682339,10.106770310876504,10.111125946044922,393200,-0.014542846006989437
2005-06-27,10.132906085562865,10.246171686403796,10.084985799961881,10.215677261352539,187300,0.010287130371813656
2005-06-28,10.281023406737035,10.394289016723633,10.228746651777515,10.394289016723633,195700,0.01733299556861089
2005-06-29,10.424782065776526,10.55547268952796,10.368148852816375,10.455276489257812,467900,0.0058502558684446196
2005-06-30,10.49884006486645,10.581611234482029,10.450919782839952,10.468345642089844,338900,0.0012492248664779204
2005-07-01,10.507552241952997,10.594679039230428,10.498839312952061,10.585966110229492,390600,0.011173169008119918
2005-07-05,10.546762139954694,10.620820398370586,10.503199142813154,10.564188003540039,259200,-0.0020593811533611253
2005-07-06,10.520625529465116,10.590327330955116,10.320233057909121,10.32894515991211,439900,-0.02251962722228803
2005-07-07,10.220033640982201,10.424783362821188,10.193895679161992,10.398645401000977,218300,0.006725384081691199
2005-07-08,10.398645842381548,10.485772662450707,10.311518191401529,10.463991165161133,157200,0.0062644026461712785
2005-07-11,10.463988493046722,10.50755230741215,10.459632028519113,10.498839378356934,146900,0.00332476525292224
2005-07-12,10.437855727075458,10.57726017964398,10.346372411954466,10.524983406066895,267400,0.0024870872870666454
2005-07-13,10.498839378356934,10.542403192722361,10.459632028519113,10.498839378356934,204500,-0.0024870872870666003
2005-07-14,10.581614987045992,10.581614987045992,10.307163422906214,10.385578155517578,299600,-0.010846587707881623
2005-07-15,10.346370369408278,10.442210132649587,10.276668572339878,10.36379623413086,491600,-0.0020995263740414874
2005-07-18,10.346368646449731,10.481415751916781,10.346368646449731,10.398645401000977,251200,0.0033569461828293597
2005-07-19,10.420426897366015,10.45527779009657,10.307161288264004,10.398645401000977,210000,0.0
2005-07-20,10.368148852816375,10.52062180113353,10.368148852816375,10.455276489257812,401600,0.005431230419360152
2005-07-21,10.468349271786813,10.533694604809728,10.34201424115299,10.389934539794922,440200,-0.0062692733968676435
2005-07-22,10.411715020811918,10.585969502110808,10.407358554915582,10.564188003540039,369600,0.0166322861181044
2005-07-25,10.559832233462362,10.660028462947588,10.53369426727295,10.53369426727295,500400,-0.0028906936828779557
2005-07-26,10.533696009368503,10.599041351104539,10.520626608656857,10.54240894317627,301500,0.000826972264555117
2005-07-27,10.555477512976815,10.56419044678458,10.481419237433016,10.54240894317627,291900,0.0
2005-07-28,10.559830863276028,10.642602048198691,10.472704043646095,10.638245582580566,308000,0.009049511980033233
2005-07-29,10.620821532329433,10.620821532329433,10.524981765110196,10.599040031433105,243800,-0.003692147518036266
2005-08-01,10.620817976871084,10.664381794991177,10.49884028322769,10.629530906677246,299400,0.0028726282424353226
2005-08-02,10.629531921830162,10.76893548839935,10.625175456511025,10.760223388671875,286100,0.012220253360090307
2005-08-03,10.729728131437916,10.877844628645379,10.703590170433893,10.760223388671875,354600,0.0
2005-08-04,10.690523229286551,10.738442693254466,10.638246468426823,10.686166763305664,228200,-0.006906236358865224
2005-08-05,10.660025164614222,10.681807488791504,10.385574527266117,10.420425415039062,299700,-0.0251822169172394
2005-08-08,10.429138505570348,10.459632928978188,10.189537921388853,10.193894386291504,441700,-0.02197891078631789
2005-08-09,10.224388809699342,10.333297939533463,9.976076126623264,10.193894386291504,365100,0.0
2005-08-10,10.172111449554235,10.224387359148137,10.00656913038214,10.084983825683594,545400,-0.010741383879150515
2005-08-11,10.111125714824716,10.250530133443569,10.093700681816687,10.16775894165039,285000,0.008174258452429861
2005-08-12,10.141622796856117,10.202611669696616,10.019644220264047,10.172117233276367,280400,0.0004285465314729598
2005-08-15,10.172113784286182,10.315873815031521,10.145975823489973,10.241815567016602,272200,0.006828532772333714
2005-08-16,10.224393166467873,10.272313469905884,10.124196923743922,10.12855339050293,258000,-0.011120401790039373
2005-08-17,10.12855261994642,10.281025621267602,10.045781419644465,10.2069673538208,291400,0.007712057433690389
2005-08-18,10.20696269490412,10.342009768873433,10.098053576658724,10.246170043945312,262900,0.003833420503605535
2005-08-19,10.24617634837556,10.302808759108178,10.159048667805688,10.259244918823242,234800,0.0012752608687638181
2005-08-22,10.276668572339878,10.376864801761831,10.246174139986323,10.36379623413086,256700,0.01013935919969011
2005-08-23,10.368151433284098,10.45527909141022,10.359439332200228,10.424784660339355,198700,0.00586750981147958
2005-08-24,10.424781828766857,10.455276251554848,10.281021813544408,10.333297729492188,267500,-0.008814641110882888
2005-08-25,10.333299374542083,10.350725236572655,10.241816091614076,10.302804946899414,305600,-0.0029552871745121517
2005-08-26,10.302809881905057,10.32459221987693,10.193900684779399,10.294096946716309,219500,-0.0008455641287140329
2005-08-29,10.22874255625473,10.289732217772773,10.172110189392082,10.276662826538086,227000,-0.0016950394195103132
2005-08-30,10.250527381896973,10.32458562185124,10.189537705463005,10.250527381896973,392600,-0.002546423402148533
2005-08-31,10.250529334262033,10.503198525011054,10.237459937341772,10.463991165161133,357600,0.02061079425328918
2005-09-01,10.450923598801408,10.694879901001098,10.43349856409979,10.681811332702637,307000,0.020602469185351156
2005-09-02,10.694875813624574,10.738439630095872,10.55982873038317,10.651312828063965,217200,-0.0028592647928116217
2005-09-06,10.664384226423037,10.67309715821571,10.50755560870949,10.564188003540039,432900,-0.008213363898114076
2005-09-07,10.612569000658901,10.775298365484183,10.581782568119154,10.753308296203613,517800,0.01774366481196133
2005-09-08,10.70932832361822,10.744512941088885,10.638959088676891,10.700531959533691,424200,-0.004919999636538388
2005-09-09,10.700524015929842,10.806077789983302,10.625756654450289,10.801679611206055,778300,0.00940818551803855
2005-09-12,10.77529429426097,10.902838996726775,10.67853685156995,10.885246276855469,702600,0.007706678178900298
2005-09-13,10.845664223982341,10.885247007482556,10.77969319777102,10.797285079956055,422800,-0.008113598730276334
2005-09-14,10.819277179878332,10.836869064012271,10.735713423357305,10.775296211242676,133700,-0.0020385948284814665
2005-09-15,10.797285411054775,10.823674493442212,10.731314382820452,10.806081771850586,187000,0.002852976442333618
2005-09-16,10.753304428156657,10.841265512506025,10.687332566310793,10.836867332458496,483000,0.0028448601179457862
2005-09-19,10.797282543552113,10.83246713852403,10.691728758636357,10.696126937866211,158600,-0.013072255257040586
2005-09-20,10.665346392628493,10.77090023564403,10.608171708903676,10.643356323242188,345200,-0.004945829432492537
2005-09-21,10.564189324037601,10.638956724405805,10.388266275779255,10.463033676147461,314800,-0.01708743509768523
2005-09-22,10.423447969977913,10.423447969977913,10.295903271373003,10.379467010498047,254100,-0.00801891430439795
2005-09-23,10.379469335511669,10.47182861612765,10.335488366180012,10.419052124023438,157100,0.003806536519975388
2005-09-26,10.414650228466293,10.511407655390354,10.37066927482193,10.449834823608398,185700,0.0029501067294761788
2005-09-27,10.45423594083935,10.45423594083935,10.24752565227862,10.423449516296387,270100,-0.002528142762378256
2005-09-28,10.432242106603885,10.52020401389261,10.322290141926441,10.449834823608398,171200,0.002528142762378329
2005-09-29,10.458632486700528,10.62575912475586,10.423447887169564,10.62575912475586,163300,0.016694987361473266
2005-09-30,10.616961312437692,10.682933161539971,10.559786660598213,10.612563133239746,439300,-0.001242658723595816
2005-10-03,10.630159601952053,10.779694391992962,10.61256687895091,10.775296211242676,431100,0.015217625644007794
2005-10-04,10.819274841609682,10.907235921003585,10.586176345425146,10.62575912475586,466200,-0.013974966920412106
2005-10-05,10.6037678036404,10.647747918673792,10.309096503035288,10.313494682312012,312900,-0.029827958242323982
2005-10-06,10.269517346930867,10.335488381593123,10.023225092720404,10.115584373474121,446200,-0.019375959142477844
2005-10-07,10.17275983983894,10.243129899682897,10.076002370712834,10.111186981201172,424700,-0.0004348091215470965
2005-10-10,10.137573671632513,10.168360935087975,9.961650646222788,10.010029792785645,239900,-0.010054863162797023
2005-10-11,9.988037752747186,10.067203314881926,9.930863090576018,9.948455810546875,265800,-0.006170225418350556
2005-10-12,9.922064757980277,9.988035767021147,9.680170778541454,9.702160835266113,329100,-0.025068716983772145
2005-10-13,9.719753900149957,9.772530373727701,9.43387895814756,9.54822826385498,345200,-0.015993012050981963
2005-10-14,9.565821483094984,9.693366172192395,9.521840526893568,9.671375274658203,255000,0.01281490493152309
2005-10-17,9.675776363117897,9.785728367244237,9.618601690073778,9.754941940307617,254500,0.00860350216593672
2005-10-18,9.7681321719666,9.7681321719666,9.583413676002772,9.601005554199219,223000,-0.01590618405183975
2005-10-19,9.618603510032491,9.65818546724953,9.469068689017455,9.58781623840332,326400,-0.0013746876192308227
2005-10-20,9.583412448321459,9.640587093719214,9.350314010294406,9.403090476989746,296700,-0.01945474120882012
2005-10-21,9.438283368523333,9.543838072480884,9.394303220553162,9.477866172790527,336200,0.007920794283181827
2005-10-24,9.508647015990206,9.746142842005087,9.499850656801918,9.732948303222656,225700,0.026557658263000945
2005-10-25,9.750544793256797,9.812117653658154,9.614204528567805,9.728554725646973,160800,-0.00045151473077978085
2005-10-26,9.688967992685557,9.741744469033682,9.618598798310076,9.671375274658203,253300,-0.005894827101448813
2005-10-27,9.653788125716773,9.68457455848259,9.491058759696546,9.530641555786133,202900,-0.014658485103328326
2005-10-28,9.596607615607805,9.693365884149094,9.517442064571094,9.68896770477295,198900,0.016475853212508922
2005-10-31,9.72415716900471,9.8121182839617,9.68457437367049,9.719758987426758,177300,0.003172934420145644
2005-11-01,9.697766538230328,9.702164719109259,9.56582446733127,9.61860179901123,148900,-0.010461911656554898
2005-11-02,9.631798260216769,9.66258469631575,9.504254333682775,9.561429023742676,327700,-0.005961715612793795
2005-11-03,9.579015898308567,9.671375150162367,9.543831301573745,9.583414077758789,312300,0.002296708681662221
2005-11-04,9.675772923984686,9.772530351232442,9.469063531691651,9.601005554199219,302500,0.0018339341724570007
2005-11-07,9.675773788805143,9.741744805955417,9.442675300082719,9.570219993591309,334800,-0.0032116451807483676
2005-11-08,9.570219539408123,9.640588732877767,9.460267569753434,9.583414077758789,314700,0.0013777110082913932
2005-11-09,9.622995288870312,9.759336324937255,9.574616996302684,9.702160835266113,215700,0.012314723177819002
2005-11-10,9.710961427755107,9.746146037176178,9.526242018577676,9.741747856140137,395200,0.004071925681226986
2005-11-11,9.754940672124135,9.754940672124135,9.618600439615102,9.636192321777344,271400,-0.010894509677165294
2005-11-14,9.640588350916417,9.644986530192384,9.535034564894007,9.54822826385498,383500,-0.009170428055043688
2005-11-15,9.539429049345774,9.60100185762699,9.495448112487793,9.495448112487793,223300,-0.005543077446430104
2005-11-16,9.530637215527747,9.587811873360117,9.491054437464184,9.570219993591309,195300,0.0078436553113017
2005-11-17,9.644989281973313,9.746144917580148,9.605406496063305,9.737348556518555,224000,0.017312665435195024
2005-11-18,9.80772010222175,9.81211828379963,9.675778010354767,9.776933670043945,332600,0.004057045743431954
2005-11-21,9.807719759522367,9.904478073120117,9.746146897318223,9.904478073120117,250100,0.012961081272726528
2005-11-22,9.97924323911462,9.97924323911462,9.84290216217691,9.95285415649414,418900,0.0048723744477609104
2005-11-23,10.005630327145521,10.137572369539084,9.95285300686787,10.001232147216797,379600,0.004848940189571436
2005-11-25,10.045211700775797,10.128775429984135,9.99243438788976,10.124377250671387,57300,0.012237804869080068
2005-11-28,10.141973699420806,10.146371880715543,9.952856098083624,9.97924518585205,204400,-0.014438650211573029
2005-11-29,10.023219997912513,10.102384695947434,9.979239050870808,10.04960823059082,241900,0.007026196931579595
2005-11-30,10.07160149487464,10.084796034852785,9.917668550597874,9.948455810546875,349900,-0.010116307507889848
2005-12-01,10.032021397885591,10.177158021008392,10.001234968566708,10.111186981201172,697900,0.01622508858114766
2005-12-02,10.313494766784867,10.313494766784867,10.018823463766244,10.124377250671387,459500,0.0013036722067356814
2005-12-05,10.106781570569728,10.11997610463993,10.01882052670177,10.093587875366211,494700,-0.0030457465837821058
2005-12-06,10.115583349283972,10.12877789042738,9.94845668913647,9.974844932556152,334600,-0.011833941364025675
2005-12-07,10.014835662733145,10.037051018637522,9.9126428221731,9.943744659423828,300000,-0.003122741021556266
2005-12-08,9.979289846861235,10.094811563247049,9.957074490713065,10.041494369506836,319800,0.009782268746988773
2005-12-09,10.077030004722497,10.196994849412222,10.054813821931406,10.192551612854004,291500,0.01493127473344414
2005-12-12,10.219216707017686,10.219216707017686,9.952628275603233,9.99705982208252,545900,-0.01936618753497129
2005-12-13,9.98817306119141,10.041491084952908,9.881537861129654,9.908196449279785,509400,-0.008928693200536617
2005-12-14,9.885974676900755,10.010382753201533,9.885974676900755,9.9481782913208,633000,0.004027109338685934
2005-12-15,9.992620889594606,9.992620889594606,9.885985640560362,9.921530723571777,218700,-0.002682231904360801
2005-12-16,9.939299053341339,9.957071162827717,9.872651312249028,9.912639617919922,272800,-0.0008965443065502036
2005-12-19,9.885981457612381,9.903754415328823,9.774903014268421,9.792675971984863,146800,-0.012175915423844968
2005-12-20,9.774905532952648,9.912642600900492,9.774905532952648,9.859325408935547,175900,0.006782992856355836
2005-12-21,9.885983264048491,9.948186932499793,9.79267776137154,9.84599494934082,195600,-0.0013529809600524739
2005-12-22,9.837107121770984,9.917083740234375,9.783789941102928,9.917083740234375,205300,0.007194131907594146
2005-12-23,9.908196769612694,9.974844513334602,9.828221002576681,9.84154987335205,218000,-0.007645694162241495
2005-12-27,9.872648239135742,9.943738349875114,9.863762610889045,9.872648239135742,290200,0.003154923309702633
2005-12-28,9.908197714120561,9.925970673463631,9.632723623993751,9.690484046936035,461600,-0.018623751526118695
2005-12-29,9.70825781830545,9.76601824607898,9.597179355504384,9.699371337890625,413700,0.0009166949830785422
2005-12-30,9.63272146965197,9.646050338716949,9.48165473886708,9.55274486541748,389700,-0.015232539224450486
2006-01-03,9.641608980535713,9.668267568983572,9.463882797653328,9.6016206741333,600300,0.005103370789625245
2006-01-04,9.610504908933466,9.619391386278659,9.361689475495945,9.468324661254883,801900,-0.013979923010292645
2006-01-05,9.477209737449897,9.486096213481275,9.32614303476045,9.388346672058105,715600,-0.008482776982979435
2006-01-06,9.468326816904616,9.486099775641362,9.33947625590847,9.459441184997559,340400,0.007544105511475084
2006-01-09,9.490540714355943,9.548301121323798,9.463881282714368,9.477210998535156,431300,0.001876764549633883
2006-01-10,9.463883325389059,9.543859942653627,9.419452624652115,9.521644592285156,339500,0.004677510658629608
2006-01-11,9.52608988392281,9.543861998553725,9.463885364060912,9.512760162353516,333200,-0.0009335128354531714
2006-01-12,9.508312672345902,9.548300971720613,9.423892835059165,9.432779312133789,209700,-0.008443288244589606
2006-01-13,9.450554248187874,9.517201145302087,9.375020872135424,9.428338050842285,253700,-0.00047094361252500964
2006-01-17,9.423895368566072,9.508315228548126,9.375021426438632,9.499428749084473,309100,0.007511824641816883
2006-01-18,9.490543998426979,9.543861185237578,9.441669204299426,9.503872871398926,214800,0.00046772108175978513
2006-01-19,9.543861185237578,9.548304425382028,9.481657518138077,9.503872871398926,485300,0.0
2006-01-20,9.486100247222145,9.517202079096293,9.38390827178955,9.38390827178955,642500,-0.012703049860043293
2006-01-23,9.454998229890771,9.486100061154866,9.423895551165332,9.441668510437012,262500,0.006136377181207669
2006-01-24,9.486101566676403,9.539418758030628,9.468328604584011,9.512760162353516,307200,0.0075013588123734294
2006-01-25,9.5394153879932,9.55274510485344,9.397235131328705,9.437223434448242,246800,-0.007972263151874744
2006-01-26,9.494985764408955,9.494985764408955,9.326146054978986,9.330589294433594,228600,-0.011363635075051011
2006-01-27,9.379461294245448,9.437221695071624,9.112872938403894,9.121759414672852,691100,-0.0226354703561322
2006-01-30,9.121763310001727,9.197296695621356,9.0462299243821,9.06400203704834,536800,-0.006351955289205136
2006-01-31,9.064001357127331,9.25061318716207,9.064001357127331,9.152864456176758,618900,0.009756137149472554
2006-02-01,9.175079597853987,9.201738187975998,9.07288762950186,9.112875938415527,426700,-0.0043785338873972846
2006-02-02,9.121761782090104,9.170635719331825,8.966251796867148,8.992910385131836,554900,-0.013251819803673468
2006-02-03,8.944035318567849,9.041784884893307,8.926263209438538,8.957365036010742,312000,-0.003960428990403271
2006-02-06,9.001797286448666,9.059557704978236,8.961808978443086,9.019569396972656,310800,0.0069204913059491766
2006-02-07,9.010680860271695,9.086214212433525,8.957362850967632,8.975135803222656,294300,-0.004938528702020783
2006-02-08,9.046228196238859,9.064000305510008,8.94403538995017,9.006239891052246,292200,0.0034595927899618703
2006-02-09,9.028457079934967,9.135092299682853,8.984025526507999,9.010684967041016,325400,0.000493433381553235
2006-02-10,9.019569994893322,9.095103376415384,8.93070774146,9.041786193847656,429500,0.003445650991518717
2006-02-13,9.046224737102044,9.24172210163562,9.046224737102044,9.139530181884766,373600,0.010752239024109225
2006-02-14,9.152862694257816,9.237282537357885,9.12176086981599,9.197294235229492,465600,0.006300354206018083
2006-02-15,9.197294587095161,9.263941477371842,9.152863044423645,9.175078392028809,291200,-0.00241839793685044
2006-02-16,9.20618145521366,9.27282920191074,9.15286427480956,9.210624694824219,220900,0.003866737857907512
2006-02-17,9.219512475252609,9.268387270405459,9.206182754539626,9.241727828979492,236100,0.0033711867982303967
2006-02-21,9.24617029988645,9.330590162454982,9.12620621329694,9.183966636657715,344500,-0.00626965584809847
2006-02-22,9.219511985778809,9.263943538335077,9.16619395321901,9.219511985778809,472200,0.003862899406242062
2006-02-23,9.272828906729547,9.614949871238847,9.272828906729547,9.428338050842285,1509500,0.022397734272629602
2006-02-24,9.486100482710983,9.726029511311538,9.441668930018619,9.672712326049805,1307700,0.025588918387389706
2006-02-27,9.717143063344233,9.797118834525797,9.632723205058833,9.663825035095215,403400,-0.0009192226523699001
2006-02-28,9.637163605773068,9.672708664981068,9.50831223648091,9.561630249023438,367800,-0.01063129555083149
2006-03-01,9.61050816869336,9.681599164106922,9.52164590748388,9.650496482849121,568800,0.0092511223617828
2006-03-02,9.663821813258608,9.686037156603525,9.51275510562228,9.632719993591309,306500,-0.0018437270893276075
2006-03-03,9.62827675543012,9.703810109248282,9.574958744956875,9.632719993591309,606200,0.0
2006-03-06,9.668268510747831,9.672711750498822,9.410566537419703,9.450554847717285,440100,-0.01909218211181493
2006-03-07,9.450553894042969,9.553961269027434,9.401097820119759,9.450553894042969,263300,-1.0091199718744666e-07
2006-03-08,9.455050443718132,9.634889552000873,9.414586537161952,9.616905212402344,565500,0.017449156513256656
2006-03-09,9.639383232577885,9.661862793928526,9.464039395389756,9.549463272094727,431500,-0.0070375583891094644
2006-03-10,9.553962243110151,9.652873543500691,9.51349833441844,9.55845832824707,276300,0.000941500285058189
2006-03-13,9.571947074827019,9.630394469524983,9.509002737220827,9.598922729492188,426500,0.0042244251758284885
2006-03-14,9.5854358442014,9.639388018788031,9.522492355134268,9.576443672180176,294700,-0.002344577635545452
2006-03-15,9.544969101711791,9.616904741502497,9.450553896064163,9.585433006286621,277000,0.0009382520216301573
2006-03-16,9.576438392619039,9.576438392619039,9.45954365095093,9.473031044006348,388100,-0.011795626893283874
2006-03-17,9.441562203461906,9.482026110079984,9.329162653420694,9.3831148147583,628200,-0.009537146293228554
2006-03-20,9.396602680351476,9.432570503856015,9.351642686585665,9.414587020874023,378100,0.003348519494347966
2006-03-21,9.383114758671363,9.4145864952883,9.293194776159678,9.32916259765625,292100,-0.00911504009661128
2006-03-22,9.35613588785454,9.450551931414743,9.320168075436438,9.432567596435547,529900,0.011023082067047746
2006-03-23,9.432569529581087,9.473033434036811,9.392105625125364,9.441561698913574,377800,0.0009530615180264517
2006-03-24,9.441562143051696,9.500009531381336,9.401098236692519,9.464041709899902,233300,0.002378133201558915
2006-03-27,9.477528029015424,9.477528029015424,9.347145024349967,9.392104148864746,224000,-0.007630181754930612
2006-03-28,9.40109779445785,9.500009084493806,9.320169985546402,9.441561698913574,581300,0.005252048553371666
2006-03-29,9.459548410567283,9.553963639621664,9.43257189580259,9.509003639221191,308400,0.007117700588951843
2006-03-30,9.50450516916005,9.53148167715751,9.41458604845658,9.441561698913574,413000,-0.007117700588951923
2006-03-31,9.48651825012141,9.48651825012141,9.315670524881241,9.356134414672852,561500,-0.009089185381314709
2006-04-03,9.441564522024683,9.576443672180176,9.40110060546989,9.576443672180176,640800,0.023274083563386117
2006-04-04,9.567450498520907,9.607914407212618,9.477530510863648,9.55845832824707,307400,-0.0018798475402829783
2006-04-05,9.531485977651036,9.733804733673015,9.52698989095621,9.706829071044922,502400,0.01540321441728267
2006-04-06,9.729303815318282,9.756280322090452,9.473033003765655,9.49101734161377,594500,-0.02248385742998579
2006-04-07,9.53148167715751,9.57644080873901,9.419082133122824,9.441561698913574,566600,-0.005224407629085328
2006-04-10,9.500013937892923,9.56295829783709,9.333663007958327,9.342655181884766,664800,-0.010530908125267595
2006-04-11,9.342648491730037,9.396599781573011,9.270712866912543,9.306680679321289,496900,-0.003857997673698542
2006-04-12,9.342649941260609,9.423576888581046,9.342649941260609,9.410089492797852,303200,0.011049969062375042
2006-04-13,9.396601681276323,9.441561670261851,9.27520996827753,9.297690391540527,349000,-0.01201643962419205
2006-04-17,9.284199770893526,9.31117541439214,9.230248483896297,9.302184104919434,292500,0.0004831982567619141
2006-04-18,9.329162593729652,9.500009531381336,9.32466650885191,9.464041709899902,337800,0.017250311305580288
2006-04-19,9.446055847669944,9.526983639995748,9.378616306578538,9.432567596435547,264900,-0.003331194719585176
2006-04-20,9.45954365095093,9.549462748967956,9.392103255512849,9.473031044006348,388800,0.004280584828444191
2006-04-21,9.486524067791295,9.643883640422612,9.473035810408948,9.509003639221191,388600,0.0037901772785341246
2006-04-24,9.522491455380543,9.540474940183062,9.464043200305913,9.486523628234863,536400,-0.002366875229564495
2006-04-25,9.531483650996844,9.531483650996844,9.387611484504504,9.459547996520996,975500,-0.0028476246133603287
2006-04-26,9.495512364853601,9.535975405408836,9.342648940390422,9.392104148864746,690100,-0.007155249299398821
2006-04-27,9.338153865572298,9.52698512457783,9.329161696681458,9.446057319641113,564300,0.005728087466272187
2006-04-28,9.446058759247926,9.4865226678831,9.387610510090203,9.414587020874023,856800,-0.003337142401363386
2006-05-01,9.455049435904694,9.509000733868593,9.39660119597998,9.428072929382324,810500,0.0014314232541042802
2006-05-02,9.44605920254362,9.50001051156204,9.423578775835448,9.437067031860352,620900,0.0009535156567036778
2006-05-03,9.450553894042969,9.504505195104226,9.410089989476791,9.450553894042969,563800,0.0014281168102378515
2006-05-04,9.46853688432779,9.500008617905308,9.419081670509016,9.446057319641113,336900,-0.0004759133196823863
2006-05-05,9.482027981997179,9.57644321105156,9.459548410567283,9.509003639221191,496900,0.006641661676051356
2006-05-08,9.540473003097093,9.594425161631554,9.513497352600098,9.513497352600098,407000,0.00047246294947545013
2006-05-09,9.553963196940432,9.562955368112013,9.464043200305913,9.486523628234863,392600,-0.002839338179039899
2006-05-10,9.504504294036465,9.6618638127043,9.468536477558708,9.567448616027832,390200,0.008494341583197026
2006-05-11,9.567448071348709,9.585431549793586,9.491016358492217,9.544967651367188,366000,-0.002352499518016779
2006-05-12,9.535976435928246,9.580936422842024,9.410089501618176,9.446057319641113,613400,-0.010416628511667182
2006-05-15,9.464044094537025,9.5854358442014,9.446060608035296,9.576443672180176,400200,0.013708859269170709
2006-05-16,9.607913408553534,9.607913408553534,9.455049959949354,9.477529525756836,437500,-0.010382615107326484
2006-05-17,9.446058237298129,9.49101822857964,9.351642169852905,9.365130424499512,626800,-0.011930421155426562
2006-05-18,9.405588587712227,9.432564222993223,9.30667735332192,9.338149070739746,216000,-0.0028852022965896534
2006-05-19,9.356138693735742,9.450554765611074,9.275210877139898,9.351642608642578,261500,0.001443947635029308
2006-05-22,9.320169475914106,9.48652116930704,9.302185995772946,9.428072929382324,340500,0.008139712507883543
2006-05-23,9.522490430131295,9.522490430131295,9.284203064983735,9.28869915008545,248100,-0.014893204327661218
2006-05-24,9.302186945918947,9.39660215576976,9.171803057031056,9.32916259765625,454100,0.004346740976945702
2006-05-25,9.378619637500297,9.441563117201985,9.306683987115338,9.437067031860352,270000,0.011499979007419104
2006-05-26,9.459547996520996,9.473035395772314,9.365131914058544,9.459547996520996,227100,0.0023793653236818843
2006-05-30,9.450554772908914,9.504506078987438,9.39660260928984,9.423578262329102,210300,-0.003809726970445703
2006-05-31,9.44605450781069,9.612405295071067,9.44605450781069,9.580933570861816,504800,0.016560162763195826
2006-06-01,9.598919419422284,9.711318942231586,9.56744769024213,9.702326774597168,477600,0.012590693193655729
2006-06-02,9.720313091741833,9.83271263746829,9.652872678273576,9.828216552734375,263800,0.01289175826487941
2006-06-05,9.828215030419848,9.877670239751733,9.702327249990686,9.73379898071289,321300,-0.00965322873293082
2006-06-06,9.760774681556237,9.81023074870288,9.648375152615937,9.75178337097168,529800,0.0018459181810311677
2006-06-07,9.751787550641822,9.829110525749869,9.715400319269802,9.738142013549805,422800,-0.0013998370317290867
2006-06-08,9.701748959198627,9.815459097429994,9.67445876893416,9.788168907165527,413800,0.0051240608917524095
2006-06-09,9.806365388778431,9.883688343581472,9.73359094514496,9.860946655273438,349000,0.007407771681469172
2006-06-12,9.897338119641327,9.979209620708627,9.833660671051282,9.933725357055664,561600,0.007353395871378281
2006-06-13,9.910977262796477,10.029235057418441,9.792718600634903,9.824557304382324,753800,-0.01105047087786586
2006-06-14,9.83365666930295,9.870043891909722,9.647171177460951,9.742688179016113,444800,-0.008368025348045587
2006-06-15,9.747234878340729,9.847299505023074,9.669911936232664,9.829106330871582,413600,0.008830944288240886
2006-06-16,9.856393535380334,9.910974776353848,9.719941734255638,9.888232231140137,461600,0.005997368996294198
2006-06-19,9.910980958631688,9.910980958631688,9.733592465470807,9.806366920471191,512600,-0.008313526114071624
2006-06-20,9.806364517725422,9.901881508722408,9.738138591321702,9.87004280090332,365100,0.006472329415894331
2006-06-21,9.860947019408444,9.961011666214606,9.824559796248037,9.9246244430542,505500,0.005514796466205232
2006-06-22,9.924624076567776,9.929172587737343,9.810913899948,9.860946655273438,655900,-0.006436812698029956
2006-06-23,9.842751012277757,9.956461170432684,9.783622111754646,9.906429290771484,306700,0.004601795998199324
2006-06-26,9.90643177746328,10.015593452588787,9.90643177746328,10.00649642944336,466600,0.01005055534501948
2006-06-27,10.006491943213371,10.079266360669946,9.94281454482374,9.974653244018555,525700,-0.0031873253444586916
2006-06-28,10.020142770808198,10.092917226750396,9.988303187236033,10.056529998779297,770500,0.008174974963242581
2006-06-29,10.12475256074748,10.170236797402952,10.015590913298139,10.129301071166992,549600,0.007210145313597388
2006-06-30,10.156591514592911,10.1838817102379,9.574395179748535,9.574395179748535,4881500,-0.05633995347841331
2006-07-03,9.779077145054163,9.96556180260316,9.779077145054163,9.947368621826172,868300,0.03821568961106653
2006-07-05,9.915528152220144,10.011045162278487,9.897334973067062,9.965560913085938,869200,0.0018271843215506194
2006-07-06,9.97010979252547,10.056529782425088,9.947368100860274,10.020142555236816,895200,0.00546208222672167
2006-07-07,9.992854324359397,10.102016036950149,9.96101559996295,10.029241561889648,710400,0.0009076595295254108
2006-07-10,10.065622329711914,10.111106564274648,10.020138962688799,10.065622329711914,672700,0.0036209060949512796
2006-07-11,10.074720108994342,10.21117282296062,10.020139717439577,10.183881759643555,867300,0.011680362533962629
2006-07-12,10.197527291302087,10.220268976526626,10.097462661758563,10.183881759643555,868600,0.0
2006-07-13,10.183880581986285,10.279397557471128,10.11110615663573,10.138397216796875,1387200,-0.004476330518760022
2006-07-14,10.115655539908452,10.19297848196086,10.006493892459112,10.129301071166992,582900,-0.0008976003206051449
2006-07-17,10.083818950784103,10.1793350870207,10.051980238705237,10.088367462158203,438000,-0.004049296274987026
2006-07-18,10.006498366012375,10.206628576243835,10.006498366012375,10.179337501525879,550000,0.008976906899966894
2006-07-19,10.165689922932437,10.420400474637747,10.165689922932437,10.393110275268555,581200,0.0207831825137938
2006-07-20,10.402205694701301,10.497721811545341,10.370366121546958,10.438592910766602,504700,0.004366681625924296
2006-07-21,10.384008004130735,10.397653530687785,10.256652358883011,10.329426765441895,498000,-0.010513005329820843
2006-07-24,10.338526267758741,10.484075115855614,10.320333095516414,10.479527473449707,467100,0.014426800086086839
2006-07-25,10.470435114714014,10.656919767798517,10.461338090773319,10.634177207946777,528400,0.014649489757569514
2006-07-26,10.593241395215564,10.67966051236321,10.52956310082166,10.625080108642578,510600,-0.0008558248036590035
2006-07-27,10.656916739141503,10.752432860753617,10.506819356936962,10.529561042785645,496100,-0.009030615487164795
2006-07-28,10.57504881000466,10.702404548848147,10.515919886548039,10.629630088806152,250800,0.009458754021241179
2006-07-31,10.629626915017273,10.6387230691516,10.479529527554167,10.506819725036621,303900,-0.011620848999365102
2006-08-01,10.443144558966049,10.638726245656406,10.4158543533353,10.629630088806152,432500,0.011620848999365233
2006-08-02,10.688756792861366,10.802466971508828,10.652369570395772,10.747885704040527,449900,0.011063663582894234
2006-08-03,10.716045230877539,10.770626489371507,10.64327079791203,10.68875503540039,631500,-0.005516798954583742
2006-08-04,10.779726472193502,10.861597081119553,10.63417669873184,10.697854995727539,504100,0.0008509961011195391
2006-08-07,10.675112446712294,10.720596696739351,10.53411205241434,10.543209075927734,484000,-0.014561290502980873
2006-08-08,10.59778807352842,10.716046760866739,10.515917475407859,10.556852340698242,500200,0.0012931968682448468
2006-08-09,10.857050392977312,10.943469521265962,10.68875891347312,10.775178909301758,984100,0.020470079915720394
2006-08-10,10.729690926604087,10.802465360683412,10.688755198992007,10.793368339538574,499500,0.0016866629299707875
2006-08-11,10.807011938740702,10.811560448499755,10.679656268105846,10.706947326660156,242300,-0.00803908925309711
2006-08-14,10.811563930230191,10.870692841060537,10.725143952056785,10.807015419006348,552400,0.009302685440660676
2006-08-15,10.95256349992474,10.970757543477747,10.82066015432441,10.911627769470215,688000,0.009633489402892248
2006-08-16,10.970760279605487,10.988953460156162,10.84795305761357,10.884340286254883,509700,-0.002503903235883834
2006-08-17,10.884336243139991,10.920723458264844,10.784270750891913,10.847949028015137,460100,-0.0033490528059563402
2006-08-18,10.86614352812744,10.957112010812992,10.816111643436157,10.911627769470215,412100,0.0058529560418401775
2006-08-21,10.86614032399465,10.984398969598672,10.81610845405642,10.925270080566406,317100,0.0012494735254728194
2006-08-22,10.98895365471649,11.10721236677953,10.96166344963732,11.075373649597168,486900,0.013645591465296899
2006-08-23,11.098111487811774,11.120854040428448,10.866142656359756,10.920723915100098,436600,-0.014061792763606897
2006-08-24,10.979858778112611,10.998052830084037,10.893439633868782,10.957117080688477,352100,0.003326946124504476
2006-08-25,10.911627769470215,11.002596252155767,10.884337571680447,10.911627769470215,305900,-0.004160218351667473
2006-08-28,10.902528457383205,11.093561536860463,10.902528457383205,11.070819854736328,241400,0.014483816446036395
2006-08-29,11.089014436902252,11.157241227028862,10.988949808277392,11.143595695495605,449900,0.006552150872862583
2006-08-30,11.189083708621895,11.189083708621895,11.048083305358887,11.048083305358887,426500,-0.008607999412991573
2006-08-31,11.061724373416011,11.161789870775,11.038982688128796,11.093563079833984,397600,0.004108081002184647
2006-09-01,11.098113870375364,11.179985342292358,11.08901684737573,11.148146629333496,266600,0.004908225113333736
2006-09-05,11.143597293689442,11.143597293689442,10.884338230152832,10.943467140197754,585200,-0.018530592485448225
2006-09-06,10.925085616909895,10.934278158316605,10.75502710748176,10.778008460998535,695200,-0.015234865483989212
2006-09-07,10.709065425737212,10.778008610595457,10.686084948550471,10.759623527526855,402700,-0.0017072385624348203
2006-09-08,10.745835971932884,10.805586622244567,10.71825922075394,10.732048034667969,261500,-0.0025661575844870372
2006-09-11,10.686086198270317,10.773413599760945,10.644720633177341,10.732048034667969,392500,0.0
2006-09-12,10.732047006001244,10.755027483672833,10.649315883745071,10.741239547729492,373600,0.0008560881595438375
2006-09-13,10.755026005408045,10.800987831082859,10.672294894523159,10.787199020385742,433300,0.004269658696412897
2006-09-14,10.745830104591557,10.837753727195553,10.745830104591557,10.791791915893555,433200,0.00042568214526153515
2006-09-15,10.874524924058727,10.934275552312767,10.773409622631078,10.842351913452148,804300,0.004674101273155467
2006-09-18,10.837757793627317,10.883719622174638,10.672295561516545,10.722853660583496,263500,-0.011082618764260229
2006-09-19,10.709060457344368,10.819369151281016,10.663099524294136,10.736638069152832,330600,0.0012846912348895838
2006-09-20,10.79179389578296,10.906698006794233,10.709062795591038,10.782601356506348,320600,0.004271838455018965
2006-09-21,10.800987920453471,10.814776731264681,10.658507048666632,10.686083793640137,355500,-0.008991534643025673
2006-09-22,10.699868328382697,10.745829259421187,10.575771710622218,10.630925178527832,433700,-0.005175091710769092
2006-09-25,10.67689296401986,10.892913318100454,10.621739465234771,10.846951484680176,402600,0.02011684811812265
2006-09-26,10.846945558502002,10.94806083546351,10.74123401304471,10.915887832641602,465700,0.006335255939922472
2006-09-27,10.929681607330778,11.081355030055956,10.874527236953906,11.039989471435547,294200,0.01130475988091579
2006-09-28,11.067563640370796,11.127313390766881,10.879120973503984,10.911293983459473,290800,-0.011725689095567711
2006-09-29,10.9204871143365,11.0307949587259,10.78719792112713,10.805583000183105,513600,-0.009735453056795624
2006-10-02,10.8055816883712,11.007813150191678,10.791792880753198,10.892909049987793,335100,0.008049086643820279
2006-10-03,10.892913318100454,10.98943237929889,10.79179710924603,10.846951484680176,489900,-0.004227960312295077
2006-10-04,10.851540741090862,10.948059739897989,10.722847866032867,10.934271812438965,734700,0.008017988188470392
2006-10-05,10.971040076865913,10.980231735448598,10.704462691703046,10.833154678344727,773900,-0.009290750239927549
2006-10-06,10.819369891263278,10.88371590325338,10.713657458731255,10.755023002624512,650300,-0.007238407800235612
2006-10-09,10.75042599840846,10.768811072947436,10.663099524294136,10.736638069152832,506800,-0.0017108903676540366
2006-10-10,10.755019722780569,10.837750785337468,10.663097001777212,10.800981521606445,577500,0.00597500049692214
2006-10-11,10.791793824413928,10.902101665057398,10.741236612024498,10.842351913452148,378800,0.003822927032448638
2006-10-12,10.879121119423713,10.948063409774297,10.833159300307063,10.943467140197754,358100,0.009282731356537339
2006-10-13,10.938871966961614,11.003218870833559,10.915891493424478,10.975641250610352,289900,0.002935715536093696
2006-10-16,10.989436274532158,11.030801851607636,10.952666970092775,11.02160930633545,302200,0.004179442564355828
2006-10-17,10.966449721466162,11.131911061587079,10.966449721466162,11.108930587768555,280700,0.007891514171709127
2006-10-18,11.122717711773278,11.20544793096686,11.053774547472168,11.182467460632324,429400,0.006597804181250796
2006-10-19,11.150299639115593,11.375511684437878,11.136510824510456,11.370915412902832,511200,0.01671166929742695
2006-10-20,11.421465656686584,11.472022855452861,11.315754114136077,11.439849853515625,487900,0.006044045402094502
2006-10-23,11.384698290840024,11.51798658925516,11.32035139955289,11.490409851074219,409300,0.004409900293110517
2006-10-24,11.476621851986213,11.522583669957454,11.366314014844491,11.508795738220215,290900,0.001598828358761546
2006-10-25,11.52718190867966,11.63289349441875,11.462835878516549,11.591527938842773,266500,0.007162891352289351
2006-10-26,11.660468686103192,11.674256617322792,11.504199036857047,11.646679878234863,376100,0.004746669224920162
2006-10-27,11.628295237637175,11.688045863994418,11.462833920248974,11.508795738220215,364200,-0.011909560577209453
2006-10-30,11.47661932048833,11.646677746476028,11.47202305204017,11.623697280883789,386700,0.009934293509857276
2006-10-31,11.697238994552707,11.70643065729285,11.540969331535786,11.63748836517334,366500,0.001185759497841801
2006-11-01,11.697246332322857,11.701841728251251,11.531784026121242,11.582342147827148,423900,-0.004749933122787868
2006-11-02,11.145696744794195,11.495005284055686,11.127311669578447,11.329543113708496,723500,-0.022067960839497882
2006-11-03,11.48582206696942,11.550168129142847,11.26060997271308,11.407687187194824,373400,0.00687369394856214
2006-11-06,11.48581322005081,11.577736846622633,11.357120318179991,11.527178764343262,392800,0.01042017499461829
2006-11-07,11.522583524102252,11.697238254852401,11.517987254698431,11.5685453414917,378400,0.0035821887370831047
2006-11-08,11.545565021405434,11.816737906570545,11.490410664490422,11.743199348449707,582700,0.014984487627305471
2006-11-09,11.761584722547049,11.816738204202464,11.692642432153388,11.766180992126465,352400,0.0019551047849251033
2006-11-10,11.766184203183029,11.830530241557664,11.738607454829474,11.821337699890137,465700,0.004676779191344707
2006-11-13,11.830527305836506,11.91325840701664,11.743199934963165,11.881085395812988,376500,0.005041494891093055
2006-11-14,11.881086556021218,12.046547897890258,11.784566636336127,12.005183219909668,551800,0.010390818478356928
2006-11-15,11.986796525813007,12.064931354412296,11.95462351579838,12.018969535827637,510900,0.0011477047762265622
2006-11-16,12.087914185976462,12.152261095220522,11.945433309523446,12.023568153381348,477800,0.0003825401186210562
2006-11-17,12.023567273140067,12.046547746913374,11.922451961229083,12.014374732971191,352300,-0.0007649091190428447
2006-11-20,12.028160397634732,12.12927568310217,11.995987392106395,12.092506408691406,705000,0.006482128388062572
2006-11-21,12.064930041073891,12.11548812367835,12.018968227492445,12.106295585632324,352400,0.0011396579414652806
2006-11-22,12.138470794108807,12.175240076314314,12.083317309124967,12.17064380645752,485800,0.005301193077276935
2006-11-24,12.087912700784074,12.230394436379889,12.055739688439484,12.22120189666748,105600,0.004145497083681225
2006-11-27,12.156853660567489,12.156853660567489,12.000584020478366,12.055737495422363,662700,-0.013631616473095584
2006-11-28,12.055739689984208,12.175240076314314,11.986797395429988,12.17064380645752,436100,0.009486119389414379
2006-11-29,12.253373002963846,12.377469639831245,12.244180464681364,12.271758079528809,679600,0.008273724517992995
2006-11-30,12.29474046106907,12.326913473413661,12.193625154179093,12.22120189666748,798700,-0.004128227434311699
2006-12-01,12.216603869146516,12.26256568444696,12.138469046130375,12.253373146057129,824900,0.002628954158551581
2006-12-04,12.276356309233815,12.478587814943024,12.276356309233815,12.464799880981445,482600,0.017107404424386175
2006-12-05,12.487779031466875,12.519952042831628,12.372874918507721,12.40045166015625,398300,-0.005175766218840036
2006-12-06,12.451485318750388,12.507154652958079,12.252001620668583,12.27519702911377,653700,-0.010152171350399863
2006-12-07,12.31230588236391,12.372614449680974,12.251996430199108,12.29374885559082,605400,0.0015101852631347508
2006-12-08,12.27519098316326,12.32158266205226,12.163851484738268,12.233439445495605,489200,-0.004917769693019774
2006-12-11,12.242719831375707,12.34478172489305,12.210245914292145,12.330863952636719,296400,0.007932243499410921
2006-12-12,12.35870184752702,12.391175773111513,12.242723036240623,12.335506439208984,287500,0.0003764223558905814
2006-12-13,12.405091423325299,12.405091423325299,12.307669663265614,12.381896018981934,398600,0.0037536010767028746
2006-12-14,12.405090549629973,12.525708590385806,12.372616631897229,12.395812034606934,466200,0.00112326911416463
2006-12-15,12.405084239587724,12.451475906257174,12.358692572918276,12.400444984436035,650200,0.0003736813890462207
2006-12-18,12.446839929598255,12.493231608487253,12.210243163627267,12.233439445495605,350100,-0.013559217435215327
2006-12-19,12.214887859558363,12.344784441323823,12.159217643130859,12.316948890686035,436600,0.006803132083522812
2006-12-20,12.29375442687027,12.354063021517963,12.23808420617013,12.24272346496582,267200,-0.006044514815822515
2006-12-21,12.284468840108685,12.34477828489909,12.177768603753515,12.238077163696289,318000,-0.0003795873669164577
2006-12-22,12.265917399048684,12.303030577425693,12.177773268585302,12.224164962768555,245300,-0.0011374429503028794
2006-12-26,12.247358374224419,12.372615662679653,12.177771286698563,12.358697891235352,271200,0.010945370550445426
2006-12-27,12.446840132629278,12.493231812275011,12.386531568483209,12.43292236328125,268700,0.005987885669343242
2006-12-28,12.409730702950739,12.423648476489968,12.191690893257244,12.210247039794922,303100,-0.018072463046405633
2006-12-29,12.200966020149865,12.247357704245234,12.001483282780999,12.043234825134277,519200,-0.01377244351896551
2007-01-03,12.103543392119038,12.386531847980619,12.08962562245696,12.289109230041504,702600,0.020210364724740353
2007-01-04,12.233443352477046,12.312308966321268,12.149938480777523,12.284473419189453,325000,-0.0003773003695242962
2007-01-05,12.265921079906459,12.265921079906459,11.876232147582854,11.950458526611328,566800,-0.027566493264504846
2007-01-08,11.917984082082025,11.969014162431796,11.797366000153866,11.857674598693848,738100,-0.007794344660397285
2007-01-09,11.857668229302229,11.922616936898068,11.801998919760337,11.885503768920898,446200,0.0023441834568285916
2007-01-10,11.85302994240051,11.964370340288546,11.82983454233505,11.92261791229248,372100,0.003117774172408944
2007-01-11,11.97828667970742,12.103543957978953,11.950452023929664,12.001482963562012,411900,0.006592961411458757
2007-01-12,12.020042568085556,12.06179500620256,11.955094724280444,12.033960342407227,427800,0.0027024588810565272
2007-01-16,12.061792082380835,12.154575452338266,11.899421627379226,11.92261791229248,375100,-0.009295420292515148
2007-01-17,11.876226443180169,12.001483729445082,11.829834757358222,11.913339614868164,341500,-0.0007785127056349011
2007-01-18,11.894783864196407,11.987567245805987,11.764888191760479,11.806640625,438100,-0.008996610322939929
2007-01-19,11.82983454233505,11.955091826323244,11.760247457290873,11.92261791229248,230700,0.009775123028574714
2007-01-22,11.904062869494286,11.969010708386573,11.829836515089404,11.93653678894043,339100,0.0011667536759991039
2007-01-23,11.91333943543478,12.006121920833417,11.866947750311565,11.996844291687012,313900,0.005039624797121532
2007-01-24,12.015399070318798,12.173130250916577,11.987564416344984,12.163851737976074,430100,0.013824941638509535
2007-01-25,12.173137810776003,12.187055588830088,11.982932601611397,12.038602828979492,239300,-0.010350192107246409
2007-01-26,12.047877260710223,12.177773833479286,11.931898462296134,12.145299911499023,290800,0.008823867343125513
2007-01-29,12.122102922062592,12.298391181003792,12.122102922062592,12.247360229492188,401500,0.00836816591361856
2007-01-30,12.251999305997083,12.377256611572705,12.224164644151816,12.3679780960083,362700,0.00980029852308932
2007-01-31,12.344781942715583,12.456121468187177,12.293750995056476,12.321585655212402,562500,-0.003758065218453958
2007-02-01,12.381896259649961,12.479318021603243,12.293752128705583,12.446844100952148,327800,0.010114449306723677
2007-02-02,12.878286955395648,13.142718496242574,12.432927872247076,12.47931957244873,779500,0.0026057351060843692
2007-02-05,12.516432909433696,12.581381644453291,12.4282896513004,12.530350685119629,487900,0.004080916139035532
2007-02-06,12.572102625708649,12.637050473288763,12.530350185164844,12.586019515991211,442400,0.00443287955906578
2007-02-07,12.627772265804655,12.701998631956412,12.56282441663389,12.688081741333008,361400,0.008076471569860503
2007-02-08,12.650968929622262,12.780864631776842,12.641690412368904,12.72983455657959,255700,0.0032853088594100334
2007-02-09,12.72055647504142,12.81333988105688,12.595299142374992,12.674164772033691,306400,-0.004382764535411915
2007-02-12,12.715916407427896,12.725194924408887,12.63241152429515,12.688081741333008,329100,0.0010974556760019799
2007-02-13,12.729828726126211,12.80405506046008,12.683437045955618,12.79013729095459,258100,0.008011242490600983
2007-02-14,12.785501996867074,12.943233227421688,12.785501996867074,12.804059028625488,272600,0.0010878824925840244
2007-02-15,12.785499374841347,12.845808830840069,12.655603718563107,12.831891059875488,545700,0.0021713290975228553
2007-02-16,12.836531870920895,12.869005788921916,12.734470859367985,12.86436653137207,514700,0.0025276434649437155
2007-02-20,12.845810333140356,12.989623777201967,12.734470806946087,12.924675941467285,300800,0.004677143023132502
2007-02-21,12.864370349201451,12.906122794693266,12.743752271652673,12.901483535766602,352300,-0.0017960403253574943
2007-02-22,12.86900156975106,12.984980315929258,12.790135986955981,12.920032501220703,348800,0.001436706397730268
2007-02-23,12.920040358379678,13.017462139688334,12.892205690126941,12.98498821258545,344300,0.005014923417025069
2007-02-26,13.087042656570866,13.240135466918964,12.924673102894467,12.961786270141602,472300,-0.0017884264299223812
2007-02-27,12.367978633942101,12.864367735204423,11.704579784648352,12.460762023925781,594000,-0.039420841805054674
2007-02-28,12.446841760228187,12.59529444662865,12.33086298837185,12.465398788452148,810600,0.00037204001167707003
2007-03-01,12.18705276836445,12.530349917281304,12.18705276836445,12.372618675231934,675900,-0.0074708494659915985
2007-03-02,12.419010373160814,12.525710659003611,12.214887433182563,12.372618675231934,884100,0.0
2007-03-05,12.224168778257091,12.363343019398863,12.08963291161823,12.112829208374023,846500,-0.02122070357992138
2007-03-06,12.154573562818618,12.358695529236206,12.131377281511398,12.340139389038086,567100,0.018592158048094665
2007-03-07,12.387006801388152,12.499488025862075,12.185477605651885,12.35888671875,833400,0.001518062552781655
2007-03-08,12.429190770216614,12.429190770216614,12.274528932543125,12.30733585357666,571200,-0.004179881218348029
2007-03-09,12.37763455793195,12.452622049489472,12.232346404779427,12.326080322265625,383000,0.0015218735536311472
2007-03-12,12.307338185498537,12.36826520840183,12.157363150116533,12.349518775939941,432800,0.0018997277942538558
2007-03-13,12.297964414418086,12.312024909082444,12.007388009395077,12.082375526428223,716400,-0.021869274091432016
2007-03-14,12.08237024192808,12.382320178870716,11.97457495115816,12.115177154541016,869800,0.002711154192924745
2007-03-15,12.129241638598995,12.433879421771541,12.091747881366915,12.37295150756836,888900,0.021053783105047838
2007-03-16,12.368260345252354,12.51823532166481,12.302646516552247,12.405754089355469,1170400,0.002647644431710096
2007-03-19,12.499492590670085,12.574480101038098,12.443251510933257,12.51823902130127,506400,0.009026298086533241
2007-03-20,12.527617483252596,12.804134368896484,12.438570339275191,12.804134368896484,709100,0.02258141381446496
2007-03-21,12.8134993737709,12.93066743615438,12.663524396947468,12.888486862182617,497000,0.0065663052133384915
2007-03-22,12.841619458444951,12.949413861296621,12.794752054707285,12.888486862182617,659800,0.0
2007-03-23,12.916605919995584,12.982220637580543,12.84161843754532,12.963473320007324,317100,0.005801236548238886
2007-03-26,12.972848363225358,12.996281618771318,12.879113553198723,12.986907958984375,480000,0.00180611183284748
2007-03-27,12.954105435058514,12.986912361512877,12.841624161248538,12.944732666015625,553500,-0.0032528084717721307
2007-03-28,12.911920468531624,13.043149023784638,12.893174042879137,12.986907958984375,453800,0.0032528084717720475
2007-03-29,13.052527426010105,13.075960690070186,12.925985654673525,13.043153762817383,430800,0.004321610296034695
2007-03-30,13.04783260963329,13.13219373889852,12.790063287030575,12.897857666015625,671100,-0.01120215505939492
2007-04-02,12.93535412407938,13.07595543982926,12.916606805221335,13.057209014892578,547700,0.01227917100384985
2007-04-03,13.132201188516946,13.165008114303834,13.047840011395413,13.104080200195312,508600,0.0035832511974712004
2007-04-04,13.090018787017799,13.122825708261,13.010344452317923,13.029090881347656,338600,-0.005739029866458784
2007-04-05,13.04783820429895,13.080645125542151,13.005657621580099,13.029090881347656,278700,0.0
2007-04-09,13.019723293601855,13.08533716219229,12.991602297987168,13.080650329589844,278100,0.003949446671636434
2007-04-10,13.099394116327135,13.277489237431947,13.038466202899563,13.244682312011719,575100,0.012462072752609726
2007-04-11,13.263423463554583,13.324351352728117,13.183749150427026,13.296231269836426,863000,0.0038844949692882925
2007-04-12,13.296231269836426,13.314977693790448,13.183749150427026,13.296231269836426,832300,0.0
2007-04-13,13.314981119156796,13.314981119156796,13.179066605280955,13.197813034057617,424500,-0.007429495274640889
2007-04-16,13.249368141148242,13.286861895066954,13.211874387229528,13.282175064086914,282900,0.006371778955356789
2007-04-17,13.272798669207196,13.2774854992222,13.179064750671387,13.179064750671387,504400,-0.007793348763318794
2007-04-18,13.132196851242819,13.207184340823764,13.075955787096415,13.146256446838379,360600,-0.0024925295742866775
2007-04-19,13.061896358620325,13.09939010389051,12.986907974158559,13.015028953552246,587000,-0.010032274172195392
2007-04-20,13.221243980985834,13.221243980985834,13.080642661027966,13.118136405944824,518000,0.007890968123674234
2007-04-23,13.071271333025301,13.197813079913251,13.05721173487434,13.160319328308105,667900,0.003210459474609336
2007-04-24,13.1603184261529,13.202499005557355,13.05252400941773,13.141571998596191,329600,-0.0014255501746056865
2007-04-25,13.188438291844772,13.357160606614778,13.141571776783303,13.310293197631836,658400,0.012757020039259676
2007-04-26,13.286859159252208,13.310292415405804,13.14625694056636,13.179064750671387,442100,-0.00990809371645512
2007-04-27,13.155627802687851,13.165001460724291,13.029086100959612,13.094700813293457,499100,-0.006421936521583984
2007-04-30,13.094703009766253,13.094703009766253,12.752571585417792,12.757258415222168,673200,-0.026107233208195663
2007-05-01,12.757262978677273,12.95410543126755,12.672902693785755,12.925985336303711,533300,0.013139255315671028
2007-05-02,12.90254826968775,13.033775936786359,12.822873945840122,12.935355186462402,746900,0.0007246221873483129
2007-05-03,12.925986709308752,13.01034789708286,12.869745619485414,12.949419975280762,500600,0.0010867229956331207
2007-05-04,12.991596135199135,13.080644124560358,12.911921806596249,13.066583633422852,537700,0.00900710593427521
2007-05-07,13.08533376856924,13.141574851290823,13.057213674169292,13.104080200195312,440400,0.002865543852379022
2007-05-08,13.043150426987566,13.080644176247578,12.96816292846754,13.047837257385254,477800,-0.004301254744539849
2007-05-09,13.075959436223643,13.389969971695754,13.057213005557506,13.268115043640137,915900,0.01674139917597804
2007-05-10,13.230618598040532,13.286859666446022,13.094704098102902,13.108763694763184,572200,-0.012082800937044743
2007-05-11,13.165004260626375,13.235304923008588,13.122823684412763,13.179064750671387,352100,0.005348575950079451
2007-05-14,13.179062356692581,13.216556096080446,13.085327561262291,13.16500186920166,572500,-0.0010676318890647206
2007-05-15,13.155631622784075,13.263426039740482,13.052524036206837,13.066583633422852,526700,-0.007503831407787349
2007-05-16,13.080643138897358,13.122823715209961,12.991595156246149,13.122823715209961,362100,0.004294879031719094
2007-05-17,13.075955939117542,13.075955939117542,12.949414213758,12.986907958984375,414900,-0.010411212617301093
2007-05-18,13.00565957924604,13.029092842540868,12.893178306371812,13.000972747802734,447400,0.0010824114786625347
2007-05-21,13.024402598132149,13.038462193891165,12.893174042879137,12.986907958984375,535800,-0.0010824114786624932
2007-05-22,12.986912357712313,13.000972852155083,12.841624157490491,12.925985336303711,560400,-0.004702117531674622
2007-05-23,12.958791168509801,12.982225323935642,12.626034206757504,12.649467468261719,555600,-0.02162453548907923
2007-05-24,12.630721492761008,12.677588017457419,12.297963625102208,12.32139778137207,727200,-0.02627770896689775
2007-05-25,12.396387210741384,12.438567804628873,12.208917507276194,12.302652359008789,495800,-0.00152252987445665
2007-05-29,12.349516777713626,12.485431296316133,12.349516777713626,12.433877944946289,648000,0.010609961489513044
2007-05-30,12.340143964059617,12.508866310119629,12.283902884065734,12.508866310119629,705300,0.006012858115105751
2007-05-31,12.53698072685739,12.551041213970183,12.368258457188812,12.42449951171875,839000,-0.006767407255640149
2007-06-01,12.490119405268032,12.611974337748899,12.415131892036985,12.522926330566406,1025000,0.007890780409709086
2007-06-04,12.452619944662347,12.58853530883789,12.372945636609401,12.58853530883789,1104500,0.005225432792572803
2007-06-05,12.52761279066606,12.560419714992301,12.424505186509068,12.471372604370117,1768800,-0.009350677468625822
2007-06-06,12.466637647571357,12.490311114069458,12.315125294579847,12.348268508911133,1128900,-0.009919974620868008
2007-06-07,12.263038348281098,12.281977837404765,11.855849266052246,11.855849266052246,844800,-0.04069449679133377
2007-06-08,11.836911944120676,11.955281063561882,11.775360399368521,11.907933235168457,655000,0.004383481671117057
2007-06-11,11.860588030581594,12.045244511857302,11.799036472212967,11.978957176208496,589300,0.0059467054204368364
2007-06-12,11.907934748183537,11.931609116930659,11.699604818633018,11.77062702178955,1288100,-0.017544349104875498
2007-06-13,11.836911944120676,11.945811317266255,11.784829242579438,11.907933235168457,750100,0.011597643684438606
2007-06-14,11.955277736271121,12.116259766154796,11.931604280205358,12.045238494873047,932500,0.011464599775368348
2007-06-15,12.102061517677214,12.381412781028047,12.07838804915661,12.192022323608398,928800,0.01211239375488109
2007-06-18,12.215693546370886,12.215693546370886,12.02630312376916,12.059446334838867,558300,-0.010933548919402061
2007-06-19,11.993157905033494,12.130466502862136,11.931606366648507,12.092588424682617,768500,0.0027444570178906504
2007-06-20,12.106796235456052,12.144674326450213,11.808506381762646,11.865323066711426,1098900,-0.01897261998158493
2007-06-21,11.808502998066814,11.85585082401335,11.675929266033444,11.72327709197998,1182900,-0.012043757643711751
2007-06-22,11.675932196278646,11.718545160016406,11.439193910217709,11.486541748046875,857100,-0.020400293145378726
2007-06-25,11.46759957227193,11.53388689097866,11.292413787246605,11.335026741027832,1021700,-0.013278424162822707
2007-06-26,11.339761525970145,11.656990788831456,11.339761525970145,11.410782814025879,1243400,0.006661126123153064
2007-06-27,11.368163654003128,11.633310072757821,11.27346805290579,11.62384033203125,786800,0.018499420877628743
2007-06-28,11.638051746995226,12.016832566660238,11.595438791897323,11.628582000732422,672400,0.0004078429936494787
2007-06-29,11.642787289837624,11.71380858472448,11.36817095401296,11.496009826660156,763700,-0.011466029540797716
2007-07-02,11.567033952208458,11.732750949554895,11.567033952208458,11.694872856140137,885100,0.017150524768610897
2007-07-03,11.71381057500571,11.817975098332598,11.685402232841088,11.780097007751465,331600,0.007260884808493634
2007-07-05,11.841644671578388,11.903196205177487,11.54335403890897,11.661723136901855,608100,-0.010099461243762995
2007-07-06,11.671195483478737,11.680665230169662,11.505478528726554,11.609643936157227,466000,-0.00447582538000814
2007-07-09,11.604906553189895,11.661723214879043,11.557558733059235,11.585967063903809,456600,-0.0020414965983475654
2007-07-10,11.50548040693483,11.604910957251546,11.45813347192057,11.529154777526855,969500,-0.004915604699271355
2007-07-11,11.538623690609196,11.585970622196529,11.443928021264865,11.533888816833496,831200,0.00041053032343788914
2007-07-12,11.623851471307727,11.699607663549994,11.54809527906546,11.690138816833496,593300,0.013456094704511314
2007-07-13,11.671197737480732,11.879527689491082,11.609646178272067,11.865323066711426,568200,0.014874467814616049
2007-07-16,11.860583502952425,11.860583502952425,11.661723378088196,11.67119312286377,1001400,-0.016496438528626756
2007-07-17,11.694870590784529,11.780095607145482,11.609644671338769,11.680665969848633,648800,0.0008113142055939259
2007-07-18,11.656987317098212,11.775356396299482,11.581230275571746,11.742212295532227,870600,0.005255243752109155
2007-07-19,11.789565717710268,12.002630522889875,11.770627125630321,11.974222183227539,888300,0.01956595031027482
2007-07-20,11.94581651113701,12.130473031848922,11.903203537363886,11.96475601196289,1388600,-0.000790858463619858
2007-07-23,12.064181955873028,12.182551090219706,11.969487190246582,11.969487190246582,708800,0.0003953480630529555
2007-07-24,11.79902872219188,11.917397790069773,11.519677649753303,11.538617134094238,1021200,-0.036661255904296156
2007-07-25,11.66172647526744,11.851117808740153,11.462866297588935,11.680665969848633,1140200,0.012235572242479153
2007-07-26,11.387109567924327,11.61437897634758,11.264006471512882,11.377640724182129,1424900,-0.02628490427065349
2007-07-27,11.368168504271175,11.462863242686165,11.079347610473633,11.079347610473633,752500,-0.02656728980596274
2007-07-30,11.050942846646189,11.12669902306709,10.814204569559655,11.069881439208984,910700,-0.0008547630998589973
2007-07-31,11.174044679341366,11.245065967995982,10.899428367614746,10.899428367614746,1284000,-0.015517692042834496
2007-08-01,10.889952334784667,11.268732924326121,10.818931087131164,11.226119995117188,998200,0.02953286097699441
2007-08-02,11.292417950384163,11.401317359935016,11.216661760863134,11.391847610473633,1036500,0.014654772191748933
2007-08-03,11.424985164466552,11.429720036849059,10.946774793932649,10.960978507995605,1293500,-0.03855642022928436
2007-08-06,11.041472746302064,11.415519645637351,10.899430145819071,11.372906684875488,1646500,0.036892362737324505
2007-08-07,11.505474354325198,11.685395863834877,11.150367110017822,11.633313179016113,2160300,0.02263888787738794
2007-08-08,11.907934162659995,12.471371467949165,11.60017460875886,12.0263032913208,2068600,0.03322338385758726
2007-08-09,11.964744151301227,12.305646700464118,11.718536303141478,12.220420837402344,2643300,0.016012199629531168
2007-08-10,11.964749380133927,12.518716829046015,11.775358992276077,11.808502197265625,2402200,-0.03428859435312503
2007-08-13,11.888994965140705,12.120998337109656,11.37290551826201,11.443926811218262,1720200,-0.03136061742718578
2007-08-14,11.486540127519053,11.595439507003123,11.254536748280694,11.259271621704102,877800,-0.016267246401192124
2007-08-15,11.264003588159195,11.70907073808116,11.150368461493445,11.178777694702148,943600,-0.007174801264636787
2007-08-16,11.17403848452935,11.638044943121105,11.008321634151098,11.62384033203125,1258700,0.03904105799606087
2007-08-17,12.139934902080084,12.272508622412797,11.642785031230435,11.917401313781738,1297700,0.02494143716764816
2007-08-20,11.955282140909398,12.073651271017413,11.728013627842364,11.91266918182373,717700,-0.0003971563593218702
2007-08-21,11.85585433985559,12.05471364225018,11.737485191429323,11.870058059692383,689200,-0.0035833710149776616
2007-08-22,11.997895099995068,12.064181523868422,11.794300051715716,11.91266918182373,1450300,0.003583371014977727
2007-08-23,11.997892707404395,12.002627580034673,11.709071798549672,11.813237190246582,793300,-0.008381772408830875
2007-08-24,11.817974934172037,11.931610107421875,11.718545286434559,11.931610107421875,419700,0.009970491392728932
2007-08-27,11.870056552868682,11.926874134258052,11.529153773786922,11.567031860351562,413200,-0.031032219177890435
2007-08-28,11.467603128543123,11.60491177843842,11.235599698833619,11.282947540283203,551600,-0.024866452029403942
2007-08-29,11.39184380735801,11.604908583683324,11.273474687862771,11.590703964233398,733600,0.026910875742177532
2007-08-30,11.481807821285315,11.633320192371567,11.287682482945431,11.406051635742188,728300,-0.016059334647618346
2007-08-31,11.600169643303047,11.61910912926242,11.372901230296957,11.500740051269531,740400,0.008267325790490526
2007-09-04,11.439194414227535,11.770628390549755,11.439194414227535,11.709075927734375,507200,0.017952875824393085
2007-09-05,11.680357578124214,11.704293285302304,11.493663627404459,11.6133394241333,551700,-0.00820987362520211
2007-09-06,11.670776156608152,11.766517100651065,11.53195279210457,11.742582321166992,875100,0.011067361643829201
2007-09-07,11.503232806100685,11.603759992481477,11.249519900912768,11.546316146850586,732200,-0.016855311657669004
2007-09-10,11.608542709157778,11.646838896006072,11.369191313092669,11.52237606048584,774500,-0.0020755485177808425
2007-09-11,11.527159944941307,11.689918921378291,11.450567592859532,11.665984153747559,624300,0.012386380752132992
2007-09-12,11.665988000059219,11.771302290630885,11.584608485009653,11.651626586914062,545200,-0.0012314785427774034
2007-09-13,11.713862075166045,11.752158278623849,11.598973464792635,11.632482528686523,386300,-0.0016443886640720503
2007-09-14,11.536740744185714,11.728221732721513,11.498444546478554,11.680351257324219,393500,0.004106647553085571
2007-09-17,11.622904121620806,11.67556080787901,11.488867011125224,11.52237606048584,293800,-0.013617161098369161
2007-09-18,11.603758675631743,11.929276807443662,11.536740558983418,11.919702529907227,508800,0.0339018165305508
2007-09-19,12.063313409445055,12.173414856985728,12.025017214080762,12.07767391204834,560300,0.013165911234445316
2007-09-20,12.08724838899074,12.08724838899074,11.8718317158468,11.929276466369629,369400,-0.012363030995573076
2007-09-21,12.044166678161247,12.068101461491544,11.943639492509849,12.0154447555542,922700,0.0071972991753309215
2007-09-24,12.00108625036779,12.048956741699932,11.871836197687113,11.91013240814209,367200,-0.008803384497622389
2007-09-25,11.800024444283677,11.890978236616455,11.728219203201244,11.776089668273926,387700,-0.011318324246793587
2007-09-26,11.867047090188748,12.034592399607746,11.809602331921194,12.0154447555542,416100,0.020121708744415955
2007-09-27,12.03459079613735,12.063313627970869,11.948424126743463,12.020230293273926,374800,0.00039820290241391324
2007-09-28,12.03458746073407,12.063310284607017,11.733005114492782,11.756939888000488,580200,-0.02214739309408465
2007-10-01,11.79045377481419,12.034592399607746,11.756944712930393,12.0154447555542,383500,0.021749190191670646
2007-10-02,12.10160875631567,12.149478312374713,11.97235876362844,12.048951148986816,391600,0.0027847293751522176
2007-10-03,11.962785629435606,12.0824613571167,11.886193236763974,12.0824613571167,479900,0.0027773119092285936
2007-10-04,12.087247731110619,12.230858230021312,12.039377260455959,12.221284866333008,402700,0.011424166280888081
2007-10-05,12.326598932367803,12.489357981606435,12.250006546026478,12.474996566772461,698800,0.02054727366833899
2007-10-08,12.446270913696178,12.50850186652134,12.398400458340594,12.46063232421875,458000,-0.0011521060251072203
2007-10-09,12.474997785134951,12.676053047180176,12.465424420697259,12.676053047180176,600700,0.017140366267802923
2007-10-10,12.589891165172824,12.647335938918253,12.32660482538606,12.417558670043945,882500,-0.02060313389630261
2007-10-11,12.484571489534353,12.561163879840128,12.130331456106816,12.28830337524414,1208400,-0.010463627934191557
2007-10-12,12.240435005045816,12.52765697454273,12.240435005045816,12.503722190856934,709500,0.017378510409428383
2007-10-15,12.47978748721441,12.542019390635225,12.18299212845735,12.307454109191895,787700,-0.015821271293706345
2007-10-16,12.226068036504216,12.340956580954197,12.115965715818286,12.159049034118652,414200,-0.012131434907984627
2007-10-17,12.25001331805942,12.25480045898383,11.914920757780836,12.09682846069336,665300,-0.005130361489676614
2007-10-18,12.09681920591324,12.259578220607878,12.082457794127336,12.206920623779297,565600,0.009059747590688222
2007-10-19,12.19256008238353,12.206921495194655,11.800023929410871,11.82874584197998,1692100,-0.0314703978277559
2007-10-22,11.728218736131005,12.068097289810519,11.627691585229677,12.025014877319336,819000,0.0164563958680539
2007-10-23,12.092036036385252,12.159054153937177,11.886193631843344,11.967573165893555,788500,-0.004788297208557895
2007-10-24,11.919704288947688,12.101611936771388,11.828750465035839,12.053741455078125,806100,0.007174349959056141
2007-10-25,12.082462696946138,12.178203654929105,11.991508878167664,12.149480819702148,961600,0.00791133204418394
2007-10-26,12.31223851475073,12.41276660062418,12.226072757927785,12.369683265686035,609100,0.01796214305421982
2007-10-29,12.431917303145458,12.55159306009429,12.369686311275633,12.494149208068848,678400,0.01001189033884297
2007-10-30,12.427130388341547,12.580316126975058,12.350537975551582,12.513297080993652,492600,0.0015313740112009688
2007-10-31,12.594676770474738,12.805306364461066,12.51808435685309,12.743075370788574,569100,0.018196170505205875
2007-11-01,12.570738887063738,12.738285092984544,12.340961702799794,12.45106315612793,846000,-0.023182002562973408
2007-11-02,12.805296438199536,12.81008357447175,12.350528535920828,12.52764892578125,930600,0.006132102358830685
2007-11-05,12.336179630261936,12.66169789818087,12.326605348722264,12.44149398803711,987400,-0.006900940088660628
2007-11-06,12.503721466878147,12.53723052731944,12.326600973476916,12.522869110107422,806800,0.006519325965951797
2007-11-07,12.37446884977403,12.489357424158095,12.159052202145638,12.163839340209961,1021900,-0.029088939648690793
2007-11-08,12.254798623390498,12.364900108999006,11.914918973096606,12.235650062561035,1781900,0.005886264954788745
2007-11-09,12.111177048786384,12.436695006792833,12.063307512770155,12.360102653503418,1219700,0.010119930421114216
2007-11-12,12.326600346059148,12.513294195045683,12.307451790751108,12.345748901367188,1106100,-0.001161971990268146
2007-11-13,12.345752075487285,12.345752075487285,11.986724788635165,12.2595853805542,1143800,-0.007003674246346918
2007-11-14,12.230864446726084,12.32660543669864,12.048957661442724,12.092041015625,906400,-0.013760642182916265
2007-11-15,12.010655352816745,12.168627266965196,11.857470577042887,12.11596965789795,1903900,0.001976919986432876
2007-11-16,12.111185531470328,12.135121229295898,11.919704514133336,12.07288932800293,3665400,-0.003562001454460219
2007-11-19,11.981935545100772,12.192564192345387,11.981935545100772,12.058527946472168,1675200,-0.001190264381319101
2007-11-20,12.048955036738509,12.206926996643519,11.96757548690541,12.111186027526855,1648100,0.0043573676070831555
2007-11-21,12.063319387276255,12.24522617713501,12.015448891085919,12.09682846069336,1101100,-0.0011861830737042425
2007-11-23,12.14469328288878,12.312238571697222,12.106397086439229,12.264369010925293,375300,0.013754922511127782
2007-11-26,12.355325490051463,12.384048330508659,12.15427017211914,12.15427017211914,1646600,-0.00901766753401884
2007-11-27,12.273944361083936,12.398407247945515,12.168630032071906,12.3266019821167,1638500,0.014079127211062022
2007-11-28,12.403196050714662,12.570742302152697,12.297881707579654,12.56595516204834,1639500,0.019231496030974023
2007-11-29,12.51808334479346,12.609037171010847,12.43670379776812,12.49893569946289,1836300,-0.005347689138004749
2007-11-30,12.599460643284374,12.599460643284374,12.269155374534172,12.403192520141602,2835700,-0.007689595865067011
2007-12-03,12.398403517333799,12.407977793377725,12.240431614821887,12.297876358032227,1117200,-0.008527307121792624
2007-12-04,12.211709052725768,12.474995238611426,12.101607623213814,12.39361572265625,730400,0.007754885294940109
2007-12-05,12.456507750995343,12.577444719451607,12.456507750995343,12.538744926452637,782900,0.01164196563763073
2007-12-06,12.64516631503658,12.688703687814915,12.495204765842118,12.679028511047363,546700,0.011125885639897866
2007-12-07,12.582283388774897,12.674195751039196,12.529070822830946,12.645170211791992,459300,-0.0026739893965019826
2007-12-10,12.611304050492926,12.654841423034668,12.480691932867703,12.654841423034668,505600,0.0007645223135334864
2007-12-11,12.659681189559766,12.688705802022893,12.35975711852148,12.379107475280762,713800,-0.022029692566134546
2007-12-12,12.471017435980569,12.650003588343992,12.364592339539554,12.466179847717285,955400,0.007009194764740097
2007-12-13,12.383941607122535,12.669352830910272,12.359753667926222,12.650002479553223,995700,0.014638045844049433
2007-12-14,12.529063181109173,12.562925366901775,12.29686454480959,12.354914665222168,953500,-0.023603478671194975
2007-12-17,12.321054639946029,12.412966969151134,12.229143233416517,12.311380386352539,896500,-0.0035298632390028247
2007-12-18,12.345243606620432,12.591955085932456,12.335568429547253,12.567767143249512,703400,0.020611303757170362
2007-12-19,12.504880119331004,12.635492239511843,12.471017922841673,12.553255081176758,726200,-0.0011553720670627
2007-12-20,12.596791487900635,12.65000311143945,12.509716747795471,12.611303329467773,1093200,0.004613500487776306
2007-12-21,12.775779566558828,12.925741129054593,12.630655592875922,12.901554107666016,1494800,0.022754276120454657
2007-12-24,12.949928366906422,12.978952975525027,12.853178441276839,12.91606616973877,192200,0.0011241983920449422
2007-12-26,12.848338280005283,12.853175867585662,12.727401358522279,12.780613899230957,442700,-0.010542492236543447
2007-12-27,12.77094333623268,12.867693277430037,12.722568365634002,12.79029369354248,937300,0.0007570943454993664
2007-12-28,12.814476721075842,12.86285167658791,12.67902703017716,12.741914749145508,860200,-0.0037896449423640475
2007-12-31,12.698383463243577,12.76610787979123,12.500046881060326,12.548421859741211,636700,-0.015302023689370652
2008-01-02,12.490370778504271,12.538745753613163,12.233984978976178,12.316221237182617,841700,-0.018677716146320092
2008-01-03,12.364593834965023,12.37910660151011,12.156582127864093,12.17109489440918,916100,-0.01185332367113331
2008-01-04,12.079186691502544,12.180774246783468,11.967924877884997,12.035649299621582,857000,-0.01119084890096493
2008-01-07,12.06466713056066,12.388778105895172,12.040479193490647,12.335565567016602,1093600,0.024613578794706877
2008-01-08,12.37910885691364,12.475858806156719,12.238821522778764,12.267847061157227,1105600,-0.005504819830411066
2008-01-09,12.204959440305299,12.354921955410457,12.093697643427978,12.316221237182617,901300,0.003935413607802474
2008-01-10,12.204959288195509,12.383946417064935,12.13239728777446,12.325896263122559,985400,0.0007852431055863245
2008-01-11,12.229143676278577,12.296868067263523,12.122718578815805,12.166255950927734,698700,-0.013036222509750024
2008-01-14,12.224303948099017,12.330728104256567,12.079179092238213,12.151741981506348,804100,-0.0011936814194240257
2008-01-15,12.069505745274313,12.20495451369332,11.943731229831283,11.977593421936035,1329600,-0.014434842942464962
2008-01-16,11.953410733436876,12.190448027641699,11.909874269232413,11.94857406616211,1182800,-0.0024257432802871287
2008-01-17,11.992107924845575,12.025970121861974,11.576084538242581,11.58092212677002,955900,-0.03125284629403192
2008-01-18,11.469660127204763,11.682509421860976,11.310023386881536,11.392260551452637,2552000,-0.016424874107549274
2008-01-22,11.00525924660311,11.353557229057722,10.942372456885426,11.140708923339844,1531000,-0.022328355731724557
2008-01-23,10.88916500306261,11.963084975697083,10.88916500306261,11.716373443603516,3383000,0.05038143300785863
2008-01-24,11.759908271422317,11.759908271422317,11.372910416559339,11.40677261352539,1408700,-0.02678003521968899
2008-01-25,11.4986864981143,11.50836167645735,11.126200435989,11.169737815856934,1539900,-0.02099912726997301
2008-01-28,11.164898723567113,11.421285379086127,11.126198938080815,11.40677261352539,1051600,0.020999127269973047
2008-01-29,11.48417543562862,11.580925388071778,11.416451022523967,11.52771282196045,1029000,0.010546679131976289
2008-01-30,11.484166762454153,11.798602486409582,11.416442400496894,11.445466995239258,1175500,-0.007160191036610587
2008-01-31,11.290676776334506,11.866337072215877,11.271326416222077,11.764749526977539,1323500,0.02751397627743074
2008-02-01,11.837309667989421,11.972759399418864,11.716372704358927,11.96308422088623,929300,0.016717861000160095
2008-02-04,11.97759674239496,12.23882009867398,11.885684393576511,12.180770874023438,752900,0.018032957150531194
2008-02-05,11.99210591202153,12.253329189928293,11.842143460868515,11.846981048583984,1149900,-0.02778547913797448
2008-02-06,11.938893605791675,11.972755797793713,11.706694926912954,11.745394706726074,664100,-0.008611847382178728
2008-02-07,11.71637227244462,11.876009021644963,11.629298436888249,11.701860427856445,1346900,-0.0037133838178541093
2008-02-08,11.658319320946799,11.750231638877603,11.532544812903458,11.726043701171875,1187900,0.002064485305346503
2008-02-11,11.70185658483524,11.740556362153887,11.547057475560646,11.643806457519531,961600,-0.007037921299783139
2008-02-12,11.677671348794854,11.798608296227032,11.513197026473037,11.711533546447754,895700,0.005799725352766162
2008-02-13,11.817965191698173,12.345250648158043,11.576091162961578,11.638978004455566,905600,-0.006214491304928908
2008-02-14,11.682506335004344,11.798605667955728,11.363232938719168,11.401932716369629,892100,-0.020576760589705735
2008-02-15,11.31486357216909,11.45998850201354,11.256814338372058,11.435800552368164,1170000,0.0029659564220018584
2008-02-19,11.53254170214158,11.571241469356476,11.38741780575453,11.445466995239258,606000,0.0008449220241883852
2008-02-20,11.368072595606556,11.503522303377016,11.295510614637813,11.450309753417969,623500,0.00042302633399093307
2008-02-21,11.532551358163753,11.585763928641486,11.24713998998028,11.271327018737793,899000,-0.015754713323091966
2008-02-22,11.324534266113085,11.372909223565445,11.193922157794386,11.334209442138672,1160200,0.005563467666893196
2008-02-25,11.34872374693021,11.382586870370313,11.169737564982801,11.329374313354492,1276200,-0.00042668705088312614
2008-02-26,11.271322443822623,11.576084049453272,11.2422978365592,11.493846893310547,2721300,0.014412989794286887
2008-02-27,11.421286275679257,11.527710463452165,11.222949744157718,11.266487121582031,1389100,-0.01997926168216788
2008-02-28,11.261652490732883,11.266490080903559,11.077827754951155,11.174577713012695,1381900,-0.008191226498724962
2008-02-29,11.053641326155132,11.71153793954957,10.908516381193452,10.995591163635254,1757400,-0.016146962091531283
2008-03-03,11.068152672779663,11.097178214061158,10.831116288370056,11.08266544342041,1122400,0.00788782672460777
2008-03-04,10.990749685749023,11.247136351956886,10.990749685749023,11.203598976135254,1722200,0.01085284796427747
2008-03-05,11.28687880757072,11.28687880757072,10.973353773332297,11.095824241638184,1119000,-0.0096662207458608
2008-03-06,11.017446444284829,11.07623269741859,10.79700009737876,10.80679702758789,1002500,-0.02639355251636566
2008-03-07,10.733314729584256,10.953762007120531,10.654933682988199,10.899874687194824,1287100,0.008576002005351203
2008-03-10,10.939067641194455,11.007650838611504,10.80679924528216,10.875383377075195,1095300,-0.0022494631636220484
2008-03-11,11.149707526155854,11.360356805182828,11.081124387635512,11.335862159729004,1164000,0.04146951338090284
2008-03-12,11.384856496579056,11.458338602789361,11.1448144512917,11.193802833557129,1053900,-0.012611036067147533
2008-03-13,11.041938784212427,11.218295637783621,10.968455749650865,11.144813537597656,1885200,-0.004386070621557574
2008-03-14,11.257485222426933,11.257485222426933,10.865580097598304,11.095824241638184,1737200,-0.0044053930175611735
2008-03-17,10.880274297661133,11.32116866387126,10.86557844170438,11.208495140075684,1153900,0.010103142346576277
2008-03-18,11.424047242734487,11.482833489497363,11.213397848866414,11.463237762451172,1452900,0.02247321320881011
2008-03-19,11.5661105178572,11.742467344522913,11.257484436035156,11.257484436035156,1133400,-0.01811200799699487
2008-03-20,11.502428334348393,11.639595621166897,11.22809469508708,11.517125129699707,2217400,0.022801878759432227
2008-03-24,11.517119708512514,11.595500711406984,11.198696767456818,11.281976699829102,1095200,-0.02062859934637535
2008-03-25,11.272178302098778,11.37505301308996,11.183999444463355,11.203595161437988,1074000,-0.006971746714203929
2008-03-26,11.149714289085482,11.267285855452066,11.086029106652072,11.242792129516602,994200,0.0034925003665670536
2008-03-27,11.272183871431544,11.424047015516264,11.149713382955811,11.193802833557129,897600,-0.00436691698469251
2008-03-28,11.247686710507356,11.252585641081458,11.027240440925606,11.061532020568848,685100,-0.011886801191426972
2008-03-31,11.08112853871203,11.174205423178332,11.017443371050312,11.154610633850098,1194300,0.008379416656780768
2008-04-01,11.281978157360957,11.399549676891866,11.14481091738721,11.208495140075684,1874600,0.004819063242103655
2008-04-02,11.257483697175468,11.296674204348497,11.169304822442307,11.218293190002441,1306600,0.0008737809806688293
2008-04-03,11.130116837346446,11.247688385507166,11.09582525259652,11.149712562561035,1200600,-0.006132047988308495
2008-04-04,11.203596443352778,11.32116795552746,11.086023996802775,11.120316505432129,1003200,-0.0026399672952343955
2008-04-07,11.267288116089585,11.355467042150435,11.14481759308861,11.262389183044434,828300,0.012695032286637757
2008-04-08,11.20359892203329,11.433843067517602,11.149711616640474,11.404450416564941,808800,0.012534883214349998
2008-04-09,11.43874436985389,11.497529683946418,11.291779215871129,11.326071739196777,652300,-0.006896364937915914
2008-04-10,11.360359767187616,11.399550275756756,11.218293589639842,11.340764045715332,522300,0.0012963704961381033
2008-04-11,11.311375309636503,11.330970103509726,11.19380374326992,11.242792129516602,811200,-0.008676448479100665
2008-04-14,11.262386923389823,11.32117317376099,11.164411085272212,11.242792129516602,575700,0.0
2008-04-15,11.321169111447619,11.448538496235427,11.272180742779167,11.433841705322266,795800,0.01685030482143798
2008-04-16,11.512222291915348,11.673883248426804,11.443639138963634,11.664085388183594,965300,0.019936967362320538
2008-04-17,11.59550039161997,11.698375104691106,11.536714173882727,11.566107749938965,575500,-0.008435420113699922
2008-04-18,11.688582715106172,11.722874299433714,11.482832274765325,11.55141544342041,1040600,-0.001271097113116087
2008-04-21,11.487731277767445,11.512224999761377,11.360361867772673,11.453438758850098,481100,-0.008517965478560863
2008-04-22,11.379958121385641,11.389755985192968,11.218297106067608,11.326071739196777,1653700,-0.011182711495419245
2008-04-23,11.360362965778643,11.419148277996062,11.281981926571625,11.409351348876953,883600,0.007326011205363393
2008-04-24,11.399553559204337,11.463237803581569,11.232993616216877,11.414249420166016,956500,0.0004292110972165039
2008-04-25,11.47303310602233,11.47303310602233,11.301574269530384,11.379955291748047,612100,-0.0030090239801701707
2008-04-28,11.424046139793187,11.424046139793187,11.267284076061129,11.301575660705566,740900,-0.00691134502350524
2008-04-29,11.321171385859875,11.394653486437328,11.257486213483975,11.301575660705566,703500,0.0
2008-04-30,11.355463121563734,11.54161784112803,11.291777948340641,11.36036205291748,993600,0.005188128642478789
2008-05-01,11.41424576859094,11.67878239378058,11.370156331059333,11.624895095825195,912500,0.023018643777113944
2008-05-02,11.688584557086157,11.811055054341876,11.590607785531285,11.649394035339355,1036800,0.002105237107300335
2008-05-05,11.58570482994603,11.62489533808246,11.458335444908782,11.53671646118164,748600,-0.009719479359098946
2008-05-06,11.482833275711792,11.634696419989625,11.389755442726686,11.605303764343262,690400,0.005927529516824623
2008-05-07,11.64449391108093,11.673886565787674,11.453439319547982,11.482832908630371,739800,-0.010609085189287276
2008-05-08,11.566110764374486,11.566110764374486,11.36036035023296,11.47303295135498,1021200,-0.0008538086021674532
2008-05-09,11.252581059645195,11.551409162370618,11.242784136861232,11.522016525268555,920800,0.0042603646540433525
2008-05-12,11.585704992628015,11.595502853393555,11.379954588428841,11.595502853393555,1054500,0.006357652345479569
2008-05-13,11.595504737209069,11.595504737209069,11.389754299583506,11.492629051208496,1080100,-0.008911460087974112
2008-05-14,11.473034577755366,11.51222509389146,11.311373581897021,11.458337783813477,749400,-0.0029882220786965298
2008-05-15,11.428942923589753,11.522020731832246,11.311371397882334,11.340764045715332,733900,-0.010313983528782735
2008-05-16,11.433844926551043,11.433844926551043,11.272183918463588,11.350564956665039,973900,0.0008638464109490174
2008-05-19,11.375055356087644,11.482829952896768,11.316270061805763,11.477931022644043,1517600,0.011158631534417075
2008-05-20,11.419142185234003,11.649387182634545,11.41424325610046,11.590600967407227,1757300,0.009768358102014702
2008-05-21,11.619998706312037,11.742469185261102,11.507326089929043,11.556314468383789,1060200,-0.0029625134454560153
2008-05-22,11.561211154161727,11.727771047931991,11.556312223830199,11.639592170715332,875300,0.007180410012127674
2008-05-23,11.59060373756098,11.629794245620657,11.414245984104719,11.433841705322266,642600,-0.017834876271714994
2008-05-27,11.414245221711676,11.575906173456936,11.375054716269654,11.443638801574707,681900,0.0008564838989493199
2008-05-28,11.522018241308732,11.600399241504691,11.453434165355848,11.51222038269043,795300,0.005975100701372461
2008-05-29,11.379955416933623,11.909027789910665,11.27708067453207,11.894331932067871,3047100,0.03265286527912892
2008-05-30,12.06089310591642,12.075588965302057,11.693481671266,11.757165908813477,7012400,-0.011599059138884617
2008-06-02,11.747369548425064,11.801256864731144,11.683685302734375,11.683685302734375,1751800,-0.006269469150502545
2008-06-03,11.722872117600463,11.766961556208795,11.610199523101585,11.639592170715332,1850800,-0.003781045318348481
2008-06-04,11.610200830488097,11.732671299441028,11.585706176072195,11.659188270568848,1742600,0.0016821571003466757
2008-06-05,11.683990033829938,11.931952476501465,11.683990033829938,11.931952476501465,1764400,0.023125321873773357
2008-06-06,11.827804130577615,11.882355203656301,11.733578173948924,11.743496894836426,1605500,-0.015920252165085934
2008-06-09,11.768294269532701,11.887316097835395,11.703824467248436,11.788131713867188,1137200,0.0037936067497026144
2008-06-10,11.703823019401698,11.812926112040314,11.604637701802016,11.72365951538086,1165300,-0.005484257617996927
2008-06-11,11.738532920901468,11.773247484462882,11.60959243774414,11.60959243774414,1039200,-0.009777290071276534
2008-06-12,11.70878169453621,11.70878169453621,11.520329791307494,11.56992244720459,732500,-0.003422852416654166
2008-06-13,11.644315975475934,11.683989928108325,11.465783661580991,11.63935661315918,837100,0.005983328729895347
2008-06-16,11.55504196559087,11.659186615924208,11.436020183710655,11.654227256774902,846500,0.0012768018626041825
2008-06-17,11.67406897869243,11.67406897869243,11.540169070212285,11.589761734008789,669300,-0.005546869608302901
2008-06-18,11.604632586321836,11.649265864976606,11.34179321857805,11.450896263122559,1335700,-0.012054096054297641
2008-06-19,11.47569465637207,11.495532093912042,11.36659158760548,11.47569465637207,1184500,0.002163287425293652
2008-06-20,11.440978580583906,11.45585665678046,11.212853754309176,11.262445449829102,1834200,-0.01875751121702331
2008-06-23,11.292205172472594,11.515370710573267,11.242612515372024,11.26740837097168,1360200,0.00044056399675963836
2008-06-24,11.222775617012037,11.252531780252426,11.009528789197073,11.034324645996094,1327200,-0.020903506649064076
2008-06-25,11.13846276872819,11.183096045203836,11.034319087552229,11.14342212677002,1056700,0.009838543285345301
2008-06-26,11.064078010002625,11.069037369711953,10.821075059652452,10.865708351135254,812500,-0.025237572763500676
2008-06-27,10.88554740878011,10.910343265113033,10.657421557731805,10.667340278625488,1632100,-0.018425044011070014
2008-06-30,10.637585061845723,10.741728793525548,10.513603888378528,10.667340278625488,1799800,0.0
2008-07-01,10.578073352504843,10.895464843994509,10.513603560508978,10.840913772583008,1756400,0.01614052556369908
2008-07-02,10.840913462811057,10.910342613115214,10.71693229675293,10.71693229675293,1067100,-0.0115023404809284
2008-07-03,10.816111761539803,10.816111761539803,10.642538018520248,10.662375450134277,652600,-0.005103716704852389
2008-07-07,10.702051901286776,10.726847750774194,10.478885472295907,10.538396835327148,897400,-0.011695803002468808
2008-07-08,10.568155608509741,10.90538457233102,10.523522307656846,10.895465850830078,1425300,0.03332129707034613
2008-07-09,10.935139351649292,10.969854875508007,10.806199760922144,10.885547637939453,1218300,-0.0009107210352046343
2008-07-10,10.870664586026193,11.108708108240423,10.796276103571854,11.039278984069824,1331700,0.014023724632832111
2008-07-11,10.97480687555297,11.153339967442736,10.806193444869113,11.029358863830566,1509000,-0.0008990243055131547
2008-07-14,11.108711171508654,11.108711171508654,10.771482282429274,10.83099365234375,1226700,-0.01814889820701904
2008-07-15,10.741728720456948,10.890505749245037,10.741728720456948,10.761566162109375,1285600,-0.006430708548646698
2008-07-16,10.806200379126519,10.850832734838454,10.558238012786596,10.6326265335083,723400,-0.012053849530586318
2008-07-17,10.692132159786418,10.692132159786418,10.424333416529445,10.558233261108398,1290900,-0.0070212892486437965
2008-07-18,10.568154535162737,10.721891865109086,10.325151558478142,10.508644104003906,1102000,-0.004707792980740642
2008-07-21,10.563196427720197,10.687177610890158,10.419378747111748,10.6326265335083,824600,0.011729082229384397
2008-07-22,10.587992817885013,10.875629113756162,10.587992817885013,10.82603645324707,1242600,0.018026766853096766
2008-07-23,10.801241001451265,10.801241001451265,10.607829712794748,10.707015037536621,643800,-0.01105487792996653
2008-07-24,10.756606934290948,10.791321511709336,10.62766639966458,10.721892356872559,599500,0.001388528257873059
2008-07-25,10.796278304037418,10.811155436019973,10.642541003609846,10.69709300994873,799000,-0.0023156426488653427
2008-07-28,10.627664567581038,10.796279011032901,10.58303127690842,10.70205307006836,642000,0.00046357552679068435
2008-07-29,10.702054592078904,10.791321186119339,10.682218096681732,10.746687889099121,761900,0.00416200499107513
2008-07-30,10.761568225970745,10.90538592192719,10.731812057785444,10.850833892822266,924500,0.0096443297540055
2008-07-31,10.791323107710367,11.03928549268744,10.771485662879515,10.950018882751465,1357600,0.009099247198736187
2008-08-01,10.95497467887266,11.09879232348792,10.870667457580566,10.870667457580566,1122600,-0.007273077823953365
2008-08-04,10.895465977638558,11.059121100703452,10.786362877562416,10.930181503295898,839000,0.005459805135318538
2008-08-05,11.03928549268744,11.064081352824575,10.826037690262929,10.950018882751465,1778100,0.0018132726886347721
2008-08-06,10.910339684976782,11.158301950544436,10.910339684976782,10.959932327270508,888500,0.0009049262684813468
2008-08-07,10.875626873139527,10.895463365715619,10.647501060157131,10.70205307006836,1383200,-0.023810508212298218
2008-08-08,10.558237384965517,11.153346461253737,10.35986674696814,11.034324645996094,3150900,0.03057523797863912
2008-08-11,11.034327457651383,11.426108527034444,10.890508803047004,11.312045097351074,1040400,0.024857259080615642
2008-08-12,11.351712052479401,11.440978618149906,11.297160998048174,11.411223411560059,1399500,0.008729285045858232
2008-08-13,11.307081855897748,11.460819181359788,11.262448560879895,11.406267166137695,1130700,-0.000434425116419654
2008-08-14,11.341796872604656,11.460818672062755,11.302122939451955,11.41618537902832,1255700,0.0008691628119618859
2008-08-15,11.401307299383117,11.550085258131626,11.371552085993885,11.41618537902832,913000,0.0
2008-08-18,11.431058829986716,11.520325387296257,11.38146713894886,11.450896263122559,694800,0.00303588462201773
2008-08-19,11.416189636827756,11.470740724069937,11.381475050609586,11.426108360290527,662500,-0.0021670592755220885
2008-08-20,11.421143843362762,11.4707355464892,11.307080466829081,11.396347045898438,688100,-0.002608074436535217
2008-08-21,11.307074700533676,11.455852571743707,11.26244143376073,11.341790199279785,624300,-0.004798717742225744
2008-08-22,11.411226019146586,11.515369738959482,11.351714646466945,11.41618537902832,648900,0.00653796683226526
2008-08-25,11.406265303611017,11.406265303611017,11.168221732986694,11.237650871276855,843200,-0.015762293164828453
2008-08-26,11.202939274380915,11.346756948409775,11.188061192556694,11.272368431091309,726800,0.0030846341690018673
2008-08-27,11.252524911190312,11.371546653791574,11.212850996989891,11.316994667053223,1140700,0.003951089176212362
2008-08-28,11.336835942123228,11.465776443481445,11.26244650010426,11.465776443481445,659100,0.01306108820409958
2008-08-29,11.416186217679302,11.485615369321607,11.222774951688061,11.232693672180176,528400,-0.02053803301501185
2008-09-02,11.31699955957861,11.4310619939783,11.069037252152608,11.128548622131348,868500,-0.009314849479419941
2008-09-03,11.128551364613193,11.163265944863593,10.999610819467872,11.093836784362793,681000,-0.003124044999211413
2008-09-04,11.029364909603943,11.108712783738405,10.895465017289066,11.004569053649902,1293000,-0.008079154390514686
2008-09-05,11.034716038914747,11.15028984540472,10.808595374238019,10.93924331665039,1116500,-0.005953927136821136
2008-09-08,11.039740227406172,11.41660893151768,11.024666092634785,11.41158390045166,1601000,0.04227234317318716
2008-09-09,11.356312179986507,11.49700923724486,11.301037788391113,11.301037788391113,1214500,-0.009734409924824503
2008-09-10,11.396516517653946,11.512089425364666,11.34626713564969,11.446765899658203,870500,0.012812674742312258
2008-09-11,11.391487102908247,11.517110030395799,11.145266280043872,11.431686401367188,885900,-0.0013182273237954548
2008-09-12,11.3713871409554,11.677907395209433,11.346262938460793,11.582433700561523,1057700,0.01310060558751138
2008-09-15,11.391489425285965,11.62766023207692,11.160342693203116,11.336215019226074,1203000,-0.02148714415781796
2008-09-16,11.677908873050326,11.788456719814086,11.270890798882785,11.718108177185059,2240500,0.033132882760476816
2008-09-17,11.552282405939337,11.657806146139396,11.280937425360236,11.311086654663086,2290000,-0.03535198817415734
2008-09-18,11.396509232344354,12.140196543632113,10.703070312511922,11.672879219055176,4493500,0.031484770965095076
2008-09-19,11.778406583770861,12.5472183279962,11.778406583770861,12.07487678527832,4084000,0.03385885978729281
2008-09-22,12.100002917892006,12.145227258106896,11.858807075697316,11.87890625,1582200,-0.016362752171034382
2008-09-23,12.014574892561308,12.014574892561308,11.537207456878878,11.622631072998047,1871800,-0.021810091156910533
2008-09-24,11.517110199019413,11.662832298656534,11.316113703781888,11.582433700561523,1273000,-0.0034645378529444245
2008-09-25,11.647759395630148,12.05980249416583,11.607560092320009,11.924129486083984,1004600,0.029074420851370453
2008-09-26,11.793480306503167,12.009551899142515,11.758306039501765,11.974377632141113,899900,0.004205134643266174
2008-09-29,11.828659495139053,12.059805303409336,11.552288381879594,11.733185768127441,2184000,-0.02034795240577566
2008-09-30,11.944231423267716,11.984430732657161,11.361340957907203,11.577412605285645,1521600,-0.013365206601443967
2008-10-01,11.557314185119163,11.687962199614391,11.37139175260707,11.662837028503418,975800,0.0073514535588659335
2008-10-02,11.381439396585069,11.577411855795633,11.28596568355567,11.451788902282715,1544500,-0.018261510430331463
2008-10-03,11.582433444503193,11.828655223956073,11.31108842153801,11.35631275177002,1889500,-0.008372174909323833
2008-10-06,11.170390466436169,11.326163586368665,10.59755022459643,10.959343910217285,2354800,-0.03558136137297095
2008-10-07,11.095013481668477,11.210586309146157,10.43674981383194,10.461874008178711,1953900,-0.046454815450258154
2008-10-08,10.275957353149801,10.502078080607067,9.88401341709272,10.06993579864502,2233400,-0.038183270868147955
2008-10-09,10.069935619593208,10.245806973901603,9.16544985056561,9.17549991607666,2287400,-0.09301745198106535
2008-10-10,8.909179957945481,12.00955460202213,8.125292967803658,9.366447448730469,3095100,0.020597004125450784
2008-10-13,9.688039883356819,10.316154479980469,9.44684314984896,10.316154479980469,1462800,0.0965771793539332
2008-10-14,10.009633846939233,10.542274735061577,9.230772161869513,9.818687438964844,3136100,-0.04942361128857931
2008-10-15,9.597591869414208,9.693065562840147,9.064950924245327,9.10515022277832,2581700,-0.0754472394372017
2008-10-16,9.100123709130388,9.301120169072517,8.577531954854132,8.889077186584473,3995400,-0.024016971371687124
2008-10-17,8.642859406579825,9.23579892983753,8.507186389565097,8.723258018493652,3871900,-0.018830446489920976
2008-10-20,8.773505049227165,9.577492000066917,8.773505049227165,9.567442893981934,1340200,0.09237317543552467
2008-10-21,9.482018343501093,9.532266744336715,9.095099523135211,9.210672378540039,1233700,-0.03800311667682911
2008-10-22,9.019729404244622,9.115202168994102,8.587586091533918,8.833806991577148,1642300,-0.04177678829836833
2008-10-23,8.884053523024216,9.180523706491849,8.346387550492807,9.029775619506836,2750000,0.02194145420760089
2008-10-24,8.366485931449391,8.979526368880032,8.024791929162447,8.748379707336426,2489500,-0.03165901186418979
2008-10-27,8.62778225019745,9.029775213913982,8.441859905461788,8.572507858276367,1935700,-0.020308184879023642
2008-10-28,8.61773318006011,9.39659595489502,8.502160309470245,9.39659595489502,2185100,0.09178716919334663
2008-10-29,9.38654686807362,9.713166342585826,9.245848820677837,9.35639762878418,2538400,-0.004287143543300902
2008-10-30,9.577490327044295,9.9694341486999,9.476992574761368,9.95435905456543,1992800,0.06195020348183143
2008-10-31,9.853863272943787,10.180482710430287,9.572467210051391,9.793563842773438,2797400,-0.016285131986833037
2008-11-03,9.768442423136186,10.06993774305547,9.763417389321024,10.02973747253418,1242200,0.023829008223496536
2008-11-04,10.180479761448213,10.346301948349263,9.969433254626273,10.190529823303223,1419600,0.01590441291162418
2008-11-05,10.054855362719445,10.265901838039888,9.818684694938252,9.853858947753906,1561400,-0.03359569051179129
2008-11-06,9.79858588733383,9.949332979152928,9.260920045838647,9.28101921081543,2004600,-0.059891780288179854
2008-11-07,9.306145834062532,9.974459707894647,9.100124328789782,9.8136625289917,1959100,0.05580418086411363
2008-11-10,9.984512436541316,10.115159460456,9.693067232371936,9.823714256286621,1065300,0.0010237343085798265
2008-11-11,9.73326660362403,10.15033475996895,9.693067297895377,9.899088859558105,1527400,0.007643433825320239
2008-11-12,9.683016110872824,9.93426198219743,9.54734311033507,9.592567443847656,1344100,-0.03145414450911298
2008-11-13,9.677989970215089,10.507101058959961,9.366444703739559,10.507101058959961,2608400,0.0910627459031324
2008-11-14,10.346307002768173,10.652827330101925,9.97446315831806,10.064911842346191,1804300,-0.04299601969063996
2008-11-17,9.944317197106203,10.18048809342749,9.677996090544163,9.969441413879395,1736900,-0.009530744508373176
2008-11-18,9.994561264398916,10.28098142756766,9.642817591100831,10.06993579864502,1856500,0.010029775491141547
2008-11-19,10.059883460701565,10.275955032091412,9.47699320033336,9.492067337036133,1876600,-0.05909789857181235
2008-11-20,9.436793165090354,9.627739562957759,8.75842927228272,8.80867862701416,1957300,-0.07471898951521548
2008-11-21,9.019727852527735,9.577493077720163,8.602659712625247,9.562418937683105,3048300,0.08210327889551858
2008-11-24,9.718190426974765,10.170432805882475,9.366445822031576,9.94431209564209,2144000,0.03916001702622475
2008-11-25,10.125210762867173,10.125210762867173,9.436797453048563,9.657893180847168,2680000,-0.029225211820934224
2008-11-26,9.557398124863457,10.054865092706658,9.456899340915818,9.969441413879395,1513400,0.03174902849507723
2008-11-28,9.914160392778296,10.200580490570221,9.914160392778296,10.165406227111816,655200,0.019465853886201742
2008-12-01,9.853862001520586,10.034758351837104,9.356395360903257,9.371469497680664,1639300,-0.08132049558250506
2008-12-02,9.275997793897687,9.73326619521109,9.275997793897687,9.602618217468262,2305800,0.024365878259980347
2008-12-03,9.376496204437444,9.838788663922577,9.301122631805221,9.773465156555176,2036100,0.017635284034993096
2008-12-04,9.703115850643181,9.899088293487525,9.250873447450152,9.45186996459961,1618100,-0.033458474528899794
2008-12-05,9.5488330520563,9.93670668435059,9.171166851162075,9.911189079284668,1462700,0.04745172718094407
2008-12-08,10.145959211545872,10.145959211545872,9.52842390594609,9.676427841186523,1789500,-0.023971520451458016
2008-12-09,9.656013091052085,9.952021908892,9.329382939900354,9.38552188873291,1854700,-0.030524531203512437
2008-12-10,9.538630485534668,9.696841843043684,9.390625590155377,9.538630485534668,1179400,0.016181642871991905
2008-12-11,9.395729260463176,9.834639253166529,9.298760569961,9.426350593566895,1071300,-0.01184089805985532
2008-12-12,9.211999979678199,9.86526129811395,9.099721101239817,9.798914909362793,1913000,0.038762633891877965
2008-12-15,9.849950019560657,9.962229870018215,9.360004766986657,9.518216133117676,962500,-0.029064205741582666
2008-12-16,9.620287286576175,10.089818578804707,9.569251086096749,10.02857494354248,1170200,0.052231062201848
2008-12-17,9.93670952197469,10.038781918255646,9.768290749515272,9.85505199432373,946700,-0.01745429594790637
2008-12-18,9.916299085974511,10.145960597569864,9.681532882006428,9.79381275177002,1117000,-0.006233382094361239
2008-12-19,9.860155711481228,10.145957058259587,9.66111560951133,9.85505199432373,1749600,0.006233382094361352
2008-12-22,9.814221566687339,9.91119022937164,9.564145308972542,9.844843864440918,964100,-0.0010363639350855702
2008-12-23,9.90608858664387,9.992849834904701,9.594768641690079,9.666219711303711,1055800,-0.018310549101360447
2008-12-24,9.645805471741056,9.80401682651231,9.589666523977808,9.717256546020508,240600,0.0052660267932581935
2008-12-26,9.70705056727201,9.865261945784448,9.686635693433107,9.849950790405273,300100,0.013563128992590752
2008-12-29,9.798917011458697,9.895884756324943,9.732569635039782,9.8856782913208,832600,0.0036206132367416362
2008-12-30,9.987749338554558,10.186789512634277,9.906091781320065,10.186789512634277,809700,0.030004662533526343
2008-12-31,10.319481476604468,10.54914392444365,10.14085620987921,10.467486381530762,1826000,0.027182182842421226
2009-01-02,10.513415028624994,10.6512124469659,10.447067690860406,10.564451217651367,930700,0.009220788401636724
2009-01-05,10.59507599649682,10.702251152308579,10.46748596904397,10.656318664550781,1352000,0.008658311769336399
2009-01-06,10.656317059771881,10.768596890019886,10.242925705640667,10.355205535888672,1431700,-0.02866367445557586
2009-01-07,10.181683995726466,10.344999065742986,10.130647792987652,10.20209789276123,1133800,-0.014895968698891884
2009-01-08,10.217408603654073,10.339894900868257,10.166372403122857,10.33479118347168,900000,0.012922613234550967
2009-01-09,10.329691114765824,10.334794833965155,10.003060873487822,10.038785934448242,1433100,-0.029059804049218412
2009-01-12,10.038784113428937,10.140856532029991,9.870365304141506,10.054095268249512,1236600,0.0015238567937930383
2009-01-13,10.069406042741118,10.094924635611834,9.890779786385234,9.992852210998535,1232200,-0.006109982364229458
2009-01-14,9.875466862953727,9.957124390604687,9.656011892353831,9.85505199432373,1181300,-0.01388584199349358
2009-01-15,9.875467315538756,10.03367866093388,9.661116052272806,10.02857494354248,1742900,0.01745429594790634
2009-01-16,10.145960901101091,10.329690894621807,10.01837084414168,10.217411994934082,1580600,0.018654810776980783
2009-01-20,10.242926487172737,10.258237639766023,9.906088917597145,9.92140007019043,1309000,-0.029399275803136362
2009-01-21,10.074508601368702,10.145958706310605,9.824432260637366,10.115337371826172,963300,0.019358776233598034
2009-01-22,10.03878593444824,10.166375994126824,9.865263375410578,10.038785934448242,952100,-0.007596639591418807
2009-01-23,9.809118580965977,10.043884680723421,9.78360097103849,10.008159637451172,845200,-0.0030554600663791997
2009-01-26,10.054093975596734,10.304170298238857,10.054093975596734,10.20209789276123,964100,0.019192650881046592
2009-01-27,10.278650663004528,10.50320934811741,10.196993136315209,10.33989429473877,922800,0.01341627117929731
2009-01-28,10.462382229138083,10.508314716799315,10.329688484053928,10.447071075439453,735500,0.010312013180757307
2009-01-29,10.365411906791245,10.533830677267279,10.253133050952055,10.33989429473877,718100,-0.010312013180757239
2009-01-30,10.390931839487665,10.498106992124976,10.181684278537517,10.248030662536621,1235300,-0.008924089441308833
2009-02-02,10.125543637384794,10.452173763289286,10.074507436853578,10.33479118347168,1429900,0.008430431496562545
2009-02-03,10.370516231813163,10.447070045892708,10.151061250933124,10.33479118347168,866700,0.0
2009-02-04,10.360308279595843,10.52872705153334,10.242925705640667,10.355205535888672,838900,0.001973355464340911
2009-02-05,10.324585946819223,10.523627073924068,10.227618215943156,10.43686580657959,1156200,0.00785498368301716
2009-02-06,10.431759221390747,10.635903037444143,10.40624063598751,10.533830642700195,1043700,0.0092477164401579
2009-02-09,10.533832770109472,10.533832770109472,10.329688912827253,10.467486381530762,694700,-0.0063181258385721665
2009-02-10,10.421551764549765,10.467484244741133,10.100025376644696,10.130646705627441,1413100,-0.0327087610289044
2009-02-11,10.202097366554387,10.202097366554387,9.61007978156246,9.763187408447266,2455500,-0.03694623101323649
2009-02-12,9.73256726767505,9.829535962389388,9.508008543812512,9.752982139587402,1491600,-0.0010458271296441303
2009-02-13,9.783605112785478,9.84995151074438,9.666222499931745,9.707051277160645,1192900,-0.004720541505230955
2009-02-17,9.553940254978693,9.553940254978693,9.247724988681009,9.268138885498047,1566200,-0.04626996526391222
2009-02-18,9.34469200995544,9.34469200995544,9.084408274132718,9.16096305847168,1116400,-0.011631281398108236
2009-02-19,9.217101819743354,9.242620405167026,9.089511812928501,9.130340576171875,1363700,-0.003348313659981661
2009-02-20,8.997647238636919,9.14054840284224,8.716949600964709,8.788399696350098,1686900,-0.038170361338385334
2009-02-23,8.92619721701841,8.946612086402686,8.619980990296147,8.650603294372559,1592700,-0.015803572022975852
2009-02-24,8.426043722202039,8.727156200269407,8.375007527482502,8.706741333007812,1570400,0.006468527944056978
2009-02-25,8.681224304406884,8.681224304406884,8.400525701346933,8.548530578613281,1510100,-0.018338185441759296
2009-02-26,8.671017521150244,8.824126127070251,8.43114863734053,8.44645881652832,1333100,-0.012012127462618876
2009-02-27,8.931302097282233,8.931302097282233,8.293351947476358,8.625085830688477,2325500,0.02092763568651502
2009-03-02,8.492392355331505,8.854748558239292,8.298455931876212,8.308663368225098,2199200,-0.037376164504156296
2009-03-03,8.410733581624214,8.477080934756206,7.828923422893706,7.85954475402832,2866900,-0.05557006431901717
2009-03-04,8.00754958738025,8.298455169264237,7.8697526163550435,8.186176300048828,2350700,0.040718229185451926
2009-03-05,8.201779722290526,8.201779722290526,7.728499703205657,7.775307655334473,1787800,-0.05149388751398654
2009-03-06,7.780506500479127,8.154969518104778,7.780506500479127,8.102960586547852,2679300,0.04127647230959931
2009-03-09,8.04055447622266,8.144571899098633,7.801314155610827,7.8481221199035645,1733800,-0.03195521662786714
2009-03-10,8.024950261181003,8.113365175612227,7.879325404474226,8.035351753234863,1417300,0.023576493076398312
2009-03-11,8.092559767239651,8.21217962532389,7.988541895521565,8.134166717529297,1580500,0.012222527793332513
2009-03-12,8.144570548156842,8.305797898867429,8.066557617938436,8.253788948059082,1751900,0.014599057695610361
2009-03-13,8.321400385712288,8.33700336855126,8.175776017840674,8.253788948059082,1692200,0.0
2009-03-16,8.310998734047656,8.607448476087427,8.310998734047656,8.435819625854492,1293800,0.02181451956283969
2009-03-17,8.43061883044156,8.680261611938477,8.321400919527147,8.680261611938477,1040200,0.02856478693203308
2009-03-18,8.581444692408333,9.05992528463427,8.581444692408333,8.992314338684082,1291900,0.03531858229188515
2009-03-19,9.028716693821194,9.075524634578533,8.914296842197517,9.023515701293945,925900,0.0034637753282646916
2009-03-20,8.99231348116952,9.179544309324628,8.950705528259277,8.950705528259277,1032800,-0.008101666309519213
2009-03-23,9.039117758096667,9.382376323683943,9.039117758096667,9.377175331115723,1573100,0.046546221106505324
2009-03-24,9.278361438202532,9.408383318231168,9.153540552413627,9.195147514343262,848900,-0.019602679445149204
2009-03-25,9.288762060256387,9.392778953784934,9.039119333414112,9.231552124023438,1008300,0.003951294345620969
2009-03-26,9.325168162181063,9.418784062149761,9.137936362243666,9.205548286437988,1967000,-0.0028208182685209343
2009-03-27,9.12753213712297,9.288759921753913,9.070323206049007,9.10152816772461,1217900,-0.011364046948163653
2009-03-30,8.9715092125924,9.111933073127528,8.799880380378854,9.059924125671387,1031200,-0.004581584573377838
2009-03-31,9.101530160316292,9.28356096192023,9.0755261852249,9.117133140563965,1318200,0.0062946606761199835
2009-04-01,9.028718236469942,9.174342084162642,8.971508300883203,9.117133140563965,1090000,0.0
2009-04-02,9.283561939017279,9.45519077185341,9.080727142401367,9.371976852416992,1471400,0.027568644730638307
2009-04-03,9.37197320615896,9.501995028690619,9.257553367458922,9.345968246459961,744200,-0.0027790040581963968
2009-04-06,9.299163723601666,9.423985591988503,9.153539863797267,9.184744834899902,857700,-0.017401109068699586
2009-04-07,9.080725705869996,9.267957490976764,9.028717758440793,9.137935638427734,742200,-0.005109437822163116
2009-04-08,9.210746416114837,9.335568252031122,9.153537482640084,9.304362297058105,412400,0.018048854555222104
2009-04-09,9.491595896632479,9.522800865659265,9.25235614744698,9.387578010559082,779200,0.008903972719181223
2009-04-13,9.345971676249693,9.382378633188939,9.148338869948804,9.184744834899902,947900,-0.02184338945224024
2009-04-14,9.096329590074753,9.143137541007285,8.971508718250707,8.981910705566406,855200,-0.022331304520301784
2009-04-15,8.950704210220138,9.075526066593786,8.950704210220138,9.044320106506348,751300,0.006924315010481893
2009-04-16,9.132733945249852,9.267956780574377,9.04431905261412,9.226349830627441,1137400,0.01992655418575028
2009-04-17,9.241951553538208,9.314763458058474,9.205545601278073,9.27835750579834,839900,0.005621035897698621
2009-04-20,9.163938642963812,9.366772372095864,9.075523762472542,9.080723762512207,875600,-0.021530639259011705
2009-04-21,9.07552613343685,9.267957928786426,9.065124146664425,9.158740043640137,744500,0.008554720439906594
2009-04-22,9.127533753071782,9.174341699866039,9.013114878679165,9.05472183227539,651600,-0.011422248333623692
2009-04-23,9.049521694002841,9.049521694002841,8.857089887436405,8.940303802490234,1092300,-0.01271680008113255
2009-04-24,9.028719939965615,9.059924914360504,8.872693084014669,8.929903030395508,830300,-0.0011640350183286423
2009-04-27,8.85188810710864,9.117132809766833,8.841486120654274,9.013114929199219,621000,0.009275195014011332
2009-04-28,8.987111385115078,9.169141196837106,8.955905424258667,9.033919334411621,773200,0.0023055770964160323
2009-04-29,9.096328120664163,9.252354929230908,9.023516205192452,9.200345993041992,744600,0.0182547832055894
2009-04-30,9.262756988256665,9.293962948752013,9.111932147148075,9.117133140563965,840600,-0.009085685241197829
2009-05-01,9.08592676973339,9.267957563116523,9.054721802635374,9.252355575561523,706200,0.014722769876269186
2009-05-04,9.356373041532295,9.387578010559082,9.189945217405326,9.387578010559082,691400,0.014509151179713062
2009-05-05,9.361573565779223,9.397979526483612,9.215948730973633,9.366774559020996,762000,-0.0022185207400253343
2009-05-06,9.449985542143034,9.491592483211852,9.273155794603632,9.408378601074219,827200,0.004431826445745239
2009-05-07,9.455188759876627,9.543603654462467,9.340768901007916,9.356371879577637,1165200,-0.005543037165364384
2009-05-08,9.48119757420447,9.61642048156965,9.293966695689077,9.413586616516113,1416000,0.006096434806322819
2009-05-11,9.30956488388807,9.413582767636205,9.148338056867711,9.158740043640137,941400,-0.02744541104439456
2009-05-12,9.226350853212514,9.304363769010939,8.997512107147491,9.08592700958252,1332100,-0.007981885383200485
2009-05-13,9.013116896382163,9.143138779475956,8.945505953648219,8.97150993347168,1047100,-0.012672740625788076
2009-05-14,9.023515701293945,9.10672959775413,8.945502797361007,9.023515701293945,854000,0.005780032067207464
2009-05-15,8.987112311738837,9.002714301787625,8.753072541125256,8.820683479309082,1031600,-0.022734666460959965
2009-05-18,8.909097702366722,9.08072652350551,8.794678818936896,8.966307640075684,937100,0.016374597996289823
2009-05-19,8.98711334407433,9.054724290024518,8.924702400745604,8.992314338684082,745200,0.0028962931364054827
2009-05-20,9.023518304689807,9.091129243074835,8.851889469725162,8.877893447875977,898800,-0.012805945610559437
2009-05-21,8.815484288997677,8.825885285991847,8.633453449758086,8.747872352600098,1153000,-0.014753793425080458
2009-05-22,8.753071228583256,8.851888116023204,8.685460300537837,8.716665267944336,701000,-0.0035737697210309117
2009-05-26,8.721864907650753,9.091126441955566,8.68545895266159,9.091126441955566,1307600,0.04206208014149438
2009-05-27,9.033918765624074,9.132734659483573,8.9715078398288,9.039118766784668,1083100,-0.005737133416945348
2009-05-28,9.085927471608283,9.231552315961704,9.023517532591171,9.163941383361816,725600,0.013714680065591388
2009-05-29,9.163940882961002,9.288761746167426,9.096328962064996,9.283560752868652,799200,0.012968806853461474
2009-06-01,9.38237762897565,9.62161736846983,9.361573655808483,9.580010414123535,1120200,0.031433504030306335
2009-06-02,9.538403114664572,9.63201900655359,9.538403114664572,9.574809074401855,1267700,-0.0005430841937858843
2009-06-03,9.554006439652616,9.694429290578833,9.434385577917487,9.580010414123535,1655000,0.0005430841937859367
2009-06-04,9.559204840090368,9.658021712109615,9.512397892279013,9.626816749572754,1046300,0.004873936513126736
2009-06-05,9.621534778698738,9.706119615617913,9.452364096529594,9.605674743652344,1054000,-0.0021985726024182635
2009-06-08,9.531660623930684,9.679683543383451,9.325484258744948,9.436502456665039,1001500,-0.01776863392966256
2009-06-09,9.441787395107632,9.48407979406867,9.21446537256817,9.26733112335205,1461100,-0.01808997561575657
2009-06-10,9.304340231100559,9.425930796304028,9.267334494589129,9.383638381958008,1408800,0.012472141594956375
2009-06-11,9.404783239722022,9.769554863440147,9.399496562929375,9.61624526977539,1172300,0.02448630888011153
2009-06-12,9.600388816691519,9.838284319352672,9.49994393686449,9.795991897583008,855900,0.018519428082939424
2009-06-15,9.700832937269116,9.7642710607931,9.457650774878392,9.605674743652344,935300,-0.019619269012587988
2009-06-16,9.674395633590665,9.711402367068223,9.526372733001981,9.584524154663086,703100,-0.00220431248946859
2009-06-17,9.579234394762379,9.769549615411199,9.568661046856901,9.721970558166504,908800,0.014238599773903635
2009-06-18,9.75898565708642,9.928156361351313,9.727266591181532,9.922869682312012,663300,0.020453831707215035
2009-06-19,9.949295700380157,10.039167169857429,9.721973688859396,9.785412788391113,1142500,-0.013949376161003047
2009-06-22,9.684970766815562,9.891146135305778,9.62681832613142,9.774842262268066,1167400,-0.0010808169039392107
2009-06-23,9.75898356458163,9.795990309921821,9.589813904920735,9.6373929977417,922400,-0.014161332759701243
2009-06-24,9.706118305896846,9.737837363378741,9.589813414578796,9.632105827331543,1186900,-0.0005487605662019412
2009-06-25,10.144902821631943,10.213627616638087,9.72197767096185,10.060317993164062,3867800,0.043496898267519755
2009-06-26,10.08146232226888,10.113181376539163,9.690257291833555,9.743123054504395,11790000,-0.03203706542449548
2009-06-29,9.801275776320699,9.949298706061949,9.785415744563885,9.917579650878906,1761800,0.01774719631461782
2009-06-30,9.922869682312012,9.949302069177596,9.764272336125721,9.922869682312012,1211100,0.0005332572332033291
2009-07-01,10.012734782381719,10.224196766566756,9.944009007315158,10.19776439666748,1619800,0.027326357516375667
2009-07-02,10.10789467248146,10.118467017268326,9.84356689453125,9.84356689453125,677700,-0.03535038480774906
2009-07-06,9.827707445517493,9.954584665430378,9.780128362008847,9.859426498413086,1029300,0.0016098677993527368
2009-07-07,9.88057227706836,9.912291326982185,9.658536911010742,9.658536911010742,582700,-0.020585824195847872
2009-07-08,9.669107654433182,9.785411478284828,9.505223756055228,9.610955238342285,837100,-0.0049385597717765345
2009-07-09,9.669109411705522,9.684968431099712,9.473506436424454,9.579237937927246,947500,-0.003305576864653219
2009-07-10,9.589810281413264,9.60567030913778,9.468219760516282,9.579237937927246,568600,0.0
2009-07-13,9.568664128180686,9.785412788391113,9.489366010013747,9.785412788391113,882100,0.02129474416329544
2009-07-14,9.748407911972414,9.869998437587942,9.632103054139852,9.86471176147461,840800,0.008071134955335922
2009-07-15,9.90171435913684,10.02859152079995,9.832989608026423,10.01273250579834,800600,0.014893612929622066
2009-07-16,9.954580467423398,10.144896721198553,9.875282364460446,10.08674430847168,1034300,0.007364583453822869
2009-07-17,10.060316884321594,10.150188380704467,10.00745112027333,10.12904167175293,934300,0.004184593667979718
2009-07-20,10.203056335449219,10.203056335449219,9.996880900181178,10.203056335449219,865600,0.007280605337666198
2009-07-21,10.224198754863743,10.32993027168298,10.144900621414553,10.319356918334961,936900,0.011334127859759182
2009-07-22,10.340504127548163,10.356364159887494,10.171334482584445,10.224200248718262,717500,-0.009263960411369183
2009-07-23,10.229488133831639,10.41980350271865,10.118469911011037,10.39865779876709,1434400,0.01691925642218129
2009-07-24,10.398656625213532,10.573112948531069,10.340504181330811,10.567826271057129,571900,0.016137387926568814
2009-07-27,10.573112948531069,10.573112948531069,10.425089004252609,10.567826271057129,553900,0.0
2009-07-28,10.525534018231397,10.567826430329704,10.372224402499022,10.499101638793945,564600,-0.0065244326412984294
2009-07-29,10.4779556067478,10.514961343687624,10.303499269509553,10.425089836120605,601000,-0.007074310271649865
2009-07-30,10.49381514322656,10.615405704076515,10.409230317563052,10.541394233703613,335600,0.011094429581076523
2009-07-31,10.536108403609829,10.536108403609829,10.39865779876709,10.39865779876709,525100,-0.013633074594697196
2009-08-03,10.46209396974936,10.53081874857752,10.372222484616866,10.488526344299316,730300,0.0086051905775901
2009-08-04,10.456808670604962,10.520246781213478,10.393369551665858,10.472667694091797,489900,-0.0015131440703531583
2009-08-05,10.456806252494484,10.525531024483042,10.308782348087126,10.366934776306152,667400,-0.010147393666197302
2009-08-06,10.49381555376946,10.49381555376946,10.314072540119875,10.414517402648926,455000,0.004579344030935838
2009-08-07,10.472669655936597,10.768717588670281,10.414518211707048,10.726425170898438,666600,0.029509602173591363
2009-08-10,10.705275121026833,10.758140878846145,10.462094046720647,10.610116958618164,632800,-0.010902363055789425
2009-08-11,10.610116656198072,10.689414786501573,10.514958496501697,10.647122383117676,600500,0.0034816808793047753
2009-08-12,10.578395907739937,10.768712196583861,10.557249205277158,10.689413070678711,520700,0.003964162132535872
2009-08-13,10.705276705668743,10.774001495175467,10.625978561366948,10.758142471313477,515200,0.00640908804391453
2009-08-14,10.763427889794015,10.795146942138672,10.620690641747316,10.795146942138672,901600,0.0034337688762585035
2009-08-17,10.6999917795843,10.74757087561897,10.562541169743112,10.726425170898438,720000,-0.0063863368762244
2009-08-18,10.514958266676175,10.742280308019952,10.435660138105893,10.70527458190918,1358400,-0.0019737674659193525
2009-08-19,10.578395907739937,10.736992142889692,10.525530159913261,10.689413070678711,848200,-0.0014827525780291974
2009-08-20,10.641837987122516,10.662984697511268,10.546680815365079,10.631265640258789,916700,-0.005454570689490969
2009-08-21,10.715848927811816,10.826866116433825,10.625977438214258,10.816292762756348,909800,0.01725433817689881
2009-08-24,10.869160223045323,10.89559361137392,10.768716372388644,10.88502025604248,683300,0.006333969101369864
2009-08-25,10.911452507746711,11.033044075967291,10.86916009524888,10.96431827545166,658000,0.007258651557427207
2009-08-26,10.895593483266682,10.974891630658782,10.82158100514749,10.96431827545166,642000,0.0
2009-08-27,10.943171776149377,10.94845744503722,10.81100787068057,10.89559268951416,637700,-0.006287840099690859
2009-08-28,10.906162297326777,10.964314723798061,10.816290823839484,10.916735649108887,484900,0.0019386253396002906
2009-08-31,10.863872901595354,10.900879643062401,10.71584996904958,10.848013877868652,888000,-0.006314981896254501
2009-09-01,10.82686710357666,11.01189677648065,10.768715669709565,10.82686710357666,908700,-0.001951270783882552
2009-09-02,10.784573432855938,10.858585898365423,10.705275298974078,10.763427734375,662900,-0.005876673037810492
2009-09-03,10.842729067688314,10.842729067688314,10.652412683549628,10.726425170898438,1003600,-0.0034437276242183863
2009-09-04,10.790814102633695,10.823009182871946,10.656666740933975,10.817643165588379,522100,0.008468088603963453
2009-09-08,10.833738346567163,10.941055593410661,10.726420076260789,10.865933418273926,760600,0.0044540929246048196
2009-09-09,10.865930225763451,10.962516435968695,10.81763712066083,10.876662254333496,579300,0.0009868956854933962
2009-09-10,10.876665444433268,10.9625196512493,10.817640293448669,10.914226531982422,659800,0.0034477083726932125
2009-09-11,10.941057162844546,11.000082322326172,10.871300993563281,10.924960136413574,728100,0.0009829674940177763
2009-09-14,10.908862713332168,11.048376083374023,10.882033652096961,11.048376083374023,593000,0.011233364249202857
2009-09-15,11.010816243493032,11.193256746387291,11.005450225941647,11.166426658630371,704500,0.010628200291609128
2009-09-16,11.166424413919541,11.391791988457554,11.144961371491775,11.386425971984863,782000,0.01951028506216919
2009-09-17,11.386427548336075,11.429354662597484,11.295207302597687,11.316671371459961,470600,-0.006144960660403394
2009-09-18,10.962520933222562,11.263010692218383,10.95715491673619,11.16105842590332,1567600,-0.013846187589909674
2009-09-21,11.134230307482383,11.134230307482383,11.005448971319844,11.048376083374023,1062600,-0.010147337103465352
2009-09-22,11.069839499361137,11.56886783341126,10.849837914763595,10.941058158874512,1058000,-0.009760940221017837
2009-09-23,10.973254261593505,11.123498647096344,10.908863079618635,10.941058158874512,926300,0.0
2009-09-24,10.58690803909648,10.624469131294298,10.28105226152797,10.452760696411133,4077600,-0.04565639116653056
2009-09-25,10.452759717136988,10.58690704725465,10.383003555799485,10.468857765197754,1997400,0.0015387979656077842
2009-09-28,10.506420416064913,10.651299799765042,10.490322365610545,10.527884483337402,916800,0.0056224792339943045
2009-09-29,10.565440177917482,10.603001252984926,10.490317004320056,10.56544017791748,813300,0.00356091179245869
2009-09-30,10.58690704725465,10.58690704725465,10.404466596417599,10.468857765197754,1266300,-0.009183391026452886
2009-10-01,10.415198616850168,10.484955801572832,10.35617346415605,10.3883695602417,1277200,-0.007718054106198928
2009-10-02,10.334709144872232,10.393734290263303,10.259586976892889,10.30251407623291,784400,-0.008298918332365506
2009-10-05,10.3132432536192,10.538610741033645,10.307877239220927,10.511781692504883,1070500,0.020108743548000265
2009-10-06,10.543979972615405,10.629834182258437,10.468857795043478,10.581541061401367,720700,0.006614379729672823
2009-10-07,10.608370831294563,10.651297934860503,10.484955536475345,10.57617473602295,822100,-0.0005072688890304763
2009-10-08,10.662030598669585,10.667395591403347,10.511785215550713,10.538614273071289,1283400,-0.0035577435847510006
2009-10-09,10.517148971557615,10.576173090110883,10.506416941470578,10.517148971557617,717000,-0.0020389010553009124
2009-10-12,10.565446208203403,10.597641287570653,10.511787060282574,10.570812225341797,802300,0.005089479169539026
2009-10-13,10.613737164817884,10.613737164817884,10.50105287492061,10.533247947692871,1311800,-0.003559913780749979
2009-10-14,10.624464285825237,10.629830299900949,10.517147074698613,10.56544017791748,1349700,0.003051588327637631
2009-10-15,10.554714147039514,10.790813783211853,10.522519067754278,10.780081748962402,1148800,0.020111834855936532
2009-10-16,10.731786067345393,10.89812846481964,10.635199828985224,10.882031440734863,1140900,0.009412788458088146
2009-10-19,10.898127222521486,11.01617751082175,10.812273025646435,11.00544548034668,593500,0.01127725667068487
2009-10-20,10.983985577729005,11.000083629536034,10.780082038822364,10.833741188049316,560800,-0.015724745886020425
2009-10-21,10.839104710822744,10.919592904408162,10.75325050120324,10.758615493774414,1198600,-0.006958573214101771
2009-10-22,10.780079557910744,10.839104710822744,10.619103170739905,10.758615493774414,987500,0.0
2009-10-23,10.796173665860398,10.817636698700706,10.468853971479746,10.56544017791748,963500,-0.018118560884587392
2009-10-26,10.597637173163086,10.731784479152493,10.425928785250683,10.50105094909668,868800,-0.006112971442920418
2009-10-27,10.549346305464695,10.651298566276177,10.44202802845651,10.538614273071289,923800,0.003570718781794838
2009-10-28,10.490322365610545,10.613738705501243,10.463493304982991,10.527884483337402,1297300,-0.0010186591313330255
2009-10-29,10.581542604592508,10.592274638228753,10.463493304982991,10.527884483337402,1035000,0.0
2009-10-30,10.51715286678862,10.608373109388182,10.270321200681474,10.275687217712402,1364300,-0.02424676154720348
2009-11-02,10.281051971402766,10.37763821916469,10.146904632502977,10.270319938659668,1224200,-0.0005224644510221679
2009-11-03,10.248857189315313,10.281052265001032,10.189832031005661,10.243491172790527,1210100,-0.0026156798480554055
2009-11-04,10.275685006576582,10.36153921367099,10.205928847110954,10.222025871276855,1053500,-0.0020977050654246336
2009-11-05,10.264954211959047,10.452760696411133,10.264954211959047,10.452760696411133,918000,0.022321333712103607
2009-11-06,10.415196755140476,10.576173112942675,10.366903643107273,10.50105094909668,812300,0.004609217549140217
2009-11-09,10.586906444998581,10.721053767485017,10.570809421316431,10.71568775177002,738300,0.020233470206928474
2009-11-10,10.699592301464763,10.823007610669446,10.651299176391106,10.806909561157227,750500,0.008476890991286958
2009-11-11,10.812272978662685,10.839103054733775,10.65666263130138,10.747882843017578,922700,-0.005476913401227344
2009-11-12,10.747884122737688,10.823006297755814,10.581540701679154,10.608370780944824,848000,-0.013065404554421588
2009-11-13,10.613739316896945,10.731788623306596,10.597641265515263,10.699593544006348,551700,0.008562368417395428
2009-11-16,10.774716367521089,10.892765680840336,10.758618315197165,10.855204582214355,458500,0.01443889576622278
2009-11-17,10.849838238488147,10.930327474224056,10.823009175551608,10.898131370544434,563300,0.003946690672508521
2009-11-18,10.930324579559008,10.957153635390439,10.8444693492801,10.914226531982422,400600,0.0014757839964943537
2009-11-19,10.86593471923903,10.871300735743104,10.737153393530276,10.806909561157227,522700,-0.009881420896972123
2009-11-20,10.78544808535013,10.828375200155513,10.704959873022926,10.817643165588379,416100,0.0009927239141805603
2009-11-23,10.914229363713034,11.043010707349799,10.876668266418537,10.930327415466309,571000,0.010362829751838928
2009-11-24,10.962518690689766,11.010811805725096,10.849834414453067,11.010811805725098,679800,0.0073364240972626895
2009-11-25,11.00008359026875,11.230817214696781,10.978619521269332,11.123498916625977,531100,0.010182208599553528
2009-11-27,10.994717248699551,11.096669526513141,10.9034970050691,10.973254203796387,289600,-0.013599014066883847
2009-11-30,11.03227803255505,11.069839127669573,10.9303267810908,11.048376083374023,1032800,0.006822580344240701
2009-12-01,11.12886111433221,11.263008429148359,11.043006914726897,11.220081329345703,870800,0.015421692289728848
2009-12-02,11.236180645133132,11.37032797510643,11.22008259708969,11.354229927062988,631100,0.011885206624607654
2009-12-03,11.364966704820024,11.536675195132986,11.364966704820024,11.402527809143066,1130800,0.004244713166747213
2009-12-04,11.477647122874384,11.59033143088539,11.279109614824293,11.450818061828613,1168500,0.004226105431566101
2009-12-07,11.472583095745428,11.55966144258535,11.380062222471038,11.488910675048828,1038600,0.003321107121170729
2009-12-08,11.4834760809029,11.630421281969575,11.358301000611954,11.608651161193848,1028000,0.010368328890263115
2009-12-09,11.635862774107013,11.712057158765562,11.510687693816065,11.608651161193848,796200,0.0
2009-12-10,11.663071988966864,11.761035427483199,11.630417855480149,11.679398536682129,709900,0.006075871019662028
2009-12-11,11.761034227008256,11.924305915832518,11.619531612267723,11.92430591583252,606500,0.020752350030337645
2009-12-14,12.000503586590053,12.016831176619373,11.85355942855199,11.902541160583496,544400,-0.0018269107308012335
2009-12-15,11.853554497400935,11.918862754236674,11.79913025800047,11.891651153564453,780800,-0.000915350068254328
2009-12-16,11.913424554767793,11.967848813941183,11.810019604200395,11.864442825317383,631700,-0.002290640891400633
2009-12-17,11.842670440673826,11.90253721286887,11.755592065511646,11.842670440673828,559300,-0.00183678126649274
2009-12-18,11.858993583778997,11.967840992937413,11.82089590061504,11.907974243164062,1049400,0.0054991321648330226
2009-12-21,11.967846007625004,12.016827725589792,11.918864289660219,11.973288536071777,783700,0.005469933174190832
2009-12-22,11.97329170469283,12.005945845958918,11.853559161346217,11.886213302612305,651800,-0.007299030854188658
2009-12-23,11.924304100601177,11.929746627807617,11.78824403460796,11.929746627807617,659000,0.003655815159890433
2009-12-24,11.97328880833138,12.0113854702689,11.94607720353492,11.989616394042969,132400,0.005005977057806163
2009-12-28,12.03860029325777,12.093023512706493,11.97873350619653,12.000502586364746,263600,0.0009075564050247036
2009-12-29,12.060367674762661,12.13656100170439,12.027713540081383,12.065810203552246,286200,0.005427318930390891
2009-12-30,12.071249008178711,12.082134062399675,12.011382248019313,12.071249008178711,418600,0.0004506600966427434
2009-12-31,12.09846656919018,12.09846656919018,11.820903778076172,11.820903778076172,528000,-0.020957039313987486
2010-01-04,11.929752503652567,11.978734234579917,11.815461452136608,11.886213302612305,597100,0.005509711664232631
2010-01-05,11.918865519996695,11.92975057801386,11.668515413939517,11.728381156921387,558600,-0.013367538131616924
2010-01-06,11.706610398583285,11.793688774108885,11.673956267275214,11.793688774108887,491200,0.0055528943830442795
2010-01-07,11.831787827351048,11.831787827351048,11.695727708308755,11.717497825622559,266800,-0.006481273488695768
2010-01-08,11.717498826174879,11.831788837662545,11.652189506713059,11.820903778076172,397500,0.008786205573035659
2010-01-11,11.864442461630196,12.033157763701624,11.831788322349688,12.000502586364746,640600,0.015079060286953966
2010-01-12,11.94607534785449,12.000498548993418,11.853554452639884,11.940632820129395,602000,-0.005001424537185576
2010-01-13,11.995058276292717,12.082136652616835,11.929748975021564,12.054924011230469,289800,0.009526101536035145
2010-01-14,12.065806481068229,12.076691535289193,12.000497193798347,12.071249008178711,362600,0.0013533020281840927
2010-01-15,12.397789137409601,12.397789137409601,11.924299820944908,12.103899002075195,1115100,0.0027011221386520974
2010-01-19,12.142001425958025,12.26173496246338,12.098462241244091,12.261734962463379,556900,0.012955802289340687
2010-01-20,12.207312583923342,12.26173683263059,12.060367423830634,12.20731258392334,572400,-0.004448270262689829
2010-01-21,12.218199616385123,12.272622835833845,11.940636837359875,12.000502586364746,739400,-0.01708663319233645
2010-01-22,12.00049952068321,12.011384577014777,11.722937850621024,11.733821868896484,802100,-0.022473101485185613
2010-01-25,11.842668801955567,11.880765456060418,11.701166202383284,11.755590438842773,640600,0.001853479848116278
2010-01-26,11.750148773193361,11.78824543009237,11.652185347992452,11.75014877319336,848800,-0.000463007412576145
2010-01-27,11.722933332944264,11.771913991448379,11.554218138991228,11.64673900604248,765400,-0.008839674874231174
2010-01-28,11.64674346526631,11.657628521570688,11.46170166031629,11.581435203552246,1154400,-0.005622824588406197
2010-01-29,11.597766100805984,11.744711301872659,11.532457814591792,11.608651161193848,1967900,0.0023472073116755665
2010-02-01,11.668516781503355,11.71205598061859,11.586880912919336,11.701170921325684,686000,0.007938305634531418
2010-02-02,11.679397221578167,11.788245705019095,11.619531489936119,11.76647663116455,610200,0.005565609272812913
2010-02-03,11.750147128674516,11.837225485986728,11.6358561359173,11.663068771362305,541500,-0.008827190581840085
2010-02-04,11.62497250668613,11.630415033956263,11.429045677185059,11.429045677185059,550500,-0.020269352721630104
2010-02-05,11.456261428852002,11.467146487338557,11.189583724269282,11.396395683288574,889100,-0.002860844235107353
2010-02-08,11.434490990842342,11.478030181557221,11.320199966430664,11.320199966430664,474700,-0.006708399778138412
2010-02-09,11.429044317722793,11.5596618425015,11.325638388002055,11.456255912780762,817200,0.01194721122603881
2010-02-10,11.412720181855452,11.47802948298101,11.298430202455883,11.439932823181152,586200,-0.0014258348892261018
2010-02-11,11.407277694570872,11.52701124072185,11.33652690298213,11.494357109069824,473400,0.004746114940648151
2010-02-12,11.42904887567547,11.548781394958496,11.390952212178881,11.548781394958496,698200,0.0047236956960450705
2010-02-16,11.592317729464307,11.771916983141441,11.592317729464307,11.755590438842773,582800,0.017748984999403875
2010-02-17,11.826340900513484,11.853553537036989,11.744705067054861,11.788244247436523,567000,0.0027738751963251266
2010-02-18,11.804573781297387,11.940633872245309,11.799131253092737,11.842670440673828,802100,0.004606363333187561
2010-02-19,11.837225532707503,12.136557257392687,11.79368635387955,12.071249008178711,517600,0.019117362134590452
2010-02-22,12.109350262458403,12.152889457834878,12.049483479544637,12.060368537902832,330000,-0.0009017606045189139
2010-02-23,12.060367189347478,12.136560513222518,11.935192146393861,11.989616394042969,608800,-0.0058837748275394255
2010-02-24,12.005942294791137,12.054924011230469,11.907978861912472,12.054924011230469,469000,0.0054322334038741345
2010-02-25,11.913423069431019,12.103907433760554,11.869883875131949,11.995059967041016,1102700,-0.00497831249124111
2010-02-26,12.065804170807313,12.071246696875704,11.575988243264797,11.64673900604248,1900800,-0.029468668431485007
2010-03-01,11.695722988290234,11.766474802950608,11.641298755025925,11.668511390686035,754100,0.0018676523392897756
2010-03-02,11.995056235424798,12.109346195633584,11.820898474352058,11.897092819213867,1765200,0.019400189841317625
2010-03-03,11.92975015207159,12.120234508345803,11.897096017242253,12.016828536987305,948000,0.010013976091744087
2010-03-04,12.005942294791137,12.103905727669801,11.973288163183623,12.054924011230469,1022000,0.003165162650374506
2010-03-05,12.132198740323615,12.132198740323615,11.972129328358427,12.04940414428711,949500,-0.00045799799971477003
2010-03-08,12.077001054301599,12.115639512056216,11.999726244373017,12.104599952697754,788800,0.004570331632484062
2010-03-09,12.09356158076939,12.126679209306168,11.999727422589824,12.010766983032227,724600,-0.007782045652523517
2010-03-10,12.032844227936904,12.126678379697097,11.994206821822182,12.121158599853516,841300,0.009149074032545475
2010-03-11,12.07148527090239,12.165319442749022,12.02180829446649,12.165319442749023,595300,0.003636664936610476
2010-03-12,12.19843170364127,12.19843170364127,12.104597573121334,12.181872367858887,651000,0.0013597401941880904
2010-03-15,12.198437350939843,12.248114328494962,12.148760373384723,12.231554985046387,1063000,0.004070111505062886
2010-03-16,12.270195074615152,12.3861083984375,12.220518086232836,12.3861083984375,770800,0.01255646741246015
2010-03-17,12.3916237692372,12.507535999002696,12.364024867299847,12.40266227722168,515900,0.001335595174244625
2010-03-18,12.424741908919229,12.479938662269797,12.352985813726338,12.380584716796875,487900,-0.001781652442085026
2010-03-19,12.347465515136719,12.529614041068465,12.264669869248351,12.347465515136719,1077600,-0.002678676333385432
2010-03-22,12.275708908521937,12.341945211865815,12.22051216453376,12.314346313476562,517600,-0.0026858709165576158
2010-03-23,12.336426141210868,12.408181175566313,12.286749174045411,12.352984428405762,671600,0.0031327383520495834
2010-03-24,12.352985413895938,12.364024974766833,12.143239021301268,12.14323902130127,670200,-0.017125132248710675
2010-03-25,12.214993336360118,12.226032896575761,12.043884364179288,12.04940414428711,756600,-0.0077573456463829234
2010-03-26,12.110120092956707,12.159797058758596,12.06044312715482,12.121158599853516,472500,0.005937360012505847
2010-03-29,12.176356586041015,12.248112678527832,12.110121326750608,12.248112678527832,717700,0.010419287942566703
2010-03-30,12.281224741898837,12.391618194402687,12.198430178915945,12.358499526977539,639100,0.008972189104310973
2010-03-31,12.352984587948185,12.413701115888001,12.281229552666003,12.30882740020752,548300,-0.004027367379975537
2010-04-01,12.3805872320297,12.490979708367602,12.352988323352186,12.468901634216309,471200,0.012920995369775532
2010-04-05,12.474421766351918,12.562736171019234,12.441304127799361,12.540657043457031,552000,0.005738254485786696
2010-04-06,12.513055941647671,12.74488145697522,12.507536161188625,12.733841896057129,619100,0.01528723598565357
2010-04-07,12.65104857435231,12.689685988683166,12.573773745690596,12.645528793334961,748100,-0.006959468006559321
2010-04-08,12.64000548875133,12.64000548875133,12.474416315553349,12.50201416015625,599600,-0.011413933480968847
2010-04-09,12.529618180516122,12.529618180516122,12.364027886823191,12.468901634216309,856300,-0.0026520889839122047
2010-04-12,12.562733908348443,12.62896917352394,12.507537152175159,12.579293251037598,756100,0.008814394175101853
2010-04-13,12.59033047035094,12.617929372005772,12.479938022102964,12.612409591674805,804400,0.002629148169946572
2010-04-14,12.628964990873872,12.640004549010394,12.479935167191659,12.557209968566895,582300,-0.004386217397852594
2010-04-15,12.58481284541839,12.606891970523744,12.485459940816195,12.518577575683594,660500,-0.003081253051787172
2010-04-16,12.518578617045117,12.568255599873924,12.424744433123005,12.468901634216309,851100,-0.003976071895408405
2010-04-19,12.452338060787584,12.507534806609703,12.397141314965465,12.496495246887207,576800,0.0022105495889952888
2010-04-20,12.595850532734595,12.678645133972168,12.540653780979387,12.678645133972168,988400,0.014470867921693166
2010-04-21,12.678638866724118,12.68967842217623,12.601364084139236,12.651041030883789,678700,-0.0021795859480225332
2010-04-22,12.601364979153969,12.706238657817806,12.529609969198727,12.700718879699707,645100,0.003919089844312438
2010-04-23,12.722800823326558,12.86079216003418,12.667605130875788,12.86079216003418,761500,0.012524719107513247
2010-04-26,12.838713627085507,12.871831251910628,12.75591903862755,12.783516883850098,667800,-0.0060267180485752995
2010-04-27,12.750401478403575,12.882873053552824,12.640007972717285,12.640007972717285,1207100,-0.011289578150800053
2010-04-28,12.667606636129529,12.783518867398065,12.645527514293345,12.733841896057129,609500,0.0073961461563240224
2010-04-29,12.77799554940912,12.97118360083059,12.722798812890101,12.96014404296875,823000,0.01761563966117851
2010-04-30,13.009822087839856,13.153333193667029,12.987744023061207,13.076058387756348,1025000,0.008904148824298469
2010-05-03,13.087097293881751,13.208530338643026,13.031901603852413,13.203010559082031,612600,0.009661922132176622
2010-05-04,13.092617901553188,13.109177241283554,12.99878374866186,13.087098121643066,859300,-0.008818007558034687
2010-05-05,13.031900921200565,13.120215283969689,12.987743739816002,13.004302024841309,1258300,-0.0063466409816725165
2010-05-06,12.932549535254903,12.949107823526386,12.005247491595535,12.452339172363281,2356800,-0.04337173711287046
2010-05-07,12.474422289936033,12.562736698310134,12.088045963706241,12.303313255310059,1879400,-0.012039894137758397
2010-05-10,12.656562426890758,12.938064810173087,12.584806360067176,12.89942741394043,2233100,0.04731432741116591
2010-05-11,12.7945556764622,13.109175725425985,12.7945556764622,13.004302024841309,2285700,0.008097303839462926
2010-05-12,13.026377359005659,13.136769754013454,12.91046413353904,13.059494972229004,1450100,0.004235225580843634
2010-05-13,13.026384353637695,13.131258080079423,12.971187600100443,13.026384353637695,851700,-0.002538586946543544
2010-05-14,12.99326687099618,13.015344940988877,12.81663704710201,12.871833801269531,1251000,-0.011935368381105869
2010-05-17,12.938064810173087,12.987741763269385,12.695199823123415,12.89942741394043,971800,0.002141425907343015
2010-05-18,12.960147465922951,13.048461846562356,12.777998924255371,12.777998924255371,1073700,-0.009458065873368126
2010-05-19,12.717286905582409,12.755924326025516,12.457862420680266,12.540657043457031,1529300,-0.0187489283507693
2010-05-20,12.364025130780389,12.369544911285487,12.043885231018066,12.043885231018066,2505600,-0.040418848209689676
2010-05-21,11.92245220256654,12.110120512589905,11.734783892543176,12.093561172485352,2312100,0.00411609503109582
2010-05-24,12.09356394786654,12.308830154675729,12.027328677828622,12.088044166564941,1515900,-0.0004562977468848611
2010-05-25,11.883814924747362,11.96108974049744,11.646469644611653,11.939010620117188,1410000,-0.012405636822247434
2010-05-26,12.01628554717818,12.143237321046719,11.944529464354869,11.994206428527832,1272500,0.004612493686614888
2010-05-27,12.209471614386292,12.231549676612012,12.088038587379307,12.203951835632324,691600,0.017336084660592797
2010-05-28,12.203955553300725,12.264671032509712,12.099081830608155,12.14323902130127,1127000,-0.004987264488069057
2010-06-01,12.099081057848215,12.170836093345153,11.872775338401192,11.889334678649902,616500,-0.021130802995790024
2010-06-02,11.922451789436321,12.121158599853516,11.86725504379085,12.121158599853516,1286600,0.019310817361913084
2010-06-03,12.209473146174526,12.341944694519043,12.093559883379148,12.341944694519043,781200,0.01805102868984747
2010-06-04,12.137716998206937,12.203953298403508,11.916931085535492,11.966608047485352,980200,-0.030883490534218825
2010-06-07,12.089802552270559,12.13460029543718,11.843414430822929,11.849014282226562,1190300,-0.009875427088516294
2010-06-08,11.899410904196568,11.983406532260778,11.804215574240501,11.966608047485352,1140000,0.00987542708851641
2010-06-09,12.000209735996538,12.117803437450219,11.84901691864522,11.877015113830566,1122700,-0.007515078954697521
2010-06-10,12.039405384040915,12.25219440460205,12.017005977633172,12.25219440460205,1061500,0.031100026696920927
2010-06-11,12.173798836761662,12.252194624470626,12.101002900755125,12.224196434020996,487200,-0.002287754185411492
2010-06-14,12.218593920494426,12.42018426561525,12.218593920494426,12.308189392089844,802600,0.006847543231903317
2010-06-15,12.341795061151636,12.576982498168944,12.341795061151636,12.576982498168945,953900,0.021603512425651773
2010-06-16,12.543381649552387,12.700174307344485,12.487384195479308,12.66097640991211,687600,0.006656181837815546
2010-06-17,12.716967090495613,12.817762248993205,12.655370879906512,12.812162399291992,834900,0.011870367900445824
2010-06-18,12.823366355423266,12.845765761663623,12.73937071814688,12.756170272827148,607000,-0.0043798097192866555
2010-06-21,12.873764789065964,12.912962684474623,12.677774243960123,12.750571250915527,581300,-0.0004390229144981008
2010-06-22,12.7785659274457,12.789765628213887,12.414584196977598,12.453782081604004,1072000,-0.023551716160788647
2010-06-23,12.442581595362071,12.44818144539266,12.224192784480083,12.268990516662598,772700,-0.014949375575734303
2010-06-24,12.207398805324019,12.420188931345935,12.196200168214448,12.263396263122559,1246200,-0.0004560708819099813
2010-06-25,12.313793282060466,12.380990441831909,12.184999882899703,12.280195236206055,865300,0.001368909330753174
2010-06-28,12.263391440793814,12.5041796669986,12.235393256935595,12.453782081604004,884200,0.01403653712689109
2010-06-29,12.336191456905771,12.352989944120711,12.162599256559636,12.229796409606934,799800,-0.01814905567520749
2010-06-30,12.24099770856221,12.392189453514884,12.095404748035891,12.101004600524902,797600,-0.01058682876505158
2010-07-01,12.168198553454435,12.168198553454435,11.882612535135415,11.972208023071289,1199700,-0.01070050835412528
2010-07-02,12.033804893493654,12.0954021897819,11.961008962658621,12.033804893493652,761000,0.005131798088892098
2010-07-06,12.156995607996281,12.252190922045955,12.01140377997883,12.112197875976562,597400,0.006493270018109043
2010-07-07,12.162599426698243,12.492983208672179,12.156999574860759,12.470584869384766,702100,0.029159626961965356
2010-07-08,12.54897731133005,12.61617444739136,12.48738002561237,12.604974746704102,385000,0.010718896495122277
2010-07-09,12.62737496100575,12.744969699614538,12.560178882997072,12.716970443725586,504700,0.008845799678223215
2010-07-12,12.688976109743324,12.84016893327612,12.649778207656167,12.800971031188965,691900,0.006583672978567574
2010-07-13,12.896165847778319,12.94096360084661,12.784170931076254,12.89616584777832,777700,0.007409016226376939
2010-07-14,12.845765668454892,12.946560859680176,12.789768221322793,12.946560859680176,923600,0.0039001361081167233
2010-07-15,12.946559754492856,13.097751460361785,12.868162907975304,13.052953720092773,703600,0.00818426466804807
2010-07-16,13.002562208042377,13.047359969256279,12.778573401972867,12.79537296295166,1047200,-0.01993082855849222
2010-07-19,12.862565128480078,13.030557482591217,12.761770997688455,12.985759735107422,621100,0.014769733771364686
2010-07-20,12.862567773640595,13.097756263312176,12.823369870039127,13.092156410217285,441400,0.008159951499432603
2010-07-21,13.148146044403761,13.148146044403761,12.929757244050421,12.935357093811035,655600,-0.012048881529124282
2010-07-22,13.047356564424572,13.23774726691511,13.047356564424572,13.16495132446289,652400,0.017593673551612864
2010-07-23,13.114554258965274,13.310544821667682,13.05295695032841,13.2657470703125,811500,0.0076272093145098524
2010-07-26,13.29374410406252,13.489734649658203,13.265745912432802,13.489734649658203,524600,0.016743694963155153
2010-07-27,13.590523850424923,13.758515062187609,13.512127025948537,13.708117485046387,1002300,0.01605917464691998
2010-07-28,13.657723610180321,13.702521349998081,13.545729794667102,13.590527534484863,848200,-0.00861512926921965
2010-07-29,13.646526585750372,13.6913243308516,13.372139195435052,13.500933647155762,1277800,-0.006614203150966523
2010-07-30,13.332943936871573,13.422539444780133,13.276946477413047,13.37214183807373,716900,-0.009585266505030152
2010-08-02,13.551334985069987,13.696926895796208,13.506537227601275,13.57373332977295,817100,0.014962976829221342
2010-08-03,13.495336185102493,13.635329296839942,13.456138284706038,13.51773452758789,435500,-0.004134060378981801
2010-08-04,13.55133056640625,13.562529201074815,13.400137783725027,13.55133056640625,845500,0.002482247240679376
2010-08-05,13.444938671802632,13.680127143859863,13.41693940842517,13.680127143859863,1037800,0.009459467005546509
2010-08-06,13.484135242780463,13.624128341674803,13.321743803455568,13.624128341674805,863800,-0.004101842713141989
2010-08-09,13.674524917169673,13.70812295932703,13.601728981151648,13.69692325592041,856400,0.005328864172547054
2010-08-10,13.568133069282688,13.792121849902374,13.517735460135414,13.713726043701172,1261400,0.0012260045139217874
2010-08-11,13.534534840798273,13.540134693747794,13.29934635723208,13.35534381866455,1082600,-0.02648064147088214
2010-08-12,13.209750298344723,13.254548052020349,13.080956890035134,13.215350151062012,1627800,-0.010537546604271244
2010-08-13,13.192951287316655,13.405741427147504,13.164953090631789,13.35534381866455,711100,0.010537546604271135
2010-08-16,13.316144596716306,13.388940541721976,13.17615149103702,13.338542938232422,694100,-0.0012587812935294194
2010-08-17,13.439335728961154,13.53453106643046,13.349740242879742,13.472933769226074,733200,0.010024957444811973
2010-08-18,13.467331993483421,13.467331993483421,13.254543011461218,13.32174015045166,952900,-0.01128546844161433
2010-08-19,13.20974212202075,13.310537272418246,13.086548642680492,13.1537446975708,826800,-0.012690812543925857
2010-08-20,13.080952553412578,13.131350143097588,13.019355262005934,13.114550590515137,762900,-0.00298414006020639
2010-08-23,13.164948836777457,13.310541762232846,13.12015109571906,13.181748390197754,1130200,0.005110829170467649
2010-08-24,13.058555104778959,13.276943980730985,13.013757359248734,13.192948341369629,878000,0.0008492952134446647
2010-08-25,13.136949973348798,13.265744417292114,13.080953596400537,13.232145309448242,1131700,0.0029666496054320843
2010-08-26,13.299342457073557,13.400137644480314,13.19294741835949,13.232145309448242,1229200,0.0
2010-08-27,13.293746084618443,13.495336512186332,13.148153116715267,13.456138610839844,1127800,0.016786284330583653
2010-08-30,13.411337418822935,13.484133350082468,13.29934252820257,13.316142082214355,753100,-0.01045841452794701
2010-08-31,13.304945059740488,13.444938167185489,13.209749703955382,13.422538757324219,1026900,0.007958301106671827
2010-09-01,13.56813482239285,13.674529907457819,13.478539298568526,13.668930053710938,1061600,0.01819008721028085
2010-09-02,13.747319499542874,13.747319499542874,13.517730942626367,13.646525382995605,713600,-0.001640439478783099
2010-09-03,13.764125431282142,13.797723485700539,13.579334529886612,13.668930053710938,762900,0.0016404394787830796
2010-09-07,13.708633609027032,13.708633609027032,13.362656164169918,13.589526176452637,669200,-0.005826016057889436
2010-09-08,13.589520779462136,13.702956281454092,13.498772810589019,13.510116577148438,577500,-0.005860581064651964
2010-09-09,13.617882083707899,13.736988403690155,13.595194547443885,13.657584190368652,734600,0.010856204786884701
2010-09-10,13.697279930114746,13.725639337262443,13.617875753702732,13.697279930114746,1055800,0.0029022821999884333
2010-09-13,13.799375025240169,13.799375025240169,13.68593953235936,13.776688575744629,1097100,0.0057806622832668065
2010-09-14,13.77101822146708,13.816392207295591,13.61220873016672,13.754002571105957,751700,-0.0016480523247604992
2010-09-15,13.725645026262253,13.742659595802294,13.572507409594577,13.595193862915039,681600,-0.01161353998130227
2010-09-16,13.583854352836967,13.60654081146115,13.442060470581056,13.442060470581055,575200,-0.011327705684065718
2010-09-17,13.476090699418062,13.51012092825507,13.379670816211984,13.442060470581055,698700,0.0
2010-09-20,13.442058004866881,13.668927958500658,13.425042352668871,13.657584190368652,561500,0.015906353506873
2010-09-21,13.640567462658082,13.71997275152002,13.57250702283492,13.62922477722168,1039000,-0.0020786177959896367
2010-09-22,13.634894944338763,13.731313708316518,13.58384907999698,13.612207412719727,801700,-0.0012493738652859221
2010-09-23,13.561160017322203,13.61787775816531,13.47608394695801,13.487427711486816,534600,-0.009209023110444711
2010-09-24,13.589522663377883,13.685942528897398,13.58385186111315,13.657584190368652,413100,0.012537014771720176
2010-09-27,13.634895764298047,13.77101771679506,13.595192581577109,13.702956199645996,674100,0.00331660487849165
2010-09-28,13.77102051488813,13.793706970680002,13.612210997139687,13.748332977294922,575900,0.0033059881949765715
2010-09-29,13.748332977294924,13.793706970680002,13.629226650334592,13.748332977294922,461800,0.0
2010-09-30,13.78803164349346,13.856093157477195,13.719971211310787,13.742657661437988,1013400,-0.0004128855167235757
2010-10-01,13.856088015756912,13.895790100097656,13.731308800056672,13.895790100097656,668100,0.01108123053452302
2010-10-04,13.929824188998598,14.088633652458867,13.782358490457126,13.850419998168945,747900,-0.0032703668144408783
2010-10-05,13.95818810090557,14.04326420162005,13.884454686965393,14.031920433044434,545800,0.013019208269577925
2010-10-06,13.997884423272952,14.043258397019343,13.907136475780167,13.92982292175293,388500,-0.007302689516014315
2010-10-07,13.997890824610945,14.01490539642119,13.810722962088732,13.890127182006836,731100,-0.002853762608350075
2010-10-08,13.884457221067041,14.009236534570084,13.833411334961525,13.992220878601074,1033900,0.007323210558928443
2010-10-11,13.975195458395808,14.122661128357544,13.952509014755947,14.054600715637207,577800,0.004448271593718941
2010-10-12,14.054608886194302,14.054608886194302,13.901471245846821,13.958189010620117,687000,-0.006883433362958753
2010-10-13,14.009226792758556,14.065943442945635,13.924149653876421,13.980867385864258,569300,0.001623417763507796
2010-10-14,13.986547352106072,14.082967227680257,13.918486899819225,13.958189010620117,381300,-0.0016234177635078995
2010-10-15,14.037592887878418,14.122668992050743,13.97520323997808,14.037592887878418,587800,0.005672575280683324
2010-10-18,14.060274765418985,14.151022717575385,14.048931000949205,14.111319541931152,615200,0.005238342534633216
2010-10-19,13.963860214061274,14.213416636007135,13.963860214061274,14.116996765136719,1142300,0.0004022360540639997
2010-10-20,14.151022730643072,14.36087696452319,14.151022730643072,14.258785247802734,548800,0.009993709613644814
2010-10-21,14.304159212709198,14.343862388358968,14.082961214522232,14.139678955078125,523900,-0.008388269891164925
2010-10-22,14.168037666449134,14.207739761368416,14.054603264079894,14.134007453918457,328300,-0.0004011858343263218
2010-10-25,14.179384490808665,14.25311681416835,14.111322969260263,14.145354270935059,544100,0.0008024804616118001
2010-10-26,14.099976861229276,14.207739378304458,14.06027476738043,14.139678955078125,697500,-0.00040129462728545227
2010-10-27,14.065947778949484,14.202070810402219,13.980871695642344,14.179383277893066,783100,0.002804072289115335
2010-10-28,14.27012857573685,14.372220289334155,14.253112929537002,14.338190078735352,805900,0.011137584566715462
2010-10-29,14.360879708725557,14.627452815946071,14.338193257230843,14.349535942077637,1109400,0.0007909908178580193
2010-11-01,14.406253693516115,14.633123617468902,14.287147389116326,14.349535942077637,964100,0.0
2010-11-02,14.49132734631174,14.565060735340396,14.42893880382705,14.445953369140625,802800,0.0066967285292521125
2010-11-03,14.445952015297863,14.462967660817718,14.213410268864076,14.332517623901367,1249300,-0.007883416235155651
2010-11-04,14.434609927746463,14.496998466953011,14.281472357165052,14.485655784606934,1667600,0.010627988109981997
2010-11-05,14.61610653381655,14.689838840736202,14.428938743542572,14.491327285766602,6333100,0.0003914487038430241
2010-11-08,14.519685284078168,14.582073820228949,14.292815421255243,14.42326545715332,1269700,-0.004707792700016213
2010-11-09,14.457296412771273,14.457296412771273,14.247442184497492,14.264456748962402,1047200,-0.011071658411844357
2010-11-10,14.25878562903484,14.27012939381839,14.116991814643322,14.253113746643066,799800,-0.0007955097661122663
2010-11-11,14.151025841563737,14.213414396318617,14.082964321520677,14.10565185546875,1246800,-0.010399833499209888
2010-11-12,14.026249118841747,14.116997107532407,13.97520323997808,14.037592887878418,1418700,-0.00483662071560442
2010-11-15,14.105648695854498,14.445952974439386,14.105648695854498,14.304159164428711,1767600,0.01881140846967103
2010-11-16,14.236099812808218,14.264458144224168,13.980870502860663,14.094305992126465,871700,-0.01477946015930954
2010-11-17,14.099979837978662,14.258788246901252,14.0546058523149,14.16804027557373,1132100,0.005217857713568497
2010-11-18,14.309836455435084,14.349538564156411,14.196402013631477,14.292821884155273,1048600,0.008768701905075926
2010-11-19,14.25311725057571,14.258789134361841,14.116995285112257,14.213415145874023,788900,-0.005571197880986546
2010-11-22,14.151025124229664,14.321177293010333,14.094307374035738,14.309833526611328,898800,0.006760712925490501
2010-11-23,14.207739330349414,14.30415916442871,14.139678907352803,14.304159164428711,1432700,-0.00039661450383863005
2010-11-24,14.389239693606548,14.406254262449243,14.309834405736344,14.383567810058594,832200,0.005536085066039262
2010-11-26,14.270133776919572,14.383569295995123,14.241775438051327,14.287149429321289,423200,-0.00672593876290264
2010-11-29,14.230431631222695,14.241775399459769,14.020576246041966,14.185057640075684,911100,-0.007171360234297286
2010-11-30,14.11698932894968,14.207737267637444,14.071615359605797,14.12833309173584,966800,-0.004006911413150676
2010-12-01,14.292821884155273,14.3325239928766,14.207744700550908,14.292821884155273,853100,0.011575224803646249
2010-12-02,14.3268460654248,14.372220039367678,14.179380379660229,14.372220039367676,1021400,0.005539734320013941
2010-12-03,14.258786645630362,14.38356590354378,14.258786645630362,14.355206489562988,770300,-0.0011844814415740445
2010-12-06,14.304158158697502,14.400577985997481,14.247441504121737,14.377891540527344,1031100,0.0015790191265826403
2010-12-07,14.532926271913897,14.532926271913897,14.159698427891858,14.199892044067383,1183200,-0.012457355052866341
2010-12-08,14.251567972078906,14.320472087230765,14.079309326989891,14.13672924041748,1059600,-0.004458040895176049
2010-12-09,14.194158701533606,14.199900806701212,14.067835673429997,14.142480850219727,627000,0.00040677302252214694
2010-12-10,14.182666576983202,14.314731626361297,14.171182373943225,14.308989524841309,957900,0.011704883681296395
2010-12-13,14.389380365313146,14.45828450564375,14.33770253386373,14.406606674194336,878700,0.006798920329433613
2010-12-14,14.39511940518248,14.521443453042808,14.389377303443927,14.504217147827148,809300,0.006752546736676721
2010-12-15,14.498474493431639,14.515700797990661,14.326215828616933,14.337698936462402,735600,-0.011547087308803501
2010-12-16,14.383633339740943,14.527182579040527,14.326214520176134,14.527182579040527,1089000,0.01312919745297747
2010-12-17,14.50995913333802,14.57312006156833,14.395119289874689,14.55589485168457,1318700,0.0019745009475495624
2010-12-20,14.584602355957033,14.624795967350034,14.509957234112,14.584602355957031,1632100,0.0019702830294774537
2010-12-21,14.63628492464645,14.653511233066281,14.550155572935552,14.590349197387695,541600,0.0003939572269370926
2010-12-22,14.60757559526109,14.653511322801146,14.555897764879262,14.57312297821045,672100,-0.0011813559837413538
2010-12-23,14.596085627007064,14.607569828156619,14.538665716452984,14.550149917602539,401000,-0.0015776431072846346
2010-12-27,14.532931327819824,14.55589974230719,14.44680196388076,14.532931327819824,363100,-0.0011840968052346525
2010-12-28,14.561636953377128,14.584604264953446,14.475506523182673,14.55589485168457,337500,0.0015788556398461365
2010-12-29,14.590342515737834,14.63053612178331,14.515697403823898,14.561633110046387,286500,0.00039414461582355304
2010-12-30,14.578862280040497,14.613314890471816,14.504217147827148,14.504217147827148,280500,-0.003950755707546878
2010-12-31,14.481255578134398,14.578869163389786,14.446804046630861,14.44680404663086,397100,-0.00396622807010927
2011-01-03,14.590343420393868,14.670730637469129,14.515698303851655,14.601827621459961,826200,0.010673483579543385
2011-01-04,14.64202595268127,14.682219574183073,14.532928197752057,14.613316535949707,1185000,0.0007865040829568654
2011-01-05,14.619059671750875,14.624801774972076,14.509962996130673,14.544414520263672,569100,-0.004726166367780293
2011-01-06,14.561638925862843,14.578864138079888,14.389379137333934,14.515703201293945,751700,-0.0019759953202467583
2011-01-07,14.561639867721036,14.584607183893997,14.383637965208457,14.57312297821045,797000,0.003947897460032621
2011-01-10,14.515699335052966,14.619053866409066,14.383633203798258,14.584602355957031,882700,0.0007873987568040533
2011-01-11,14.642031796087194,14.653516005440606,14.561644521002284,14.619063377380371,548300,0.002360048750946258
2011-01-12,14.69370561886696,14.756867657818262,14.647769889228064,14.682221412658691,560900,0.004310946331736489
2011-01-13,14.710933734572315,14.728158950805664,14.619061168819073,14.728158950805664,533200,0.003123902169033891
2011-01-14,14.728158950805664,14.779836789894349,14.65925589548363,14.728158950805664,556900,0.0
2011-01-18,14.710924876822837,14.888925606953572,14.705182776471052,14.87744140625,1105800,0.01008482981988256
2011-01-19,14.906155863402141,14.92912427259157,14.751123482149614,14.768348693847656,787600,-0.007359777186763082
2011-01-20,14.73389034673253,14.969310955846693,14.73389034673253,14.865955352783203,1076400,0.006587434059256914
2011-01-21,14.952091625989329,14.952091625989329,14.779831854814246,14.81428337097168,616800,-0.003481914987087267
2011-01-24,14.831513214139951,14.923384675934853,14.814286904355578,14.894675254821777,580100,0.005411975632152438
2011-01-25,14.871712631524565,14.911906274808459,14.83151898824067,14.906164169311523,640700,0.0007710464054670182
2011-01-26,14.923375253951088,14.969310955846693,14.797052347536557,14.865955352783203,784100,-0.0027011070505321426
2011-01-27,14.854478712041837,14.952092257941851,14.78557458162077,14.934865951538086,630300,0.004624753182119088
2011-01-28,14.946348736914727,14.946348736914727,14.699443844536669,14.722411155700684,652500,-0.01432757494489803
2011-01-31,14.820028671207218,14.831512877469448,14.642027854919434,14.642027854919434,683100,-0.0054748876039353
2011-02-01,14.756868864151604,15.003772746648018,14.716674139136853,14.97506332397461,1218200,0.022490359017440866
2011-02-02,14.934861314574203,15.020990629463677,14.871699305898213,14.87744140625,525400,-0.006540306523220569
2011-02-03,14.88318345203743,14.8946676526989,14.768343635810048,14.888925552368164,570800,0.0007716189687461459
2011-02-04,14.900419635953503,14.911902749037662,14.745386109776351,14.77409553527832,616900,-0.007742339552163818
2011-02-07,14.797059888805638,14.86022082660589,14.791317786243054,14.848737716674805,517800,0.005039513859707201
2011-02-08,14.854481627185784,14.90615836615048,14.814286904355578,14.894675254821777,460100,0.003088924241269433
2011-02-09,14.865955352783201,14.917633154314947,14.814277551251456,14.865955352783203,573700,-0.0019300606450651798
2011-02-10,14.865967610264903,14.923387558777433,14.825773974864457,14.917645454406738,480000,0.0034710479673538104
2011-02-11,14.871700234825045,15.009507366294745,14.865958134114592,14.911893844604492,784100,-0.0003856318272883297
2011-02-14,14.92912502769686,14.92912502769686,14.739640023076165,14.808544158935547,752400,-0.006954816899883052
2011-02-15,14.802796292064098,14.87744140625,14.768343689953381,14.87744140625,1849100,0.004641743887323594
2011-02-16,14.91763964128831,15.015253187163157,14.883188123683658,14.96357536315918,1036000,0.00577287273978733
2011-02-17,14.98080607998644,15.124355389993827,14.975063976162827,15.084161758422852,696500,0.008026364324766128
2011-02-18,15.095645966070078,15.130097493817441,15.043968126851874,15.084161758422852,627400,0.0
2011-02-22,14.97506391512525,15.124355328347747,14.969321811325042,15.095645904541016,737200,0.0007610483672202505
2011-02-23,15.118608780247722,15.124350882359971,14.940607995544001,14.94635009765625,872500,-0.00993922214265472
2011-02-24,14.957839089807182,15.066936882461551,14.888936027747684,14.917645454406738,1538000,-0.0019223584492712798
2011-02-25,14.923375253951088,14.957826756574411,14.53866333987783,14.865955352783203,2626600,-0.003471047967353785
2011-02-28,14.888929307545856,14.986542847400415,14.860218798651028,14.929122924804688,2518200,0.004240141010719181
2011-03-01,14.929123282160734,14.946349587909975,14.722411993945673,14.745380401611328,1398500,-0.012384023379088517
2011-03-02,14.710928856528103,14.774089787097179,14.613315314527945,14.75112247467041,1118100,0.00038933924850003673
2011-03-03,14.81428118535763,14.934863116909618,14.756862365297799,14.900411605834961,992300,0.010069657254517028
2011-03-04,14.929119346597473,14.929119346597473,14.756860715291124,14.820021629333496,1372000,-0.0054097577864718515
2011-03-07,14.913052375603616,15.058403765441748,14.849098518156145,15.01189136505127,1511600,0.012863565369835028
2011-03-08,15.029338371473397,15.320041237037898,15.017709990704395,15.285157203674316,1051300,0.018039595417126627
2011-03-09,15.296783207578184,15.465391387922823,15.273527556911223,15.453763008117676,945000,0.010970293960668297
2011-03-10,15.383993232133198,15.383993232133198,15.081663131713867,15.081663131713867,1577800,-0.02437289033615383
2011-03-11,15.093286652841627,15.209568199540053,15.052588444180083,15.110729217529297,726000,0.0019253919635474355
2011-03-14,14.994449907994277,15.05258957677505,14.895610918546623,15.01189136505127,1048600,-0.006562391005188489
2011-03-15,14.796771301637508,15.006076540047458,14.756071982696495,14.93049430847168,1215200,-0.005436925298882509
2011-03-16,14.936313479277146,14.988640083570258,14.790962047117034,14.831660270690918,1972600,-0.0066416160042323735
2011-03-17,15.006077506007179,15.017705883596001,14.610721539532202,14.72700309753418,2019800,-0.007081349328499953
2011-03-18,14.849098658573235,14.971193294899138,14.767701125412858,14.825841903686523,872100,0.00668897865312532
2011-03-21,14.994449862352983,15.203755109001484,14.953750541809987,15.128172874450684,827400,0.020187026012591418
2011-03-22,15.151432800657565,15.186317942407246,15.040966511947136,15.104920387268066,687900,-0.0015382145363786346
2011-03-23,15.11654253663794,15.11654253663794,14.977005353988282,15.040960311889648,673400,-0.0042433771957176136
2011-03-24,15.08747357355542,15.180498367336954,14.942122194653896,15.110729217529297,703600,0.00462786870318276
2011-03-25,15.151428293571685,15.20375488168724,15.099101705456132,15.139801025390625,657900,0.0019220698994694679
2011-03-28,15.174687948603397,15.256084386145915,15.07584894204036,15.081663131713867,622300,-0.0038474618630169716
2011-03-29,15.104912154217915,15.244449318330592,15.006073191020254,15.227007865905762,518700,0.009591040687110898
2011-03-30,15.232828140845818,15.407249388458617,15.232828140845818,15.378179550170898,793800,0.009878907888862563
2011-03-31,15.389802863039742,15.436315257706609,15.296778073706012,15.360733032226562,924500,-0.0011351422904736165
2011-04-01,15.436316088135387,15.56422601205767,15.401432067494321,15.546783447265625,753000,0.012039314929437637
2011-04-04,15.604927791530912,15.604927791530912,15.447947999312985,15.47120475769043,1089700,-0.004873226377421807
2011-04-05,15.477013671827407,15.477013671827407,15.360732137462174,15.447942733764648,1036300,-0.0015047004980469224
2011-04-06,15.465386219413137,15.610737591571262,15.407245448761293,15.564225196838379,1094500,0.0074991860155773785
2011-04-07,15.552600829070512,15.552600829070512,15.302596227097524,15.320038795471191,1613800,-0.015813327451894392
2011-04-08,15.413062146480875,15.442131982068853,15.238639806123578,15.296780586242676,858100,-0.0015193095933616375
2011-04-11,15.343290620234535,15.343290620234535,15.058402061462404,15.058402061462402,785500,-0.015706275131679076
2011-04-12,15.01188770069083,15.145610680554157,14.947932749911487,14.971189498901367,697900,-0.0058084578063628
2011-04-13,15.0991027341749,15.116545301049493,14.96537971496582,14.96537971496582,534100,-0.00038813960056542185
2011-04-14,14.913048726605666,15.035144440845128,14.87235052484012,15.029330253601074,804400,0.004264127614645776
2011-04-15,15.06421563197159,15.261893580394998,15.023517426521407,15.180497169494629,844500,0.010007880911396157
2011-04-18,15.070028455366622,15.139797593352432,14.913048726605666,15.029330253601074,1131900,-0.010007880911396084
2011-04-19,15.064210158425123,15.11653672040346,14.982813777099944,15.052581787109375,890300,0.0015458816651866157
2011-04-20,14.965376657759887,15.279336143706333,14.965376657759887,15.180497169494629,1130000,0.008461999246209313
2011-04-21,15.209565742060242,15.267706506015383,15.168867539974496,15.261892318725586,544300,0.005347500282483873
2011-04-25,15.285154860734146,15.372365485246986,15.23282826423779,15.29096794128418,615200,0.0019033001223769665
2011-04-26,15.33747224934183,15.45375375991872,15.308402426168943,15.430498123168945,827800,0.009083625176162312
2011-04-27,15.488644611865627,15.668881143776382,15.459574775850687,15.63399600982666,1041000,0.013101825948224757
2011-04-28,15.639803660298778,15.802597557175563,15.610733836437033,15.76771354675293,709900,0.008516628365624961
2011-04-29,15.773534970385215,15.831675757814565,15.71539529189915,15.820047378540039,429000,0.003313554246200962
2011-05-02,15.785157708990031,15.901439242296679,15.761902067694434,15.808414459228516,496800,-0.0007355982023876926
2011-05-03,15.790968750544897,15.953762642952508,15.785154564143626,15.831666946411133,668400,0.0014698123605077754
2011-05-04,15.78515951229756,15.843300285592925,15.64562232175449,15.674692153930664,1246400,-0.009964724320505674
2011-05-05,15.633996480689518,15.814233018028615,15.558414239408394,15.715394020080566,1005700,0.002593295777201337
2011-05-06,15.831670479032278,15.936323639721762,15.639806720749197,15.756088256835938,643000,0.0025861037670438175
2011-05-09,15.773534970385215,15.843304137089094,15.727022562230392,15.820047378540039,665000,0.004051110618140418
2011-05-10,15.87236616183265,16.052602625021496,15.831667963352182,16.035160064697266,813700,0.01350585811694917
2011-05-11,16.03516183104444,16.04097601845964,15.930508675456498,16.017719268798828,998300,-0.001088251538229809
2011-05-12,16.00028125984423,16.23865745046803,15.959583048119642,16.21540069580078,1180900,0.012265887117130813
2011-05-13,16.250288997684493,16.250288997684493,16.06423825088358,16.192148208618164,965100,-0.0014350046183003236
2011-05-16,16.18051581136183,16.250284962706267,16.122375036731974,16.145631790161133,971800,-0.0028769105697415585
2011-05-17,16.058419565249846,16.227026574856634,16.052605377478173,16.22121238708496,1228700,0.00467025662964179
2011-05-18,16.232841981323062,16.267726001629114,15.947953412780427,16.0526065826416,1112800,-0.010448552030455287
2011-05-19,16.09911390798219,16.151440476429386,15.982832398334498,16.075857162475586,980100,0.0014473511137826141
2011-05-20,16.075860034008002,16.08748840883841,15.924694488041293,16.017719268798828,1268300,-0.0036230276420580647
2011-05-23,15.878186414784857,15.936327195801937,15.767720150689883,15.77934741973877,723900,-0.01499360409812473
2011-05-24,15.872372691809542,15.872372691809542,15.697951452580371,15.715394020080566,578900,-0.004061216865778769
2011-05-25,15.697952239280541,15.697952239280541,15.506088422935953,15.61074161529541,1138200,-0.006681500414304403
2011-05-26,15.616556590860965,15.68632464998376,15.5002750137319,15.651440620422363,868400,0.0026037227863934423
2011-05-27,15.651438940387159,15.75609212678112,15.61074072544355,15.639810562133789,664700,-0.0007433425244805248
2011-05-31,15.77934352143041,15.808414459228516,15.663063097066651,15.808414459228516,1265400,0.010722736335188172
2011-06-01,15.814233579780083,15.86074598582295,15.622369766235352,15.622369766235352,1113400,-0.011838512491851794
2011-06-02,15.674691285224432,15.674691285224432,15.47120025338284,15.604923248291016,838700,-0.0011173891858939037
2011-06-03,15.482826537575434,15.523525850303592,15.34910355115442,15.401430130004883,1606000,-0.013126086613139385
2011-06-06,15.413057925448559,15.430500487390399,15.279334944056313,15.349102973937988,888900,-0.003403336546881058
2011-06-07,15.472707201458354,15.57864339047789,15.378539829190583,15.466821670532227,1005900,0.007640158169841073
2011-06-08,15.466813841113732,15.572749976507593,15.396188628301482,15.513896942138672,1255900,0.003039006836835488
2011-06-09,15.578638179954694,15.590409237869927,15.407962330383267,15.472702026367188,848400,-0.002658887481193647
2011-06-10,15.45504576525168,15.472702352496693,15.360879545044732,15.396191596984863,664400,-0.004957131732094288
2011-06-13,15.407956737561765,15.537434959981386,15.331446011434679,15.443268775939941,1091200,0.003053050536776726
2011-06-14,15.566862252687018,15.566862252687018,15.39029981956945,15.478580474853516,675100,0.0022839328901077065
2011-06-15,15.407961501736123,15.50212771489396,15.307909759937194,15.354992866516113,777700,-0.00801647404404017
2011-06-16,15.384414292877253,15.51389363500669,15.331445675196926,15.478580474853516,597800,0.008016474044040135
2011-06-17,15.596293739297215,15.678688894175682,15.5374395761484,15.61983585357666,849300,0.009084472256467531
2011-06-20,15.619832455514684,15.737539633655572,15.531550668722083,15.702227592468262,561000,0.0052609515377117855
2011-06-21,15.778737815133459,15.819935385210766,15.672800564906332,15.737540245056152,1863100,0.0022463694782905597
2011-06-22,15.678688547399567,15.714001718037688,15.543324760936079,15.566866874694824,987500,-0.010904219384968888
2011-06-23,15.431499078069354,15.496238756241757,15.302020844274107,15.437384605407715,725100,-0.00835259784655571
2011-06-24,15.46681054401856,15.596288763598562,15.431497383865384,15.478580474853516,874300,0.002665023959054818
2011-06-27,15.508012712847727,15.631605442431843,15.496241655968353,15.566866874694824,692000,0.005687573887500945
2011-06-28,15.643374648195596,15.778738418641188,15.578634965569602,15.684572219848633,710000,0.0075328308166560005
2011-06-29,15.755191540722869,15.825815602142276,15.696337407840552,15.819930076599121,833200,0.0085929743227717
2011-06-30,15.878783958494736,15.878783958494736,15.719878138988978,15.837586402893066,707100,0.0011154588286242438
2011-07-01,15.919984440096055,16.014150619506836,15.819932734153424,16.014150619506836,618400,0.011086743874065075
2011-07-05,15.937646721031859,16.00238641349199,15.878792557208994,15.925875663757324,476600,-0.005527558413919078
2011-07-06,15.97295654670132,16.031810702331065,15.867019291077712,16.002384185791016,658600,0.0047925360689265286
2011-07-07,16.06123483176163,16.06123483176163,15.90821450958176,16.014150619506836,611500,0.0007350223449924838
2011-07-08,15.919991636927547,15.972960277109923,15.849367531717654,15.9317626953125,665000,-0.005157974733180827
2011-07-11,15.861136202943035,15.896448250233387,15.725771296988816,15.778739929199219,679500,-0.00965131052853476
2011-07-12,15.725773185667938,15.943533268969405,15.719887656654398,15.867022514343262,895900,0.0055794398584810565
2011-07-13,15.931760943530572,15.955303057711896,15.76697063446045,15.76697063446045,737900,-0.006325613907158104
2011-07-14,15.766964688786276,15.849359812250388,15.584516740330933,15.625714302062988,904000,-0.008999375875609592
2011-07-15,15.655141933692576,15.66691298634441,15.513892669518656,15.625714302062988,1009700,0.0
2011-07-18,15.62571942031617,15.62571942031617,15.349106327688764,15.413846015930176,616000,-0.013651712487540543
2011-07-19,15.455042383163965,15.531551999383003,15.343219600182623,15.519782066345215,435300,0.006849275117507341
2011-07-20,15.555096535317691,15.619836228590692,15.472701378461013,15.572751998901367,543600,0.0034072477779053595
2011-07-21,15.661036919603028,15.802286269094425,15.643380329960337,15.772858619689941,687600,0.01276793370955318
2011-07-22,15.79050714850675,15.79050714850675,15.625715763615387,15.690455436706543,474400,-0.005238060507264232
2011-07-25,15.590405474016075,15.766967932469072,15.560978958882039,15.678686141967773,658400,-0.000750374074565448
2011-07-26,15.690458351790186,15.690458351790186,15.549209048162217,15.631604194641113,648800,-0.0030074446648320043
2011-07-27,15.62571927254489,15.62571927254489,15.431501332207091,15.490355491638184,657900,-0.009077170864220444
2011-07-28,15.466816427957317,15.49035742113221,15.307910514464808,15.313796043395996,627400,-0.011463479624187808
2011-07-29,15.266709635336934,15.307907206402534,15.04306407448136,15.19019889831543,959800,-0.00810371374000003
2011-08-01,15.319678151083362,15.354990194234624,15.113689174693382,15.219626426696777,710600,0.0019353966852843913
2011-08-02,15.137230961721155,15.196085118446637,15.10780444463325,15.119575500488281,1122200,-0.0065955122444871376
2011-08-03,15.154886024902515,15.154886024902515,14.878272975361941,15.025407791137695,1340700,-0.00624767409865833
2011-08-04,14.907701959253982,14.995982638834969,14.566349175004355,14.578120231628418,1964000,-0.030220830497327468
2011-08-05,14.101408344912805,14.5663551699703,14.00724209826449,14.195575714111328,3126700,-0.026591443766152398
2011-08-08,14.007233262780327,14.08962951853634,13.365725410545185,13.395153045654297,3025300,-0.058037418118534766
2011-08-09,13.618798318355703,14.26030621103577,13.318643156615982,14.24853515625,4697900,0.06176117686608971
2011-08-10,14.001348750118487,14.330930402947338,13.9248380219755,13.983692169189453,2974700,-0.01876229978009977
2011-08-11,14.030781821420566,14.813539314398183,13.995469765604664,14.642862319946289,2445500,0.04606119748234272
2011-08-12,14.737026657618635,14.831192868893213,14.36036068997054,14.454526901245117,1392900,-0.012945357221015915
2011-08-15,14.589895240170538,14.95478911395618,14.55458206073318,14.925362586975098,1367700,0.03205430705887427
2011-08-16,14.872388552925093,15.054835423727502,14.754680242539878,14.937127113342285,1583300,0.000787913338363684
2011-08-17,15.03717772326209,15.196083593711796,14.978324694991436,15.025407791137695,1319000,0.005892754637459973
2011-08-18,14.801762580871582,14.86061673303709,14.6016591370386,14.801762580871582,1717500,-0.01499635391291751
2011-08-19,14.707592999697104,14.9194674496846,14.625197879168333,14.648738861083984,1702500,-0.01039201979121789
2011-08-22,14.901817819430802,14.943015398903896,14.531038481623098,14.572236061096191,1548300,-0.005236168538809031
2011-08-23,14.636973397888307,14.99009609222412,14.513379556831037,14.990096092224121,1314200,0.02827164386471697
2011-08-24,15.031295828225177,15.290252338992358,14.960670610938836,15.237283706665039,1253200,0.016355577386202278
2011-08-25,15.372650898031166,15.372650898031166,14.913589723805801,14.984213829040527,1496600,-0.016748064370860707
2011-08-26,14.878272975361941,15.131343915554607,14.595773275934832,15.025407791137695,1971700,0.0027453853628857275
2011-08-29,15.21374017929782,15.437384605407713,15.19019806994438,15.437384605407715,982300,0.02704951851283544
2011-08-30,15.402071568592474,15.566862955768498,15.354988475477821,15.496237754821777,952100,0.0038051295603191027
2011-08-31,15.60217707654256,15.731655319244911,15.508010877750007,15.684572219848633,1426200,0.01208029910289273
2011-09-01,15.731655863422898,15.749312447263378,15.490354830351365,15.513896942138672,1577800,-0.010941368917753722
2011-09-02,15.319681022955399,15.455044815868936,15.278482321914485,15.307909965515137,1121900,-0.013366513137753677
2011-09-06,14.972442127713617,15.119576972578,14.848848274301648,15.084263801574707,1883500,-0.014717617937257779
2011-09-07,15.2630615234375,15.269021465063204,15.15578484766011,15.2630615234375,1319100,0.01178356173510647
2011-09-08,15.167699664090398,15.346493306164344,15.155779784820867,15.185578346252441,1390500,-0.005089445358936172
2011-09-09,15.10810550222222,15.10810550222222,14.786275495109189,14.875672340393066,1338900,-0.020619034689139656
2011-09-12,14.750515385139174,15.024665832519531,14.750515385139174,15.024665832519531,1353200,0.009966089645461631
2011-09-13,15.0842600412138,15.25113492300756,14.92930503742148,15.221336364746094,1169600,0.013004912371979207
2011-09-14,15.310736303150717,15.555088168373016,15.149821327494365,15.40013313293457,1133500,0.011678002596137172
2011-09-15,15.519329872976586,15.596806823368857,15.42993190524547,15.537208557128906,927400,0.00886154489783397
2011-09-16,15.525288418853037,15.775600223512404,15.525288418853037,15.638525009155273,1375400,0.0064997225164622596
2011-09-19,15.602766504701753,15.704083214605363,15.435891589348055,15.638525009155273,1581800,0.0
2011-09-20,15.757717183941594,16.07954590854878,15.668320379147488,15.870952606201172,1447800,0.01475313654012766
2011-09-21,15.91864058503054,16.008038580519823,15.698128409238562,15.799445152282715,2338500,-0.004515735860215888
2011-09-22,15.537212144857383,15.787524011471286,15.263061648288302,15.721965789794922,3519300,-0.004915993047836762
2011-09-23,15.67428278939397,15.763680751510769,15.543167521294205,15.704082489013672,1604700,-0.0011381197249472543
2011-09-26,15.853077268154088,15.853077268154088,15.63852398203979,15.835197448730469,2394400,0.008314439347067756
2011-09-27,16.085508941161518,16.091468880859797,15.82327727814856,15.894795417785645,2189400,0.003756574380104742
2011-09-28,15.960356421268386,16.03187343672565,15.78752154988548,15.811361312866211,2087600,-0.005262971366348959
2011-09-29,15.984193896528597,16.073590727784186,15.811360174333437,15.996113777160645,2109200,0.011617051749814254
2011-09-30,15.912677807617625,15.996114703388464,15.745802879333498,15.745802879333496,1533100,-0.015771957903358995
2011-10-03,15.733879204249778,15.8769143354007,15.257095433746702,15.269015312194824,1521500,-0.030748213876874965
2011-10-04,15.203460278756207,15.340535499185375,14.911430016507904,15.32265567779541,2300000,0.003506864374358487
2011-10-05,15.370342200658703,15.483577710798373,15.185587372391586,15.441859245300293,1241000,0.007749458384607588
2011-10-06,15.418009945547382,15.763678453549707,15.412050006492256,15.751758575439453,1044900,0.01987005983331798
2011-10-07,15.77559848308006,15.900754939973123,15.656403102471021,15.733880043029785,1003400,-0.0011356628047379587
2011-10-10,15.930551868383064,16.025908617795068,15.894793371539093,16.00802993774414,1082900,0.017274115636264575
2011-10-11,15.942474715620419,15.966314475784769,15.793479624820227,15.85307788848877,1057700,-0.00972679743428397
2011-10-12,15.954394595702594,15.966314475784769,15.817319384984577,15.85307788848877,842000,0.0
2011-10-13,15.841154392248436,15.966310831056374,15.68619939677969,15.948431015014648,645100,0.005996785408389477
2011-10-14,16.037830602408956,16.079549043664137,15.91267527864342,15.936513900756836,1240500,-0.0007475073169610393
2011-10-17,15.942467631550578,16.013985743522067,15.870949519579087,15.900749206542969,829100,-0.0022467200863091038
2011-10-18,15.936515735774352,16.157028983611458,15.811360397597744,16.06167221069336,1086900,0.010069597781961422
2011-10-19,16.037836830754774,16.335827111722708,16.037836830754774,16.151073455810547,1271700,0.005550689505420108
2011-10-20,16.103396075603584,16.31794831849572,16.085516248386412,16.276229858398438,1168800,0.007719237264053034
2011-10-21,16.395417590304188,16.47289452630653,16.323899456750958,16.41925621032715,835300,0.008749052634803222
2011-10-24,16.484823523715924,16.496743408692296,16.323908486763273,16.383506774902344,1012500,-0.002179660877619673
2011-10-25,16.323906513909023,16.365624969541575,16.097434410442595,16.121273040771484,990900,-0.016135437620186675
2011-10-26,16.300061955956235,16.37753889727846,16.10934843570869,16.162986755371094,1628600,0.0025841532732149685
2011-10-27,16.437143325805664,16.52654017988176,16.347746471729568,16.437143325805664,1949600,0.016819750906172062
2011-10-28,16.4490574000531,16.4490574000531,16.228544176919083,16.353700637817383,988200,-0.005089400455309589
2011-10-31,16.222583962786654,16.45501706145417,16.151066960690688,16.246423721313477,924200,-0.0065814045704724895
2011-11-01,16.01994790684276,16.16298416080979,15.817315676663943,15.864994049072266,1093700,-0.02375775592925989
2011-11-02,16.07359414552256,16.383504287397887,16.07359414552256,16.29410743713379,1762100,0.026688485591811726
2011-11-03,16.4252187721432,16.592093685917643,16.335821943484245,16.449058532714844,1224600,0.009464707990726873
2011-11-04,16.27622089819913,16.41925602696608,16.091467332301253,16.252382278442383,1658200,-0.012028743738694978
2011-11-07,16.300060654698033,16.389457468084608,16.174904206563102,16.252382278442383,1804000,0.0
2011-11-08,16.37753471404288,16.38945459019928,16.192781180586564,16.323896408081055,1430200,0.004390571753699278
2011-11-09,16.121265266426704,16.174903579728404,15.978230143202868,16.067626953125,1636400,-0.015823572065701074
2011-11-10,16.25238343607426,16.276222057528997,16.06762872027444,16.10934829711914,1694300,0.0025932435880438314
2011-11-11,16.240466598822128,16.42522021248414,16.240466598822128,16.413301467895508,1221400,0.018692328153057918
2011-11-14,16.40137874151107,16.40137874151107,16.21662402315495,16.246423721313477,1060600,-0.010219265343683503
2011-11-15,16.22854593910032,16.32986265207006,16.109350541733942,16.300064086914062,1300500,0.00329623365102995
2011-11-16,16.24046177081762,16.306019961906838,16.043788334292085,16.067626953125,1341500,-0.014362540048447994
2011-11-17,16.09147324039611,16.210669793170148,15.88287984141283,15.97227668762207,1190500,-0.005951987125989627
2011-11-18,16.07359442485543,16.222589556799097,16.01399728147208,16.192790985107422,1414200,0.013711629933681573
2011-11-21,15.966311501969155,16.09742674822513,15.823275241109032,16.00802993774414,1156300,-0.011475674823145291
2011-11-22,16.019953329290512,16.037833151273883,15.745802879333498,15.745802879333496,1269400,-0.016516621546935728
2011-11-23,15.680249812094019,15.692169697326118,15.370340753259208,15.477616310119629,1315700,-0.017178974736407452
2011-11-25,15.459730094172535,15.584885417963223,15.459730094172535,15.48952865600586,415400,0.000769353874039255
2011-11-28,15.811358120330784,15.859036499922846,15.662363042012808,15.733880043029785,965800,0.015652126773039333
2011-11-29,15.793483298765445,16.085513608258033,15.787523357337932,16.049755096435547,1278400,0.01987723885320513
2011-11-30,16.383503269989767,16.46694017348918,16.28218654285081,16.460981369018555,1118200,0.025299224248146797
2011-12-01,16.46097597867325,16.568251475154177,16.425216343104093,16.443096160888672,905100,-0.001087112068407972
2011-12-02,16.550369065798517,16.550369065798517,16.228539238628024,16.258338928222656,851900,-0.011299760884871413
2011-12-05,16.407341863386826,16.514617387337122,16.294105261906406,16.395421981811523,923600,0.00839620644532074
2011-12-06,16.425214092433173,16.490772278584643,16.347737166134,16.365615844726562,1197100,-0.0018196093461221887
2011-12-07,16.371654809992236,16.462105712780907,16.220902921962573,16.401805877685547,793200,0.002208904196406183
2011-12-08,16.359588203861254,16.39576947142748,16.05808454168055,16.100296020507812,923900,-0.01855378507268309
2011-12-09,16.184718723660733,16.389741331870596,16.112357329526816,16.37165069580078,769700,0.016713564751279403
2011-12-12,16.29928970336914,16.377680155781395,16.172657556985914,16.29928970336914,733900,-0.004429692556801055
2011-12-13,16.401800034997862,16.552551869326354,16.287228318867548,16.353559494018555,677100,0.0033240493221051953
2011-12-14,16.347527252004074,16.413857268770613,16.196775436401367,16.196775436401367,673900,-0.009633404414808451
2011-12-15,16.33547448387703,16.486226370106866,16.305324566689308,16.41989517211914,533400,0.013681544555397518
2011-12-16,16.49225197418016,16.59476327417155,16.3595896152823,16.456071853637695,1373000,0.0022007989052958907
2011-12-19,16.510336803079873,16.612848074160706,16.383705841821474,16.450037002563477,855600,-0.00036679214599633385
2011-12-20,16.612853269076126,16.76360511779785,16.570642935457297,16.76360511779785,685800,0.01888244781181068
2011-12-21,16.745520254380978,17.04099382141894,16.72139939985756,17.034963607788086,657500,0.0160577403739883
2011-12-22,17.077168475461303,17.089228898854564,16.980687388605784,17.022897720336914,548800,-0.0007085522980863593
2011-12-23,17.10128789721954,17.227918881860937,17.10128789721954,17.215858459472656,489600,0.011271600000493837
2011-12-27,17.17365112981152,17.408824806864036,17.155561643215822,17.360584259033203,409200,0.008371401647120703
2011-12-28,17.40882438404582,17.420883658101598,17.258072531967695,17.28219223022461,504500,-0.004525743635895185
2011-12-29,17.35455054847555,17.475151318669372,17.312339071255302,17.463090896606445,421000,0.010412941536781318
2011-12-30,17.414853041972247,17.517364345012897,17.35455322265625,17.35455322265625,594700,-0.006234656495328582
2012-01-03,17.553540522780477,17.565599793056904,17.022893525687735,17.09525489807129,783400,-0.015053971885784084
2012-01-04,17.131446545594063,17.17968710962021,16.93245407521799,16.986724853515625,1267200,-0.006368785627533852
2012-01-05,16.980686052693514,17.077167131958632,16.781693682941057,17.040987014770508,1678400,0.003189295093325326
2012-01-06,17.065114512560832,17.065114512560832,16.908333549675596,16.980693817138672,1179400,-0.003544402232834855
2012-01-09,16.998776686360166,17.059077648437164,16.884204973428393,17.040987014770508,708900,0.003544402232834767
2012-01-10,17.282189632463016,17.348520805453376,17.179678342452995,17.215858459472656,942200,0.010209519367314158
2012-01-11,17.22791862487793,17.306310219087226,17.191738508397957,17.22791862487793,1110100,0.0007002812652393676
2012-01-12,17.28821946206523,17.312339156164228,17.113346791730564,17.179677963256836,591100,-0.0028040722406457866
2012-01-13,17.095257630622278,17.11937732517549,17.00480676329368,17.101287841796875,642900,-0.00457339845904609
2012-01-17,17.107320593890645,17.2821921433466,17.022898775052443,17.125410079956055,797900,0.0014095570778266744
2012-01-18,17.12541045310736,17.167620788373522,17.016868933768446,17.161590576171875,623500,0.0021104505469976827
2012-01-19,17.18570626247057,17.18570626247057,16.92641296641711,16.96259307861328,776000,-0.011663268220531625
2012-01-20,16.96863014009912,17.053051969502263,16.932450013295195,16.998781204223633,638400,0.002131135154035839
2012-01-23,17.022901427346,17.17968351516435,16.908330830596284,16.974660873413086,680100,-0.001419952373867513
2012-01-24,16.890239673666372,17.010840479727943,16.860088609541858,16.998781204223633,668800,0.0014199523738674669
2012-01-25,16.99275148499149,17.360586426976692,16.854060036426606,17.348526000976562,1010300,0.020365898450903926
2012-01-26,17.414849592241506,17.565601410959523,17.39676011008821,17.499271392822266,1371100,0.00865169929905613
2012-01-27,17.49928474308794,17.51134517382115,17.294262021207274,17.34250259399414,828900,-0.008998959515135468
2012-01-30,17.246012021070428,17.27013171920609,17.071139321469122,17.125410079956055,940600,-0.012596955715326727
2012-01-31,17.239981288800436,17.336462378722572,17.089229442028937,17.1495304107666,1002600,0.0014074618042785778
2012-02-01,17.21586104726372,17.288222442325175,17.17968092480567,17.28219223022461,831000,0.007705828563572794
2012-02-02,17.28218925100419,17.336460000408383,17.1495280580968,17.179677963256836,514800,-0.005949448986631993
2012-02-03,17.282188860166674,17.360580452042196,17.173647363812954,17.252038955688477,463800,0.004203165304420023
2012-02-06,17.246007730854746,17.372638702392578,17.203797407008803,17.372638702392578,626000,0.006966143372741539
2012-02-07,17.312333555039242,17.426905227840862,17.23997334600806,17.336454391479492,895100,-0.0020850054436016177
2012-02-08,17.3364660787346,17.372646207640766,17.185714199789082,17.209835052490234,753600,-0.0073304489728223034
2012-02-09,17.203798294067383,17.300279367874293,17.08319637673618,17.203798294067383,827800,-0.00035083528809516033
2012-02-10,17.179679892958283,17.239980860196805,17.071138381958008,17.071138381958008,1115000,-0.0077409668648669985
2012-02-13,17.173655070860786,17.239986270654533,17.02893339415723,17.034963607788086,907800,-0.002121308834776244
2012-02-14,16.99275099139873,17.034961331027553,16.920389587645392,16.998781204223633,834000,-0.0021262671737163354
2012-02-15,17.016862915985907,17.034953546193346,16.745510363744145,16.841991424560547,1813500,-0.009266390179118775
2012-02-16,16.84802676707634,17.016868099867015,16.84802676707634,16.93244743347168,1272600,0.005356490189013888
2012-02-17,16.974660395043298,16.998781246402757,16.884209502736308,16.890239715576172,885500,-0.0024958241560947884
2012-02-21,16.89023605771922,16.92641617677752,16.691243677680703,16.721393585205078,972000,-0.010046970889986358
2012-02-22,16.721386783106606,16.86007814153282,16.715356574025712,16.7274169921875,1075700,0.0003601567256686369
2012-02-23,16.76964079131879,16.860091699980906,16.691250310517137,16.775671005249023,1337300,0.00288057306428948
2012-02-24,16.841999163002747,16.890239715576172,16.703307718122332,16.890239715576172,1338500,0.006806241100028341
2012-02-27,16.87817604425979,16.962596707493,16.793755381026575,16.908327102661133,1342400,0.0010703050758869165
2012-02-28,16.932449573335447,16.98672033720395,16.733457155866102,16.805818557739258,920400,-0.00608105937758503
2012-02-29,16.81184466934909,16.84199572739789,16.576672167294745,16.594762802124023,1874900,-0.012638017433099181
2012-03-01,16.64300275935117,16.73948384142258,16.588732006917848,16.685213088989258,953100,0.00543573167682759
2012-03-02,16.667117818474676,16.739479184971955,16.588727392402117,16.67917823791504,740400,-0.00036175400779249033
2012-03-05,16.673151830736465,16.823903657687328,16.588731175690434,16.787723541259766,1719000,0.006486748290828396
2012-03-06,16.67918421832035,16.73345497511614,16.540492795462374,16.667123794555664,2535200,-0.007209733638512055
2012-03-07,16.709838111043428,16.825794219970703,16.55116280077577,16.825794219970703,1814000,0.009474935112525574
2012-03-08,16.85020973331402,16.91123817318012,16.740356679086442,16.88072395324707,732000,0.00325929730390459
2012-03-09,16.868520968652838,17.02109442506697,16.795286361438187,16.972270965576172,787900,0.005408516186528153
2012-03-12,16.966170880774634,17.118744364105495,16.95396588678107,17.08823013305664,757800,0.006809037551277319
2012-03-13,17.106542983847664,17.155366462265704,17.002792946703877,17.149263381958008,759100,0.0035652909886981494
2012-03-14,17.10653760783343,17.204184533982346,16.825801822122923,16.86241912841797,914400,-0.01686779562040092
2012-03-15,16.856313705444336,16.87462177275946,16.722048336904415,16.856313705444336,688200,-0.00036213834431087356
2012-03-16,16.807489796558706,16.91734168959808,16.764768257882228,16.88682746887207,1045800,0.001808591060781699
2012-03-19,16.88683549888979,16.947865133405486,16.752571234190025,16.7647762298584,615000,-0.0072538459256254574
2012-03-20,16.70984630856644,16.825802474379536,16.69764131535708,16.770875930786133,496500,0.00036377410916485476
2012-03-21,16.75255935865466,16.83800008798343,16.70983782994764,16.7586612701416,465100,-0.0007285910993447132
2012-03-22,16.734250132065938,16.776970496730325,16.593882887013635,16.7586612701416,642400,0.0
2012-03-23,16.77697694496299,16.838006559672834,16.70984425237785,16.795286178588867,502500,0.0021830470497390783
2012-03-26,17.033303585934068,17.149259759197648,16.93565664972578,17.08823013305664,1207600,0.017291667781298238
2012-03-27,17.08822486923232,17.18587177536164,17.027195261890757,17.057710647583008,731900,-0.0017875913155672644
2012-03-28,17.06381927855242,17.08823159671713,16.838011155745818,16.917348861694336,759400,-0.00826268365556412
2012-03-29,16.825802292253897,17.06991961444708,16.789184984935723,17.033302307128906,935500,0.006830731800260079
2012-03-30,17.00278895030971,17.088229726448105,16.953965483367305,17.045509338378906,1024900,0.0007164000845489118
2012-04-02,17.088227762320283,17.19197776315324,16.978374683315607,17.118741989135742,902900,0.0042870989455024685
2012-04-03,17.14316069709149,17.191984176635742,17.0394106575545,17.191984176635742,1006000,0.004269352877998445
2012-04-04,17.05771590200779,17.155362838216078,17.014994348878776,17.08823013305664,834800,-0.006053308737178503
2012-04-05,17.027195630676495,17.076019084798606,16.856314123270593,16.89903450012207,1100100,-0.011133440084734304
2012-04-09,16.69153823673079,16.813596317126954,16.69153823673079,16.770875930786133,937400,-0.007612683646958183
2012-04-10,16.78918818058801,16.78918818058801,16.45962885986652,16.520658493041992,978800,-0.015032178827726828
2012-04-11,16.599997161437162,16.599997161437162,16.386394029969033,16.416908264160156,1121000,-0.006299832211772409
2012-04-12,16.453523445552385,16.54506846434798,16.35587651194414,16.51455307006836,667600,0.005930200975630038
2012-04-13,16.477932627320246,16.825799907650122,16.41690301441045,16.62440299987793,1213500,0.006629679699449065
2012-04-16,16.630507564443782,16.85631680318586,16.599993337282246,16.819698333740234,709100,0.011679043294774274
2012-04-17,16.86852242985971,16.98447859271102,16.764772423949207,16.966169357299805,592000,0.008670604084002836
2012-04-18,16.935655971626204,17.021096746376603,16.825802881779545,17.01499366760254,1163300,0.002873612293068378
2012-04-19,17.02109567442075,17.13094875734907,16.78308143743817,16.86241912841797,1168300,-0.009007510207435572
2012-04-20,17.112641198288674,17.253008513322584,16.996685033500867,17.198081970214844,1227200,0.01971043866195103
2012-04-23,17.094332805321315,17.112642041940944,16.960068562240515,17.045509338378906,826700,-0.008911077116570739
2012-04-24,17.05161052704802,17.246904373168945,17.04550744885135,17.246904373168945,835300,0.011745883620056635
2012-04-25,17.31403392739721,17.454401208319478,17.222488935102493,17.356754302978516,1014300,0.00634905689288042
2012-04-26,17.326248232414912,17.466616752844587,17.253013596058484,17.41779327392578,775300,0.0035105580309493455
2012-04-27,17.41167872347703,17.521530605645893,17.344546047671514,17.491016387939453,884700,0.004195114190978918
2012-04-30,17.46661036658293,17.53984497616282,17.37506535854337,17.50933074951172,661000,0.0010465246628472036
2012-05-01,17.50933346709716,17.674111946248384,17.466613077537833,17.59477424621582,610700,0.004868015603763659
2012-05-02,17.521528412048834,17.53373456322039,17.381161165703936,17.42388153076172,693600,-0.009760173157851278
2012-05-03,17.423890057174923,17.497125835999647,17.167566577353202,17.198081970214844,930400,-0.013043902727054128
2012-05-04,17.17366965592553,17.259111591894914,17.143155427107104,17.198081970214844,623800,0.0
2012-05-07,17.1370475212239,17.216385192229218,17.100430224147818,17.210283279418945,642600,0.0007092060100495976
2012-05-08,17.185873069195676,17.411682284146558,17.167563836401918,17.387269973754883,686800,0.010231257507247866
2012-05-09,17.307929520419354,17.39947334163719,17.210282622581282,17.37506103515625,1022900,-0.0007024234995917529
2012-05-10,17.332340662857447,17.52763445853359,17.25300299488008,17.37506103515625,986400,0.0
2012-05-11,17.307937554822885,17.57646606650801,17.295731395916278,17.38117218017578,802800,0.00035165750239089946
2012-05-14,17.295719733215943,17.39336661053766,17.191969780556295,17.27741050720215,907500,-0.005987664522566948
2012-05-15,17.228592992964977,17.28962260328805,17.04550532603876,17.143152236938477,763400,-0.007801089839270282
2012-05-16,17.198078769824942,17.240799147838192,17.08822570405201,17.143152236938477,815100,0.0
2012-05-17,17.173671939355913,17.198084256891114,16.905143430728906,16.911245346069336,861800,-0.013620001661911765
2012-05-18,16.917342054891943,16.996680892961365,16.69153402294067,16.728151321411133,1134900,-0.010885797657253293
2012-05-21,16.752563268017568,16.892930545825855,16.691533662522648,16.88682746887207,1390200,0.009440870215425676
2012-05-22,16.93565471926758,16.96616894683818,16.88072817840596,16.92344856262207,1145200,0.0021662708720247355
2012-05-23,16.90513626042781,16.972267777089094,16.79528320620023,16.88072395324707,1159700,-0.002527772694598329
2012-05-24,16.90514516748356,17.124850227654996,16.89293900746196,17.100439071655273,1478400,0.012931763410285261
2012-05-25,17.17976873100846,17.344548321932248,17.094327978992986,17.295724868774414,1160500,0.011355213669350822
2012-05-29,17.417780924344086,17.491015508775618,17.301824807610977,17.478809356689453,806600,0.010529899748306929
2012-05-30,17.399475712099477,17.50932877814413,17.314034955861633,17.34454917907715,1089500,-0.007710964622867431
2012-05-31,17.375059256896623,17.582559184576546,17.307927749030338,17.466604232788086,1495700,0.007012439515050652
2012-06-01,17.253001363309046,17.552045105163714,17.228589059136716,17.478809356689453,1175800,0.0006985251078166812
2012-06-04,17.454408846678724,17.58257002950825,17.42389344787876,17.55815887451172,1195200,0.004529481715494842
2012-06-05,17.55815103478629,17.78395906486539,17.497121428479563,17.692415237426758,1191400,0.00761729506323577
2012-06-06,17.883792329984942,18.050469314109705,17.76032881309172,18.019603729248047,1030900,0.018324231250280005
2012-06-07,18.155410545801818,18.192449476178034,17.982560241635532,18.007253646850586,1079300,-0.0006856042286619744
2012-06-08,17.988729913435197,18.204792455086956,17.933170940511996,18.192445755004883,833100,0.010231782409723427
2012-06-11,18.248002738726488,18.365294021828085,18.093672536862385,18.09984588623047,816300,-0.00510301584906132
2012-06-12,18.161579437940574,18.19861835922272,18.04428814686002,18.180099487304688,759200,0.004424137420723676
2012-06-13,18.155407016665983,18.334430637336553,18.050462419794368,18.248004913330078,739700,0.0037281931517714295
2012-06-14,18.297392930582816,18.37147196407362,18.254180651649136,18.322086334228516,599200,0.0040514813994339096
2012-06-15,18.34060569465323,18.439378134402414,18.2912200635018,18.4023380279541,904800,0.004370487644724263
2012-06-18,18.33443369594597,18.538149573569978,18.322086993678738,18.457897186279297,761300,0.0030145874044407678
2012-06-19,18.519629343481117,18.55049492140839,18.377645801101547,18.4023380279541,724200,-0.003014587404440675
2012-06-20,18.427030819446426,18.46406974721666,18.32208620955887,18.3591251373291,964900,-0.0023509896945285006
2012-06-21,18.402340558510783,18.451726196453368,18.112200082778905,18.130720138549805,644600,-0.012518988782255438
2012-06-22,18.229490107709815,18.26652903915011,18.143064364420592,18.173931121826172,947900,0.0023804665342453788
2012-06-25,18.08133450060722,18.167759072645126,17.964043168951147,18.130720138549805,462000,-0.002380466534245346
2012-06-26,18.130714482853147,18.266524650469,18.050462110326325,18.223312377929688,538000,0.0050939295140928
2012-06-27,18.24183511582687,18.40851206875029,18.24183511582687,18.315914154052734,605500,0.0050686335297736905
2012-06-28,18.235662683175335,18.389992931296536,18.167756997219175,18.383819580078125,647200,0.003700599247459352
2012-06-29,18.599876758848957,18.62457015811126,18.408507624350428,18.488759994506836,579300,0.005692072481812008
2012-07-02,18.575185407989522,18.76038120135597,18.531973134700426,18.680130004882812,551500,0.010297412777010677
2012-07-03,18.71716984909718,18.809767750336942,18.667784223272893,18.741863250732422,256300,0.0032993059149617377
2012-07-05,18.741858614299122,18.748031963180747,18.630740689321712,18.64308738708496,360200,-0.0052842703713436925
2012-07-06,18.538152562475585,18.643097193774615,18.457900162245814,18.575191497802734,486600,-0.0036485279080205645
2012-07-09,18.538149364789927,18.649266151604603,18.464070329467155,18.61840057373047,514400,0.002323469875313921
2012-07-10,18.698650975316944,18.81594110074575,18.661610872864085,18.741863250732422,682300,0.006609328404050288
2012-07-11,18.785078656714177,18.828290939331055,18.72334631978447,18.828290939331055,505000,0.0046008776338970665
2012-07-12,18.809771620139966,18.914716243787986,18.754212632476516,18.83446502685547,537700,0.0003278616989825461
2012-07-13,18.902373100462256,18.970277622596175,18.834467400881753,18.914718627929688,788000,0.004251944768769854
2012-07-16,18.760377843154114,18.92088138481563,18.723338926600206,18.88384246826172,522500,-0.0016337217946941053
2012-07-17,18.877679690634224,18.93941203775772,18.73569611646279,18.914718627929688,406000,0.0016337217946940138
2012-07-18,18.927062858927652,18.982621846332144,18.859157168222954,18.964101791381836,522400,0.0026074302675688325
2012-07-19,18.97644879485869,19.056701190133055,18.87767752178751,18.982622146606445,588800,0.0009761241431760233
2012-07-20,18.964101791381836,19.08139311784092,18.890023926473468,18.964101791381836,541100,-0.0009761241431760716
2012-07-23,18.877677577726036,18.93940991794006,18.754212897297982,18.766559600830078,586000,-0.010471271282311179
2012-07-24,18.797423962481275,18.81594283797131,18.55666798409411,18.68630599975586,691600,-0.004285585234507226
2012-07-25,18.76655083237971,18.76655083237971,18.501102717699432,18.64308738708496,510100,-0.0023155282237435396
2012-07-26,18.840630202707835,18.939401431815547,18.772724541154062,18.88384246826172,604000,0.012831232678299054
2012-07-27,18.970270525747406,19.136947447392412,18.90236602901681,19.081388473510742,685500,0.01040677394624686
2012-07-30,19.044351330157735,19.149295937582767,18.920886670559014,19.11842918395996,437600,0.0019393140768547074
2012-07-31,19.11843126242336,19.11843126242336,18.85298421708663,18.86532974243164,505900,-0.013326916276017427
2012-08-01,18.927057871804518,19.223371608254634,18.741862080884726,18.748035430908203,636200,-0.006236862412952363
2012-08-02,18.68630599975586,18.741864981118567,18.51962905566774,18.68630599975586,699500,-0.00329801378868725
2012-08-03,18.890022712638668,18.976447275293772,18.828290377550868,18.877676010131836,479000,0.010189104337125162
2012-08-06,18.927052712354314,19.001131714996223,18.85914705805305,18.920879364013672,351900,0.0022859800999370642
2012-08-07,18.976444679036227,19.013483604042893,18.698650975316944,18.741863250732422,661000,-0.009506342289462096
2012-08-08,18.80359569931918,20.396284891466458,17.908481022217828,18.698652267456055,699800,-0.0023082482633598714
2012-08-09,18.64926380750027,18.680130558940952,18.53197368436419,18.63074493408203,426900,-0.0036382804638022373
2012-08-10,18.62457687328479,18.667789160128123,18.531978947556723,18.649269104003906,462700,0.0009937856475860814
2012-08-13,18.64926237992748,18.673955779189786,18.427027673797156,18.488759994506836,735500,-0.008643975612396609
2012-08-14,18.556664487586005,18.599876758848957,18.43320102361273,18.488759994506836,590300,0.0
2012-08-15,18.315914154052734,18.40233871744427,18.291220748828657,18.315914154052734,831700,-0.009392671729271343
2012-08-16,18.359125083781965,18.359125083781965,18.198621493984053,18.26652717590332,532900,-0.0027000389453190276
2012-08-17,18.291217186610247,18.291217186610247,18.173927066977257,18.248004913330078,397400,-0.001014514665921578
2012-08-20,18.25418181843891,18.315914154052734,18.229489590661196,18.315914154052734,430700,0.0037145536112407275
2012-08-21,18.309736063432716,18.44554622467278,18.21713817270331,18.25417709350586,806400,-0.003376372171377702
2012-08-22,18.229486593985328,18.309737792878654,18.15540756793703,18.198619842529297,338900,-0.0030481772957519585
2012-08-23,18.210959994559044,18.210959994559044,17.92699304795344,17.970205307006836,340900,-0.012630632662563398
2012-08-24,17.964043869416393,18.068988501317264,17.877618116562036,18.05046844482422,359000,0.0044565113472954465
2012-08-27,18.05047021609928,18.13072262466438,18.01343127692512,18.087509155273438,321900,0.002049961059281251
2012-08-28,18.081332424090643,18.136890230129943,18.001080035746323,18.075159072875977,352600,-0.0006830294047819169
2012-08-29,18.093677646874397,18.099850997985957,18.001079735093654,18.056638717651367,525600,-0.0010251555681767346
2012-08-30,18.056642666571353,18.0751627239563,17.939351324693195,18.019603729248047,404700,-0.002053151819661131
2012-08-31,18.099850510492683,18.11837056332855,17.89613463908331,17.97638702392578,572400,-0.002401196643443614
2012-09-04,18.007242721198025,18.229478523509467,17.9640304657365,18.21095848083496,885200,0.012964462529053084
2012-09-05,18.304609649447745,18.317096026527718,18.179749450947384,18.21096420288086,623000,3.142088872834026e-07
2012-09-06,18.279635274871623,18.473169326782227,18.248419336972315,18.473169326782227,569800,0.014295531286068811
2012-09-07,18.51062935752708,18.529358922387487,18.279637344747442,18.35455322265625,412600,-0.006441696965410031
2012-09-10,18.36079684745151,18.429470729472573,18.310852530736128,18.348310470581055,328100,-0.0003401779320313645
2012-09-11,18.342075323464492,18.398262853248184,18.285888984447762,18.29837417602539,317700,-0.002725284753278577
2012-09-12,18.285881274594242,18.323339215067705,18.14853350824745,18.21096420288086,268500,-0.004788371635348843
2012-09-13,18.179748371795977,18.448198318481445,18.161018807287807,18.448198318481445,512900,0.012942872178306293
2012-09-14,18.429478809109657,18.44820719185958,18.204728689974893,18.29837417602539,413800,-0.00815450054295745
2012-09-17,18.292125149669122,18.348312661529008,18.167264938354492,18.167264938354492,384000,-0.0071908682151583915
2012-09-18,18.11107497248732,18.248421543553256,18.11107497248732,18.19223403930664,471800,0.0013734570376009387
2012-09-19,18.229693213598114,18.285880717981218,18.161019332515117,18.23593521118164,343900,0.0023993076642946885
2012-09-20,18.198479928124744,18.323341331815794,18.179751551107703,18.279640197753906,423800,0.0023937734488638303
2012-09-21,18.29837577189014,18.348320114857355,18.235945045489355,18.285890579223633,883100,0.000341872873046817
2012-09-24,18.29836562501175,18.56681676613565,18.26090768624942,18.56057357788086,483400,0.014909874992064413
2012-09-25,18.63549683133469,18.71665592405102,18.51063540632994,18.554336547851562,634200,-0.000336092964626752
2012-09-26,18.585547886038658,18.835269483293548,18.554331942152732,18.654220581054688,830700,0.005368887204430963
2012-09-27,18.666703378692826,18.691676129012272,18.416981829329746,18.473169326782227,537500,-0.00975305238979657
2012-09-28,18.479422081295237,18.566824371129556,18.354560646588872,18.51688003540039,481800,0.0023633777038730938
2012-10-01,18.573061053416613,18.573061053416613,18.267151955428787,18.323339462280273,983700,-0.010507122722018371
2012-10-02,18.385775111652027,18.466934204101562,18.34207277950727,18.466934204101562,418200,0.007806164873863111
2012-10-03,18.47942108209128,18.672955223731325,18.46693470114242,18.548093795776367,387900,0.0043852308708217675
2012-10-04,18.616761332994262,18.70416358820965,18.56681701704741,18.672948837280273,417500,0.006708866865089939
2012-10-05,18.729141012550123,18.75411377213488,18.591794407134106,18.61676597595215,428000,-0.003013319041008541
2012-10-08,18.56682018147245,18.66670883039062,18.52311904641658,18.61052131652832,254800,-0.0003354882902606621
2012-10-09,18.59803931957181,18.62301089070271,18.45444832019356,18.548093795776367,404800,-0.0033600595338205874
2012-10-10,18.541854069932093,18.610526792038794,18.404506244184745,18.410749435424805,457600,-0.0074323209591136905
2012-10-11,18.510638137766314,18.535610902758975,18.41699265057779,18.454450607299805,405200,0.0023708642456678145
2012-10-12,18.47317995654876,18.485666338893346,18.260916219758585,18.29837417602539,424000,-0.00849335366381379
2012-10-15,18.292128940158843,18.548093795776367,18.235941416655795,18.548093795776367,515400,0.013554810377259457
2012-10-16,18.5668158940697,18.710405644886354,18.504385205220526,18.57305908203125,450800,0.001345070833388434
2012-10-17,18.623008551728883,18.835272238132767,18.623008551728883,18.785327911376953,581900,0.011364040624651897
2012-10-18,18.754116114171488,18.878976355387824,18.747872923495642,18.84151840209961,452700,0.0029867255961481655
2012-10-19,18.835269288890284,18.910186362676765,18.69167952079656,18.772838592529297,362900,-0.003651791038397797
2012-10-22,18.754118033845266,18.754118033845266,18.516881526947003,18.56682586669922,474700,-0.011034636717119344
2012-10-23,18.435718942754985,18.504391652727076,18.27339957149655,18.385774612426758,501100,-0.009799186021847532
2012-10-24,18.42322809873481,18.454442851089425,18.2983667077834,18.323339462280273,365200,-0.0034016190215087365
2012-10-25,18.392017111191628,18.466934204101562,18.279643257976918,18.466934204101562,497000,0.007806164873863111
2012-10-26,18.50438933038182,18.50438933038182,18.31085522349477,18.43571662902832,384000,-0.0016918883503009468
2012-10-31,18.479416530403807,18.610519925774135,18.4357153986137,18.541847229003906,483900,0.005740285747737257
2012-11-01,18.610516725455042,18.87896784973525,18.498141725452506,18.710405349731445,751200,0.00904961495770508
2012-11-02,18.810304173076386,18.810304173076386,18.454450607299805,18.454450607299805,436100,-0.013774238197765359
2012-11-05,18.35455926194964,18.379532023313764,18.12981036350654,18.173511505126953,741600,-0.015340444588264345
2012-11-06,18.229696747009886,18.329585398437338,18.161022852616018,18.267154693603516,418200,0.005139499596061627
2012-11-07,18.161020626031704,18.185992190443667,17.736493314129763,17.880083084106445,606900,-0.021417205235407515
2012-11-08,17.880088833180082,18.104838938985303,17.855117260738883,17.923789978027344,626500,0.002441462997899958
2012-11-09,17.979975749714246,18.25467016435982,17.58666429370742,17.7177677154541,827300,-0.011560917679053723
2012-11-12,17.717768092981462,17.817657947426557,17.57417828778976,17.624122619628906,361900,-0.005299394802865747
2012-11-13,17.54920946780635,17.74898682647479,17.530479893893563,17.56793785095215,568000,-0.0031930393197466857
2012-11-14,17.65533486927418,17.748980322991088,17.299480239923454,17.41809844970703,874900,-0.008565721256282115
2012-11-15,17.44930777678024,17.47427933260938,17.062238539916727,17.180856704711914,848500,-0.013714024726140642
2012-11-16,17.168376842873094,17.430584827740365,17.099702954456305,17.41809844970703,679000,0.013714024726140524
2012-11-19,17.517985613070756,17.524228801560195,17.324451532963963,17.411853790283203,563700,-0.00035857984804061444
2012-11-20,17.368154128340244,17.430584827740365,17.280751863640003,17.41809844970703,381400,0.0003585798480407448
2012-11-21,17.486769454161294,17.51174101534304,17.2432910764991,17.34317970275879,627500,-0.0043104780336429924
2012-11-23,17.34318867370418,17.486778499380023,17.23081361334327,17.368160247802734,257400,0.0014393307427574354
2012-11-26,17.36815428723759,17.511744063634957,17.355667909090023,17.443071365356445,847100,0.00430385422835286
2012-11-27,17.468041661735935,17.611631427700715,17.39312577982669,17.50550079345703,887200,0.0035726492184034128
2012-11-28,17.47429067295481,17.711527156505294,17.36191562188004,17.68031120300293,1027100,0.009936496441888211
2012-11-29,17.73648568661281,17.898804953168483,17.642840276498458,17.836374282836914,815100,0.008788212195400701
2012-11-30,17.836383142281232,17.930028598909875,17.761467253284952,17.917543411254883,1017300,0.004540440494283972
2012-12-03,17.95499831574025,17.99245625389628,17.730248305271317,17.817651748657227,653500,-0.0055906745342800025
2012-12-04,17.811412811279297,17.892571895114077,17.76771048377339,17.811412811279297,582700,-0.00035021617989445473
2012-12-05,17.918779027485677,18.133525352686693,17.798772771434585,18.007204055786133,684300,0.010932482138927294
2012-12-06,18.02616458003787,18.0830084177588,17.899841995832265,17.95037078857422,907600,-0.0031611316828034463
2012-12-07,17.931418355499094,18.03879216860333,17.88720582152109,17.937734603881836,718800,-0.0007041990696575017
2012-12-10,17.950365517292873,18.09563560317848,17.944049269467268,18.026159286499023,711300,0.004917424184944302
2012-12-11,18.064056073848437,18.070372321850652,17.93773352320639,17.975629806518555,740300,-0.0028070556732105816
2012-12-12,18.0072103426562,18.076687863263672,17.906152787973195,17.925100326538086,603800,-0.002814957420611164
2012-12-13,17.931414138857814,17.950362879550173,17.722982810045515,17.83035659790039,490100,-0.005299551930190326
2012-12-14,17.798781586000267,17.861942868080504,17.73562030392003,17.77983283996582,509000,-0.0028376030924590692
2012-12-17,17.805096870535866,18.15879834445057,17.76088433688418,18.14616584777832,932000,0.020394461873717445
2012-12-18,18.16511068644607,18.367225770933217,18.120898162302122,18.35459327697754,546100,0.011420567660160268
2012-12-19,18.411438914405498,18.411438914405498,18.221956317500165,18.240903854370117,502900,-0.006213321160846045
2012-12-20,18.30406875218522,18.449338852273705,18.272488714670754,18.430391311645508,622800,0.010334466937803705
2012-12-21,18.291431642061713,18.44933419921225,18.215639089261963,18.39249038696289,1205200,-0.0020585536122374477
2012-12-24,18.398807964289396,18.398807964289396,18.158796574417735,18.2788028717041,181600,-0.0062003747007047735
2012-12-26,18.2724869281921,18.316699458270232,18.026159286499023,18.026159286499023,363000,-0.013918078881422088
2012-12-27,18.00089759949416,18.10827142283709,17.8050986997634,17.981948852539062,557700,-0.0024555833927507025
2012-12-28,17.88720371677069,18.03879004601608,17.78614616394043,17.78614616394043,464300,-0.010948564324016155
2012-12-31,17.779831130651996,18.101952554062027,17.653509783337032,18.076688766479492,564500,0.016203345879748532
2013-01-02,18.304065053369445,18.600922646702905,18.304065053369445,18.594606399536133,887300,0.02824836540340162
2013-01-03,18.607237287728687,18.651451016942207,18.430387189678367,18.487232208251953,667900,-0.005791217232480637
2013-01-04,18.506180143902288,18.626186430669026,18.474600112769394,18.594606399536133,498300,0.00579121723248055
2013-01-07,18.525132628890116,18.525132628890116,18.379862528801635,18.430391311645508,408300,-0.008870556372018978
2013-01-08,18.33564916991712,18.411441738424223,18.165114083724404,18.247222900390625,551300,-0.009988105167787415
2013-01-09,18.247225072647083,18.272490068291248,18.057742424121045,18.171432495117188,838000,-0.004162180830940415
2013-01-10,18.24722511743476,18.348282690856863,18.17143253971883,18.335651397705078,708500,0.008996610669390897
2013-01-11,18.373542418048114,18.468283715377115,18.32932989294131,18.46196746826172,536600,0.00686547502829958
2013-01-14,18.499869276321025,18.575661850024545,18.449339287583694,18.556713104248047,577000,0.005118812523837083
2013-01-15,18.518810984077444,18.575655998799853,18.449333476149867,18.569339752197266,412100,0.0006802041943366273
2013-01-16,18.550392455026724,18.61355251246098,18.474598699524392,18.493547439575195,462600,-0.004089935998870257
2013-01-17,18.499869276321025,18.60092684439321,18.480920530544527,18.556713104248047,558000,0.0034097318045337496
2013-01-18,18.588292949322305,18.638821729558504,18.518815424734598,18.60092544555664,407000,0.0023797186203904654
2013-01-22,18.607240991307073,18.89146614074707,18.600925947720565,18.89146614074707,639300,0.015498958533147282
2013-01-23,18.897782389034756,18.91041488561013,18.73987979594613,18.89146614074707,857500,0.0
2013-01-24,18.935676180773108,18.941992428229128,18.78408985593175,18.82830238342285,1018700,-0.003349109437063645
2013-01-25,18.708302923855136,18.910418084445645,18.708302923855136,18.80936050415039,684000,-0.0010065386327647947
2013-01-28,18.752512231227346,18.82198855276245,18.657770916624077,18.72724723815918,783000,-0.004375110161067967
2013-01-29,18.714615750923553,18.86620330810547,18.689351961194063,18.86620330810547,686300,0.007392601677267528
2013-01-30,18.866204061348384,18.941996638264158,18.771461533151733,18.935680389404297,631500,0.003675857006784255
2013-01-31,19.005159506829674,19.09358458883814,18.878836928502103,18.99252700805664,628400,0.0029975928270584893
2013-02-01,19.10621407701165,19.175691604614258,19.030420301017784,19.175691604614258,651300,0.009597828207908651
2013-02-04,19.137789847142944,19.194634865288396,19.087261075980425,19.09989356994629,615300,-0.003960651857195163
2013-02-05,19.182006322491286,19.30832766613373,19.112528800432223,19.137792587280273,501000,0.0019822867727075926
2013-02-06,19.0683127510156,19.276744074027327,18.998835241778064,19.257795333862305,460000,0.006250881615481176
2013-02-07,19.264118630852614,19.37149245501591,19.21358984328761,19.33991241455078,415300,0.004255030123538138
2013-02-08,19.377805583801507,19.396753123149093,19.29569556429155,19.390438079833984,336300,0.0026091007853347756
2013-02-11,19.36517423012679,19.403070515758603,19.31464544771731,19.371490478515625,378100,-0.0009776398405451085
2013-02-12,19.409385177208296,19.52939147738188,19.314643868524357,19.51044273376465,473600,0.007147424796452776
2013-02-13,19.53571197915181,19.598873266928162,19.49781568836654,19.586240768432617,474300,0.003877471071474916
2013-02-14,19.51675885592804,19.598868873039386,19.472546325807052,19.523075103759766,339000,-0.0032302134766703412
2013-02-15,19.529393761245068,19.643083826841714,19.523077512634007,19.61781883239746,398300,0.0048411727046494225
2013-02-19,19.674661582448643,19.91467418301666,19.643081547758637,19.851512908935547,536700,0.011841943968302834
2013-02-20,19.870462873906526,20.003101686141203,19.750457763671875,19.750457763671875,599000,-0.005103552317700311
2013-02-21,19.750452066104444,19.832560865457438,19.560968275388383,19.57360076904297,727700,-0.008994910172611116
2013-02-22,19.649396896362305,19.782034481631364,19.617815658416546,19.649396896362305,1067400,0.0038648867338154937
2013-02-25,19.73150703980291,19.883093378089228,19.390438079833984,19.390438079833984,1208700,-0.013266583467168367
2013-02-26,19.50412852588126,19.592554800642635,19.396754710221987,19.447284698486328,1158400,0.0029273940479490417
2013-02-27,19.472545577969182,19.65571314395146,19.428333049546165,19.649396896362305,2256800,0.010339189419219389
2013-02-28,19.68729540757569,19.750456685921726,19.586237844102506,19.592554092407227,987900,-0.0028970447329451396
2013-03-01,19.744144338907148,20.053633338784053,19.58624171419231,19.920995712280273,1234700,0.01662463564923133
2013-03-04,19.939937603629502,20.148368960978548,19.807300014726053,20.1357364654541,716200,0.010721933553189067
2013-03-05,20.198895915022405,20.325218449461584,20.135734647802813,20.29995346069336,728800,0.008122423451788244
2013-03-06,20.344167583439184,20.394697564942447,20.249427482223762,20.306272506713867,1033900,0.0003112353300987626
2013-03-07,20.408411326005726,20.47863267966037,20.165834555814108,20.20413589477539,592600,-0.005042498083124023
2013-03-08,20.26797240052614,20.293507438381386,20.127533345055163,20.2424373626709,551500,0.0018939295104464563
2013-03-11,20.18498094487351,20.30626869180217,20.17221342911976,20.274351119995117,618500,0.0015753353174995238
2013-03-12,20.31265764400801,20.338192682045296,20.108382210020224,20.216903686523438,421200,-0.002837524907106076
2013-03-13,20.255202569893505,20.35095651576713,20.17221614149036,20.344573974609375,452000,0.0062951705445541736
2013-03-14,20.35733580239139,20.529693597646745,20.319034475971492,20.465858459472656,556100,0.005943815573629744
2013-03-15,20.395644030978442,20.66375460822161,20.319040139210713,20.561616897583008,1228000,0.0046680236188956755
2013-03-18,20.459479471680485,20.536082146936746,20.427561893253305,20.510549545288086,600500,-0.002486714631018801
2013-03-19,20.574384158651924,20.59353421817134,20.319039885246916,20.453096389770508,750900,-0.002805082012528764
2013-03-20,20.49778445601171,20.61268970009072,20.472249416181835,20.59992218017578,388100,0.007153014397251487
2013-03-21,20.574382248976136,20.657369891115966,20.465862008231998,20.638219833374023,959600,0.0018573903836846821
2013-03-22,20.65098599624451,20.721206125181013,20.568000784914986,20.6318359375,480500,-0.0003093718099332534
2013-03-25,20.670141220092773,20.797813977279787,20.561618524179455,20.670141220092773,598700,0.0018548890978957394
2013-03-26,20.721202051835927,20.82972471208319,20.676516966779552,20.804189682006836,1041600,0.006464187644455988
2013-03-27,20.72759351913629,20.970169075376607,20.682908420083848,20.938251495361328,575500,0.006423307813802996
2013-03-28,20.97016392019238,21.289344512190162,20.899946235482787,21.180824279785156,886000,0.011518555995926437
2013-04-01,21.199977335997925,21.20636231242801,20.989319381750267,21.110607147216797,648200,-0.003320634687477324
2013-04-02,21.18721362086506,21.34042142566895,21.129760998458032,21.263818740844727,585400,0.007231355142532705
2013-04-03,21.314882283327293,21.378719871023907,21.065921779197932,21.09783935546875,670800,-0.007836342683908325
2013-04-04,21.10422134453128,21.17443902832584,21.002083653829175,21.16805648803711,644500,0.0033226409030940487
2013-04-05,21.014846054166192,21.251041412353516,20.970160972380334,21.251041412353516,687600,0.003912625882652318
2013-04-08,21.251047394513385,21.359567642211914,21.11060713499293,21.359567642211914,602500,0.005093870607896889
2013-04-09,21.38509938490168,21.39148192519033,21.136138916015625,21.136138916015625,906000,-0.01051545217557562
2013-04-10,21.22550832144696,21.54468889770932,21.180823235582594,21.436168670654297,991300,0.014095299928999055
2013-04-11,21.455324983357333,21.531927662157955,21.40425490738675,21.525545120239258,694100,0.0041607548041254095
2013-04-12,21.48086353187101,21.640453892627388,21.48086353187101,21.576616287231445,802300,0.0023697740078487445
2013-04-15,21.531927698270255,21.557462736298373,21.174444471342387,21.187211990356445,1102000,-0.018212357310279415
2013-04-16,21.31488819299721,21.583001265348866,21.06592761984216,21.576616287231445,1107600,0.018212357310279446
2013-04-17,21.519152191962664,21.54468722051291,21.19997164054766,21.32764434814453,524700,-0.011606061035295476
2013-04-18,21.417020254274373,21.59576306688814,21.276582429908924,21.359567642211914,560300,0.001495684469898032
2013-04-19,21.365943996929474,21.621286942382387,21.263806331717504,21.614904403686523,397200,0.011883323008216687
2013-04-22,21.608533329570733,21.646835891846184,21.40425786774618,21.55108070373535,625300,-0.002957131468301713
2013-04-23,21.627685222002437,21.831960678100586,21.55108009959899,21.831960678100586,689100,0.012949018333828983
2013-04-24,21.851107171976203,22.004314956602705,21.717051882399968,21.972394943237305,589400,0.0064119078698354195
2013-04-25,22.00431577666357,22.074535912436232,21.940478182708784,22.010698318481445,431900,0.001741732201480636
2013-04-26,21.991540905520896,22.112828640752483,21.91493825354065,21.959623336791992,511300,-0.0023231581092865773
2013-04-29,21.966017794503344,22.18944333198329,21.88941510096104,22.144758224487305,499200,0.00839535522457794
2013-04-30,22.144756006766833,22.317113876342773,21.991550635025206,22.317113876342773,497100,0.007753003058817153
2013-05-01,22.20858652428611,22.291571726196924,21.940473556518555,21.940473556518555,549400,-0.017020783760477543
2013-05-02,22.02346063940026,22.06814572704464,21.844720288822728,21.883020401000977,626600,-0.002622026828315266
2013-05-03,21.97239688663318,22.106454623221566,21.819191523611227,21.8447265625,566800,-0.0017514667893699346
2013-05-06,21.80642019206108,21.831955226485924,21.60214478697214,21.659597396850586,536400,-0.008510891161582601
2013-05-07,21.729826673404034,22.023472387466157,21.71705915081578,22.01708984375,523300,0.01637030887921883
2013-05-08,21.97239331409049,22.10645102888212,21.831955493347035,21.953243255615234,572600,-0.002904077749978331
2013-05-09,21.844716619075385,21.96600434585548,21.30849322226963,21.36594581604004,1180900,-0.027116547595725682
2013-05-10,21.346810971718334,21.500018826787855,21.308510834318138,21.455333709716797,845800,0.00417493472886363
2013-05-13,21.385106517643433,21.385106517643433,21.16168100570038,21.29573631286621,690000,-0.00746639268625837
2013-05-14,21.28934588330093,21.461703706298756,21.257428309076474,21.404251098632812,817100,0.005082672195239006
2013-05-15,21.423412561544893,21.717058263610735,21.365959929822807,21.500015258789062,1161200,0.004464093076048828
2013-05-16,21.43617521805414,21.519160439917833,21.334035064704445,21.353187561035156,718200,-0.006852616031351839
2013-05-17,21.38510514137929,21.474475340404986,21.24466486567875,21.353187561035156,1182300,0.0
2013-05-20,21.30211665712908,21.525544581172163,21.27658405493846,21.46809196472168,1311300,0.005366709297085106
2013-05-21,21.48085838783821,21.531926024770122,21.28934805266712,21.417020797729492,664300,-0.0023817678371605036
2013-05-22,21.397872156345525,21.576612550185217,20.9382512177232,21.04677391052246,776300,-0.0174386802974207
2013-05-23,20.912712924373064,20.96378299189414,20.478629526218214,20.919097900390625,855500,-0.00608477310491025
2013-05-24,20.848881619061416,20.848881619061416,20.542468462905756,20.670141220092773,545000,-0.011972311072049074
2013-05-28,20.733967608020706,20.8105702558582,20.44032209534843,20.58714485168457,1057600,-0.004023361120843962
2013-05-29,20.523312640051504,20.523312640051504,19.955170369401245,20.082841873168945,1390900,-0.024801032320129212
2013-05-30,20.29989091734175,20.791429460546777,20.28074085564394,20.35095977783203,1398900,0.01326226194856518
2013-05-31,20.299888204862732,20.561616232100445,20.153065402768895,20.24881935119629,1384400,-0.005031586098072292
2013-06-03,20.204136167504796,20.357342742995634,19.948791875020063,20.216903686523438,1283600,-0.0015774175719502806
2013-06-04,20.223285131864408,20.2743539845175,19.910488257167028,19.9807071685791,1057300,-0.011751904219407755
2013-06-05,20.077515769232548,20.077515769232548,19.741922159913095,19.88390350341797,874200,-0.0048566311725527405
2013-06-06,19.864539879011687,20.12268829345703,19.81936282940361,20.12268829345703,646400,0.011937414056713586
2013-06-07,20.129148143252404,20.32275920392105,20.051702980415484,20.290491104125977,775200,0.00830440848855572
2013-06-10,20.34857177734375,20.34857177734375,20.154959513234886,20.34857177734375,770400,0.002858368704600382
2013-06-11,20.21949833199906,20.503462267081133,20.12269280872874,20.322757720947266,1345800,-0.0012693983787231018
2013-06-12,20.387293593440567,20.464737513776655,19.99361643372721,20.045246124267578,629800,-0.013749303509784493
2013-06-13,19.987163130727218,20.400201897616743,19.80000595886,20.380840301513672,688400,0.016603234012808304
2013-06-14,20.413103103637695,20.548631779314405,20.32275147381898,20.413103103637695,457600,0.0015817450414230528
2013-06-17,20.53572732183428,20.709977976472317,20.451829542350502,20.516366958618164,818400,0.005045952167415836
2013-06-18,20.509914340480876,20.735794695672194,20.38729336521435,20.729339599609375,717400,0.010327112882326772
2013-06-19,20.677708967177715,20.80032869860687,20.264670259943834,20.34211540222168,1209200,-0.018856681421253605
2013-06-20,20.11623008512855,20.122683947964564,19.587025642060084,19.645109176635742,1044000,-0.034864976816384084
2013-06-21,19.696744809579865,20.03879102676935,19.44504900659365,19.819364547729492,1513700,0.008831056751886095
2013-06-24,19.65156647629808,20.109779739254932,19.50958393097164,19.929075241088867,1291100,0.005520265577533258
2013-06-25,20.045244052713592,20.21304083736623,19.91617045517611,19.96780014038086,1091800,0.0019412503401736933
2013-06-26,20.103329594789425,20.367931911555935,20.025885674781573,20.27758026123047,1198600,0.015394871955251051
2013-06-27,20.406652616526138,20.67125367010946,20.309845881886158,20.48409652709961,848000,0.010132950809283876
2013-06-28,20.477642465682724,20.806783390773514,20.38083696292301,20.62607765197754,1340000,0.0069073747425100925
2013-07-01,20.735794161915795,20.755154525810273,20.083968573576026,20.174320220947266,1295400,-0.022145661189277462
2013-07-02,20.167869141948675,20.322758229244954,20.04524815289989,20.135601043701172,760000,-0.0019210749085686683
2013-07-03,20.10332670076785,20.180771840575822,19.987159606530263,20.12268829345703,276700,-0.0006414952497765038
2013-07-05,20.14850174606208,20.167863338008097,19.838723660617962,20.142047882080078,471600,0.0009616151478292581
2013-07-08,20.18723045688965,20.438925066354305,20.135600761846927,20.393749237060547,646600,0.012418879500209859
2013-07-09,20.471190724936083,20.697071075439453,20.393746807074223,20.697071075439453,659000,0.01476375237094987
2013-07-10,20.67125866633508,20.85841708552973,20.60026860297596,20.826148986816406,655600,0.006217163647482087
2013-07-11,21.00039448116496,21.090746119979347,20.87131965633119,21.05202293395996,654400,0.010787296919248675
2013-07-12,21.04556692552034,21.09719537003575,20.87776894157674,21.084287643432617,369400,0.001531444748553612
2013-07-15,21.116562580589267,21.56186816243019,21.08429202642449,21.536052703857422,804400,0.021200299068543906
2013-07-16,21.56831803086384,21.594133486126825,21.194003777139816,21.3553466796875,647300,-0.008426262419588066
2013-07-17,21.471514882635628,21.555413885653024,21.31017197170079,21.490875244140625,553500,0.006326299513868876
2013-07-18,21.555409289295042,21.742565155029297,21.529593838194828,21.742565155029297,548600,0.011643429346060098
2013-07-19,21.729664426688586,21.761934981903817,21.61349978312507,21.749027252197266,495800,0.0002971653534787603
2013-07-22,21.749032899088196,21.84583720417489,21.678041598218943,21.75548553466797,534400,0.0002969017283235127
2013-07-23,21.826475218109422,21.910374245819323,21.716763188094923,21.820022583007812,394800,0.0029620811467068586
2013-07-24,21.826471405214235,21.826471405214235,21.477970085051574,21.59413719177246,790000,-0.010406163832164698
2013-07-25,21.568321694090073,21.742572353864485,21.516693236692692,21.710304260253906,460400,0.005365147002939486
2013-07-26,21.613506170442147,21.77484914660822,21.542514867025325,21.736125946044922,534400,0.0011886679162712744
2013-07-29,21.69094517420772,21.839380383078392,21.6393142518712,21.716760635375977,549600,-0.0008913245344351773
2013-07-30,21.794204009852216,21.961999579437737,21.710304994110547,21.807111740112305,393400,0.004151801280091203
2013-07-31,21.787753495565486,21.820024058950864,21.56187432325787,21.678041458129883,470400,-0.0059363093618502215
2013-08-01,21.8264743119465,22.142707580555992,21.80711394554729,21.96200180053711,994100,0.013013935316204596
2013-08-02,21.961997017959174,22.097526938934035,21.923276293592814,22.02008056640625,742400,0.0026410209113258906
2013-08-05,21.96199860046754,21.97490633015226,21.826471131624555,21.86519432067871,348200,-0.007058717951867189
2013-08-06,21.865192271642186,21.923275818831424,21.587682264171093,21.671581268310547,690600,-0.00889428884500397
2013-08-07,21.60058794751283,21.73611539082356,21.529596678569906,21.684484481811523,792900,0.0005952206990503344
2013-08-08,21.826475689686397,21.826475689686397,21.18110384206256,21.62640953063965,1261800,-0.0026817726718348306
2013-08-09,21.619957107275443,21.66513294009998,21.458614143788314,21.497337341308594,614400,-0.005986148427448703
2013-08-12,21.419889967694864,21.561872556884467,21.316630574256465,21.555419921875,841100,0.0026982065492180463
2013-08-13,21.52960131522026,21.548961679320627,21.406979110857176,21.43279457092285,671100,-0.005705083823527964
2013-08-14,21.43279736641008,21.43279736641008,21.097203727478,21.181102752685547,511100,-0.011812801027001512
2013-08-15,20.98748994563843,21.11010969384289,20.768063448605574,20.832599639892578,575200,-0.01659035440368658
2013-08-16,20.79387620257463,20.845504656502772,20.432467177487354,20.53572654724121,460400,-0.014352922463928138
2013-08-19,20.51636999843691,20.60672165602934,20.27112802647316,20.322757720947266,871500,-0.010424799589585908
2013-08-20,20.316301479932573,20.574449922120948,20.213042103057223,20.406654357910156,796100,0.004119713560240494
2013-08-21,20.400202880753323,20.4324709781979,20.096877348598618,20.109785079956055,998900,-0.014654525170694916
2013-08-22,20.167864182896533,20.27757741328944,20.096872907069137,20.219493865966797,573200,0.0054406654173213675
2013-08-23,20.225953395371295,20.387296354025533,20.109786268188387,20.33566665649414,467000,0.005729140597283958
2013-08-26,20.361482549002158,20.367936415588133,20.09688017372321,20.167871475219727,523300,-0.008285505362534867
2013-08-27,20.006520431304033,20.271122699822804,19.974252342342698,20.142047882080078,670100,-0.0012812527082199647
2013-08-28,20.129143526746823,20.29694031528598,20.038790652334157,20.213041305541992,529500,0.0035184408276231725
2013-08-29,20.219498559623577,20.284035986180005,20.09042370651073,20.180776596069336,481200,-0.001597507639062781
2013-08-30,20.232405635936342,20.32275729162005,20.03879336253684,20.077516555786133,674200,-0.005129887963243978
2013-09-03,20.213041176384205,20.290486320964657,19.658021127912612,19.690290451049805,1395100,-0.01947496593588009
2013-09-04,19.690294808840175,19.870999365554948,19.541859582404335,19.812915802001953,2038300,0.006208394530846966
2013-09-05,19.96953876655248,19.96953876655248,19.571452796481285,19.584505081176758,694900,-0.0115953417705016
2013-09-06,19.688918738419662,19.780282231931295,19.53882121486934,19.55187225341797,1258200,-0.0016676472143847853
2013-09-09,19.59102702439946,19.66933822631836,19.440929516776464,19.66933822631836,748000,0.005989938743880705
2013-09-10,19.76070504706857,19.845542398918706,19.675866450484193,19.825963973999023,777600,0.007931402472052212
2013-09-11,19.825964666012524,19.87164765908632,19.604082066182666,19.72807502746582,541100,-0.004949640990013542
2013-09-12,19.780284425786668,19.93690810834975,19.604083560862186,19.6367130279541,466900,-0.004641821692390554
2013-09-13,19.662813695910916,19.825963498795034,19.63671037471125,19.682392120361328,708900,0.0023235072510174753
2013-09-16,19.891221909673277,20.02174223833076,19.52576673206007,19.564922332763672,851600,-0.00598614911712895
2013-09-17,19.55186901777224,19.675863198971218,19.51923955969916,19.623655319213867,709200,0.002997456603138865
2013-09-18,19.597553707323918,20.256679024584518,19.52576739963456,20.23710060119629,729000,0.030781840674051618
2013-09-19,20.28278581554356,20.406780028754287,20.10658370909689,20.197948455810547,603800,-0.0019365455729394654
2013-09-20,20.263211137107785,20.263211137107785,19.943437576293945,19.943437576293945,1027300,-0.012680891977979506
2013-09-23,19.94342757887283,20.387195153378133,19.871642526338594,20.29583168029785,632000,0.0175153833395969
2013-09-24,20.067422617387397,20.393722172141665,20.067422617387397,20.35456657409668,1936600,0.002889759372315208
2013-09-25,20.419834237179973,20.556879503061165,20.021748235789786,20.0478515625,8003800,-0.015183294368672188
2013-09-26,20.054370426687775,20.230572485783995,20.054370426687775,20.184890747070312,1640300,0.006812347688983377
2013-09-27,20.132679710811658,20.2240431739121,19.943425400407786,19.989107131958008,1009700,-0.00974685993033985
2013-09-30,19.87817633316721,20.073956892194133,19.839020719255636,20.00217056274414,1023100,0.000653314022647856
2013-10-01,20.054373356796383,20.256680007421384,20.02174389430033,20.12615966796875,1514900,0.006179649095130949
2013-10-02,20.047841142446533,20.119627431873354,19.904269808326713,19.989107131958008,1383300,-0.006832963117778873
2013-10-03,19.91732829502546,19.91732829502546,19.656288858568775,19.734600067138672,1806000,-0.012814038026717135
2013-10-04,19.747649719027315,19.79985759936263,19.610603255188327,19.656286239624023,957000,-0.003976246184799765
2013-10-07,19.564925342349625,19.760705865451904,19.545348161353406,19.558399200439453,871000,-0.004992376779054366
2013-10-08,19.59102868827105,19.88469758750949,19.551871839251884,19.734600067138672,1144500,0.008968622963854131
2013-10-09,19.72154894200031,20.087005419230135,19.66934105164381,19.780282974243164,1242400,0.0023121884181818457
2013-10-10,19.891220433452254,20.191416669191852,19.806383097434942,20.152259826660156,1172900,0.018630800139524614
2013-10-11,20.165318494730624,20.341520607732026,20.12616288453067,20.328468322753906,606700,0.008705851751118833
2013-10-14,20.28930451519894,20.348038529136154,19.936900431575655,20.132680892944336,1078000,-0.009677874293917534
2013-10-15,20.12615468169073,20.132680821519923,19.832484613046507,19.85858917236328,995100,-0.013707792326729269
2013-10-16,19.89774694687195,20.087001288454147,19.85859134834027,20.06742286682129,895200,0.010461129888454946
2013-10-17,20.008696933158788,20.426360138919147,19.9042811317187,20.41330909729004,729300,0.017089347525606837
2013-10-18,20.491613835840077,20.517718400299458,20.367619644126318,20.458984375,836300,0.0022350248955096347
2013-10-21,20.511198549737614,20.511198549737614,20.315417990451017,20.380678176879883,757900,-0.0038348159210985487
2013-10-22,20.4589833830762,20.739601213738457,20.406775501422807,20.693918228149414,851900,0.015252547868917903
2013-10-23,20.66781997680664,20.85707312742398,20.589507512759692,20.66781997680664,1098100,-0.0012619515493741886
2013-10-24,20.752656829435743,20.817917007084908,20.556877541222605,20.64824104309082,607700,-0.0009477638815551954
2013-10-25,20.648241756618106,20.876651763916016,20.563404394056576,20.876651763916016,391800,0.011001257754007206
2013-10-28,20.883175941704827,20.987591721834608,20.73307841336005,20.82444190979004,483100,-0.0025040053776205374
2013-10-29,20.896225270745845,20.92232983445433,20.759178800744507,20.8831729888916,466700,0.002816325894633973
2013-10-30,20.91580388076171,21.046324218771804,20.73960304260254,20.73960304260254,847600,-0.00689865162146501
2013-10-31,20.77223157160055,20.804861032270185,20.413302525298025,20.628660202026367,1103400,-0.005363682100792885
2013-11-01,20.687400706113205,20.83749826377725,20.62866666272562,20.759185791015625,603200,0.006307456626123951
2013-11-04,20.876649146681416,20.876649146681416,20.628661987815597,20.798337936401367,435800,0.0018842391681574593
2013-11-05,20.739600261209365,21.248628017501844,20.65476167946027,20.680866241455078,801200,-0.005664139963134706
2013-11-06,20.8179099764733,20.85706557194545,20.61560461434425,20.772228240966797,791300,0.004407977188902829
2013-11-07,20.75918392602563,20.876652002247557,20.426358124974975,20.485092163085938,757700,-0.013919503795540564
2013-11-08,20.498142706626247,20.648240238053244,20.10005675874791,20.641714096069336,1070400,0.007616574414314804
2013-11-11,20.7330737311261,20.948430139866467,20.609079553448733,20.88969612121582,1058500,0.01194204439251549
2013-11-12,20.863592748562215,20.889696065262584,20.687391937816233,20.7134952545166,1137100,-0.008470596337462919
2013-11-13,20.609086146569275,20.88970280410936,20.504670356616128,20.876651763916016,788200,0.007845961511367731
2013-11-14,20.92885544803766,21.013694038264195,20.81138739679117,20.961484909057617,971400,0.004055307819519243
2013-11-15,20.94843494277773,21.059378109873233,20.863597587905883,21.0528507232666,681300,0.004349275401280894
2013-11-18,21.12463703912806,21.14421670947937,20.96801461312904,21.0528507232666,652600,0.0
2013-11-19,21.007167520015717,21.078953830905522,20.92233141575359,21.020219802856445,1031200,-0.0015511550046065068
2013-11-20,21.098534131897992,21.15726567223794,20.857070626314197,20.8701229095459,800600,-0.007166211873106746
2013-11-21,21.1442119996657,21.1442119996657,20.961482557411212,20.994112014770508,1050500,0.005923407795693783
2013-11-22,20.954959869384766,21.03327107319096,20.876647420844428,20.954959869384766,610600,-0.0018666518707401295
2013-11-25,20.961486402699347,21.00716814927607,20.817915021353325,20.8701229095459,722400,-0.004056755924953857
2013-11-26,20.88969955325284,20.88969955325284,20.661290826234314,20.67434310913086,503500,-0.00942514219047983
2013-11-27,20.64824174398701,20.67434631382653,20.51772262899262,20.550352096557617,525700,-0.006015393726432124
2013-11-29,20.56992901158247,20.65476636785464,20.465513229370117,20.465513229370117,379100,-0.004136886422191036
2013-12-02,20.73960333884249,20.86359629251555,20.52424564936365,20.726551055908203,1591700,0.012674350046102822
2013-12-03,20.65476423647358,20.857069638042173,20.628660915981268,20.706972122192383,972300,-0.0009450770135544214
2013-12-04,20.628661097094234,20.876648245252255,20.472037438562715,20.863595962524414,1369900,0.007535359205355626
2013-12-05,20.88998000928156,20.916363920845548,20.758056677119225,20.843807220458984,2525800,-0.0009489319420605027
2013-12-06,20.982328061110607,21.23957846335008,20.962540439632843,21.120847702026367,1094000,0.013203707117572419
2013-12-09,21.120842715441377,21.186803115613188,20.982323107229792,21.015304565429688,1022300,-0.005009634323341781
2013-12-10,21.02190762915873,21.09446434434426,20.79104237984348,20.870195388793945,853800,-0.006928877885837528
2013-12-11,20.837215053896237,20.922964356100586,20.61294609968254,20.62613868713379,864500,-0.011762943460015503
2013-12-12,20.639327017367272,20.896576129032635,20.639327017367272,20.77784538269043,1264200,0.007328153455514201
2013-12-13,20.863596340286723,20.942750596900385,20.751461877317332,20.810827255249023,926300,0.0015860991650360637
2013-12-16,20.837209391252202,21.035093116787237,20.77124773003584,20.79103660583496,1397800,-0.0009514309730475428
2013-12-17,20.870191678022177,20.936153345829016,20.751460927592706,20.85700035095215,833100,0.0031676787236498676
2013-12-18,20.91637054265062,21.06148650559353,20.612948543978238,20.982332229614258,1699200,0.005991121072698223
2013-12-19,20.870193012983684,20.88338559901175,20.62613646203573,20.758058547973633,1015700,-0.010746226172996247
2013-12-20,20.685504750199406,21.061484698076274,20.685504750199406,20.969139099121094,1989700,0.01011725510188783
2013-12-23,21.02850251020137,21.186809785052777,20.995522299733555,21.15382957458496,1160500,0.008769166315158812
2013-12-24,21.12744011324192,21.279151063596746,21.02849824379808,21.219785690307617,303100,0.0031130772570038107
2013-12-26,21.199997248151963,21.265960169372207,21.008709809069572,21.06807518005371,628200,-0.007175163652477817
2013-12-27,21.04168994931271,21.246169972034185,20.99551716270922,21.167016983032227,509900,0.004685297410695084
2013-12-30,21.07467252774903,21.265961234526635,21.07467252774903,21.186805725097656,488400,0.0009344489937425817
2013-12-31,21.232978275063896,21.318728817865583,21.160422833246745,21.219785690307617,616400,0.0015554172480403588
2014-01-02,21.246169544568662,21.27255471244784,20.889978584998143,20.95594024658203,1106900,-0.012511883548095858
2014-01-03,21.199999990831472,21.199999990831472,20.929558269411366,21.04169273376465,1857600,0.004083687592283676
2014-01-06,21.094466922080926,21.279158137610814,21.054890412769456,21.213197708129883,1428400,0.008117683627758056
2014-01-07,21.318727139959197,21.582573781862024,21.28574693877836,21.549591064453125,1306900,0.01573331885545849
2014-01-08,21.55618861442613,21.589168815606968,21.41107270975677,21.549591064453125,1572700,0.0
2014-01-09,21.661727975693715,21.760671100980876,21.582574985200907,21.740880966186523,952800,0.008837563453460439
2014-01-10,21.806846706760886,22.09707605356242,21.793654120602383,21.971750259399414,1192300,0.010563145408377881
2014-01-13,21.918980649982416,22.01792379137574,21.727691918610578,21.78046226501465,620200,-0.008744207535488071
2014-01-14,21.622150628027335,21.76726654351044,21.52321001711196,21.595767974853516,1377000,-0.008515973164808325
2014-01-15,21.5957709187858,21.622153575556098,21.411077224022176,21.450654983520508,1192100,-0.006742188133691821
2014-01-16,21.450653316533252,21.51661372767592,21.33851759811664,21.417673110961914,1209600,-0.001538752759084199
2014-01-17,21.41767776244276,21.536408541268177,21.40448517410339,21.47704315185547,743900,0.002768176781565813
2014-01-21,21.503422707178423,21.872807578654303,21.503422707178423,21.820039749145508,1144300,0.01584419779472005
2014-01-22,21.767261878156962,21.965145573803756,21.760666845334075,21.899185180664062,944600,0.0036206276806154763
2014-01-23,21.820042182519593,21.833232254196318,21.60896329225913,21.74748420715332,1125000,-0.006951347559978202
2014-01-24,21.707899716010658,21.72109229982777,21.430863004535563,21.437458038330078,925800,-0.014358314679370068
2014-01-27,21.47044230315823,21.516615097142534,21.338518956247977,21.404481887817383,752100,-0.0015394334188382896
2014-01-28,21.43086736188564,21.457250018655934,21.34511680775355,21.450654983520508,531300,0.0021548461603694614
2014-01-29,21.37150168014696,21.56278789112684,21.27255854090713,21.404481887817383,637900,-0.002154846160369571
2014-01-30,21.483639109847832,21.760678444405492,21.444061343131295,21.69471549987793,418700,0.013468371428329833
2014-01-31,21.51661672373573,21.89919420707434,21.41107854147486,21.879404067993164,1128200,0.008477035264242127
2014-02-03,21.918976024628275,22.090477098022642,21.40447783690134,21.437458038330078,1503000,-0.020405973273733703
2014-02-04,21.477038311848027,21.556191307817617,21.28574959837884,21.52980613708496,1150600,0.004298539491563104
2014-02-05,21.496825252391726,21.503420286752274,21.358306884765625,21.358306884765625,577500,-0.007997561764314914
2014-02-06,21.41107430526731,21.641940763193006,21.331921313289364,21.595767974853516,717500,0.011056623147974964
2014-02-07,21.67492381459631,21.839827370682734,21.60236584732171,21.820039749145508,657900,0.010331433683509809
2014-02-10,21.820040976725497,22.011327200213657,21.688117621188727,21.99813461303711,503000,0.008128857359624566
2014-02-11,21.97175088675745,22.248787655310693,21.93876816230517,22.14984703063965,349600,0.006872930954448851
2014-02-12,22.16303661607329,22.255384719799284,22.103671236077993,22.21580696105957,316900,0.0029734703800883967
2014-02-13,22.149843202430162,22.54561066517012,22.116860483678366,22.512630462646484,634700,0.013272444824159287
2014-02-14,22.492839397957418,22.743493455981934,22.486244364216695,22.73689842224121,936700,0.009912580373114448
2014-02-18,22.75668832217265,22.882014105640973,22.67093777757416,22.862226486206055,824200,0.005496964242134603
2014-02-19,22.85563488886794,22.941382930133035,22.63796097743649,22.651153564453125,588700,-0.009275269590779093
2014-02-20,22.631370626342243,22.908407462347324,22.6049854468477,22.87542724609375,387700,0.009852507781942299
2014-02-21,22.88860993442339,23.19203181866529,22.849032182302572,23.106281280517578,780800,0.010041209058541953
2014-02-24,23.17224239500063,23.24480034345392,22.888608150807535,22.908395767211914,529000,-0.008601026712607773
2014-02-25,22.934794843800947,23.06012068408869,22.769891230471544,22.835851669311523,567100,-0.003171728152980618
2014-02-26,22.954568185170206,23.033721165758866,22.67753149499595,22.776472091674805,935900,-0.0026036652503276746
2014-02-27,22.796272799503992,22.94798379777474,22.43348289469454,22.637964248657227,1200400,-0.006099746408096702
2014-02-28,22.31474946230376,22.81605514420937,22.1036706046173,22.571998596191406,991600,-0.0029181930321419878
2014-03-03,22.479659276658158,22.565407334367308,22.38071611317323,22.492849349975586,1114100,-0.0035126858830330818
2014-03-04,22.67094365142409,22.776481842801548,22.63136840230064,22.750099182128906,823800,0.011372053010092403
2014-03-05,22.756687710121913,22.842438252414105,22.644554514702172,22.769880294799805,1284200,0.0008691178749800829
2014-03-06,22.816529169847314,22.816529169847314,22.503334192150195,22.576635360717773,921000,-0.008523085009335673
2014-03-07,22.563308352805183,22.609954090266815,22.323414536144202,22.49666976928711,618600,-0.003548249905248839
2014-03-10,22.476675932776846,22.58996023595268,22.370056757906344,22.4100399017334,534000,-0.0038582196581158253
2014-03-11,22.44336099050575,22.47001642337381,22.236785198781256,22.2967586517334,564300,-0.0050677523825040606
2014-03-12,22.223453422138203,22.65659523010254,22.1901354081413,22.65659523010254,698500,0.01600967372006207
2014-03-13,22.703239499394943,23.02309698881684,22.663256359966695,22.93646812438965,805200,0.012277148718927421
2014-03-14,22.936473829117286,23.1497147504369,22.889828092516684,22.956466674804688,620400,0.0008715307385938429
2014-03-17,23.003108496904122,23.39626716849148,22.97645306852495,23.369611740112305,1002900,0.017836865671542752
2014-03-18,23.389600196561645,23.42958333597848,23.24300043603597,23.2696533203125,755500,-0.004286455745851821
2014-03-19,23.23634397292772,23.336300587741356,22.80986716146052,22.869840621948242,753300,-0.0173310399238922
2014-03-20,22.656600478090787,22.789875106950568,22.50333554460278,22.709911346435547,1091400,-0.007017586754450284
2014-03-21,22.936477687797055,23.302983597034583,22.909824792399945,23.1097354888916,2082500,0.017452526092138404
2014-03-24,23.18303315173557,23.38960640521969,23.02310309361693,23.23634147644043,578700,0.005463517551918033
2014-03-25,23.302982569402776,23.38960892412751,23.103069339724616,23.27632713317871,711200,0.001719345192776405
2014-03-26,23.382937771670562,23.422920911362144,23.029762268066406,23.029762268066406,606000,-0.01064945015032597
2014-03-27,23.069748071803545,23.143049240112305,22.94980116766229,23.143049240112305,881200,0.004907095568613213
2014-03-28,23.109729700759516,23.229676597012737,23.056418839312848,23.189693450927734,417900,0.002013445518832772
2014-03-31,23.30297882913186,23.542872632639376,23.203022230336426,23.429588317871094,839500,0.010291749478403639
2014-04-01,23.429587243434174,23.456242674157508,23.1630380202044,23.189693450927734,1135700,-0.010291749478403544
2014-04-02,23.223008993889355,23.223008993889355,22.99644294088549,23.089736938476562,761800,-0.0043197017353485715
2014-04-03,23.149712694806343,23.262994461633845,23.08307411843566,23.116392135620117,754300,0.001153751705001423
2014-04-04,23.189696242756497,23.469573215042583,23.169705938308237,23.37628173828125,1241900,0.011179925264911704
2014-04-07,23.35628874850924,23.489563375351363,23.302980422973633,23.302980422973633,777200,-0.003140639854406299
2014-04-08,23.276323706968203,23.60284385564202,23.12305878424348,23.556198120117188,1297000,0.010807708107664037
2014-04-09,23.656151633676156,23.656151633676156,23.12971835343791,23.416257858276367,964200,-0.005958414264154273
2014-04-10,23.382943416464546,23.642827532194097,23.123059300734994,23.209688186645508,668100,-0.008860775627789856
2014-04-11,23.2096865131272,23.36961401496685,23.089739615746556,23.18303108215332,544300,-0.0011491935737352635
2014-04-14,23.249667817460264,23.516217051219236,23.12305832952579,23.356287002563477,718200,0.007445606336296009
2014-04-15,23.356285414222405,23.769434410650973,23.356285414222405,23.7561092376709,1163000,0.01697352994366749
2014-04-16,23.809413630860174,23.929360503922545,23.709459597975727,23.916032791137695,924900,0.006709333651717981
2014-04-17,23.822749114357283,23.996004353071672,23.58952041954904,23.736120223999023,978700,-0.007551114089435755
2014-04-21,23.80275826624252,23.92270517569183,23.536209013688033,23.636165618896484,553300,-0.0042199675045305396
2014-04-22,23.64281822566782,23.702791655075135,23.42957993044203,23.66947364807129,774300,0.00140820566829696
2014-04-23,23.749444657112896,23.86939155271462,23.556196598421035,23.602842330932617,943700,-0.0028190436573866497
2014-04-24,23.596182536724772,23.936030419813655,23.49622593122694,23.789430618286133,1247900,0.0078742478399674
2014-04-25,23.749451211544308,24.069308840756733,23.742788623061795,24.04265594482422,755900,0.0105881934275977
2014-04-28,24.089294279054755,24.222566343723134,23.882718511616062,24.015993118286133,1013900,-0.0011095954544491449
2014-04-29,24.016001786358856,24.14261131029155,23.796098224683405,23.849409103393555,596300,-0.006960546855641456
2014-04-30,23.80942334344537,23.989343726433905,23.782767907002107,23.909379959106445,701800,0.0025114073623149634
2014-05-01,23.936032873550833,24.015999182947454,23.602847543738584,23.889387130737305,1170200,-0.000836541641230161
2014-05-02,23.749450586998485,23.842742075315154,23.296318322029737,23.442920684814453,1350800,-0.01886574766843528
2014-05-05,23.40959202073074,23.66281093337082,23.362946297770662,23.53620147705078,1297200,0.003971164659167715
2014-05-06,23.4362454098008,23.556192283430825,23.33629137644332,23.40292739868164,1191700,-0.005678607153442255
2014-05-07,23.41626195686231,23.802758116433594,23.382943936003215,23.796092987060547,1557200,0.016660289947375347
2014-05-08,23.862736950832456,24.055982532184867,23.762780323717063,23.922710418701172,2522900,0.005306827487615326
2014-05-09,23.94269424534878,24.015995413121658,23.522880083923535,23.576190948486328,1173500,-0.014590889805041769
2014-05-12,23.742783050557872,23.8294093905114,23.429588083335773,23.45624351501465,1346000,-0.005100637247076269
2014-05-13,23.476232848687143,23.696136337957558,23.462905133397864,23.602842330932617,1610700,0.006230435101278101
2014-05-14,23.582858338521586,23.7827690373427,23.44292110354705,23.642831802368164,787500,0.0016928314271679708
2014-05-15,23.596184234500026,23.662820281625077,23.48956503389859,23.5628662109375,1005100,-0.003387966761865196
2014-05-16,23.52954611767601,23.74944708744762,23.43625210110408,23.74278450012207,989500,0.0076066666035029765
2014-05-19,23.72279293476513,23.72279293476513,23.25633553673495,23.296316146850586,779200,-0.018983431013394222
2014-05-20,23.289655685424805,23.442920636198984,23.136390734650625,23.289655685424805,894900,-0.0002859427939012169
2014-05-21,23.262993185973986,23.44957610557681,23.22301004234411,23.389602661132812,1160000,0.004282292906277113
2014-05-22,23.422926171992522,23.72279089002215,23.37628043621005,23.649492263793945,1222200,0.011050053047439468
2014-05-23,23.716129377862003,23.736119682102867,23.562864447343895,23.636165618896484,766800,-0.0005636654261368603
2014-05-27,23.72945534602369,23.869392549401645,23.609508445413482,23.689472198486328,876500,0.0022527578958118064
2014-05-28,23.68281428826621,23.876062393188477,23.656158851310924,23.876062393188477,753600,0.007845645104996551
2014-05-29,23.916035378444093,23.93602567878333,23.742780177500354,23.856061935424805,732400,-0.0008380292817681253
2014-05-30,23.849400279360424,24.055973502925763,23.836072564614007,24.022655487060547,876300,0.006959009468804497
2014-06-02,24.02932083315331,24.115947166787418,23.94935454395025,24.015993118286133,627400,-0.0002773753638185371
2014-06-03,23.976012406474297,24.182588194873748,23.9426943869265,24.135942459106445,868600,0.004982129482158641
2014-06-04,24.109287026667428,24.19591591109326,23.996002709802582,24.135942459106445,1281800,0.0
2014-06-05,24.16958515224365,24.438735247833463,24.122484270536262,24.384906768798828,703300,0.010262248027272021
2014-06-06,24.445472387428,24.485843116522293,24.209965344884115,24.243608474731445,921700,-0.005811351262432073
2014-06-09,24.223409345765152,24.310883487107986,24.095564498267795,24.283967971801758,1239700,0.001663363775038942
2014-06-10,24.297432706175602,24.364718946956806,24.11575677589969,24.196500778198242,788100,-0.003608351600637781
2014-06-11,24.16958656415899,24.16958656415899,23.92062437961838,23.954267501831055,778500,-0.010061534988812008
2014-06-12,23.920624053290204,24.095572393298543,23.698577396271205,24.01482582092285,761600,0.0025248903854114485
2014-06-13,23.987910694458428,24.23687285308986,23.92062189023005,24.129213333129883,512000,0.0047518957470513955
2014-06-16,24.088840402498736,24.55985177175653,24.088840402498736,24.398361206054688,1112800,0.01109268844822251
2014-06-17,24.290686300462628,24.60693706765084,24.250315609709297,24.51273536682129,1080800,0.004676827029173599
2014-06-18,24.52620465381627,24.855910761777817,24.51947449098968,24.842453002929688,805400,0.013361210933966895
2014-06-19,24.835735287304182,25.084697508026586,24.835735287304182,25.044326782226562,666200,0.008093321801515476
2014-06-20,25.084697508026586,25.165444093238772,24.983768126720456,25.044326782226562,713300,0.0
2014-06-23,25.071230132471484,25.158704282847403,24.86264128432018,24.99048614501953,509900,-0.002152127882090884
2014-06-24,24.936663332315344,25.279827281933677,24.91647540576909,25.145252227783203,870400,0.006173902265684955
2014-06-25,25.024131484000307,25.367297953089302,25.024131484000307,25.29328155517578,779600,0.005869708784152608
2014-06-26,25.34037559801949,25.488408353920395,25.252901463459448,25.40093421936035,930000,0.004247144348196178
2014-06-27,25.380759537457465,25.535519953319316,25.30674312839186,25.501876831054688,631300,0.003966097035884334
2014-06-30,25.481687177516303,25.730651912376302,25.40094317619157,25.697006225585938,854700,0.0076224451651849805
2014-07-01,25.71046019207161,25.723917951440285,25.508598935151785,25.5422420501709,1002300,-0.006040863254670686
2014-07-02,25.461497243440782,25.46822483950659,24.80208245637406,25.071229934692383,1528400,-0.01861266159785006
2014-07-03,25.01067009473553,25.024127853022126,24.6944217588178,24.84918212890625,591000,-0.008896131303079303
2014-07-07,24.82900932893539,25.06451380101437,24.808821397895592,24.95012664794922,1015100,0.004054058571393837
2014-07-08,24.95685211200758,25.151985838925558,24.869377929801935,25.030868530273438,996800,0.0032309061583650693
2014-07-09,25.11160850131851,25.11160850131851,24.781902321734343,24.903017044067383,765700,-0.005120841854106313
2014-07-10,24.761710214010275,25.219263769751766,24.754982617663416,25.1519775390625,862100,0.009947560679373935
2014-07-11,25.15197222911868,25.172157580703008,24.869364472914953,24.956838607788086,402500,-0.007788646100827731
2014-07-14,24.98375902012549,24.98375902012549,24.613679623285034,24.640592575073242,690200,-0.01275268944838193
2014-07-15,24.62713456600973,24.781897512949268,24.559848337013925,24.754981994628906,555900,0.004631573781142183
2014-07-16,24.75497959318181,24.815538220125365,24.539660601116914,24.74152183532715,1153500,-0.0005438832479887172
2014-07-17,24.687698192658956,24.80208788525671,24.48583689803391,24.49256706237793,801600,-0.010113191911315498
2014-07-18,24.539661206606056,24.775165557861328,24.42527154542141,24.775165557861328,765500,0.01147207633927197
2014-07-21,24.775164381114116,24.775164381114116,24.654047129991284,24.674232482910156,641400,-0.004082282863746978
2014-07-22,24.707880317514682,24.835725175171465,24.70115015475089,24.802082061767578,672600,0.005168123963979875
2014-07-23,24.815536122695086,24.882822339476455,24.741519744152793,24.822263717651367,725500,0.0008133772518089828
2014-07-24,24.815543487008362,25.017404764061894,24.74152708650081,24.936660766601562,626600,0.004598059611851686
2014-07-25,24.74153055352311,25.017408269742845,24.633871019554572,24.788631439208984,647000,-0.0059539022544104776
2014-07-28,24.781897877823997,25.205805746988137,24.76170995538394,25.178890228271484,785200,0.015620815745509433
2014-07-29,25.084687891514324,25.232720674180477,24.923199916610415,24.99048614501953,969000,-0.007510755865422327
2014-07-30,24.997222969056505,25.071236813307273,24.586770192692647,24.63387107849121,1042200,-0.014372829212735245
2014-07-31,24.532935241167486,24.68769563658354,24.25032997131348,24.250329971313477,891700,-0.015692144671731214
2014-08-01,24.223407753448626,24.50601294517263,24.162849131392818,24.3781681060791,1130700,0.005257757665418795
2014-08-04,24.472380238793022,24.472380238793022,23.78604975269966,24.122486114501953,1566600,-0.010543542732908877
2014-08-05,24.08210956642917,24.472374316944205,24.00809317405431,24.102294921875,1461600,-0.0008373783508344168
2014-08-06,23.954260189223646,23.987905867970866,23.62455409866211,23.738941192626953,1318500,-0.015190272892242451
2014-08-07,23.288123415183694,23.940810723540945,23.23429236975791,23.893707275390625,1226000,0.006498342308002806
2014-08-08,24.014827866719394,24.297435760498047,23.97445714389807,24.297435760498047,979700,0.016755690166260707
2014-08-11,24.418547075055212,24.526206587523358,24.122481490663876,24.16958236694336,1048300,-0.0052759049375313205
2014-08-12,24.135940005789433,24.277245205854594,24.035010653520406,24.1561279296875,1125700,-0.0005568231701471758
2014-08-13,24.135944463956328,24.485838596756526,24.135944463956328,24.364721298217773,778300,0.008598145206604986
2014-08-14,24.357986924666584,24.573305936217697,24.33779900265517,24.52620506286621,723700,0.006605902726833758
2014-08-15,24.55984994345089,24.775168970487407,24.492563710053954,24.660781860351562,594400,0.0054720624991022315
2014-08-18,24.741527597821516,24.795356074972386,24.49929303362898,24.586767196655273,965300,-0.0030058234710248427
2014-08-19,24.62713826312242,24.855915069580078,24.553124426837858,24.855915069580078,667900,0.010887375813853904
2014-08-20,24.83572688342292,24.90301311485878,24.714609613394217,24.882827758789062,939700,0.0010821621257396858
2014-08-21,24.882824442593826,24.956840827392043,24.59348906573071,24.74152183532715,2680000,-0.005695039090188264
2014-08-22,24.775170830160725,24.87610275463755,24.445464668239968,24.606952667236328,1180500,-0.005453846466549816
2014-08-25,24.667510494981745,24.714611373702667,24.512750098212237,24.654052734375,1154900,0.001912266349721878
2014-08-26,24.667510568041813,24.78862784705587,24.30415873099964,24.344532012939453,828400,-0.012634031783990052
2014-08-27,24.40508900520929,24.606950267672836,24.35798812952797,24.59349250793457,811400,0.010174609424210064
2014-08-28,24.56658215683448,24.734800338745117,24.48583814822299,24.734800338745117,612800,0.005729296887832349
2014-08-29,24.74152262941842,24.869367482933676,24.6944217588178,24.84918212890625,756300,0.004613667049805331
2014-09-02,24.815545596071342,24.9433904834828,24.519479968878628,24.647327423095703,1111300,-0.008156366042387056
2014-09-03,24.674235439667815,24.84245357896243,24.660780247312736,24.754981994628906,927400,0.004358287829346136
2014-09-04,24.775174938208067,24.80881806301032,24.600229149152803,24.70115852355957,831300,-0.002176615148498493
2014-09-05,24.721530421437677,24.830226248905845,24.57886763379439,24.816638946533203,1421900,0.004664207142817056
2014-09-08,24.864195623149715,24.90495753422521,24.606044627544495,24.721532821655273,1378500,-0.003839715449009013
2014-09-09,24.61963315874435,24.6332178716003,24.43620843702905,24.44300079345703,983000,-0.011330729192989936
2014-09-10,24.388656095321785,24.497351947354687,24.082948201631268,24.21881866455078,1201800,-0.009213947091585201
2014-09-11,24.137296921523177,24.41583022844048,24.028601060080174,24.35468864440918,1519300,0.005594421393557208
2014-09-12,24.252780367657913,24.252780367657913,23.804409751414383,23.845169067382812,1081400,-0.021142741133975976
2014-09-15,23.858754052963274,24.001419419537516,23.77723283742993,23.784025192260742,2269700,-0.002567497084973888
2014-09-16,23.770445800812876,24.082946023200975,23.763650852949098,24.00142478942871,1076100,0.00909904990637697
2014-09-17,24.001424358042193,24.0965328943193,23.831586945686436,23.899520874023438,827800,-0.004254783187508347
2014-09-18,23.91989577840569,24.01500429577307,23.66174482884072,23.709299087524414,669900,-0.007991073876862188
2014-09-19,23.736472993701216,23.947072292909763,23.68212637580049,23.892723083496094,1254700,0.0077066013344458785
2014-09-22,23.818004100644885,23.85876342867227,23.634579349980434,23.64816665649414,977900,-0.010288346958959343
2014-09-23,23.580227924159587,23.648164450390425,23.383215885360407,23.390010833740234,888000,-0.010976548348881615
2014-09-24,23.410391469532733,23.437566081155307,23.16582514795676,23.383216857910156,1086200,-0.00029050703631776386
2014-09-25,23.33565978540274,23.444355627346905,23.186204622425322,23.192996978759766,892900,-0.008168157996691322
2014-09-26,23.26093097550607,23.322072541934453,22.9416358406564,23.220169067382812,759400,0.0011708786123466974
2014-09-29,23.070713726027297,23.233758783946783,22.934843276346605,23.125062942504883,1623800,-0.004104252120775509
2014-09-30,23.15223701100754,23.362833741165467,23.009571616836396,23.17940902709961,1504000,0.0023473374055221264
2014-10-01,23.19300772248261,23.417194458068945,23.138661072092113,23.15224838256836,1369800,-0.0011724444650190327
2014-10-02,23.13185846875724,23.342457824198142,23.063924530363987,23.111478805541992,756200,-0.0017624860796162803
2014-10-03,23.17261480366218,23.288102989408564,22.914461235240893,23.220169067382812,828600,0.004691845259888626
2014-10-06,23.281323944820965,23.3764325266402,23.02996517979663,23.15224838256836,1841100,-0.0029293591802723694
2014-10-07,23.104684116317035,23.328870780257486,23.05033748329471,23.06392478942871,918500,-0.003822198793441101
2014-10-08,23.05033832812536,23.539471000822054,23.05033832812536,23.519088745117188,994900,0.01954267906991719
2014-10-09,23.45794227627075,23.68892125788925,23.070713188191682,23.17940902709961,2221800,-0.014548035811457255
2014-10-10,23.192997039604442,23.784030519756776,23.192997039604442,23.722888946533203,2338500,0.023176017773620074
2014-10-13,23.668542314962572,24.1780545611875,23.64816265439783,24.00142478942871,1965300,0.011672834400061293
2014-10-14,24.110114549775492,25.000060723454737,23.981036488057025,24.585657119750977,2709000,0.024050034177520455
2014-10-15,24.517726300396554,24.646801786886073,23.953864908415717,24.307126998901367,2722100,-0.01139362950892675
2014-10-16,23.9946219975335,24.286742463860367,23.80440498374389,24.232393264770508,1583600,-0.0030792967370678443
2014-10-17,24.415819454164946,24.504135612463056,23.98103620025521,24.409027099609375,1142000,0.00726272423486536
2014-10-20,24.11690690441258,24.660385978322168,24.076145002052122,24.585657119750977,1489000,0.007210202011129072
2014-10-21,24.592461405860487,24.850615035828834,24.470178243849883,24.714744567871094,1087900,0.005236782610600111
2014-10-22,24.585665403496854,24.986481841462467,24.551698435841498,24.864198684692383,1422000,0.006028953411115167
2014-10-23,25.013659283504992,25.122355147213593,24.74191832847659,24.83023452758789,1131500,-0.0013669202040327486
2014-10-24,24.898156650223694,25.027232103816438,24.823427801270725,24.99326515197754,1051700,0.006544349847001616
2014-10-27,24.98647020670237,25.06119905565534,24.79625320319468,24.99326515197754,1096300,0.0
2014-10-28,25.034036826498408,25.224256515502926,24.918548614882795,25.22425651550293,807300,0.009199697038193691
2014-10-29,25.203865337502055,25.339735755395463,24.891365190406088,25.197072982788086,977200,-0.0010782553978262693
2014-10-30,25.197084867716406,25.604693722144376,25.169910253017502,25.591106414794922,906300,0.015517049159503816
2014-10-31,25.659036024961022,25.754144559219018,25.40088243803703,25.68621063232422,947100,0.0037094111804869085
2014-11-03,25.754141708015947,25.815283272057652,25.5639246605586,25.679412841796875,1132200,-0.0002646824902438848
2014-11-04,25.62506687236582,25.815283924631586,25.421259926066245,25.69300079345703,1418200,0.0005289979977776734
2014-11-05,25.89681033892964,26.03268079985854,25.760939878000745,26.025888442993164,787500,0.01287313983550398
2014-11-06,25.87642845908624,26.324799127664644,25.298982289020195,25.99191665649414,1696400,-0.0013061601220528498
2014-11-07,26.059846072127865,26.582945474774235,26.032671471377064,26.555770874023438,1343300,0.021461490933658827
2014-11-10,26.9158376127364,26.9158376127364,26.57616272204533,26.637304306030273,1650700,0.003065568049341767
2014-11-11,26.657688321344995,26.84790544340361,26.569372118311815,26.793556213378906,887000,0.005848767968648153
2014-11-12,26.67126529023243,26.67126529023243,26.290831156618513,26.460668563842773,960300,-0.012501993476560636
2014-11-13,26.474259811063643,26.623714989455195,26.256868104754517,26.30442237854004,1041200,-0.005922349007508665
2014-11-14,26.195717660814648,26.284031229952053,25.971531081821208,26.08022689819336,1361300,-0.008559639218456578
2014-11-17,26.10061465501487,26.52181334176204,26.02588836366955,26.48784637451172,1372000,0.01550856330885019
2014-11-18,26.53539787429865,26.827518426852226,26.379147768062843,26.78675651550293,1823700,0.01122160509673255
2014-11-19,26.650891024396223,26.766381832269204,26.474261225401523,26.70524024963379,1521300,-0.0030477953301239857
2014-11-20,26.691652498628546,26.73920677416229,26.49464044769523,26.56257438659668,999200,-0.0053565630628712516
2014-11-21,26.718822658393503,26.773169282155656,26.365560533643215,26.589744567871094,1016800,0.001022351768479615
2014-11-24,26.596547477785656,26.596547477785656,26.270457271537722,26.31801414489746,1356700,-0.010271945697013533
2014-11-25,26.29761930846898,26.311206609856317,25.89680298783728,26.1617488861084,992800,-0.005955275389844546
2014-11-26,26.216106445276196,26.426705796617064,26.154964865307143,26.256868362426758,1067600,0.0036292289157987163
2014-11-28,26.392725861031195,26.75957519662931,26.37234620622438,26.555770874023438,493100,0.011319476074528354
2014-12-01,26.426703610270767,26.827520025459904,26.290833155856703,26.52860450744629,782100,-0.00102351657162849
2014-12-02,26.56936756158564,26.76637959936615,26.35876821862922,26.671268463134766,911800,0.005363332267674874
2014-12-03,26.74599521543761,26.807136788102344,26.58974510563068,26.75958251953125,735300,0.003305735738664176
2014-12-04,26.725616061127194,26.834311904421277,26.589745609131256,26.664474487304688,1462500,-0.0035604983234147148
2014-12-05,26.554796999898674,26.643905170407024,26.403994534684827,26.63019561767578,1025300,-0.0012863903384123926
2014-12-08,26.623354760559113,27.055196724258117,26.623354760559113,26.979795455932617,788200,0.013042523866750927
2014-12-09,26.835846460578114,27.301960970708617,26.774154757330525,27.2745418548584,1056600,0.010865464893760142
2014-12-10,27.247126257470367,27.473330070198507,26.98664985291919,27.00721549987793,845400,-0.009849663284534472
2014-12-11,27.027764691189514,27.39105868516834,27.007201669592163,27.19227409362793,689300,0.00682882124121104
2014-12-12,27.00034790406338,27.32936935201948,26.883820618567064,26.93180274963379,764900,-0.009625045637886936
2014-12-15,27.014051527113065,27.048324096803487,26.575356359484964,26.835832595825195,1037200,-0.0035698150052126303
2014-12-16,26.801571628342117,27.103176677196537,26.568514370059543,26.787864685058594,965700,-0.0017890569279355247
2014-12-17,26.856409267574158,27.41848806369341,26.733025862101076,27.37735939025879,984200,0.021767397486443064
2014-12-18,27.418478608705605,27.79548216660933,27.349933458115796,27.78177261352539,811800,0.01466377207796383
2014-12-19,27.754359994146373,28.05596235957936,27.658393109170643,27.857177734375,1291400,0.002710517238168184
2014-12-22,27.85718736454025,27.96686122759627,27.65154919816411,27.877750396728516,542900,0.0007382323429015644
2014-12-23,27.884593462191358,28.001120743282698,27.754356627766345,27.925722122192383,839800,0.0017193101115614124
2014-12-24,27.918870081901897,28.467239220525453,27.918870081901897,28.371274948120117,341700,0.015828983856953836
2014-12-26,28.432964721015946,28.823677869347218,28.37127303365679,28.700294494628906,537700,0.011530196027554503
2014-12-29,28.707147263976776,29.577684256252464,28.707147263976776,29.426881790161133,1293100,0.025001219338706172
2014-12-30,29.33777592667803,29.33777592667803,28.75513421601674,28.761987686157227,1552200,-0.022853959853313396
2014-12-31,28.830536110783527,28.89908127305264,28.247891772174725,28.268457412719727,731800,-0.017308039347031116
2015-01-02,28.32328694996943,28.384978628723417,27.84346307241952,28.22046661376953,1051600,-0.0016991228394985733
2015-01-05,28.12450754148018,28.268456561639972,27.891450336019393,27.987417221069336,870800,-0.008292456938977335
2015-01-06,28.00113091935737,28.405553737769967,27.877747509344655,27.905166625976562,901800,-0.0029431688000230386
2015-01-07,27.960005206578106,28.467245796415323,27.768074002601313,28.378137588500977,771000,0.016807190085025965
2015-01-08,28.426112015032302,28.741423930082455,28.426112015032302,28.631750106811523,1190600,0.008897200172174697
2015-01-09,28.57690713381147,28.611182322431283,28.19305012363536,28.22046661376953,1121500,-0.014468764518200294
2015-01-12,27.802348398677818,28.18620556581995,27.644692402911467,27.891456604003906,1064200,-0.011727054124982213
2015-01-13,28.049107702204296,28.638605522906033,28.02854467607808,28.302730560302734,1223900,0.014637859200766873
2015-01-14,28.124507039914587,28.65231313154038,28.055961880931584,28.631750106811523,627500,0.011557959442415694
2015-01-15,28.611184810582156,28.707149071471648,28.426109758225284,28.638601303100586,530200,0.000239258050739399
2015-01-16,28.556340395057166,28.947053438026373,28.378121465651507,28.9333438873291,1078500,0.010239194049938529
2015-01-20,28.97448160075323,29.269230495849246,28.80311608568951,29.24866485595703,937100,0.010839228918303195
2015-01-21,29.11842751065641,29.824452583966515,28.940208528546265,29.749053955078125,1492600,0.01696340497083622
2015-01-22,29.940986482759982,29.940986482759982,29.529710244714543,29.845022201538086,1874400,0.003220733858355339
2015-01-23,29.81074333190918,29.9272706160144,29.61195872567439,29.81074333190918,1240600,-0.0011492224798421561
2015-01-26,29.735337561341783,29.831301807701333,29.50913388221176,29.824445724487305,937500,0.0004595405174720176
2015-01-27,29.721627904407374,29.988957622555706,29.666789698207925,29.803882598876953,1046600,-0.000689709975231739
2015-01-28,29.78332028390214,30.064359560252196,29.522844027948782,29.605098724365234,1041800,-0.006692072879968919
2015-01-29,29.605099957666393,30.180888086227267,29.385752348198416,30.132905960083008,1776000,0.01767119519134566
2015-01-30,30.036945171172473,30.11234641090173,29.193827209784548,29.28293800354004,1201900,-0.028612770178655243
2015-02-02,29.2486646937249,29.372048073072833,28.830535035746053,29.152700424194336,1437700,-0.004457478295502464
2015-02-03,29.029310748382496,29.372041702270504,28.926493031113893,29.372041702270508,1491100,0.007495711970439349
2015-02-04,29.310343910665367,29.474855884732875,29.09785243708002,29.18010711669922,1378100,-0.006556045402795312
2015-02-05,29.262367667927524,29.687355930032016,29.111567827505272,29.584535598754883,919800,0.013764564837222956
2015-02-06,29.420036346367997,29.495437606683222,27.973713301932627,28.18620491027832,1362200,-0.04841910814554085
2015-02-09,28.19305564540066,28.364421162743522,27.562429181867167,27.72008514404297,1026500,-0.016675424782598477
2015-02-10,27.76806400989515,28.138214111328125,27.733791433428383,28.138214111328125,1189400,0.014971339364684706
2015-02-11,27.987415991492973,28.103943281688828,27.62411933684031,27.71323013305664,754000,-0.015218663955934573
2015-02-12,27.69266267486937,27.795480394197796,27.439039881233885,27.54871368408203,1191200,-0.0059540770242133955
2015-02-13,27.418479841681833,27.418479841681833,26.74672739934023,27.014057159423828,858200,-0.019598478221055312
2015-02-17,26.89068244867009,27.08946711908217,26.45884051997544,26.787864685058594,3043600,-0.008408391346608448
2015-02-18,26.815271037263283,27.610406803133333,26.637052078891486,27.535005569458008,1929400,0.027509150274457914
2015-02-19,27.576137846450216,27.678958199467417,27.27453548700606,27.49388313293457,885000,-0.001494576581425658
2015-02-20,27.466463960792684,27.548718674120575,27.020912585175395,27.418481826782227,748200,-0.0027462431675066355
2015-02-23,27.397917465749494,27.514444752710887,27.21284240866663,27.4527530670166,1319200,0.0012491515730255357
2015-02-24,27.43904538012133,27.678958669626603,27.36364413527196,27.507593154907227,808200,0.001995624476939083
2015-02-25,27.466458728220843,27.603551634203537,27.0894551978907,27.178565979003906,629200,-0.012033434107019828
2015-02-26,27.253979729902518,27.343090560507342,26.767302127454347,27.00721549987793,1133100,-0.0063245761386463385
2015-02-27,26.952363569785433,27.04832782407431,26.62334214872507,26.63019561767578,1386400,-0.014058325475976657
2015-03-02,26.59593015466629,26.637058823857284,25.937887136593474,26.266908645629883,1511700,-0.013735825011760495
2015-03-03,26.157235174992415,26.369729379871025,25.958450526702478,26.260055541992188,1705400,-0.00026093659828130625
2015-03-04,26.143524169921875,26.260054087053984,26.095542031935246,26.143524169921875,814300,-0.004447465795006879
2015-03-05,26.25424876100573,26.420328465739573,25.998211745965605,26.3165283203125,824800,0.006595676876419524
2015-03-06,25.998197790269497,26.11583806792132,25.534563372999106,25.603761672973633,1198400,-0.027457913992124466
2015-03-09,25.61068970290106,25.776769378506238,25.520732408372353,25.53457260131836,1388800,-0.0027059588410624446
2015-03-10,25.44461843943211,25.859813763016316,25.31314053623819,25.742176055908203,1785700,0.008097416250950906
2015-03-11,25.749089772723913,25.797529129629037,25.499971571642153,25.645292282104492,1158100,-0.0037707204394744143
2015-03-12,25.769850671178624,26.25424422685648,25.700649706262574,26.088167190551758,790700,0.01712182916949704
2015-03-13,26.02588203543614,26.02588203543614,25.56224490949069,25.89440155029297,1022700,-0.00745505820029015
2015-03-16,25.99820978229761,26.51028641344761,25.991291005007152,26.164289474487305,1274300,0.01036869490355387
2015-03-17,26.143525157323424,26.371884380481173,26.05356786312208,26.226566314697266,855800,0.0023773946275271844
2015-03-18,26.21272134038353,27.05003305973558,26.067400661360445,26.835514068603516,1354400,0.02295328357953276
2015-03-19,26.73172378540039,27.01544116489907,26.53796370787285,26.73172378540039,969300,-0.003875145228458579
2015-03-20,26.807840939121682,27.043118936409936,26.627921073094097,27.001598358154297,1685100,0.010045045839179662
2015-03-23,26.93931132372112,27.043111420638866,26.835511226803376,26.863191604614258,653600,-0.005139054965013474
2015-03-24,26.800917841328648,26.925476928533623,26.36496103611122,26.39956283569336,928500,-0.017409556976190593
2015-03-25,26.399567161790934,26.72480248523653,26.191966889265384,26.21272850036621,1008100,-0.007102337342041536
2015-03-26,26.240398577790728,26.40647821930994,26.032801005701476,26.157360076904297,930600,-0.002114506413721412
2015-03-27,26.26808233267328,26.565639858802207,26.171203629235336,26.39956283569336,910200,0.009216843755762951
2015-03-30,26.503358373845142,26.960074113560356,26.37188052020242,26.690196990966797,1036500,0.010948893331210081
2015-03-31,26.593319692286396,26.91855759545237,26.53104014997263,26.82167625427246,835900,0.0049140319674449455
2015-04-01,26.814762743209034,26.911641463663663,26.510286387530602,26.89088249206543,740100,0.002576912279181037
2015-04-02,26.86319144151004,27.091550597444108,26.821670875045818,26.946229934692383,787600,0.0020561081243374766
2015-04-06,27.03619887696643,27.43755656767244,26.96700054948118,27.306076049804688,934900,0.013265846890405423
2015-04-07,27.29915105602335,27.29915105602335,26.76631560854106,26.800914764404297,650400,-0.018673223419250404
2015-04-08,26.77324190614188,26.8147624886914,26.454925359170275,26.593324661254883,944100,-0.007775788225072123
2015-04-09,26.558721082733793,26.60023901863766,26.25424214078976,26.39956283569336,1016600,-0.0073127809482565
2015-04-10,26.496438960693343,26.856275995408076,26.39263885154136,26.78707504272461,528600,0.014572045898721752
2015-04-13,26.72480385003087,26.863203158866703,26.510287429095225,26.572566986083984,828600,-0.00804012935741777
2015-04-14,26.63484396656795,26.79400223242154,26.531043835045303,26.669443130493164,465600,0.003639090676996695
2015-04-15,26.72480274322825,26.953161989312004,26.475684525590385,26.510286331176758,775100,-0.005985636862556108
2015-04-16,26.441076108288815,26.447997522883217,26.095079291463012,26.233478546142578,1010300,-0.010496418945840375
2015-04-17,26.122768874739112,26.378805870276224,25.977450794008355,26.108928680419922,1549400,-0.00475905130830066
2015-04-20,26.136600510012766,26.641755558376058,26.081239750865194,26.309598922729492,1123000,0.00765649978325413
2015-04-21,26.427246203287545,26.531046344628695,26.07433047427269,26.13661003112793,1837900,-0.006596835973446615
2015-04-22,26.309607594271554,26.60024375634996,26.012050015145284,26.489524841308594,1251100,0.013412351165123352
2015-04-23,26.517202729112725,26.669442212841766,26.441082987248205,26.524124145507812,685300,0.0013052981552111828
2015-04-24,26.524130550157018,26.96700627549295,26.489528739320264,26.80784797668457,442500,0.010640015607071382
2015-04-27,26.918563938299936,26.9808434952887,26.44108645480368,26.572566986083984,684900,-0.008815312297512928
2015-04-28,26.461850986297428,26.828606951388583,26.39957142243784,26.80784797668457,477400,0.008815312297513025
2015-04-29,26.600239296352477,26.75247876891392,26.468761431706415,26.641759872436523,539300,-0.006214774832056579
2015-04-30,26.572563241540863,26.676360728730398,25.92900878992759,26.05356788635254,1219200,-0.02232518293931101
2015-05-01,26.03972926760267,26.295766252511104,25.78368964294719,26.102008819580078,1106200,0.0018575558057578854
2015-05-04,26.136611059952582,26.565646557539587,26.08125027845885,26.3165283203125,588400,0.008184917399165489
2015-05-05,26.17120301784196,26.20580217686913,25.562247787926573,25.63144874572754,769600,-0.026377130865726385
2015-05-06,25.45844726144691,25.693725210295494,24.71801426001826,25.0501708984375,1564500,-0.022939414367255336
2015-05-07,24.987897097015285,25.057095422658072,24.752619094184116,24.877178192138672,2182500,-0.006929805076383111
2015-05-08,25.11936934446183,25.257768604490494,24.738773359192745,24.911771774291992,1679000,0.0013896090495327063
2015-05-11,24.877172585035492,25.223169414758527,24.801052860137013,24.85641098022461,1074100,-0.0022247473722107314
2015-05-12,24.745686756995198,24.884085986949287,24.510408857996968,24.863327026367188,937100,0.0002782012321250704
2015-05-13,24.90485879491406,24.98789731435705,24.54502169099852,24.62114143371582,775500,-0.00978842590013903
2015-05-14,24.655734825192454,24.946370895081568,24.634973220381575,24.85641098022461,849800,0.009510224668014057
2015-05-15,24.92561322906616,25.064012496117595,24.807972928161174,25.008651733398438,814400,0.006106127934502263
2015-05-18,24.96713949739383,25.27853461962173,24.877179557323938,25.237016677856445,682900,0.009089998167915472
2015-05-19,25.16781630077451,25.326974574028995,25.070937581380228,25.202415466308594,629000,-0.0013719907423466412
2015-05-20,25.271612338030323,25.45845096930541,25.140134474427864,25.361572265625,516600,0.006295283741586476
2015-05-21,25.32697378492697,25.416933724310443,25.14013776891467,25.32005500793457,363200,-0.001638355720233133
2015-05-22,25.257774374537764,25.403092442879405,25.04325534049992,25.313135147094727,668700,-0.0002733330000238246
2015-05-26,25.250847605742972,25.299286946525406,24.939449958037255,25.133207321166992,806200,-0.00713346419629546
2015-05-27,25.14013762997466,25.299295897390707,25.091695632307406,25.28545570373535,631400,0.006039384473718843
2015-05-28,25.237012387759734,25.465368947891154,25.174732845951784,25.423851013183594,502000,0.0054583926313061274
2015-05-29,25.354645394372856,25.499963418626194,25.216246144716578,25.375404357910156,597500,-0.0019073771694995642
2015-06-01,25.410012063373337,25.472291608224616,25.27161278150975,25.29237174987793,632000,-0.003277534114984174
2015-06-02,25.167811120030137,25.25777104369838,24.718016781182087,24.95329475402832,875200,-0.013496970658299356
2015-06-03,24.925619537893503,25.00865806324334,24.448144717448013,24.53118324279785,1106100,-0.017060774082522226
2015-06-04,24.46197812652029,24.676497140380718,24.337419039729937,24.351259231567383,705500,-0.007361531652725709
2015-06-05,24.20444121131261,24.211434166998547,23.95974110292783,24.064611434936523,891300,-0.011841205869763165
2015-06-08,24.078589746147383,24.127529757797696,23.917786469720557,24.02964973449707,702200,-0.0014538826773828827
2015-06-09,23.959739214647044,24.07160249352567,23.889822998453564,23.973722457885742,916000,-0.0023301405448019766
2015-06-10,24.09257574092996,24.309312008029032,24.01566923753897,24.19744873046875,3126800,0.009288870322700428
2015-06-11,24.358249405828243,24.630915948869916,24.316299681117744,24.58197593688965,2053500,0.015766285656523563
2015-06-12,24.505069050532967,24.533035533226798,24.288335477232224,24.309309005737305,1104600,-0.011154125257429703
2015-06-15,24.267370073129662,24.337286310955225,24.06461698398318,24.20444679260254,1006100,-0.004322995600611353
2015-06-16,24.183467559234163,24.379227644978034,24.05762102781849,24.260374069213867,1011600,0.0023079545304098346
2015-06-17,24.246387505839213,24.470114049500758,24.18346424874498,24.393207550048828,1102200,0.0054603918749444105
2015-06-18,24.45613655541922,24.910582704251535,24.414186818486094,24.79871940612793,1341700,0.016487300539884602
2015-06-19,24.833669986623686,24.959516498972192,24.67985698996868,24.81269645690918,1725600,0.0005634610868447202
2015-06-22,24.910579796256176,24.910579796256176,24.658886738102197,24.71481704711914,1109700,-0.003952531847126423
2015-06-23,24.686848521012294,24.76375234787446,24.26036899453839,24.309309005737305,781800,-0.016543580584345904
2015-06-24,24.372232990744344,24.407189761646904,24.07159996032715,24.07159996032715,635400,-0.009826642918053886
2015-06-25,24.05062669504627,24.057616982491204,23.805923961982447,23.84787368774414,883000,-0.00933766091911559
2015-06-26,23.749997953037425,24.078594862941834,23.687074686539788,24.03664779663086,925600,0.00788459740191231
2015-06-29,24.029657535991472,24.330290657750467,23.931777480913006,23.94576072692871,664900,-0.0037883541571536055
2015-06-30,24.05062448330041,24.085581251371774,23.861854735278506,23.92477798461914,732800,-0.0008766453947713934
2015-07-01,23.987707473490293,24.30232113499833,23.889824763587214,24.260374069213867,1494200,0.013929664916980621
2015-07-02,24.449139958784507,24.728796798432647,24.344266977022258,24.69384002685547,1455900,0.01770949833218506
2015-07-06,24.686847225245327,24.85464077853998,24.547017486146153,24.791717529296875,1054400,0.003955805892086297
2015-07-07,24.854643335043434,25.53980619337051,24.81968656343066,25.385995864868164,1313100,0.023688051278253807
2015-07-08,25.288113170509398,25.59573916157552,25.246166111386355,25.385995864868164,1211900,0.0
2015-07-09,25.4559024517867,25.51882569030701,25.036415973004605,25.239166259765625,1408300,-0.005800673445696671
2015-07-10,25.22519168270559,25.79149829692711,25.176249003755345,25.560781478881836,2319400,0.012662198703074081
2015-07-13,25.63768955067189,25.742562546162446,25.183246126618634,25.288116455078125,974400,-0.010724623278612162
2015-07-14,25.330054968116286,25.50484143850105,25.092345261711817,25.120311737060547,1161300,-0.006657828616663187
2015-07-15,25.113325298075615,25.190231791716084,24.980488506261533,25.17624855041504,846500,0.0022242807896487647
2015-07-16,25.232186343127978,25.58874972991659,25.1762533672225,25.55379295349121,944400,0.01488472559573892
2015-07-17,25.476881639773342,25.546797846467825,25.33006160626079,25.37900161743164,912700,-0.006863633685347128
2015-07-20,25.34404448568524,25.358027726824456,25.008454699435696,25.162267684936523,579900,-0.008576565805277176
2015-07-21,25.106342492999417,25.239179324400826,24.749779068168596,24.875625610351562,931900,-0.011457125439306388
2015-07-22,24.889596375061664,25.2112055599615,24.889596375061664,25.04340934753418,724300,0.006722260121905013
2015-07-23,24.99447932387791,25.07138584083025,24.512069354401497,24.826683044433594,1291900,-0.00869168903021449
2015-07-24,24.798715760194202,24.945535817327407,24.75676602942857,24.86163902282715,1215400,0.0014070100460640963
2015-07-27,24.868629202191745,25.38599854457799,24.868629202191745,25.295108795166016,604300,0.017285034757812998
2015-07-28,25.162272018141017,25.504852150440755,25.085365512146502,25.497861862182617,1249400,0.007983551318185894
2015-07-29,25.302096668409234,25.840439491187823,25.267139896442988,25.798492431640625,1264800,0.011721457231121255
2015-07-30,25.742563135301545,26.190016281176916,25.644683093020195,26.085145950317383,1240500,0.011049974302350038
2015-07-31,26.350822635001354,26.55357569861207,26.148072238422067,26.322858810424805,1348900,0.009071686335519536
2015-08-03,26.378785145303382,26.560564646288157,26.266921862786226,26.40675163269043,791300,0.00318200314192324
2015-08-04,26.308865299955865,26.35780530765969,26.00823230004359,26.071155548095703,766200,-0.012790169333387103
2015-08-05,26.02920913696289,26.364798946904784,25.95929559336152,26.02920913696289,1259900,-0.001610215991752784
2015-08-06,26.022220611572266,26.113107691002536,25.728577841094175,26.022220611572266,1629200,-0.00026852386058860526
2015-08-07,25.994258419454756,26.714378220987914,25.86142158886099,26.56056785583496,1787500,0.020476892561727467
2015-08-10,26.518616357011535,26.833232689643765,26.406753068412424,26.42073631286621,1181700,-0.005278536262523872
2015-08-11,26.44171189650874,26.938105111471675,26.399762159894305,26.777301788330078,1441700,0.013405412225482255
2015-08-12,26.76331714387127,27.273693577694935,26.700393875754312,27.1688232421875,1303500,0.014515531119129892
2015-08-13,27.001025272595843,27.518394629785263,26.861195500352938,27.434497833251953,1664300,0.00973115489466363
2015-08-14,27.350602162556882,27.84699805620889,27.336618916690345,27.784074783325195,2663100,0.012661740564238176
2015-08-17,27.777076097137414,28.119658882622417,27.637246334346987,27.874956130981445,1437700,0.003265648967654195
2015-08-18,27.819020822567445,28.014780855046197,27.595294309154465,27.63724136352539,1082800,-0.008564468034671154
2015-08-19,27.54635336977294,27.763086922110027,27.364573916876317,27.665206909179688,1021700,0.0010113674497786982
2015-08-20,27.553351406088222,27.784070930343674,27.406531345397156,27.434497833251953,846300,-0.008374288946999854
2015-08-21,27.24571981785998,27.469446319114223,27.042966842651367,27.042966842651367,1289200,-0.014374300802538858
2015-08-24,26.33683552985524,26.46268205661845,25.840442378195373,25.973281860351562,1701800,-0.04035857676660186
2015-08-25,26.23895419330244,26.308870408620248,25.11332846347941,25.12731170654297,1453600,-0.033113018534202364
2015-08-26,25.323073446472623,25.707603280989225,24.98748362723827,25.64468002319336,1491800,0.020380773234533557
2015-08-27,25.763539939183786,25.994259497024526,25.497866266982975,25.987266540527344,1063300,0.013270526012395515
2015-08-28,26.008245649297837,26.06417597236797,25.581765934382062,25.924348831176758,841100,-0.0024240332229481377
2015-08-31,25.805486011003683,25.805486011003683,25.260152831080717,25.55379295349121,1512900,-0.014396878568125595
2015-09-01,25.39298633759997,25.40696957975322,24.700833186713922,24.81269645690918,1030900,-0.029430281748341214
2015-09-02,25.0364214005415,25.12031818107954,24.60994187667474,24.88260841369629,922900,0.0028136260795898873
2015-09-03,24.931555606491777,25.21121517821932,24.889605870623242,25.09935188293457,898600,0.00867292225286826
2015-09-04,25.028718657724518,25.127592837987823,24.64735759574984,24.7532901763916,907000,-0.01388360780803195
2015-09-08,25.021662686447794,25.424212502209052,25.021662686447794,25.381837844848633,1271700,0.025075456179842758
2015-09-09,25.473646082519085,25.54426781138254,25.078157396363455,25.106407165527344,905200,-0.010910793657254845
2015-09-10,25.07109630109562,25.445396313355197,25.035785436663893,25.106407165527344,949700,0.0
2015-09-11,25.014596609058955,25.551331443689644,24.972224649619754,25.544267654418945,975000,0.017289854407438895
2015-09-14,25.59370444660245,25.734947894352466,25.424208537637924,25.44539451599121,670400,-0.0038781689519677936
2015-09-15,25.452458982412228,25.60076622292569,25.290026857938514,25.558391571044922,726400,0.004430935371550516
2015-09-16,25.600775773914417,25.94682882492877,25.431279797202926,25.897390365600586,707000,0.013176505595227086
2015-09-17,25.84795261418828,26.617741506760808,25.76320597936796,26.32112693786621,991900,0.01622971678459813
2015-09-18,26.02449959013375,26.44823798812578,25.99625251883767,26.17987060546875,1534600,-0.005381104354658241
2015-09-21,26.27874849645395,26.504741286191393,26.186940777780123,26.29287338256836,662600,0.004307110442712166
2015-09-22,26.158694355387574,26.349376301280667,25.982137297417705,26.088069915771484,576700,-0.007819809935987323
2015-09-23,26.081003528410772,26.370556936984787,26.07393973885857,26.3493709564209,599800,0.009966283600017563
2015-09-24,26.271688675790966,26.653052537253842,26.151628485013383,26.547117233276367,1156500,0.007476760927709243
2015-09-25,26.6036057263414,27.21096219765302,26.462362290818938,26.89316177368164,1290800,0.012950882125825104
2015-09-28,26.886102031561713,27.02734818238612,26.62479840366662,26.744855880737305,984800,-0.005529893808869505
2015-09-29,26.751928329467773,26.91436051257813,26.561246368238976,26.751928329467773,815400,0.00026440650129102547
2015-09-30,26.879042790114408,27.18272109241455,26.744857725256033,27.14740753173828,1010300,0.014674997133541456
2015-10-01,27.154468614081487,27.17565459313777,26.51886230193129,26.695419311523438,1218000,-0.016789565638609637
2015-10-02,26.94260778742735,26.992043547517927,26.547119012655855,26.949668884277344,1022900,0.0094790216601365
2015-10-05,27.168599864234295,27.2604075910212,26.857857730350002,27.21097183227539,876300,0.009649257172402118
2015-10-06,27.126218169885767,27.16152903211488,26.723668413572458,26.956722259521484,908800,-0.00938756741225556
2015-10-07,26.97790892437523,27.076780408877084,26.78722704967342,27.069719314575195,1269300,0.004183033956256111
2015-10-08,27.055607082348597,27.677086045244735,26.89317489699753,27.613525390625,1125400,0.019889968374347373
2015-10-09,27.613525390624996,27.71239961540349,27.472281886178614,27.613525390625,1061300,0.0
2015-10-12,27.684143298096703,28.072568231675362,27.670018412178834,27.959571838378906,956000,0.012453900813066522
2015-10-13,27.931320587109433,28.192624227633335,27.74063867838776,28.1431884765625,1230000,0.006545749006582463
2015-10-14,28.192624774553597,28.333870934944528,27.90307135807309,27.945446014404297,916600,-0.007051099861220574
2015-10-15,28.009002005696605,28.312680257246182,27.79713414727843,28.298555374145508,828500,0.012556503465254483
2015-10-16,28.38331257521114,28.453937017081156,28.12200887540956,28.30562973022461,921800,0.00024995876551862315
2015-10-19,28.206741984109133,28.376237869262695,28.001937936024273,28.376237869262695,915500,0.0024913849366803346
2015-10-20,28.284440341359563,28.6022435866877,28.178507722281466,28.53868293762207,673100,0.005708362839399193
2015-10-21,28.672857639483293,28.849414651288107,28.432739995666896,28.566925048828125,764400,0.0009891187399781742
2015-10-22,28.616358379090382,29.16721534729004,28.59517240155839,29.16721534729004,1564500,0.020795734647753073
2015-10-23,29.08246567060908,29.167212265829715,28.36917396986879,28.411548614501953,1067900,-0.026249612558930643
2015-10-26,28.397425861753575,28.778789609903683,28.164372033914663,28.771728515625,932000,0.012597552379509705
2015-10-27,28.73641692009793,28.912973923599743,28.573984800161796,28.71523094177246,656000,-0.001965579414033263
2015-10-28,28.71522939072691,28.84235064190548,27.825383326522864,28.178497314453125,1171300,-0.018868496323763057
2015-10-29,28.157310893062018,28.171435776993352,27.578204122108062,27.9948787689209,824300,-0.006537588171598768
2015-10-30,28.06550410227846,28.242061116098906,27.952507721195225,28.037254333496094,933500,0.0015125454023540443
2015-11-02,28.023130416870117,28.157312782150935,27.818323627194403,28.023130416870117,952300,-0.0005038822686538254
2015-11-03,27.896009354360288,28.016066835654527,27.599394851835918,27.9030704498291,1142500,-0.004293520733240899
2015-11-04,27.867754887338172,28.8635362114773,27.754758520558056,28.771728515625,2179300,0.030656521508935917
2015-11-05,28.743485683477306,28.94122869952755,28.60223951742147,28.60930061340332,1488600,-0.005661395012380346
2015-11-06,28.39036784960178,28.45392848119376,27.196840733490845,27.458147048950195,1386900,-0.041068941359000084
2015-11-09,27.40165435430435,27.839515095685933,27.274533059379557,27.74770736694336,1359100,0.010490299497188188
2015-11-10,27.81831721490909,28.799973588326854,27.72650683138172,28.77878761291504,1664700,0.036485355171935255
2015-11-11,28.8564775774554,29.46383411094798,28.807041831152155,29.322587966918945,1435600,0.018719564845280784
2015-11-12,29.30140808746789,29.66158327037042,28.814108923836216,28.8211727142334,1279800,-0.017247858659101178
2015-11-13,28.835286842913412,29.18840079772325,28.4044873869981,28.475109100341797,961500,-0.012079939961116726
2015-11-16,28.475116472441304,29.357901588015615,28.425680721492853,29.34377670288086,926400,0.030050145641462748
2015-11-17,29.294339997152726,29.52739655321068,28.905915097769096,28.983600616455078,729500,-0.012350312361444472
2015-11-18,28.976536435387562,29.527396154056934,28.74348257652634,29.492082595825195,867100,0.0173916666924458
2015-11-19,29.562705071284135,29.922880172729492,29.49914444231777,29.922880172729492,801700,0.01450157018942673
2015-11-20,29.972328610348644,30.24775991520222,29.894645758979248,30.177135467529297,747600,0.00846112297798291
2015-11-23,30.155945762469504,30.339563915687275,29.71102122614795,29.802831649780273,1004900,-0.012481123107082642
2015-11-24,29.739268351620108,29.802828994002056,29.48502578209233,29.6968936920166,1131000,-0.0035609599573793536
2015-11-25,29.732199773311997,29.84519615334466,29.612142298172508,29.711013793945312,987300,0.0004753610349913663
2015-11-27,29.781633043898072,30.113561061278745,29.696886439434532,29.965253829956055,510800,0.008520692876108564
2015-11-30,30.064131566803287,30.283063259058945,29.937010286660843,30.141817092895508,1042000,0.0058749750428115435
2015-12-01,30.205370564174313,30.76329130638017,30.191245681505645,30.727977752685547,1335300,0.01926008723713908
2015-12-02,30.622048202060217,30.706794812407214,29.626266774832946,29.873445510864258,1268700,-0.0282035912466919
2015-12-03,29.774574215106437,29.8875705943384,29.06834617139514,29.379085540771484,1462600,-0.016686930756444986
2015-12-04,29.463832293820875,29.958189726364754,29.414396550566487,29.718074798583984,1239100,0.011472394744093482
2015-12-07,29.73232737064765,29.817805266753403,29.45451945304064,29.639724731445312,1223900,-0.0026399264548953518
2015-12-08,29.575613081611504,29.782187136919493,29.233698809356774,29.490135192871094,1260800,-0.005059706141624811
2015-12-09,29.319177704619683,29.67533875677361,29.190959508460814,29.240821838378906,1072300,-0.008490066045588988
2015-12-10,29.176713529413917,29.22657586068059,28.742196599267253,28.784936904907227,712100,-0.015713514952397797
2015-12-11,28.713699536166718,29.098351334117528,28.492878747647094,28.991504669189453,900500,0.007150618446811453
2015-12-14,28.9843800058463,29.169585239888484,28.856161833753305,28.920270919799805,1371600,-0.002460079477469485
2015-12-15,29.041366367053087,29.58985459726244,29.012872836766018,29.369033813476562,774500,0.015398082462549844
2015-12-16,29.532868905889448,30.095603927331823,29.532868905889448,30.088481903076172,618800,0.024201589880253664
2015-12-17,30.067109742409585,30.26656174203965,29.881907225566678,29.946016311645508,989800,-0.004746133076687096
2015-12-18,29.946025123824075,29.98164068939449,29.269318508812336,29.525754928588867,1371100,-0.014133373529950345
2015-12-21,29.732324094992993,29.753692887341867,29.23369810760605,29.426025390625,662100,-0.0033834307484019535
2015-12-22,29.461639148733095,29.90327803979291,29.112600163717964,29.782184600830078,867100,0.012030882412525505
2015-12-23,29.924648986384273,30.494508816624204,29.87478665883224,30.416152954101562,572300,0.021063431920112282
2015-12-24,30.316428313644664,30.53724641654092,30.280810036267667,30.423274993896484,175900,0.0002341257986034744
2015-12-28,30.337788655836288,30.579978201156983,30.19532373789018,30.508747100830078,591800,0.0028054924178217582
2015-12-29,30.758072770002606,30.879166239530914,30.615607786744825,30.665470123291016,497300,0.005123837212878201
2015-12-30,30.62985446965234,30.84355058528423,30.515883026829094,30.743825912475586,485800,0.0025519208577791147
2015-12-31,30.665463230544393,30.665463230544393,30.059990584409242,30.209577560424805,666300,-0.017530178893043227
2016-01-04,29.995879251186082,30.202453279179643,29.90327663220746,30.181081771850586,756700,-0.0009437151706621134
2016-01-05,30.18107063590652,30.4588756730476,29.782172210182594,30.373397827148438,561200,0.006351857143221232
2016-01-06,30.166842722031816,30.487388241028334,29.960271358494886,30.444650650024414,936300,0.00234314836665391
2016-01-07,30.095603927331823,30.45888694481034,29.953138986584133,30.088481903076172,1382800,-0.011767864710850935
2016-01-08,30.23094191542149,30.38053158677649,29.889027713010485,29.981630325317383,897000,-0.0035575658672901554
2016-01-11,30.038620687099506,30.344919397636904,29.953142798689303,30.09560775756836,884200,0.0037943678050003623
2016-01-12,30.195349200835164,30.23808952744848,29.440289118395363,29.59699821472168,1851900,-0.016706294909060705
2016-01-13,29.725201484061888,29.967391111455907,29.539998930075036,29.61835479736328,1343300,0.0007213191336791909
2016-01-14,29.62547663297668,30.095609116399114,29.319177908609753,29.874788284301758,940300,0.008620659852255866
2016-01-15,29.52575203649131,29.8035572249399,28.884661049845935,29.347671508789062,1434700,-0.017801715687050405
2016-01-19,29.475887889700168,29.867664483043686,29.37616323509924,29.710952758789062,1251400,0.012302549761739312
2016-01-20,29.518625303436924,29.746568146143538,28.500004536276037,28.99863052368164,846700,-0.02426715203322479
2016-01-21,29.012884388920682,29.20521171899909,28.64960124363504,28.763572692871094,1086700,-0.008138856042808682
2016-01-22,28.89178737459024,29.675340652465824,28.742197657986818,29.67534065246582,1226800,0.03120667036538167
2016-01-25,29.525744832548952,29.668209763409585,29.148212358174387,29.219446182250977,680200,-0.015481967109233299
2016-01-26,29.312046754570588,29.78930111484688,29.255059699276035,29.4687557220459,535800,0.008496121243627116
2016-01-27,29.369031039694153,29.832041352605515,29.28355317419858,29.54711151123047,612100,0.002655415870342791
2016-01-28,29.589860502899306,30.173964403898477,29.440273514976067,30.081361770629883,508100,0.017919779809487925
2016-01-29,30.295057769174527,31.050120166563726,30.273688975901813,31.028751373291016,1143300,0.031008468624133756
2016-02-01,30.929013490660612,31.77667823309022,30.864907132620274,31.541610717773438,1530300,0.016393410967871273
2016-02-02,31.46326806240944,32.310933160009796,31.42765249836674,32.0473747253418,1588000,0.015907618887013145
2016-02-03,32.2325639032355,33.194197319509065,32.2325639032355,32.738311767578125,2502700,0.021330737620997423
2016-02-04,32.61010244166408,32.866538813347326,32.082985648575615,32.15421676635742,1767700,-0.018002404563688106
2016-02-05,32.10436008289373,32.74545112477559,31.698336662133027,32.23970031738281,1940800,0.0026550210054672274
2016-02-08,32.13996137500706,32.54598461545688,31.505995358069352,31.89777183532715,1358700,-0.010662463299749462
2016-02-09,31.826553880607694,32.19696172469715,31.676966881252344,32.0473747253418,756000,0.004679109236973005
2016-02-10,31.997502952522293,32.48188213016038,31.69120699227062,32.3892822265625,1303600,0.010612304431014352
2016-02-11,32.268185059358096,32.432018788220006,32.068735775055366,32.21120071411133,1725100,-0.0055133322674171
2016-02-12,32.296677703267605,32.36078678821674,31.456137574953463,31.883529663085938,1055900,-0.010224675375397833
2016-02-16,32.05449885268367,32.318057304630216,31.71970655068838,32.246826171875,540700,0.011330060169573372
2016-02-17,32.246816683766816,32.25393870802938,31.833668626926848,32.161338806152344,564300,-0.0026545521348653274
2016-02-18,32.16133663642365,32.674206584803024,32.01887170514894,32.567359924316406,772100,0.012545484503509343
2016-02-19,32.54599958560601,32.64572697382167,32.2397008293202,32.453399658203125,528800,-0.0035053537834863965
2016-02-22,32.60298859863424,32.87367180526131,32.39641450101639,32.81668472290039,796900,0.011131862923381829
2016-02-23,32.63146963752531,33.05886172230834,32.60297610726175,32.802425384521484,743100,-0.0004346093258507144
2016-02-24,32.85230616896902,33.24408291977291,32.72408792800861,33.01613998413086,1307900,0.0064940750225761954
2016-02-25,32.80243259245618,33.236949513931194,31.47751303428424,31.969017028808594,3209000,-0.03222931640462635
2016-02-26,31.57011054327321,31.655588421674892,30.629845728976424,30.722448348999023,2895400,-0.03977361195999117
2016-02-29,30.672597975200524,31.23533050428876,30.601364117706318,30.9575252532959,1815100,0.007622507883255269
2016-03-01,31.156968574632305,31.19970615981581,30.295056803759856,30.423274993896484,1317900,-0.017408171577338198
2016-03-02,30.27368799654158,30.416152954101562,29.839171098765505,30.416152954101562,1911200,-0.0002341257986035582
2016-03-03,30.48026366424583,30.77943764541086,30.15259614660036,30.7367000579834,1033200,0.010483567778238006
2016-03-04,30.52300041578617,30.90765499585857,30.387660197150236,30.836423873901367,1594300,0.003239202325472981
2016-03-07,30.8436042470696,31.361018824334014,30.663946712336838,31.28196907043457,991700,0.014345278942574698
2016-03-08,31.38257492985637,31.54786226408438,31.10230963144965,31.396947860717773,741600,0.0036688227838986474
2016-03-09,31.317913732379086,31.73471793334378,31.317913732379086,31.677228927612305,720400,0.008887406099300965
2016-03-10,31.626914611977497,34.8104466893754,31.181364645468122,33.703758239746094,7009300,0.062011259206483975
2016-03-11,33.70375820771182,34.69546593144913,33.33007016664224,33.36600112915039,3036400,-0.01007190033278558
2016-03-14,33.20071580606753,33.74687355216334,33.15759700715601,33.667823791503906,1425300,0.00900514635235515
2016-03-15,33.63908991943393,34.22836662652327,33.52410916540082,34.03433609008789,862200,0.010827302400759853
2016-03-16,33.78280343631045,34.47269049010535,33.73968738013092,34.36489486694336,1205000,0.009665645234771984
2016-03-17,34.47268664681234,34.75295194615939,34.29302912247641,34.594852447509766,857200,0.006669352539774228
2016-03-18,34.47268464807745,34.87511572478887,34.170858599187774,34.73139190673828,1527900,0.003939046086998464
2016-03-21,34.537363806918165,34.673902539876046,33.94089950437083,34.32896041870117,692100,-0.011654618885353659
2016-03-22,34.27866846460232,34.76733732506614,33.99840306490985,34.379276275634766,675900,0.0014646239912082311
2016-03-23,34.29303294573975,34.49424851819512,33.912157087562214,34.36489486694336,746800,-0.0004184037326271808
2016-03-24,34.40800414789113,34.760131302296465,34.14929691694103,34.7098274230957,872100,0.009987312633643483
2016-03-28,34.75296182012417,34.846384526901744,34.278665930775254,34.673912048339844,978100,-0.0010352678664263743
2016-03-29,34.846394002159585,35.88840602961666,34.65954853779835,35.86684799194336,1996400,0.03382582455431655
2016-03-30,36.03211512128057,36.03211512128057,35.428465688325275,35.78778076171875,989300,-0.0022068989454177568
2016-03-31,35.88839550079111,36.204594581142224,35.579384258460884,35.651248931884766,1083500,-0.003822336239725392
2016-04-01,35.44284468880914,36.28364353001826,35.15539148433354,36.18303298950195,1186600,0.014806127610067617
2016-04-04,36.096804225240966,36.168668909183815,35.69437021923317,36.032127380371094,1403800,-0.004179339296957212
2016-04-05,35.93150760431432,35.98181149565185,35.39972008557362,35.414093017578125,1069900,-0.017301118955198907
2016-04-06,35.263186834165396,35.7877865979076,35.19851000075296,35.780601501464844,996600,0.010296040290825882
2016-04-07,35.65843040152704,36.03211844125033,35.622499439148335,35.73748016357422,1070400,-0.0012058864587011586
2016-04-08,35.787789134302955,37.95805301429743,35.75185816682882,36.36988067626953,2141300,0.017540975575930165
2016-04-11,36.49204686733073,36.77950009262163,35.960261964306824,35.996192932128906,1624700,-0.010327797186395848
2016-04-12,36.04649060244312,36.49204055738121,36.03930550666395,36.39862060546875,810800,0.011117697491811917
2016-04-13,36.52077674251029,36.54233476548998,36.11115785776059,36.40579605102539,665000,0.00019711566713674929
2016-04-14,36.298008945927414,36.556716247636224,36.068047509154376,36.190216064453125,973400,-0.005939186299246124
2016-04-15,35.953067172293025,36.65732442255344,35.86683231792718,36.36268615722656,1038700,0.0047543354535503415
2016-04-18,36.29082273553543,36.664510744151244,36.0393032784654,36.549530029296875,654100,0.005125184525617964
2016-04-19,36.54953261861715,36.82261286375109,36.43455189561707,36.80105209350586,689800,0.006858106446107476
2016-04-20,36.80106391134817,36.80106391134817,35.97464055607161,36.11117935180664,864800,-0.01892393952958491
2016-04-21,35.945879844948976,36.11834954297284,35.54344598063259,35.845272064208984,905500,-0.007390817439654525
2016-04-22,35.93151397211793,36.05367980377179,35.71592543655662,36.02493667602539,1110100,0.004999706811009969
2016-04-25,36.103973689116124,36.23332457166506,35.85245153536499,35.93868637084961,1144700,-0.002397054034318627
2016-04-26,35.98181042295013,36.44173326795694,35.931506533112284,36.34112548828125,1034200,0.01113570347624735
2016-04-27,36.3411306049796,36.80105351474188,36.1183542462199,36.63576889038086,909100,0.00807502170787255
2016-04-28,36.312393299054044,36.98790763071874,36.29802036206571,36.736385345458984,773700,0.0027426349736125585
2016-04-29,36.68606334868333,37.253781743701715,36.49203290704327,37.088497161865234,1499500,0.00953918176384058
2016-05-02,37.08131549311351,37.36158356077481,36.76511920675672,36.91603088378906,1454200,-0.004660973993398484
2016-05-03,36.95196344902585,37.10287787397041,36.4632974366493,36.83698272705078,1066800,-0.0021435920550758897
2016-05-04,36.65732238758011,37.82869028822905,36.599833401646485,37.296905517578125,1403900,0.01240805526880285
2016-05-05,37.13880474119093,37.627473441050526,37.01663619554786,37.21066665649414,1161500,-0.002314902957614181
2016-05-06,37.17472869087105,37.2968972134836,36.82978662800077,36.908836364746094,1796500,-0.008144467997471018
2016-05-09,36.95196535505968,37.361587110916155,36.93040732525131,37.28972244262695,915200,0.010266760693170379
2016-05-10,37.31128564251456,37.447827160505675,37.08132415483783,37.35440444946289,787500,0.0017330773556805275
2016-05-11,37.296909003583906,37.361585832152116,36.90166019491333,37.33283996582031,980800,-0.0005774609683526817
2016-05-12,37.225046718737104,39.862421184202546,37.12443892149743,37.49812698364258,2524300,0.004417617287680841
2016-05-13,37.49811585988161,37.7280772543137,37.3328312789683,37.46218490600586,2391600,-0.000958962936120667
2016-05-16,37.46220582305702,37.7712171333661,37.16756745059458,37.577186584472656,1457500,0.003065104790139086
2016-05-17,37.44782203268861,37.59154862814505,36.74356473044456,37.05976104736328,1125700,-0.013865353367296527
2016-05-18,36.865730183606495,37.67778310960787,36.66451459680702,36.887290954589844,1483700,-0.004664699966843413
2016-05-19,36.722009656267936,37.52687761914784,36.57828577987109,37.490943908691406,842900,0.016232334897356395
2016-05-20,37.55560610177017,37.90055094638371,37.21066399851277,37.64902877807617,1750800,0.004207749802806993
2016-05-23,37.64903347557212,37.89336783853472,37.426259881435605,37.43344497680664,1004800,-0.005742602312862235
2016-05-24,37.455003448455436,37.95804511244479,37.16036519033199,37.94367218017578,1330700,0.013538193435200551
2016-05-25,37.9364853181463,37.965231181345736,37.50530559422407,37.70652389526367,1139600,-0.0062696218658038275
2016-05-26,37.69216826471305,38.108972506996125,37.59874553711122,38.01555252075195,1120700,0.008162225754670776
2016-05-27,37.97241062068817,38.231117868237234,37.78556802043384,38.02989959716797,1010500,0.0003773289838290825
2016-05-31,40.595418948378324,41.14157666383234,40.32233871997307,40.480438232421875,24996300,0.062446168979181454
2016-06-01,40.38701479794174,40.72476910281126,40.24328822031219,40.44450378417969,6447700,-0.0008880933296593599
2016-06-02,40.83975331245534,40.83975331245534,40.365454775108915,40.480438232421875,5923100,0.0008880933296594614
2016-06-03,40.68165866863543,40.73914766281547,40.39420547366473,40.581050872802734,4480800,0.0024823795653836403
2016-06-06,40.58104314099135,40.70320894369599,40.394197777452554,40.47324752807617,3800300,-0.0026600293980519637
2016-06-07,40.5890225239712,40.791607762893115,40.20556204312143,40.27791213989258,5272000,-0.0048379681477579185
2016-06-08,40.2200266642474,40.523900337705726,40.2200266642474,40.37196350097656,2234900,0.0023323384685143837
2016-06-09,40.37196276273205,40.71924813746774,40.314083246932185,40.59625244140625,1847400,0.0055401866400644015
2016-06-10,40.502193609043836,40.813303929776104,40.37919791758065,40.78436279296875,2092800,0.0046229851186311895
2016-06-13,40.73371773216743,40.91459569968147,40.51666472314632,40.56731033325195,1217700,-0.005336164983871319
2016-06-14,40.451549511938346,40.86395106693565,40.4009039006214,40.59625244140625,1633600,0.0007131798652402498
2016-06-15,40.59625671262215,40.69031404066908,40.4370831974626,40.5528450012207,1403900,-0.0010698195221769844
2016-06-16,40.53112817991677,40.639653285395504,40.343013581121745,40.350250244140625,1094800,-0.005008341892171397
2016-06-17,40.335791240963275,40.63243103027344,40.25620448481046,40.63243103027344,1547700,0.006968945056609299
2016-06-20,40.56007814071837,40.748190020481296,40.343022362557996,40.37196350097656,1216700,-0.006430970282325364
2016-06-21,40.37195347577219,40.53836084038819,40.27066227643881,40.35748291015625,1431900,-0.00035874372039829556
2016-06-22,40.39366789032779,40.47325187540637,40.30684448118605,40.400901794433594,911100,0.0010752787743258426
2016-06-23,40.4298398243537,40.56730607163111,40.29960748062627,40.46601486206055,761400,0.001610376267344949
2016-06-24,40.29237205339504,40.49495723873058,40.183846936944605,40.31407928466797,1415200,-0.003761712787312316
2016-06-27,40.299614651510495,40.50219710669899,40.14767781011913,40.36473083496094,1053100,0.001255634704396605
2016-06-28,40.3719719597008,40.42261758255511,40.15491889604241,40.26344680786133,1459500,-0.0025123742923693405
2016-06-29,40.35750162536229,40.45155896549452,40.060861792618624,40.111507415771484,1098200,-0.0037807691349948454
2016-06-30,40.13321045411845,40.63243272722755,40.06809426545385,40.581787109375,1914800,0.01165611147499316
2016-07-01,40.661375439177164,40.71925496468143,40.33579448328039,40.70478439331055,996200,0.0030262656065350073
2016-07-05,40.69030753431657,40.8350076958924,40.53836794869607,40.71924591064453,909900,0.0003552149760227505
2016-07-06,40.73372153426055,40.820542193977104,40.48772736508116,40.71201705932617,1812100,-0.0001775448660305432
2016-07-07,40.712012977542095,40.914595416562804,40.675837936285355,40.74818801879883,1076600,0.0008880645909294215
2016-07-08,40.74818748557197,41.081002276744734,40.65413017155229,40.82053756713867,1022800,0.0017739536027629847
2016-07-11,40.76990223987219,40.80608004975798,40.560085846423334,40.79884338378906,670500,-0.0005315939329051822
2016-07-12,40.70478882251393,40.82055064609813,40.451560695917124,40.487735748291016,529300,-0.007654625348653382
2016-07-13,40.51668043004396,40.6179716895223,40.45879813321073,40.5239143371582,591900,0.0008931700868741217
2016-07-14,40.429847393932725,40.81330783338089,40.40090625435728,40.755428314208984,971700,0.0056967636698535854
2016-07-15,40.791604085541756,40.86395417579056,40.48049372950963,40.67584228515625,725800,-0.001954680402429678
2016-07-18,40.6613607284518,40.85670923131544,40.64689016231617,40.777122497558594,541100,0.002486840469680908
2016-07-19,40.80608414454798,40.835022531389356,40.70479013067432,40.762672424316406,1071900,-0.0003544299665531774
2016-07-20,40.74095847037179,40.82054246565386,40.65413505009838,40.67584228515625,676200,-0.002132410503127769
2016-07-21,40.66137286644895,40.8350141919544,40.62519782030024,40.697547912597656,895300,0.0005334822084578591
2016-07-22,40.71200845555966,40.79159519347183,40.632421717647496,40.683067321777344,907400,-0.0003558732243896774
2016-07-25,40.697546061636075,40.72648720123041,40.581784263237694,40.61072540283203,554900,-0.0017797653576336534
2016-07-26,40.47325144341501,40.51666314752252,40.04637934628303,40.1549072265625,880900,-0.01128754894927406
2016-07-27,40.08255714636195,40.38643079517862,40.03914544225444,40.1549072265625,1093400,0.0
2016-07-28,40.154906253778755,40.50942826212161,40.1259651184082,40.1259651184082,768800,-0.0007210212984178579
2016-07-29,40.1549093513422,40.26343723736437,40.125968213739114,40.2055549621582,823300,0.0019815352606926745
2016-08-01,40.22725918337043,40.33578706871273,40.08255901621905,40.09702682495117,649900,-0.002702981669288916
2016-08-02,40.11874857698157,40.25621488951594,40.06086628119039,40.17662811279297,764700,0.0019832487755709212
2016-08-03,40.12597010522779,40.22002742688217,39.31563753399489,39.40245819091797,1661400,-0.019457231333001517
2016-08-04,39.32286319221284,39.71356020640066,39.264983686395205,39.30839538574219,1349900,-0.0023900858821727863
2016-08-05,39.4313907822412,39.43862468542547,38.89599086732123,39.0551643371582,1651500,-0.006463002215373734
2016-08-08,38.98280955625082,39.11304187766194,38.874281701748885,38.99728012084961,660800,-0.0014832136859332093
2016-08-09,39.08410910970997,39.15645918820375,38.86705611425004,38.917701721191406,909900,-0.0020426989892750953
2016-08-10,38.895993964411744,39.062404110661696,38.77299828063752,38.8453483581543,700000,-0.0018608679531533022
2016-08-11,38.85259817093325,38.9755938963334,38.63554510494625,38.794715881347656,560000,-0.0013042875345467273
2016-08-12,38.72235657938244,38.924939024841905,38.65724039905921,38.67171096801758,560300,-0.0031756987306323977
2016-08-15,38.823642545205885,38.830876448716154,38.389536575150245,38.541473388671875,656200,-0.0033734576275219336
2016-08-16,38.3967775666571,38.66447620560896,37.99884656065213,38.4691276550293,650500,-0.001878851844922875
2016-08-17,38.40401700317474,38.765772991102246,38.1869612024349,38.72959518432617,526200,0.006748000694649502
2016-08-18,38.62829965403577,39.17093357558895,38.62829965403577,39.062408447265625,615000,0.008556542522646945
2016-08-19,38.95387623077624,39.03346297202439,38.78746884452034,38.99005126953125,631600,-0.0018540658097026452
2016-08-22,38.89600501380086,39.4169345518361,38.89600501380086,39.315643310546875,393900,0.008315970355135364
2016-08-23,39.21434470936599,39.55439341844689,39.21434470936599,39.424163818359375,411100,0.0027564349083505405
2016-08-24,39.39522480074481,39.510986598147305,39.13476006659447,39.47481155395508,255200,0.0012838631253096306
2016-08-25,39.38075665041853,39.590575783594154,39.21434922892794,39.344581604003906,448100,-0.0033045184247410034
2016-08-26,39.41694116912496,39.73528551804585,39.243299800615304,39.43141174316406,696600,0.0022044831333793854
2016-08-29,39.39522817162402,40.002978349984396,39.39522817162402,39.8293342590332,524700,0.010040931461203407
2016-08-30,39.9233880870704,40.13320720689954,39.42416585435387,39.50374984741211,456700,-0.00820808224569366
2016-08-31,39.40247036440904,39.80763815519254,39.40247036440904,39.749755859375,468100,0.006208098931848748
2016-09-01,39.843802553995296,39.974034924774784,39.503751056962294,39.64122009277344,326700,-0.0027342108575143325
2016-09-02,39.626751748814954,40.14768126119735,39.626751748814954,39.974037170410156,437100,0.00836068431513443
2016-09-06,39.97402307036212,40.16213490571459,39.90167300137538,39.9957275390625,554500,0.0005424642491581722
2016-09-07,40.18514508063688,40.469267308659646,39.9884444352945,40.083152770996094,510300,0.002183478748178953
2016-09-08,40.010305890613395,40.26528948684293,40.010305890613395,40.1778678894043,520400,0.002360178367929004
2016-09-09,40.06858417948589,40.192431196626686,39.88645425139732,39.93745040893555,715900,-0.006001803581660841
2016-09-12,39.850029302064065,40.35999366267709,39.755320960173115,40.35270690917969,732800,0.010343987774982416
2016-09-13,40.20700472330804,40.44741757908033,40.06130299396012,40.11958312988281,654500,-0.005793905736605006
2016-09-14,40.083156888203035,40.418275305468434,40.03216072814448,40.061302185058594,612700,-0.001453736881534965
2016-09-15,40.06859125701397,40.403709716910974,39.93745746330077,40.38185501098633,932300,0.007969715108033817
2016-09-16,40.33085285392072,40.76796358198364,40.28714066948153,40.6805419921875,818700,0.007369343714983497
2016-09-19,40.62955239798653,40.89910396454239,40.461993165852746,40.86267852783203,953300,0.004467246630201668
2016-09-20,40.92096027563398,41.03752612421101,40.767971768000805,40.78982925415039,725000,-0.001784373682812707
2016-09-21,40.75339826982106,41.00838187764606,40.62226447815851,40.97924041748047,1000000,0.004632839846936779
2016-09-22,41.05209404501118,41.234224014650245,40.935530975605495,41.161373138427734,785600,0.004434664206936362
2016-09-23,40.98651813810966,41.299781839376685,40.96466343586197,41.146793365478516,599500,-0.00035427281935670075
2016-09-26,41.13951247148735,41.46006017114448,41.03023339390209,41.307071685791016,639400,0.003887713986181385
2016-09-27,41.37991690579301,41.47462524150656,41.05208249684766,41.095794677734375,872800,-0.0051279155774567415
2016-09-28,41.27065696090322,41.401790776396126,41.12495241267965,41.28522491455078,874500,0.00459888871541251
2016-09-29,41.20507525661535,41.44548531263354,41.117650891625004,41.328922271728516,426400,0.0010578663035587736
2016-09-30,41.328923687285744,41.48919891617553,41.22693137038578,41.3434944152832,1022800,0.0003525273432074064
2016-10-03,41.32164764404297,41.42363998051919,41.23422325927814,41.32164764404297,986600,-0.0005285606775629439
2016-10-04,41.292503783057974,41.40178286812272,41.132228532718365,41.33621597290039,1032500,0.0003524971096709399
2016-10-05,41.270652770996094,41.438212011763056,41.14680294490053,41.270652770996094,671600,-0.001587355063031646
2016-10-06,41.19779704333921,41.31436010840693,41.03752456579776,41.081233978271484,487000,-0.004600237693258868
2016-10-07,41.08123274897743,41.336216356802424,40.97924041748047,40.97924041748047,478700,-0.002485815834300289
2016-10-10,41.073946259260936,41.336213826532116,41.00109261330648,41.29978561401367,223500,0.007791701815160613
2016-10-11,41.14679452290019,41.14679452290019,40.86995624395283,41.03023147583008,534000,-0.00654816094741878
2016-10-12,41.154080118949196,41.307068592847365,41.06665575179409,41.146793365478516,597500,0.002836850519837577
2016-10-13,41.314359106681465,41.59848139720243,41.25607896510203,41.48191833496094,1815800,0.00811163093664034
2016-10-14,41.4309180578743,41.7077563453841,41.343496464638385,41.6859016418457,818300,0.004905351997206192
2016-10-17,41.67861569570167,41.85346166464446,41.64219026273762,41.74418258666992,580500,0.001397120831010967
2016-10-18,41.81703284358255,41.875312975786585,41.60576145879333,41.78789138793945,364400,0.0010465155042588728
2016-10-19,41.82432378816261,41.83889451841244,41.56934295649721,41.61305236816406,755700,-0.004192740945769772
2016-10-20,41.56934726837422,41.75147724676497,41.48192287780696,41.503780364990234,1007100,-0.0026293606850807468
2016-10-21,41.511058380412884,41.627621438681395,41.358069887513444,41.46734619140625,462300,-0.0008782374649579029
2016-10-24,41.736889725291974,41.795169849809255,41.525618368368015,41.642181396484375,369800,0.004207350662685518
2016-10-25,41.56205441177728,41.656762764780815,41.40906591936717,41.58391189575195,505800,-0.0014002702265223967
2016-10-26,41.49648991457562,41.63491046444021,41.46734845364806,41.56934356689453,337600,-0.00035039708127897683
2016-10-27,41.56205509411312,41.700475638255966,41.3872118939404,41.57662582397461,340500,0.00017516801240158707
2016-10-28,41.57662994545451,41.69319301681871,41.4746376053962,41.55477523803711,523300,-0.0005256879148324804
2016-10-31,41.649475648548304,41.80246691871164,41.60576623914377,41.75875473022461,875100,0.004896681243523111
2016-11-01,41.707758194996224,41.76604111245973,41.54019897591234,41.56205368041992,389100,-0.00472154360903617
2016-11-02,41.48920520981418,41.773327501158484,41.43820904362841,41.5474853515625,483200,-0.00035058139357577937
2016-11-03,41.48191605844883,41.72961289950381,41.40906519070191,41.56205368041992,400900,0.0003505813935757691
2016-11-04,41.63489514594472,41.79516756391283,41.22692318030971,41.23420715332031,823500,-0.00791939725912729
2016-11-07,41.379931133275626,41.70048167849436,41.28522276499891,41.64948272705078,665300,0.010020766434065138
2016-11-08,41.67861987674888,41.88260732415915,41.489205938885064,41.56934356689453,605200,-0.0019259869069939253
2016-11-09,41.40178286812272,41.75875602504676,41.205082182455726,41.33621597290039,947200,-0.0056239463251808825
2016-11-10,41.41636113744457,41.47464407175504,41.001104957273874,41.052101135253906,1279900,-0.00689699641557395
2016-11-11,41.03024403947185,41.394504020489244,41.03024403947185,41.28522491455078,457800,0.005662666336699968
2016-11-14,41.28521193420326,41.49648332374815,41.12493948272286,41.38720703125,475800,0.0024671384650826415
2016-11-15,41.358073316088344,41.72233325075981,41.358073316088344,41.452781677246094,510000,0.0015831643802668239
2016-11-16,41.48191074183846,41.70775284944036,41.22692995832188,41.328922271728516,594300,-0.0029924365417907605
2016-11-17,41.43821522265511,41.56934903499603,41.29979465458245,41.31436538696289,597500,-0.00035228232875457514
2016-11-18,41.307073845179666,41.627621561593905,41.27793238575587,41.53291320800781,290400,0.005275932576167943
2016-11-21,41.591197662330636,41.78061159741313,41.47463459941465,41.61305236816406,1075200,0.0019276746482375009
2016-11-22,41.62762328404872,41.72233164155362,41.47463478436724,41.525630950927734,795500,-0.002103027037867618
2016-11-23,41.336208010453426,41.678610371474235,41.336208010453426,41.511051177978516,531200,-0.00035116463532135125
2016-11-25,41.58391189575195,41.72961363380967,41.48191678839603,41.58391189575195,559100,0.0017536739593134528
2016-11-28,41.56934338082216,41.729615857041,41.51106045922792,41.65676498413086,1375300,0.0017504208209574077
2016-11-29,41.598475728058446,41.75146698440499,41.52562486624179,41.60576248168945,916800,-0.0012251011438817075
2016-11-30,41.583918685220446,41.65676956614378,41.4090726802883,41.49649429321289,2328400,-0.0026297300623903475
2016-12-01,41.350778389740825,41.532908321085685,41.08851362303328,41.3434944152832,950700,-0.003693869453253067
2016-12-02,41.321636777026065,41.438199813641965,40.98651561505859,41.095794677734375,1034000,-0.006009282362178644
2016-12-05,41.08852150950224,41.3507863265485,40.95738771143774,41.32164764404297,443500,0.0054807216846158085
2016-12-06,41.34350380272612,41.56205921414863,41.110377659997724,41.55477523803711,714100,0.005625923532420706
2016-12-07,41.58409892223021,41.84812539121586,41.510756682111754,41.789451599121094,1008000,0.005631511388332522
2016-12-08,41.80413251985108,41.99481680561096,41.635449513830864,41.987483978271484,1404000,0.00472761975899754
2016-12-09,41.95081423486695,42.06082343125691,41.88480759794448,41.9361457824707,721600,-0.0012234504715980434
2016-12-12,41.87747198413075,42.002152430671664,41.870139156791275,41.987483978271484,797300,0.0012234504715979454
2016-12-13,41.96548269853183,42.0461577878722,41.928810168670765,41.987483978271484,836300,0.0
2016-12-14,41.98747918521635,42.15616217198066,41.855465926405856,41.99481201171875,1218800,0.00017451376815740718
2016-12-15,41.99481774751828,42.09749691662254,41.95081518705204,41.972816467285156,655000,-0.0005239053510294133
2016-12-16,42.119490618698656,42.170828795153355,41.98014453942459,42.082820892333984,2445300,0.0026174208252220128
2016-12-19,40.08062696246606,41.42275808392526,39.90460834441647,41.29808044433594,3292100,-0.018823582055936896
2016-12-20,41.584113076997674,41.694122278040666,41.23941142540933,41.48876953125,1345800,0.004606756367878983
2016-12-21,41.43742936876085,41.51810445764516,41.166069995194626,41.25407791137695,938300,-0.005672810557199728
2016-12-22,41.21740817944442,41.290747643309494,41.151401542877366,41.25407791137695,485700,0.0
2016-12-23,41.29074475120045,41.29074475120045,41.07805640407927,41.18806838989258,516700,-0.0016013541265418815
2016-12-27,41.25407122093447,41.25407122093447,41.10738951927144,41.239402770996094,968600,0.0012455650286815824
2016-12-28,41.29074475120045,41.31274882699572,41.14406303602305,41.18806838989258,303400,-0.0012455650286816529
2016-12-29,41.20273972712716,41.276079190992235,41.151401542877366,41.25407791137695,361900,0.0016013541265417347
2016-12-30,41.276084904347194,41.356760004398396,41.202745430330616,41.327423095703125,1149500,0.001776310740713299
2017-01-03,41.430087914900476,41.510760189266016,41.20273114790498,41.21739959716797,532400,-0.0026657895698860897
2017-01-04,41.378747631726576,41.393416081233504,40.608672217797405,40.68201446533203,1546900,-0.013074397771914522
2017-01-05,40.594016019380746,40.71136085312961,40.256649972067954,40.34465789794922,955300,-0.008327097902834984
2017-01-06,40.278642614545156,40.278642614545156,39.9999504427456,40.10262680053711,1423100,-0.0060171534333243815
2017-01-09,40.11730186130796,40.11730186130796,39.853275299072266,39.853275299072266,916800,-0.0062372458642357175
2017-01-10,39.85326682759298,40.09528925971552,39.78726020106487,40.0292854309082,1010800,0.0044067294553330714
2017-01-11,40.014627518958676,40.696695240136265,40.014627518958676,40.4033317565918,850900,0.009300928783285676
2017-01-12,40.322652830267344,40.38865946791172,40.02195654715878,40.30065155029297,374900,-0.0025446144662633497
2017-01-13,40.300655333869344,40.53534500136708,40.219980236094216,40.34465789794922,320900,0.0010913555252045964
2017-01-17,40.36665540446847,40.62334631220699,40.29331314674241,40.4986686706543,709200,0.0038101093944475275
2017-01-18,40.46933090468178,40.784695611876984,40.366654543775624,40.77002716064453,657200,0.006678081780195871
2017-01-19,41.07072245309894,41.07072245309894,40.64534577050008,40.73335647583008,558600,-0.0008998568072338019
2017-01-20,40.77002328665928,40.89470091370669,40.71134948730469,40.71134948730469,624600,-0.0005404154585798095
2017-01-23,40.67468735218395,40.68935580475999,40.49133589156532,40.557342529296875,345100,-0.0037900731152664302
2017-01-24,40.52799893943646,40.74802289406497,40.439991036217535,40.44732666015625,801700,-0.002716286305093666
2017-01-25,40.410657769337824,40.520669756543555,39.94861413760427,40.07329177856445,533400,-0.009290479362430326
2017-01-26,39.97061924952628,40.506005189986034,39.97061924952628,40.22731018066406,1060000,0.003836050719681729
2017-01-27,40.300649590891815,40.41799440791865,39.831270322784476,40.168636322021484,394200,-0.0014596225708385484
2017-01-30,40.08063408490706,40.20531174665195,39.95595362544065,40.03662872314453,370600,-0.0032917469445685695
2017-01-31,39.926607214891824,40.14663117361629,39.911938764462136,40.10995864868164,663000,0.001829895655048323
2017-02-01,40.03663348219222,40.32999700003739,39.9852952862276,40.12464141845703,404700,0.0003659959650076558
2017-02-02,40.24196516354748,40.2493007863939,39.86792953227138,40.0439453125,674400,-0.0020131609275269515
2017-02-03,40.10262680053711,40.18330188100785,39.90460691148737,40.10262680053711,537600,0.0014643545438326878
2017-02-06,40.058625210405246,40.19063848217018,39.82393557120563,39.89727783203125,324100,-0.005133741607609783
2017-02-07,39.889947836515724,39.941286027478114,39.47190668283821,39.501243591308594,468700,-0.009975942071526403
2017-02-08,39.49389935901987,39.58924289191106,39.29588226429958,39.508567810058594,512100,0.00018540023425128125
2017-02-09,39.39855379510936,39.39855379510936,39.05385223224896,39.31787872314453,515400,-0.00483821020167031
2017-02-10,39.28855518213069,39.37656310977694,39.20054725448445,39.29589080810547,678600,-0.0005593909500469551
2017-02-13,39.25187770310912,39.34722123792392,39.068526258007374,39.127197265625,589300,-0.004302146391123513
2017-02-14,39.06853001680635,39.12720103006874,38.701827091322215,38.87051010131836,893800,-0.006581939383942
2017-02-15,38.87051194049595,38.87051194049595,38.50380899766109,38.533145904541016,899800,-0.008717064553890463
2017-02-16,38.518472701258986,38.76783078354637,38.254446167340454,38.694488525390625,1135500,0.004178371039788844
2017-02-17,38.77515610064966,38.9878444115269,38.481795518007075,38.907169342041016,674500,0.005481360965733155
2017-02-21,38.907176091047106,39.127197265625,38.74582872180786,39.127197265625,371800,0.005639271932310502
2017-02-22,39.11253351889258,39.20054143347024,38.94384771918041,39.05385971069336,459000,-0.0018760958032221307
2017-02-23,39.09053129706458,39.141869482814656,38.68715863857629,38.87051010131836,724400,-0.004705843580719788
2017-02-24,38.92183997836981,39.647912846829996,38.87050180357897,39.45722579956055,748200,0.014981325963235816
2017-02-27,39.36922557159329,39.58191393587155,39.21521101720747,39.56724548339844,285400,0.002784447732075043
2017-02-28,39.47190002615876,39.80193319648874,39.47190002615876,39.5892448425293,598500,0.0005558447477064864
2017-03-01,39.603909701028,40.10995865113941,39.58924125059742,40.014617919921875,693900,0.010687348865887096
2017-03-02,39.87527000991239,40.322647966907624,39.87527000991239,40.10262680053711,798100,0.002197003062763195
2017-03-03,40.065953386877,40.38131805549626,39.99994676326551,40.315311431884766,658300,0.005289494655292022
2017-03-06,40.16862967446687,40.39598644383381,40.16129405089855,40.25663757324219,803300,-0.0014564341495680224
2017-03-07,40.47088860952528,40.493054211325045,40.2197000624418,40.24925231933594,583200,-0.00018347114569676766
2017-03-08,40.02761339756892,40.16798238120013,39.93156997810643,40.064552307128906,400900,-0.004599466771077127
2017-03-09,40.07195503638616,40.32314365005235,40.027626639294795,40.04978942871094,328500,-0.0003685452133837978
2017-03-10,40.16797822550708,40.35267557245677,40.04238538234506,40.300960540771484,412300,0.006251887636734197
2017-03-13,40.26402163503312,40.389614478195135,40.26402163503312,40.300960540771484,468900,0.0
2017-03-14,40.28618983231533,40.60386953724945,40.23447479367566,40.3231315612793,788400,0.0005499850104015461
2017-03-15,40.35270085327615,40.6260551271628,40.27143351878333,40.45613098144531,971500,0.0032929129620307813
2017-03-16,40.5004441012505,40.603874190382754,40.28619444904309,40.37485122680664,794500,-0.002011104648566788
2017-03-17,40.37485303384499,40.63342826824855,40.308361856675695,40.507835388183594,1017100,0.0032883250241343438
2017-03-20,40.522598069762125,40.566926448999055,40.3526768434075,40.559539794921875,645600,0.0012755911643203327
2017-03-21,40.52999013068461,40.58909182185063,40.01283694625584,40.44872283935547,658200,-0.0027359437442167657
2017-03-22,40.419170584643396,40.62603354936978,40.27880160214824,40.44872283935547,423800,0.0
2017-03-23,40.374864291898085,40.559561744618094,40.21232963166145,40.330535888671875,528400,-0.0029261728041523687
2017-03-24,40.345299358737,40.515220623710185,39.99068069902012,40.1384391784668,504100,-0.004774438221750433
2017-03-27,40.1384381622903,40.330522207927025,39.51785481893227,39.9094123840332,805000,-0.0057222627442477594
2017-03-28,39.761654119435285,40.05717107241611,39.45875051084628,40.02022933959961,739400,0.0027728643387007483
2017-03-29,39.9906771171581,40.24925231933594,39.805979738957255,40.24925231933594,642700,0.005706368011072955
2017-03-30,40.212317615427445,40.29358492126149,39.820760034509185,40.16060256958008,718300,-0.002204948281395263
2017-03-31,40.07934770575167,40.2418823678761,40.035019302010596,40.09412384033203,716600,-0.001656693566269923
2017-04-03,40.17537711252065,40.478280719771874,40.04239476609246,40.43395233154297,744200,0.00844005034404452
2017-04-04,40.419169357954544,40.57431446309721,40.175370309624356,40.3379020690918,735900,-0.0023783113174388466
2017-04-05,40.264030266056636,40.463503781712525,40.22709135240002,40.38223648071289,1240000,0.0010984722493190013
2017-04-06,40.374860306363956,40.44135149550998,40.049791017979324,40.153221130371094,717200,-0.00568733262195053
2017-04-07,40.16797757090787,40.24924485316262,39.98328022696811,40.131038665771484,377500,-0.0005525981112714245
2017-04-10,40.16060155688011,40.16060155688011,39.78381729719765,39.931575775146484,511500,-0.004982682733805457
2017-04-11,39.961124860263965,40.24925231933594,39.79120361051019,40.24925231933594,578300,0.00792404403876793
2017-04-12,40.27880251905652,40.28618917377362,39.89463165382867,40.00545120239258,620400,-0.006075702886451377
2017-04-13,39.968518314830035,40.05717510059479,39.63606523211805,39.673004150390625,1073800,-0.008344764709431775
2017-04-17,39.724709829963984,40.08671508921327,39.724709829963984,40.064552307128906,874200,0.009821000824806029
2017-04-18,39.938970829865205,40.374856850679585,39.79859898798293,40.36008071899414,730000,0.007349234454644832
2017-04-19,40.24187008756169,40.722081632712936,40.13843999532169,40.71469497680664,1423700,0.008747887766247011
2017-04-20,37.789081130587746,38.06243243534089,37.301480211017626,37.582218170166016,7714700,-0.08005806569751577
2017-04-21,37.55267616536334,38.0107249214764,37.19805468254053,37.995948791503906,2814800,0.01094852576594128
2017-04-24,38.003339836346996,38.38012414851387,37.892523076143,38.31363296508789,1259100,0.008326241648593113
2017-04-25,38.28407068650309,38.424439673344125,38.0698210605945,38.38750076293945,1167200,0.0019261206998734347
2017-04-26,38.42445132376535,38.57220982844312,38.30624508367495,38.41706466674805,824000,0.0007698476022441126
2017-04-27,38.41705482595572,38.53526103576679,38.22497079185961,38.37272644042969,587400,-0.0011547949436078095
2017-04-28,38.269299165543636,38.50571160250269,38.239746906359116,38.4392204284668,1122300,0.001731345379399478
2017-05-01,38.44660570472823,38.65346585991743,38.21019329358107,38.594364166259766,708700,0.004027956075756355
2017-05-02,38.49094225091186,38.97854334028557,38.49094225091186,38.912052154541016,2511700,0.008197766907622464
2017-05-03,38.88988696533303,38.94899149046242,38.60914610748618,38.75690460205078,1370900,-0.0039951034577084404
2017-05-04,38.727353757367645,38.734743232408796,38.21020323484601,38.60176086425781,1747200,-0.004011029530005213
2017-05-05,38.67563568272349,39.052419969126305,38.62392063451271,38.801231384277344,720200,0.005154089158482421
2017-05-08,38.8603256281787,38.94898239516982,38.43921584887463,38.68301773071289,553200,-0.0030512974348423923
2017-05-09,38.65346486667088,38.727342686409145,38.34317464186035,38.66085433959961,738500,-0.0005731130631727111
2017-05-10,38.64608159510743,38.68302050821023,38.062437186004665,38.306236267089844,852500,-0.009214862587072818
2017-05-11,38.261909704002136,38.476159339990424,38.143703494191065,38.37272644042969,492800,0.0017342485515412555
2017-05-12,38.394900280192864,38.417063068581875,38.20281338662494,38.31363296508789,434700,-0.0015411733585096732
2017-05-15,38.30623346909425,38.564811478443374,38.217579520471396,38.38750076293945,1003000,0.0019261206998734347
2017-05-16,38.387506983103236,38.47616376434991,38.01072552671024,38.165870666503906,430900,-0.00579022743238877
2017-05-17,38.16587146964783,38.41706005194861,37.98856072168192,38.217586517333984,308000,0.0013541114958404543
2017-05-18,38.07721730669142,38.35795533031033,37.936845476623255,38.18803405761719,302000,-0.0007735677288690377
2017-05-19,38.269297151337376,38.417055621224534,38.12153868145021,38.343177795410156,468700,0.004054396802539587
2017-05-22,38.33578830782267,38.45399452003739,38.02549805760592,38.19541931152344,815500,-0.003861023667298679
2017-05-23,38.23236504818898,38.61653601101886,37.6117816187344,38.29146957397461,1634000,0.0025115497398366287
2017-05-24,38.1806422571757,38.79383608746936,38.1806422571757,38.78644943237305,1374900,0.012843799345265782
2017-05-25,38.86033328607909,39.06719629823169,38.79384210686196,39.05980682373047,697600,0.00702303561073173
2017-05-26,39.096744537353516,39.18540131908507,38.94159939671132,39.096744537353516,525800,0.0009452238035057346
2017-05-30,38.971147638325064,39.133682236479245,38.875104210483194,38.985923767089844,463000,-0.002838551680686837
2017-05-31,39.00069410476449,39.23710649338005,39.00069410476449,39.118900299072266,1347800,0.0034050818769836267
2017-06-01,39.18539671717756,39.34054183959961,39.05980103360374,39.34054183959961,775400,0.005649852307569109
2017-06-02,39.42919781413914,39.562180159678235,39.27405268376302,39.50307846069336,633400,0.004123018469347559
2017-06-05,39.41443253597991,39.45137427855667,39.20757230519458,39.333168029785156,768100,-0.004310471427859005
2017-06-06,39.200175843625445,39.443974937753815,39.045027891079854,39.2888298034668,705300,-0.0011278836010424472
2017-06-07,39.378153594025015,39.71312615420641,39.363265482965446,39.66846466064453,792900,0.009616281440329166
2017-06-08,39.6684665203312,39.6684665203312,39.41537429968704,39.623802185058594,632000,-0.001126528023121051
2017-06-09,39.51958853756294,39.631247956770004,39.42281723022461,39.42281723022461,634000,-0.005085236773866865
2017-06-12,39.385596514199946,39.54191742202917,39.333489544923545,39.46747970581055,813800,0.0011322680251464883
2017-06-13,39.541920128407654,39.83967669289529,39.460036931192704,39.6610221862793,708800,0.004891862269643503
2017-06-14,39.72800978981497,39.89177615340474,39.65357208251953,39.65357208251953,718600,-0.00018786211668509812
2017-06-15,39.75034620773435,39.97366218515869,39.683351130545375,39.93644332885742,907800,0.00710823929180842
2017-06-16,39.89178199539391,39.966219713590455,39.83222954914314,39.92900085449219,1193200,-0.00018637533323400475
2017-06-19,39.9662218091727,39.98855539749624,39.742905803256846,39.78012466430664,478400,-0.0037354910703987334
2017-06-20,39.82478981517953,39.87689678963749,39.60147380470008,39.78757095336914,649800,0.00018716864995104452
2017-06-21,39.772681376737204,39.88434079767545,39.61636045911729,39.765235900878906,555300,-0.0005615151484977515
2017-06-22,39.72802084517955,39.88434461738758,39.497262184579135,39.534481048583984,605500,-0.005819831709000035
2017-06-23,39.58658802611423,39.653583117169866,39.3856027529473,39.534481048583984,654800,0.0
2017-06-26,39.63869130022465,39.981109360464984,39.497258494373305,39.85456466674805,458900,0.008063715836146096
2017-06-27,39.81734636497352,39.943891060466235,39.48981357265432,39.78012466430664,456700,-0.0018695376285993814
2017-06-28,39.94389087192808,39.97366709647421,39.53447772307863,39.55680847167969,377300,-0.005629579404714044
2017-06-29,39.53447189615661,39.698238267405955,39.31859855944004,39.608909606933594,457600,0.0013162551680360132
2017-06-30,39.63868872480686,39.82478585497027,39.46747970581055,39.46747970581055,458500,-0.003577048804456056
2017-07-03,39.63125309776042,39.81735026083484,39.430267820885966,39.452598571777344,248900,-0.0003771190940086838
2017-07-05,39.48236240740379,39.66101403769774,39.251600975356276,39.311153411865234,516900,-0.0035916346898535374
2017-07-06,39.22182862181687,39.26649295359958,38.983624531542574,39.214385986328125,566700,-0.0024646115203196197
2017-07-07,39.0804079363795,39.78757779077084,39.0804079363795,39.549373626708984,689600,0.00850618766464398
2017-07-10,38.313684486613866,38.73054031067406,37.37575320324379,37.52463150024414,3131500,-0.05255229922615664
2017-07-11,37.926593183405224,37.926593183405224,37.576729693191545,37.81493377685547,2624900,0.0077065407084613525
2017-07-12,38.06802816551711,38.14991135642569,37.64372693955158,37.75538635253906,1265000,-0.001575947714362809
2017-07-13,37.71073405449323,37.82983614120249,37.30876344699283,37.450199127197266,745700,-0.008116123254775502
2017-07-14,37.50229550131789,37.71072338417963,37.16732008984942,37.17476272583008,852800,-0.0073819173986685825
2017-07-17,37.13754970419514,37.1747685691826,36.713248396179836,36.891902923583984,968900,-0.007638015696206313
2017-07-18,36.92911934642793,37.0258906606897,36.750464830838304,36.82490539550781,595900,-0.001817700685928143
2017-07-19,36.862118479018065,36.90678281081757,36.63135702414574,36.780235290527344,831000,-0.0012137769196097726
2017-07-20,36.86211760638386,36.91422457244139,36.728127453774036,36.86956024169922,998200,0.002425668512027347
2017-07-21,36.77279146085933,37.49484634399414,36.72812713051027,37.49484634399414,1034600,0.01681720779622924
2017-07-24,37.50229765847877,37.554404632191435,37.21942920145492,37.442745208740234,1019800,-0.001390520900641649
2017-07-25,37.47252988107471,37.59907460587054,37.34598231666114,37.450199127197266,1158500,0.00019905529279795205
2017-07-26,37.353418724051146,37.59906547590726,37.21942855408707,37.4278564453125,599800,-0.0005967751800452057
2017-07-27,37.3980831530986,37.599065568924885,37.25664750688825,37.51718521118164,1387600,0.0023838483826908704
2017-07-28,37.54696662622356,37.77772815544529,37.35342680530231,37.636295318603516,868800,0.003169785519246814
2017-07-31,37.62885071661093,37.822393381653015,37.50230599222149,37.77772903442383,1070400,0.0037508641887940555
2017-08-01,37.78516946647968,38.03826174010004,37.64373663460443,38.02337646484375,1251100,0.006481390706371115
2017-08-02,37.91170610289276,38.04569625854492,37.792604057826026,38.04569625854492,603400,0.0005868296678954386
2017-08-03,37.88937400037059,38.194573157403894,37.88192852553605,38.11268997192383,844200,0.0017593264241772453
2017-08-04,38.21691383160063,38.23180194552106,37.93404534634715,38.187137603759766,584100,0.0019514501625258346
2017-08-07,38.18714384275432,38.35835292138528,37.99360400940301,38.2541389465332,580900,0.0017530152021371028
2017-08-08,38.194571372100086,38.46254882166809,38.16479515338703,38.38811111450195,533900,0.0034960430915382664
2017-08-09,38.35834493477297,38.49233511443257,38.03081496205908,38.03825759887695,864600,-0.009155373080341395
2017-08-10,38.22435108428237,38.22435108428237,37.90426377912556,38.03081130981445,519300,-0.00019577705348868186
2017-08-11,38.030812844573425,38.030812844573425,37.807496837447,37.95637512207031,470400,-0.0019591779890517414
2017-08-14,38.11268953332871,38.20946082774759,37.89681619947761,37.993587493896484,636700,0.0009799181861897166
2017-08-15,37.97870333333838,38.328566852884364,37.82238242275623,38.31367874145508,869600,0.008389584395306331
2017-08-16,38.2987937206678,38.432783894727244,38.14247279747084,38.395565032958984,696000,0.002134979269220617
2017-08-17,38.2987907206087,38.41789277270779,37.881932118453435,37.88937759399414,665100,-0.013271160751057531
2017-08-18,37.8521664264111,38.343462882956004,37.78517132599054,37.97871398925781,842500,0.002355046362428943
2017-08-21,37.96381873544689,38.14991588611085,37.814940446992296,38.00103759765625,530200,0.0005876199533308114
2017-08-22,38.00103842285779,38.261576143215265,37.90426710731832,38.23924255371094,686700,0.0062488157360961255
2017-08-23,38.2094621386805,38.52210393806033,38.08291462015769,38.350894927978516,684400,0.0029155830510727726
2017-08-24,38.33601379394531,38.35834454378855,38.12014041340331,38.33601379394531,509700,-0.00038810103231441776
2017-08-25,38.373238169035396,38.603999695826495,38.29135495502508,38.48489761352539,550900,0.003876132247321215
2017-08-28,38.47000164075606,38.596546335021415,38.32856883429178,38.58910369873047,824000,0.0027040544652238633
2017-08-29,38.529565570325985,38.671001268975125,38.291361365843144,38.35835647583008,476800,-0.005997544663637529
2017-08-30,38.33600775082192,38.41044546497681,38.15735326138671,38.164798736572266,597800,-0.005058812630185775
2017-08-31,38.17224648919126,38.38067722807561,38.11269687780799,38.194580078125,539400,0.0007800310459580264
2017-09-01,38.26901909487232,38.3509022979551,38.00848421198824,38.03825759887695,369000,-0.0041011905924127024
2017-09-05,37.96382010174434,38.179693485791816,37.69583974080503,37.703285217285156,611300,-0.008845200482755685
2017-09-06,37.77772056824541,37.874491879079514,37.46507872655889,37.53951644897461,748600,-0.004353081578374813
2017-09-07,37.65206261759463,37.92218548409312,37.577029760153955,37.91468048095703,659500,0.009944234750025654
2017-09-08,37.892173412865446,38.17730343999607,37.63705767539493,38.162296295166016,656100,0.00650963534835678
2017-09-11,38.17731312399353,38.52997109883376,38.13979668356213,38.477447509765625,406600,0.008224270471623213
2017-09-12,38.53746076600087,38.64250790232729,38.19980721186609,38.2523307800293,364700,-0.005867796849422747
2017-09-13,38.07226009356476,38.192314401883586,37.92969363459081,37.937198638916016,570600,-0.008272368673499645
2017-09-14,37.92218366203831,38.14728508586487,37.92218366203831,38.01972579956055,574900,0.0021729998608704354
2017-09-15,37.94469237752305,38.417407364104115,37.787121669435976,38.319862365722656,1182500,0.007863236358480085
2017-09-18,38.26733894496503,38.36488394372529,37.74960538967419,37.83964538574219,399600,-0.012610988660477992
2017-09-19,37.78712231499411,38.154787306811826,37.78712231499411,37.95219802856445,404300,0.002970048503618815
2017-09-20,38.04223601093382,38.0797524359437,37.65956103380163,37.67456817626953,430700,-0.007342138594807159
2017-09-21,37.674574942043876,37.86966496684206,37.51700421131323,37.6070442199707,326700,-0.0017939035113009362
2017-09-22,37.67457816054999,37.69709031137776,37.284400939941406,37.284400939941406,416900,-0.008616345310526163
2017-09-25,37.26939451659867,37.66707674930587,37.26939451659867,37.592041015625,400000,0.00821731905913589
2017-09-26,37.592042138610196,37.74961575288693,37.404457092285156,37.404457092285156,404700,-0.005002481962762766
2017-09-27,37.36693129260125,37.547014151371734,36.916728439154944,37.269386291503906,736500,-0.003617624109563464
2017-09-28,37.26188439948907,37.501992971237954,37.07429939891526,37.41195297241211,509000,0.003818004751873256
2017-09-29,37.37443146458298,37.411947887134275,37.17934148760496,37.21685791015625,636300,-0.0052284232960878065
2017-10-02,37.824641063088166,38.07225464863842,37.47948533382425,37.78712463378906,1151300,0.015206598191661886
2017-10-03,37.81714286669032,37.83214715011893,37.509503534637055,37.77212142944336,703500,-0.00039712425214845365
2017-10-04,37.79463183356094,38.132285467088266,37.68208253059881,38.03474044799805,1103200,0.006928662199305599
2017-10-05,37.95970510044443,38.18480655398918,37.87716723293662,37.98971939086914,417200,-0.0011843836177765899
2017-10-06,37.922186938697365,38.08725980386266,37.6745733474692,37.85465621948242,641800,-0.003561590772473344
2017-10-09,37.95970095739947,38.27484238550251,37.95970095739947,38.25983810424805,855300,0.010646742535559169
2017-10-10,38.3123745994033,38.58999969338074,38.26735315349306,38.477447509765625,568100,0.005671558150342144
2017-10-11,38.48494876159672,39.115234631260094,38.48494876159672,39.08522033691406,764600,0.015672108343191705
2017-10-12,39.13023723660579,39.422869416712274,39.03269222246352,39.227779388427734,577500,0.003640754650775463
2017-10-13,39.23528387033411,39.39285460178438,38.95015383557627,39.062705993652344,450700,-0.004216952764833999
2017-10-16,39.085227704390874,39.14525344207699,38.86762832284614,39.11524200439453,456700,0.0013440111948645147
2017-10-17,39.07019975708211,39.47538400448585,39.02517833104181,39.445369720458984,996200,0.008404457450765533
2017-10-18,39.45289243317403,39.53542745781869,39.31783095674319,39.43788528442383,642200,-0.00018975981802864519
2017-10-19,39.40036070304547,39.73801434888818,39.35534212514682,39.72300720214844,491500,0.007203636587173441
2017-10-20,39.68548521186231,39.768023076218135,39.5129073419911,39.760520935058594,801300,0.0009439373559474249
2017-10-23,39.775525846783914,39.82054728141411,39.625460122657046,39.68548583984375,641300,-0.001888958818003578
2017-10-24,39.700496546403876,39.72300583457826,39.347835765962714,39.71550369262695,829200,0.0007561078115035128
2017-10-25,39.61795558455768,39.68548630613632,38.957655513824314,39.57293701171875,834400,-0.003596156849224198
2017-10-26,39.53542387571014,39.81305180895291,39.415369558907024,39.63296890258789,789600,0.0015158440944822982
2017-10-27,39.655477062800145,40.045654296875,39.61796062655308,40.045654296875,687100,0.01035884075292318
2017-10-30,39.92559960131223,40.39831470799803,39.88808316542428,40.090675354003906,561400,0.0011236117766224099
2017-10-31,40.03064407031942,40.28575982442206,39.903087624428295,40.12818908691406,865400,0.0009352846342620739
2017-11-01,40.443331170024976,40.443331170024976,39.640467519106075,39.65547180175781,782000,-0.011850115967723762
2017-11-02,39.843067236899394,40.105688049087455,39.775536498030576,40.000640869140625,606200,0.008666534588325218
2017-11-03,39.97812571166153,40.57840017310379,39.97812571166153,40.51837158203125,919400,0.012860014853665868
2017-11-06,40.51837158203125,41.0060938663729,40.44333870551135,40.51837158203125,501200,0.0
2017-11-07,40.510868046125985,41.103634619817605,40.510868046125985,40.9610710144043,916900,0.010866637634237829
2017-11-08,40.886035190273965,41.1111366581706,40.5258694068548,41.02859878540039,907700,0.0016472266916034962
2017-11-09,40.878528342072194,41.013589789181886,40.7434668949625,40.90854263305664,798500,-0.002930447320489348
2017-11-10,40.735956536075214,40.841003671010235,40.233227281617935,40.34577941894531,855100,-0.013852117610696085
2017-11-13,40.420821995688144,41.07361996956257,40.420821995688144,41.05861282348633,755000,0.017513836924354396
2017-11-14,40.90103957474994,41.65137971113172,40.87102814465822,41.636375427246094,808800,0.013973567616125757
2017-11-15,41.60636027513254,41.65888385460835,41.38876095312111,41.568843841552734,867300,-0.0016232539524652324
2017-11-16,41.493815077353844,41.951523085892795,41.366258609306406,41.9215087890625,1061900,0.008448090920142669
2017-11-17,41.801450196921245,41.868980926735354,41.50881798850028,41.5838508605957,668700,-0.008087140039124155
2017-11-20,41.553836695656734,41.621367421028545,41.2987209400655,41.568843841552734,613200,-0.0003609508810184626
2017-11-21,41.561343148799644,41.74142605591213,41.433786688932194,41.73392105102539,483100,0.003963312040587542
2017-11-22,41.7189093383417,42.0490608215332,41.688897909040975,42.0490608215332,527100,0.007522798775486259
2017-11-24,42.13159697965364,42.27416056557805,42.08657554405211,42.13909912109375,187000,0.0021389785440310044
2017-11-27,42.18411586603156,42.28165800550825,42.00403300597006,42.071563720703125,449900,-0.0016039635027340713
2017-11-28,42.19913262629849,42.46925268446831,42.16161332775879,42.4017219543457,545200,0.007816907136243447
2017-11-29,42.3867095084782,42.75437451988306,42.199124501180194,42.23664093017578,373500,-0.0039008607415450085
2017-11-30,42.244131788265015,42.949453059209496,42.13158253133849,42.92694091796875,1000000,0.01621150945194954
2017-12-01,42.81441327298448,43.0095004675252,42.36420743106471,42.679351806640625,380900,-0.005784383222069994
2017-12-04,42.66434493659856,42.829420699275246,42.41673129258352,42.42423629760742,300000,-0.0059954293090711125
2017-12-05,42.52928300094942,42.52928300094942,42.03405858069461,42.311683654785156,672900,-0.002656552476880371
2017-12-06,42.259155625602084,42.529278528666595,42.21413418765119,42.386714935302734,546800,0.0017717288967358446
2017-12-07,42.469849381043815,42.69655618245709,42.235584052701185,42.628543853759766,758300,0.005689086268703901
2017-12-08,42.613423341896386,42.97615474673105,42.48495723054644,42.893028259277344,533600,0.00618522887692073
2017-12-11,42.81745141013941,42.998818516277396,42.6587569939764,42.88546371459961,516500,-0.00017637392598714884
2017-12-12,42.7040948368777,42.80989399266298,41.97863220788635,42.054203033447266,867600,-0.01957359270585659
2017-12-13,42.12977696942798,42.1751194712147,41.706588934283154,41.82749938964844,519400,-0.005405331299387009
2017-12-14,41.80482697691973,41.91818178296157,41.442095633411284,41.555450439453125,821000,-0.006525312814332798
2017-12-15,41.76704293271364,42.08443177672868,41.5932343444103,41.62346267700195,1660500,0.0016353243907051183
2017-12-18,41.77460077609415,41.819943277371266,41.04158240987599,41.071807861328125,555300,-0.013342068909980317
2017-12-19,41.2153884682733,41.26072808402466,40.39168515024498,40.40679931640625,544700,-0.016323875306652413
2017-12-20,40.44459219628732,40.63351499080506,40.14231457196569,40.15742874145508,586400,-0.0061906227457206005
2017-12-21,40.03650683311657,40.16497579571676,39.469738611442665,39.50752258300781,833500,-0.016316349057447395
2017-12-22,39.59065311755313,39.96849863748814,39.59065311755313,39.885372161865234,387100,0.009518545278309809
2017-12-26,39.885373990936934,40.0742967595681,39.62843891028925,39.6511116027832,228900,-0.005890661125430154
2017-12-27,39.62088539560864,39.8249223426151,39.49997493250105,39.749351501464844,280800,0.00247454347168105
2017-12-28,39.9836144136671,40.01384274833448,39.76446331142753,39.85514831542969,549000,0.0026580627099895733
2017-12-29,39.91560015902961,40.03651060908085,39.8022453509111,39.90048599243164,429100,0.0011369148343921421
2018-01-02,39.90049362560162,40.24055523228018,39.522648036566125,40.15742874145508,714300,0.0064189438885048815
2018-01-03,40.12719987693338,40.28589721312698,39.43196538592538,39.53776168823242,782900,-0.015551240626791656
2018-01-04,39.48485673138863,39.77957577494074,39.273264163245074,39.37150192260742,704100,-0.004213954206275388
2018-01-05,39.46218565557738,39.53019796211569,38.842519254998265,39.038997650146484,622500,-0.00848116686825495
2018-01-08,39.099457123829765,39.28837989081579,38.90297583183402,39.08434295654297,494500,0.001160864631149895
2018-01-09,39.016339336615225,39.52265108121491,38.85764198611784,39.484867095947266,693800,0.010195536104696219
2018-01-10,39.31860983733535,39.31860983733535,38.53269322770882,38.54024887084961,533500,-0.024214366571888055
2018-01-11,38.38910367799673,38.66115290954171,38.09438463806716,38.290863037109375,557700,-0.006491815708058184
2018-01-12,38.16995797524827,38.16995797524827,37.837454913503194,38.00370788574219,740700,-0.007527573819418927
2018-01-16,38.01126431298438,38.47979201936804,37.973480331986714,38.41933822631836,590100,0.010877201566897634
2018-01-17,38.54780025365737,39.03144496047173,38.502460634357625,38.94831848144531,506200,0.01367466770312964
2018-01-18,38.97854975702874,39.09190169656306,38.21530010359305,38.600704193115234,502900,-0.008965080527442918
2018-01-19,38.55535862386204,38.75183703308145,38.426889643319136,38.50246047973633,467600,-0.002548371833078505
2018-01-22,38.585595374677446,38.7745181828291,38.351330054785414,38.40422821044922,601700,-0.002554584637079206
2018-01-23,38.44956759364969,38.970993463937226,38.26820044417883,38.88786697387695,694400,0.01251473580820542
2018-01-24,38.93320205444135,38.95587186277548,38.63092449056797,38.68382263183594,535900,-0.005260806195497144
2018-01-25,38.57802633443619,39.046553963800164,38.5024583848632,39.00876998901367,492400,0.008364999571126148
2018-01-26,38.986100392151585,39.175023149841266,38.4495604521687,38.80473327636719,516300,-0.0052442615152099165
2018-01-29,38.706490728100114,38.706490728100114,38.124608360494555,38.132164001464844,400700,-0.017484105337620494
2018-01-30,38.041495334444186,38.736729858590905,38.02638116443232,38.53269577026367,648800,0.010448996168703944
2018-01-31,38.63848233538332,39.069225982548495,38.34376330129477,39.038997650146484,961100,0.01305396459138439
2018-02-01,39.0465530466726,39.15235220941525,37.814778777716505,38.01125717163086,967100,-0.02667872905598107
2018-02-02,37.81478508356596,38.2455287998553,37.63341794278118,37.74677276611328,483100,-0.006982374813082323
2018-02-05,37.580504513685106,37.95834992751592,36.96839390549576,37.02885055541992,728200,-0.0192026288588937
2018-02-06,36.72658437847984,36.99863362143242,35.56282233646317,36.77192687988281,1077200,-0.006962656015452516
2018-02-07,36.86261173008114,37.263129981972405,36.77192960329171,36.885284423828125,464200,0.0030779778770927313
2018-02-08,36.83993503338644,37.2328946863371,36.57544434521402,36.78703689575195,881500,-0.0026671505541917013
2018-02-09,36.8777196828287,38.26819121775378,36.8777196828287,38.05659866333008,1031700,0.033928965271953396
2018-02-12,38.07171690806196,38.2530811505045,37.55784674992032,38.109500885009766,1023300,0.001389127984770459
2018-02-13,38.04148834231167,38.11705629574822,37.05909053397336,37.73165512084961,661500,-0.009964217590435621
2018-02-14,37.557841854663764,37.890344844292045,37.323576615749026,37.640968322753906,684900,-0.002406360233015836
2018-02-15,37.754321842832105,38.298420287823994,37.46716133707074,38.28330612182617,602500,0.016920889391190082
2018-02-16,38.16241527136708,38.464692981065525,38.01883494476396,38.321109771728516,516800,0.000986983649185425
2018-02-20,38.154853722985536,38.298434027375606,37.41427373707155,37.52007293701172,603300,-0.021124845237065367
2018-02-21,37.474711841765,37.860112932316184,36.95328615861175,36.975955963134766,422900,-0.014608205513084654
2018-02-22,36.839942731186575,37.67876034999547,36.809714394012786,37.5578498840332,785600,0.015614545294211789
2018-02-23,37.489828594690536,38.39665831375147,37.489828594690536,38.35887145996094,1052200,0.021103422005954536
2018-02-26,38.47222549977097,38.51000947008673,37.61073829255022,38.132164001464844,837400,-0.005927704363243753
2018-02-27,38.13972966891381,38.2757542937143,37.11198934052466,37.119544982910156,777300,-0.026914475670806084
2018-02-28,37.27823779427315,37.49738598975503,36.80970730649123,36.82482147216797,639400,-0.007971535508730563
2018-03-01,36.99108201063376,37.83745528326788,36.88528571189612,37.149776458740234,1637000,0.00878563955365635
2018-03-02,36.945740423275865,37.52006732032735,36.6283515191682,36.91551208496094,470200,-0.006325909467191832
2018-03-05,36.794592431120165,37.98102702790308,36.68124051482946,37.89790344238281,768700,0.026263947998235868
2018-03-06,37.85257246719443,37.85257246719443,37.35381638860788,37.572967529296875,910400,-0.008610949275953394
2018-03-07,37.45205646124237,37.708991581474535,37.028868356526715,37.27824783325195,923600,-0.007874854607551145
2018-03-08,37.36967960775805,37.91822630201653,37.36206219536003,37.750614166259766,709800,0.012591756335747042
2018-03-09,37.55252177994429,38.055355177881914,37.55252177994429,37.90298080444336,933800,0.004028013321866794
2018-03-12,38.024870070128195,38.2305749861115,37.81916515414488,37.887733459472656,875200,-0.0004023539116759614
2018-03-13,38.01725441691643,38.268669610529834,37.78869145106936,38.024871826171875,962300,0.0036130630840402207
2018-03-14,38.1391556793478,38.58865841712428,38.00963646356525,38.35247802734375,753900,0.008578674461540266
2018-03-15,38.29152084403647,38.67245520657932,38.01725054429639,38.177242279052734,818100,-0.004579555598735128
2018-03-16,38.35248415611056,39.000071619611425,38.19249236954675,38.93150329589844,1748300,0.0195641900104853
2018-03-19,38.93150058445361,39.007689220105924,38.474380395736844,38.62675476074219,724400,-0.007858611350312489
2018-03-20,38.718181289725976,38.91626885184205,38.28391620409395,38.40581512451172,599800,-0.005736281222155991
2018-03-21,38.4972327616475,39.015303821587224,38.466760215879745,38.72579574584961,728700,0.008297051063121839
2018-03-22,38.70293508322373,39.25909896744174,38.45913729579388,38.52008819580078,1155000,-0.00532605818784347
2018-03-23,38.61913516826874,38.7943646741063,37.92583455547695,38.078208923339844,837300,-0.011537702297071158
2018-03-26,38.177250711933006,38.74865238196282,37.895360035148734,38.64960861206055,536400,0.014894474274574477
2018-03-27,38.80959135232258,39.563842660041786,38.4286569942681,39.3809928894043,809600,0.01874663741490075
2018-03-28,39.46479576244766,39.845730090089624,39.09909915666717,39.57145690917969,705000,0.004824787317903088
2018-03-29,39.64764986838624,40.219051422539884,39.63241214485298,40.06667709350586,701100,0.012436920421991673
2018-04-02,40.07429567439755,40.20381487506974,39.23624119964309,39.457183837890625,617800,-0.015328863136703341
2018-04-03,39.464802893574806,40.05906252835936,39.28195601079402,39.81526184082031,584200,0.009034171590798857
2018-04-04,39.678135997755554,39.80765232320928,39.2819637981275,39.6933708190918,677100,-0.0030661102610494784
2018-04-05,39.693354670267446,39.80001872032166,39.16766635905643,39.624786376953125,784300,-0.001729350798250384
2018-04-06,39.57146349847123,39.71622042711046,39.00006191186064,39.06863021850586,456400,-0.014134992287428285
2018-04-09,39.121969785327636,39.55623485837914,39.05340146293532,39.228633880615234,517500,0.004087087503738092
2018-04-10,39.22100688721537,39.45718726998553,39.129583441687764,39.14482116699219,479600,-0.002138804408256005
2018-04-11,39.08387167439783,39.396237788649174,38.93911763823712,39.22100830078125,538600,0.00194439740661868
2018-04-12,39.16006674367856,39.312438214674586,38.451528359608886,38.58866500854492,717300,-0.016253948561643285
2018-04-13,38.77150084918004,39.182910678341585,38.71055285947019,38.90102005004883,377200,0.008061891928854455
2018-04-16,39.08387416860947,39.62480039258707,39.045781304693996,39.5790901184082,563800,0.01728047884510182
2018-04-17,39.62479670824207,40.06668202621247,39.52575585253061,40.01335144042969,424500,0.010912232938524813
2018-04-18,40.043822659869065,40.325713284405154,39.68574341633766,39.70098114013672,492500,-0.007837283185410441
2018-04-19,39.640039847655565,39.84574480932656,39.49528579594606,39.71622848510742,486200,0.0003839808834883608
2018-04-20,39.83049678131324,40.04382200471128,39.48003785856454,39.51051330566406,455400,-0.005193085998650276
2018-04-23,39.655272814009784,39.9524011986495,39.53337391502172,39.80002975463867,567500,0.0073008637641506615
2018-04-24,39.89907049291518,40.56951588849821,39.89145308325697,40.35619354248047,754400,0.013877218519224762
2018-04-25,40.18097485999752,40.64571253786664,40.00574242145861,40.417152404785156,577300,0.0015093809266655727
2018-04-26,40.50856462445255,41.03425598144531,40.32571773129774,41.03425598144531,479800,0.015152970261246875
2018-04-27,40.881893855682854,41.36948959160738,40.83618066557749,41.354251861572266,269900,0.007768012738740802
2018-04-30,41.44565769529048,41.5980291075046,41.25519052372444,41.278045654296875,459500,-0.001844465933324926
2018-05-01,41.17901611328125,41.392341395290494,41.06473751470786,41.17901611328125,400900,-0.0024019674362615318
2018-05-02,41.2628096101616,41.28566474166366,40.59236432521552,40.676170349121094,750000,-0.012286383098624771
2018-05-03,40.59999699079764,41.23996702422658,40.54666639687018,41.17901611328125,753200,0.012286383098624893
2018-05-04,41.3161502200371,41.895172213271515,41.217106448981355,41.7427978515625,540900,0.013598120896106214
2018-05-07,41.712313475781485,41.79611950211047,41.25519339473072,41.361854553222656,503200,-0.009167861377022822
2018-05-08,41.178999767936844,41.178999767936844,40.29523225412276,40.5237922668457,853800,-0.02046980348713456
2018-05-09,40.70665489924878,40.889501804755476,39.92193087499262,40.348575592041016,750200,-0.004333172221978099
2018-05-10,40.6380883884021,40.69141898040229,40.20382333565809,40.66856384277344,679900,0.007899314068098594
2018-05-11,40.75997625937842,41.0571045932708,40.721883404881694,40.980918884277344,507000,0.007651158460476532
2018-05-14,41.095211619062425,41.521859292927296,40.988550427171084,41.28567886352539,789700,0.0074091157709203275
2018-05-15,41.02663201974052,41.15615122165622,40.866640275872925,41.064727783203125,538300,-0.00536613283447205
2018-05-16,41.17139652766239,41.39233920871868,40.65332543719208,40.88188552856445,528900,-0.004462479916418343
2018-05-17,40.889496672316874,41.079963870320135,40.2419093616253,40.302860260009766,651800,-0.014264627701087608
2018-05-18,40.38665684941469,40.493320904324335,40.13524170001634,40.2495231628418,766200,-0.0013242837193997502
2018-05-21,40.35618925865994,40.676172743720215,40.14286402898774,40.5999870300293,481300,0.008669590241750045
2018-05-22,40.561899720931166,40.88950065964782,40.531424268767125,40.73712921142578,521600,0.0033721950739188287
2018-05-23,40.798079040236644,41.47614189666914,40.798079040236644,41.30853271484375,741200,0.013929139668305156
2018-05-24,41.28567053612579,41.620894678796944,41.05711047013114,41.582801818847656,909400,0.006617582077896373
2018-05-25,41.56756667162732,42.90083719663427,41.56756667162732,42.77893829345703,1305600,0.02835922155118861
2018-05-29,42.74057325700736,43.446520269530254,42.54873944788897,43.12424087524414,1055400,0.008039386782163224
2018-05-30,43.039829830714915,43.95295762984144,42.95542249361514,43.768798828125,825600,0.014835935710683985
2018-05-31,43.69974167378967,44.07573429504652,43.49256081166481,43.50790786743164,1845700,-0.005978496385657439
2018-06-01,43.431170833196234,43.56161933836605,42.218782748134615,42.26482391357422,4459800,-0.028987557503429198
2018-06-04,42.387593021525795,42.5717518098385,41.03708158052716,41.43609619140625,51172100,-0.019802764486867065
2018-06-05,41.81975963258524,42.003921329922825,40.82989672959132,41.627925872802734,2904800,0.0046188474303667185
2018-06-06,41.474467261027584,41.581893721425324,39.98583801652038,40.123958587646484,3643000,-0.03679761015739166
2018-06-07,40.09326047748873,40.33113542117746,39.70192084976983,39.847713470458984,2928600,-0.006908601728940522
2018-06-08,40.10093652550037,40.292770326751075,39.33360132049756,39.379642486572266,1830800,-0.011816030565966407
2018-06-11,39.48706102930161,39.717260959214315,39.04968028432218,39.571468353271484,2490700,0.004859367832349613
2018-06-12,39.770982359727604,40.254401398261194,39.494741236479086,40.09326171875,2956100,0.013099920804982745
2018-06-13,40.208365461141945,40.76084481207212,39.648208191891676,40.03955078125,2089000,-0.0013405481192494623
2018-06-14,40.24672370545451,40.47692363358023,39.617509202573764,39.86305618286133,2494400,-0.004417750362376168
2018-06-15,39.94747106236085,40.791538600863404,39.632863751411556,40.49995040893555,5928800,0.015850764868809493
2018-06-18,40.49995362567639,40.83758300961505,40.10093894375449,40.615055084228516,1874800,0.0028380631142991427
2018-06-19,40.85292400898129,41.43609742554237,40.737822567494284,41.41307830810547,2585700,0.019457919351654786
2018-06-20,41.221252322067656,41.78907879204322,40.89896998122461,41.58957290649414,1356000,0.004252752455765066
2018-06-21,41.73535441822898,42.02694256743042,41.3670339320987,41.5665397644043,1951200,-0.0005539735309669708
2018-06-22,41.48214593533578,41.858138580110904,41.40541065170184,41.77373123168945,2309400,0.004972191514844869
2018-06-25,41.712350296161915,42.27250475311388,41.45912822440376,42.13438415527344,2031600,0.008596430581175823
2018-06-26,41.873472846335936,42.855660759621095,41.873472846335936,42.364566802978516,2018100,0.005448191118736785
2018-06-27,42.280163008319995,42.82497315613485,42.21110273195762,42.55640411376953,1506700,0.004518027409351653
2018-06-28,42.48733976802412,43.19328951735253,42.433626550125865,42.748233795166016,1226500,0.004497528140456111
2018-06-29,42.617797709810006,43.16260499928462,42.257149229127506,43.085872650146484,2189700,0.00786728284245962
2018-07-02,43.07819200579079,43.653693330258214,43.05517288950045,43.592308044433594,1952100,0.011685551152950913
2018-07-03,43.592311975148355,43.79181783100667,43.170275290763016,43.39280319213867,849500,-0.0045871115018104505
2018-07-05,43.3928033721157,43.53859892810857,42.940075503748446,43.40047836303711,1523900,0.00017686094547686147
2018-07-06,43.31606780717255,43.807161812201535,43.28537370007045,43.55393981933594,1242400,0.0035297025461254847
2018-07-09,43.507900163821546,43.538594269920445,41.89649471944234,42.02694320678711,1308700,-0.03568924825099167
2018-07-10,41.72001201789429,42.234128099533365,41.566544399771374,42.203433990478516,1776400,0.004190674382677892
2018-07-11,42.34155460911247,43.0781956644784,42.1497208179973,42.947750091552734,1061900,0.017482670780619852
2018-07-12,42.74823274641901,43.024473818633474,42.471991674204546,42.778926849365234,1423300,-0.003938644689305871
2018-07-13,42.81730317070582,43.024484024009816,42.62546937251525,42.901710510253906,888700,0.002866079168457129
2018-07-16,42.78659865603212,43.03982061310022,42.62545900725283,42.970760345458984,740500,0.0016081952551014447
2018-07-17,43.15493228706373,43.277705800131635,42.85566910475624,42.99378967285156,1213400,0.0005357866222433365
2018-07-18,42.840332719220555,42.993797442926834,42.341563585719214,42.6254768371582,680400,-0.00860355671372883
2018-07-19,42.70220505015284,43.41582702031313,42.70220505015284,43.085872650146484,874500,0.010743040302183727
2018-07-20,42.79427495071488,43.09353514390541,42.63313529702011,42.748233795166016,817300,-0.007867282842459718
2018-07-23,42.80963155207405,42.81730361613484,42.149722811089205,42.24180221557617,1459900,-0.011917575220047999
2018-07-24,42.13438965172827,42.441325004114034,41.720027804153226,42.195777893066406,1560800,-0.001090138466983455
2018-07-25,42.165062956145306,42.61011577752113,42.08065562955222,42.23412322998047,1937700,0.0009083355313812501
2018-07-26,42.44130888300063,42.87868969136439,42.28784126510164,42.571754455566406,951600,0.007962490776634815
2018-07-27,42.53338975770245,42.76358972895733,42.12670304424711,42.45665740966797,1013200,-0.0027072625178267166
2018-07-30,42.43363998444315,42.88636791231087,42.065319404895945,42.51804733276367,951400,0.001444899019355485
2018-07-31,42.594777231437966,43.14725953245645,42.24180372896575,43.039833068847656,1155700,0.01219740841525672
2018-08-01,42.824972396889535,43.001459116208665,42.157388761505075,42.6638298034668,914600,-0.008774553274333383
2018-08-02,42.61778113641296,43.06283385721268,42.49500766924576,42.83263397216797,1081300,0.0039488039760754625
2018-08-03,42.886362629314874,43.46186401280466,42.54106121379072,43.108890533447266,1089800,0.006428964679833315
2018-08-06,43.10121677825292,43.66137405013694,42.932405024718726,43.085872650146484,1159100,-0.000534090076885858
2018-08-07,43.08586860992588,43.56161556970414,42.90170689125137,43.44651412963867,1412100,0.008335458688268214
2018-08-08,43.28538237619389,43.44652208005203,43.05518238108915,43.25468826293945,1111500,-0.004424994680826905
2018-08-09,42.6638385433488,43.98365610428986,42.59477825406347,43.753456115722656,1610100,0.011464979968099257
2018-08-10,43.830175218623054,44.497758788938704,43.830175218623054,44.259883880615234,1507500,0.011508104431138855
2018-08-13,44.08340325562559,44.35964436733393,43.74577392924821,44.2061767578125,1977300,-0.0012141860734678214
2018-08-14,44.22919315550609,44.47474014478356,43.998993218952336,44.07572555541992,1033200,-0.002955334987605919
2018-08-15,44.09107233700274,44.67424862831371,43.93760473786033,44.26755905151367,1423600,0.004342917482871386
2018-08-16,44.175476560656875,44.41335146898035,43.968295755436586,44.259883880615234,1828500,-0.0001733964217977508
2018-08-17,44.17548545946043,44.674254490332466,44.02201784018047,44.40568542480469,3784600,0.003288800303204759
2018-08-20,44.40567450448224,44.689590554832016,44.22918781021519,44.39032745361328,1413400,-0.0003459157871328058
2018-08-21,44.23688470538219,44.2599038295094,43.98366263137447,44.0527229309082,1729300,-0.00763443054023474
2018-08-22,44.14479320186435,44.221528478298744,43.5923138472942,43.73043441772461,1304400,-0.007342865556534387
2018-08-23,43.66905088549799,44.0527185274114,43.599990592867506,43.69207000732422,996000,-0.0008776781931709708
2018-08-24,43.71508402371536,44.13711776684163,43.43884290395235,44.083404541015625,1137900,0.008916776094530676
2018-08-27,44.06804966544328,44.32126869551573,43.507895461854986,43.707401275634766,2003800,-0.008565944030154416
2018-08-28,43.66098794045762,44.31079724989242,43.52948035390874,44.01683807373047,1428900,0.007054790871501777
2018-08-29,43.95495496544239,44.334011667759846,43.87759790014473,44.17929458618164,1266100,0.0036839868435642794
2018-08-30,44.310801552273546,44.566085175866014,44.18702847898161,44.364952087402344,994100,0.004193559271788215
2018-08-31,44.450038346107135,44.589283396487524,44.04004067053282,44.132869720458984,1422200,-0.00524494036665004
2018-09-04,44.30306942508095,44.62023812700138,44.11740832959882,44.48872756958008,1135300,0.008030994083696827
2018-09-05,44.58156958205378,45.34741476393327,44.58156958205378,45.270057678222656,1872000,0.017409991500892424
2018-09-06,45.18494880805063,45.85796468380762,45.18494880805063,45.602684020996094,1559600,0.007320739356941075
2018-09-07,45.20043152392507,45.533072277781834,45.08439295360911,45.0998649597168,1598400,-0.011087322634878416
2018-09-10,45.20042287753342,45.62589263566476,45.09985633256253,45.23910140991211,1660000,0.003082536053777624
2018-09-11,45.13080124561185,45.447969939062155,45.13080124561185,45.18495178222656,1194800,-0.0011976820822964163
2018-09-12,45.138539830126895,45.331935464276505,44.860052595777326,44.98382568359375,1221600,-0.0044611103276472235
2018-09-13,45.053444864482515,45.123067405614975,44.71306668517584,44.94514083862305,1289100,-0.0008603423091117785
2018-09-14,44.92193673529336,44.92193673529336,44.310805835781636,44.682125091552734,1268800,-0.005869118048819395
2018-09-17,44.80589781641696,44.96835238718391,44.46552257244368,44.635711669921875,1355100,-0.0010392868320908508
2018-09-18,44.45778061130092,44.72079874024636,43.645516746245896,44.46551513671875,1420600,-0.0038203007141453167
2018-09-19,44.48099187723975,44.48099187723975,43.096278552303694,43.25099563598633,3316000,-0.027693694404349788
2018-09-20,43.15816456866843,43.36703217932547,42.82552388699049,43.14269256591797,2740600,-0.002507199983139312
2018-09-21,43.018920672471545,43.44439043131602,42.75590252047958,43.22005081176758,7317000,0.00179147311707333
2018-09-24,43.281939873927385,43.30514640375962,42.786847564286845,43.04986572265625,2633500,-0.003945414965274328
2018-09-25,42.98024672136785,43.01118778003101,42.49288889787912,42.5625114440918,2801200,-0.011385258979778585
2018-09-26,42.655333934281,42.8719360663866,41.920430049087784,41.95137405395508,1548300,-0.014462665846351669
2018-09-27,41.98232732009359,42.36911861331245,41.94364878096838,42.01327133178711,2383100,0.0014743655203954072
2018-09-28,42.160238579732315,42.50835123159633,42.03646552028983,42.48514175415039,2879400,0.011168856558245914
2018-10-01,42.516095330796425,42.817792046689014,42.40779424826915,42.647605895996094,1159300,0.0038167296029720885
2018-10-02,42.655342657599554,43.03439941728686,42.63213612469455,42.88741683959961,1495600,0.005607330524532238
2018-10-03,42.81778414214728,43.03438921819779,41.97457921829824,42.461936950683594,1927100,-0.009970395667178875
2018-10-04,42.34591452522062,42.92610149855074,41.97459226542382,42.740440368652344,1303800,0.0065374797895377075
2018-10-05,42.616657577264775,43.22005094803822,42.608923051144835,43.1040153503418,1660600,0.008470603082072873
2018-10-08,43.13495058587662,43.64551481940912,43.11948153572387,43.4134407043457,2176100,0.007152930458436999
2018-10-09,43.53722204138086,43.90080675974086,43.320619886264105,43.61458206176758,1290900,0.004622458587007751
2018-10-10,43.467604829996866,44.071001259090096,43.36704121763416,43.40571975708008,1870100,-0.004800321336312017
2018-10-11,43.55269265196498,43.746088270269425,42.7172251154009,42.96477127075195,2516900,-0.010210716927394
2018-10-12,42.902880220876824,43.21231436866344,42.46193847841966,43.02665328979492,1758300,0.0014392604853668818
2018-10-15,43.04213663174608,43.41345593632457,43.04213663174608,43.111759185791016,1239500,0.0019760272157986346
2018-10-16,42.98797896029904,43.66099490387891,42.84099934877653,43.42892074584961,1639900,0.007329800974352161
2018-10-17,43.35156336315905,43.55269351173367,43.196846275264654,43.32835388183594,1169600,-0.0023183510429237732
2018-10-18,43.37477178693348,43.54496088614487,43.18911363414209,43.521751403808594,1178500,0.004453600626029225
2018-10-19,43.50627916748186,44.23344562285394,43.413447146894256,44.10967254638672,1519000,0.01341824512901746
2018-10-22,44.10967528296255,44.14835381844889,43.71514654844585,43.94722366333008,1479400,-0.0036896387299480814
2018-10-23,43.9781586571115,44.27985827466391,43.40570932848761,43.653255462646484,1596200,-0.0067115912403707305
2018-10-24,43.80797477810378,44.62797028288705,43.637785695533886,44.33401107788086,1493400,0.015474266357467044
2018-10-25,44.117412413995595,44.117412413995595,43.71514912902855,43.90081024169922,1185700,-0.009819350466248752
2018-10-26,44.04004347090116,44.27985506202343,42.99570847762455,43.4134407043457,1783300,-0.011163689631841535
2018-10-29,43.47534143478157,44.13288544509815,43.47534143478157,43.761566162109375,1290400,0.00798686047413065
2018-10-30,43.9162767058954,44.047784307915805,43.21231678377059,43.5372200012207,1448700,-0.0051397428217908455
2018-10-31,43.382511647988466,43.63005783263172,42.86420979509063,43.312889099121094,2117200,-0.005165944022776594
2018-11-01,43.266474654288054,43.490814314451136,43.08855101205011,43.40571975708008,1778100,0.002140963621132308
2018-11-02,43.483069009915184,43.78476569467091,42.92609164997495,43.189109802246094,983300,-0.005002848500797809
2018-11-05,43.03439438251084,43.90854046414044,42.99571584853322,43.58363723754883,1330900,0.009093411638686578
2018-11-06,43.59910823708655,44.20250161599141,43.4830696868435,44.10967254638672,1085400,0.01199730332235794
2018-11-07,44.23344802856445,44.45005018641664,43.89307278751343,44.23344802856445,1299500,0.0028021551053064686
2018-11-08,44.87552302016254,44.87552302016254,43.48307500195597,44.20250701904297,1772200,-0.000699738262956698
2018-11-09,44.26438476576123,45.2623037940677,44.117402224806696,45.13853073120117,1391500,0.02095471434294613
2018-11-12,45.02249900652803,46.25249521532279,44.976082997353245,45.88117599487305,1353500,0.016318702198689597
2018-11-13,45.82702005916852,46.30664029352233,45.37834087630214,46.20607376098633,1456900,0.007056332230095038
2018-11-14,45.99721484144802,46.60834572600837,45.83476322433189,46.368534088134766,1822200,0.003509828401127718
2018-11-15,46.175139178397984,46.585139917309725,45.70325632388724,46.48457336425781,1887700,0.002499417407037012
2018-11-16,46.979660102286616,47.26588477195859,46.29890674511015,46.507774353027344,2070500,0.0004989870633540822
2018-11-19,46.45363679544363,46.55420336460218,45.788355254982335,46.298919677734375,1640700,-0.004500861280562652
2018-11-20,46.56192651948533,46.92551121464657,46.02815569229822,46.1828727722168,1745300,-0.0025096175874273455
2018-11-21,46.051359675887,46.252492753958094,45.21589221208089,45.370609283447266,853600,-0.017744487338370515
2018-11-23,45.37059862967041,45.48663419271108,44.82135300774273,45.4324836730957,539500,0.0013628258071480257
2018-11-26,45.3087226598976,46.05909856082975,45.3087226598976,46.051361083984375,1615800,0.013529970312968492
2018-11-27,46.06683440735517,46.40721257472346,45.66457117836355,46.39947509765625,1537400,0.007530827697714333
2018-11-28,46.38778415427242,46.715280941237154,45.873144221513975,46.10707092285156,1381000,-0.006321826102528516
2018-11-29,46.19285244675379,46.200648715798565,45.311725317699455,45.865352630615234,1656900,-0.005256333136258939
2018-11-30,45.99791035669798,46.43457278706315,45.600232243855736,46.29421615600586,2113100,0.009307044873392411
2018-12-03,46.161654881749875,46.56712922905201,45.75618053444774,46.559329986572266,1294900,0.005710380744564821
2018-12-04,46.738669031940354,47.53402213337671,46.684086238418764,46.816646575927734,2045400,0.005511422748703788
2018-12-06,47.011584794380056,47.41705908932202,46.340992805612174,47.385868072509766,2016200,0.012085206572132289
2018-12-07,47.424866307408216,47.49504462417151,46.72308313977524,47.027191162109375,1682700,-0.007598072530694082
2018-12-10,47.01938378568736,47.26110971817961,46.02909125356262,47.18313217163086,1917800,0.0033104896877724174
2018-12-11,47.16753729564893,47.56521235242114,46.98039416776023,47.276702880859375,1365500,0.0019811751689460372
2018-12-12,47.23772664665715,47.565223478896684,46.574930764276516,46.65290832519531,1495800,-0.013282365773936084
2018-12-13,46.62170571447428,47.38586777433128,46.551527414357864,46.96479797363281,1858900,0.00666307293073126
2018-12-14,47.05056418251748,47.463834675041575,46.84002931617354,47.20651626586914,1573000,0.0051335977423335
2018-12-17,47.354679545163684,47.518427930227716,45.43647652845559,45.49885559082031,2480500,-0.03684476575238066
2018-12-18,45.81075815683782,46.35658906169946,45.21034445894393,45.42087936401367,1881400,-0.0017152765780427313
2018-12-19,45.51444605640384,45.748372719792826,44.97641443315528,45.2883186340332,1911600,-0.0029227647752012387
2018-12-20,45.194754471116774,46.20064259336819,44.53196163216695,45.233741760253906,2751700,-0.0012058249702788292
2018-12-21,45.25712333507071,46.45795052788175,44.898435620191144,45.44426345825195,5400800,0.0046432886504331325
2018-12-24,45.57683769300608,45.87314644884169,43.53387337280586,43.59625244140625,1332000,-0.04151540263535229
2018-12-26,43.596243764895235,44.14207463558041,43.02702111995777,44.118682861328125,1573100,0.011912146906588972
2018-12-27,44.12648351879473,44.32921918974568,43.29214310933252,44.23564910888672,1993900,0.0026476645407050373
2018-12-28,44.40719639759358,44.87504977286326,43.95493555689891,44.07969665527344,1638400,-0.0035317217945351007
2018-12-31,44.14987705179638,44.27463815608479,43.67422441215325,44.266841888427734,1623500,0.00423662355449957
2019-01-02,44.22006967027723,44.305843514961545,43.39352820231636,43.572872161865234,1619600,-0.015801148102253602
2019-01-03,43.47148160804673,44.0640960126508,43.35451679058621,43.40909957885742,1447800,-0.003765671742287401
2019-01-04,43.23756563723748,43.76780111828061,42.9880434078689,43.580657958984375,2342100,0.003944340285697105
2019-01-07,43.31552579205857,43.82236932483582,43.19076471892644,43.6274299621582,1419100,0.0010726529791758633
2019-01-08,43.580655739597546,44.29023510095461,43.580655739597546,44.14208221435547,1485500,0.011727492564102736
2019-01-09,43.993936646879234,44.204471624174246,43.346739175526565,43.713226318359375,1880900,-0.009762854617668557
2019-01-10,43.954934531291066,44.56314747439717,43.72100784911448,44.33701705932617,1334900,0.014169209609408063
2019-01-11,44.259044488645245,44.407200351150976,43.92375142372579,44.03291702270508,2056800,-0.006882459292734117
2019-01-14,43.830177767515245,43.90815531897331,43.143993161920946,43.6976203918457,3078600,-0.007643821029676403
2019-01-15,43.60404647046839,44.313628789320276,43.60404647046839,43.9393424987793,2722900,0.005516455886948971
2019-01-16,43.752210040847594,43.97054127003524,43.61964966988373,43.8925666809082,2222600,-0.001065121383109155
2019-01-17,43.91594997147452,44.29803252321615,43.70541505209109,44.134281158447266,1602600,0.005491849157137339
2019-01-18,44.22005952614557,44.45398624691407,44.03291933934662,44.18107223510742,2314200,0.0010596363880205726
2019-01-22,44.24344043859215,44.6411154420298,43.915940752344646,44.29802322387695,1436000,0.0026435861775629113
2019-01-23,44.25903941142193,44.6411219385579,44.20445661819382,44.3838005065918,1982500,0.0019344958381937824
2019-01-24,44.39939913377354,45.116777712290926,44.17327167789137,44.55535125732422,1635500,0.003857715304926652
2019-01-25,44.35261668062068,44.64112618290553,44.1732727751712,44.27463912963867,1929400,-0.006320231734581354
2019-01-28,44.36820282539306,44.56314219989033,44.040703129477485,44.22004699707031,1295600,-0.0012337947482051552
2019-01-29,44.407195416260606,44.5319565118781,43.85356824036668,44.0718994140625,1494400,-0.003355860371498809
2019-01-30,43.87695758692281,44.53195404628436,43.87695758692281,44.21225357055664,1482600,0.0031796029071148265
2019-01-31,44.2200490275804,44.82826192662636,43.63523087723474,44.695701599121094,1966900,0.010875355136681263
2019-02-01,44.687907487418734,44.9452259392184,44.165468367824495,44.61772918701172,1447200,-0.0017460404607085422
2019-02-04,44.43058556914718,44.773677825927734,43.96273222130652,44.773677825927734,1411500,0.003489122776711935
2019-02-05,44.92964038434939,44.92964038434939,44.48517870815402,44.789283752441406,1311800,0.0003484906348916802
2019-02-06,44.74249611167468,44.74249611167468,44.36821278556216,44.60993576049805,1505800,-0.004012299738721483
2019-02-07,44.69571017065419,45.09338825489587,44.641127370784076,44.94523239135742,1648800,0.0074880814695358145
2019-02-08,44.95302080839043,45.40527860905044,44.78147320751657,45.30390930175781,1006200,0.00794863623360406
2019-02-11,45.140176202300665,45.45987676457789,45.140176202300665,45.28053283691406,926500,-0.0005161253921924332
2019-02-12,45.865336013210175,45.96670532130465,45.26492237994108,45.459861755371094,1629000,0.003952575977477416
2019-02-13,45.342908930205155,45.608026652483936,45.13237400593618,45.57683563232422,925600,0.002569819527378471
2019-02-14,45.608022046333225,45.84194872482703,45.288321558332576,45.553436279296875,1096600,-0.0005135363485862381
2019-02-15,45.91992888304682,45.99790643506372,45.63141937693299,45.826358795166016,1436500,0.00597338453573807
2019-02-19,45.982304599176565,46.333193124095025,45.81075698287755,46.23182678222656,1020500,0.008809007183734731
2019-02-20,46.146054628262874,46.43456410503048,45.904328703407266,46.3098030090332,1044100,0.0016852144367148884
2019-02-21,46.13046244317611,46.738672458167365,46.00570133818971,46.68408966064453,1259600,0.008049747396588643
2019-02-22,44.4539781359729,44.516360169883605,42.551370719782966,43.26874923706055,8399700,-0.07597276632280406
2019-02-25,43.10500225265768,43.45589379260951,42.559174273331934,43.38571548461914,3055800,0.0026996028183972343
2019-02-26,43.48708240828496,43.682021811419894,43.229760968368026,43.50267791748047,2498800,0.0026922468911869954
2019-02-27,43.23755822010519,43.565054974519086,43.02702331746522,43.26874923706055,1511200,-0.005391849709584113
2019-02-28,43.29214741744792,43.91595297614957,43.29214741744792,43.59625244140625,2424700,0.0075405456704227825
2019-03-01,44.079904793698056,44.11136307330745,43.0260764269965,43.27773666381836,1949100,-0.00733285550954416
2019-03-04,43.71029274912246,43.91476562379133,43.04181762034124,43.466495513916016,1716700,0.004352085280906168
2019-03-05,43.30920012177075,43.61591088456816,42.93957279223181,43.31706619262695,1574600,-0.0034437274992487198
2019-03-06,43.450758685827054,43.50580918081147,43.041810008780736,43.128318786621094,2010800,-0.00436686599277887
2019-03-07,43.38784212447768,43.61591017516573,43.08113136666885,43.56085968017578,2970400,0.009979203649860675
2019-03-08,43.686697089810764,44.02486618681784,43.42717371305386,43.85184860229492,2739400,0.006657841925305284
2019-03-11,43.9226221284443,44.36302910037767,43.84397941918305,44.31584167480469,1883000,0.01052533767366787
2019-03-12,44.41807150652693,44.81915705077567,44.229327838667004,44.614681243896484,1649100,0.006720767721430911
2019-03-13,44.43379985925891,44.89779895124161,44.28437754151164,44.771968841552734,1283700,0.003519267359117982
2019-03-14,44.73265826756459,45.377538110027196,44.65401255505258,44.92140197753906,2292200,0.0033320918342710213
2019-03-15,44.75624669204434,45.55841489158872,43.98553677484138,45.353939056396484,6149200,0.009582691880545216
2019-03-18,45.18878397859662,45.2831588181117,44.536041172097434,44.72478485107422,1886300,-0.01396921290701348
2019-03-19,44.622558507008414,44.71693036461163,44.095642718667,44.378761291503906,1979100,-0.007766813196360095
2019-03-20,44.339424105042504,44.984303735159756,44.18213573183743,44.43379592895508,1483500,0.0012393437643929029
2019-03-21,44.46526689958852,45.1416049974641,44.05631821250033,45.094417572021484,1189400,0.014758110489917835
2019-03-22,45.95949645332815,45.95949645332815,45.26743225760934,45.61346435546875,1634900,0.011444483933196352
2019-03-25,45.69211170869386,45.88085841765743,45.42472228767797,45.456180572509766,1288900,-0.0034541463176759658
2019-03-26,45.58987486289162,46.03027883187922,45.47190779975449,45.96736526489258,1452400,0.011182896374569335
2019-03-27,46.03027088062521,46.07745829773433,45.62132226575906,45.73142623901367,1199800,-0.005145968505526252
2019-03-28,45.7707522138461,45.880853198205,45.26743171390438,45.57414245605469,1340700,-0.003445221157500177
2019-03-29,45.59773576138208,45.90444651089383,45.37753378737917,45.65278625488281,1702200,0.0017241360510774986
2019-04-01,45.59772479448114,45.770742303885626,45.08654133491742,45.165184020996094,1770000,-0.010738115325208073
2019-04-02,45.432580432157366,45.432580432157366,44.92925996277304,45.22024154663086,1612900,0.0012182834145830152
2019-04-03,45.26743628173285,45.61346841035335,44.94499636641937,45.07868957519531,1461800,-0.0031351885481837208
2019-04-04,45.125866247614915,45.188779801449364,44.42593608605814,44.48884963989258,1892700,-0.013171031991589062
2019-04-05,44.49672631342323,45.1494692151435,44.3001165357924,45.07868957519531,1617100,0.01317103199158893
2019-04-08,45.110149672004596,45.330351671789465,44.732659243790295,44.91353988647461,1359800,-0.003670314095021294
2019-04-09,44.866345338167775,45.102276443358775,44.69333079437532,45.04722595214844,1296700,0.0029720992887472446
2019-04-10,45.11800563029569,45.45617464809512,44.827024033593894,44.95285415649414,1035600,-0.0020971499164875447
2019-04-11,44.92139561959994,45.220243284793895,44.8270237779696,45.14946365356445,1663900,0.0043641454270438055
2019-04-12,44.98431608788746,45.46404440788493,44.669739255094264,45.39326477050781,1184700,0.0053853403892500755
2019-04-15,45.44831848144531,45.68424962271745,45.31462226804052,45.44831848144531,1085400,0.001212081861782449
2019-04-16,45.353930782969925,45.57413571916326,44.756238527648314,44.8820686340332,1461100,-0.012537470120280428
2019-04-17,44.85847764122275,45.110137860806695,44.39447854885988,44.67759704589844,1292800,-0.0045661613818851745
2019-04-18,44.834881686048064,44.89779823990892,44.37088260141668,44.48884963989258,2316200,-0.004233603444738268
2019-04-22,44.64614803578685,44.77197817169778,44.30011591203854,44.36302947998047,1800800,-0.002832134677590812
2019-04-23,44.49672066810428,44.82702361260538,44.34729533604515,44.47312545776367,2309600,0.0024786312335545045
2019-04-24,44.677599470191346,45.22024128560907,44.49671886505211,44.88993835449219,1760400,0.009328595095649952
2019-04-25,44.614679249108754,45.41684730171362,44.614679249108754,44.9764404296875,1635200,0.0019251271294374662
2019-04-26,45.22024354266051,45.60559998155757,44.874211454691526,44.95285415649414,1370600,-0.0005245515122233738
2019-04-29,44.90566737840156,44.99217615163922,44.583227496350986,44.80343246459961,1258300,-0.003329501153735918
2019-04-30,44.91352999205156,45.49549314899893,44.732649389215126,45.471900939941406,2161700,0.014809819428214438
2019-05-01,45.25169277569834,45.36965680481635,44.98430344299421,45.165184020996094,1659900,-0.00676804841811623
2019-05-02,45.228106144662505,45.582004299164524,44.96071676126395,45.25170135498047,1560400,0.0019137434347534328
2019-05-03,45.22024645329174,45.40112707910168,45.118008534346316,45.29888916015625,1131200,0.001042241893263894
2019-05-06,45.440447832821896,45.5505488209899,45.23597499765659,45.353939056396484,1669000,0.0012145214681127362
2019-05-07,45.37753088119242,45.61346198108927,45.04722494131548,45.3067512512207,1565600,-0.0010409761778087492
2019-05-08,45.18092931479648,45.39326824317214,44.70120095809895,44.91353988647461,1660500,-0.008716749846943499
2019-05-09,45.72356602486265,45.99095542266996,44.55177351684449,44.77983856201172,2077400,-0.002981299752677527
2019-05-10,44.8427544073925,45.84153234789703,44.8427544073925,45.70783615112305,1920100,0.02051174656281395
2019-05-13,45.6606541230001,45.99882316783323,45.47977349437283,45.9201774597168,1631000,0.00463486395375012
2019-05-14,45.778618513444506,45.84939815124339,45.56627960004783,45.62919616699219,1322800,-0.006356838087721908
2019-05-15,45.68424600984656,46.03027812301178,45.58200809003732,45.77861785888672,1167900,0.0032693446742916793
2019-05-16,45.67638060798799,46.132513688425576,45.652785396911895,45.90444564819336,1480700,0.002744844325529678
2019-05-17,45.63705901645461,46.41563502846544,45.52695802486312,46.16397476196289,1201500,0.005637759397332113
2019-05-20,46.305535185609536,46.4706866770938,45.9909583446639,46.14824676513672,1398600,-0.00034075654811847704
2019-05-21,46.108920026396675,46.63583272342769,46.014545185115836,46.21115493774414,2021300,0.0013622475064989398
2019-05-22,46.33698675990466,46.4392246750308,46.17183528164256,46.39204025268555,1304700,0.003906680425608207
2019-05-23,46.44709645045998,46.75380723348433,46.44709645045998,46.745941162109375,1118600,0.007599533665649674
2019-05-24,46.769538504534154,47.06838322978299,46.67516364390334,46.72235107421875,852700,-0.0005047719997251016
2019-05-28,46.785260759019,46.785260759019,46.15610711423018,46.22688674926758,2318400,-0.010661066822039508
2019-05-29,45.91371980915624,46.54799611574784,45.82650624991215,45.95336151123047,2146000,-0.00593459110775912
2019-05-30,46.119858474623015,46.54799611574784,45.83443640500779,45.95336151123047,1583200,0.0
2019-05-31,46.11984611652072,46.270488778292325,45.92956478776431,46.09606170654297,2057000,0.0031005150198915067
2019-06-03,46.357705154799106,46.79376983642578,46.06434996625086,46.79376983642578,1660200,0.015022553914479805
2019-06-04,46.68277323146085,46.68277323146085,45.91371164520274,46.492488861083984,1565300,-0.006459301231837685
2019-06-05,46.73826658065622,47.800680211516536,46.571769666920005,47.539039611816406,1455300,0.022260490364541124
2019-06-06,47.53111350612934,48.09403338342448,47.36461658881114,47.97510528564453,1542600,0.009130976443965218
2019-06-07,48.30017560495809,48.65695690051992,47.9275400513423,47.951324462890625,1426000,-0.0004958137877833414
2019-06-10,47.80068618247278,47.95132583403195,47.40426318150578,47.443904876708984,1252400,-0.01063835949183995
2019-06-11,47.38047475940196,47.570759126674325,46.61141621015857,47.00783920288086,2271300,-0.009233683853126525
2019-06-12,47.293258839891976,47.87203598022461,47.28532868724153,47.87203598022461,893000,0.018217154591437447
2019-06-13,47.89581640367922,48.12574241993614,47.49146636169879,47.70553207397461,1380900,-0.0034841663808371096
2019-06-14,47.800683755392015,48.23674842942103,47.562830571782314,48.10196304321289,1189100,0.008275620424996863
2019-06-17,48.29224081558587,48.363597063379366,47.62625017766885,47.77688980102539,1607400,-0.006780942369406724
2019-06-18,48.347753258040676,48.55389493110395,47.578691597978334,47.86411666870117,1212500,0.0018240479702216412
2019-06-19,47.66589515160078,48.379457678729715,47.66589515160078,48.28431701660156,1309400,0.008740714894041044
2019-06-20,48.308100344190755,48.72038057013618,47.983033650104346,48.60938262939453,1245300,0.00670976200809893
2019-06-21,48.609400663324045,48.75211321849978,48.16540571116974,48.55390167236328,3288100,-0.0011420149794193841
2019-06-24,48.6490258306388,48.77588105606617,48.36360081731042,48.50631332397461,1075700,-0.0009805944114948462
2019-06-25,48.60146795404698,48.791752359105665,48.45082827570704,48.633182525634766,1420000,0.0026121048433944655
2019-06-26,48.43495956943679,48.60145649431233,47.26947504637345,47.29326248168945,1606400,-0.027938222839136616
2019-06-27,47.52318802352366,47.87996932745868,47.45183176273665,47.626258850097656,908400,0.007016422541067008
2019-06-28,47.539050758396904,48.086116495326245,47.475624644016406,47.689693450927734,2765200,0.0013310386910921534
2019-07-01,47.665894386064835,48.15746101884426,47.20604533944155,47.697608947753906,2049200,0.0001659654198261042
2019-07-02,47.99890323655311,48.35568458359743,47.705548004278995,48.086116790771484,1091300,0.008112233484497794
2019-07-03,48.17332694034326,49.06131673586071,48.08611641128097,48.6490364074707,1227800,0.011638498565345724
2019-07-05,48.35568271581153,48.815531859653774,48.006828512412895,48.783817291259766,1051400,0.0027666431730937807
2019-07-08,48.894811867716854,49.05338167423014,48.44288988505786,48.59353256225586,1029600,-0.003908197778867338
2019-07-09,48.6093923568702,48.76003201738384,48.36360899285227,48.72039031982422,1220300,0.002607187659692512
2019-07-10,48.83139164824465,49.25159911537923,48.744178092922105,48.910675048828125,846000,0.0038980414528725616
2019-07-11,48.807597511557994,49.196090331292766,48.47460064160378,48.79966735839844,1470600,-0.002272179903459162
2019-07-12,48.974103257688675,49.11681579559972,48.31603955238018,48.474609375,1877300,-0.006683353590823191
2019-07-15,48.15746266035084,48.498383624494345,47.74518241774101,48.34774398803711,1492700,-0.0026205820280090185
2019-07-16,48.18918344603985,48.744176303149736,48.10990004836748,48.41118240356445,1201800,0.0013112676418169937
2019-07-17,48.63317367338643,48.767956041399295,48.31603406417064,48.37946319580078,1035900,-0.0006554188930703532
2019-07-18,48.32397151880292,48.799677980030445,48.16540169023777,48.76796340942383,1436500,0.007998200225489253
2019-07-19,48.71245730940544,48.878957268541484,48.14953737344931,48.19710922241211,1989800,-0.01177456514576038
2019-07-22,48.23675157828369,48.39532138586393,47.80068687578867,48.03061294555664,1454700,-0.0034604673009284285
2019-07-23,47.96718068147208,48.30810468695067,47.657971240332735,48.10196304321289,1250600,0.0014844106698252636
2019-07-24,48.17332817761054,48.36361257424228,47.68969459242114,48.14954376220703,1139600,0.000988674867523611
2019-07-25,48.141610903522555,48.284323427898016,47.76104518001049,48.03061294555664,1289300,-0.0024730855373489547
2019-07-26,48.046469303206784,48.19711198799923,47.721402544477115,48.1416130065918,843100,0.0023083610517514127
2019-07-29,48.33189046824212,48.553889400443474,48.03853830095549,48.52217483520508,1970200,0.00787396818031561
2019-07-30,48.49838491562399,48.8868807587324,48.06232025156121,48.220890045166016,1261800,-0.00622857595929155
2019-07-31,48.276395639434654,48.434965454784255,47.61040483454047,47.959259033203125,1807400,-0.005440450234136263
2019-08-01,47.88790362508185,48.363610055181795,47.753118221057306,48.02268600463867,1986000,0.0013216439955055046
2019-08-02,48.181252765699895,48.63317475296045,48.03061311143555,48.228824615478516,1542000,0.004283339028765421
2019-08-05,48.308112390521096,48.68867814987792,47.71347782443833,47.89583206176758,1198100,-0.006928376074509785
2019-08-06,47.87203973454452,48.61731384537909,47.25361783139465,48.458744049072266,1271500,0.011684310475312813
2019-08-07,48.538032396409044,48.760028305417144,47.6104010169,48.37153244018555,1388900,-0.0018013298243206128
2019-08-08,48.46667596461495,49.35466262196652,48.13367907781597,49.1009521484375,1589400,0.01496695867994046
2019-08-09,49.259533684837955,49.83038087402854,49.05339198569758,49.49738693237305,1469000,0.00804145229859872
2019-08-12,49.5766650889612,50.23472879605737,49.56080780420936,50.00480270385742,1437300,0.010199175956142547
2019-08-13,50.01273244754748,50.68665040939055,49.655951104732054,50.5360107421875,1821800,0.010567111269032375
2019-08-14,50.734221883572665,51.043428345741624,50.36951038894198,50.55186462402344,1689900,0.00031366535123007955
2019-08-15,50.09993227588426,51.11477710363769,49.82243741544414,50.987918853759766,1583200,0.008588887929534168
2019-08-16,51.05928024676668,51.47155747808066,50.87692301724627,51.09891891479492,2498100,0.0021746212774241104
2019-08-19,50.95622052434706,51.83628025419826,50.68665573088299,51.59049987792969,1353700,0.009574203924572897
2019-08-20,51.828342302364696,51.88384127730699,51.24956209316533,51.45570373535156,1875800,-0.002616228735025581
2019-08-21,51.281268663361345,51.66976142739783,51.17027073077949,51.64597702026367,2100700,0.0036909873734642914
2019-08-22,51.63804985040227,51.780762350382716,51.26541736889101,51.61426544189453,2696500,-0.0006142069514836822
2019-08-23,51.6618456986793,51.89176570420192,50.91656856002023,51.13063430786133,1328400,-0.00941428152973604
2019-08-26,51.12270274146509,51.71733712514919,51.090988181796554,51.67769241333008,1296200,0.010642392231179961
2019-08-27,51.971057117622756,52.327835393916416,51.73320090080373,51.764915466308594,1818600,0.001686405156211756
2019-08-28,51.69356095331194,51.98691617460918,51.273353507220904,51.44778060913086,2843400,-0.006145287687931757
2019-08-29,51.50767886764003,51.763260230095135,51.22813770457044,51.7313117980957,1126800,0.005495917748912179
2019-08-30,51.89105255965036,52.162605084016775,51.80319589740471,51.91501235961914,1817800,0.0035447615797505163
2019-09-03,51.93897032663968,52.37825362236542,51.8111827001358,52.35429382324219,2027500,0.008425951579831259
2019-09-04,52.53800070118116,52.72170268889926,52.09872340683644,52.553977966308594,1523900,0.003806837741432425
2019-09-05,52.59390051532451,52.657797378514076,51.61949467907455,51.73929977416992,2205900,-0.015623150033585238
2019-09-06,51.867098707619284,52.066771854977176,50.90067835886155,51.08437728881836,2235300,-0.01273892085510985
2019-09-09,50.900677705311224,51.33995801450426,50.772887014513785,51.09236526489258,1599100,0.0001563560530674779
2019-09-10,50.99650941929446,51.355924661747096,50.59716321226234,51.33195877075195,2373100,0.004678457878691977
2019-09-11,51.21216857922437,51.962935433782974,50.83678210517478,51.946964263916016,1504700,0.011909743915665507
2019-09-12,52.33831944338968,52.44215337002773,51.77923712126285,51.81916809082031,1266700,-0.002463158928812032
2019-09-13,51.659444161750095,51.659444161750095,51.12432151435061,51.2840576171875,1356300,-0.01038018499842717
2019-09-16,51.63547670817772,51.63547670817772,50.97256040185693,51.22814178466797,1561600,-0.0010909109040911102
2019-09-17,51.49170741586501,51.79520837788371,51.3399538880855,51.65144348144531,1461800,0.008229117262765304
2019-09-18,52.06676898968464,52.2983905590983,51.63547428390132,52.034820556640625,2015000,0.0073949780301958545
2019-09-19,52.19455167318739,52.37825362236542,52.058775415795786,52.35429382324219,1591700,0.006120834838206597
2019-09-20,52.96929151014412,53.01721111487381,52.17059893243173,52.72169876098633,4651500,0.006993156590994263
2019-09-23,52.617858438717136,53.04915310955171,52.617858438717136,52.87343978881836,2830200,0.002874017390650082
2019-09-24,53.017213923558074,53.6721416282366,52.929357247872076,53.28877258300781,2614500,0.00782453386968509
2019-09-25,53.2328568345678,53.767979352052514,53.2328568345678,53.70408248901367,1470700,0.007763359368427102
2019-09-26,53.783950492380406,54.15933694560823,53.66415149117174,53.75999069213867,1645800,0.0010405004484577145
2019-09-27,53.75998427451645,53.75998427451645,52.72168779556686,53.16096496582031,2209900,-0.011205137293813314
2019-09-30,53.208890654122875,53.57628843223176,53.0411659789127,53.16096496582031,1631200,0.0
2019-10-01,53.00125192461361,53.14501686483938,52.68976223638148,52.937355041503906,1253900,-0.004215151670325863
2019-10-02,52.89741373848051,53.0252013862241,52.20254898071289,52.20254898071289,1733700,-0.013977909368902542
2019-10-03,52.33832939462089,52.561962365991576,52.042817008255966,52.22651290893555,1726200,0.00045895133422957027
2019-10-04,52.21851853716142,52.76961836571602,52.20254736676512,52.72169876098633,1336000,0.009436835921592278
2019-10-07,52.537995103968626,52.6897486388058,52.28241373102951,52.418190002441406,1953600,-0.00577344346045401
2019-10-08,52.36227370086896,52.625843664916474,51.89903672308989,51.922996520996094,1382600,-0.009491883614629113
2019-10-09,52.066766254913254,52.29838781216116,50.48535241677042,50.956581115722656,3186300,-0.0187878654778541
2019-10-10,50.72496525512681,50.82081055998851,50.117960224854976,50.69301986694336,2719400,-0.005185693536602102
2019-10-11,50.661065036388806,51.36391223602241,50.32561260526226,51.076385498046875,1759100,0.007534041161055214
2019-10-14,51.172231629706324,51.48372123790974,50.91665025647427,50.96457290649414,1750200,-0.002191524620150897
2019-10-15,51.004509282960804,51.30002773492438,50.90866702526014,51.02846908569336,1506600,0.0012529518937825603
2019-10-16,51.00450527763409,51.07638772695735,50.445419899205426,50.7808723449707,1500000,-0.004863939308086249
2019-10-17,50.79683908130988,51.11631728303683,49.55088079746861,50.44541549682617,2318000,-0.006627884580485331
2019-10-18,50.2537310569611,50.740933973510444,50.04607234580685,50.565223693847656,2134400,0.0023721907744444623
2019-10-21,50.55723915486744,50.916651421313134,50.405488663154976,50.64509582519531,1655900,0.0015783400014620043
2019-10-22,50.64509082092849,51.156256575348465,50.64509082092849,51.076385498046875,1540500,0.008479865839033608
2019-10-23,51.292034012119906,51.51566694014946,50.589183749608274,50.70100021362305,1744200,-0.007376628589982092
2019-10-24,50.74094275161864,51.204185948074844,50.7169829472401,51.004512786865234,1461200,0.00596847634474306
2019-10-25,51.10034437488726,51.21216388108982,50.55723324612628,50.71697235107422,1341600,-0.005653499873032684
2019-10-28,50.429445124964936,50.836780015545656,50.22977199536228,50.38951110839844,1834000,-0.006477574463381867
2019-10-29,50.39749996546875,50.81282046762274,50.08601035054584,50.75691223144531,1753400,0.007264769761914029
2019-10-30,50.9645677213513,51.020475950634555,50.36554836751357,50.86073684692383,1434700,0.0020434373860836632
2019-10-31,50.95657693808159,51.228132488888555,50.66904717290128,51.04443359375,1680300,0.0036052527070728176
2019-11-01,51.00450342089817,51.36391260766056,50.804830296354574,50.988529205322266,1364500,-0.0010958104614092784
2019-11-04,50.740927355682366,50.932614872860384,50.25372450267591,50.4134635925293,2090900,-0.01134241570829185
2019-11-05,50.19781919390649,50.517297392169674,49.918278055503635,49.942237854003906,2404300,-0.009391179474836694
2019-11-06,50.04607206394109,50.43743273058198,49.95022981677663,50.25373077392578,1884700,0.006217693739693432
2019-11-07,50.60516098470797,51.611515314423706,49.78250862457123,50.173866271972656,2216300,-0.0015904894897054381
2019-11-08,49.982186525351565,50.54925756457501,49.982186525351565,50.36555862426758,1733700,0.0038132818996688086
2019-11-11,50.269707192124756,50.45340611005954,49.95023200532219,50.01412582397461,1293900,-0.007002098843036967
2019-11-12,49.998156283108415,50.47737367828079,49.98218511202947,50.37354278564453,2146500,0.0071606105089526756
2019-11-13,50.549246544102125,51.491703891006864,50.41346724152944,51.03644943237305,2104900,0.013073979687739469
2019-11-14,51.13229528749369,51.683395106817045,50.94061077824496,51.6035270690918,1749100,0.011049951999587302
2019-11-15,51.563589938376886,51.77125171103297,51.39586523130336,51.7153434753418,1354300,0.0021644923007002573
2019-11-18,51.88305946212599,52.41818192716331,51.77124300953729,51.922996520996094,1911800,0.004007268420922384
2019-11-19,51.811185924864446,52.11468688854852,51.49170769841049,51.7313117980957,1383000,-0.003698542675492902
2019-11-20,51.41183732009541,51.94695982121115,51.41183732009541,51.89904022216797,1824800,0.003237054921933261
2019-11-21,51.89903681612524,51.93896778152727,51.475724709378134,51.699363708496094,1446100,-0.003854823112253696
2019-11-22,51.70735466134557,51.81118859407813,51.30800838108965,51.467750549316406,1535800,-0.0044900654626075075
2019-11-25,51.07638245928958,51.38786897853886,50.59716516430097,50.78885269165039,2842500,-0.013278513295577013
2019-11-26,50.889487265668784,51.13101246065733,50.69626833814174,51.122962951660156,3053700,0.006556873801572303
2019-11-27,51.17932250601967,51.46110140911312,50.696272080385285,50.95389938354492,2570600,-0.003312478828899609
2019-11-29,51.203478195051886,51.38059813180379,50.744579332703736,50.937801361083984,809000,-0.00031598299914974186
2019-12-02,50.80897627759806,50.994145682958944,50.172957621472015,50.22126388549805,1943900,-0.014166786886773971
2019-12-03,50.382286324107454,50.57550525564814,50.02804649768362,50.36618423461914,2006400,0.0028814817773300657
2019-12-04,50.14881705747052,51.08271686931114,50.05220450816429,50.92974853515625,1109900,0.011127201258851275
2019-12-05,50.83313832660946,51.21957930480194,50.519155223775556,51.14712142944336,1838000,0.004259010350585874
2019-12-06,51.00220229600916,51.396695829276666,50.768729665258675,50.77677917480469,2419100,-0.0072670665518908
2019-12-09,50.89754937492774,50.89754937492774,50.00390322211705,50.124664306640625,3673800,-0.012925958742971307
2019-12-10,50.23737239187286,50.535253380192735,49.947540913006115,50.446693420410156,3753600,0.0064040144553851605
2019-12-11,50.63991140565642,50.66406300325609,50.28567159467776,50.631858825683594,2343300,0.0036637962908635164
2019-12-12,50.61575423098356,50.80092363611884,49.8911786984315,50.02804183959961,4081300,-0.01199731421621827
2019-12-13,50.21321572559661,50.63186083719285,49.8911831505561,50.527198791503906,3460400,0.009928096214623237
2019-12-16,50.57551323216967,50.99415841141388,50.43865005667293,50.881446838378906,5768400,0.006986573691872142
2019-12-17,50.905598740477046,51.64627962231808,50.80898925890127,51.2034797668457,2303100,0.006309139015749303
2019-12-18,51.364493317919845,51.53356373547702,51.066612316482576,51.404747009277344,3635800,0.00392302853061704
2019-12-19,51.44499914535167,51.63821807495545,51.16321718887019,51.28398132324219,2473500,-0.0023520739553733747
2019-12-20,51.445003790831414,51.791191064721666,51.2517817726202,51.62212371826172,4664200,0.0065718863211151205
2019-12-23,51.64626863982152,51.871691739282475,51.24372563583588,51.36448669433594,3082400,-0.0050033215065634525
2019-12-24,51.46914959138486,51.74287589033498,51.21957181914515,51.7026252746582,609800,0.006561545910100587
2019-12-26,51.73483654614591,51.815343930857026,51.46110406734443,51.56576919555664,982500,-0.0026504945665682747
2019-12-27,51.60601500224849,51.79118749789644,51.44500024784788,51.58186340332031,1136500,0.0003120616050757249
2019-12-30,51.533565795535324,51.76704151436576,51.420851155604836,51.71068572998047,1004100,0.0024943211205754974
2019-12-31,51.791192247007764,52.451362628296756,51.63017133552282,52.403053283691406,1603900,0.013300411010989473
2020-01-02,52.451360824721725,52.5479672259711,50.970002272756155,51.07466125488281,2008000,-0.025676350028209987
2020-01-03,50.97804722043513,51.348386057494864,50.9619451312813,51.122962951660156,956600,0.000945260728884626
2020-01-06,51.2195754411901,51.25982913087291,50.736525022677085,50.978050231933594,921300,-0.00283861663099807
2020-01-07,50.760683710902526,51.19543099097179,50.664074227940496,51.01026153564453,1910500,0.0006316665944108969
2020-01-08,51.10686492919922,51.37254481463903,50.86533971499195,51.10686492919922,2016500,0.001892012157346029
2020-01-09,51.04246123665053,51.60601906372473,51.04246123665053,51.58992004394531,2000100,0.009407474195450355
2020-01-10,51.77508292226105,52.25813947556102,51.71068070516438,51.93610382080078,3331400,0.00668788492531081
2020-01-13,52.06491377559056,52.63652413836259,52.02466315817569,52.51576614379883,2297600,0.011099241670867227
2020-01-14,52.523821273542204,52.870008580656815,52.27424652038522,52.78950119018555,3106000,0.005198897830497286
2020-01-15,53.006857760819855,53.642876419529536,52.76533565318638,53.61872482299805,1690200,0.015586020937365682
2020-01-16,53.68313962955811,54.17424262580505,53.57848065123243,54.06153106689453,3348100,0.008224511286323117
2020-01-17,54.093736040753775,54.38356752286825,53.8602603389216,54.20644760131836,3215700,0.0026769987349839586
2020-01-21,56.533137317288414,56.84712035154324,55.13228946120394,55.28525161743164,7841000,0.019706314458097552
2020-01-22,55.40601636587581,56.0500876006186,55.27720580431836,55.63949203491211,4733500,0.006387062256314258
2020-01-23,55.671703555668394,56.67000857313979,55.52678781584841,56.51704025268555,4790300,0.015648952554890624
2020-01-24,56.50094141704478,57.54755577939796,56.420434037399,57.4589958190918,2508700,0.016529387151592204
2020-01-27,57.38653925534675,57.950103240495686,57.35433507256797,57.764930725097656,3523600,0.005310279455047979
2020-01-28,57.829328005159155,58.288226772729274,57.77297223167927,58.111106872558594,2871600,0.005974957109589921
2020-01-29,58.11111474705865,58.31238627137759,57.86958646094813,58.11916732788086,2121700,0.00013869803526905044
2020-01-30,58.15137004944324,58.4653531281153,57.89374275047336,58.3365364074707,1330900,0.003733081765061418
2020-01-31,58.2962765226755,58.43313965986617,57.66025788580795,58.09500503540039,3812500,-0.004148905280167616
2020-02-03,58.167483795105966,58.17553637776482,57.748841631658564,57.8132438659668,1386900,-0.004861806249457946
2020-02-04,57.64416032901581,57.68441708870707,57.08060254725302,57.161109924316406,3478400,-0.011344111337318791
2020-02-05,57.056442341164164,57.33822118953805,56.94373080181462,57.17720031738281,2634000,0.00028145235203521924
2020-02-06,57.18525981800517,57.71661954695339,57.11280502350439,57.41873550415039,2574400,0.004215429503780623
2020-02-07,57.611962784869235,57.781030138869475,57.04035235687226,57.05645751953125,1259600,-0.006329392150217892
2020-02-10,57.24161725288468,57.2577224136752,56.8551793863802,56.992042541503906,1229000,-0.0011296068750118473
2020-02-11,57.000093376396755,57.24161549998619,56.74246609250999,57.032291412353516,1883700,0.0007059698772288915
2020-02-12,56.67807491521657,57.13697384568068,56.589514933695355,56.95180130004883,1989100,-0.0014123045377322661
2020-02-13,57.07256014337145,57.708578977522215,56.9115453605344,57.603919982910156,2091500,0.011385301751640825
2020-02-14,57.821294677985804,58.35265455542292,57.58781892659562,58.23993682861328,1737400,0.010980698569258155
2020-02-18,58.45730256574862,61.64544280394197,58.29628780170311,59.479759216308594,5842500,0.02106475422400327
2020-02-19,59.37508574165226,59.62466040770252,59.22211745352183,59.503902435302734,3869900,0.0004058241104762753
2020-02-20,59.3912048119389,59.68908890985418,58.69883634788733,59.222137451171875,3241900,-0.004746482126289016
2020-02-21,59.31875865623398,59.600537631945805,58.682739744015294,58.69884490966797,2294400,-0.008875366641206911
2020-02-24,58.65051580106809,58.964498860012256,57.9420423089949,57.9581413269043,2080800,-0.01269900004686429
2020-02-25,58.03061592122658,58.07086654663282,56.38018672156129,56.43654251098633,1714800,-0.02660418317646255
2020-02-26,56.452638150528756,57.040347549330846,56.00983834952498,56.01789093017578,1411500,-0.0074457449499726784
2020-02-27,55.80856477223517,56.11449526017532,53.89246218337385,53.940765380859375,2254100,-0.03778461351136345
2020-02-28,53.022976655802275,53.022976655802275,50.86534543348274,52.61238098144531,3361800,-0.02493503517507369
2020-03-02,53.77975528169499,56.235264262703495,53.014919782178524,55.864925384521484,4823800,0.059985258437752056
2020-03-03,56.07425868391195,57.24968387482994,55.21281663990874,55.4301872253418,2605500,-0.00781238924356575
2020-03-04,56.00985396898378,58.90011699669331,56.00985396898378,58.83570861816406,2513800,0.05962461888779972
2020-03-05,57.92594036618903,58.570011680079816,57.21746683476458,57.65221405029297,2113500,-0.02032030899048877
2020-03-06,55.98602281801064,56.81304023740461,54.794139860046116,56.62655258178711,3645900,-0.017950648922830534
2020-03-09,53.707652462577784,54.91575481425309,51.526590928348504,52.3211784362793,2728500,-0.07907677156573885
2020-03-10,53.04278823265076,54.242780694324445,51.68064056266887,54.129268646240234,3471600,0.033973819131615554
2020-03-11,52.71036857440881,52.98603895889225,49.65363719270553,50.553627014160156,2456300,-0.06834035574163656
2020-03-12,47.196901999537936,47.74824898919282,44.48881640669377,45.37259292602539,3767600,-0.10812645119881546
2020-03-13,47.69148297644823,48.44553081651113,44.03475891505492,47.910400390625,2256300,0.054424365285458486
2020-03-16,42.35639467528102,46.377981047043214,39.5915536580731,40.21586990356445,3975600,-0.1750709165582627
2020-03-17,40.95370247544131,46.888789701930634,38.95912567989227,46.66987228393555,3641400,0.14883713193779893
2020-03-18,43.60502576865555,48.23471764684227,43.248273223261215,46.79148483276367,4298100,0.0026024149705422303
2020-03-19,45.721238534061776,46.215829484827545,41.91856876535901,44.67530059814453,2191900,-0.04628044877444833
2020-03-20,44.423944924996846,45.16988300321181,37.945620621588226,38.253726959228516,2929200,-0.15517979720827427
2020-03-23,37.94562662738093,38.64291856310126,34.061874720362106,36.42131423950195,2918100,-0.04908683306652853
2020-03-24,38.075349265758604,41.67532045385988,37.572651728787925,41.11586380004883,2046900,0.1212398682654008
2020-03-25,40.75100184123318,44.14827209405298,40.07803622598544,42.08072280883789,1951100,0.023195717730708845
2020-03-26,42.25910371249009,48.34824349875042,42.08883561440636,47.1563606262207,2224800,0.11387915661766945
2020-03-27,45.29961578872916,48.55094135801525,45.19421350224257,46.63744354248047,1859700,-0.011065173929757043
2020-03-30,47.63473436709843,48.32391652075285,46.52393376788925,47.9266242980957,1835500,0.027267452872110052
2020-03-31,47.23743800082326,47.61041017823074,44.39151742284177,44.63475799560547,2203500,-0.07115829809411961
2020-04-01,42.69693795183971,43.905037256776566,41.14019577704586,41.9591064453125,1479600,-0.06181739485553098
2020-04-02,41.31857452673592,43.96179751816253,41.0591174726412,43.36180114746094,2438300,0.03288340773895377
2020-04-03,42.93206714102415,44.88610441709861,41.09154191612035,41.99964141845703,3340100,-0.03191781505622895
2020-04-06,43.55639556046416,47.302309491838805,43.475313297810644,46.92934036254883,1544300,0.11098199334288827
2020-04-07,48.07257308522434,48.51851469615602,46.19150792811575,46.280696868896484,2088300,-0.013918114053451943
2020-04-08,46.45906813771908,49.783366361754936,45.18610611731368,49.34553146362305,1697600,0.06412225404962935
2020-04-09,49.750934476671105,52.459016896909624,49.604989507644,51.1617317199707,3215300,0.036144611307858614
2020-04-13,50.334710766390785,50.334710766390785,48.477968976151686,49.25634002685547,1735900,-0.037953734395397634
2020-04-14,50.415786039075215,50.869837330147305,49.264442908952596,50.70767593383789,1600700,0.029039207384292897
2020-04-15,49.986069694911556,50.11579821601402,48.623918676849726,48.721214294433594,1370200,-0.0399627511943352
2020-04-16,48.956338181469896,49.11849957288773,47.772562189199604,48.61579895019531,1615500,-0.002165987673905277
2020-04-17,49.58876645227629,49.8644399022842,48.680666949356116,49.44282150268555,1345700,0.01686832139140909
2020-04-20,50.034716947822965,50.14012233985929,47.86987162913297,47.93473434448242,1342700,-0.030976496231256496
2020-04-21,47.11582035379326,47.626627733525545,46.01312643251736,47.22122573852539,1677100,-0.014996895161019581
2020-04-22,48.01581109021102,48.96445023066972,47.4320312542539,48.28337478637695,1183400,0.022243804726352307
2020-04-23,48.461752851897955,48.91580418101464,46.70230665792097,46.856361389160156,1706500,-0.03000051256480755
2020-04-24,46.977981746796914,47.4968988949548,45.74555931924394,47.44013977050781,1456700,0.01238191942433216
2020-04-27,47.76446430879854,48.623917676528606,47.53744017478269,48.04824447631836,863700,0.012736898452767693
2020-04-28,49.4103964828582,50.091471991889115,48.27527269645462,48.721214294433594,1661300,0.01390894763612764
2020-04-29,49.637410804552616,50.10767541137564,48.12931520586261,48.315799713134766,2181600,-0.00835592365096814
2020-04-30,47.837432658482946,48.04013364432398,46.27258080035247,47.375274658203125,2315100,-0.019658162461238086
2020-05-01,46.767169340857684,47.00230321488185,45.169884663276775,45.340152740478516,1208900,-0.043907447066854254
2020-05-04,45.31583241896243,45.996907862910746,44.69962277585282,45.915828704833984,2213700,0.012616895722336175
2020-05-05,45.94825758451829,47.21311283858917,45.94825758451829,46.450958251953125,2731400,0.0115871852225726
2020-05-06,46.65366308500819,46.65366308500819,44.29422355948754,44.5374641418457,2881900,-0.04206636898958558
2020-05-07,43.97800209216577,46.83202891633247,43.783407807668794,45.29961013793945,3357900,0.016967700416568084
2020-05-08,46.14284903319987,46.629330127660445,45.291505571408194,46.62122344970703,3917800,0.028757450060275386
2020-05-11,46.2320332251693,46.2320332251693,44.8536661412678,45.210418701171875,2297300,-0.03072831377078586
2020-05-12,45.34015809076032,47.60230198785412,44.46449138112608,45.48610305786133,4110000,0.006079289489794407
2020-05-13,45.275286594185076,45.940145496206235,44.788805526891466,45.82663345336914,2552200,0.007458586549340711
2020-05-14,45.25907936733975,46.07799314546139,44.3996260075126,45.95637130737305,2366400,0.002827058032155024
2020-05-15,45.396919572018426,46.09420844849879,44.39962788075024,45.84286117553711,6097900,-0.002473009558272199
2020-05-18,47.13203873603253,48.096894410198985,47.042849798602404,47.7725715637207,1543600,0.0412321711151026
2020-05-19,47.523140643688066,48.00565070971338,46.917957310819915,47.220550537109375,2451400,-0.011622467572098517
2020-05-20,47.874792851281086,48.807099543738445,47.760299484798296,48.340946197509766,3365700,0.0234497583131762
2020-05-21,48.479980051135605,48.65172324567146,47.67034648712521,47.964759826660156,4285100,-0.007812377889141148
2020-05-22,48.40637569460741,49.076982456189825,48.103785599676485,49.06880569458008,2638300,0.022756940000349987
2020-05-26,49.91932645241442,50.21373975060682,48.57811308928035,48.97883987426758,7803300,-0.0018351454548273223
2020-05-27,49.78847473542368,50.1728448662398,49.003371593953986,49.82936477661133,1878000,0.01721609886120906
2020-05-28,50.565400561253085,51.26054065582769,50.213740573726554,50.957950592041016,6062700,0.022396330041737834
2020-05-29,50.58175868305174,51.09698201019221,49.97657850043903,50.45090866088867,2953300,-0.010000036688334693
2020-06-01,50.45908892824737,51.571315685000016,50.19738888191858,51.489532470703125,1969100,0.020377776259811294
2020-06-02,51.63673843698389,51.873905075665014,51.211475087534815,51.55495834350586,2559500,0.0012698569535851444
2020-06-03,51.67762781304042,52.35641131528837,51.56313443577285,51.857547760009766,2522700,0.005852102254790038
2020-06-04,52.23373679144263,52.25827331287614,50.459083353363155,51.039730072021484,1761600,-0.015896142758343095
2020-06-05,51.56313969817531,52.60176320036122,51.227836293509846,51.571319580078125,2359600,0.010361345404669816
2020-06-08,51.53042060727366,53.48499724040107,51.162407075570634,53.23965072631836,2010900,0.03183773727357997
2020-06-09,52.33188276853146,52.552692769039595,51.129696027890674,51.988399505615234,3414200,-0.0237828258797551
2020-06-10,51.95568145481905,52.51997466649204,51.407748004324816,51.8739013671875,1496000,-0.002204807400731801
2020-06-11,50.70442943614394,51.02337615441117,49.33868259234108,49.845726013183594,1742500,-0.03988304407768455
2020-06-12,50.50814739442099,50.85980735853553,48.929770615582626,49.13422393798828,2533100,-0.014376938580221323
2020-06-15,48.054713787378184,49.21601043221568,47.17965370303307,48.53722381591797,2218000,-0.012224812280817168
2020-06-16,49.624920174649255,49.90297687119979,48.43091329169549,49.044273376464844,3402900,0.01039242353679587
2020-06-17,49.24872164582733,49.31414509252182,48.2182750629231,48.970664978027344,1461200,-0.0015019835447812834
2020-06-18,48.71713505519993,49.65762154062787,48.19373507432906,49.526771545410156,2380400,0.011291917758965193
2020-06-19,50.29552386560798,50.54904714152229,48.520870293339456,48.53722381591797,5340700,-0.020182357750979645
2020-06-22,48.53721885378855,49.485882171593914,47.91568210889961,49.00337219238281,2068200,0.009558111071315071
2020-06-23,49.444994052433216,49.50224073696293,48.02200058025127,48.77438735961914,2067000,-0.004683790105909986
2020-06-24,48.32459671345151,48.71714679369036,47.41682328802574,48.28370666503906,3234000,-0.010111158269081393
2020-06-25,48.332771134793944,48.62718446064415,47.38410770689359,48.23463439941406,3071200,-0.0010168485971085274
2020-06-26,48.13650003949944,48.69261343361308,47.106053348172686,47.52313995361328,4142800,-0.014860569686870271
2020-06-29,48.0956070901383,48.53722395435984,47.52313708723123,48.398197174072266,1278700,0.018245815222901262
2020-06-30,48.479975484267754,48.87252552676546,47.96475530832662,48.488155364990234,2109200,0.0018569842792381913
2020-07-01,48.455444244049346,50.14014098136863,48.414554197743314,49.89479446411133,1507600,0.028597129120842526
2020-07-02,50.45908250835039,50.72895928191719,50.07470924933531,50.2628059387207,1273900,0.007348681064140179
2020-07-06,50.810742485808824,51.162402463267256,49.870255919171576,50.2628059387207,1498100,0.0
2020-07-07,49.72305072505564,50.0092872674764,49.28961065074833,49.75576400756836,1522100,-0.010139042681459664
2020-07-08,49.624917687609305,50.33641447676484,49.40410769379333,50.1973876953125,1170200,0.008836671059656319
2020-07-09,49.97657289677583,50.03381958007143,48.69260622335696,49.780296325683594,1705000,-0.008343737774375642
2020-07-10,49.690346375944934,50.794396461409285,49.633099681110956,50.688079833984375,1314800,0.01807152157099844
2020-07-13,50.73715165283249,51.27690845255577,49.90298148603996,50.37731170654297,1901700,-0.006149862028180346
2020-07-14,50.35276897053132,51.31778899726793,50.22191895604384,51.00701904296875,2700200,0.012422342377802697
2020-07-15,51.52224869396614,51.718525299758774,49.960225088508935,50.0747184753418,2684500,-0.018446992071921815
2020-07-16,49.911150052585526,50.630826707274146,49.8866166492621,50.221920013427734,1871100,0.0029353255701541083
2020-07-17,50.638996317264365,51.82482618589875,50.598106277596294,51.70215606689453,1197100,0.0290478990202193
2020-07-20,51.41592263540844,51.51406248015351,51.05608589714055,51.24418258666992,1752100,-0.008897382994666355
2020-07-21,51.47317543682251,52.1683187143675,51.03973532332888,51.514068603515625,1895800,0.005252846059293861
2020-07-22,51.48135707616648,52.60176062424474,50.867996991350466,52.42184066772461,1418800,0.0174683639922009
2020-07-23,52.24192445275621,53.41139482492521,52.24192445275621,52.64265441894531,1948600,0.004203400514331664
2020-07-24,52.74896188542045,53.04337519509739,51.89025847866964,52.389122009277344,1815500,-0.00482773710421484
2020-07-27,52.47908719711284,52.48726707858976,51.56313701347237,52.32370376586914,1361100,-0.0012494792578624674
2020-07-28,52.24192308739635,53.509533287366395,52.16013987209174,52.94524002075195,2405700,0.011808676994584445
2020-07-29,53.002478842137336,53.3786722175517,52.30733877366686,52.60993194580078,1228900,-0.006353250088310149
2020-07-30,52.17648971736536,52.72442626953125,51.7430496517088,52.72442626953125,1595300,0.002173922559769442
2020-07-31,52.609930330969654,53.07608365569877,52.09470708584954,53.018836975097656,2000500,0.005568420290285771
2020-08-03,52.84709987261959,52.871633274324566,51.105156598229584,51.26054000854492,1990000,-0.03372600945480851
2020-08-04,51.07244980343107,53.47682018694367,44.21917232264039,45.30686569213867,10402100,-0.12346267403926743
2020-08-05,45.797557795551036,45.8220912032054,43.61399716240303,43.777557373046875,5810200,-0.03433728421450573
2020-08-06,43.44223969083622,44.97972949999108,43.44223969083622,44.77527618408203,4525200,0.022534818869915953
2020-08-07,44.52994506048352,45.11876865063769,44.489055010011974,45.110591888427734,3222900,0.007460956143711128
2020-08-10,45.29051209586276,45.33140214655253,44.11285866984773,44.21099853515625,5464100,-0.02014347857061539
2020-08-11,44.34183814195565,44.579001628070316,43.5158449615892,43.66305160522461,3127600,-0.012471350326877684
2020-08-12,43.875701673470694,44.11286525073647,43.36047822272655,43.376834869384766,2374100,-0.006576703602840486
2020-08-13,43.20508137683078,43.46678140288141,42.665321563427185,43.0660514831543,3066700,-0.007190521705014905
2020-08-14,43.10693704129731,43.88386027765682,42.9433737621095,43.81025695800781,1422800,0.01713294895919738
2020-08-17,43.86750505301555,44.031068337480214,43.1805417540321,43.524024963378906,1350400,-0.006554883447746955
2020-08-18,43.54855358429791,43.60580025962067,42.85341360125878,42.9679069519043,1383600,-0.012859596562876026
2020-08-19,43.04636844656741,43.04636844656741,42.468342547143436,42.534400939941406,2514600,-0.010140304683650568
2020-08-20,42.52613987934799,42.707805950906206,41.716904974205484,41.93159866333008,1096000,-0.014273494983002727
2020-08-21,41.97288868920044,42.49310910312258,41.13062301667607,41.62607192993164,3652500,-0.007312987373948679
2020-08-24,41.87379255132221,41.95636946262647,41.32879753666244,41.89856719970703,2826300,0.006524930592897127
2020-08-25,42.00591546625734,42.43530598581453,41.733419514415395,42.28667068481445,1102200,0.009220291926905998
2020-08-26,42.105011168518274,42.105011168518274,41.52698530126313,41.7169075012207,1589600,-0.013565420264677759
2020-08-27,41.948114035827246,43.79779606850372,41.948114035827246,43.69870376586914,4047900,0.04641193725877356
2020-08-28,43.475756892991775,43.84734202798459,42.79038259514043,43.748252868652344,2246500,0.0011332380220614798
2020-08-31,43.715214194980376,43.98771327135952,43.46748976644562,43.94642639160156,1743800,0.004519632478571275
2020-09-01,43.773020121552804,43.89688392118424,43.013331390442694,43.4840087890625,1589600,-0.010578053590499606
2020-09-02,43.36014471397359,44.251956505684966,43.20325329875944,43.98771667480469,2044400,0.011517171998842564
2020-09-03,44.111580204548545,44.30976166564543,42.88121400228079,43.302345275878906,2831100,-0.01570363150545693
2020-09-04,43.35189244509744,43.52529925888082,42.245386873832594,42.831668853759766,1890900,-0.010929041490056938
2020-09-08,42.74083929099078,43.17848914470586,41.94811966348889,43.02985382080078,1424000,0.004616394231759307
2020-09-09,43.261056532674296,44.169383727884096,43.11242123073065,43.51704025268555,1423800,0.011258441636709263
2020-09-10,43.28583485303177,43.60788015797538,42.72432747387029,42.98856735229492,1193000,-0.012218386520915411
2020-09-11,42.93076299979811,43.26932052453258,42.59220547506364,42.88947296142578,1104700,-0.0023077945069037297
2020-09-14,43.07939451138464,43.78128420317656,43.021592238529585,43.59136199951172,1198700,0.01623260114204867
2020-09-15,43.814310875910806,44.41710820073174,43.161967400424345,43.24454116821289,782600,-0.00798800180137326
2020-09-16,43.2032562280756,43.946432771558115,43.062880186521944,43.4592399597168,907200,0.0049524767556294366
2020-09-17,43.417942418826065,43.417942418826065,42.63347918210581,43.104156494140625,1088000,-0.008204055564820806
2020-09-18,42.872951760958806,42.99681555930006,41.890310090739774,42.063716888427734,2589700,-0.02443389336980498
2020-09-21,41.60129475626053,42.12977436499642,40.841602956212476,41.2957649230957,1749700,-0.01842558699515172
2020-09-22,41.5022148646304,41.82426017551764,41.221459594874176,41.67562484741211,1073800,0.009156471389684742
2020-09-23,41.5682683799903,41.741675179284144,40.54433666751699,40.56085205078125,2349800,-0.027113055632238304
2020-09-24,40.544347232687414,41.11411707882136,40.13973126223239,40.610408782958984,1164700,0.001221041482561883
2020-09-25,40.39570122895973,41.543496736967136,40.28009669649544,41.526981353759766,1255300,0.022318961367325765
2020-09-28,41.64258547096404,41.74167461923285,41.06455966441939,41.568267822265625,1357200,0.0009937143774808167
2020-09-29,41.7168998256242,42.121515653265234,41.279253234505994,41.411373138427734,3308700,-0.0037815268657914562
2020-09-30,41.791223319400714,42.09675004937221,41.11410832325448,41.964630126953125,2288400,0.013271567056940742
2020-10-01,42.00591701208645,42.46833831554696,41.53523959159424,41.964630126953125,1712000,0.0
2020-10-02,41.72515832606863,43.31060041372362,41.44440312044156,42.9224967956543,1636800,0.02256896566504748
2020-10-05,42.864695123035695,43.45923630786275,42.542653031250104,43.37665939331055,1744900,0.010525405126532987
2020-10-06,43.34363798764009,44.43362821600252,43.17022801722833,43.2775764465332,1712100,-0.0022868585476150173
2020-10-07,43.566573162098834,43.84732831740746,43.0133221163361,43.31059265136719,1614900,0.000762603177270984
2020-10-08,43.442725669790065,44.07855380634512,43.442725669790065,44.06203842163086,749400,0.017201365908965257
2020-10-09,44.111578458777124,44.21067076039759,43.252800561311076,43.70696258544922,1121200,-0.008091188671649225
2020-10-12,43.79779549829609,44.38407743964137,43.467494127122436,44.12809371948242,1185500,0.009589209110003072
2020-10-13,43.731734533414,43.806052185396254,43.013332664243784,43.69870376586914,1236400,-0.009778185865159078
2020-10-14,43.76476807033488,44.52445687201459,43.6409042591974,44.136356353759766,1607700,0.009965410377284307
2020-10-15,44.235449376891616,45.25938127510998,43.78128727969318,44.93733596801758,1908000,0.0179851353190395
2020-10-16,44.88777876922467,45.50709138325925,44.54922133288523,45.350196838378906,1698100,0.009145531729363113
2020-10-19,45.176793415648554,45.46580788030862,44.95384048004922,45.085960388183594,1716700,-0.0058436185310058305
2020-10-20,45.35019772829614,45.94473885743195,45.185050214635666,45.84564971923828,1718300,0.016709415038433848
2020-10-21,45.63096427913601,46.53929158048663,45.606192775913215,46.151187896728516,2603700,0.006642387038566148
2020-10-22,46.03558061335584,46.82830016926595,45.73830999239267,46.72095489501953,1779200,0.012270076463709981
2020-10-23,46.9686808295666,47.17511841724052,46.11815582635848,46.54754638671875,718500,-0.0037184838553078947
2020-10-26,46.15118891644675,46.3823980182686,45.75482910618596,45.98603820800781,1432800,-0.012136459932240265
2020-10-27,46.0273243912102,47.23291910682452,45.705279119242334,46.56406021118164,2051100,0.012491170268350284
2020-10-28,45.97777786044901,46.47322679020025,45.51535654935704,45.72179412841797,2228300,-0.018253923658938045
2020-10-29,45.44929054253654,46.242009957235126,44.72262950406935,45.688758850097656,1384500,-0.0007227891896962947
2020-10-30,45.4823279299677,45.67225012052647,44.92907359226397,45.581417083740234,1453600,-0.002352177252871335
2020-11-02,46.25027348559737,46.5392879841429,45.55664309907051,46.49800109863281,1339500,0.019909211175116605
2020-11-03,47.034735074206836,47.37329256215368,46.613603818463126,47.05125045776367,1109900,0.011828118345764213
2020-11-04,46.93564605369563,47.76965245072324,45.81262516859866,46.052093505859375,1566900,-0.02146421963877676
2020-11-05,46.753989281074595,47.76966194971288,45.11900377912117,45.57316589355469,2621100,-0.010454147191224129
2020-11-06,45.66399639087918,46.28330918953483,44.788702984771376,45.449302673339844,1329200,-0.0027215982739334397
2020-11-09,46.94390354268835,51.6341655234339,46.902616657468,47.88526153564453,3588000,0.05221028691836688
2020-11-10,47.86874251925278,49.39637920639996,47.538441162578536,48.380706787109375,5778300,0.010293349448069436
2020-11-11,48.372453229942536,48.455026998486254,46.820041811419216,47.31549072265625,2789400,-0.022263372847862423
2020-11-12,46.96867724505924,46.96867724505924,45.44103732286453,46.010807037353516,2614700,-0.027961436812874024
2020-11-13,45.862175852135955,47.25769282963617,45.862175852135955,47.15860366821289,1826000,0.024640162347709296
2020-11-16,47.85223348221213,47.910035754797335,46.77875865564573,47.58799362182617,1640500,0.009064027746832596
2020-11-17,47.175125100732224,47.472395773096224,46.6631575427773,46.712703704833984,1469600,-0.018564338962502844
2020-11-18,47.01822072328437,47.03473610720393,45.41626628293627,45.424522399902344,1663500,-0.027964055432040523
2020-11-19,45.41201583310522,45.545433308796014,44.419723556462685,44.76994323730469,3115800,-0.01451509581209097
2020-11-20,44.7365916978079,45.795591132338075,44.436401579295215,45.45370864868164,2572100,0.015157411346756992
2020-11-23,45.553767776783,46.12912996958635,45.07846788252738,45.8372802734375,4098800,0.008403324062289738
2020-11-24,46.529380798339844,46.84624844428716,46.129128436527814,46.529380798339844,3014400,0.014986218401165216
2020-11-25,46.471014826152185,46.95465512601816,45.98737770720949,46.84625244140625,2121100,0.006787056717894935
2020-11-27,46.98800492485504,46.996345305319686,45.945680031393984,46.50436782836914,1145100,-0.0073247749318250755
2020-11-30,46.28757021890816,46.596100729293006,45.86230299078187,46.204185485839844,4262600,-0.006475851059062207
2020-12-01,46.796225187410435,47.321557910378104,46.262555263536335,46.32926559448242,1640900,0.0027034587678993003
2020-12-02,45.97070279157463,46.796222412069696,45.77057499152898,46.779544830322266,1322100,0.009672183419041367
2020-12-03,46.504374616709384,46.73785440903079,46.070767016024206,46.279232025146484,1644300,-0.010752723012925233
2020-12-04,46.24586690380908,46.37928435368643,45.62047201108599,45.79558181762695,834400,-0.010505688486962044
2020-12-07,45.77056917305313,46.16248434198769,45.58711897807559,45.96235656738281,750700,0.003635106375272143
2020-12-08,46.3542828300126,46.56274785386031,45.93735278231719,46.245880126953125,2659500,0.006149655676430874
2020-12-09,46.104122180905435,46.395971921307186,45.99571948550324,46.279232025146484,1479400,0.0007209264352588114
2020-12-10,46.22085400174592,46.345934257735756,45.912326732806854,45.9456787109375,2315500,-0.0072335069980257885
2020-12-11,45.86230423901912,46.154153993625194,45.57879168557732,45.970706939697266,1176400,0.00054458689168782
2020-12-14,46.521054801227244,46.946322044016924,45.37032699584961,45.37032699584961,1194600,-0.013146087019299892
2020-12-15,45.57045537069506,46.11246252277959,45.203554893855994,45.578792572021484,1708000,0.0045842322001750715
2020-12-16,45.74555303378408,46.17082016840449,44.61150310023237,44.753257751464844,1776600,-0.018278292177803468
2020-12-17,45.020101918006986,45.44536911007293,44.66987907078497,45.06179428100586,1742300,0.006870513042893475
2020-12-18,45.02844141118205,45.236906417715296,44.31966166133842,44.48643112182617,2240200,-0.012850529965045942
2020-12-21,44.13621538880503,44.48643510428955,43.26066291916989,44.01113510131836,5221400,-0.010741551678579157
2020-12-22,44.027809947908075,44.19458259388104,43.619220305244156,43.902732849121094,3137900,-0.0024661025538584716
2020-12-23,44.177907757659305,44.64487055922917,43.986120316190565,44.01113510131836,4648400,0.0024661025538585744
2020-12-24,44.12786458592259,44.703229955383215,43.38572978042657,44.55313491821289,1141400,0.012239847589753874
2020-12-28,44.92003639954728,45.0784718321294,44.49476920776681,44.88668441772461,3255400,0.007458669937294865
2020-12-29,44.995079040527344,45.320283889688255,44.74492170893611,44.995079040527344,2917400,0.0024119392228311295
2020-12-30,44.93671600747095,45.403678764204734,44.719913801690986,45.08681106567383,4072500,0.002036637036505278
2020-12-31,45.10348746709404,46.32926268335505,44.99508477658002,46.287567138671875,4683500,0.026283630537360176
2021-01-04,46.16249196970359,46.39597176121938,44.644866963003786,44.819976806640625,1564900,-0.03221944581483176
2021-01-05,44.853336515669525,45.10349391491278,44.38637370440457,44.72825622558594,1294900,-0.002048518659136049
2021-01-06,45.170196760725716,45.80393217133134,44.76160712315963,45.628822326660156,2703400,0.019934153180631877
2021-01-07,45.60380264484062,45.75389770059801,44.28630548765447,44.38636779785156,2520600,-0.027607194701831345
2021-01-08,44.11119154284715,44.37802646581286,43.60253647690527,44.194576263427734,1889400,-0.004330318132346357
2021-01-11,43.97777205380273,44.34466926073427,43.46911701131201,43.72761154174805,1872000,-0.010622326948710603
2021-01-12,43.727610474973794,44.25294308418041,43.51080830819493,44.102848052978516,1655800,0.00854461643432854
2021-01-13,44.2446024069632,45.420344605002995,44.18623247507577,45.24523162841797,1200800,0.02557292414805517
2021-01-14,45.36198288840556,45.36198288840556,44.32799514313965,44.45307540893555,1002400,-0.017663138596666437
2021-01-15,44.23627375267514,45.47038620971101,44.06116391059895,45.27859878540039,1732800,0.01840034024491854
2021-01-19,45.51208444798386,45.51208444798386,44.428063805086516,44.511451721191406,1409200,-0.017087989749338364
2021-01-20,44.32799676380953,45.086809224436635,44.19457929318027,44.93671417236328,1062900,0.009508650089665865
2021-01-21,44.64487130293867,44.794966378053466,44.38637352225787,44.678226470947266,1703000,-0.005768868816500927
2021-01-22,44.44473763055439,45.36198554461342,44.277964993368805,44.86166763305664,2569300,0.004097423178629665
2021-01-25,44.61149957610177,45.33695671593329,44.31964991666458,45.24523162841797,2803900,0.0085135836492916
2021-01-26,45.32028766208756,45.37032040493969,44.269625509579456,44.64486312866211,1670800,-0.013358033022071803
2021-01-27,44.48642719713829,44.99508227715255,43.69426278693723,43.961097717285156,1926000,-0.015434153149150193
2021-01-28,44.269628334542496,45.77891610719848,44.06116333074091,44.895023345947266,1880800,0.021021849940308333
2021-01-29,44.58650433486483,45.478734462832584,44.394716877359286,44.803306579589844,4334700,-0.002045005707402169
2021-02-01,44.94505152536093,45.23690122866043,44.361348937838734,44.8116340637207,1367300,0.00018585035252045008
2021-02-02,44.96172486057337,46.02072732893138,44.77827784323701,44.9200325012207,1801400,0.0024160587756702997
2021-02-03,44.703241439938786,45.16186386870541,44.528131578560895,44.72825622558594,1448200,-0.0042784211700020065
2021-02-04,44.644869726489894,45.88731947216121,44.30298721878366,45.8623046875,1641300,0.02503809878313507
2021-02-05,46.03741526875935,46.17917313956625,45.595470434507604,45.77058029174805,1992600,-0.0020019980034164174
2021-02-08,45.72053472118111,45.94567406974353,45.04510713272568,45.21187973022461,1199100,-0.012281654819894978
2021-02-09,45.27859918443385,45.628822052596256,44.828314002906595,45.612144470214844,610900,0.00881412896760566
2021-02-10,46.095776432087675,46.25421185636437,45.82060430616605,46.145809173583984,1000500,0.011632140856035035
2021-02-11,45.945686851039355,46.162492242376295,45.53709721347327,45.628822326660156,907800,-0.011266562602832507
2021-02-12,45.537088440697744,45.88730806256987,45.228561176535685,45.386993408203125,799600,-0.005314010220799056
2021-02-16,45.4453724397997,45.61214508493782,45.14518231473581,45.378662109375,1390800,-0.00018357822248990478
2021-02-17,45.63715236928117,45.837280146746615,45.345302673938974,45.69552230834961,1118800,0.0069583160031959045
2021-02-18,45.82894428559606,46.36261417023222,45.65383445112297,46.04574966430664,1524500,0.007635147187600858
2021-02-19,46.112463990991685,46.26255906703688,45.14518637921373,45.22023391723633,1327800,-0.01809082045609399
2021-02-22,45.195212546949165,45.320289638148125,43.294009587675035,43.70260238647461,2429600,-0.03413698820130713
2021-02-23,44.27796834144276,45.40368134187358,44.16956882286046,45.32029342651367,2360900,0.036347259180456414
2021-02-24,45.23690698677024,45.6371594226382,44.98674961196821,45.487064361572266,1746900,0.0036730751035978656
2021-02-25,45.395338251028434,46.3292637617875,44.594833396883686,44.76994323730469,3145400,-0.015890981411807253
2021-02-26,45.720550036625525,46.229202017047264,44.55314464399894,44.71991729736328,3491400,-0.001118024876862477
2021-03-01,45.170188854548904,45.62047395996696,44.86166158495048,44.995079040527344,2358100,0.006134149633979007
2021-03-02,44.903352583669935,45.020095637072245,44.21125054786106,44.70322799682617,1585900,-0.006507415429450198
2021-03-03,44.52813410764502,44.936723807400284,44.086186056925705,44.78662872314453,1566400,0.001863915163594279
2021-03-04,45.44536145474546,46.36260600990328,45.02843153314229,45.712196350097656,2585700,0.020455511982487407
2021-03-05,45.969042308636986,46.811120384844095,45.792206683578996,46.6090202331543,1833900,0.019428948782603817
2021-03-08,46.69321682677689,47.74581412579227,46.40691023295382,47.38372039794922,2171400,0.016484628553040045
2021-03-09,47.21530635386014,47.75423568171823,47.131099850984384,47.611083984375,2632400,0.0047868727570440014
2021-03-10,47.74582129836674,48.133176391649194,47.467934027790726,47.95634078979492,2297700,0.007225439176626324
2021-03-11,47.73739574543745,48.284747673955586,47.59424404207652,47.79634094238281,1315100,-0.003341942876835342
2021-03-12,48.25106963540594,48.67210864306615,47.93950166917374,48.57106018066406,1185800,0.01607879676556532
2021-03-15,48.76473909966157,49.88470443318509,48.73947778642422,49.84259796142578,2042800,0.025842115142109483
2021-03-16,49.42998289556924,50.36469005861224,49.286827954607624,50.19627380371094,1505100,0.007070797772511003
2021-03-17,50.322580165611534,50.322580165611534,49.13525030704745,49.16051483154297,1090100,-0.020850039711978664
2021-03-18,49.22787745980527,49.74996811515031,49.17735483735239,49.379451751708984,3262400,0.004443624003827491
2021-03-19,49.61523083493213,50.2552118701656,49.0005143223213,50.13732147216797,2500700,0.015231289108433134
2021-03-22,49.93523113439595,50.43205734633277,49.13525628978268,49.37104034423828,1935800,-0.015401645879574427
2021-03-23,49.38787272721305,49.70786003326992,49.00051443143656,49.589969635009766,2669700,0.004424563734300382
2021-03-24,49.44681720953156,50.03626919228727,49.3541881230207,49.71628189086914,1029800,0.002543894710285165
2021-03-25,49.96890732455397,50.71835621073353,49.4383972991736,50.381526947021484,2428800,0.013292096169970088
2021-03-26,50.221526476987194,50.33099750567938,49.657335814251205,49.80048751831055,1418200,-0.011599805553276442
2021-03-29,49.808915016887134,50.98782229028042,49.72470528946948,50.6594123840332,2440900,0.01710027178949247
2021-03-30,50.27205459513824,50.524677339380645,49.60681223922433,49.99416732788086,1097300,-0.013218700115269582
2021-03-31,50.08679536616046,50.305737428910355,49.70785965161057,50.12889862060547,1208600,0.002691315388154051
2021-04-01,50.14574583962821,50.50783964803397,49.657342254601005,50.465736389160156,1203700,0.006696958091872175
2021-04-05,50.56677669216636,51.282544826597594,50.35625721949933,51.05518341064453,899100,0.011612456752777918
2021-04-06,50.82782977345268,51.518333492494406,50.49099728072723,51.50149154663086,1500800,0.008703693906774508
2021-04-07,51.57727780742204,51.728852105307304,50.9457193036577,51.585697174072266,2033100,0.0016336781944380307
2021-04-08,51.76253500848543,51.87200283421224,51.147818462027,51.28255081176758,1321000,-0.005893893320775908
2021-04-09,51.46780323541635,51.66990335615203,51.029922317382734,51.080448150634766,1362000,-0.003948749563623006
2021-04-12,51.206767085768746,51.543596376489916,51.063612147700816,51.30781555175781,925200,0.004441285878611114
2021-04-13,50.92887457527718,51.712007334135585,50.777300285674094,51.467803955078125,914800,0.0031133557417296303
2021-04-14,51.50149592744814,51.58570245165592,51.055195567055556,51.42570877075195,891300,-0.0008182281965022937
2021-04-15,51.58569919018254,52.377254601691185,51.58569919018254,52.343570709228516,1110900,0.017690898142366667
2021-04-16,52.46145405125047,53.39616106136192,52.427770163326805,53.29511260986328,1600000,0.01801551489544552
2021-04-19,53.80878495689527,54.03614318786433,53.01722958880814,53.253013610839844,1979500,-0.0007902344735191495
2021-04-20,53.5561596309291,54.667702336351475,53.47195311565603,54.5750732421875,1685700,0.02452284786263207
2021-04-21,54.642435145124715,54.9540062851123,54.21297361152985,54.406654357910156,1223500,-0.0030907753448225976
2021-04-22,54.448759583973086,54.64243390140054,53.97719159573278,54.078243255615234,708000,-0.006054522108406228
2021-04-23,54.212976881018754,54.212976881018754,53.42142475315254,53.455108642578125,1118000,-0.011589736153075797
2021-04-26,53.5561642939713,53.65721597582456,53.13512525640149,53.49721908569336,581800,0.0007874619690048866
2021-04-27,53.17722864352908,53.44669335495198,52.73092510526329,52.96670913696289,798500,-0.009966086139423925
2021-04-28,53.101450066036634,53.27828570915734,52.73093361880478,53.26986312866211,1281000,0.0057071648319932215
2021-04-29,53.29511923344265,53.73300019405361,53.143544931220674,53.41300964355469,1126600,0.002683591041008584
2021-04-30,53.6403601506811,53.86772155761719,53.09300825854545,53.86772155761719,1193400,0.008477098020858954
2021-05-03,53.89298171898864,54.32244321593417,53.69930420140867,53.943504333496094,959200,0.0014058422531400248
2021-05-04,54.08666926349607,54.22139839400584,53.48036890256749,54.10350799560547,1356400,0.002961743700671474
2021-05-05,53.93510328251165,54.10351632772123,52.85724116198733,53.49721908569336,1365200,-0.011269353708248463
2021-05-06,53.76667918832659,53.892992173642625,52.55408802083779,53.6403694152832,1272300,0.0026722724821342356
2021-05-07,53.724578799423305,54.128775876836166,53.51405928750372,53.74142074584961,958700,0.0018820949109550856
2021-05-10,53.74983828666982,54.73506796820673,53.74983828666982,53.926673889160156,1129500,0.0034411926160578038
2021-05-11,53.92668044565842,54.052993441236026,51.86358852895264,52.58777618408203,2222200,-0.02514153205458035
2021-05-12,52.76460601780457,52.76460601780457,51.69516659936354,51.79621505737305,1003600,-0.015166622593538844
2021-05-13,51.74569211718012,53.126699479840596,51.72042759362825,52.90776062011719,1739200,0.02123295349290069
2021-05-14,52.798286219940124,53.42142208179073,52.646711937377034,52.77302169799805,1251100,-0.002549924256254328
2021-05-17,52.71407247347995,52.84880480187952,52.12462054440191,52.30987548828125,1613400,-0.008814930328372269
2021-05-18,52.2509333367665,52.90775628668445,52.124623578442794,52.453033447265625,1364600,0.002732991085217124
2021-05-19,52.45304142695185,52.865657864095205,52.13305087509482,52.84881591796875,1385800,0.007517139286849908
2021-05-20,52.802089765374994,53.08236621413307,52.48784306455667,52.572776794433594,1200200,-0.005236873154604409
2021-05-21,52.56429749128851,53.17580756936842,52.55580573571139,53.10786056518555,954400,0.01012651620365212
2021-05-24,53.218273306657146,53.37964258320855,52.81909275321394,53.19279479980469,837700,0.0015980005466863488
2021-05-25,53.09087254251412,53.18429805108211,52.03771992203644,52.17361068725586,1308500,-0.019346126412185246
2021-05-26,52.207588055583194,52.30101357107127,51.86785949742502,52.13114929199219,1139400,-0.0008141794797805465
2021-05-27,52.301009694184785,52.47936571604569,52.03771991913435,52.071693420410156,1599800,-0.001141156545954682
2021-05-28,52.49634583111078,52.79360582997177,52.29250808911254,52.64922332763672,1115400,0.01102999821585478
2021-06-01,52.64922248573375,52.69168773633613,52.19059000348985,52.207576751708984,547100,-0.0084238540035994
2021-06-02,52.23305924095301,52.734157012047234,51.927304229452645,52.48785400390625,675900,0.005354157669216308
2021-06-03,52.402916825755135,53.320178503605106,52.250039339465005,53.09086227416992,780300,0.011423037682368554
2021-06-04,53.379646549469236,53.405128298106575,52.99745595871849,53.26923751831055,644900,0.00335417909014957
2021-06-07,53.405124281708744,53.50704154891801,53.03142223545557,53.235260009765625,789500,-0.0006380483545057335
2021-06-08,53.37964239096323,53.37964239096323,52.74265380281383,53.15882110595703,1202700,-0.001436901680222502
2021-06-09,53.46457345065607,53.94018949896039,53.20977867622285,53.81279373168945,1196900,0.012227183338913043
2021-06-10,53.81279107333312,54.54320509987949,53.54950131682023,54.36484909057617,658300,0.010206547987972145
2021-06-11,54.169499602207054,54.54320158607199,53.9571701076987,54.517723083496094,923700,0.0028080544079841377
2021-06-14,54.66211221596831,54.713069227301965,54.152519423392235,54.28841018676758,903100,-0.0042150792303891176
2021-06-15,54.39032749470508,55.120741519907355,54.17799798690866,54.797996520996094,951900,0.009342869682577937
2021-06-16,55.47746156413651,55.74924311424501,54.441292379415586,54.543212890625,2309700,-0.004660348881742569
2021-06-17,54.50923245083297,55.14622098532551,54.46676395662049,54.76403045654297,1126500,0.004040315344972689
2021-06-18,54.54319884241752,54.54319884241752,53.082370956918076,53.1163444519043,1990500,-0.030548913906811078
2021-06-21,53.15882242278021,54.16950984131922,52.887040877628685,54.11005783081055,1305300,0.018535394411673508
2021-06-22,52.87853607699629,53.58347155644712,52.496345577419405,52.5557975769043,2212800,-0.02914466421541136
2021-06-23,52.55580809034182,52.55580809034182,51.72347669116002,51.8763542175293,1662000,-0.013012332594208403
2021-06-24,51.80840748573109,52.39443584666771,51.64703820254636,52.13114929199219,1091400,0.004899561581162506
2021-06-25,52.012237870709605,52.48785389661243,51.92730412330468,52.36894989013672,1485700,0.004551211156344337
2021-06-28,52.56429294246497,52.87004795504541,52.250046175042264,52.4199104309082,991700,0.0009726328663715938
2021-06-29,52.41142136032733,52.73416315896355,51.273334929244264,51.50265121459961,1047400,-0.01765320297237199
2021-06-30,51.46017816605488,51.63004241540778,51.05250591154258,51.32428741455078,797800,-0.003469207219754373
2021-07-01,51.52812693223362,52.42840527341938,51.349770911021494,52.1396369934082,669700,0.015761367309348556
2021-07-02,52.13963761937118,52.41991414740486,51.91032134367765,52.30101013183594,519900,0.0030902387392258744
2021-07-06,52.097164542864775,52.47935827832212,51.63004030614623,52.41141128540039,878800,0.002108655171521634
2021-07-07,52.56428903528305,52.56428903528305,51.876343548004265,52.50483703613281,895000,0.0017809591349512643
2021-07-08,52.28401602497966,52.72566176344951,51.61305404307981,52.49634552001953,830100,-0.00016174134281304525
2021-07-09,52.53881449142277,52.666210253533244,51.76593520434421,52.47936248779297,1384800,-0.00032356118757428763
2021-07-12,52.37743083566193,52.725654268321534,52.19907486275616,52.572776794433594,939900,0.0017784374863774328
2021-07-13,52.445388676944035,52.78511718700217,52.01223790451654,52.22456741333008,627400,-0.0066454100566814564
2021-07-14,52.29251227877125,53.320186345617266,51.89333175698343,52.9210090637207,1041800,0.0132473825101724
2021-07-15,52.67470330603793,53.8637465746823,52.67470330603793,53.70237731933594,1148800,0.014656864129051738
2021-07-16,53.86374442689348,55.035807379618,53.608949682336004,54.831966400146484,1651600,0.020816081440268825
2021-07-19,54.517726508156635,54.9678640280257,53.84676448578832,54.44977951049805,2679000,-0.0069945523770835105
2021-07-20,54.70458493960541,54.98485500338302,54.10156659312679,54.356361389160156,2488400,-0.0017171483800426358
2021-07-21,54.35635742788291,54.72156446354281,54.127041156197066,54.2799186706543,1302300,-0.0014073149610835676
2021-07-22,54.33935950809853,54.61963273373317,53.82977005791334,54.475250244140625,1322500,0.003592137927292457
2021-07-23,54.47525580019318,55.28210530529698,54.23744779783762,55.273616790771484,1342800,0.014549227729429256
2021-07-26,55.15471664810941,55.42649816692651,54.73854613509063,55.333072662353516,1695100,0.0010750864636242872
2021-07-27,55.29910471761042,56.50513492352686,55.052801678973985,56.30979537963867,1202800,0.017497716684671104
2021-07-28,56.309789434512425,56.309789434512425,55.18019487030494,55.384029388427734,1054700,-0.01657723143481715
2021-07-29,55.40101601099247,55.8681370232909,55.350052524722344,55.51142501831055,1085100,0.0022975817468181966
2021-07-30,55.40101971414815,55.944582752293954,55.22265721995363,55.39252471923828,2449500,-0.002144203969442179
2021-08-02,55.7577320170404,56.199374557786236,55.30759448134294,55.893619537353516,922500,0.009005581207696015
2021-08-03,55.98704578744245,56.43718332912948,55.732254253546614,56.37773132324219,877700,0.008624012851043417
2021-08-04,56.12293968759777,56.3437577206173,55.63033365126318,56.258827209472656,1249400,-0.0021112889009889334
2021-08-05,56.793903641359215,56.9807481802154,56.15691506678948,56.946781158447266,1180800,0.012154210871047472
2021-08-06,56.912810760787636,57.159113800628,56.61555070573313,56.666507720947266,886600,-0.0049338243582845
2021-08-09,56.66650724150721,56.95527229832179,56.40322069208414,56.68349075317383,850000,0.0002996565078475224
2021-08-10,56.62403142419929,57.02321193449518,56.39471840753055,56.836360931396484,686600,0.0026932781951515693
2021-08-11,56.92129306164118,57.609245090831564,56.79390053751565,57.371437072753906,1185200,0.00937028934590905
2021-08-12,57.39691164826682,57.498825660590356,57.09965164601975,57.25252914428711,1016000,-0.002074748851313097
2021-08-13,57.261025437560924,57.872535513702495,57.22705193557717,57.83856201171875,905500,0.010183897405296701
2021-08-16,57.94897913278181,58.60295124484434,57.847058623981894,58.43309020996094,1153200,0.010226626497154865
2021-08-17,58.39062546321718,58.65391202813877,58.076375400729425,58.577476501464844,1392700,0.002467920100645367
2021-08-18,58.526508135980315,58.77280466069758,58.118832633412914,58.49253463745117,2106400,-0.0014511295948984836
2021-08-19,58.52249151329597,59.001831151349556,58.38553359927336,58.7193603515625,1897600,0.0038703579919154188
2021-08-20,58.54816553129319,59.30997591763027,58.37696815033903,59.284297943115234,1475500,0.009574989722415732
2021-08-23,59.2671787765202,59.335657733334955,58.65088122621288,58.98471450805664,1577800,-0.005066146568816128
2021-08-24,58.98471970454744,59.00183618000269,58.1801082173705,58.61665344238281,1669800,-0.006259489559417924
2021-08-25,58.55673848008216,59.13023512473729,58.359863086126275,58.94192123413086,1143800,0.005533728571922189
2021-08-26,58.95904271068483,59.18159610305043,58.78785181225847,59.15591812133789,1651900,0.0036240649717514564
2021-08-27,59.21582821529629,59.446936552445734,58.41977822876078,58.471134185791016,1448100,-0.01164343845101936
2021-08-30,58.33418019691386,58.727924421172666,58.06882585952299,58.12874984741211,936400,-0.005872824407825197
2021-08-31,58.12018334045473,58.74503583778713,58.06882085961696,58.59096145629883,1827200,0.007920067995978686
2021-09-01,58.69367973405644,58.90767156720241,58.31705201795553,58.736480712890625,947600,0.002480567691905632
2021-09-02,58.830647870435094,59.21583062486218,58.736490925039384,59.01895523071289,1018300,0.00479765638639294
2021-09-03,58.99327858671696,59.13879149452695,58.436898405104536,58.63377380371094,903800,-0.006547792071425062
2021-09-07,58.5310608322686,58.59097830171237,57.44398487792757,57.54670333862305,1310400,-0.018714025235857155
2021-09-08,57.5381363924083,58.7707316821197,57.43541794142776,58.556739807128906,1070100,0.017399345313330317
2021-09-09,58.53960669074344,58.67656460173268,58.04314405917641,58.36841583251953,777100,-0.003221276660721111
2021-09-10,58.342738084295966,58.342738084295966,57.01598607109388,57.08446502685547,912400,-0.02224290518439675
2021-09-13,57.59806215662731,57.84629355105085,56.913285445768246,56.990325927734375,944600,-0.0016504807013641449
2021-09-14,57.18719129090055,57.3498272190475,56.15147131433768,56.288429260253906,1013600,-0.012392538196732122
2021-09-15,55.30405300002747,56.160020380890906,54.91887029084407,55.44956588745117,2230500,-0.015015109802649685
2021-09-16,55.423891681277354,55.77484146595191,55.158543864922756,55.25270080566406,1257700,-0.003556662301394417
2021-09-17,54.86751429909962,55.774844270917754,54.69632341487698,54.95310974121094,3392600,-0.005436951118451453
2021-09-20,54.927426548550116,56.04018678192775,54.42240891666425,55.00446701049805,1738900,0.000934128862035409
2021-09-21,55.030147057923095,55.355412331517876,54.50800640128855,54.67063903808594,1661800,-0.0060875984601974345
2021-09-22,54.87607088894097,54.98734430067106,53.55788030081193,53.780433654785156,1532700,-0.016417087543275727
2021-09-23,53.99442545585878,54.927426792336554,53.78899184201769,54.19985580444336,1610000,0.0077685337037811655
2021-09-24,55.03014263542608,55.346852911206945,54.02865912124508,54.05434036254883,1398900,-0.0026884044164534808
2021-09-27,54.259772658767965,55.12430155645533,53.89170641761497,54.00298309326172,1418100,-0.0009505560847086653
2021-09-28,53.95162721777304,54.21697830222028,53.39525033557014,53.523643493652344,1461500,-0.008915796767795192
2021-09-29,53.506527981180206,54.39673498136097,53.37813481295181,54.06290817260742,966700,0.010024843938664851
2021-09-30,54.52512779378184,54.79047888157609,53.23261510209046,53.24117660522461,1850200,-0.015316241371433868
2021-10-01,53.24973882065545,53.66060283985294,52.65912240529474,52.8987922668457,1911500,-0.0064515851964867975
2021-10-04,52.8217510487729,53.78899519057113,52.761833587934284,53.60068130493164,783000,0.013181270799653234
2021-10-05,54.020114338494245,54.020114338494245,53.50653183283967,53.8232421875,1173200,0.0041436058890856105
2021-10-06,53.660596646443594,54.34537319799404,53.33533137623939,54.29401397705078,893800,0.008708596231751006
2021-10-07,54.46520567264431,54.721995235332635,53.63491626353749,53.686275482177734,1473300,-0.011256589793496296
2021-10-08,53.54931782053451,53.78042939353792,53.04429696069512,53.07853317260742,1085700,-0.011384816430468203
2021-10-11,52.907350551897785,53.24117734310818,52.38520987220694,53.035743713378906,1869100,-0.0008064788792503168
2021-10-12,53.10422265481429,53.47228892835907,52.90735052842516,53.15557861328125,922500,0.0022569631518938984
2021-10-13,53.11278257072552,53.79755591572445,52.650559338379914,53.66916275024414,889800,0.009615527030477758
2021-10-14,53.84891427031561,54.559368849127814,53.66916188239571,54.47377014160156,882800,0.014880717901590212
2021-10-15,54.48232466155142,54.696316505052785,54.09713869019767,54.1912956237793,1063500,-0.005199005809240511
2021-10-18,53.75475432630847,54.19129954720049,53.506522986213525,53.968746185302734,1324400,-0.004115193537717377
2021-10-19,54.30257599180588,54.559368849127814,54.0201084201113,54.47377014160156,643500,0.009314199346958013
2021-10-20,54.610719589078535,55.458128753686516,54.610719589078535,55.08150100708008,955400,0.011094620878101032
2021-10-21,55.03014132630684,55.184215709438625,54.79047151488242,54.858943939208984,673300,-0.004048689669950299
2021-10-22,54.88463082283719,55.483805377355324,54.799028860323574,55.32973098754883,689600,0.008545159715893594
2021-10-25,55.2527034302005,55.54372923866967,54.80759668364181,54.97879409790039,715800,-0.006362845906474654
2021-10-26,54.96166484667306,55.59507888117957,54.85039143793267,55.107177734375,747900,0.0023324260583002404
2021-10-27,55.12430141803108,55.33829326629167,54.41384691448281,54.58504104614258,948900,-0.009520103386943249
2021-10-28,54.585035286978865,54.95309822311751,54.51655633543745,54.93598175048828,777400,0.006408667423073232
2021-10-29,54.89318977691617,55.2441395632457,54.18273849705207,54.56792449951172,1369900,-0.006722292374728866
2021-11-01,54.5679206678941,54.99590435940699,54.379606798746366,54.74767303466797,798500,0.0032886193957572564
2021-11-02,54.67920178204836,54.72199950162364,54.04578443046135,54.70487976074219,1186800,-0.0007819511745196194
2021-11-03,54.69631709274492,55.35540910438521,54.362487070480526,54.627838134765625,1257600,-0.00140930620240329
2021-11-04,54.62784321239052,55.01302595842902,53.343892018244226,54.5422477722168,1535000,-0.0015680189197320063
2021-11-05,54.704873944393235,55.60363902094224,54.64495649030706,55.535160064697266,1049100,0.018040744999071493
2021-11-08,55.53516663315626,55.577967618499855,54.13138378192079,54.5422477722168,787200,-0.01804074499907147
2021-11-09,54.55937116807914,55.02159114733948,54.55937116807914,54.884639739990234,724800,0.006257933364375243
2021-11-10,55.1927795247667,55.61220171233906,55.038705135177054,55.37253189086914,747800,0.00885013334126268
2021-11-11,55.32973987031978,55.49237578859018,54.72200371588027,55.30406188964844,1251000,-0.001237298829264558
2021-11-12,55.6036441412415,55.920354445154466,55.14142093979284,55.20989990234375,752100,-0.00170407446378755
2021-11-15,55.629318116752714,56.18569821904612,55.35540881677158,56.151458740234375,842200,0.016910376932799464
2021-11-16,56.21993520948519,56.49384449734272,55.8433074897389,55.96314239501953,975100,-0.0033593576645367623
2021-11-17,56.005952201839,56.43393593973154,55.68068691202555,56.237060546875,1119700,0.00488267737257947
2021-11-18,56.10149860503614,56.326010059691804,55.16891864382408,56.18784713745117,2134900,-0.0008754894903795277
2021-11-19,56.343269085637836,57.05133749108798,56.14466156026911,56.65412902832031,3651100,0.008264381050930745
2021-11-22,56.714575780003905,57.72486733765918,56.17920439462853,57.38810348510742,1642200,0.012872154027126848
2021-11-23,57.275848481976475,58.54519214036747,56.964988541637055,57.16358947753906,1678600,-0.003919877380095603
2021-11-24,57.319024856642486,57.37946948474738,56.2828293497099,56.585052490234375,1360500,-0.010172288055230495
2021-11-26,56.16193392839459,56.4900609323771,55.61793233516763,55.704280853271484,573700,-0.015687860538114176
2021-11-29,55.8597157936775,56.50733961906234,55.263899766172976,56.35190963745117,876300,0.011559129260445606
2021-11-30,56.13603928290286,56.51597414276649,54.51266118193829,54.659454345703125,1874500,-0.030493931023293685
2021-12-01,55.134365199175484,56.170567113117905,54.486741473449925,54.52128219604492,1212000,-0.0025310732973501168
2021-12-02,54.642183797577744,55.59203082601424,54.529931364716305,55.022125244140625,1007200,0.009144257052596385
2021-12-03,55.43658990011568,56.058309748979234,54.96166977354503,56.032405853271484,702300,0.0181948178111643
2021-12-06,56.61959054450102,57.83712646620977,56.36053838601872,57.64715576171875,1459200,0.028410709869760818
2021-12-07,57.36220495604861,57.940747363254104,57.36220495604861,57.56944274902344,912500,-0.0013489900844985562
2021-12-08,57.8889348345985,58.20843162148695,57.42264489750595,57.78531265258789,609800,0.003742717927905822
2021-12-09,57.83713195673184,57.83713195673184,57.16359759833274,57.37084197998047,613700,-0.007198442213826001
2021-12-10,57.8112158425575,58.02709044478956,57.37083639734252,57.80258560180664,493500,0.007497313455680542
2021-12-13,57.73351224309145,58.70063296836524,57.63852687775335,58.35523223876953,910600,0.009515516341166074
2021-12-14,58.47610508185704,58.8301359539777,57.79394064419579,58.00981521606445,1611100,-0.005936800522071152
2021-12-15,58.13071229694103,58.69198757716573,57.79394844640021,58.57109832763672,1041900,0.009629148226323459
2021-12-16,58.59700890727783,59.31371424547303,58.30341599068008,58.83015060424805,1285000,0.00441311654520214
2021-12-17,58.75242375351705,59.19280972088663,57.621243115025784,57.7593994140625,2215400,-0.01836839228917565
2021-12-20,57.69032488396415,57.88029558237798,56.73184115139974,57.77667999267578,1294400,0.0002991373574536168
2021-12-21,58.10480501220846,58.372487393710614,56.96498744882011,57.232669830322266,1264500,-0.009460347711056163
2021-12-22,57.249951177135614,57.60398212397313,57.03407655970746,57.5349006652832,1105300,0.005266845543630738
2021-12-23,57.543537742691115,58.078909167890394,57.483093113069465,57.63852310180664,526700,0.0017994162384699867
2021-12-27,57.67306289165406,58.28614600724793,57.35356609001906,58.26887893676758,711500,0.010876993851857036
2021-12-28,58.3379431732131,59.046011517313005,58.26886831591178,59.011470794677734,572900,0.012663703402442128
2021-12-29,59.05466485147036,59.32234729175269,58.683360214318554,59.158287048339844,502100,0.0024848376079304423
2021-12-30,59.305073678184044,59.32234074843885,58.8474205547728,59.08919906616211,513300,-0.0011685320730164114
2021-12-31,59.01146923751465,59.460492031955326,58.81286832256397,59.2446174621582,485900,0.002626780575849252
2022-01-03,59.22734269793314,59.31369779460972,58.22568813858027,58.85604476928711,1028100,-0.00658038808041893
2022-01-04,58.85605635474783,59.46050262265195,58.68335271536792,58.700626373291016,1014500,-0.002644145756021166
2022-01-05,58.7265261023421,59.02874921483488,58.225695465657054,58.294776916503906,1224400,-0.00693789795697891
2022-01-06,58.15661524503309,58.62290516615842,57.88893285230128,58.07026672363281,1324900,-0.003858727061381843
2022-01-07,57.949377599708505,58.588364564997605,57.58670985627171,58.32931900024414,1004700,0.004451093235434758
2022-01-10,58.44156845691309,58.66607987202747,57.43127697085275,57.69895935058594,1780100,-0.010865727915753841
2022-01-11,57.68169155962023,57.81984786782683,56.878637842512795,57.30175018310547,1682000,-0.006907970370967319
2022-01-12,57.154967163073785,57.76805030043686,56.947722782128295,57.56944274902344,1236600,0.004660751641321204
2022-01-13,56.99088828035111,57.78530514193429,56.982251452646935,57.62987518310547,1315400,0.001049180510967899
2022-01-14,57.552167960312545,57.750768897123365,56.65412886055246,56.85272979736328,1433100,-0.01357686302678362
2022-01-18,56.54187776929854,56.81819699201355,55.289801144519664,55.712913513183594,1955400,-0.02025227607298601
2022-01-19,55.712915982180526,56.55914734498025,55.60066355759259,56.049686431884766,1754900,0.0060265945523995754
2022-01-20,56.26556085420689,56.55914715814561,55.42796632313316,55.48841094970703,2922700,-0.010064367835726161
2022-01-21,55.81653564470326,55.95469854992818,55.21208611028407,55.36751937866211,2041900,-0.0021810582187241525
2022-01-24,55.16891225427381,55.47977220534134,53.52826727050685,54.90122985839844,2007800,-0.00845737895558248
2022-01-25,53.761410819464686,54.70262424022203,53.761410819464686,54.31405258178711,1626700,-0.0107527613540148
2022-01-26,54.55582563275792,55.32433863181442,53.96864649536952,54.38312530517578,1437900,0.0012709204420727144
2022-01-27,54.83214753551282,55.23799283118943,54.21906447173512,54.70262145996094,1599000,0.005857723448382666
2022-01-28,54.51265742591857,55.98060543234944,54.1758935614402,55.92879104614258,1553800,0.02216766052545709
2022-01-31,55.36752184007335,56.334635867762,55.31570745432559,56.092857360839844,1560100,0.0029291915328870117
2022-02-01,56.023780063302226,56.23965468735807,55.229363027889704,55.73883056640625,2112200,-0.006331442968546586
2022-02-02,55.790637530361224,57.48309376699117,55.652474610814,57.319026947021484,2132800,0.027955585330614943
2022-02-03,57.21540552570134,57.25857649269079,56.455522721423804,56.84410095214844,1583400,-0.008320177334884667
2022-02-04,56.4209789710973,56.87000180191716,55.92015493544841,56.32600021362305,1769500,-0.009156205619896843
2022-02-07,56.2914658625445,56.576415343169025,55.661109097589545,56.17920684814453,2134900,-0.0026095405290797067
2022-02-08,56.42962329545414,56.74048326948026,56.274193308441085,56.48143768310547,1562200,0.005365344060342998
2022-02-09,56.809555295951064,57.00815622040217,56.24828007003516,56.498695373535156,1389300,0.0003054995616841424
2022-02-10,55.94605383503906,56.17056523039681,54.51264683523737,54.65080642700195,1802100,-0.03325357642593785
2022-02-11,54.77170495340727,55.2466284248237,53.899569706020046,54.16725540161133,1967400,-0.008887388730530979
2022-02-14,54.227703483116336,54.52129309589885,53.070615396736486,53.459190368652344,1729700,-0.013158016018646072
2022-02-15,53.692337206876715,53.934115733762155,52.604327247921475,52.8202018737793,2391200,-0.012024837195776291
2022-02-16,52.828824804518,53.20012932682443,52.327994223180205,52.85472869873047,2970700,0.00065345349162188
2022-02-17,52.768386711372386,53.05333946488593,52.224381807774805,52.716575622558594,1843700,-0.0026172482365788645
2022-02-18,52.42299145178724,53.17423749420014,52.39708755169895,52.64750289916992,1927400,-0.0013111248966956907
2022-02-22,52.725224656219744,53.06198857650352,52.19848999362791,52.65614318847656,2190100,0.00016410237721178235
2022-02-23,52.638866186072306,52.872011169337576,51.930797700889755,51.982608795166016,2473100,-0.012873695121576227
2022-02-24,51.82717642570765,52.60432304024271,51.34361611663008,52.31937026977539,2408500,0.006457454553361271
2022-02-25,53.390112709252804,54.504023247313555,52.854741278882976,54.0118293762207,2104100,0.03183641414782694
2022-02-28,53.640514871698464,54.10680475640752,53.39873639547215,53.89093017578125,2936000,-0.0022408926617575532
2022-03-01,53.726870217167075,54.21906402987719,52.30209657364734,52.56978225708008,2085300,-0.024820719573226447
2022-03-02,52.707946673328046,53.74414548185192,52.51797595846953,53.372840881347656,1271200,0.015160545997677681
2022-03-03,53.459181014528724,54.54718745153183,53.459181014528724,53.89093017578125,1255200,0.009660173575548825
2022-03-04,53.7802517500454,55.54939860108984,53.7802517500454,55.5145378112793,1210000,0.029682736562571244
2022-03-07,55.53196453869502,56.21173327256733,54.904483661577395,55.993858337402344,1643200,0.00859708317728621
2022-03-08,56.22045587415096,56.804359164270316,55.49710941975567,55.54068374633789,1584400,-0.008126219490285122
2022-03-09,56.07229655447013,56.22916679174379,55.13107845533621,55.22694396972656,1615000,-0.005664843096924562
2022-03-10,54.73019067331392,56.02001007024172,54.73019067331392,55.871856689453125,1624400,0.011609845647048781
2022-03-11,55.898002361676305,56.43833468662923,55.784709769725616,56.081016540527344,990000,0.0037365739421750975
2022-03-14,56.35118021252793,56.81307404230016,55.95900131344554,56.229164123535156,1225800,0.0026381877058314442
2022-03-15,56.81308228595619,56.83050935890339,55.96772629415642,56.534202575683594,1325600,0.0054102534384727965
2022-03-16,56.29016431956673,56.60390475401147,55.775982670847185,56.36860275268555,1420100,-0.002933495607496021
2022-03-17,56.22916480608491,57.09195440512983,56.18559380500184,56.64748764038086,1310200,0.004935322975716597
2022-03-18,56.682353063901786,57.013520625069646,56.072299157729724,56.447044372558594,2189800,-0.0035447067888161746
2022-03-21,56.49933199255916,57.19652782294675,56.49933199255916,56.63005828857422,1237900,0.0032369785130798925
2022-03-22,56.79564675570665,56.79564675570665,56.23788735291966,56.734642028808594,1377500,0.0018450852798350438
2022-03-23,56.7346396629853,57.0570970054381,56.2466018681519,56.77821731567383,1520800,0.0007677595165402512
2022-03-24,56.734637712600595,57.11809976622517,56.64748905923575,57.10066604614258,1005600,0.005663026940379299
2022-03-25,57.30110583140259,58.29461496712851,57.28367876279999,58.2597541809082,920700,0.020095751026646583
2022-03-28,58.37306622595877,58.460214886153054,57.90245548208975,58.364349365234375,799500,0.001793715178760231
2022-03-29,58.6432314293195,59.00054294521296,58.42535644554985,58.9918327331543,754700,0.010693758716769718
2022-03-30,58.956967161830285,59.49729282243704,58.72165847497173,59.488582611083984,702000,0.008385399177188141
2022-03-31,59.497287669646454,59.92432735354909,59.42757273977819,59.558292388916016,1473700,0.0011711317210059036
2022-04-01,59.540856426916605,60.20319802936946,59.261976802044046,60.18576431274414,1043500,0.010480314170130269
2022-04-04,59.75875137739221,59.99405343860767,59.02669461004014,59.62802505493164,1310200,-0.009310168544895818
2022-04-05,59.80231601631129,60.67381577764422,59.80231601631129,60.20320510864258,1188500,0.0095999093094238
2022-04-06,60.351354266139985,61.58017203550486,60.15090640943673,61.53659439086914,1389900,0.021906436692837053
2022-04-07,61.53660764740709,61.53660764740709,60.72611248529288,61.51046371459961,1101500,-0.00042472655689094747
2022-04-08,61.710913670021206,62.294823730822294,61.56276026387026,61.97236633300781,1032500,0.007481279342257114
2022-04-11,62.111794116221034,62.25123728988289,61.42331505556919,61.51046371459961,657600,-0.007481279342257147
2022-04-12,61.32744106149234,62.2425118283888,61.18799790709922,62.1815071105957,990200,0.010850340163466598
2022-04-13,62.0856409358515,62.16407937160713,61.231574895942174,61.52788162231445,710300,-0.010567210415849994
2022-04-14,61.58018731411206,62.1902345962802,61.57147045321917,61.710906982421875,739000,0.0029702579316184027
2022-04-18,61.876491721041084,62.12922748510759,61.397164125567286,61.75448226928711,793800,0.000705870510571813
2022-04-19,62.12051973915875,62.31225080547994,61.710913670021206,61.97236633300781,742200,0.003522021152450223
2022-04-20,62.5388282650597,63.31446256450644,62.38195803320441,63.2883186340332,1235400,0.021012190990787098
2022-04-21,63.20117186150618,63.73278734957914,62.695706956450856,62.852577209472656,1061800,-0.006908832458787503
2022-04-22,62.74799253767581,62.84385805819636,62.11179468776821,62.16408920288086,1536200,-0.011014450902300939
2022-04-25,62.338381398366636,62.39066926016471,60.17706555651042,61.09213638305664,1035800,-0.017394331886185686
2022-04-26,61.048572082079296,61.58889777734289,60.31650869147315,60.33394241333008,797600,-0.01248831933126711
2022-04-27,60.26421403248104,60.90912203915833,59.506006793552146,60.30778503417969,1082300,-0.0004336373510842313
2022-04-28,60.60409294428875,61.065986744374904,60.1770599318149,60.76968002319336,710700,0.007629780314690173
2022-04-29,60.42980055142944,60.51695586161904,59.01797495298424,59.13126754760742,1272500,-0.02733113453144025
2022-05-02,59.261990989853636,59.53215382109274,57.70200542915053,58.46021270751953,940000,-0.011413448037161728
2022-05-03,58.747818828866464,59.75875538234481,58.425361431721974,58.7216682434082,822200,0.004462395852157107
2022-05-04,58.91339793105667,59.9592019073462,58.765244528679595,59.898197174072266,1353000,0.01983761336508981
2022-05-05,59.85461708888766,60.95270889232598,58.97440027388456,59.50601577758789,1192700,-0.006568994461129187
2022-05-06,59.261987700429856,59.82846391266362,58.80881072005241,59.34913635253906,1623100,-0.002639843765154487
2022-05-09,59.03539205154708,59.811026308270826,58.05931657289186,59.174835205078125,1607900,-0.002941198659170819
2022-05-10,59.13998522605781,59.91561962454881,57.222688057678944,57.91116714477539,1409000,-0.02158613502757585
2022-05-11,58.129037145301616,59.25327274600712,57.972166906853964,58.355628967285156,1059000,0.007645587604638083
2022-05-12,58.268478199382486,58.5299308036529,57.283685801460294,58.216190338134766,914300,-0.002392322543891392
2022-05-13,58.57349503670126,59.07896646707371,57.95473103704471,58.922096252441406,877800,0.012052668349934664
2022-05-16,59.044110137072614,59.23584115265174,58.52121159850314,58.84366226196289,1117900,-0.0013320340829994246
2022-05-17,59.139982231926915,59.235847750394065,58.22490470074644,59.22713088989258,868600,0.006495594142998533
2022-05-18,59.43628110837281,59.54086347345766,58.294618547845864,58.442771911621094,988400,-0.01333171145499061
2022-05-19,58.25203005304407,58.86734150255851,57.232381234845626,58.6300048828125,1182600,0.0031985767476957142
2022-05-20,58.78823559613089,59.42991638404667,58.172930763597705,59.27169418334961,1147400,0.010885265296442664
2022-05-23,59.77271506630684,60.194643064613636,59.21014887277645,59.86061477661133,1365700,0.009886913058192478
2022-05-24,60.02764535410517,60.941817345440214,59.48265627090931,60.93302536010742,846200,0.017756543461406718
2022-05-25,61.06486392113911,61.26703259190099,60.7484195869465,61.10881042480469,1092900,0.002880736513532117
2022-05-26,61.477991112793525,61.750482197822876,61.02090193742853,61.14396286010742,715300,0.0005750779360987477
2022-05-27,60.94181268097143,62.04057604227705,60.90665144865133,62.03178405761719,1126900,0.01441576925397334
2022-05-31,61.35494731324056,61.80323792540226,60.84511951624812,61.47800827026367,2408500,-0.008967378016735814
2022-06-01,61.72411929603875,61.72411929603875,61.073653394186024,61.539527893066406,1390400,0.001000176557747049
2022-06-02,61.671380811280365,61.70653533024062,60.388019560737035,61.539527893066406,1382700,0.0
2022-06-03,61.44283620013071,61.83838824845458,61.22308357188011,61.539527893066406,1409700,0.0
2022-06-06,61.73290930462399,61.9966084263004,61.416464993558066,61.88233947753906,1766800,0.0055551333545433125
2022-06-07,61.715342611523226,62.13727071313446,61.01213805059739,62.01420974731445,2016100,0.0021287165848799957
2022-06-08,61.706542592197586,61.72412656006509,60.57262479853881,60.6341552734375,1150800,-0.022505195582365425
2022-06-09,60.642941288169986,61.11760783158033,59.21894836425781,59.21894836425781,1140100,-0.02361678827777948
2022-06-10,58.51572423448223,59.34199618721208,58.16411872015139,58.673946380615234,1419900,-0.009245779692644132
2022-06-13,58.2520240064144,58.2520240064144,55.4304044049745,55.64136505126953,1370300,-0.053068884319192475
2022-06-14,55.694106943666526,56.01933989636422,53.01312553503947,53.90092468261719,1768400,-0.03177926709657694
2022-06-15,54.314064107452225,54.61292783638222,53.21530089126243,53.89213943481445,1386300,-0.00016300209840247997
2022-06-16,53.24167590930261,53.52295905489857,52.83733180665336,53.391109466552734,1930700,-0.00934038847619549
2022-06-17,53.716342284923265,53.944883582476734,52.16049300519672,52.86370086669922,3093600,-0.00992732337693258
2022-06-21,52.8724901339471,53.909722933793645,52.74063719968413,53.5669059753418,1229000,0.013214532219836308
2022-06-22,53.303210040262684,54.3580235851051,53.206518323621154,53.81303787231445,1157500,0.004584325884572965
2022-06-23,53.997614998605115,54.96452520224448,53.821812228900065,54.885414123535156,1501300,0.01973185496383138
2022-06-24,55.078808341534646,56.52917393233344,55.0612277257895,56.35337448120117,1338200,0.026394490602533013
2022-06-27,56.1072425189467,57.223582916983595,55.82595607055903,57.10931396484375,840600,0.01332509707349098
2022-06-28,57.34664408166271,57.8301025471097,56.87197759912875,56.90713882446289,664800,-0.003546424175340898
2022-06-29,57.02141518346356,57.40817525425163,56.819239811889496,57.276329040527344,786900,0.006466636712202466
2022-06-30,56.63464985162348,57.73341303615263,56.32699750121897,57.355438232421875,1485600,0.0013802317862729263
2022-07-01,57.60155977829297,58.84975313915431,57.100524037309576,58.72669219970703,1580200,0.02362668138574508
2022-07-05,58.51573351594708,58.51573351594708,55.62378792900444,56.26546859741211,1023400,-0.04281334522403287
2022-07-06,56.467636229130946,57.786152062884845,56.31820604415524,57.10052490234375,979500,0.014732308738209373
2022-07-07,57.346656227337185,57.71584581837884,56.64345169067383,56.64345169067383,998300,-0.008036920910180233
2022-07-08,56.87198315286219,57.003836084161605,56.23909780083928,56.60828399658203,789000,-0.0006210535319173174
2022-07-11,56.51158943945008,57.12689414600789,56.406105758475164,57.10052490234375,576000,0.008657974442097455
2022-07-12,56.90713859656158,57.88284080014312,56.836822852492894,57.10931396484375,734300,0.00015391077694393258
2022-07-13,56.731346402145554,57.478504090286485,56.48522450076443,56.68739318847656,751500,-0.007415376425116128
2022-07-14,55.72927314603691,57.11811149769126,55.72927314603691,56.97746658325195,612400,0.005104022915860617
2022-07-15,57.39940113457243,57.39940113457243,56.31821502765077,57.17085647583008,896100,0.0033883998016834994
2022-07-18,57.05658305076483,57.17085201806645,56.40611035785718,56.6346549987793,759300,-0.009423189401490673
2022-07-19,56.74013426942953,57.14447832183593,56.53795889006716,56.5731201171875,872500,-0.0010871141595885775
2022-07-20,56.60828474928219,56.81924541837512,55.50072950048649,55.509521484375,1052200,-0.01897939849855712
2022-07-21,55.48314348656769,55.72047673107086,55.017268980594274,55.70289611816406,808900,0.003477576206679628
2022-07-22,56.01934279226241,56.564328402580365,55.957812321089044,56.52916717529297,746000,0.014724597619250683
2022-07-25,56.38853138298989,57.12689706863424,56.256678451605204,57.09173583984375,853500,0.009902636695216164
2022-07-26,56.968669186730175,57.830102440026636,56.68738609089586,57.7509880065918,924100,0.01148108275868491
2022-07-27,57.504869191171295,58.39267173400761,57.364230988941245,58.366302490234375,1253700,0.010598253550273858
2022-07-28,58.85855050627661,59.61450017849732,58.50694491584298,59.429908752441406,990700,0.018058902853566594
2022-07-29,59.42990445989857,60.28254577556135,59.42990445989857,60.00126266479492,2512700,0.009567992415269514
2022-08-01,59.834242705171995,60.23858671850959,59.403529450621605,60.185848236083984,1125400,0.003071639130608101
2022-08-02,60.31769392105257,60.52865453179487,59.61448294348905,59.772705078125,1102800,-0.006888125607586685
2022-08-03,59.77272127223971,60.22980383707072,58.95524113952838,60.097957611083984,836200,0.005426737850141197
2022-08-04,59.139831364282145,60.44955526433052,58.67395682504928,59.983680725097656,1130800,-0.0019033204754411372
2022-08-05,59.91336229187071,60.115530962781314,58.78822315484809,59.623287200927734,670100,-0.006026314705631193
2022-08-08,60.24738927988193,60.43198070710172,59.82546122743749,60.335289001464844,961100,0.011870933855291975
2022-08-09,60.66930313857174,61.25824528376328,60.40560400636713,61.12639236450195,1127300,0.013026570043655337
2022-08-10,61.4252583214086,61.46921153394156,60.65173140758656,61.152767181396484,838200,0.0004313869575403828
2022-08-11,61.02092595612308,61.80324500379235,60.739642778380414,60.95060348510742,910000,-0.0033113562699202364
2022-08-12,61.30220473708463,62.36580688621178,61.196727744446235,62.31306838989258,565600,0.022107412090969412
2022-08-15,62.33942628522895,62.87562325455723,62.16362685863402,62.787723541259766,928600,0.007588400069134294
2022-08-16,62.620710521909565,62.91957760009757,62.42732712537351,62.59434127807617,1038200,-0.0030846902514054457
2022-08-17,62.44490960436896,62.82288440505177,62.41854036116382,62.524017333984375,731800,-0.0011241188307977157
2022-08-18,62.53553339246959,62.94316111291657,62.40260969300683,62.86341094970703,603000,0.005413532269272157
2022-08-19,62.96975465749379,63.34194242817836,62.42920315039464,63.20901870727539,1006500,0.0054826994967180675
2022-08-22,62.95203277005113,63.20901681991524,62.15449722922823,62.26083755493164,735200,-0.015114374576842853
2022-08-23,62.24310679447815,62.25197017791352,61.67597194866638,62.048152923583984,562300,-0.0034218738010796724
2022-08-24,61.95067786826638,62.251965273526075,61.73799724725706,62.13676834106445,916100,0.0014271528558987105
2022-08-25,62.225387487491275,62.58870508305539,61.81775973503314,62.40261459350586,577800,0.004269278520088232
2022-08-26,62.411476168935685,62.61529341965038,61.44557021503122,61.569637298583984,608200,-0.013438327007699192
2022-08-29,61.25063489406932,62.641888862100075,60.8341436900021,62.181087493896484,683500,0.009882045899155586
2022-08-30,62.10132844456578,62.544402979539946,61.24176276499097,61.48988342285156,787400,-0.011178229834068158
2022-08-31,61.49874290838783,61.71141677867616,60.701207443831045,60.72779083251953,940100,-0.012471231716813606
2022-09-01,60.869584869797826,61.98612788688028,60.63918420689045,61.8000373840332,773200,0.01750253700798685
2022-09-02,61.817768233586676,62.34945638550633,60.444234310411055,60.586021423339844,830600,-0.01983977249799517
2022-09-06,60.72779393117226,61.48101927916147,60.13407568423329,60.275856018066406,1127300,-0.005132571042866558
2022-09-07,60.5594174920892,62.216518503357854,60.5594174920892,62.13676834106445,852800,0.03040627067221199
2022-09-08,61.897504332623996,62.58869944895398,61.80002740485642,62.13676834106445,575500,0.0
2022-09-09,62.25197797350887,62.5798555938699,61.80004001263967,62.16336441040039,652200,0.0004279330866843591
2022-09-12,62.287429701016556,63.031791803221566,62.12792257043234,62.75708770751953,715300,0.00950569354647877
2022-09-13,62.13678551691541,62.50896656538983,60.736668131760794,60.97592544555664,703100,-0.028792401701895783
2022-09-14,61.126572687942,62.0658886441786,61.126572687942,61.70256423950195,994500,0.011846368399485097
2022-09-15,61.47217507457367,61.47217507457367,59.78849017019993,59.86824035644531,1722400,-0.03017933641309829
2022-09-16,59.992300206880756,60.35562463659958,59.31883165939265,59.43402862548828,1857700,-0.007279218609329723
2022-09-19,59.31882351903296,60.072048909515594,59.06183946613302,59.956851959228516,782400,0.008758234685575754
2022-09-20,59.47833370651949,59.70872761901434,58.68966149957737,59.11500930786133,752800,-0.014140312739818915
2022-09-21,59.46059721927877,59.95684526221307,58.42380450015848,58.441524505615234,639500,-0.011458183545661206
2022-09-22,58.34404694206871,58.72509128267785,57.945282596194644,58.379493713378906,1031200,-0.001061980095908979
2022-09-23,57.81236965886468,58.05163371956529,56.90850048488202,57.55538558959961,1230000,-0.014216981284506085
2022-09-26,57.59082997410914,57.599693358413816,55.50838087407659,56.270469665527344,1159100,-0.02257783179041391
2022-09-27,56.509723281500584,56.89076424926804,55.543820716699265,55.765357971191406,1367900,-0.00901702834538119
2022-09-28,56.47428489013756,56.55403844880558,55.80081302391156,56.0223503112793,1666400,0.004597872105622719
2022-09-29,55.9957567527905,55.9957567527905,53.54998688399105,53.60315704345703,1467600,-0.04414275740556395
2022-09-30,53.91331789293921,54.063961635552296,52.513200523191735,52.637264251708984,2005000,-0.01818365164236974
2022-10-03,53.62974067484221,54.560196497155665,52.99171227993454,53.860137939453125,2057500,0.022966333689969524
2022-10-04,54.28549540724428,55.207091333954324,53.99306794573268,54.967830657958984,1492800,0.02035746853108711
2022-10-05,54.26777263571811,54.31207941485582,53.04488592525189,53.31072998046875,1338000,-0.030610493119948623
2022-10-06,53.1246450638518,53.1246450638518,51.290316495539265,51.42323684692383,1881700,-0.036047474827208034
2022-10-07,51.432097173327264,51.59160428981583,50.21807041112089,50.54594802856445,1411800,-0.017207364478637945
2022-10-10,50.687732285077914,51.246007198609526,50.483918385304,50.88268280029297,968700,0.006639861075369781
2022-10-11,50.65228108573764,51.64476710506924,50.49277398151054,50.820648193359375,1072500,-0.0012199131340295236
2022-10-12,50.67000253391515,50.67000253391515,48.81795089938717,48.83567428588867,1231500,-0.0398416562659124
2022-10-13,48.25967882389054,50.60797527397621,47.9583879968651,50.39529800415039,1689300,0.03143680092173023
2022-10-14,50.918125505961505,51.325753272912436,49.54459510317177,49.863609313964844,862100,-0.010606412712897344
2022-10-17,50.44846125890738,51.40550039110199,50.44846125890738,50.749752044677734,910800,0.017615267646937712
2022-10-18,51.58274450421243,52.27394318401717,51.37007058765017,52.149879455566406,1029300,0.02721513785889473
2022-10-19,51.5029834366485,51.88402781039628,51.086495668898245,51.680213928222656,642700,-0.009046871005926466
2022-10-20,51.600464293891534,51.63591107097582,50.33327074644946,50.54594802856445,688100,-0.0221922143841667
2022-10-21,50.83836692778415,51.9017463985136,50.501632743358776,51.53842544555664,861300,0.01944487005353015
2022-10-24,52.043531100435864,52.47774560394889,51.37891934103586,51.777687072753906,2293000,0.004631650360991453
2022-10-25,51.884034064997806,53.19553445212276,51.77769710939061,52.6904296875,1967000,0.0174745342242546
2022-10-26,53.02716222551025,53.2664228879148,52.52205750945306,52.56636428833008,1458100,-0.0023573861969197313
2022-10-27,53.053745323784504,53.753803919503355,53.053745323784504,53.34617614746094,1295500,0.014725847340816512
2022-10-28,53.4879663110343,54.958973849418484,53.4879663110343,54.90580368041992,763900,0.0288167562547623
2022-10-31,54.79060848144197,54.79946848636473,53.70064195443535,54.17030334472656,1714700,-0.013486207077182078
2022-11-01,54.29435728517211,54.63109489912428,53.76266578202806,54.19688034057617,1377700,0.0004904989772482665
2022-11-02,53.90445419281906,55.357738251910185,53.81583724995331,53.85128402709961,1365100,-0.006397100664599674
2022-11-03,53.17779728356941,54.96781857768981,52.92081665580574,54.533607482910156,2044700,0.012590914848123455
2022-11-04,54.808322868966,55.55268828058814,53.443655764651,55.47293472290039,2309200,0.017078076475213512
2022-11-07,55.47292481894011,55.47292481894011,53.57656654181297,54.267765045166016,1444500,-0.0219648340703097
2022-11-08,54.44499527456798,54.941239949113374,54.10826107650281,54.48044204711914,1873000,0.003911370656710727
2022-11-09,54.250051875626774,54.489312551027886,52.67270409487769,53.284149169921875,2902100,-0.022202877731350053
2022-11-10,54.834910713463564,55.03872461367316,52.87651850983251,54.6754035949707,2212000,0.025775050234262256
2022-11-11,54.59565114297965,54.63109792122824,52.20304769745308,52.62839889526367,2466000,-0.0381580712448714
2022-11-14,52.84993705167359,52.93855399874202,50.882684771836,50.89154815673828,2752700,-0.03355901523251593
2022-11-15,51.66248681323525,53.142357423647994,51.66248681323525,52.911956787109375,3639700,0.038932477777756
2022-11-16,53.098052106700976,53.75380392384039,52.56636400228888,52.68156433105469,2536700,-0.004363768140665527
2022-11-17,52.308190313928066,52.65739199957277,51.91422364797231,52.10225296020508,2308800,-0.011057380582311557
2022-11-18,52.666346689491284,52.93496049274847,51.59188806085269,52.51413345336914,5822500,0.007874151180490244
2022-11-21,52.37982381194065,52.77379048791523,52.12016232714367,52.290287017822266,3053400,-0.004271704856076889
2022-11-22,52.594717077561775,53.3468377637732,52.52308490953699,53.006591796875,5398200,0.013605642197358318
2022-11-23,51.96795005216363,52.52308570027425,51.55607532664961,52.22761154174805,3531500,-0.014804967565560096
2022-11-25,52.62157806747316,53.024500478448104,52.245516012026606,52.83646774291992,1134600,0.011590317475141988
2022-11-28,52.46934992266455,52.863319934031814,52.17387582974816,52.54993438720703,3798700,-0.005437780510083645
2022-11-29,51.72619440552518,52.33505415457529,51.117334656475066,51.994808197021484,2733800,-0.010619977511942573
2022-11-30,51.92318163775952,53.06031328922778,51.48444314116648,53.01554489135742,8247200,0.019441299153190435
2022-12-01,53.55277505157099,53.785572766119635,52.460408399927125,52.720069885253906,2710000,-0.0055889545988641815
2022-12-02,52.32610146437834,52.576810644527605,51.87841064735235,52.379825592041016,1994800,-0.006474706379208115
2022-12-05,51.851548276941,52.40668391211596,51.76201148325818,52.07539367675781,3355800,-0.005828962485214287
2022-12-06,52.03957309716429,52.38877134421253,51.77095932371254,52.35295867919922,3225100,0.005315906069917413
2022-12-07,52.35296258123724,53.46323383841919,52.263422373006634,53.42741775512695,4444000,0.020315602315914512
2022-12-08,53.49905178623815,55.621105268919855,52.98868453617052,55.5136604309082,3708100,0.03830506904903933
2022-12-09,55.48679539478255,56.7671912764153,55.35248679689006,55.86285400390625,2691900,0.006270526940907325
2022-12-12,56.310540312813536,56.561246032358035,55.79122083438431,56.534385681152344,1620600,0.011949397861910103
2022-12-13,57.179064438485064,57.573034493445896,56.07774557828077,56.63288116455078,2136400,0.0017407066727754632
2022-12-14,56.73137734971343,57.528266407932776,56.11356187467308,56.45380783081055,1719200,-0.0031670125813401343
2022-12-15,56.35531426741222,56.5881153862106,55.674825783344566,56.22996139526367,1348100,-0.003973007497558781
2022-12-16,55.710640644153486,55.87180959498515,54.412336724947046,55.43307113647461,3053800,-0.014273368183103735
2022-12-19,55.459933191472544,55.683778583872815,54.886889533425375,55.236087799072266,1687200,-0.0035598634221432313
2022-12-20,55.15550719271029,55.76436697602546,54.868985343574906,55.522613525390625,1561200,0.0051738845266504595
2022-12-21,55.80913647620734,56.462764630922685,55.531566952036556,56.42694854736328,1542300,0.01615646683734189
2022-12-22,56.238914327879804,56.373219506101144,55.200271904498095,56.059837341308594,988500,-0.006527211290384815
2022-12-23,55.988202604370535,56.731370868983944,55.75540492346579,56.713462829589844,837300,0.011591978002968939
2022-12-27,56.82090955644071,56.91044975641489,56.40008257119489,56.83881759643555,833500,0.0022078784732092833
2022-12-28,56.838820363002746,57.13429791388551,56.301592799446226,56.61497497558594,1034500,-0.003945974942294464
2022-12-29,56.892545644991195,57.17011174505433,56.73137668951794,56.874637603759766,796300,0.004575979693199492
2022-12-30,56.87463448566103,57.053711472547995,55.853900100697615,56.34635925292969,742800,-0.009331876581261377
2023-01-03,57.017895392048715,57.017895392048715,55.38830130103529,56.34635925292969,1194600,0.0
2023-01-04,56.72242192782994,57.71629603165064,56.45380813599967,57.205928802490234,1454700,0.015139914540080325
2023-01-05,56.856736228922045,57.161166134331225,56.08670744373353,56.40009307861328,1301100,-0.0141867345749332
2023-01-06,56.89254778798648,58.54900238477759,56.7313788264424,58.0028190612793,1646400,0.02802080503739999
2023-01-09,57.823751058505174,58.29830226021537,57.40292057209193,57.55513381958008,1312600,-0.007748276432689859
2023-01-10,57.13430119463461,57.54617249577605,56.83882362678501,57.46559143066406,1315900,-0.0015569786542404306
2023-01-11,57.465590905144076,57.83269380599625,57.38500300954957,57.671531677246094,1128300,0.003577307833362036
2023-01-12,57.64466278674342,57.89537536356457,57.0178984227386,57.2327880859375,1102600,-0.0076367141719791065
2023-01-13,56.86568249680275,57.232788807035,56.22996239638269,56.310546875,1009000,-0.016245101362257798
2023-01-17,56.310546794584674,56.66870079139672,55.58528990367429,56.024024963378906,1655300,-0.005101235145492815
2023-01-18,56.292637097755545,56.292637097755545,54.1437234269065,54.18849182128906,2224000,-0.03331205805645819
2023-01-19,54.11686009283984,54.24221637997215,53.006588874544654,53.05135726928711,1643600,-0.021208108429661858
2023-01-20,52.764830812164924,53.50799566335677,52.00375792152625,53.400550842285156,2006800,0.006560611860888108
2023-01-23,53.14089526205594,54.170585442496005,52.98868203336305,53.84824752807617,1493900,0.008348798178684197
2023-01-24,53.946741306438405,55.12864474313981,53.508002820331036,54.93165969848633,1316200,0.019920002199146813
2023-01-25,54.83317285601347,55.66587463459335,54.43920275043817,55.450984954833984,1888700,0.00940961488583284
2023-01-26,55.3703917991626,55.66586591645838,54.93165336365148,54.97642517089844,903900,-0.00859501648862245
2023-01-27,54.92270310844894,55.4778386998861,54.663041645373205,55.28085708618164,969100,0.005522223705994023
2023-01-30,55.19131940371414,55.5584257106262,54.98538205257904,55.236087799072266,1137900,-0.0008101796444826326
2023-01-31,55.4957499139651,56.15833378597889,54.985382686655825,56.09565734863281,1709700,0.015441896269033683
2023-02-01,55.78227160753313,56.61497674804208,55.31667277725643,56.310546875,1761700,0.0038234506651382712
2023-02-02,56.355310885174774,57.08057113629055,55.89866781895258,56.62392807006836,1453900,0.005549802211829348
2023-02-03,56.30159703463418,56.45381027003499,54.054187263170654,55.191322326660156,1547600,-0.02562591659609965
2023-02-06,55.07491808298044,55.64796514872626,54.555598555898065,55.62110137939453,1639100,0.00775691377071095
2023-02-07,55.442026302334135,55.69273546964691,54.385479170609855,55.495750427246094,1200700,-0.002256201526315959
2023-02-08,55.119691266268134,55.22713609944255,53.75871085549007,54.27803039550781,1297800,-0.02218690064167226
2023-02-09,54.23326385528724,54.40338513160171,53.57068337649633,53.86615753173828,1257200,-0.007617142688788814
2023-02-10,54.05418994802166,54.689913523545975,53.90197670506047,54.68095779418945,1199200,0.015013122443542165
2023-02-13,54.70781429887455,55.04806026265518,54.63618554711584,54.93165969848633,743500,0.004574333633900654
2023-02-14,54.99432656937867,55.11968284046433,54.188485320339986,54.30488586425781,965600,-0.011475659713422988
2023-02-15,54.000465431964734,54.98538382401266,53.87510913906996,54.93165969848633,1353000,0.011475659713423002
2023-02-16,54.4929264031241,54.92270917450594,53.97360341961489,54.62723159790039,1186700,-0.005557356057276255
2023-02-17,54.87793829089806,55.853904357422195,54.62722912390555,55.60319519042969,963600,0.01770816142701816
2023-02-21,55.20922750045432,55.51365737104898,54.34070628407348,54.734676361083984,1024500,-0.01574322135310962
2023-02-22,54.55559539794922,55.0749148949708,54.519779317986526,54.55559539794922,1269800,-0.0032771649393316124
2023-02-23,54.45710928861414,55.00329261762957,54.10791100694455,54.403385162353516,1638600,-0.0027939015916685394
2023-02-24,52.11120608402342,54.797350692317316,52.075390002833224,54.286983489990234,1843000,-0.002141895704431671
2023-02-27,54.2690750187824,54.7883945294816,53.767660132926736,53.89301300048828,1426600,-0.007283642891607789
2023-02-28,53.60649674232448,53.79452947877131,52.532038113011865,52.65739440917969,1623100,-0.023194167241608193
2023-03-01,52.344008333161504,52.68425430284229,51.76201233344442,51.97690200805664,2554300,-0.013007245591247435
2023-03-02,51.869457625602465,52.76483924742801,51.708288660425076,52.65739440917969,929100,0.013007245591247375
2023-03-03,52.657390589939624,53.32892675760227,52.13806764745458,53.30206298828125,1225800,0.012168362306447815
2023-03-06,53.302060253545434,53.57962975155769,52.78274075331437,53.02449417114258,1267600,-0.005221074679532104
2023-03-07,53.20357125111803,53.5348648912645,52.09330001703415,52.272377014160156,1050800,-0.014285893586420085
2023-03-08,52.22984715625526,53.30665666898393,52.15745486034678,53.20711898803711,980100,0.01772413558184651
2023-03-09,53.23426897605752,54.347274660807855,52.989950149865294,53.189022064208984,1733900,-0.0003401800821658817
2023-03-10,53.17092460893689,53.351901902874054,51.8316981567695,52.08506774902344,1182500,-0.02097372270234367
2023-03-13,52.121262800487564,54.37442313547147,52.00363048819187,53.2885627746582,1628000,0.022843425881611566
2023-03-14,53.63241721768003,54.24773794981544,53.3428549263051,54.01246643066406,1877000,0.013493153690553253
2023-03-15,53.885778325339786,54.799712026738796,53.54192184201163,54.55539321899414,2503500,0.010001695087264634
2023-03-16,54.02152040453528,55.161671563103454,54.02152040453528,54.7725715637207,1651600,0.003972974907739648
2023-03-17,54.62778789230887,54.71827826698121,53.72290485671457,54.17534637451172,2915900,-0.010963608717642225
2023-03-20,54.4106174670798,54.70017976003468,53.958175952855946,54.32917785644531,1829100,0.0028354870193810773
2023-03-21,54.347270342021794,54.45585532774901,52.781823278024504,53.34284973144531,1808600,-0.018321484930962598
2023-03-22,52.998996537999375,53.45143803376639,52.057917398358875,52.07601547241211,1415000,-0.02403545596588563
2023-03-23,51.92219206048644,52.40177898795632,51.542139372188515,51.71406936645508,2175400,-0.006974607907132496
2023-03-24,51.90408640293987,53.80433921129065,51.822646799618866,53.795291900634766,1295900,0.03945607295767776
2023-03-27,54.021518854737586,54.2839357680683,53.388100028436014,53.49668502807617,985300,-0.005566262307600731
2023-03-28,53.37905723316373,54.247744207494776,53.35190839206544,53.60527801513672,813900,0.002027843770319754
2023-03-29,53.6957518735457,54.56443863637219,53.6957518735457,54.41061019897461,762700,0.014911641605797086
2023-03-30,54.70018005371094,54.99878965973736,54.27488392346363,54.70018005371094,659800,0.005307825814539244
2023-03-31,54.781619527102855,55.33359872832895,54.70017991623581,55.30644989013672,1345400,0.011022535187507716
2023-04-03,55.044036572886526,55.071181959292154,54.039615853620234,54.70018005371094,1534000,-0.011022535187507737
2023-04-04,54.60968696377505,55.25215650888479,54.401564290686274,54.944496154785156,1012700,0.004456513783909286
2023-04-05,55.17976600912098,57.16145857535982,55.17976600912098,57.14336395263672,1812400,0.03923975231971787
2023-04-06,57.613903128411906,57.84917465850076,56.926193517389386,57.270050048828125,2098500,0.002214533130945931
2023-04-10,57.02572941203472,57.02572941203472,56.0394067635255,56.862850189208984,1798200,-0.007135568911840094
2023-04-11,56.86284910300909,57.00763024810469,56.5551887381991,56.6185302734375,1010600,-0.0043059097847959055
2023-04-12,56.71807114253681,56.94429191019152,55.930823837617815,56.1932373046875,954200,-0.007539904616506077
2023-04-13,55.76793703332541,56.356108878218286,55.05307867619662,56.138938903808594,1045900,-0.0009667471412120682
2023-04-14,55.596009449426326,55.8946224918698,55.188814866973814,55.52362060546875,933700,-0.01102114315425103
2023-04-17,55.7226924358524,56.44659808882627,55.514566324508884,56.15703582763672,829100,0.011343450770851967
2023-04-18,56.17513393648803,56.47374350834504,55.686496325971724,55.86747360229492,911400,-0.005169634246953449
2023-04-19,56.02130497976724,56.600429532872184,55.912719989023714,56.546138763427734,957400,0.012074576954734776
2023-04-20,56.618530995493565,56.781410217285156,56.31087062675998,56.781410217285156,943400,0.004152067065305934
2023-04-21,57.26099437642488,57.378630131384966,56.59138289833906,57.025726318359375,964000,0.004293517679602132
2023-04-24,57.02572783176202,57.270046659230154,56.60948247467767,57.08906936645508,676800,0.0011101637473256002
2023-04-25,56.980481613874716,57.7677288297133,56.853798550619615,57.622947692871094,750700,0.009308217130645516
2023-04-26,57.080024216677096,57.595807276912325,56.10274886979675,56.1298942565918,921000,-0.0262523407578032
2023-04-27,56.05750226859291,56.76330990057751,55.9670118979188,56.582332611083984,932700,0.008028246750820766
2023-04-28,56.491848061191824,56.83570458046332,55.83128386091686,56.20228576660156,970800,-0.006739363725202909
2023-05-01,56.030357211648585,57.251951409255845,56.030357211648585,56.528045654296875,1378100,0.005779470180720866
2023-05-02,56.31087053755869,56.40136091166335,55.3155005853911,55.596012115478516,881400,-0.016625424114413877
2023-05-03,55.758888609004096,56.573284676827605,55.5417186254876,55.81318283081055,1097400,0.003898618790048835
2023-05-04,55.75889305962056,56.518994966308156,55.143572304118464,56.265628814697266,1124300,0.008073755154704324
2023-05-05,55.55981766823756,56.94428755582432,55.5326688309336,56.636627197265625,1523600,0.006572051454323676
2023-05-08,56.374211937353,56.926191136566494,56.06655156984982,56.14799118041992,686800,-0.008664994946833426
2023-05-09,56.184186541268176,56.39230922050243,55.686501573372794,56.247528076171875,845000,0.0017711902117070546
2023-05-10,56.58233741607137,57.24290164474155,56.22038625820202,57.11621856689453,1293900,0.015326019473533362
2023-05-11,57.02572526841411,57.36053100129264,56.22942728711081,56.491844177246094,576500,-0.010991837392331874
2023-05-12,56.80855530861482,57.107168364300264,56.19323457434312,56.43755340576172,799400,-0.0009614994293587037
2023-05-15,56.57328854237268,56.63663007954755,55.369792432340304,55.84033203125,994000,-0.01063837290343587
2023-05-16,55.85843004124188,55.939869653493815,54.546348933562896,54.5734977722168,960200,-0.022948028430462484
2023-05-17,54.573496688348776,54.73637590961774,54.021517488698905,54.32917785644531,1375000,-0.004486948080249635
2023-05-18,53.95708952123079,54.231353932698575,53.48169624720474,54.15821838378906,988500,-0.0031516954060171153
2023-05-19,54.5147602972722,55.31012810510444,54.167356863263436,54.19478225708008,1994300,0.0006749028538690869
2023-05-22,54.48733005151498,54.697603023713775,53.93880126415206,54.0027961730957,693300,-0.0035488092850134
2023-05-23,53.911379718360436,54.67932216794864,53.68282545940515,53.71025085449219,1188300,-0.005431951764410761
2023-05-24,53.59139742924279,53.9753703674309,53.006299130538,53.207427978515625,1034500,-0.009405864185096624
2023-05-25,52.96973443014194,52.96973443014194,52.229220854292535,52.4577751159668,1121300,-0.014189447774754275
2023-05-26,52.23835752351489,52.6040457094094,51.79953379291808,52.530906677246094,992100,0.0013931325140601656
2023-05-30,52.52176807441823,52.8965969101076,52.046374809343234,52.12865447998047,1096700,-0.007686907407675573
2023-05-31,52.247502072530054,53.0063003563795,52.01894782634656,52.887451171875,2053800,0.014451305211601737
2023-06-01,52.86917057483567,52.98801627339354,51.817819634010284,52.293212890625,1370000,-0.011299502796778648
2023-06-02,51.97323991095158,52.98802143375788,51.73554500322627,52.77775192260742,1389700,0.009223146806978201
2023-06-05,52.914882005247655,53.627970163662845,52.69546838633313,53.21657180786133,1155600,0.008280111178406324
2023-06-06,53.37199092834192,53.79252992310616,53.18914682573885,53.573116302490234,1219800,0.006677532742728311
2023-06-07,53.67368212069389,54.86216358714287,53.28056851054719,54.56961441040039,1195800,0.018429834478202317
2023-06-08,54.62446884154404,54.9718722976949,54.27706538539318,54.64275360107422,1299900,0.0013393941169797183
2023-06-09,54.670185350554604,54.87131424130105,54.25878693196493,54.304500579833984,1259000,-0.006209502215427606
2023-06-12,54.359343273636945,54.578756893329256,54.066794105687976,54.38677215576172,1106700,0.001513858280786622
2023-06-13,54.08507872719459,54.46905168881522,53.783388924278036,54.1673583984375,1160800,-0.0040424819397055466
2023-06-14,54.28620791773632,54.63360787624345,53.69196545653745,53.865665435791016,1144300,-0.005585213413542375
2023-06-15,54.0485111444057,54.633609499763935,54.01194511279178,54.49647903442383,1117200,0.011642824669965263
2023-06-16,54.45076800447325,55.017581591187124,54.14907470814186,54.22221374511719,2717200,-0.005045422532392748
2023-06-20,54.405053166397494,54.45990744292288,53.55483454875154,53.80167007446289,1476100,-0.007786163214664554
2023-06-21,53.61882944444585,54.121648106326234,52.896597163992695,53.94794464111328,1147600,0.002715084539169543
2023-06-22,54.20393126751171,54.38677538018537,53.24400403530173,53.29885482788086,732800,-0.01210474796599694
2023-06-23,53.69196627589016,53.88395101706771,52.311500081639544,52.39377975463867,1321700,-0.01712696822715009
2023-06-26,52.65889764667062,53.637109554732255,52.5857621003703,53.53654861450195,1516600,0.02157669502478906
2023-06-27,53.62797271664433,53.93880665721828,53.417703210882735,53.68282699584961,1107500,0.0027285828008322553
2023-06-28,53.77424636425136,53.77424636425136,52.60404966141275,52.75032424926758,990800,-0.017523235891012897
2023-06-29,52.357213546276,52.96059669059691,52.12865927210199,52.622337341308594,1126500,-0.0024292253600896848
2023-06-30,52.704613838838185,53.67368167087834,52.66804432018653,53.4085578918457,1591200,0.01483029939004639
2023-07-03,53.326286509774725,53.783395071713635,53.10687286556096,53.75596618652344,522400,0.006483666394112868
2023-07-05,53.65539466348383,54.981010015644756,53.408555654119155,54.62446594238281,1408000,0.016027216902577218
2023-07-06,54.295350460088756,54.743318352525264,53.6919673419355,54.487335205078125,1422100,-0.0025135834632561177
2023-07-07,54.395912547559405,54.395912547559405,53.60968535442443,53.6553955078125,1405800,-0.015386260441046832
2023-07-10,53.73767230910716,53.73767230910716,52.63147061386975,53.05200958251953,1204700,-0.011309287408045677
2023-07-11,53.28971470362561,53.90223847638706,53.13429598574822,53.874813079833984,693700,0.015390333644922129
2023-07-12,54.05765625242148,55.13643267255825,53.96623245306841,54.99015808105469,1256500,0.0204911463372122
2023-07-13,54.9353053962977,55.31927490234375,54.83474095782046,55.31927490234375,852400,0.0059671741384889065
2023-07-14,55.136428225243534,55.264418046552805,54.587895935753885,54.99929428100586,1259300,-0.005801045482040858
2023-07-17,54.7707434749262,54.99015710200576,53.984516251794595,54.35020446777344,785200,-0.011871978279019847
2023-07-18,54.37762637910638,54.93529930338356,53.271424653469296,53.9022331237793,975600,-0.008276467692083709
2023-07-19,54.15822284410478,54.862166946111124,54.02108888334632,54.65189743041992,1121100,0.013812025773541375
2023-07-20,54.962724266373584,55.68495652288954,54.368485317468625,55.5203971862793,770900,0.015766536406354652
2023-07-21,55.83123362929855,56.53518115945899,55.47468954631911,56.27920150756836,850800,0.013574574186885114
2023-07-24,56.40719569046364,56.40719569046364,55.62096842754346,55.90437698364258,609200,-0.006682366951585733
2023-07-25,55.82208907557031,56.178633133525345,55.61181959235224,55.767234802246094,643600,-0.002456170339961779
2023-07-26,55.76723858094754,56.44376071460917,55.74895382193385,56.05978775024414,714100,0.0052322526119769315
2023-07-27,55.89523137776928,55.90437550149279,54.52390576599884,54.6884651184082,1611200,-0.024765947770242193
2023-07-28,55.026724113334566,55.21871234824534,54.51476478680278,54.99015808105469,1319700,0.00550141339768726
2023-07-31,55.17299965152866,55.31013360918062,54.50562159837607,54.825599670410156,1063000,-0.0029969930943511284
2023-08-01,54.77074100553135,55.06329017014002,54.350202017339015,54.395912170410156,1410900,-0.007868225032744766
2023-08-02,54.295349082558346,54.78902711782986,54.15821861995707,54.58789825439453,1096200,0.0035232073796913925
2023-08-03,54.46905521023125,54.53305012672842,53.34456513472633,53.37199401855469,1744900,-0.022526062682538508
2023-08-04,53.19828853648379,53.71025133662533,52.23836133774699,52.38463592529297,1170700,-0.018672811008632988
2023-08-07,52.421200697010754,52.960588843640906,52.29321088043088,52.695465087890625,1414400,0.005916059580814434
2023-08-08,52.74118114496727,53.1800049170113,52.1286573863208,53.09772872924805,1331600,0.0076047534910926905
2023-08-09,53.09772748666623,53.63711219361879,52.96973417128666,53.11600875854492,1321600,0.0003442121501365753
2023-08-10,53.353707613303236,53.60968727139867,52.92402448367623,53.033729553222656,1280200,-0.0015502482268748982
2023-08-11,53.20743543003671,53.326284628437094,52.88745735549128,53.28057098388672,1203600,0.004643625043395574
2023-08-14,53.31713738881122,53.33542214807056,52.5217695420666,52.68632888793945,1636800,-0.01121573483663021
2023-08-15,52.36634969768556,52.36634969768556,51.7264005747779,51.826961517333984,1403000,-0.01644550153385395
2023-08-16,52.037237386752246,52.26579166934506,51.68069326390129,52.14694595336914,1248300,0.006155110528138965
2023-08-17,52.302357236960546,52.62233530087386,51.817823310487164,51.927528381347656,1287800,-0.004216555471754688
2023-08-18,52.1058977730709,52.38315441163305,51.79167264256461,52.12438201904297,1093300,0.0037837627737592762
2023-08-21,52.06892812541549,52.1983143188387,51.255638948243266,51.82863998413086,1022100,-0.00568993237730321
2023-08-22,51.78242821088796,52.28149227034392,51.54214006680327,52.161346435546875,1353900,0.006398838928558521
2023-08-23,52.50330745217045,52.56800055919513,51.97651870896389,52.26301574707031,1331500,0.0019472341802916915
2023-08-24,52.170593086276945,52.956154183141294,51.939545290080424,51.96726989746094,985000,-0.005674869668964324
2023-08-25,51.97651024691011,52.76207129032182,51.92105751041271,52.577232360839844,1266100,0.011669085826844706
2023-08-28,52.6696522589338,53.15022852774393,52.39239210895431,52.42012023925781,1260100,-0.00299268952886673
2023-08-29,52.4663299907065,52.89145705723385,52.27225070279306,52.752830505371094,959900,0.006326938126713732
2023-08-30,51.5144160787807,51.75470422574752,50.48856334165312,51.23715591430664,4911100,-0.029152459483393206
2023-08-31,51.514415377235636,51.680766537941416,50.775059649386264,50.80278778076172,2888000,-0.008513739650024495
2023-09-01,50.913690339767534,51.01535192984037,49.25014698319316,49.536643981933594,2657900,-0.025238552488725648
2023-09-05,49.54589040245282,49.61982386460042,48.31671442397366,48.732601165771484,1967700,-0.01636444358751101
2023-09-06,48.78805116520512,49.305595947687316,48.520034888271454,49.26863098144531,1697100,0.010939355545916562
2023-09-07,49.59209584475972,50.05419140929364,49.35180770242621,49.5458869934082,2100000,0.0056116600116567356
2023-09-08,49.73996627676913,49.96177369893555,49.47195000325828,49.850868225097656,1342300,0.006136662874283602
2023-09-11,49.41649852821983,49.59209356548893,48.621693629669515,48.714111328125,2532700,-0.023067164561151293
2023-09-12,48.72335840152297,49.07454849904154,48.38140513874147,48.991371154785156,1755900,0.005675435274226439
2023-09-13,48.96364944965918,49.76769480810475,48.861987853376824,49.647552490234375,1522700,0.013304910292520379
2023-09-14,49.906318768696416,50.49780050113282,49.786172940073634,50.31296157836914,1625500,0.013313635351171334
2023-09-15,50.35917456655981,50.72884889108054,49.92480362160096,50.03570556640625,3197600,-0.00552586746505428
2023-09-18,50.30372183140253,50.433108021260246,49.78617354646239,50.03570556640625,1915300,0.0
2023-09-19,50.072678224899256,50.46083682678535,49.21318014871197,50.10040283203125,1840200,0.0012921867179001244
2023-09-20,50.146608577439636,50.58097953163417,50.00798202486283,50.22978591918945,1401600,0.0025791471239105163
2023-09-21,50.20206650476595,50.35918084454346,49.76769550565662,49.776939392089844,2744500,-0.009056383374606026
2023-09-22,49.58285548469317,49.82314362702668,49.203937262795726,49.5458869934082,1221300,-0.004652562233200848
2023-09-25,49.231664526552905,49.471952681859726,48.843502398122425,49.25014877319336,905300,-0.005986861745068566
2023-09-26,49.03758610448591,49.03758610448591,47.447976119995644,47.5403938293457,1356000,-0.03533264232332205
2023-09-27,47.5588765807407,47.84537711153173,47.08754063706205,47.17995834350586,1701800,-0.007610555013537365
2023-09-28,47.401766144632575,47.47569960526274,46.403637984803844,46.59771728515625,2133100,-0.012417636417470488
2023-09-29,47.09678306617847,47.48494520641301,46.60696285459432,46.85649490356445,2605400,0.0055380763209259345
2023-10-02,46.68089480352711,47.549636766316624,44.07467596617768,44.45359420776367,4860400,-0.05264381269743929
2023-10-03,44.287237930533294,45.4979295984195,43.70500004814988,45.28536605834961,3100900,0.018538116970953016
2023-10-04,45.239154879594366,45.285363729318355,44.296479538086224,44.998863220214844,2853200,-0.0063467075509122586
2023-10-05,45.13749920372071,45.18370805949377,44.4443557905957,44.6754035949707,1603500,-0.007214132650699833
2023-10-06,44.074673355676076,45.20218765310576,43.36304576840565,45.091285705566406,2395100,0.009265911205334326
2023-10-09,45.109772755282876,45.655045692386,44.79554761313006,45.60883331298828,2501700,0.011412404531661252
2023-10-10,45.58110694572054,46.23728181192006,45.58110694572054,45.93230056762695,1360300,0.007067174880224135
2023-10-11,46.16335089818401,46.63468685643869,45.765948402268855,46.48681640625,1167000,0.012000168604529448
2023-10-12,46.35742964248316,46.47757548353046,45.32233650367839,45.50717544555664,1770300,-0.021298738625900118
2023-10-13,45.784430916994694,46.218798364890674,45.590351619498016,46.16334915161133,1912900,0.014316159221997289
2023-10-16,46.348191694533874,46.93042963232094,45.802918726639014,46.606964111328125,1380600,0.00956379956961323
2023-10-17,46.31122030001065,46.82876510120042,46.08941286699394,46.2927360534668,1686600,-0.006764914325144171
2023-10-18,46.21879863847968,46.422121823066135,45.1652212738217,45.47944641113281,2747400,-0.017724563420274408
2023-10-19,45.220676989831276,45.497933652649564,44.79554987180925,44.841758728027344,3001100,-0.014120676932662704
2023-10-20,44.98038547863712,45.43324073262969,44.66616384487911,44.703128814697266,2312400,-0.0030963247124585085
2023-10-23,44.42586598187221,45.15597779842279,43.862108845687814,44.65691375732422,2466200,-0.0010343562998244337
2023-10-24,44.90645389966261,45.4517268893679,44.77706768609015,45.22991943359375,1788200,0.012749663503173529
2023-10-25,45.026592703283434,45.37778279214465,44.76781679113753,45.19294738769531,2304400,-0.0008177588094362723
2023-10-26,45.28536589038291,46.098655081271204,45.28536589038291,45.42399597167969,2007800,0.005099467629604375
2023-10-27,45.34081672388625,45.56262061403499,44.527527567152575,44.65691375732422,1795000,-0.01703137232334176
2023-10-30,44.72160933732414,45.32233499708183,44.49980543485107,44.804786682128906,2412400,0.003305840571963078
2023-10-31,45.04507861214662,45.488689945122466,44.91568888854119,45.41475296020508,3140300,0.01352202803484372
2023-11-01,45.516413938831434,46.366668100875735,44.86023907131776,46.03396224975586,3814500,0.013542426518374572
2023-11-02,45.923055212102284,47.411003470586465,45.89533060682919,47.17071533203125,3072700,0.024393828309776128
2023-11-03,47.92855696819186,48.06718353511929,47.30934702095161,47.32783126831055,2149000,0.0033252592067381055
2023-11-06,47.23540450404277,47.558869957055485,46.91193552552103,47.06904983520508,2823300,-0.005482852364684927
2023-11-07,46.92118830519407,47.401768158996006,46.209560648151374,46.51454544067383,3586200,-0.011850600145886028
2023-11-08,46.69937458795834,46.69937458795834,45.100524427427715,45.82139587402344,2849900,-0.015013927998851415
2023-11-09,45.8768481048034,46.015478187455464,45.15598013623536,45.59035110473633,3548500,-0.005055045307042872
2023-11-10,45.74746109545352,45.858363044299864,45.51641331214314,45.664283752441406,1808600,0.0016203596452287218
2023-11-13,45.433235680551505,45.67352382244391,44.342689868212645,44.40738296508789,2825000,-0.02791071658291848
2023-11-14,45.359304688829155,46.191074633362994,45.229914962537194,46.15410614013672,5418000,0.038580192162870855
2023-11-15,46.14486225442665,47.12450609702736,46.070925273622386,46.45908737182617,2060200,0.006586153064479922
2023-11-16,46.68089661553826,47.02284990270155,46.375915348525496,46.51454544067383,1737100,0.001192985016233395
2023-11-17,46.80103985581226,46.819524102104005,46.20031771612327,46.56999206542969,3568600,0.0011913177590829964
2023-11-20,46.44060534641109,46.8657324298281,45.74746198303182,46.64392852783203,2118300,0.0015863827513647093
2023-11-21,46.64674052412036,47.030548587423354,46.05698545138473,46.99310302734375,2104600,0.007458077476820127
2023-11-22,47.049268725152835,47.639023809529505,46.571850323232354,47.58285903930664,2578900,0.01247174532501362
2023-11-24,47.667098384707494,47.676461558880696,47.18968006100879,47.320735931396484,772800,-0.0055240009514691615
2023-11-27,47.35818501034566,47.66710193196188,47.021182135124384,47.479881286621094,1527200,0.0033574782399965627
2023-11-28,47.46115855895203,48.44408123206837,47.348825457425704,47.985382080078125,2172400,0.010590355071234478
2023-11-29,48.06027800255999,48.313030184530646,47.31138463246467,47.40499496459961,4231800,-0.012168822378750525
2023-11-30,47.47051752996375,47.87304834032196,47.02118155884398,47.77943801879883,2080100,0.007867777829275663
2023-12-01,48.01346881052458,48.537692340132104,47.489241709912086,48.45344161987305,1867000,0.014007990301529735
2023-12-04,47.049266270784706,48.18197121492865,46.656098615713695,47.22713088989258,9573700,-0.0256348358373505
2023-12-05,46.93693405228029,48.041553062649506,46.759073000815974,47.93857955932617,8994400,0.014952064573797181
2023-12-06,48.02282411350804,48.687466641021956,47.6202933273225,48.63130187988281,3751600,0.014346796167579503
2023-12-07,48.61258060737668,48.79044164149766,48.09771671196983,48.397274017333984,3352200,-0.0048239050033414485
2023-12-08,48.48152669151543,48.55641423537986,47.95729960044477,48.26622009277344,2020300,-0.0027115511613762444
2023-12-11,48.15388405368254,48.612583210776776,47.695188467593255,48.472164154052734,2722000,0.004257759192573928
2023-12-12,48.65938852456153,48.65938852456153,47.83560410261949,48.06963348388672,2338900,-0.008339040968035222
2023-12-13,48.078996449799774,49.97931387470341,47.844967069550364,49.92314910888672,3398800,0.037834147938529794
2023-12-14,50.31631217333035,50.92478993499108,49.857613058554705,49.96058654785156,4486400,0.0007496203555422124
2023-12-15,49.14617016100367,49.70783924872743,48.17260707601116,48.45344161987305,5910400,-0.030631055257919294
2023-12-18,48.715557305443824,48.89341835126551,48.172607421875,48.172607421875,2158400,-0.005812821522541623
2023-12-19,48.359831976632144,48.70619446657275,48.19133053374104,48.53769302368164,2230000,0.007550123087452083
2023-12-20,48.50961021392091,48.75300277196036,47.73263451942187,47.78879928588867,2766400,-0.015549384368639594
2023-12-21,47.90112832220331,48.31302228667632,47.63901657826935,47.807518005371094,2453300,0.00039162010110975763
2023-12-22,48.17260864752405,48.81853204758352,48.08835792451652,48.097721099853516,1858200,0.006051890030669226
2023-12-26,48.10707699861745,48.715554792469575,48.069631442163974,48.48152542114258,1698400,0.00794800861570831
2023-12-27,48.6313069202906,48.6313069202906,48.13516219577566,48.53769302368164,1906900,0.0011578656211523486
2023-12-28,48.416004661823635,48.96831420289026,48.35983631881496,48.90278625488281,1318900,0.007493701640305052
2023-12-29,48.7249183093505,48.902782931287035,48.528334478688635,48.86533737182617,1447900,-0.0007660755571232437
2024-01-02,48.790442762999405,50.22270495638645,48.66875005996375,50.01675796508789,2267900,0.023289810648628513
2024-01-03,50.14781535998882,50.5971513419577,49.64231104114697,50.42864990234375,3929300,0.008201355437329333
2024-01-04,50.3443990368773,50.606514370521154,50.05420489138562,50.18526077270508,2222200,-0.004838090533579856
2024-01-05,50.129085510245524,50.775008794658824,49.90441933645307,50.26950454711914,1772900,0.0016772483394915845
2024-01-08,50.2414268518885,50.50354219238493,50.007397465984035,50.47545623779297,2051600,0.004088581224676426
2024-01-09,50.74692916870117,50.990321720146135,50.11036897862114,50.74692916870117,3153200,0.005363904055555028
2024-01-10,50.512899839225696,50.93415343173135,50.37248435572708,50.62523651123047,3066300,-0.002400909857479009
2024-01-11,50.52226711586419,50.653323006171696,49.632954697485175,49.941871643066406,2983400,-0.013590435258484492
2024-01-12,50.28823466085582,50.56906920457441,49.90442661787258,50.40992736816406,2408300,0.009328365287442504
2024-01-16,50.24142241356735,50.24142241356735,49.31466812701784,49.48316955566406,2690900,-0.018555524489519665
2024-01-17,49.18361353512358,49.529976004806194,48.35046954456023,48.48152542114258,2999300,-0.02044979655839427
2024-01-18,48.238133641201216,48.3504703123455,47.57349107311944,47.63901901245117,3763200,-0.017530653626708158
2024-01-19,47.648386425145894,47.835607085028364,47.0586313477016,47.217769622802734,2491900,-0.008881855794965041
2024-01-22,47.06799143598611,47.732637641017746,46.51568191324459,46.67482376098633,2883200,-0.011565383257307544
2024-01-23,46.77779100215252,46.95565203544796,46.23484115682209,46.843318939208984,3388700,0.0036034796176294395
2024-01-24,47.12415707462073,47.35818645946271,46.16931675594486,46.1973991394043,5393700,-0.01388489234311572
2024-01-25,46.57184353236688,46.94629194394357,46.2067582951322,46.88076400756836,2525900,0.014683941406587709
2024-01-26,46.98374195141888,47.1990485749904,46.515683142522875,46.58121109008789,2154900,-0.006410177890963305
2024-01-29,46.7497086481665,47.60157546647353,46.49695648392089,47.36754608154297,2357400,0.016740048040630798
2024-01-30,47.12415398178109,47.65774065852018,46.65609524281665,47.4517936706543,2495800,0.0017770132443674501
2024-01-31,47.80752600526248,48.24750242420785,47.00246429017321,47.52669143676758,11112100,0.0015771525846868704
2024-02-01,47.339461423309885,48.55641345227062,47.0773496675043,48.4440803527832,2676100,0.019118672126563124
2024-02-02,47.89177580185977,47.96666692320529,47.04926854174873,47.46116256713867,2182700,-0.020498403897776702
2024-02-05,46.92757264814709,47.06798813465322,46.45015070941332,46.49695587158203,1967700,-0.020524901110130358
2024-02-06,46.33781594830755,46.61865048227814,46.2067600705216,46.48759460449219,2157300,-0.00020135102172443844
2024-02-07,46.66545958640473,46.712268321859604,46.19740079989714,46.225486755371094,1848900,-0.005654186951216448
2024-02-08,45.98208919221167,45.98208919221167,44.971084180089754,45.51403045654297,3527400,-0.015510667244690888
2024-02-09,45.51403575645081,46.122513612076574,45.308092317058616,45.94465255737305,2495900,0.009416826676501708
2024-02-12,45.94464875111572,46.599928146266244,45.70125620062706,46.59056854248047,4081100,0.013960662073375445
2024-02-13,46.54376742856743,46.646740934188976,45.092782316271304,46.04762268066406,2089100,-0.01172199222791967
2024-02-14,46.04762268066406,46.33782041732432,45.75742851500899,46.04762268066406,1909400,0.0
2024-02-15,46.35653863572434,46.993098816010914,46.34717546104095,46.74970626831055,2554300,0.015131836056734021
2024-02-16,46.525044541665395,47.19904677245178,46.19740124534775,46.833961486816406,2748100,0.0018006398614640116
2024-02-20,46.92757532832217,47.37691133861367,46.759073878087214,46.97438049316406,2043000,0.0029937446555261104
2024-02-21,47.21776931825021,47.48924427273605,46.94629793476954,47.37691116333008,2018300,0.008532646566220941
2024-02-22,47.10543515413348,47.33946454324226,46.759072658133924,47.04926681518555,3162900,-0.006939720956545612
2024-02-23,46.98373662595144,47.573491658194904,46.92757186069343,47.33946228027344,3482800,0.006148962534395239
2024-02-26,47.21776201105229,47.21776201105229,46.253562198271936,46.309730529785156,1810900,-0.021992143703762453
2024-02-27,46.487598679284645,47.02118541190087,46.32846040545409,46.99310302734375,1653500,0.014648745201555326
2024-02-28,46.702901398046556,47.030544664908696,46.52504035901045,46.609291076660156,2136900,-0.008200946257365964
2024-02-29,46.58120664207654,47.14287930172115,46.328458051892184,46.37526321411133,3767200,-0.0050337038981771816
2024-03-01,46.300370084998825,46.39398397637252,45.49530847420913,45.98208999633789,2653700,-0.008514223919656132
2024-03-04,45.8604026363967,46.8526850035164,45.73870634893675,46.7965202331543,2804800,0.01755687339895491
2024-03-05,47.133514404296875,47.89177086015626,46.85267987023946,47.133514404296875,2728500,0.007175460295529751
2024-03-06,47.54540589388667,47.91985072932558,47.18032066165675,47.44243240356445,3005400,0.006532720175055028
2024-03-07,47.86369195488969,48.15388611372674,47.75135527630267,48.07899856567383,3266400,0.013328434871714603
2024-03-08,48.31883915280638,49.26682498752479,47.901723071111746,48.878150939941406,4148600,0.016485024077809354
2024-03-11,48.707511150173104,49.42797876307013,48.6601125836881,48.94450759887695,2310300,0.0013566727812249473
2024-03-12,48.70751235601827,48.75491092367672,47.96808095868666,48.603233337402344,2258000,-0.006997100098475955
2024-03-13,49.20994352849454,49.62705598537396,48.622193335555615,48.76438903808594,2793700,0.00331025537875998
2024-03-14,48.821267162487466,48.935024442346865,47.968078522845126,48.2903938293457,2273000,-0.00976765829100776
2024-03-15,48.176641215640146,49.02982993791817,48.16716294818331,48.91606903076172,3810100,0.0128732971790145
2024-03-18,48.65063274336811,49.24786483173647,48.54635372295533,49.067745208740234,2235600,0.0030959460050740523
2024-03-19,49.001384683599774,49.70289576652568,49.001384683599774,49.484859466552734,1651900,0.00846485488302462
2024-03-20,49.59861619214977,49.63653649161743,48.821268134456844,49.07722473144531,2270100,-0.008271680994636106
2024-03-21,49.04878521172644,49.47537591416643,49.00138303031869,49.09618377685547,2158700,0.00038623586435301914
2024-03-22,49.41850049628465,49.56069619573967,48.688551000323336,48.94450759887695,2400400,-0.0030941499261063475
2024-03-25,49.08670163112541,49.162542227948585,48.461031172449005,48.745426177978516,1694200,-0.00407578731599624
2024-03-26,49.00138691099253,49.06774563068421,48.404158433767435,48.61271286010742,1925400,-0.0027262928684450268
2024-03-27,48.77387347660223,50.30960956531564,48.77387347660223,50.2906494140625,2169900,0.03393408530045266
2024-03-28,50.35700676412159,50.812039532969436,50.23377120875044,50.603485107421875,2158400,0.0062012860782290095
2024-04-01,50.60348310051527,50.60348310051527,49.91145389932058,49.99677276611328,1453500,-0.012061990895036045
2024-04-02,50.06313323461957,50.64140155613825,50.05365135115592,50.25272750854492,2071000,0.005106365575844687
2024-04-03,50.1200055987637,50.17688604563402,49.71237143688966,49.97780990600586,1310800,-0.005485719204096821
2024-04-04,50.32857353405312,50.45181271840683,49.6081058131809,49.93989944458008,2306300,-0.0007588337140900988
2024-04-05,49.60809863306921,49.75029433325391,49.14358400006331,49.484859466552734,2040500,-0.009153517900472755
2024-04-08,49.41850600606785,50.15793385125515,49.39954585410417,50.03469467163086,1997400,0.011049904803525258
2024-04-09,50.26220798487899,50.40440368634212,49.9304107822406,50.21480941772461,1651100,0.0035933332844677547
2024-04-10,49.3616190865843,49.45641621771038,48.69802831986551,48.991905212402344,1890800,-0.024654906795737896
2024-04-11,49.295261280080766,49.32369969668698,48.32831533640265,48.783348083496094,2053700,-0.0042660578863161725
2024-04-12,48.80231233722599,49.058268957042316,48.04392436162899,48.29988098144531,1882000,-0.009959930327218288
2024-04-15,48.489476069046546,48.735950790725646,47.65524753610075,47.769004821777344,1985600,-0.01105210202136051
2024-04-16,47.70264535404183,47.74056565409768,46.972695851221616,46.982177734375,1956200,-0.016608661826174303
2024-04-17,47.190728836805704,48.03443556424117,47.11489185830069,47.90171813964844,1260500,0.019383040421621527
2024-04-18,48.252476044265244,48.423113768294364,47.74056287217788,48.30935287475586,1713000,0.008473810134457081
2024-04-19,48.38519786688393,49.26682498238234,48.38519786688393,49.067745208740234,1932300,0.015576715329710927
2024-04-22,49.096185733281175,49.6460156199897,48.92554799899398,49.5417366027832,1461100,0.009613579462935987
2024-04-23,49.35214108346547,49.98728982121439,49.22890191932062,49.532257080078125,1938500,-0.0001913624833646833
2024-04-24,49.077224689962094,49.96833002902598,48.81178982647047,49.75029373168945,2108200,0.004392252220688221
2024-04-25,49.51330058555023,49.854576070664955,49.1341084147509,49.693416595458984,1679400,-0.001143906281160213
2024-04-26,49.5796566521247,49.83561325226081,49.00138473510742,49.00138473510742,1191600,-0.014023903849099423
2024-04-29,49.2478605949257,50.03468688950384,49.200462030528236,50.006248474121094,2010700,0.02029940949105807
2024-04-30,49.62705441527441,50.063130624895976,49.20994197159158,49.72185516357422,1823900,-0.0057033889361900025
2024-05-01,49.47537768371114,50.58452295204965,49.399540700048036,50.18636703491211,2208600,0.009298838638994262
2024-05-02,50.44232547912821,50.783600958784014,50.08209346507284,50.76464080810547,2149400,0.011456648341323183
2024-05-03,51.11539588609948,51.37135250250691,50.55608769977247,51.286033630371094,3072000,0.010218401042957116
2024-05-06,51.333436126889346,51.47563183712294,50.897359879847365,51.153316497802734,2469400,-0.002591137227197167
2024-05-07,51.37134623555122,51.83586084190725,51.10591138407843,51.61782455444336,1877400,0.009039720977053295
2024-05-08,51.51355014934176,51.854825626762896,51.314473992939085,51.73158645629883,1541000,0.002201501618432338
2024-05-09,51.33343230382433,52.95448714720097,51.33343230382433,52.82176971435547,4723700,0.020854859376005102
2024-05-10,53.15356868017871,53.29576801050387,52.41414084155792,52.537376403808594,4709000,-0.005398563138231998
2024-05-13,52.79332657792975,53.14408391886578,52.565812016744,52.840728759765625,2802500,0.005757423583279426
2024-05-14,53.37159642704812,53.40951672454667,52.28141499605419,52.42361068725586,2419000,-0.007925195900531527
2024-05-15,53.1251216451727,53.23887892121697,52.68904907343748,52.74592590332031,1846200,0.006129459834767089
2024-05-16,52.79332446698221,53.02084263534936,52.56580991489366,52.74592590332031,2121900,0.0
2024-05-17,52.85430908203125,53.353025551148406,52.69126540051266,52.85430908203125,2062200,0.002052707871019542
2024-05-20,52.86389969293134,52.96939790309953,52.60495053848918,52.83512878417969,978900,-0.0003629558156304396
2024-05-21,52.95021254064211,53.381794435882476,52.88307798566682,53.353023529052734,1153800,0.009754362232582428
2024-05-22,52.9598033142731,53.199570618436155,52.52822143506787,52.59535598754883,1311900,-0.014302822965321179
2024-05-23,52.374772226705595,52.46108860538122,51.21429931450121,51.2238883972168,1853600,-0.026421833142300618
2024-05-24,51.39651962385948,51.5403814702206,51.22388687164963,51.24306869506836,1191900,0.0003743704042718384
2024-05-28,51.271835464695464,51.55955547564791,50.91698090647272,51.080020904541016,1305300,-0.003186923482561911
2024-05-29,50.571721044532445,50.677219247258044,50.274408260356566,50.418270111083984,2166100,-0.013039828821933018
2024-05-30,50.84025711460917,51.14716262709324,50.456631626481794,51.10879898071289,1493500,0.013603062196483433
2024-05-31,51.358154474823145,52.45149276780017,51.25265627838525,52.42272186279297,3494200,0.02538344688550662
2024-06-03,52.355591140537186,52.68167483584504,51.92400924107696,52.06787109375,2002300,-0.006792039803015876
2024-06-04,51.90482604220068,52.7200370881602,51.885644218448356,52.34600067138672,1919800,0.005327457563881671
2024-06-05,52.09663709536005,52.20213528957856,51.5787388647739,51.607513427734375,1575700,-0.014208267484010611
2024-06-06,51.473244791969265,51.847284871936225,51.20470657322679,51.2238883972168,1039400,-0.00746127745862237
2024-06-07,50.67721771071861,51.147163238095054,50.552537687772414,50.79230499267578,811400,-0.008461126904964613
2024-06-10,50.36072567935628,50.993711250226276,50.36072567935628,50.878623962402344,1473400,0.001698007313466835
2024-06-11,50.447041444475566,51.156754304276554,50.37031780638185,51.09920883178711,1672200,0.004326140443862156
2024-06-12,51.65547169223273,51.65547169223273,50.68680967652677,50.94575881958008,1591300,-0.0030075001521867816
2024-06-13,50.87862136878334,51.13757049710603,50.16891219506226,50.79230499267578,1318900,-0.0030166476051419608
2024-06-14,50.54295043868387,50.926575945309246,50.360724938869865,50.58131408691406,940200,-0.004162645318208408
2024-06-17,50.21686447063211,51.05125365976086,50.01546081438702,50.46622085571289,1154500,-0.0022780027447001196
2024-06-18,50.427862236154645,50.97453140854462,50.351134941088574,50.63885498046875,1277000,0.0034149480844121597
2024-06-20,50.56213164637538,51.24306993064489,50.5333570812741,50.705989837646484,1370500,0.0013248797631178974
2024-06-21,50.907396243254894,51.10879990254632,50.456632536552284,50.50458526611328,2983800,-0.00397991686493816
2024-06-24,50.5333528490123,51.42528746271552,50.5333528490123,51.18552017211914,981700,0.013392553400856188
2024-06-25,51.089618998153746,51.089618998153746,50.46622252696915,50.705989837646484,1323100,-0.009412636535917895
2024-06-26,50.264818262376565,50.7347637954447,49.967505483614374,50.66762924194336,1397800,-0.0007568161792466337
2024-06-27,50.6388564838472,51.156754765242276,50.456634640493625,51.070438385009766,1117000,0.007918594431297341
2024-06-28,51.27184083642649,51.291022660307455,50.744353484655946,50.80189895629883,2429000,-0.0052720897099637395
2024-07-01,51.09920901105092,51.31020541902688,50.399088890154815,50.55253982543945,1191800,-0.004920546884290334
2024-07-02,50.773126844460165,51.12798511556579,50.504588614269096,50.629268646240234,1030500,0.0015166527791430485
2024-07-03,50.64844726857909,51.08961823558632,50.293589019910925,50.31277084350586,605700,-0.006270902420886222
2024-07-05,50.30318069572561,50.84984985164888,50.17850067427823,50.65803527832031,3045600,0.006838922927680623
2024-07-08,50.71558227535465,50.85944046576483,50.427862235975496,50.734764099121094,1539200,0.0015134967358355995
2024-07-09,50.61008073897514,51.36774626430907,50.61008073897514,51.06084442138672,1323500,0.0064065914496462045
2024-07-10,51.338972021916966,51.5116047669588,51.07043382232237,51.48283386230469,1471600,0.008230479540749815
2024-07-11,51.77055979507135,52.53781449476523,51.60751977200596,52.40354537963867,2050700,0.017725819911769955
2024-07-12,52.69126235805436,53.23793152832611,52.45149504974013,52.79676055908203,1924200,0.0074755868274155824
2024-07-15,52.25008879542764,52.46108518701036,51.87605239839177,51.904823303222656,1008000,-0.017038115377160462
2024-07-16,52.19254471135473,52.69126114014805,52.01032287832895,52.528221130371094,926000,0.01193885010704658
2024-07-17,52.74880615574939,53.5160607863031,52.71044250958204,53.007755279541016,1400000,0.009087658364350397
2024-07-18,53.00776109057629,53.74624489674093,52.8159464972703,52.86389923095703,850400,-0.002717557173955758
2024-07-19,53.01734801764415,53.113257139676,52.5186315587553,53.10366439819336,1009400,0.004525263546395102
2024-07-22,53.05571014120977,53.43933930119074,52.94062285663901,53.218753814697266,798200,0.00216491429350414
2024-07-23,53.06530273654481,53.27629548125141,52.87348815708161,52.95980453491211,768000,-0.004877628726630504
2024-07-24,53.27629832127707,53.95723663903969,53.15161828919579,53.91887664794922,1355700,0.017947411890658915
2024-07-25,54.21618302218016,54.82998675104157,53.59279021067477,54.02437210083008,2650300,0.0019546472371751145
2024-07-26,54.14904648146288,54.551857450349765,54.10109375288458,54.42717742919922,1610300,0.007428334262648744
2024-07-29,54.676536400715754,54.99303100971751,54.22577634047532,54.868350982666016,1064700,0.008073083244788021
2024-07-30,54.7148958067694,55.41501586683249,54.638172175072995,55.34788131713867,1431700,0.008701683051048095
2024-07-31,55.46297850184532,55.6739712567031,54.90671656049531,55.62601852416992,3201400,0.005012670363422896
2024-08-01,55.779465926282846,57.496200715444225,55.76987684380787,57.304386138916016,2031100,0.029726116852465123
2024-08-02,57.96614334859162,58.63749254598788,56.7385358963645,57.69760513305664,2928700,0.006838499441616166
2024-08-05,58.071642378721435,58.55117700391081,55.913736565369256,56.124732971191406,2257700,-0.02763907886022514
2024-08-06,56.10555007312693,57.03584839892442,56.028822778457176,56.374088287353516,1907700,0.0044330371061579435
2024-08-07,56.565900726513895,57.122162616159066,56.37408615565147,56.613853454589844,1885700,0.004244090536270241
2024-08-08,56.38367935312691,56.89198486025493,56.17268295761324,56.5850830078125,1967800,-0.0005083165672035609
2024-08-09,57.35233670150589,57.35233670150589,54.9354819091058,56.28776931762695,1879000,-0.005268129079343134
2024-08-12,56.25900208087502,56.27818390490965,55.64519834600203,56.124732971191406,1573800,-0.0029006819958815825
2024-08-13,56.36449996721606,56.537132723999356,56.124732655968025,56.412452697753906,1554100,0.005113338346801053
2024-08-14,56.04800248664875,56.949529872197225,56.00004975856947,56.70976257324219,1070900,0.0052564486884910345
2024-08-15,56.43163621275663,56.67140353118973,55.89455610238527,56.20145797729492,1668400,-0.009003676115157972
2024-08-16,56.12472961726163,56.4028605613049,55.87536957827158,56.35490417480469,4549400,0.0027265680879866388
2024-08-19,56.364501029583366,56.67140290108069,56.048006416662375,56.51795196533203,2040400,0.0028890542777310966
2024-08-20,56.46267935498279,56.75357341065941,56.06512328247706,56.09421157836914,1764700,-0.007525694801394048
2024-08-21,56.22026920696987,56.74388074685686,56.06512545799433,56.56934356689453,1461000,0.008434578595252495
2024-08-22,56.569340733962974,56.89902164639078,56.35601670271011,56.60812759399414,2010800,0.0006853665878897797
2024-08-23,56.72448226221134,56.995982874000504,56.54994509779875,56.753570556640625,1312600,0.0025659997128344267
2024-08-26,57.01537875243741,58.17895866553176,56.899021870803544,57.47111511230469,1738400,0.0125639040324489
2024-08-27,57.39354190351006,57.52929591536461,56.83114722150138,56.86993408203125,923900,-0.010515673493497999
2024-08-28,56.86023072668809,57.24809190147038,56.831142433200824,56.98628616333008,1724900,0.002043843042587491
2024-08-29,57.044468791896335,57.044468791896335,56.482070435257555,56.92810821533203,2044100,-0.0010214328641008244
2024-08-30,57.03477096415444,57.393540165897335,56.83114550091538,57.34505844116211,1420900,0.007297462533811581
2024-09-03,57.41293932560264,58.1595697975809,57.27718900322821,57.88806915283203,1441500,0.009424628878003122
2024-09-04,58.09168956718592,58.90619512927585,58.09168956718592,58.38258361816406,1920900,0.008506315830493818
2024-09-05,58.91588541399568,58.964370834487696,58.081990185739635,58.586204528808594,1283200,0.003481631631091299
2024-09-06,58.67348029559136,58.79953574626141,57.87836812783018,57.94624328613281,1016700,-0.010983510400288663
2024-09-09,58.208046200012156,58.76074600419346,57.96563387540918,58.6056022644043,1603000,0.01131455292456827
2024-09-10,58.6153037795795,58.896502978015455,58.149872536781395,58.56682205200195,2102900,-0.000661934137568209
2024-09-11,58.37288764010861,58.49894308273339,57.75231269013808,58.25653076171875,1467100,-0.005312157415202459
2024-09-12,58.2953129437146,58.595905548339495,58.02381233238786,58.52803039550781,1536300,0.00464958929880044
2024-09-13,58.828620778350796,59.27466226391097,58.634693879058595,59.206787109375,1304800,0.011530390895221425
2024-09-16,59.487984173823904,60.35097517384981,59.391020721600974,60.127952575683594,1432900,0.01543865207177636
2024-09-17,60.050384031291436,60.17643948141785,59.7788833992518,60.03099060058594,1287900,-0.0016138956215933117
2024-09-18,59.85644863196591,60.19582809376863,59.458892581622095,59.68191146850586,1571400,-0.005831954876106372
2024-09-19,59.371627814098,59.53647012303062,58.71226597620478,59.21648406982422,1610900,-0.007829033754215996
2024-09-20,59.65282562777699,59.953418243636875,59.187394405712965,59.77888107299805,3699800,0.009452489010572432
2024-09-23,60.11825942993164,60.1667411574301,59.78857850445591,60.11825942993164,2136100,0.005661173600989385
2024-09-24,59.80796691202659,60.680652729377705,59.536466301703314,59.83705520629883,2211300,-0.0046884915370953885
2024-09-25,60.089167073378455,60.17643565654699,59.584949003840066,59.8758430480957,1967800,0.0006480144365358648
2024-09-26,59.58495134029012,60.10856285983324,59.52677104959024,59.66252136230469,1643300,-0.003569095382757863
2024-09-27,59.83705876706822,60.32188342802114,59.662521593211686,60.06007766723633,1527100,0.0066413153307186504
2024-09-30,60.23461459247997,60.37036490515951,59.75948849810158,60.127952575683594,1173100,0.0011294787929525898
2024-10-01,60.22492048132701,60.22492048132701,59.38132659987941,59.76918411254883,3801000,-0.0059846222159988275
2024-10-02,59.42980526418873,59.94371819898021,59.2843563926085,59.4104118347168,2281100,-0.006020717871082444
2024-10-03,59.4298047657251,59.50737478404374,58.40197520584454,58.92558670043945,3489600,-0.008194088916262712
2024-10-04,58.44076303995847,58.644388502727054,58.09168870440177,58.49894332885742,2389500,-0.007266714184631352
2024-10-07,58.21774551760504,58.275922108954575,57.548685125736746,57.781402587890625,2088600,-0.012341721950632097
2024-10-08,57.975333919220326,58.32440826738336,57.78140331480546,58.043209075927734,1646600,0.004520747881782477
2024-10-09,58.09168957787302,58.256531882772705,57.49050804588511,57.76200866699219,1710100,-0.004856447180772232
2024-10-10,57.849278501591364,58.1304776931932,57.209310095932594,57.26749038696289,1603500,-0.008598165351903529
2024-10-11,57.325665989575015,57.665045466349106,57.325665989575015,57.53899002075195,979100,0.004729700604822735
2024-10-14,57.519600127158334,58.09169340137288,57.44203010127301,57.91715621948242,1143400,0.006550843128154725
2024-10-15,58.24683452826431,59.01285838106388,58.198352801905045,58.50864028930664,1460700,0.010160792133194551
2024-10-16,58.54742930348288,59.39102320970304,58.43106871723828,59.29405975341797,1382200,0.013334687609022988
2024-10-17,59.38132515302251,59.40071488410269,58.82862164535489,58.93528366088867,1133200,-0.006069173412567726
2024-10-18,58.76074697004083,59.6722196928377,58.557121501767796,59.26496505737305,1713700,0.005578368150371901
2024-10-21,59.32314349671746,59.42980550979463,58.79953199556685,59.34253692626953,1972800,0.0013080433979209035
2024-10-22,59.11951962508928,59.75948802184875,58.751051851525176,59.64312744140625,1581300,0.0050525608475507034
2024-10-23,59.76918409850468,60.08917015282744,59.623738918382315,60.079471588134766,1267700,0.007289285102582138
2024-10-24,60.118258463194366,60.21522191663205,59.59464693722607,59.76918411254883,1004100,-0.005177999987551574
2024-10-25,59.99219942002012,59.99219942002012,58.906193271130185,58.92558670043945,1368000,-0.014214806787345102
2024-10-28,59.332838608150034,59.43950062166965,59.09042628612127,59.1195182800293,908400,0.0032857229293036315
2024-10-29,58.75105189075,58.75105189075,57.98502804745901,58.09169006347656,1286000,-0.017538502973033426
2024-10-30,58.169261687422356,58.411674006391756,58.014117951238674,58.23713684082031,1839200,0.002500615831951138
2024-10-31,58.285619919366006,58.96437516803804,58.19835133455219,58.6056022644043,2244500,0.006307052502095003
2024-11-01,58.48924402013655,59.051642375579426,57.694131909896825,57.771705627441406,1334300,-0.014331159988322382
2024-11-04,57.54868609615706,57.99472759789686,57.43232921257733,57.97533416748047,1879600,0.0035185133110184107
2024-11-05,57.85897148621578,59.245570269882336,57.52929427785163,59.206787109375,2384500,0.021018535318555274
2024-11-06,58.95467781932418,59.730396534265566,58.78014064609755,59.19709014892578,1992500,-0.00016379464415252777
2024-11-07,59.23587797527265,60.157045582562525,58.557122701537025,59.546165466308594,3282800,0.0058795141023072015
2024-11-08,59.38132632161457,60.66126313537122,59.25527087360136,60.61277770996094,3095600,0.017753822254064435
2024-11-11,60.506116810744366,61.80544699946676,60.42854309253122,61.359405517578125,2435400,0.012242744427726616
2024-11-12,61.55333807396893,62.12543131779091,61.281837449415654,61.74726867675781,2430300,0.006301273998237554
2024-11-13,61.96059321385651,61.96059321385651,60.932763599955564,61.45637512207031,2317100,-0.004722167076679697
2024-11-14,61.45637651440986,61.53394653856281,60.80670952990023,60.893978118896484,1977200,-0.009193287134160821
2024-11-15,61.14608896399213,61.89271940273922,60.90367662799316,61.8248405456543,1931000,0.015170945916437405
2024-11-18,61.6503039966238,62.19330523491267,61.55333684770184,61.93149948120117,1493000,0.0017236928941457372
2024-11-19,61.60181930341696,62.057555661459745,61.087906354249434,62.03816223144531,1260000,0.0017207883782310713
2024-11-20,62.106040948468866,62.464806456726706,61.80544833228842,62.41632843017578,1583700,0.006077199152876977
2024-11-21,62.41436779257367,63.38438864241707,62.10082653029648,63.25700759887695,1780900,0.013378998842410278
2024-11-22,63.639135001071935,63.639135001071935,62.933672776128226,62.96306610107422,1897100,-0.004657611433225321
2024-11-25,63.23741701777508,63.62934547982852,62.99246266341838,63.18842315673828,2099900,0.003572804359459099
2024-11-26,63.4725663483183,63.58034685419146,62.9434640855082,63.53135299682617,1630300,0.0054124255527536755
2024-11-27,63.47256460452739,64.14864094544632,63.47256460452739,63.68812561035156,1543400,0.002464602034189591
2024-11-29,63.56075358509114,63.697927414762,63.257005126180196,63.325592041015625,757500,-0.005708588970688485
2024-12-02,63.472567844496446,63.48236811128313,61.97344846890371,62.3261833190918,1836800,-0.01590792959383405
2024-12-03,62.62012903272679,62.92387376816965,61.93425611451474,61.97344970703125,1186400,-0.005675552699942695
2024-12-04,62.002845067112375,62.18901276882129,61.748094182809155,62.02244186401367,1646400,0.0007902223035154656
2024-12-05,61.973451044336635,62.52215013828781,61.855874001956664,62.04203796386719,1757400,0.00031590186076904637
2024-12-06,62.277197051059,62.277197051059,61.65011075764845,61.68930435180664,1407700,-0.005701620317500472
2024-12-09,61.46394506279728,61.91466016981602,61.19939391623234,61.20919418334961,1479000,-0.00781315665454326
2024-12-10,61.40515089533582,61.561925257912726,60.34695011188737,61.101409912109375,2530700,-0.0017624685927792156
2024-12-11,61.209193595807214,61.395357554474046,60.71928490043551,61.01322937011719,3217300,-0.0014442258166205877
2024-12-12,61.189594419638844,61.4933354068237,60.70948227225647,60.86625289916992,2583500,-0.002411834042233154
2024-12-13,61.08181754375148,61.36596548995623,60.63110243179642,60.66049575805664,1820400,-0.003386206575826663
2024-12-16,60.66049393640652,60.778070975623315,60.0138146141541,60.180381774902344,1778900,-0.007946259896073797
2024-12-17,59.74926449342728,60.6604949727655,59.680677574570154,60.25876998901367,2032100,0.0013017066964016019
2024-12-18,60.11179299084498,60.474328101876246,59.269153208629376,59.27894973754883,3753000,-0.01639385790860457
2024-12-19,59.122181834978065,60.05300910888992,59.01440132336524,59.308345794677734,2295500,0.0004957707754288726
2024-12-20,59.37693151565425,60.239171853457144,59.27895127309544,60.190181732177734,3325600,0.014759210235215297
2024-12-23,60.14119166384581,60.19018178516835,59.46511528139212,60.082401275634766,1187000,-0.0017922702364726296
2024-12-24,60.06280457650345,60.52331994063323,59.798253435686775,60.50372314453125,501600,0.006987928095208321
2024-12-26,60.39594129635995,60.55271192399482,60.18038028172203,60.43513488769531,985100,-0.0011342634667708996
2024-12-27,60.19018365364397,60.778072603177506,59.866842115005774,60.454734802246094,945300,0.0003242606642357383
2024-12-30,60.405743395718375,60.454733517520616,59.78845739543138,60.27836608886719,3090200,-0.0029216318894005272
2024-12-31,60.39594204404179,60.69968677409125,59.94522695122515,60.30775833129883,1669800,0.0004874896370549289
2025-01-02,60.81726830159355,61.02302906728158,60.00402176866648,60.39594650268555,1634100,0.0014612341385820886
2025-01-03,60.43513563586236,60.64089638636039,60.20977808945404,60.30775833129883,1220600,-0.0014612341385819882
2025-01-06,60.11179736916664,60.20978135403076,58.97520930869074,59.05359649658203,1385700,-0.021015310924810897
2025-01-07,59.0633911371612,59.72966726210001,59.05359460784153,59.318145751953125,1227300,0.004469811642591569
2025-01-08,59.24955721189883,59.71006883145299,58.55388404262858,59.6806755065918,3044000,0.006093016256390096
2025-01-10,59.33774225261642,59.79825388248032,58.593078946004105,58.691062927246094,1513300,-0.016720809360519635
2025-01-13,59.03399698923736,59.484712085798535,58.46570111623762,59.445518493652344,1432700,0.012772772232963962
2025-01-14,59.30834470293793,60.190181838349424,59.30834470293793,59.9746208190918,2050000,0.00886124887559389
2025-01-15,60.74867614296506,60.84665638359688,60.19997707738971,60.43513488769531,1397100,0.007649152865900972
2025-01-16,60.43513656426971,61.68930162014138,60.39594297184705,61.659908294677734,1606100,0.020063295927206275
2025-01-17,61.963652534561135,62.061632777128644,61.57172408887777,61.8852653503418,1664200,0.003648176597410218
2025-01-21,62.46336027701788,62.8160951448506,62.257599516684394,62.34578323364258,1277400,0.007413927483707851
2025-01-22,62.05183500524123,62.11062165452175,61.307171720897564,61.60111618041992,2639900,-0.012016049076572043
2025-01-23,61.75789160114308,62.32618750633839,61.41495699470238,61.787288665771484,2132800,0.0030176681003773877
2025-01-24,61.72849348826017,62.47315303495622,61.601116185297975,62.237998962402344,1621300,0.007268070718595079
2025-01-27,62.62992538634493,62.97285997563577,61.56192802606582,62.93367385864258,2519500,0.011115646911802824
2025-01-28,63.149225111474564,63.149225111474564,61.90486036824233,61.93425369262695,1622100,-0.016007977833136396
2025-01-29,61.934256610752136,62.27719494145925,61.58152175069076,61.74809265136719,1384500,-0.003010311290896579
2025-01-30,62.051839715835605,63.110044335696394,62.051839715835605,62.953269958496094,2077400,0.01932961767674228
2025-01-31,62.97286199082999,63.139436632741855,62.580937267342286,62.874881744384766,3105500,-0.0012459568576880212
2025-02-03,62.36537453035481,63.756713344426736,62.24779375964239,63.560752868652344,1774600,0.010849438992359503
2025-02-04,63.070848570492664,63.423583431638434,62.561339337542776,63.012054443359375,1369100,-0.008670138146398056
2025-02-05,63.47256568238077,63.74691333975657,63.129631110661016,63.65873336791992,1407300,0.010210476368769027
2025-02-06,63.93308443092248,64.27601902090989,63.364788552992835,64.1976318359375,2285500,0.008429797897018127
2025-02-07,64.12904445867905,64.47198652162388,63.79591013805229,63.893890380859375,1044600,-0.004742578105641491
2025-02-10,64.08985669337335,64.49157792117336,63.41378032719174,64.47198486328125,1287500,0.00900704162322465
2025-02-11,64.1094501634571,64.91290009963606,63.80570917399103,64.88350677490234,1461700,0.006362672272085617
2025-02-12,64.08986106564258,65.1872517923813,64.01147387790019,65.08927154541016,1289900,0.0031662775093623877
2025-02-13,65.2166365270648,65.70654517279193,65.0696699136768,65.53997802734375,1894700,0.006900571991047157
2025-02-14,65.54978267362145,66.5197997638653,65.22644115173577,65.31462860107422,1706800,-0.003444275365661406
2025-02-18,65.19705233113581,65.75554796415156,65.08927181639473,65.71635437011719,2216600,0.006131786828332061
2025-02-19,65.6967584728425,66.02989279462336,65.41261053492823,65.90251922607422,1552700,0.002828849313436965
2025-02-20,65.72614830207135,66.08867592997088,64.74633097189884,65.89271545410156,1819900,-0.00014877278400131903
2025-02-21,65.81433394859529,66.99991212328395,65.75554729584807,66.68637084960938,2284300,0.011972700946950085
2025-02-24,66.68636308654744,67.42122606199572,66.28464188051703,67.00970458984375,3005200,0.004836856572525579
2025-02-25,67.17627977639421,67.66618848532454,67.02931314404603,67.42123413085938,2469900,0.006122561226938453
2025-02-26,67.37224896089602,68.17569895902285,67.28406150448218,67.70538330078125,3112900,0.004205679001698188
2025-02-27,67.22527101979527,68.48923633666813,66.66677541237827,67.17627716064453,3599100,-0.007845526994531109
2025-02-28,68.02872787417789,68.32267610807892,66.80395602528041,67.51922607421875,3432600,0.005092221290444501
2025-03-03,67.36244907197828,68.17569934214656,67.24486828790366,68.11690521240234,2021400,0.008813035302126746
2025-03-04,68.42064921981515,68.51862946241788,66.30424009761207,66.33363342285156,2540600,-0.026528363344470448
2025-03-05,65.78493721391541,66.28464616261786,65.24603467360755,65.61837005615234,2593800,-0.010841371916365437
2025-03-06,65.42240005470524,65.46159364508647,64.3152091592343,64.40339660644531,3899800,-0.018689314036783387
2025-03-07,64.45238432997598,65.52038913271814,64.3250107651444,64.47198486328125,3050300,0.0010644121868654372
2025-03-10,64.47990219082342,64.75706359812736,63.331657219940155,64.40071105957031,4724400,-0.0011061118954238133
2025-03-11,64.66797889802658,65.89541121764009,64.28193157530877,64.92533874511719,3241700,0.008113300671686906
2025-03-12,64.7075748073186,66.00429748528333,64.66797924169072,65.6281509399414,4709900,0.010766759063337999
2025-03-13,65.6281490035287,66.40024363028617,65.35098005231167,65.93500518798828,2703100,0.004664752860979825
2025-03-14,65.85581935146647,66.82589187848015,65.61825349769911,66.76649475097656,2145800,0.012531892184272276
2025-03-17,66.71700111902074,67.37030905754176,66.18247232273167,66.9545669555664,4126000,0.002812905105579481
2025-03-18,66.81599207543528,66.97437434831735,66.20227209614086,66.4200439453125,1864400,-0.00801540665679368
2025-03-19,66.25176561511421,67.2713269089837,66.0735893417722,67.07335662841797,1716100,0.00978801792733548
2025-03-20,67.2020359794362,67.44950260406281,66.88527900199742,67.2812271118164,1567300,0.0030943588744933043
2025-03-21,67.2317332306626,67.72666649805926,66.25176747580026,66.76649475097656,3434200,-0.007679875250614573
2025-03-24,67.01395908714926,67.22183769816134,66.53882739590412,66.82588958740234,1800100,0.0008891950036434248
2025-03-25,66.70710430744798,66.70710430744798,65.21240374477861,65.49946594238281,2048100,-0.02004858507439083
2025-03-26,65.66773944310724,66.84568298505305,65.65784621568795,66.64771270751953,1872800,0.017378739012585683
2025-03-27,66.66750453887076,67.27132368335008,66.43983948234485,66.63780975341797,3041200,-0.0001485975961521326
2025-03-28,66.9743722844777,67.4495039843177,66.79619600901714,67.18224334716797,1719500,0.00813684623441558
2025-03-31,67.5682866459765,68.50865676175123,67.47919473753117,68.25128936767578,2530200,0.01578734901329049
2025-04-01,68.05332441929099,68.41957775673355,67.59798671851725,68.3106918334961,1736500,0.0008699708226899262
2025-04-02,68.3997750361238,68.81551716211244,67.82565064190203,68.72643280029297,1285200,0.006067585603337089
2025-04-03,69.02339417048661,69.58761777178947,68.43936901007444,68.50865936279297,1937300,-0.003173730812757048
2025-04-04,68.30078432434956,68.51855614936895,65.1035124019025,65.50936126708984,4851200,-0.04476709879662562
2025-04-07,64.86595145717766,65.81622240441307,63.28216654511862,63.70780944824219,3915600,-0.027885900170015066
2025-04-08,64.76696426144443,65.7172351785323,63.22277118914589,63.85628890991211,2941200,0.0023279203260861366
2025-04-09,63.30196322003771,64.7669651820488,61.31232944706057,64.50959777832031,5439400,0.010178942802936086
2025-04-10,64.36111443459207,65.60834829901289,63.59892057705158,64.81645965576172,2810900,0.004745562640914496
2025-04-11,65.0441272937348,66.2220708541841,64.02456599946584,65.84591674804688,2545100,0.015757839747450677
2025-04-14,65.95480411160759,67.0733581227626,65.59845155698432,66.90507507324219,2019500,0.01595740695877906
2025-04-15,67.06345664616687,67.5187943385478,66.89518115047694,67.18224334716797,2249300,0.004134151863913724
2025-04-16,67.1129497853551,67.7662577294316,66.55861942592568,66.74669647216797,3397300,-0.006504171705434703
2025-04-17,66.99416710628438,68.53835647765814,66.92487675121203,67.67717742919922,1975900,0.013844204775020056
2025-04-21,67.60788651615555,67.65737531103748,65.84591776213306,66.27156066894531,1620800,-0.02098815379654048
2025-04-22,66.87537825507313,67.77616039415308,66.5190257112703,67.66727447509766,1373200,0.020841816743489665
2025-04-23,67.66727405730151,68.06322216486907,66.73679713733002,67.41980743408203,1644400,-0.0036638191356626586
2025-04-24,67.28122517084492,67.84544875663323,66.80608594235284,67.58808135986328,1397300,0.0024928026713583466
2025-04-25,67.76626308317506,67.92464535611953,66.96447359462037,67.192138671875,1972300,-0.0058753996231806285
2025-04-28,67.80585229416302,68.4690610077523,67.22183470962129,68.3205795288086,1617000,0.016654775372409097
2025-04-29,68.26118923051908,68.47896105703789,67.88504269967491,68.21170043945312,1667900,-0.0015949211785094102
2025-04-30,68.18200080887945,68.62744525864537,67.67717433872615,68.39977264404297,2100700,0.0027533898751232765
2025-05-01,68.16220753167461,68.76602669851587,67.50889201919112,67.73656463623047,1567900,-0.009743368563609543
2025-05-02,68.09291823137642,68.69673740754949,67.47919827550548,68.54825592041016,1598200,0.011911831098005738
2025-05-05,68.18200201947138,68.9442034560768,67.93453539367934,68.7561264038086,1602900,0.0030278806647507507
2025-05-06,68.40967521296868,69.04318917615319,68.37007964625937,68.54825592041016,1799600,-0.0030278806647507646
2025-05-07,68.5383551685199,69.64700838058367,68.5383551685199,68.9343032836914,2480900,0.0056159614738817585
2025-05-08,67.91474269715167,68.49876032029184,65.71723780937779,65.88551330566406,6286800,-0.045235335813233565
2025-05-09,66.32105580102116,66.37055214707864,65.28169295047083,65.91520690917969,2910400,0.00045058333474351134
2025-05-12,65.47967088385457,65.69744272351282,64.46010959098376,64.68777465820312,3678100,-0.018796942860680625
2025-05-13,64.68777740396877,64.81646488854668,63.84639234855163,64.103759765625,2253700,-0.009069212478144437
2025-05-14,63.91568074883905,64.07406301667802,62.64865281445607,63.41084671020508,5207700,-0.010868086329241734
2025-05-15,63.64841841757875,65.1530121615842,63.56922728576741,65.03422546386719,1703600,0.02527874634990176
2025-05-16,65.31139227510133,66.44973266106572,65.03422332288628,66.25176239013672,2692900,0.018548389710669817
2025-05-19,65.90531340766712,66.50913257706426,65.80632826804573,66.4398422241211,2077100,0.002834843402296474
2025-05-20,66.37055307889564,67.27132768354798,66.37055307889564,66.79619598388672,2360300,0.005349222542024498
2025-05-21,66.40024771119664,66.68730990710992,65.5885574700937,65.63804626464844,1752600,-0.01749063119523759
2025-05-22,65.34109081486146,65.56875588430267,64.57888936861902,65.25199890136719,1765100,-0.005898821139568685
2025-05-23,65.70999908447266,65.86000061035156,64.75,65.80000305175781,1503000,0.008363204473280931
2025-05-27,66.23999786376953,66.43000030517578,65.72000122070312,66.2300033569336,2052100,0.006513698472315573
2025-05-28,66.04000091552734,66.16999816894531,65.19000244140625,65.83000183105469,2533100,-0.006057893888201728
2025-05-29,65.86000061035156,66.38999938964844,65.4000015258789,66.2300033569336,1764200,0.006057893888201734
2025-05-30,66.2300033569336,66.69000244140625,65.91000366210938,66.41000366210938,2941500,0.002714119513681635
2025-06-02,66.0999984741211,66.55999755859375,65.83000183105469,66.5,1631200,0.0013542449652428495
2025-06-03,66.5,66.5199966430664,65.13999938964844,66.01000213623047,2180400,-0.007395669598904624
2025-06-04,65.80000305175781,66.04000091552734,65.01000213623047,65.05000305175781,2499600,-0.014650026190358214
2025-06-05,64.9800033569336,65.30999755859375,64.69999694824219,65.06999969482422,1590500,0.00030735694438580117
2025-06-06,65.11000061035156,65.4800033569336,64.80000305175781,65.23999786376953,1769800,0.0026091361916986064
2025-06-09,65.25,67.94999694824219,65.25,67.31999969482422,5517100,0.03138461978076401
2025-06-10,67.31999969482422,68.05999755859375,67.18000030517578,67.95999908447266,2877400,0.009461918542775385
2025-06-11,67.95999908447266,68.19999694824219,67.44000244140625,67.51000213623047,2702800,-0.006643516635219826
2025-06-12,67.66000366210938,67.9800033569336,67.23999786376953,67.93000030517578,2118600,0.006202000998764893
2025-06-13,67.87999725341797,68.16000366210938,67.5999984741211,67.98999786376953,1957700,0.0008828364228788927
2025-06-16,68.29000091552734,68.52999877929688,66.98999786376953,67.20999908447266,2212100,-0.011538571758610557
2025-06-17,67.29000091552734,67.30000305175781,66.19000244140625,66.73999786376953,1657200,-0.007017591045003244
2025-06-18,66.73999786376953,66.98999786376953,66.19000244140625,66.79000091552734,3066500,0.0007489411301161425
2025-06-20,67.12000274658203,67.77999877929688,66.88999938964844,67.19000244140625,2769000,0.00597108082281948
2025-06-23,67.51000213623047,68.5199966430664,67.4000015258789,68.47000122070312,2309900,0.01887124769334768
2025-06-24,68.3499984741211,69.05999755859375,68.33000183105469,68.77999877929688,2635000,0.004517276294919798
2025-06-25,68.51000213623047,68.58000183105469,67.98999786376953,68.19000244140625,2600200,-0.008615024920626506
2025-06-26,68.38999938964844,68.87999725341797,68.13999938964844,68.45999908447266,2214900,0.0039516573933112455
2025-06-27,68.66000366210938,69.19999694824219,68.0199966430664,68.30999755859375,2941800,-0.002193486725210325
2025-06-30,68.16000366210938,69.06999969482422,67.86000061035156,68.93000030517578,2033000,0.009035368321232288
