DATE,OPEN,HIGH,LOW,CLOSE,VOLUME,LOG_RETURNS
1999-01-04,12.345792755489363,12.51549372676122,12.09124032754113,12.133665084838867,694800,
1999-01-05,12.133666036767403,12.388218484686167,12.091241276141293,12.345793724060059,482400,0.01733158815755111
1999-01-06,12.260944121264512,12.685199560228488,12.260944121264512,12.557923316955566,483300,0.017036390447603137
1999-01-07,12.473071106490492,12.494284459814322,11.921541398802004,12.04881763458252,481650,-0.04138527285198443
1999-01-08,12.133666400414702,12.176093104393399,11.624561489319245,11.645774841308594,535500,-0.03402309384741688
1999-01-11,11.730625749208077,12.282155395967159,11.730625749208077,12.112454414367676,865050,0.03929077402650818
1999-01-12,12.027605842141545,12.091243968290442,11.879116233766956,11.90032958984375,576900,-0.01766811733064153
1999-01-13,11.751838634747088,12.388219823308866,11.582137631824368,12.176094055175781,789600,0.022908429366674952
1999-01-14,12.133667347884154,12.367008411744315,12.048817817463426,12.176094055175781,864450,0.0
1999-01-15,12.176091593160436,12.21851634979248,12.112453487171933,12.21851634979248,662850,0.0034780090090437217
1999-01-19,12.176090949366147,12.176090949366147,11.836687088012695,11.836687088012695,324150,-0.03174875118822213
1999-01-20,12.006391316263686,12.154880910170705,11.794265544489425,12.091242790222168,889350,0.021277670686878625
1999-01-21,12.176091519673923,12.176091519673923,11.751836187590506,11.794262886047363,405000,-0.024868237091548406
1999-01-22,11.7094144821167,11.75183924954652,11.560924882990271,11.7094144821167,534300,-0.007220042309965253
1999-01-25,11.7942667430438,11.7942667430438,11.45486275480033,11.688201904296875,657000,-0.0018132260381886064
1999-01-26,11.688199608297394,12.091241643783894,11.603350084465266,11.96396541595459,948750,0.023319301293574655
1999-01-27,11.963965424298197,11.963965424298197,11.582136740543998,11.751837730407715,273000,-0.017889619139262947
1999-01-28,11.821576662252209,11.821576662252209,11.630220215992255,11.715266227722168,372450,-0.0031168338758302367
1999-01-29,11.715263324723557,12.842141193403883,11.694002800348574,12.629522323608398,1292700,0.07514431779929204
1999-02-01,12.650790653816038,12.650790653816038,12.07672119140625,12.07672119140625,631200,-0.04475738376001533
1999-02-02,11.99167365039755,12.608266150228562,11.885365135689836,12.587005615234375,927300,0.04138525031117082
1999-02-03,12.587005145116127,13.012241134643554,12.501957168579102,12.757099151611328,1735050,0.013422931432687676
1999-02-04,12.927196543203225,13.13981556693247,12.60826898089904,12.990982055664062,1499100,0.01816751586707652
1999-02-05,13.012237781586787,13.05476078560834,12.757095864300771,12.927189826965332,1114650,-0.004922596995276527
1999-02-08,12.88467732207344,13.224867471186183,12.863414829447665,13.054771423339844,1205100,0.009820861525703956
1999-02-09,13.097285736208242,13.437473661537362,12.927189826965332,12.927189826965332,1231650,-0.009820861525703925
1999-02-10,12.948452302265283,13.139808740229794,12.58700190163621,12.927189826965332,1092450,0.0
1999-02-11,12.927196391795896,13.288648922560103,12.842150340563771,13.267386436462402,1410300,0.025976044427736593
1999-02-12,13.224863410846341,13.394957459889927,12.948458877893595,13.267386436462402,1064100,0.0
1999-02-16,13.309901096350766,13.565042982840417,13.309901096350766,13.458734512329102,1538550,0.014319425240771642
1999-02-17,13.394957459889927,13.394957459889927,13.182338438650943,13.267386436462402,1201650,-0.01431942524077162
1999-02-18,13.182333374100914,13.182333374100914,12.799620450853674,12.948453903198242,1028400,-0.024332484851684707
1999-02-19,12.842140588523115,13.097282441629018,12.586998735417211,12.884663581848145,1516500,-0.0049386568262664845
1999-02-22,12.927196391795896,13.394957459889927,12.905935852277533,13.267386436462402,1335750,0.029271141677951265
1999-02-23,13.267385945535834,13.267385945535834,12.927195913457211,13.033506393432617,864150,-0.017785419651748496
1999-02-24,12.990986700038523,13.054772235303163,12.353131347392113,12.544487953186035,1104150,-0.03824209432280564
1999-02-25,12.544473232968828,12.820877543631077,12.501950241550702,12.714569091796875,711600,0.013467146366568827
1999-02-26,12.757101281259741,12.799624303337549,12.544482277712355,12.608267784118652,904200,-0.008395736434722348
1999-03-01,12.50195763552085,12.863408142790213,12.459434618953548,12.587005615234375,671550,-0.0016877906895166855
1999-03-02,12.608262922011452,12.863404849246615,12.608262922011452,12.820881843566895,715650,0.01841025425345118
1999-03-03,12.820887854466072,13.352434434273864,12.73583985665461,13.267386436462402,1879050,0.03423364047877325
1999-03-04,13.437475667235983,13.65009461223628,13.352429646498774,13.607571601867676,1990650,0.025317497098488805
1999-03-05,13.73514403073191,13.926500517476262,13.73514403073191,13.777667045593262,1654050,0.012422577969348588
1999-03-08,13.820192704099892,13.926503181457521,13.69262168853411,13.92650318145752,1909200,0.010744777163314095
1999-03-09,14.011546193953892,14.181642142268702,13.990285660348638,14.075331687927246,1410900,0.010630011111359403
1999-03-10,14.117864251282505,14.245435307930903,13.862722137985712,13.947768211364746,1045350,-0.009104228877773351
1999-03-11,13.905235934353946,14.287948849978367,13.883973456848627,14.202900886535645,1494000,0.018126720907479063
1999-03-12,14.160379349376283,14.37299830678506,14.05407084396127,14.096593856811523,907200,-0.0075130337651222795
1999-03-15,14.117853688646392,14.372995611052179,14.117853688646392,14.287947654724121,834000,0.013483162781908893
1999-03-16,14.160381317138672,14.35173782142433,14.096595815710119,14.160381317138672,621300,-0.00896834346484431
1999-03-17,14.224166388823607,14.224166388823607,13.650096893310547,13.650096893310547,630100,-0.03670139706264555
1999-03-18,13.650100119161927,14.543097323219248,13.522529090010881,14.256062507629395,998700,0.043435635356175
1999-03-19,14.287953583364676,14.67066662577623,14.160382569227492,14.57498836517334,869400,0.02212467859041711
1999-03-22,14.574986484894065,14.798235730833362,14.415522737794568,14.606879234313965,629600,0.002185664212714651
1999-03-23,14.79823142423758,14.830124164376022,14.224162101745604,14.224162101745605,932900,-0.02655052311505651
1999-03-24,14.224158465067545,14.79822764078776,14.128480269114176,14.351729393005371,680200,0.008928375075215211
1999-03-25,14.606879234313965,14.670664733153764,14.415522737794568,14.606879234313965,584900,0.017622148039841273
1999-03-26,14.351729709569499,15.372297155583329,14.192266046129838,15.276618957519531,970100,0.04483088866426788
1999-03-29,15.212846723857677,15.244739484285052,14.798240838301808,15.14906120300293,807600,-0.008384923603508539
1999-03-30,15.1171675446642,15.499880647060762,14.989596510532014,15.244738578796387,861600,0.006295869060017984
1999-03-31,15.372307346912493,15.499878362239567,14.766345024108888,14.766345024108887,612600,-0.03188382581418696
1999-04-01,14.79823850108459,14.893916767255396,14.064705127108414,14.415525436401367,967500,-0.024044825387108892
1999-04-05,14.543091018478593,14.7982329661712,14.543091018478593,14.734447479248047,602800,0.021882337224286737
1999-04-06,14.766338684099136,14.79823142423758,14.192269361607162,14.224162101745605,974100,-0.03524604325882461
1999-04-07,14.351737238954769,14.606879234313965,14.31984448953487,14.606879234313965,508200,0.026550523115056502
1999-04-08,14.60687434275945,15.308514595031738,14.543088865280152,15.308514595031738,842800,0.04691658490750416
1999-04-09,15.37230584428117,15.499876847138276,15.117163838566961,15.340413093566895,896000,0.0020815416693712565
1999-04-12,15.244736801494252,15.499878840012984,15.053380272605201,15.4360933303833,676300,0.0062177651844457235
1999-04-13,15.563653551710923,15.723117215150584,15.180940759455735,15.276618957519531,1027400,-0.010385003097053123
1999-04-14,15.276628565491482,15.563663340208441,15.180950307252497,15.372306823730469,962000,0.006244145572628772
1999-04-15,16.201513424515724,17.28586668521166,16.137727938592434,16.329084396362305,2045500,0.06038020418926484
1999-04-16,16.584236174250925,16.8393782692394,16.42477236488313,16.648021697998047,1572300,0.019343555827834844
1999-04-19,16.90316194827462,17.477231599348094,16.64801988113085,16.807483673095703,1147100,0.009532851524597494
1999-04-20,16.80747554078698,16.935046512633562,16.329084396362305,16.329084396362305,1127300,-0.028876407352432465
1999-04-21,16.32908408921471,16.520440543385195,15.659336499618012,16.042049407958984,1440500,-0.017734473749616553
1999-04-22,16.329084463156615,16.584226407893436,16.201513490788205,16.39286994934082,1102800,0.021633118255785493
1999-04-23,16.360973876692043,17.03072134532856,16.265295666886825,16.77557945251465,1042000,0.023077743776545617
1999-04-26,17.541004263836403,17.60478973388672,17.03072050343389,17.60478973388672,1210800,0.04824678410550224
1999-04-27,17.604792681607332,17.668578162337795,16.711795951380875,16.839366912841797,1331600,-0.044451595132289475
1999-04-28,17.0945128823041,17.253976621877833,16.775585403156636,17.03072738647461,1119600,0.011299791969712755
1999-04-29,16.997508126825263,17.157259143054823,16.837757110595703,16.837757110595703,1046000,-0.011395394090974505
1999-04-30,16.965544577567808,17.82819938659668,16.741893330782545,17.82819938659668,1417700,0.057157627186373565
1999-05-03,18.019897748346196,18.914502601100974,18.019897748346196,18.65890121459961,3322800,0.04554187022834116
1999-05-04,18.7867091687745,18.850609540096862,17.828203598939066,18.083805084228516,1542200,-0.03130651813236219
1999-05-05,18.211605999920817,18.211605999920817,17.508701908695805,17.73235321044922,463600,-0.019625954954699047
1999-05-06,17.732354164123535,18.435258293151854,17.253101348876953,17.253101348876953,909900,-0.02739892040651653
1999-05-07,17.31700325012207,17.636505155105873,17.15725229763017,17.31700325012207,884800,0.003696949995819864
1999-05-10,17.508699609327685,17.508699609327685,16.102891611498453,16.48629379272461,1479400,-0.049159509181345006
1999-05-11,16.741900859072775,16.805801244031066,16.102897009489844,16.51824951171875,1858600,0.0019364442455720907
1999-05-12,16.677994998533336,17.2211480923553,16.48629390659617,17.12529754638672,1283300,0.036090958250711375
1999-05-13,17.3808988822523,17.3808988822523,16.48629379272461,16.48629379272461,1024500,-0.038027402496283454
1999-05-14,16.102896514892578,16.294597663879394,15.719494216918944,15.975095748901367,1693000,-0.03149836255546612
1999-05-17,16.166785665305262,16.29458634250135,15.591682617922862,15.911184310913086,921700,-0.004008716191126764
1999-05-18,15.911183627003219,16.550186985517403,15.783382955300382,16.038984298706055,1266900,0.007999999684110899
1999-05-19,16.166797316823963,16.422398855429876,15.176341354726052,15.751444816589355,1293400,-0.018090181959141628
1999-05-20,15.81533863803934,15.975089533373069,15.46388666830513,15.559737205505371,962900,-0.012245465949641963
1999-05-21,15.623643559255418,15.719494133238582,14.69708801075152,15.048540115356445,2301000,-0.03340564531332449
1999-05-24,15.272191828313256,15.719494517845444,15.144391059875488,15.144391059875488,2027200,0.006349252145531249
1999-05-25,15.272190090045179,15.655592351719953,15.080488959207791,15.431941032409668,1538000,0.01880921813832755
1999-05-26,15.527793365188792,15.527793365188792,14.920739715109395,15.144391059875488,1236900,-0.018809218138327585
1999-05-27,14.952686241694858,15.01658661024911,14.249782187598091,14.313682556152344,2037200,-0.05641433442156414
1999-05-28,14.505379560719367,15.080482715109122,14.441479210231616,14.697080612182617,735800,0.026432974338900798
1999-06-01,14.569279911207117,14.82488131315812,14.185877808280614,14.697080612182617,1139000,0.0
1999-06-02,14.824883151584201,14.888783509996202,14.345630463494196,14.377580642700195,812200,-0.021978782709285362
1999-06-03,14.377584828156374,14.920738032775615,14.377584828156374,14.792937278747559,820000,0.028479762431734435
1999-06-04,14.952681294802963,14.952681294802963,14.697079905148211,14.824880599975586,1212700,0.002157034913531805
1999-06-07,14.697083952200359,14.729034134705142,13.994179937095124,14.121980667114258,891500,-0.048574394784225046
1999-06-08,14.058085639275832,14.249786807084138,13.80248408219809,14.026135444641113,766500,-0.006810089351108372
1999-06-09,14.026130897658211,14.505383661815097,14.026130897658211,14.313682556152344,729300,0.020293495160451976
1999-06-10,14.249781982318776,14.5373336366705,14.121981247051343,14.185881614685059,664800,-0.0089686843885468
1999-06-11,14.217831798501917,14.69708455575479,14.185881614685059,14.185881614685059,675100,0.0
1999-06-14,14.313679314478271,14.920732678261949,14.313679314478271,14.888782501220703,642400,0.048360859625382634
1999-06-15,14.633181289468949,14.888782709372336,14.345629692077637,14.345629692077637,602100,-0.03716273240295827
1999-06-16,14.409533720119027,15.048537432762886,14.377583534486833,14.856836318969727,1461900,0.03501477275036697
1999-06-17,14.824880599975586,15.048531815923495,14.569279210320834,14.824880599975586,744600,-0.0021532266093627988
1999-06-18,15.08049433282081,15.08049433282081,14.824892733959441,15.016593933105469,648600,0.01284896096531059
1999-06-21,14.9846370614985,14.9846370614985,14.601234833912184,14.856836318969727,538700,-0.01069573435594768
1999-06-22,14.82488131315812,15.080482715109122,14.569279911207117,14.697080612182617,958500,-0.010811241245343533
1999-06-23,14.792934790092021,14.82488497322397,14.377582409376695,14.729034423828125,616500,0.0021718004001657003
1999-06-24,14.633184038937745,14.633184038937745,14.345632387517572,14.537333488464355,644500,-0.013100612803751962
1999-06-25,14.473428946774023,14.473428946774023,14.02612650691787,14.09002685546875,605900,-0.03125283194352577
1999-06-28,14.09003583391055,14.121986028545267,13.898334666102244,14.026135444641113,657100,-0.004544825152240602
1999-06-29,13.96223032796705,14.34563253376935,13.546877938347894,14.185881614685059,1566100,0.011324810771905178
1999-06-30,14.058081266330658,14.441483482685133,13.642728865279981,14.281732559204102,541700,0.006734059703808251
1999-07-01,14.281729602159023,14.281729602159023,13.802476930945634,13.962227821350098,650400,-0.022625606568864864
1999-07-02,13.930277643269203,13.99417799943099,13.64272604054117,13.962227821350098,463900,0.0
1999-07-06,13.738582077208887,13.866382840717808,13.259329214050439,13.355179786682129,1235900,-0.04445136206180671
1999-07-07,13.323234737751097,13.898338395495749,13.29128453454306,13.738587379455566,938300,0.02830416210119871
1999-07-08,13.674671437480663,13.674671437480663,12.907867431640625,12.907867431640625,1362000,-0.06237146680859922
1999-07-09,13.035668099280631,13.355169768380648,12.907867431640625,12.907867431640625,2229200,0.0
1999-07-12,13.03567597300736,13.163476717840764,12.332771876423628,12.396672248840332,1321800,-0.04040893432400556
1999-07-13,12.524465428720607,13.00371793237063,12.524465428720607,12.907867431640625,3560100,0.040408934324005476
1999-07-14,13.067627879486448,13.451030164459157,12.971777308243272,13.387129783630371,1266000,0.036456777618556105
1999-07-15,14.15393084961904,14.633183587190793,13.930279572085558,14.121980667114258,5659500,0.05343871459491119
1999-07-16,14.377582127152525,14.60123340468601,14.090030484609475,14.121980667114258,2229200,0.0
1999-07-19,14.441483293260847,14.473433477537972,14.185881819043841,14.313682556152344,1037700,0.013483405809343462
1999-07-20,14.345629958320808,14.441480492563487,13.770526752864741,13.962227821350098,835900,-0.024860231253603385
1999-07-21,13.962228185280987,14.02612854310836,13.770527111798868,13.898327827453613,915100,-0.00458713794151816
1999-07-22,13.80248224510337,13.866382625867736,13.5468807220459,13.546880722045898,945700,-0.02561221690739999
1999-07-23,13.674674281367547,13.86637532269513,13.674674281367547,13.802474975585938,863300,0.018691606330124098
1999-07-26,13.482977834720055,13.578828388047448,12.971774883640622,13.16347599029541,943800,-0.047401898118167245
1999-07-27,13.291277499810837,13.323227686108458,13.067626195727481,13.195426940917969,1412600,0.0024243016755705242
1999-07-28,13.323223292827606,13.451023995876312,13.227372765541077,13.29127311706543,660800,0.007237337554190126
1999-07-29,13.001780366434636,13.418093530877124,12.84165991857214,13.193924903869629,777600,-0.007351174154557972
1999-07-30,13.32201862335205,13.450114956268896,13.161898207205992,13.32201862335205,633100,0.009661712833098137
1999-08-02,13.64226157276343,13.962502454753183,13.386068867171629,13.546189308166504,989900,0.01668707397331797
1999-08-03,13.482138734840484,13.610235064862723,13.129873827279333,13.289994239807129,783200,-0.019093836601011445
1999-08-04,13.225949793911438,13.73833525808234,13.193925702400756,13.386070251464844,1114100,0.007203193492460264
1999-08-05,13.386072262034697,13.93048189948587,13.257975876752068,13.610240936279297,1229800,0.016607886598312138
1999-08-06,13.482139885708056,13.674284397143325,13.322019459511997,13.514163970947266,382200,-0.00708420092307355
1999-08-09,13.51416323126816,13.578211398240995,13.065826062458317,13.129874229431152,460700,-0.028848209071278975
1999-08-10,12.937731650880146,12.937731650880146,12.361298062474594,12.617490768432617,835400,-0.03980610181427701
1999-08-11,12.61748806792911,13.033801126007988,12.61748806792911,12.937728881835938,829200,0.025063754634622973
1999-08-12,13.06582290910567,13.289991439408954,12.809630303044775,13.097846984863281,463000,0.012300102180538175
1999-08-13,13.834412969544877,13.930485281833382,13.642268344967864,13.770364761352539,1081300,0.05007093755853298
1999-08-16,13.83440692608173,13.89845510629507,13.706310565655047,13.738334655761719,653100,-0.002328726602446608
1999-08-17,13.802382243600885,13.834406332333137,13.642261799939622,13.674285888671875,399800,-0.004672948617647506
1999-08-18,13.674283229873842,13.674283229873842,13.19392199229045,13.289994239807129,905100,-0.028505687435742895
1999-08-19,13.225949733865027,13.257973825230318,13.065829277038574,13.065829277038574,419700,-0.017011069168179543
1999-08-20,13.193922290435204,13.450114956268896,13.12987412397678,13.32201862335205,305000,0.019417831795872992
1999-08-23,13.32202155826744,13.450117919404626,13.161901106845956,13.22594928741455,726500,-0.007237446994648462
1999-08-24,13.289996344467689,13.289996344467689,12.873683205966291,13.001779556274414,476700,-0.017094517897728728
1999-08-25,13.322023787588442,13.578216552734375,13.129879213728994,13.578216552734375,605600,0.0433805475096843
1999-08-26,13.578214859294,14.026552142383897,13.578214859294,13.706311225891113,745200,0.009389615632393749
1999-08-27,13.70630762210259,13.7383317053318,13.161898207205992,13.32201862335205,292300,-0.028438198249700695
1999-08-30,12.9377314470542,13.161900061235832,12.8416591838335,12.905707359313965,388800,-0.03174855745118223
1999-08-31,12.905707632489216,12.937731720907303,12.457370394635992,12.521418571472168,966900,-0.0302289807943063
1999-09-01,12.553445151137336,12.617493340683955,12.169156013857622,12.585469245910645,499600,0.005102250335180846
1999-09-02,12.585469245910646,12.681541530230573,12.23320420340424,12.585469245910645,430600,0.0
1999-09-03,12.585468134485689,12.937733145883506,12.553444042540432,12.777612686157227,736100,0.015151716710426118
1999-09-07,12.873680719054573,13.193921532961403,12.873680719054573,12.937728881835938,583700,0.012453131488953812
1999-09-08,12.873684371448585,12.937732552401066,12.713563919067383,12.713563919067383,404600,-0.01747831356384025
1999-09-09,13.257978959959381,13.514171790103523,12.329279950686864,12.553448677062988,1877900,-0.012674025841230159
1999-09-10,12.681539828591143,12.841660280972345,12.617491647638662,12.713563919067383,2091800,0.012674025841230188
1999-09-13,12.681542976615354,12.713567075041151,12.361301992357392,12.425350189208984,785500,-0.022930692827199325
1999-09-14,12.425343914380583,12.649512490155491,12.233199420859235,12.265223503112793,568700,-0.012970855444892083
1999-09-15,12.521419386336746,12.553443476838886,11.880937576293945,11.880937576293945,804500,-0.03183266899890533
1999-09-16,11.977008414990975,12.297249281701964,11.592719374937788,11.624743461608887,1042000,-0.021799347972566743
1999-09-17,11.72080963619506,11.880929986416305,11.592713356018066,11.592713356018066,1165600,-0.0027591416374739422
1999-09-20,11.656767189339416,11.784863532079408,11.624743103654417,11.688791275024414,499900,0.00825363016265225
1999-09-21,11.560698691891954,11.720819172389072,11.368554115295412,11.36855411529541,1085300,-0.027779238901113338
1999-09-22,11.464629569750153,11.912967038958259,11.2404608351461,11.400581359863281,819400,0.002813217544012054
1999-09-23,11.464624404907227,11.65676894800623,11.336528042841223,11.464624404907227,890800,0.005601805046186542
1999-09-24,11.496646760914423,12.009032131874397,11.464622675229425,11.688791275024414,763800,0.019364216310914697
1999-09-27,11.688793713973016,11.816890083441214,11.432600975036621,11.432600975036621,416900,-0.022161363145833075
1999-09-28,11.304501588003975,11.432597923278808,11.016284833635602,11.208429336547852,1012100,-0.019802894230906733
1999-09-29,11.240451469637517,11.43259593920397,11.208427391376441,11.304499626159668,808900,0.008534728904417236
1999-09-30,11.336525783982387,11.400573952253474,10.984260858491409,11.016284942626953,823600,-0.025826216120820648
1999-10-01,11.144379234854291,11.400571860942895,10.888186608765686,11.304499626159668,1321200,0.0258262161208207
1999-10-04,10.631998889629658,10.95223982004019,9.735324284480168,10.407830238342285,3099600,-0.08264241307663861
1999-10-05,10.696044447826363,11.144381640250222,10.631996277480097,10.952237129211426,2167600,0.05098530904530616
1999-10-06,11.784862845284596,11.784862845284596,11.04830891745431,11.208429336547852,1203200,0.023122375126915125
1999-10-07,11.208430926005045,11.24045501436506,10.696045512244813,10.760093688964844,939400,-0.040821852711172515
1999-10-08,10.760093665344426,10.824141841923858,10.311756429288408,10.343780517578125,1445300,-0.039458838935734576
1999-10-11,10.535924751194793,11.304502848546388,10.535924751194793,11.24045467376709,841600,0.08313387213731173
1999-10-12,11.368549755641391,11.528670174734932,11.112357085091727,11.208429336547852,973300,-0.002853180490404722
1999-10-13,11.080333282698446,11.240453705858828,10.696044267113528,10.728068351745605,1054000,-0.04380259725974979
1999-10-14,10.728067871812103,10.760091955011543,9.351032294236221,9.863417625427246,4661200,-0.0840307935877388
1999-10-15,9.735321815567787,9.735321815567787,9.158888287014431,9.511153221130371,3883900,-0.036367590455309844
1999-10-18,9.63925163055721,9.767347997740695,9.479131171577855,9.735323905944824,1532200,0.023295777324396454
1999-10-19,9.735323985153654,10.055564905717919,9.607227616927947,9.639251708984375,1578400,-0.009917428521116404
1999-10-20,9.67127257998627,9.927465231111736,9.607224417204906,9.703296661376953,1116700,0.00662220770670257
1999-10-21,9.703297851011925,9.767346021645666,9.286984741892601,9.319008827209473,1804500,-0.04040941573677096
1999-10-22,9.38305847387056,9.543178925643096,9.28698620280704,9.479130744934082,1174300,0.0170363444602801
1999-10-25,9.479129432831835,9.73532212020567,9.28698491730146,9.543177604675293,1159100,0.00673389376123226
1999-10-26,9.767345900487419,9.927466325085573,9.47912913621074,9.511153221130371,1170800,-0.003361378994723897
1999-10-27,9.511152710233416,9.927465791826124,9.511152710233416,9.863417625427246,1348600,0.03636759045530986
1999-10-28,9.958505091213043,11.243473490079243,9.92638088124139,10.793734550476074,2439300,0.09013310785974925
1999-10-29,11.307725016276041,11.693215641830905,10.504619546370071,10.600992202758789,2069100,-0.0180182308007458
1999-11-01,10.633113264306193,10.922231147625697,10.440368008759856,10.472492218017578,687500,-0.01219557001987269
1999-11-02,10.504618299768326,10.793736234624335,10.472494084784325,10.568866729736328,713000,0.009160547652946268
1999-11-03,10.60099257979282,11.275601198506909,10.568868359854054,11.050731658935547,2376800,0.044584060845717435
1999-11-04,11.307722738325765,11.339846950650553,11.08285325205224,11.275598526000977,851000,0.020144329075726337
1999-11-05,11.436220318967411,12.046580392170728,11.436220318967411,11.853835105895996,1674900,0.05001048452433106
1999-11-08,11.88596109161802,11.982333749117625,11.275600927453851,11.532594680786133,1271300,-0.02747410652407804
1999-11-09,11.821709459478207,12.014454722404482,11.179225249723956,11.307722091674805,1173200,-0.01969148305468918
1999-11-10,11.307723956040933,11.500469250746177,11.307723956040933,11.404096603393555,863700,0.008486778752786934
1999-11-11,11.628961579320114,11.661085782577905,11.24347114022663,11.33984375,1055700,-0.005650122479085991
1999-11-12,11.46834314411337,11.500467354601081,11.147101039236244,11.307722091674805,792900,-0.00283665627370091
1999-11-15,11.307725512629858,12.110831017788229,11.307725512629858,11.98233413696289,1238500,0.05794754657831596
1999-11-16,12.335691736099568,12.464188525017272,12.014449763805308,12.07869815826416,993800,0.00801000849394411
1999-11-17,12.142952026859406,12.175076238570675,11.628964639479115,11.950206756591797,668200,-0.010694838308936515
1999-11-18,11.885958083688395,11.91808229472539,11.564715973318439,11.725337028503418,519100,-0.018996521680200863
1999-11-19,11.596839852813803,11.918081953999781,11.564715642695205,11.78958511352539,507300,0.005464465883115632
1999-11-22,11.75746103850278,11.789585248990493,11.24347367069938,11.307722091674805,1254300,-0.041730660966238405
1999-11-23,11.307722738325765,11.404095375300132,11.08285325205224,11.275598526000977,783800,-0.0028448949455638457
1999-11-24,11.371974117153293,11.821713206532236,11.371974117153293,11.693216323852539,867300,0.03636790394796387
1999-11-26,11.693212483169596,11.885957743881184,11.693212483169596,11.78958511352539,486700,0.008207651963838278
1999-11-29,11.885960781374456,11.885960781374456,11.500470161437988,11.500470161437988,974900,-0.02482860610080886
1999-11-30,11.50046313189078,11.693208324045374,11.08284854888916,11.08284854888916,916400,-0.0369891806095122
1999-12-01,11.211352758629378,11.404098078261974,11.050731658935547,11.050731658935547,622400,-0.0029020982772075214
1999-12-02,11.17922509683145,11.243473516928182,10.600989315960858,10.697361946105957,887100,-0.032499475272847966
1999-12-03,10.82585878629942,10.92223141644452,10.568865105912492,10.697361946105957,724000,0.0
1999-12-06,11.24347180736308,11.24347180736308,10.825857140232452,11.01860237121582,541000,0.029587805135933506
1999-12-07,11.114977909536924,11.211350550371058,10.247624142029707,10.922232627868652,1747600,-0.0087845665925649
1999-12-08,11.821712084409207,11.821712084409207,11.082855079133632,11.371973037719727,2060100,0.04035142032969029
1999-12-09,11.339850781126792,11.436223450654783,10.311875639494902,10.343999862670898,2138200,-0.09474519465693958
1999-12-10,10.600989290646144,10.793734550476072,10.440368240787869,10.793734550476074,1875100,0.04255920337868343
1999-12-13,10.793734310594806,10.793734310594806,10.408243799502134,10.472492218017578,899900,-0.030213800820618444
1999-12-14,10.34399851885709,10.600992270878384,9.894259452819824,9.894259452819824,1186700,-0.05679729504130342
1999-12-15,9.958508930404292,9.990633152760436,9.02690648207615,9.283900260925293,3796700,-0.06367299047009266
1999-12-16,9.412393623112802,9.63726309533734,8.994778888981518,9.219648361206055,1890000,-0.00694484709663751
1999-12-17,9.21964796117488,9.862132139653967,9.21964796117488,9.573014259338379,2477700,0.03761122735679857
1999-12-20,9.380274041381405,9.605143624565207,9.059031779690262,9.091156005859375,1663800,-0.051646052034769165
1999-12-21,9.091150630292276,9.219647458988986,8.673535937027966,8.930529594421387,1747600,-0.017826375249096443
1999-12-22,8.86628789728338,8.86628789728338,8.737790971235796,8.834163665771484,959100,-0.010849258411300222
1999-12-23,8.802033601958176,9.476642016706796,8.769909391732051,9.316020965576172,1678000,0.0531091627057667
1999-12-27,9.380270004272461,9.733636340049847,9.380270004272461,9.380270004272461,1074100,0.006872945196745378
1999-12-28,9.380270653164263,9.540891725992418,9.28389800946737,9.348146438598633,1010100,-0.0034304659205522483
1999-12-29,9.669387278063544,9.733635698515794,9.251772545123922,9.316020965576172,630400,-0.0034424792761931643
1999-12-30,9.28389637902279,9.605138468262332,9.21964796117488,9.573014259338379,1156400,0.027212522989399093
1999-12-31,9.476640358222987,9.830006608868588,9.412391949014696,9.733633995056152,695800,0.016639184531894963
2000-01-03,9.669390801251945,9.733639245114084,9.444521247734457,9.476645469665527,919500,-0.02675690979684248
2000-01-04,9.444516244141951,9.540888858878095,8.83415635081305,8.866280555725098,1595100,-0.06657502041064954
2000-01-05,8.834158059762004,8.834158059762004,8.416543315118709,8.448667526245117,1963700,-0.04824664009150862
2000-01-06,8.448666289448738,8.448666289448738,8.127424225211143,8.223796844482422,3379300,-0.026976734087732237
2000-01-07,8.223797722582548,8.609288240828604,8.159549302874872,8.51291561126709,2481600,0.034552488282166866
2000-01-10,8.512918251946516,8.962657329407842,8.512918251946516,8.898408889770508,1366800,0.04428799039789673
2000-01-11,8.866283501519096,8.962656148274739,8.673538208007812,8.673538208007812,1607900,-0.025595678972779076
2000-01-12,8.737786898647782,8.93053219788266,8.705662682108636,8.802035331726074,751200,0.014706177084805724
2000-01-13,8.769910507342395,8.930531578905443,8.737786293029785,8.737786293029785,717900,-0.007326109402302615
2000-01-14,8.769915873354131,8.802040107322462,8.48079776763916,8.48079776763916,834200,-0.02985235128367739
2000-01-18,8.384423547118676,8.609293144167834,8.384423547118676,8.416547775268555,585800,-0.00760478050862616
2000-01-19,8.416542083024979,8.480790495872498,8.159548431634903,8.223796844482422,1707900,-0.023167735597483946
2000-01-20,8.255921915654213,8.255921915654213,7.902555607980297,7.966804027557373,1500700,-0.03174859357181672
2000-01-21,8.031052447134448,8.28804612544275,7.934679817768835,7.966804027557373,1731700,0.0
2000-01-24,7.998929291374599,8.255923003547275,7.966805077353014,8.127426147460938,1244900,0.019960874333768724
2000-01-25,8.095296324753178,8.159544708282967,7.74193021533935,7.902551174163818,1172500,-0.028058645627637598
2000-01-26,7.806178799663407,8.063172340393066,7.741930414480992,8.063172340393066,1271900,0.02012142892190023
2000-01-27,7.870431398191759,8.159549286288598,7.870431398191759,7.966804027557373,556900,-0.012023657628031478
2000-01-28,8.159010814082238,8.159010814082238,7.836520268071083,7.99776554107666,610600,0.00387878322732866
2000-01-31,7.99776226679484,8.159007473786671,7.73976993560791,7.73976993560791,1270600,-0.03279023222265043
2000-02-01,7.804271060912335,7.933267276795184,7.707523899000199,7.86876916885376,1045200,0.016529691802903524
2000-02-02,7.933264857744316,8.513747652213413,7.901015813607144,8.094510078430176,1542900,0.028284408913618282
2000-02-03,8.094513824230818,8.642747828262387,8.094513824230818,8.481502532958984,1403900,0.04670155580404009
2000-02-04,8.578247017747774,8.642745115625576,8.094511283664252,8.191258430480957,1407500,-0.034820079022051496
2000-02-07,8.288005828857422,8.449251078446089,8.15900962918649,8.288005828857422,1079000,0.011741848228949992
2000-02-08,8.513749430729794,8.6427456342257,7.99776461674617,8.384753227233887,2469800,0.011605575772137038
2000-02-09,8.384753863016766,8.41700291633606,7.868769009908041,8.126761436462402,974800,-0.03125246767803821
2000-02-10,7.99776226679484,8.030011308193206,7.675271852811177,7.73976993560791,1901400,-0.04879053382155919
2000-02-11,7.772021770477295,7.901017982435425,7.4172821875924395,7.772021770477295,1987100,0.004158369575284345
2000-02-14,7.868766633889422,8.320253244030617,7.868766633889422,8.159008026123047,2054700,0.04859226350675766
2000-02-15,8.223507479419858,8.417001773053267,8.159009381542056,8.191258430480957,1586600,0.003944944416468272
2000-02-16,8.191257069704562,8.320253244030617,8.062260895378506,8.159008026123047,1465700,-0.003944944416468323
2000-02-17,8.159010814082238,8.22350892328447,7.965516486475545,7.99776554107666,967900,-0.019960400859391523
2000-02-18,7.965513775988324,8.35250229951812,7.868766645105874,7.93326473236084,1651700,-0.008097550510326125
2000-02-22,7.965516486475545,8.159010814082238,7.836520268071083,7.99776554107666,1094600,0.008097550510326079
2000-02-23,7.965516088414489,7.965516088414489,7.707523664498231,7.772021770477295,854900,-0.02863186264736615
2000-02-24,7.7720195383861155,7.804268582113859,7.449529101108683,7.481778144836426,1243300,-0.038059849020079535
2000-02-25,7.514029134064913,8.288006383925676,7.481780081987381,8.255757331848145,2724600,0.09844033172907006
2000-02-28,8.223508596420288,8.28800670305888,7.901018063227336,8.126761436462402,1804600,-0.01574831846271565
2000-02-29,8.126761436462402,8.28800670305888,8.062263329823812,8.126761436462402,1321300,0.0
2000-03-01,8.126758994125739,8.22350612500819,7.933264732360841,7.93326473236084,1642200,-0.024097852109234746
2000-03-02,7.933267276795184,8.03001443870732,7.836520114883047,7.86876916885376,1344800,-0.0081629899094208
2000-03-03,7.868767303466797,8.062261581420898,7.836518257141114,8.062261581420898,922500,0.024292455506914095
2000-03-06,7.93326288729298,7.93326288729298,7.836515778911357,7.9010138511657715,906200,-0.020203023558746366
2000-03-07,7.868766669569345,7.868766669569345,7.41728005738094,7.481778144836426,1541300,-0.05452060319586645
2000-03-08,7.417281454643318,7.449530504446114,7.094790956615347,7.288285255432129,1557300,-0.02620218401469425
2000-03-09,7.352782298357059,7.578525614534688,7.191537072515896,7.546276569366455,714700,0.034785972373750224
2000-03-10,7.256035908408787,7.578526393226955,7.22378685992697,7.417281150817871,926500,-0.017241703684674856
2000-03-13,7.41728005738094,7.610774319747399,7.320532926197711,7.481778144836426,708300,0.008657915325618912
2000-03-14,7.481777600464391,7.610773765989639,7.4172795177017665,7.514026641845703,893000,0.004301009139674348
2000-03-15,7.514026645819346,7.804268018404643,7.514026645819346,7.73976993560791,1084300,0.02960047030512069
2000-03-16,7.739773104267736,8.094512704880007,7.739773104267736,7.99776554107666,1501400,0.03279023222265052
2000-03-17,7.99776294601866,8.15900816670452,7.965513901881487,8.094510078430176,908000,0.012023868493871253
2000-03-20,8.223504066467285,8.320251173131606,8.126756959802965,8.223504066467285,610600,0.01581033989784
2000-03-21,8.223505297372508,8.416999539663626,8.191256256990656,8.320252418518066,960800,0.011696189444534065
2000-03-22,8.320252418518066,8.449248580045479,8.288003378136214,8.320252418518066,1134600,0.0
2000-03-23,8.320256852011644,8.481502139841329,8.288007794445708,8.44925308227539,1236200,0.015385451694995564
2000-03-24,8.416994854189316,8.707236056057912,8.416994854189316,8.545990943908691,1141700,0.011384232701453018
2000-03-27,8.545993981537995,8.739488184893572,8.481495913752802,8.707239151000977,2121700,0.018692488457037085
2000-03-28,8.674990941496457,9.029730348026051,8.513745756710277,8.771738052368164,1561000,0.007380202328052129
2000-03-29,8.771742165088654,8.90073837339878,8.062263019382954,8.255757331848145,1802100,-0.0606241529561587
2000-03-30,8.320259672872135,8.642750357867179,8.255761535873127,8.610501289367676,1133400,0.04207172314397737
2000-03-31,8.513754083869163,8.900742905863215,8.449255946870153,8.610501289367676,1103800,0.0
2000-04-03,8.5782470703125,8.67499421772204,8.449250873766447,8.5782470703125,446400,-0.003752950038902367
2000-04-04,8.610496119449014,8.771741365131579,7.933266087582236,8.5782470703125,683200,0.0
2000-04-05,8.610492049323188,8.868484320463958,8.384748812075014,8.707239151000977,542900,0.014925177523031791
2000-04-06,8.900739505136613,8.965237617492676,8.707245168068425,8.965237617492676,1474100,0.029199845733965234
2000-04-07,8.965235762930444,9.223228158985997,8.674994317367949,8.739492416381836,981900,-0.025502499672427414
2000-04-10,8.771739414760045,9.06198079245431,8.610494204929896,9.029731750488281,955800,0.03267054845582449
2000-04-11,8.932984624590192,9.1587279183524,8.803988456726074,9.029731750488281,642100,0.0
2000-04-12,9.09423185649671,9.158729954769736,8.513748972039473,8.5782470703125,706800,-0.05129307204039393
2000-04-13,8.77174146588878,8.836239564902668,8.642745267861004,8.739492416381836,465100,0.018622523584569402
2000-04-14,8.51375041469451,8.739493796902318,7.868769322672198,7.99776554107666,1206600,-0.08868991675126876
2000-04-17,7.739770459563365,8.159008026123047,7.739770459563365,8.159008026123047,840200,0.019960400859391658
2000-04-18,8.159010175615549,8.255757331848145,8.094512071460485,8.255757331848145,713400,0.011788219202232738
2000-04-19,8.255754337754361,8.481497620427332,8.255754337754361,8.320252418518066,570400,0.007781777774620966
2000-04-20,8.191257766723632,8.320253952026368,7.9977634887695315,8.062261581420898,590000,-0.0314984827490782
2000-04-24,8.159010489781698,8.223508596420288,8.062263329823812,8.126761436462402,492100,0.007968386511741659
2000-04-25,8.320254878775156,8.384752978610623,8.094511529351024,8.288005828857422,858700,0.01964689190590134
2000-04-26,8.288006074611959,8.481500379855817,8.159009871116051,8.384753227233887,476000,0.011605575772137038
2000-04-27,8.48056210777312,8.512930665436375,8.22161364646707,8.448193550109863,490400,0.007537672884770375
2000-04-28,8.41582825604607,8.480565396477195,8.092142553890453,8.253985404968262,337600,-0.023256474371171103
2000-05-01,8.221614085137844,8.383456882089376,8.027402728796005,8.286351203918457,479100,0.003913564883838858
2000-05-02,8.12450885772705,8.253983102471704,8.02740317416856,8.12450885772705,458800,-0.01972444986625394
2000-05-03,8.156874323465738,8.286348519076306,7.962663030049888,8.059768676757812,532900,-0.00800042215642065
2000-05-04,7.930294149290255,8.124505434578996,7.930294149290255,7.962662696838379,989200,-0.012121402379088049
2000-05-05,8.02740118408203,8.156875396728516,7.962664077758789,8.092138290405273,356700,0.016129555354320004
2000-05-08,7.962666051796233,8.12450885772705,7.962666051796233,8.12450885772705,276800,0.003992269181188613
2000-05-09,8.124508406966925,8.286351203918457,8.059771288186312,8.286351203918457,810700,0.01972444986625402
2000-05-10,8.156879694321576,8.253985404968262,8.092142553890453,8.253985404968262,471500,-0.003913564883838744
2000-05-11,8.28634992992605,8.480561256408691,8.253981375512277,8.480561256408691,587600,0.02708047041947531
2000-05-12,8.44819526955984,8.804249476322898,8.415826705308652,8.707143783569336,1034000,0.026367179759535522
2000-05-15,8.480565544512631,8.998462677001953,8.480565544512631,8.998462677001953,721400,0.032909935809045325
2000-05-16,8.933723084470058,9.127934455871582,8.771880274968789,9.127934455871582,604500,0.014285682897088632
2000-05-17,9.095565597643562,9.12793415848927,8.83661711087791,9.030828475952148,316100,-0.010695321696114115
2000-05-18,9.030828607493433,9.613462711202688,9.030828607493433,9.386882781982422,810700,0.038669155724958826
2000-05-19,9.192672743414441,9.322147007406194,8.83661851743712,8.868987083435059,465400,-0.05675267198432126
2000-05-22,9.063202129518853,9.063202129518853,8.642410602076907,8.77188491821289,353100,-0.011008882770258823
2000-05-23,8.771882506384365,8.998462497324184,8.739513936250106,8.933725357055664,419600,0.01828176988755191
2000-05-24,9.063196426782852,9.063196426782852,8.707142281444956,8.836616516113281,424700,-0.010929424801162239
2000-05-25,8.868985074780364,9.095564985449935,8.739510840112036,8.836616516113281,462900,0.0
2000-05-26,8.804250854956335,8.836619424276027,8.448196592439718,8.512933731079102,714100,-0.03731743390359985
2000-05-30,8.545299223099631,8.707142011415913,8.253982204130326,8.448193550109863,712100,-0.007633984971028197
2000-05-31,8.480561256408691,8.610035474063787,8.448192701994918,8.480561256408691,491700,0.0038239960483042526
2000-06-01,8.35109088448064,8.512933731079102,8.318722315160947,8.512933731079102,431300,0.0038099889227239526
2000-06-02,8.545301423455678,9.160304177416503,8.545301423455678,8.868987083435059,858400,0.040973971587469064
2000-06-05,8.998463641391712,8.998463641391712,8.610040750396386,8.642409324645996,883400,-0.025879193059281325
2000-06-06,8.577670869718487,8.642408008357872,8.512933731079102,8.512933731079102,485000,-0.015094778528187625
2000-06-07,8.545303431097066,8.642409151904987,8.512934857494425,8.577672004699707,548000,0.0075759261265615965
2000-06-08,8.480564701464749,8.545301836590433,8.318721863650536,8.351090431213379,686900,-0.02677042765912356
2000-06-09,8.35109088448064,8.674776577677564,8.35109088448064,8.512933731079102,811700,0.019194501532561997
2000-06-12,8.545303431097066,8.674777725507628,8.512934857494425,8.577672004699707,748100,0.0075759261265615965
2000-06-13,8.610040236921872,9.030831677072188,8.610040236921872,8.804251670837402,749500,0.026072200660660738
2000-06-14,8.739514110757293,9.063199818563117,8.739514110757293,8.998462677001953,524600,0.0218189998586343
2000-06-15,9.127937139783587,9.160305711201259,8.998462854112898,9.063199996948242,753300,0.007168509160968208
2000-06-16,9.160300568122725,9.192669121366976,8.868983588924475,8.966089248657227,660100,-0.010772658434786007
2000-06-19,9.030827554066976,9.192670341774269,8.70714197865239,8.739510536193848,521900,-0.025595414430219145
2000-06-20,8.868986604825272,8.868986604825272,8.383458141057465,8.707143783569336,584100,-0.003710372105008216
2000-06-21,8.674773421110931,8.96609043898406,8.642404863569473,8.739510536193848,658400,0.003710372105008251
2000-06-22,8.707144457594794,8.771881591108508,8.480564490296787,8.610038757324219,465100,-0.0149253655145246
2000-06-23,8.480562075862178,8.836616208818224,8.44819351832072,8.739510536193848,537500,0.014925365514524537
2000-06-26,8.674773421110931,8.868984766359683,8.674773421110931,8.739510536193848,369100,0.0
2000-06-27,8.674777381560382,8.836620243156657,8.674777381560382,8.804251670837402,536900,0.007380563845402593
2000-06-28,8.836619343354851,8.933725050424686,8.804250774331575,8.909448623657227,430600,0.011877607480321354
2000-06-29,8.836616516113281,8.901353633447444,8.61003660544371,8.836616516113281,404000,-0.008208300363943878
2000-06-30,8.804249680388518,8.868986810391375,7.800824165344238,7.800824165344238,933200,-0.1246746659998902
2000-07-03,8.286352448303903,8.804249476322898,8.286352448303903,8.707143783569336,582100,0.10991442293310191
2000-07-05,8.771879398779118,9.22503922011826,8.707142281444956,8.836616516113281,972500,0.014760243066788322
2000-07-06,8.707147760144899,8.836622076280882,8.707147760144899,8.77188491821289,643300,-0.007352345086389626
2000-07-07,8.804248411263993,8.804248411263993,8.642405609586346,8.674774169921875,287900,-0.011132418042393073
2000-07-10,8.674777898895607,8.739515047394828,8.610040750396386,8.642409324645996,416700,-0.0037378922466294795
2000-07-11,8.674773453752655,8.674773453752655,8.38345643478335,8.448193550109863,531800,-0.022728763499215873
2000-07-12,8.44819368958002,8.51293080597527,8.156876665801398,8.189245223999023,581300,-0.03113090208629998
2000-07-13,8.189248037882178,8.545302300398795,8.124510899242793,8.512933731079102,821000,0.0387648870573281
2000-07-14,8.512933057053646,8.642407324081077,8.512933057053646,8.610038757324219,760900,0.011342197427295234
2000-07-17,8.642409151904987,8.739514872712908,8.545303431097066,8.577672004699707,367400,-0.0037662713007336674
2000-07-18,8.545299223099631,8.610036338426143,8.448193550109863,8.448193550109863,238900,-0.015209911097589773
2000-07-19,8.448196826261633,8.448196826261633,8.253985404968262,8.253985404968262,223100,-0.023256474371171103
2000-07-20,6.862135486899263,6.99160974136906,6.247132778167725,6.247132778167725,6313900,-0.2785735600967468
2000-07-21,6.117658812891353,6.150027378038926,5.373181814497167,5.6968674659729,6054900,-0.09220614659482108
2000-07-24,5.955816075126117,6.1176589032545445,5.79397324699769,6.052921772003174,1741100,0.060624636587312694
2000-07-25,6.1500277648100985,6.182396331993309,5.955816361710832,5.988184928894043,918400,-0.01075274365780016
2000-07-26,5.988184640751803,6.441344559511399,5.988184640751803,6.052921772003174,1455500,0.010752743657800122
2000-07-27,6.085289865732193,6.21476411819458,6.052921302616596,6.21476411819458,518400,0.026386677626083963
2000-07-28,6.1809336344401045,6.24599609375,5.758027648925781,5.855621337890625,668400,-0.05952565829036258
2000-07-31,5.790558474404471,5.98574583871024,5.790558474404471,5.92068338394165,585900,0.011049766387403097
2000-08-01,5.8556227201826125,5.920685194851308,5.725497770845221,5.790560245513916,1134100,-0.022222830923163007
2000-08-02,5.855620826422836,6.148401867743978,5.823089599609376,5.823089599609375,491100,0.005601932139841636
2000-08-03,5.823086866112642,5.855618077655171,5.497774750687355,5.595368385314941,1029700,-0.03989179845119233
2000-08-04,5.5953685182513615,5.725493367513021,5.302587607412628,5.367650032043457,2131800,-0.0415489791545765
2000-08-07,5.432712836072624,5.660431338183453,5.400181621485363,5.627900123596191,1413300,0.04734619043309109
2000-08-08,5.497778917761409,5.627903862560497,5.465247681561638,5.530310153961182,809700,-0.017492493085502773
2000-08-09,5.465247681561638,5.562841390160953,5.465247681561638,5.530310153961182,929700,0.0
2000-08-10,5.530307536775416,5.758026082407345,5.530307536775416,5.725494861602783,1212800,0.03468508474383818
2000-08-11,5.69296643651765,5.725497673297751,5.595372726177348,5.660435199737549,614300,-0.011428204740433441
2000-08-14,5.692966533510873,5.790560245513917,5.660435296176525,5.790560245513916,2205200,0.022728268114934287
2000-08-15,5.7905600435593545,5.7905600435593545,5.530310153961182,5.530310153961182,921900,-0.04598514811833901
2000-08-16,5.59536890900893,5.758024981945236,5.497775265247147,5.627900123596191,3032800,0.017492493085502762
2000-08-17,5.595372726177348,5.725497673297751,5.465247779056944,5.660435199737549,897600,0.0057643869179018516
2000-08-18,5.6279011991891,5.88815096562559,5.6279011991891,5.725494861602783,764800,0.011428204740433384
2000-08-21,5.725495300292969,5.823088970184326,5.595370407104492,5.69296407699585,490500,-0.0056979444941569705
2000-08-22,5.660435296176525,5.8556227201826125,5.660435296176525,5.790560245513916,583100,0.016998007868657856
2000-08-23,5.790559741736805,5.888153445249223,5.758028507232666,5.758028507232666,673300,-0.0056339047179782215
2000-08-24,5.790555627306522,5.985742895642697,5.7254932045277975,5.888149261474609,1067500,0.022346588150714077
2000-08-25,5.985744678154194,6.180932004615744,5.953213457077268,6.148400783538818,980300,0.04325028158663236
2000-08-28,6.1809332358655595,6.538776738994618,6.148402008308372,6.408651828765869,1469200,0.04145691287964662
2000-08-29,6.408649877626069,6.473712312931918,6.1809313540556,6.3761186599731445,790800,-0.005089373961535849
2000-08-30,6.278526748220125,6.343589201569556,6.213464294870694,6.24599552154541,582700,-0.02061900987557521
2000-08-31,6.278525643777787,6.441181748538869,6.083338318064488,6.416783332824707,891200,0.026976411790305067
2000-09-01,6.473713436126709,6.6363695526123045,6.278526096343994,6.506244659423828,675200,0.013845478903655799
2000-09-05,6.441183056323056,6.668901649223367,6.376120601208682,6.408651828765869,1362800,-0.01511350685684988
2000-09-06,6.441183802956029,6.47371503428409,6.0508090270193,6.180933952331543,777000,-0.0361795406620063
2000-09-07,6.213462571708524,6.3761186599731445,6.115868918749752,6.3761186599731445,541600,0.031090166700470465
2000-09-08,6.441183802956029,6.506246265612151,6.148402721003483,6.180933952331543,479900,-0.031090166700470486
2000-09-11,6.1809312580713165,6.1809312580713165,5.8881503037416225,5.953212738037109,975100,-0.037538355217723064
2000-09-12,5.758029008179569,5.920685194851308,5.725497770845221,5.790560245513916,818200,-0.02770198201928551
2000-09-13,5.823088524016468,5.855619744821029,5.692963640798222,5.725494861602783,568600,-0.011300063374500856
2000-09-14,5.660431783707416,5.95321273803711,5.562838132264185,5.953212738037109,1550000,0.03900204539378622
2000-09-15,5.855621337890625,5.920683797200521,5.790558878580729,5.855621337890625,2129500,-0.01652891748352559
2000-09-18,5.9206821864301515,5.985744628039274,5.5953699783845385,5.725494861602783,883100,-0.022473127910260723
2000-09-19,5.758027145982455,5.920683280049756,5.725495919168995,5.823089599609375,353000,0.016901995514342374
2000-09-20,6.245994394475764,6.376119277694009,5.692963640798222,5.725494861602783,2189200,-0.01690199551434241
2000-09-21,5.790557303211906,5.985744628039274,5.692963640798222,5.725494861602783,1005100,0.0
2000-09-22,5.69296407699585,5.855620193481445,5.6604328536987305,5.69296407699585,541300,-0.0056979444941569705
2000-09-25,5.692963432847408,5.692963432847408,5.530307334766054,5.562838554382324,516600,-0.02312253056902618
2000-09-26,5.5628371737724125,5.62789959685747,5.530305962229884,5.595368385314941,464000,0.005830672126333245
2000-09-27,5.5953693494119285,6.050806389480341,5.497775697968697,5.953212738037109,1227200,0.061991848330636395
2000-09-28,5.98574583871024,6.018277066094535,5.790558474404471,5.92068338394165,819800,-0.005479151096122477
2000-09-29,5.95321273803711,6.050806389480341,5.758025435150647,5.953212738037109,1040500,0.005479151096122441
2000-10-02,5.888152156557355,5.9206833839416495,5.725496019635881,5.92068338394165,558300,-0.005479151096122477
2000-10-03,5.920683797200521,5.953215026855469,5.758027648925781,5.855621337890625,523700,-0.011049766387403159
2000-10-04,5.823089599609376,5.953214506863216,5.758027145982455,5.823089599609375,616900,-0.005571132395918291
2000-10-05,5.790558372795915,5.855620826422836,5.758027145982455,5.823089599609375,403500,0.0
2000-10-06,5.8230884954891104,6.083338260650635,5.758026054198729,6.083338260650635,1239100,0.04372262140308458
2000-10-09,6.0508090270193,6.311058877643786,6.018277795691239,6.180933952331543,721200,0.0159157836940825
2000-10-10,6.311055371101866,6.408649010861174,6.115868091583252,6.115868091583252,824300,-0.010582664949326382
2000-10-11,6.115869440058225,6.180931880909909,5.985744558354859,6.050806999206543,1093800,-0.010695068628862155
2000-10-12,5.07487077890716,5.237526893615723,4.684496103606609,5.237526893615723,4227800,-0.1443422313916201
2000-10-13,5.204995708701051,5.562839163674249,5.17246448552167,5.2700581550598145,836700,0.006191977553794906
2000-10-16,5.302587607412628,5.562837305935947,5.204993970466383,5.367650032043457,3424100,0.018348804713077906
2000-10-17,5.43271419107914,5.497776636481285,5.172464409470558,5.204995632171631,840600,-0.030771339414706094
2000-10-18,5.139933262342288,5.302589378239196,5.0098083696247615,5.2700581550598145,863400,0.012422534701628135
2000-10-19,5.204993970466383,5.400181244358873,5.172462758150968,5.367650032043457,1263800,0.018348804713077906
2000-10-20,5.237526854872703,5.335120522975921,5.107401964068413,5.204995632171631,2980300,-0.030771339414706094
2000-10-23,5.1074033383303465,5.237528264147681,5.1074033383303465,5.172465801239014,739000,-0.006269343941029946
2000-10-24,5.204995070831685,5.270057509217081,5.107401413253591,5.139932632446289,2258400,-0.006309546112217673
2000-10-25,5.139932876679955,5.36765142184932,5.139932876679955,5.33512020111084,631000,0.03727144231413068
2000-10-26,5.270056395097212,5.497774881305117,5.270056395097212,5.367650032043457,666400,0.006078787153822936
2000-10-27,5.400182642587801,5.497776304803243,5.3025889803723585,5.33512020111084,328600,-0.00607878715382296
2000-10-30,5.366534295910133,5.530148146395198,5.3010887557161075,5.464702606201172,730400,0.023998287084955182
2000-10-31,5.464701164600461,5.661037733388501,5.399255641671115,5.628314971923828,1583200,0.029500400594437395
2000-11-01,5.595592975616456,5.628315741555733,5.5301474437379,5.595592975616455,1002700,-0.005830783567939265
2000-11-02,5.5301498639381546,5.857377666538045,5.497427083678165,5.791932106018066,956200,0.03448661370863722
2000-11-03,5.791930667774098,6.217326705520218,5.791930667774098,6.053712844848633,1164800,0.04420584418595168
2000-11-06,5.988267243563475,6.020990015386226,5.9228216999179715,5.955544471740723,311900,-0.016349147522902296
2000-11-07,5.922821756311365,6.053712844848634,5.890098984177048,6.053712844848633,166500,0.01634914752290225
2000-11-08,6.020993697583376,6.773617909781298,6.020993697583376,6.51183557510376,1993900,0.07294960168469034
2000-11-09,6.446386898557345,6.479109674692155,6.217327465613684,6.282773017883301,401100,-0.035809932481175734
2000-11-10,6.282770571501359,6.315493334894595,5.955542937568996,6.020988464355469,689500,-0.04256000379820071
2000-11-13,5.955544182143286,6.348217424921964,5.955544182143286,6.250049114227295,1079500,0.037337879415091584
2000-11-14,6.282769395897426,6.413660424978622,6.217323881356828,6.315492153167725,550900,0.01041636476526283
2000-11-15,6.315496409566779,6.348219188890959,6.217328071594239,6.217328071594238,887300,-0.015665442783048995
2000-11-16,6.217325613460438,6.250048379847072,6.0537117815272685,6.119157314300537,1584700,-0.015915850674176283
2000-11-17,6.119159733621698,6.217328071594239,6.053714174973337,6.217328071594238,793600,0.01591585067417615
2000-11-20,6.18460459862986,6.217327374283986,6.0209907203592286,6.0864362716674805,821800,-0.021277510603227818
2000-11-21,6.086435559031728,6.086435559031728,5.89009892809522,5.955544471740723,381100,-0.021740103722293718
2000-11-22,5.922822300593058,5.955545075734456,5.89009952545166,5.89009952545166,267300,-0.01104973476954312
2000-11-24,5.890097410782524,6.086433991141941,5.857374647389288,6.020988464355469,217400,0.02197854769775927
2000-11-27,6.020988464355469,6.18460228132165,5.988265700962232,6.020988464355469,619000,0.0
2000-11-28,6.053712492837955,6.282771884458851,6.020989722606399,6.250049114227295,851800,0.037337879415091584
2000-11-29,6.282772249788852,6.3154950219231685,6.020990072714317,6.053712844848633,898600,-0.03191754482040537
2000-11-30,6.053712844848634,6.151881161251584,6.020990072714317,6.053712844848633,541500,0.0
2000-12-01,6.020989015140635,6.184602847073804,5.988266248754001,6.119157314300537,541600,0.010752616128442987
2000-12-04,6.053714174973337,6.315496409566779,6.053714174973337,6.217328071594238,935500,0.01591585067417615
2000-12-05,6.151879310607909,6.348215884350715,6.151879310607909,6.15187931060791,551500,-0.010582629876694085
2000-12-06,6.119158389117267,6.184603933385901,6.020990072714317,6.053712844848633,676600,-0.016085836925925124
2000-12-07,4.450294102707955,4.875689862525626,4.384848601197543,4.77752161026001,6576900,-0.23674985671067367
2000-12-08,4.9084159044119025,5.202920858676617,4.842970359019744,5.104752540588379,1871300,0.0662500560492094
2000-12-11,5.104753595314278,5.104753595314278,4.9084169185714215,4.9411396980285645,1286100,-0.032575963818173924
2000-12-12,4.941138039865802,5.072029113769531,4.941138039865802,5.072029113769531,1156100,0.02614494452120935
2000-12-13,5.104750742048226,5.104750742048226,4.8756914138793945,4.8756914138793945,1082400,-0.03947903433378464
2000-12-14,4.8756906541188565,5.0393044344584155,4.8756906541188565,4.908413410186768,686600,0.006688832324569393
2000-12-15,4.9084169185714215,5.00658525694285,4.8429713596571355,4.9411396980285645,848600,0.006645257488005804
2000-12-18,4.973862477485707,5.0393080363999925,4.9411396980285645,4.9411396980285645,1153600,0.0
2000-12-19,4.908415675163269,5.006583988666534,4.842970132827759,4.973861217498779,808900,0.006600430709694508
2000-12-20,4.908413410186768,4.9411361662546796,4.8429678980509445,4.908413410186768,584700,-0.013245688197700289
2000-12-21,4.9084152713898686,5.104751882245464,4.875692502913936,5.072029113769531,1173700,0.0327902020092152
2000-12-22,5.072031355207893,5.170199704018368,5.039308572271068,5.137476921081543,635600,0.012821130350394191
2000-12-26,5.072029113769531,5.072029113769531,4.973860808341734,5.072029113769531,1398700,-0.012821130350394307
2000-12-27,5.006585064882077,5.301090068698669,4.973862286680233,5.268367290496826,779200,0.03797954528669831
2000-12-28,5.235644621007582,5.726486304227043,5.235644621007582,5.562872409820557,868700,0.05439409282973692
2000-12-29,5.562872409820557,5.628317967583151,5.497426852057962,5.562872409820557,1023700,0.0
2001-01-02,5.628315087520715,5.759206136067709,5.399255752563477,5.399255752563477,1159300,-0.029853474859074556
2001-01-03,5.464705187698891,5.7264874721395564,5.464705187698891,5.693764686584473,647700,0.053110540972558094
2001-01-04,5.759207895639781,6.08643561698295,5.759207895639781,6.053712844848633,911100,0.0613001157285104
2001-01-05,6.119157538387945,6.184603073557869,5.890098165293209,5.988266468048096,668300,-0.010869811264091438
2001-01-08,5.988266468048096,6.086434770802983,5.857375397708247,5.988266468048096,695700,0.0
2001-01-09,6.217326290753422,6.740890609974763,5.988266901094086,6.413662910461426,754700,0.06862857870484528
2001-01-10,6.217326004493055,6.511830920495358,6.217326004493055,6.446385383605957,468100,0.005089023465111478
2001-01-11,6.479108450364093,6.642722300120762,6.28277183065609,6.413662910461426,554000,-0.00508902346511135
2001-01-12,6.413659794495838,6.6754418269242395,6.315491532335187,6.609996318817139,926100,0.030152552338115927
2001-01-16,6.446385160607485,6.609998997171127,6.315494091356571,6.577276229858398,517500,-0.004962384144710423
2001-01-17,6.511828056656488,6.609996318817139,6.446382548549388,6.609996318817139,601700,0.00496238414471036
2001-01-18,6.610001596590368,6.74089271731493,6.544556036228087,6.708169937133789,683200,0.014743080190162681
2001-01-19,6.7408951179466055,6.7408951179466055,6.348221615930298,6.51183557510376,424700,-0.029704798284342214
2001-01-22,6.446385089797203,6.511830623703773,6.348216788937346,6.479107856750488,372400,-0.005038554399565903
2001-01-23,6.479105302602938,6.642719072870689,6.413659794495838,6.609996318817139,552600,0.020000272493745485
2001-01-24,6.479108450364093,6.642722300120762,6.413662910461425,6.413662910461426,685900,-0.030152552338115982
2001-01-25,6.446386898557345,6.446386898557345,6.151881913344066,6.282773017883301,1303700,-0.0206190982372392
2001-01-26,6.282770571501359,6.282770571501359,5.955542937568996,6.020988464355469,953000,-0.04256000379820071
2001-01-29,6.020991067866795,6.240888172898901,5.952927630660671,6.209474086761475,1137700,0.030824761658290314
2001-01-30,6.246213856322744,6.29345421079219,6.125488950968346,6.272458553314209,615000,0.010092187317538219
2001-01-31,6.193722659401305,6.272456220517854,6.141233284939758,6.235713958740234,407400,-0.005875310759943133
2001-02-01,6.235715921228963,6.240964960442237,6.088746327288813,6.209471225738525,539500,-0.0042173373089516054
2001-02-02,6.272459446609749,6.429927150408426,6.272459446609749,6.298704147338867,1689600,0.014268177855976744
2001-02-05,6.351193274048065,6.5086604704587705,6.172729917501523,6.429926872253418,1048400,0.02061924394330087
2001-02-06,6.482417642410938,7.6791714915752545,6.372190281265795,7.086043357849121,2030400,0.09716395994420066
2001-02-07,7.017808062429035,7.023057104124906,6.776357650756837,6.776357650756836,525600,-0.04468738728338132
2001-02-08,6.781605066638869,7.0125573395511065,6.592644116074311,6.8655877113342285,635300,0.013081907418219694
2001-02-09,6.886582157142921,7.023054180975902,6.503411283199504,6.755359172821045,792100,-0.016185503963267674
2001-02-12,6.692372530031052,6.786853243580511,6.403681850189026,6.5873942375183105,1107000,-0.02517828268777844
2001-02-13,6.45617141909758,6.765857765710032,6.45617141909758,6.508660316467285,846600,-0.012024212230900349
2001-02-14,6.50866402784673,6.813101508146176,6.50866402784673,6.729118824005127,590100,0.03331055606210948
2001-02-15,6.823596477508544,6.881334421341622,6.713369129771903,6.823596477508545,753800,0.013942473058115162
2001-02-16,6.771107041351474,6.776356081832038,6.566399468369997,6.613639831542969,428200,-0.03125251799213207
2001-02-20,6.613639634438241,6.823596241642995,6.48241662979126,6.48241662979126,374800,-0.020040780073345917
2001-02-21,6.534906323453506,6.613640436131318,6.440426089046668,6.561151027679443,512700,0.01207267156416285
2001-02-22,6.5086606469170585,6.613639448138319,6.393184766495308,6.576896667480469,2318600,0.0023969539013866344
2001-02-23,6.561147989943398,6.65562868118286,6.42992503014453,6.655628681182861,706200,0.011899911878538743
2001-02-26,6.708120089266335,7.07029587493361,6.6923734683256875,6.823596477508545,865300,0.024923760721389826
2001-02-27,7.007308123745288,7.059797021328638,6.613639139278159,6.9548187255859375,639600,0.019048085534999183
2001-02-28,6.954819862722151,7.191021191906932,6.393185513237614,6.445674419403076,1461600,-0.07602548795490766
2001-03-01,6.534907716909399,6.771109104156494,6.382689000632275,6.771109104156494,498000,0.049255626639370796
2001-03-02,6.928572224511654,6.944318839633652,6.435174112556762,6.639881610870361,425600,-0.019570766180507692
2001-03-05,6.587394129429832,6.876084804534912,6.576896050062823,6.876084804534912,369600,0.03495528721448122
2001-03-06,6.881336735684402,6.981066536527258,6.802603103925282,6.855092525482178,523200,-0.0030576104150288014
2001-03-07,6.7238684640428685,7.164777436594273,6.7238684640428685,7.091292858123779,719500,0.03387586300354228
2001-03-08,7.086041741633933,7.259256055272238,7.059797042475644,7.175273418426514,423600,0.011773194573211904
2001-03-09,7.1647744733432,7.374731540679931,7.117534621253977,7.374731540679932,585700,0.0274186322822036
2001-03-12,7.3484878362983626,7.364234455786291,7.08604184214485,7.12803316116333,901200,-0.03402415790239236
2001-03-13,7.180524337186039,7.191021919250488,7.04405226631528,7.191021919250488,592200,0.008797949869034209
2001-03-14,7.086045941383678,7.128037284693922,6.981067583108068,7.007312297821045,1084500,-0.025879074466004785
2001-03-15,6.99681073583762,7.269754832337644,6.96006845383802,7.080793380737305,357900,0.01043174305337262
2001-03-16,6.797352215877651,7.002060303670928,6.750111849419503,6.834095001220703,668700,-0.03546190599569121
2001-03-19,6.886585610266013,7.080795664375527,6.834096690563453,6.928576946258545,180300,0.013730390397098148
2001-03-20,7.033553413745692,7.143780766525078,6.897081858389944,6.90233039855957,304400,-0.0037953517510804246
2001-03-21,6.9548186834773595,7.05979697858446,6.755359672485871,6.975814342498779,288100,0.010589979001278955
2001-03-22,6.907578484856714,6.907578484856714,6.230467840078535,6.435175895690918,860100,-0.0806698976129985
2001-03-23,6.435176459812208,6.655631154235377,6.246215007120319,6.613639831542969,458300,0.027354982717886337
2001-03-26,6.666129094916885,6.692373798162148,6.3826874011354136,6.671378135681152,333700,0.008692298018715483
2001-03-27,6.618890471159008,6.624139513304727,6.414182833238099,6.540156841278076,663500,-0.01986530860047367
2001-03-28,6.540155539926405,6.613640613615865,6.461421925711785,6.487666130065918,334100,-0.008058291146923167
2001-03-29,6.67137806227589,6.771107332819274,6.576897331862946,6.708120346069336,304100,0.03341592859680098
2001-03-30,6.708122100929016,6.823598523800829,6.545405801068748,6.771109104156494,286100,0.009346115343474808
2001-04-02,6.718617733715577,6.813097953796388,6.5926437732238155,6.813097953796387,414500,0.006182029350166211
2001-04-03,6.813101916672562,6.813101916672562,6.43517981537692,6.571651935577393,497900,-0.036081692119179276
2001-04-04,6.5768963335662995,6.603141032539151,6.450922379187809,6.508660316467285,468700,-0.009631590570674227
2001-04-05,6.58739372073855,6.6661273088024755,6.5349043283119705,6.608389377593994,607700,0.015206313181332195
2001-04-06,6.561152509284739,6.587397219437119,6.377440038794282,6.540156841278076,668500,-0.010378812634997783
2001-04-09,6.487664657404204,6.592643453295609,6.235716748647223,6.508660316467285,642100,-0.0048275005463344674
2001-04-10,6.534905592738863,6.561150294030192,6.3774378855669305,6.456171989440918,828400,-0.008097075621237395
2001-04-11,6.403682449679308,6.419429069886367,6.193725844998426,6.298704147338867,650600,-0.024692649519155875
2001-04-12,6.351195403430765,6.37743961124751,6.225220903259972,6.324950695037842,605300,0.004158317990646336
2001-04-16,6.298704147338867,6.403682449679308,6.230468125673572,6.298704147338867,449500,-0.00415831799064643
2001-04-17,6.246213358344184,6.293453709047399,6.1254884626145625,6.288204669952393,411500,-0.0016683174517483782
2001-04-18,6.2987059866449195,6.4824184448192,6.219972362042329,6.324950695037842,1108100,0.005826635442394634
2001-04-19,6.324948715605488,6.330197755756588,6.088747415142216,6.130738735198975,708000,-0.031186985193359603
2001-04-20,6.167481853292534,6.193726557038784,6.041507876001841,6.188477516174316,1219200,0.00937384369000523
2001-04-23,5.905033981920759,6.256711601334559,5.511365049792709,6.193724632263184,685500,0.0008475255596781313
2001-04-24,6.2462134990795795,6.2567115775061275,6.041505975521211,6.209471225738525,543000,0.002539120097053238
2001-04-25,6.209472474597806,6.209472474597806,5.957524548599655,6.073000431060791,297900,-0.022222955590331255
2001-04-26,6.088745987251734,6.167479568750097,6.0257585213619596,6.141234874725342,395900,0.011173053703998511
2001-04-27,6.141236967658339,6.446456929047903,6.078088062046315,6.314896583557129,557800,0.027885537751889303
2001-04-30,6.367522315868715,6.499082690148127,6.188600126550636,6.446458339691162,756000,0.020619506027296352
2001-05-01,6.420144742705862,6.8411379475426,6.414882208452966,6.609591960906982,808600,0.024991036005857968
2001-05-02,6.609591423732161,7.104258060455323,6.493818188892032,7.104258060455322,757800,0.07217240972334588
2001-05-03,6.841140096673857,6.920076127813337,6.520132934346781,6.814827919006348,678600,-0.04159351660722196
2001-05-04,6.841140096673857,6.841140096673857,6.6306436790598795,6.814827919006348,247000,0.0
2001-05-07,6.8411375682934334,7.041109342051708,6.746413964444025,6.835875034332275,334800,0.0030836700609472418
2001-05-08,6.814825874213685,6.972698390985947,6.814825874213685,6.851663112640381,298800,0.0023069284104246016
2001-05-09,6.904286950322537,6.972698390985947,6.7358898667590035,6.851663112640381,273300,0.0
2001-05-10,7.1042585739722615,7.1042585739722615,6.7464142777982765,6.841137886047363,240200,-0.0015373375640200429
2001-05-11,7.025325741451496,7.025325741451496,6.7253676804690325,6.946389198303223,368600,0.015267909348813079
2001-05-14,6.9726966777909585,7.077944829158645,6.946384514483344,7.009533405303955,323100,0.009049152776972791
2001-05-15,7.014798371133591,7.341068004458067,7.009535836274419,7.2358198165893555,757800,0.031772528720542224
2001-05-16,7.235817157693542,7.44631345608134,7.209504994929376,7.3936896324157715,583600,0.021583217779575635
2001-05-17,7.367376426966268,7.788369466022592,7.314752108885718,7.662071704864502,855600,0.03565552070582746
2001-05-18,7.709435646069326,7.87783322085011,7.604187475495626,7.735747814178467,821900,0.009569753885562693
2001-05-21,7.6304971044703755,7.956766575610413,7.367376514661052,7.940979480743408,459700,0.026184469320804406
2001-05-22,7.683124254831417,7.951506973935078,7.5778755786276,7.840996265411377,565700,-0.012670726987095328
2001-05-23,7.972558384984559,8.10411875768637,7.80942380387759,7.8462605476379395,717600,0.0006711539801898729
2001-05-24,7.793633142236533,7.856782032085251,7.762058446380791,7.788370609283447,697600,-0.007405381339496723
2001-05-25,7.746271000610226,7.81468242033182,7.656809951886813,7.751533031463623,792700,-0.004741039284754857
2001-05-29,7.867310109072629,7.867310109072629,7.6883879236768,7.767324447631836,897900,0.002035126830672146
2001-05-30,7.71469944713718,7.867309444999649,7.667337637134527,7.741011619567871,1005800,-0.003393381881767679
2001-05-31,7.762061087290445,7.893621444702148,7.762061087290445,7.893621444702148,299700,0.01952264201360023
2001-06-01,7.867307189181475,8.025179676635387,7.8252079261088054,7.998867511749268,549100,0.013244949350509776
2001-06-04,7.893619844706331,8.156740506196542,7.867307678184742,8.146215438842773,207200,0.018253485442769234
2001-06-05,8.014658404761787,8.209368215993695,7.9409849104326735,8.177793502807617,395200,0.003868915223877876
2001-06-06,8.1567394687619,8.188314164944469,7.983079894414701,8.09885311126709,250400,-0.009699910842614238
2001-06-07,7.983082201434307,8.056756179242724,7.814685111429827,8.051493644714355,2889000,-0.005864840305614174
2001-06-08,7.998869630258922,8.02518180211385,7.672600004101453,7.893621444702148,889500,-0.01980259886892842
2001-06-11,7.893620672972155,8.09885499114007,7.82520923358285,7.919932842254639,884200,0.0033277049998039323
2001-06-12,7.893619774090056,7.972555771085824,7.867307607803856,7.967293739318848,176100,0.005962152943035539
2001-06-13,7.972558101902817,7.972558101902817,7.867309907851016,7.888359546661377,252300,-0.0099566814852867
2001-06-14,7.840993852418886,7.888355641762879,7.735745710467083,7.825206756591797,642000,-0.00803803909004005
2001-06-15,7.70943551228817,7.840995848688056,7.6883858785387025,7.7567973136901855,439600,-0.008780626948856085
2001-06-18,7.609452782254114,7.883098125457763,7.609452782254114,7.883098125457764,366800,0.016151458034641845
2001-06-19,7.830472704714451,7.840997272568959,7.693649809565217,7.741011619567871,198900,-0.01818861046689883
2001-06-20,7.741010139263583,7.741010139263583,7.393690934812164,7.693648338317871,639500,-0.006137281941486592
2001-06-21,7.746271349384302,7.7988951733268514,7.546299613931977,7.788370609283447,550700,0.012236576277337081
2001-06-22,7.840995611236182,7.856783212467322,7.577874946404594,7.698910713195801,471200,-0.01155282056584794
2001-06-25,7.64628829581741,7.677863004330188,7.50946589722995,7.535777568817139,236300,-0.0214168320103521
2001-06-26,7.483151332335727,7.746271979023988,7.4410520690146305,7.651548385620117,637800,0.015246009683359006
2001-06-27,7.519988034956713,7.762059049105008,7.488413336649194,7.619973659515381,358100,-0.004135117770616466
2001-06-28,7.609451511039761,7.714699702381764,7.609451511039761,7.6831254959106445,345600,0.008253517048832646
2001-06-29,7.630499656710241,7.862045632370063,7.562088220254123,7.604187488555908,1001500,-0.010327349092998657
2001-07-02,7.604185407561647,7.825206756591798,7.435788380438762,7.825206756591797,361300,0.028651077752886202
2001-07-03,7.825210630230296,7.888359546661376,7.604189171790026,7.888359546661377,191100,0.008038039090040106
2001-07-05,7.851521052740969,7.85678358673537,7.614712543484428,7.735747814178467,819800,-0.019536039109704865
2001-07-06,7.5989253376983505,7.630500041448152,7.320017545670475,7.525251865386963,424400,-0.027587878066991298
2001-07-09,7.530512504177422,7.672597380630631,7.425263852745104,7.656810283660889,357100,0.01733120441607741
2001-07-10,7.6568108883662624,7.6568108883662624,7.425264439163833,7.488413333892822,498600,-0.022238547817438177
2001-07-11,7.367377766391687,7.498938083648682,7.367377766391687,7.498938083648682,254100,0.0014044845140033491
2001-07-12,7.388426481758651,7.6883838073481146,7.325277597522065,7.630497455596924,346100,0.0173916188262772
2001-07-13,7.446314849758873,7.683123857095575,7.304229947219707,7.641024589538574,351500,0.001378662267972453
2001-07-16,7.420002905603089,7.630499235492222,7.420002905603089,7.519988536834717,323200,-0.015967089161523944
2001-07-17,7.46736584489085,7.683125257783515,7.46736584489085,7.577876567840576,233200,0.007668410636523677
2001-07-18,7.577876567840577,7.577876567840577,7.441054174268063,7.577876567840576,183000,0.0
2001-07-19,7.577875839518889,7.714698721804086,7.48315273028236,7.504202365875244,246900,-0.009769845165816261
2001-07-20,7.504202907210614,7.898883979445721,7.462103632987903,7.893621444702148,711000,0.05059184220306755
2001-07-23,7.946244177749506,8.419861167686753,7.946244177749506,8.146215438842773,1208600,0.031498434793279136
2001-07-24,8.393549277354923,8.414598910892265,8.088329340132043,8.104116439819336,842800,-0.005181321036459555
2001-07-25,8.051497243898233,8.261993700500051,8.051497243898233,8.219894409179688,617000,0.014185228352909338
2001-07-26,8.104117345195249,8.414599850954668,8.077805676731222,8.36723804473877,458000,0.01776648395067031
2001-07-27,8.37249814922869,8.472484267079508,8.319874325710728,8.451434135437012,531000,0.010012299800629131
2001-07-30,8.451440488129087,8.514707099983198,8.182554873737448,8.261638641357422,587400,-0.022713196549746753
2001-07-31,8.393445177356034,8.593790787158207,8.345994716107292,8.488346099853516,797900,0.02707122508664493
2001-08-01,8.54106530100969,8.593787119358211,8.50415862031981,8.572698593139648,434800,0.009888395715238684
2001-08-02,8.62542379557322,8.646512327606995,8.504160965362125,8.54633903503418,467400,-0.0030795631752433645
2001-08-03,8.551608785454551,8.66232681274414,8.47252505487867,8.66232681274414,238600,0.013480363344156664
2001-08-06,8.662328940455021,8.852130744941137,8.535794739332424,8.541067123413086,832000,-0.01409741566204301
2001-08-07,8.546338178035484,8.546338178035484,8.351265002465222,8.377626419067383,615800,-0.019321325072394875
2001-08-08,8.43561840057373,8.514702121958294,8.367078940732824,8.43561840057373,439500,0.006898396128111321
2001-08-09,8.435624558873267,8.488347413487187,8.330179352447832,8.403990745544434,236100,-0.0037563451674018948
2001-08-10,8.45670695939196,8.461978335356173,8.330172315765665,8.42507266998291,188300,0.002505419932859015
2001-08-13,8.461982911685482,8.583245742125795,8.440894379611844,8.567428588867188,441900,0.016755537894313298
2001-08-14,8.672874063234694,8.899580554346196,8.630695994469242,8.720324516296387,530600,0.01768881278722652
2001-08-15,8.699230208198873,8.825764345100204,8.577968452702256,8.7097749710083,255400,-0.0012104975744930229
2001-08-16,8.762501607682543,8.778317753202636,8.56742743289832,8.699234008789062,152800,-0.0012109780079538985
2001-08-17,8.667601966436726,8.725596184410048,8.567428672694419,8.609606742858887,251300,-0.010356333885754113
2001-08-20,8.620146192487162,8.957570545585321,8.620146192487162,8.952298164367676,488600,0.03903163453471538
2001-08-21,8.883757353820734,9.057741875044123,8.794128903153915,8.79940128326416,366000,-0.017226594289640643
2001-08-22,8.87848971835379,9.200098037719725,8.820494511752269,9.200098037719727,695500,0.04453045709520167
2001-08-23,9.173736770029981,9.179009153329593,8.778317072997616,8.825767517089844,395200,-0.041538570459425224
2001-08-24,8.831038219144443,9.068290394437724,8.751954495914715,8.931211471557617,262900,0.011876478982681115
2001-08-27,8.962844806505144,9.21064074207928,8.962844806505144,9.157918930053711,684400,0.025066913036717042
2001-08-28,9.105200204863444,9.142105892110681,8.973393604349281,9.05774974822998,259600,-0.010998244786704676
2001-08-29,9.057747931392932,9.289727783335746,8.962847037161582,9.099925994873047,858900,0.004645564012834088
2001-08-30,9.099926659630805,9.168465640691192,8.646511689893927,8.941758155822754,1023000,-0.017534049483021653
2001-08-31,8.941754792822934,9.20009648465316,8.857398691426797,9.142101287841797,1055900,0.022158027669385513
2001-09-04,9.173736887509532,9.21064256547515,8.88376284154742,8.88903522491455,828800,-0.028071739239527754
2001-09-05,8.889032561146236,9.057744755919403,8.815220221729973,8.962843894958496,575900,0.008269055612300073
2001-09-06,8.96284606893693,9.0102965109267,8.62014921448078,8.646510124206543,544900,-0.03593178993190698
2001-09-07,8.59378552619723,8.59378552619723,8.256361124419918,8.309083938598633,888600,-0.03980641892355808
2001-09-10,8.303811324945391,8.4092564475589,7.961114550750986,8.013836860656738,836800,-0.036179711548642385
2001-09-17,7.644780936975068,7.644780936975068,7.338989739720238,7.34426212310791,999300,-0.08725031038766827
2001-09-18,7.3969835520870175,7.3969835520870175,7.070103363700504,7.154459476470947,408000,-0.026183479538598335
2001-09-19,7.154462461021303,7.223001956939697,6.811765484231632,7.223001956939697,577500,0.009534784713412148
2001-09-20,7.222999219454674,7.586785598163303,6.64305067062378,6.643050670623779,825400,-0.08369935367456156
2001-09-21,6.115826099471455,7.064833164215087,6.115826099471455,7.064833164215088,802200,0.06155810512492772
2001-09-24,7.1439149358435605,7.460250346425776,7.091192116012154,7.2388153076171875,1178400,0.024328160013192778
2001-09-25,7.291537350231213,7.38643821469127,6.7643112193233765,6.927751541137695,877200,-0.04392225384664987
2001-09-26,7.191366430973561,7.275722552870846,6.8012186129954,6.853941440582275,434400,-0.01071142803237497
2001-09-27,6.906660231833538,6.991016304432115,6.606141094698789,6.954110145568848,925100,0.014508993042540295
2001-09-28,7.143915241189234,7.381166934967041,7.0595591280950885,7.381166934967041,613000,0.05959887475432626
2001-10-01,7.328446809405927,7.328446809405927,6.938299391388556,7.0542893409729,399200,-0.04529589840900488
2001-10-02,7.107007832174068,7.449705110694098,7.054285522033915,7.439160346984863,572300,0.05312213691538792
2001-10-03,7.439163192641259,7.839855316430303,7.423346543829171,7.671143054962158,813200,0.030707647717374796
2001-10-04,7.72386470398016,7.908394100786031,7.618419549863445,7.7976765632629395,445300,0.016360179211241214
2001-10-05,7.924209180424306,8.066560487419752,7.570967606919373,7.955842971801758,447400,0.02008081090145741
2001-10-08,7.950572353696612,7.955844737229822,7.781860103051219,7.88730525970459,284300,-0.00865208589204247
2001-10-09,7.755494929883323,7.950568500860169,7.61314366028291,7.882029056549072,321500,-0.0006691726164961062
2001-10-10,7.934756874809848,8.26163715999083,7.887306421625114,8.230003356933594,400700,0.04320105736906553
2001-10-11,8.303809062620324,8.64123336305424,8.303809062620324,8.446160316467285,437000,0.025925515101093314
2001-10-12,8.419803273797656,8.519976039119038,8.230001503796109,8.472525596618652,463700,0.003116707955832067
2001-10-15,8.43562079911836,8.46198171187386,8.261636160360718,8.451437950134277,419500,-0.002492047130626433
2001-10-16,8.541065479699244,8.646510124206541,8.456709361851706,8.646510124206543,469500,0.022819187180371975
2001-10-17,8.778312236506453,8.841579795639682,8.356531860964058,8.446160316467285,492000,-0.02344384800557762
2001-10-18,8.541062464996838,8.7255907791535,8.48833965855041,8.583240509033203,447100,0.0160995862217357
2001-10-19,8.646507336764367,8.862669944763184,8.620146435536775,8.862669944763184,711700,0.0320365434865626
2001-10-22,9.015567080351962,9.347719101857857,8.936483361479516,9.316085815429688,1124300,0.04989449620912868
2001-10-23,9.321359608431203,9.43734901329478,9.047201736276358,9.09465217590332,1069500,-0.02405599579958111
2001-10-24,9.142098923689577,9.163187440783084,8.831035503130988,8.973386764526367,723200,-0.013423397264993421
2001-10-25,8.92066658033904,9.026112213551299,8.809948564905758,8.86794376373291,595900,-0.011820220281280708
2001-10-26,8.894304942933397,8.978661040319981,8.836309748878621,8.962843894958496,1144700,0.010644625365912808
2001-10-29,8.978661040319981,9.08410565925121,8.889032561146236,8.962843894958496,362000,0.0
2001-10-30,8.846648965834493,8.978688502637993,8.709327726673047,8.95228099822998,554700,-0.001179215664474722
2001-10-31,8.952283822763365,9.052633177080391,8.677641257788048,8.751583099365234,503900,-0.02267375030667003
2001-11-01,8.873060403984974,9.110732078552246,8.635389736799867,9.110732078552246,664900,0.04021845828197878
2001-11-02,9.110730517294025,9.232206682419601,9.005098456169703,9.184672355651855,597700,0.008082978426221991
2001-11-05,9.242768150526821,9.454031221062506,9.242768150526821,9.306147575378418,1307300,0.013139165031558353
2001-11-06,9.348396384478606,9.49627996997076,9.295580386496534,9.46987247467041,1023900,0.0174402294774781
2001-11-07,9.438187802302878,9.739237825490067,9.438187802302878,9.596634864807129,1437500,0.013297061242710356
2001-11-08,9.506851323015658,9.533258840404482,8.878342536815936,8.920595169067383,1933000,-0.07304983475048656
2001-11-09,9.079043388819306,9.232208804535997,8.978693008422852,8.978693008422852,744300,0.00649165964673361
2001-11-12,8.983973042551261,8.983973042551261,8.66707785265632,8.873059272766113,728800,-0.01183468904458562
2001-11-13,9.057912760199775,9.681139585799396,9.036786956430904,9.607197761535645,929500,0.07949294640788467
2001-11-14,9.506851898550458,9.59663887344317,9.401219807835876,9.411783218383789,542600,-0.020550146236734006
2001-11-15,9.332557777305059,9.638889569916719,9.332557777305059,9.512131690979004,443700,0.010605565883938085
2001-11-16,9.506843485143397,9.554377783159625,9.358958890494979,9.385367393493652,627400,-0.013416187857990973
2001-11-19,9.491003496321392,9.633606467192903,9.401216552518802,9.623043060302734,842400,0.025008724936851495
2001-11-20,9.559668368669021,9.628328525516658,9.427628753100063,9.443472862243652,528500,-0.018836740638983124
2001-11-21,9.454033258081028,9.538538504503272,9.27445935758826,9.50684928894043,364600,0.006688716157303174
2001-11-23,9.40121887336819,9.438190806610931,9.348403840642915,9.390656471252441,179400,-0.012297314092138726
2001-11-26,9.39065559207637,9.39065559207637,9.105449606627113,9.12657642364502,860700,-0.02852455921483529
2001-11-27,8.709334962767667,8.804403669434482,8.582577023006099,8.756869316101074,4180800,-0.04135218623840865
2001-11-28,8.756865245477044,8.767428654059087,8.667078287293867,8.762146949768066,1212200,0.0006025034450052104
2001-11-29,8.772710960914631,8.772710960914631,8.67236058725672,8.709331512451172,724600,-0.006045922022225151
2001-11-30,8.714610365216085,8.7674263870877,8.661794343344472,8.688202857971191,1075100,-0.0024289263544835776
2001-12-03,8.661793193025026,8.793832726477792,8.582569674429708,8.693482398986816,657200,0.0006074832330625385
2001-12-04,8.714613217104974,8.76742925626083,8.582573622906413,8.709331512451172,1138900,0.0018214431214210135
2001-12-05,8.76742520550651,8.841367021732575,8.714609190752881,8.836085319519043,1206600,0.014448902922271205
2001-12-06,8.846651593625857,9.04207060938986,8.48750378565873,8.957564353942871,1133300,0.013654413125684634
2001-12-07,9.08432109553414,9.089601790836184,8.915309631797045,9.042068481445312,1129500,0.0093896080138273
2001-12-10,9.042071158592066,9.042071158592066,8.846652130958597,8.904749870300293,483500,-0.015303134882606212
2001-12-11,8.904749667628137,8.994536623029896,8.71461234856981,8.788554191589355,714500,-0.013134612821594345
2001-12-12,8.925875942287162,8.968128570128037,8.777992248535156,8.777992248535156,936500,-0.0012025066353176508
2001-12-13,8.899466081408153,8.899466081408153,8.698765396539955,8.867776870727539,809000,0.010176422055876683
2001-12-14,8.87305971773324,8.87305971773324,8.529756997873589,8.762146949768066,736100,-0.01198316975591656
2001-12-17,8.888904741472992,9.14242050060734,8.8466521149506,8.925875663757324,990600,0.018513475929439516
2001-12-18,9.00509733060543,9.084321870237243,8.772708436989841,8.783270835876465,783500,-0.016105565605172862
2001-12-19,8.709326997631157,8.751579605576119,8.492782255990521,8.704045295715332,1678600,-0.009060976722503347
2001-12-20,8.608978904239905,8.772708683863442,8.556163886174915,8.635387420654297,683900,-0.007919317201468505
2001-12-21,8.714616443229685,8.84137437969985,8.661800384521484,8.661800384521484,1077600,0.003054020652865869
2001-12-24,8.6882046658368,8.904749493926019,8.6882046658368,8.751583099365234,234100,0.010312012083338507
2001-12-26,8.873054688318426,8.973404998203197,8.503344663944377,8.582568168640137,591500,-0.019501420579395135
2001-12-27,8.688202125055076,8.899465187338055,8.608977595239933,8.846649169921875,852300,0.03030557338896134
2001-12-28,8.862497664626227,8.910031997730336,8.598418483995456,8.71461296081543,648100,-0.015037495162394972
2001-12-31,8.714612071366572,8.846651648205459,8.572009086608887,8.572009086608887,376300,-0.016499129648895324
2002-01-02,8.582576079659352,8.635392133933745,8.403002099555884,8.556168556213379,747500,-0.0018496462661652716
2002-01-03,8.503345799795053,8.76742485564346,8.49278239578952,8.598414421081543,782900,0.004925325241304672
2002-01-04,8.450533780184658,8.894186884234923,8.450533780184658,8.71461296081543,3345300,0.013423450673756094
2002-01-07,8.71461224536602,8.978691404316505,8.608980178833008,8.608980178833008,1283400,-0.012195401997593067
2002-01-08,8.978692214141477,9.005099729465508,8.82024510743301,8.915312767028809,1224300,0.034964468637671116
2002-01-09,8.925874089834654,9.137137185194039,8.825523741770734,8.878339767456055,1249000,-0.004155757533466457
2002-01-10,8.84664851744381,9.09488247139528,8.84664851744381,8.96284294128418,917600,0.009472892814263077
2002-01-11,8.952283825776378,9.031507371404603,8.820244247268656,8.873059272766113,983500,-0.010067831256436465
2002-01-14,9.005097717503212,9.084322260538851,8.814961433410645,8.814961433410645,767100,-0.0065691972269400585
2002-01-15,8.820242108488577,9.005096667669223,8.820242108488577,8.857213020324707,693500,0.004781716877102537
2002-01-16,8.804400098926909,8.968128912131402,8.804400098926909,8.851934432983398,267400,-0.000596142475130942
2002-01-17,8.851933835206212,8.910031574547908,8.714612546914438,8.904749870300293,567200,0.00594881253381209
2002-01-18,8.82552310450283,9.057912996308838,8.688202857971191,8.688202857971191,1474900,-0.02461871553366061
2002-01-22,8.714613057425774,8.873060164607933,8.68292383746577,8.772710800170898,309400,0.009679745711093863
2002-01-23,8.714614420951497,8.836090622623313,8.603701630046526,8.804401397705078,400300,0.0036058974324660923
2002-01-24,8.814959962424863,9.04206813214722,8.746298837569306,8.846649169921875,353300,0.004787007179213993
2002-01-25,8.820243266562404,8.867777590130494,8.582571648721949,8.630105972290039,769400,-0.024781977912057572
2002-01-28,8.630103557747583,8.751579680709535,8.608976749902908,8.640666961669922,794600,0.0012229899306311874
2002-01-29,8.661792644223462,8.814958976867434,8.424121599805229,8.439966201782227,1268100,-0.023501470402658556
2002-01-30,8.492880478019613,8.75745620642242,8.28651173283384,8.715124130249023,1232300,0.03208161808619769
2002-01-31,8.609297221841576,8.783917218549368,8.545798582458454,8.731001853942871,427000,0.0018202010110419757
2002-02-01,8.73100225013704,8.757459429002541,8.556382245505366,8.68867015838623,702000,-0.0048602268579915325
2002-02-04,8.688668946931351,8.720417758998575,8.424093158059236,8.47171688079834,431500,-0.025286706795155767
2002-02-05,8.57754908999918,8.709837022979627,8.201851844787598,8.201851844787598,1362400,-0.03237322601218956
2002-02-06,8.254764269713032,8.31297075775252,8.043103349805532,8.14364242553711,1539600,-0.007122411150352403
2002-02-07,7.170002885855943,7.646239031339077,6.984799660035728,7.593324184417725,5848200,-0.06996808786460679
2002-02-08,7.593325753886697,7.598616886425725,7.0906313240833905,7.170004367828369,3546200,-0.05736320069619211
2002-02-11,7.249379414737597,7.275837105138523,7.090633776970518,7.196464538574219,1713300,0.003683605322637572
2002-02-12,7.2123367373405864,7.275834872030803,7.164713010163345,7.191170692443848,1841400,-0.0007358883213632397
2002-02-13,7.222922967190655,7.244089022225761,7.0112624168396,7.0112624168396,1479100,-0.02533620796686227
2002-02-14,7.037717771792207,7.185880107774816,6.794307967501582,7.143548011779785,3245900,0.01869180051792626
2002-02-15,7.24937710277349,7.24937710277349,6.90542875116854,6.984801292419434,1308700,-0.022473028797187947
2002-02-19,7.037715734559662,7.053590139802981,6.889553441466118,6.953051567077637,612000,-0.004555906936174542
2002-02-20,6.878972280490315,7.053592305700921,6.878972280490315,7.0059685707092285,720600,0.007581801100336744
2002-02-21,7.037714543722462,7.17000240918853,7.0006735982380155,7.111795425415039,2029400,0.014992294380729673
2002-02-22,7.069466243211268,7.222920209793362,6.9636360084371285,7.154130935668945,1345700,0.005935210018712102
2002-02-25,7.170005344725475,7.328750949205867,6.984802055391957,7.154130935668945,980900,0.0
2002-02-26,7.207048189627253,7.31817009913281,7.043011397514332,7.302295684814453,2014200,0.020498832977362633
2002-02-27,7.461035963235894,7.561574520958384,7.397537342461704,7.529825210571289,1328200,0.03068305304631471
2002-02-28,7.545705887070652,7.635661746530991,7.513956552409952,7.5721635818481445,1207300,0.005607007498165591
2002-03-01,7.884359795720952,7.884359795720952,7.51924536015595,7.662116050720215,903500,0.011809355800660615
2002-03-04,7.752072684335364,7.778530371905337,7.56686988062239,7.725615501403809,1474100,0.008253303733243022
2002-03-05,7.720320410893168,7.857899921028902,7.672696695489399,7.8049845695495605,756100,0.010221080802940983
2002-03-06,7.752070186399687,8.069561325657924,7.752070186399687,7.969022750854492,1330500,0.02079929236129166
2002-03-07,7.969024910308993,8.043105826142384,7.78911324961923,7.931983947753906,725500,-0.004658682408146972
2002-03-08,7.942568928906745,8.05369083114669,7.873779131840254,7.953151702880859,336400,0.0026651037953538
2002-03-11,8.069564519385057,8.143645949101714,7.8473207348735405,8.0642728805542,1210900,0.013875259392546435
2002-03-12,8.053691542983795,8.127772481265843,7.884362602685091,8.122481346130371,1771900,0.007192141880053421
2002-03-13,8.20184957009317,8.20184957009317,7.984897500916701,8.138351440429688,898700,0.0019519417666343634
2002-03-14,8.138354612778697,8.138354612778697,8.021941077364914,8.069564819335938,546900,-0.008488078662634636
2002-03-15,8.106603629517755,8.355305062054812,8.048397126004135,8.254766464233398,1019600,0.022691231656887245
2002-03-18,8.25476615690401,8.25476615690401,8.080146148225971,8.175393104553223,1457300,-0.00966198494076064
2002-03-19,8.180686911461391,8.455845587177675,8.180686911461391,8.418805122375488,1074000,0.029339106916448855
2002-03-20,8.387054895857728,8.535216730319355,8.323556245890744,8.402929306030273,947600,-0.0018875367610047585
2002-03-21,8.387056158983523,8.41880498411012,8.18597841617399,8.33414077758789,498200,-0.008219947149753732
2002-03-22,8.228307632716753,8.424093667771858,8.101311367487218,8.275931358337402,426000,-0.007008959030546515
2002-03-25,8.429383444536532,8.429383444536532,8.159516062007379,8.22830581665039,298800,-0.005771326887206033
2002-03-26,8.228310285156828,8.418804744408042,8.069564650128253,8.223018646240234,826100,-0.0006427653413698503
2002-03-27,8.170100632674492,8.339429490952169,8.170100632674492,8.275931358337402,456600,0.006414092228575795
2002-03-28,8.281223752948925,8.466427046445267,8.217725610657192,8.371179580688477,597000,0.011443338377914699
2002-04-01,8.339432553616952,8.455845587177675,8.180686911461391,8.418805122375488,533000,0.005673104563390396
2002-04-02,8.418804124925089,8.429387401979524,8.170102665168528,8.286516189575195,528400,-0.015838270419009502
2002-04-03,8.286513850937464,8.360595255495825,8.122477139995906,8.164809226989746,621200,-0.014796276887815657
2002-04-04,8.085438174624324,8.228309381857253,7.97960793110275,8.1171875,464700,-0.005849634241107482
2002-04-05,8.117186905413888,8.307681329798953,8.117186905413888,8.254766464233398,280900,0.01680705957224455
2002-04-08,8.228309977646266,8.334140228830712,8.191269011252876,8.291808128356934,344800,0.004477268185523644
2002-04-09,8.291804213970943,8.619878594723396,8.217722820794872,8.551088333129883,432000,0.030790510335099545
2002-04-10,8.551094305994836,8.768046496203295,8.524637115687312,8.704548835754395,522900,0.017787178431589574
2002-04-11,8.704546176911384,8.74687827403916,8.54580005572462,8.609298706054688,431500,-0.011002879678765324
2002-04-12,8.59871394706495,8.757459031607803,8.577547397511697,8.731001853942871,445900,0.014037259143612998
2002-04-15,8.810378477562745,8.86329386668194,8.540510901404252,8.635758399963379,623900,-0.010968586826703278
2002-04-16,8.66221641437393,8.783921100257825,8.529928449036543,8.56696891784668,386800,-0.007997551492638817
2002-04-17,8.672794260775689,8.762750071691993,8.540506362915039,8.540506362915039,587800,-0.00309368572547341
2002-04-18,8.572261101315519,8.863294239807288,8.529928990093493,8.741589546203613,509600,0.023271744281964043
2002-04-19,8.889746800992542,8.932078890167684,8.688669629729777,8.81037425994873,488400,0.007837876905184258
2002-04-22,8.863293996153764,8.984998686411757,8.683382276086682,8.704548835754395,722400,-0.012084176607180355
2002-04-23,8.556383137257209,8.847416172216091,8.54579986089734,8.720419883728027,708100,0.0018216448612328156
2002-04-24,8.783915909984108,8.783915909984108,8.529923408842883,8.577546119689941,611400,-0.01651951600737659
2002-04-25,8.498174723803334,8.87387289834975,8.413510545453052,8.81037425994873,788000,0.02678204775332431
2002-04-26,8.783918475031465,8.783918475031465,8.572257995605469,8.572257995605469,309100,-0.027398745672031474
2002-04-29,8.482137661905453,8.704793815976455,8.455630880597038,8.476836204528809,638200,-0.011193883539038298
2002-04-30,8.445026551946277,8.641175374551345,8.439725095774604,8.471532821655273,637300,-0.0006258281299440544
2002-05-01,8.418518572463665,8.800214767456055,8.365505029479444,8.800214767456055,1173400,0.038064663608853425
2002-05-02,8.800215939622456,8.82672220907052,8.535149200544367,8.646476745605469,556900,-0.01762420125639405
2002-05-03,8.561656244960615,8.794915279584865,8.54575288631201,8.614669799804688,769400,-0.003685384596836072
2002-05-06,8.667684454738446,8.736601376977957,8.402617658025646,8.445028305053711,432100,-0.01988863877796186
2002-05-07,8.44502463429672,8.535147346451863,8.296586928644384,8.38140869140625,488600,-0.0075618999816034135
2002-05-08,8.482132906012538,8.720693298453755,8.482132906012538,8.662378311157227,406000,0.032973314677001014
2002-05-09,8.662376126893509,8.72069109948561,8.407911940978867,8.439720153808594,882900,-0.02604016571682045
2002-05-10,8.466233178873761,8.482137044270834,8.190563482259071,8.349603652954102,687800,-0.010735079902372258
2002-05-13,8.365503012784558,8.47152956761827,8.323092390851071,8.402612686157227,396300,0.006328620530436424
2002-05-14,8.455627589490717,8.455627589490717,8.317792784794978,8.392011642456055,307700,-0.001262433133565287
2002-05-15,8.323095821371407,8.460930652253696,8.095138760915763,8.13754940032959,1096200,-0.030791180203685715
2002-05-16,8.116341528266386,8.376106739381054,8.00501350842088,8.10043716430664,1244200,-0.004571047093215103
2002-05-17,7.967904608427852,8.100437954236048,7.898987207938639,7.9785075187683105,1340800,-0.015166664877488394
2002-05-20,7.978509351285364,8.195864007441243,7.7929624223073315,8.058029174804688,740500,0.009917641117245864
2002-05-21,8.031522168123587,8.100439582465551,7.936098483751763,8.010316848754883,637600,-0.005938690417354305
2002-05-22,7.952001502985753,8.16405467416885,7.925494730194205,8.126945495605469,1228700,0.01445482821978251
2002-05-23,8.126948190591262,8.164057381460461,7.9095934916577075,8.09514045715332,786100,-0.0039212070873323535
2002-05-24,8.042123310370378,8.407915115356445,8.031520400232584,8.407915115356445,546300,0.03790959974500711
2002-05-28,8.37611089922098,8.381412356507099,8.015619892961597,8.047428131103516,666900,-0.0438209842596851
2002-05-29,7.9148945647941,8.169358442241773,7.904291650446389,8.111043930053711,973200,0.007874027617506775
2002-05-30,8.111042746784303,8.190562570492355,7.952002593793492,8.06333065032959,721000,-0.005899877969248465
2002-05-31,8.05803036946472,8.153454576294989,8.036825046344081,8.111043930053711,591500,0.00589987796924846
2002-06-03,8.068631327164995,8.169356461168437,7.9626047372733035,8.00501537322998,846100,-0.013158314281454938
2002-06-04,7.9519978579204835,7.978504618561766,7.745245731607763,7.88308048248291,1240800,-0.01534951524849859
2002-06-05,7.87778559882747,7.87778559882747,7.628623155506746,7.655129432678223,1432100,-0.029342814431898383
2002-06-06,7.655124690298853,7.856575406566522,7.421866258900482,7.480180740356445,1287400,-0.023118982376181995
2002-06-07,7.480180733339183,7.787658009044936,7.374154173712116,7.750548839569092,612100,0.03550670402297477
2002-06-10,7.750551633376647,7.925495646216243,7.73464777009342,7.7399492263793945,354900,-0.0013685311858773518
2002-06-11,7.79296350479126,7.952003679496138,7.596814141365995,7.79296350479126,637000,0.006826084093966177
2002-06-12,7.792961472412993,7.814166789805049,7.44837493839842,7.580908298492432,547500,-0.02758819100218467
2002-06-13,7.580907821439527,7.761153260716805,7.464278330335179,7.485483646392822,474400,-0.01266738957194967
2002-06-14,7.432469543732223,7.639221219266657,7.050773403828938,7.5543999671936035,1352000,0.009164539423386877
2002-06-17,7.5650023747036,7.95199943801104,7.5650023747036,7.8194661140441895,926600,0.03448610974119806
2002-06-18,7.766451039005909,8.005011379203049,7.702835116811474,7.88308048248291,793000,0.008102471286566184
2002-06-19,7.8300715930913904,7.9891112296015,7.766455131797738,7.952002048492432,923300,0.00870497530963739
2002-06-20,7.952002226051295,8.047426414547811,7.845975630818882,7.893687725067139,723400,-0.007360309020197626
2002-06-21,7.633919236787105,7.978506181476323,7.633919236787105,7.904287338256836,840200,0.001341895367951265
2002-06-24,7.877782255647247,7.9732064308078225,7.665729094817763,7.766454219818115,358800,-0.01759159545125125
2002-06-25,7.8194679981965685,7.898987809507698,7.570305147540595,7.628620147705078,472200,-0.017906734564209163
2002-06-26,7.575608334274066,7.607416569412037,7.400664304952095,7.49608850479126,623400,-0.01752563149144342
2002-06-27,7.506690892850296,7.686936378479004,7.273432356232097,7.686936378479004,928300,0.025140962021937285
2002-06-28,7.660427525450702,7.660427525450702,7.18860912322998,7.1886091232299805,584300,-0.06702460680853552
2002-07-01,7.215117451551516,7.347650839383229,7.0772831124433475,7.119693756103516,904300,-0.00963299430005152
2002-07-02,7.024266244945271,7.0825807261040294,6.9076367770532405,6.934143543243408,736800,-0.026407164305176513
2002-07-03,6.934146692277598,7.024269434907294,6.711490564083614,6.897037506103516,1152100,-0.005365575944554646
2002-07-05,7.024270794854934,7.368857461806561,6.912942709204051,7.284036159515381,417600,0.05459315362592852
2002-07-08,7.257526372071532,7.379457322825754,7.15680124368729,7.162102699279785,505400,-0.016881515149010776
2002-07-09,7.1090891608346976,7.183308022471821,6.971254348754883,6.971254348754883,683000,-0.027008438408606145
2002-07-10,6.981856411606202,7.114389751985098,6.806912442752026,6.812213897705078,491100,-0.02307801009388435
2002-07-11,6.8122111068836695,6.865224117972155,6.467624259723872,6.653171062469482,699200,-0.023623569930945894
2002-07-12,6.573655151084494,6.796311259949182,6.573655151084494,6.67968225479126,558000,0.003976827259823145
2002-07-15,6.626667208379638,6.753899097442627,6.324491345461395,6.753899097442627,791800,0.011049562408689272
2002-07-16,6.700886036876677,6.700886036876677,6.41461403481883,6.472928524017334,597700,-0.04249134484800322
2002-07-17,6.499436459062367,6.695585782158336,6.282081817403986,6.324492454528809,626700,-0.023198850279333508
2002-07-18,6.313889308192673,6.441121214846385,6.181355945701392,6.276780128479004,602900,-0.007572656450540154
2002-07-19,6.096534299277369,6.356299552430408,6.070027527296021,6.197259426116943,681000,-0.012749964317826433
2002-07-22,6.1760561120374105,6.510040333907107,6.064728038080845,6.218466758728027,1125900,0.003416208270112196
2002-07-23,6.202559495352527,6.255573027466668,5.76254889775849,6.027615547180176,684900,-0.031171873662002827
2002-07-24,5.831465508587348,6.223763976008994,5.6989322015739985,6.144244194030762,979300,0.019164239287443267
2002-07-25,5.937494532357231,6.16015062155841,5.751948128406019,5.990508079528809,921000,-0.02533951035722794
2002-07-26,5.974607625142135,6.070031356670066,5.905690176742832,6.006415367126465,504200,0.0026518960449802708
2002-07-29,6.271479687722814,6.409314528361164,6.107138574755712,6.38810920715332,671000,0.06161020001322676
2002-07-30,6.334961596674326,6.531600443216971,6.11174982344507,6.47845458984375,857500,0.014043666820734923
2002-07-31,6.457196741365936,6.552859080503238,6.34027666779418,6.510342597961426,851300,0.004910088551259178
2002-08-01,6.510344769256097,6.680410756142823,6.483771832095891,6.659152507781982,987500,0.022600144120683032
2002-08-02,6.579430307050555,6.579430307050555,6.27118563493078,6.31370210647583,914700,-0.053270016190891306
2002-08-05,6.292444540619793,6.377477492762811,6.1914675298226785,6.303073406219482,441900,-0.0016848524823137258
2002-08-06,6.435938778572261,6.5688029189734465,6.334962254875409,6.382793426513672,568800,0.012568485980376737
2002-08-07,6.531601935047457,6.590061981641251,6.1967841987305565,6.324333667755127,649900,-0.009201162586107089
2002-08-08,6.324331467354624,6.536914348602295,6.164894939964322,6.536914348602295,603400,0.033060561897945866
2002-08-09,6.430622012269304,6.59005851116892,6.398734408387619,6.563486099243164,581700,0.004056637380827007
2002-08-12,6.5475446767827155,6.5475446767827155,6.276502215560018,6.382793426513672,301700,-0.02791603669266564
2002-08-13,6.329646761101803,6.520971423276468,6.329646761101803,6.3881072998046875,480400,0.00083218462214388
2002-08-14,6.393421686974852,6.568802295100705,6.329646966459671,6.5156569480896,562300,0.019770014430306997
2002-08-15,6.473141670562562,6.7494988441467285,6.40405225045739,6.7494988441467285,580200,0.03526021508549532
2002-08-16,6.749495427641173,6.818584812774209,6.568800190652657,6.69635009765625,605400,-0.007905640399926644
2002-08-19,6.7494968591886835,6.972708610242168,6.691036831755198,6.935506820678711,502400,0.03509151624853846
2002-08-20,6.802641727712649,6.935505821977207,6.738867023286017,6.882359981536865,457200,-0.0076925189657702205
2002-08-21,7.0152272210379225,7.153406062665458,6.914250687132585,7.116204261779785,1348600,0.03341286027064002
2002-08-22,7.094949033551054,7.265015060566387,6.882365992945149,7.227813243865967,682500,0.015562060554835456
2002-08-23,7.174662953005041,7.328785322092433,7.0949446784840005,7.153404712677002,1408500,-0.010348107567162297
2002-08-26,7.153404277412215,7.169347829979016,6.993967231235008,7.052427768707275,398900,-0.014216505057654632
2002-08-27,7.057742003850175,7.14808964716666,6.839844925323262,7.0364837646484375,784400,-0.0022633417531897977
2002-08-28,6.9833379710874475,7.0205397605896,6.9301921230817705,7.0205397605896,693900,-0.0022684760920418504
2002-08-29,6.967396297843035,7.073688030242921,6.818588582054355,7.07368803024292,655400,0.007541884857369791
2002-08-30,7.047113725794386,7.094944894699215,6.9036202190799,6.988653182983398,263700,-0.012094128915950783
2002-09-03,6.882363579705913,6.9089365138186825,6.680409990020057,6.839847087860107,754200,-0.02152248418764879
2002-09-04,6.839844485573941,7.036483312256754,6.776069772068951,7.0205397605896,525600,0.026074728246229875
2002-09-05,6.9673923364823045,6.9673923364823045,6.802641157238719,6.845157623291016,776000,-0.025298618071690152
2002-09-06,6.898306575050146,6.967395995376162,6.776071797667864,6.802644729614258,1137500,-0.006230018589402703
2002-09-09,6.792014148390544,6.908934724097159,6.728239427142327,6.776070594787598,1093800,-0.003914091741132693
2002-09-10,6.802644729614258,6.8292176615606515,6.669780576718809,6.802644729614258,861800,0.003914091741132711
2002-09-11,6.88236179686796,6.88236179686796,6.696352319936433,6.776070594787598,562300,-0.003914091741132693
2002-09-12,6.749499504586622,6.75481419284626,6.563489977028416,6.66978120803833,709800,-0.015810318656097874
2002-09-13,6.6166341435515275,6.696352932531954,6.483770002087294,6.64320707321167,475200,-0.003992217158113234
2002-09-16,6.563491888782067,6.7176143453469574,6.51034600437898,6.653839588165283,437500,0.0015992298877288318
2002-09-17,6.776069616245097,6.792013167545612,6.377477285877738,6.398735523223877,628100,-0.03909367337713892
2002-09-18,6.398736203449284,6.515656774700605,6.33496148463122,6.457196235656738,537400,0.009094807983767383
2002-09-19,6.404049395179068,6.430622315192848,6.255241752672706,6.319016456604004,467000,-0.021631632239673088
2002-09-20,6.372161789795272,6.47313878448038,6.260555931206428,6.319016456604004,589200,0.0
2002-09-23,6.265873781596394,6.308390272359868,6.111751375869664,6.191469669342041,596900,-0.02039108718966697
2002-09-24,6.138321792636084,6.281814763422536,6.138321792636084,6.255242347717285,919700,0.010247402904002358
2002-09-25,6.228668025350375,6.4997103552190465,6.228668025350375,6.425306797027588,556100,0.026824492344019853
2002-09-26,6.478454679710662,6.489084053267322,6.11174990822518,6.207412242889404,2145900,-0.034500279122281145
2002-09-27,6.202098708253669,6.249929884471215,5.8991686013245745,5.920426845550537,1571800,-0.047335552443502134
2002-09-30,5.920425274428976,6.026716467351966,5.686584143162012,5.9151105880737305,1947800,-0.000898355121456575
2002-10-01,6.0320305824279785,6.047974133147354,5.861964183021391,6.0320305824279785,1108900,0.01957350725981113
2002-10-02,6.032031105633181,6.032031105633181,5.58029290576525,5.792875289916992,1128100,-0.04045493656138438
2002-10-03,5.9257390542575195,5.941683112247834,5.798189631353124,5.883222579956055,737400,0.015475905434775386
2002-10-04,5.925740045326614,6.037345935742928,5.612181121620244,5.9363694190979,1517300,0.00899306800680991
2002-10-07,5.739730723848625,5.899167786951508,5.707843108493468,5.787561893463135,1069700,-0.025386623914115402
2002-10-08,5.84070696031673,5.893852814388494,5.6228098709280685,5.776932239532471,954600,-0.0018383263118897759
2002-10-09,5.617497823478085,5.750362014245961,5.574981322979298,5.649385452270508,948400,-0.02232601764528878
2002-10-10,5.606866493820188,5.638753601797199,5.410227638507142,5.474002361297607,1617100,-0.03153672774845596
2002-10-11,5.5271455467931085,5.760986612332189,5.5271455467931085,5.702526092529297,1081400,0.04089920881138453
2002-10-14,5.7025290056001845,5.856651904295166,5.633440094453714,5.739731311798096,546900,0.006503148648788599
2002-10-15,5.792879578121342,5.984204372323306,5.766307140559299,5.846025466918945,1383500,0.01834962353311875
2002-10-16,5.8460216470911925,5.899167501162956,5.574978703630767,5.776932239532471,858100,-0.011889235599547208
2002-10-17,6.005460905918344,6.058606272653111,5.819450855255128,5.819450855255127,1156300,0.007333115146333422
2002-10-18,5.819450331741445,5.909798004583209,5.766304969787597,5.766304969787598,1059200,-0.009174413658129179
2002-10-21,5.420859877048398,5.877913101564858,5.399601622896708,5.846025466918945,1329500,0.013730534111342962
2002-10-22,5.8247634458935424,5.835392312677321,5.452743985405531,5.537776947021484,1109600,-0.05416887585092637
2002-10-23,5.564349229022197,5.6706404187171575,5.458058039327236,5.548405170440674,577900,0.001917382659363429
2002-10-24,5.601552883919799,5.686585863990177,5.537778148867017,5.5643510818481445,608700,0.002869841106859412
2002-10-25,5.527150133208996,5.675958391791416,5.474004761003844,5.649385452270508,832700,0.015166398839867487
2002-10-28,5.6653258793482175,5.686584117838147,5.367710540489207,5.399597644805908,936400,-0.04522232915979665
2002-10-29,5.420858341454427,5.479318903938722,5.24547766767477,5.36771297454834,1521300,-0.005922512052264626
2002-10-30,5.40502364708904,5.410353658639384,5.277093711300026,5.362380504608154,1452600,-0.000993928037912567
2002-10-31,5.362380831722821,5.4903102669693995,5.362380831722821,5.447667121887207,1263600,0.015779465522389395
2002-11-01,5.447666914907769,5.703525775679788,5.389032211387739,5.676873683929443,814800,0.04121320743891556
2002-11-04,5.7301770846048985,5.756829172714181,5.570265064295502,5.596917152404785,934200,-0.014184735787684947
2002-11-05,5.650222056907146,5.730177823194571,5.554274730685144,5.623569965362549,1248100,0.004750749732460859
2002-11-06,5.634229519473316,5.7301768290491335,5.559604286111037,5.671542644500732,796500,0.008494464686502699
2002-11-07,5.671542899874238,5.831454411905927,5.54894349785747,5.74616813659668,952000,0.01307206955658267
2002-11-08,5.751499408349508,5.826125163181417,5.623569978648836,5.724847316741943,556900,-0.0037173421121271515
2002-11-11,5.708855515786732,5.756829172714181,5.52762192665917,5.596917152404785,580800,-0.022599941863419147
2002-11-12,5.580927487444013,5.6715443044888225,5.564935925603335,5.591588020324707,269700,-0.000952608485370556
2002-11-13,5.6129076649879055,5.815462803556734,5.564934012649729,5.740837574005127,677300,0.02634178933143604
2002-11-14,5.794142266104854,6.380486219196569,5.767490175810441,6.050001621246338,1785500,0.05245342151473106
2002-11-15,6.1033059923421025,6.284539617080485,6.060662846326766,6.225905418395996,814300,0.028660340495126252
2002-11-18,6.465774885437566,6.588373834310067,6.401810150154539,6.503087520599365,1590800,0.043558186779989294
2002-11-19,6.487096794050543,6.572383112102214,6.343175751078432,6.433792591094971,1166000,-0.010712875380812304
2002-11-20,6.396478145907979,6.631015454252185,6.369826051964081,6.545729160308838,759200,0.017248608473161064
2002-11-21,6.636345764058928,6.844231480206923,6.599033138729696,6.780266761779785,1071200,0.03520364618876304
2002-11-22,6.764273685789248,6.993480923406353,6.7376221070074,6.870882034301758,959300,0.013276040691971452
2002-11-25,6.913526146075557,6.982821379049827,6.753614109084654,6.972160339355469,984100,0.014632637740479404
2002-11-26,6.972160501647023,6.972160501647023,6.689649551673087,6.73762321472168,952300,-0.03421790103877834
2002-11-27,6.73229253804229,6.988151390550653,6.716301486847105,6.972160339355469,769600,0.03421790103877821
2002-11-29,6.988152498843573,7.030795647691333,6.796258329028657,6.833570957183838,541900,-0.020077753912325264
2002-12-02,7.062777702624982,7.185376618739751,6.742953603318501,6.92951774597168,963700,0.013942850360817886
2002-12-03,6.87621427023844,6.8922058326980595,6.716302712413805,6.801589012145996,1141900,-0.018633958314172496
2002-12-04,6.71630097043389,6.822908817448681,6.71630097043389,6.7642741203308105,872500,-0.0055013065604540045
2002-12-05,6.774936147788042,6.82290981303148,6.604363567674831,6.668328285217285,1404500,-0.014285759967207972
2002-12-06,6.615021765386481,6.662995413700518,6.513744458770565,6.572378635406494,884900,-0.014493384675659403
2002-12-09,6.519075733848537,6.519075733848537,6.28986899281286,6.3058600425720215,843800,-0.041396445387725064
2002-12-10,6.2259058976102555,6.481764793395995,6.2259058976102555,6.481764793395996,475500,0.027513451395716915
2002-12-11,6.428461064846975,6.4337910772111275,6.321852684020997,6.321852684020996,293000,-0.024980506539318284
2002-12-12,6.327180677217995,6.481762157649408,6.305859111239394,6.4551100730896,721300,0.020859765123939937
2002-12-13,6.401808047093013,6.4497817098820605,6.321851772995814,6.327182292938232,421200,-0.020017074872496068
2002-12-16,6.33251521549525,6.460444692572756,6.3058631140174635,6.433792591094971,429500,0.016709190254508826
2002-12-17,6.455111604562036,6.455111604562036,6.353834269222236,6.364494800567627,492100,-0.010829334526388174
2002-12-18,6.391147482118828,6.439121148472681,6.16194069937299,6.225905418395996,903300,-0.02201597687278888
2002-12-19,6.065994934542868,6.263219662927073,6.023351777505554,6.087316513061523,1465600,-0.022511534149536706
2002-12-20,6.012688923173207,6.140618864101777,5.975376299089995,6.044671535491943,1010800,-0.007030200332906066
2002-12-23,5.991368604806453,6.151280683169957,5.975377549474048,6.07665491104126,804400,0.0052772194389612654
2002-12-24,6.076656024561102,6.076656024561102,5.874101264309432,5.938066005706787,455500,-0.023070873374624386
2002-12-26,5.970045778979143,6.103305731672188,5.96471525886829,6.044671535491943,393800,0.01779365393566293
2002-12-27,6.007358287824656,6.05533143880342,5.916741488732004,5.927402019500732,607700,-0.019591137027712917
2002-12-30,5.932732039300656,6.0286793498684865,5.868767335037529,5.975375175476074,700200,0.0080608777186806
2002-12-31,5.954056664398129,6.1885940337821745,5.954056664398129,6.156611919403076,575800,0.029879726427864
2003-01-02,6.183260559794389,6.231233704514656,6.087313253661341,6.193921089172363,934000,0.0060417284392648455
2003-01-03,6.193924555627539,6.252558770886915,6.119298774832071,6.156611919403076,528800,-0.006041728439264829
2003-01-06,6.199254388339615,6.268549639586588,6.16194175626297,6.23656702041626,525600,0.012903260856049271
2003-01-07,6.289871537949762,6.34317522816457,6.199254705403424,6.273880481719971,629300,0.005965185808483468
2003-01-08,6.22057656835679,6.231237103549907,6.13529025342572,6.199254989624023,429800,-0.011965937946332062
2003-01-09,6.199252088200668,6.3485030694764095,6.199252088200668,6.343172550201416,466600,0.02294992366262502
2003-01-10,6.263218881286142,6.36982676057491,6.241897305428388,6.31652307510376,434500,-0.004210135101257709
2003-01-13,6.321850797569487,6.401807059329881,6.257886093168942,6.375154972076416,598500,0.009239489665943991
2003-01-14,6.321854171565514,6.433792591094971,6.284541534504546,6.433792591094971,456600,0.009155791817276198
2003-01-15,6.428458421606255,6.449779987335205,6.3378416401716615,6.449779987335205,716100,0.0024818278236203558
2003-01-16,6.428462577476657,6.465775214537625,6.3698278525562175,6.433792591094971,756200,-0.002481827823620336
2003-01-17,6.433791439588429,6.444452481610074,6.353835657811944,6.412469863891602,386600,-0.0033196810138284008
2003-01-21,6.4391175811867845,6.465769659767657,6.311188214013936,6.359161853790283,687500,-0.008347926225271847
2003-01-22,6.364493933836518,6.375154972076417,6.209912437781962,6.375154972076416,1061600,0.0025118154218241313
2003-01-23,6.3751547015396,6.449780441013218,6.3751547015396,6.3964762687683105,676700,0.0033388556398514803
2003-01-24,6.401805922104071,6.460440096968809,6.353832275239197,6.4071364402771,720400,0.0016651821972865606
2003-01-27,6.407137207114246,6.444449822098817,6.183260500514319,6.337841987609863,804200,-0.010874107928114569
2003-01-28,6.364497330591349,6.465775214537625,6.3165241579472,6.433792591094971,582400,0.01502586190825264
2003-01-29,6.353638884137966,6.439137725401213,6.257452432910165,6.40707540512085,605600,-0.004161280146395852
2003-01-30,6.380354030472556,6.439134839708439,6.252105826052007,6.278824329376221,949000,-0.020220157508905438
2003-01-31,6.278821647167206,6.428444488408104,6.278821647167206,6.412413597106934,1025600,0.021052982014422423
2003-02-03,6.492572054394557,6.5460090669495985,6.391042342075725,6.439135551452637,897500,0.004158563694821555
2003-02-04,6.385695261258689,6.401726152951644,6.1986668325399235,6.209353923797607,870700,-0.03633744746831789
2003-02-05,6.262793683246563,6.326917788037241,6.1879819728508965,6.2253875732421875,706700,0.0025788486772042327
2003-02-06,6.225391052613957,6.278828091278698,6.150579810019363,6.1666107177734375,604300,-0.009486330592932945
2003-02-07,6.214700586271529,6.268137086394627,6.139888874563479,6.145232677459717,347100,-0.0034727637629116217
2003-02-10,6.134546130502684,6.193326953280805,6.0383602098339795,6.171952247619629,641400,0.004338590714537246
2003-02-11,6.171951775500026,6.252106788194736,6.107827663421631,6.107827663421631,429000,-0.010444025469754445
2003-02-12,6.129201663029296,6.182638162146691,6.0009529439987634,6.033015251159668,832000,-0.012324244651770915
2003-02-13,6.19867319030148,6.358983290881191,6.19867319030148,6.305546760559082,1798500,0.04418275681150203
2003-02-14,6.332260757053263,6.396384853400542,6.273479953191828,6.358978748321533,1710100,0.008438106072221537
2003-02-18,6.4124155351685665,6.57272602547038,6.396384639022285,6.562038421630859,1080600,0.031433499397240404
2003-02-19,6.562038641561092,6.562038641561092,6.310886058270837,6.358978748321533,1143200,-0.03143349939724047
2003-02-20,6.519291149969692,6.535322051340035,6.433792329843636,6.487229347229004,1303300,0.019967738209485213
2003-02-21,6.487229347229004,6.562040560032719,6.439136133504807,6.487229347229004,847700,0.0
2003-02-24,6.492571685680059,6.492571685680059,6.401729075263333,6.444478988647461,806400,-0.006611735001625783
2003-02-25,6.417759213256882,6.535319795545266,6.348291318479387,6.492570400238037,497400,0.007434714310151832
2003-02-26,6.492571685680059,6.610132800856957,6.433791382898156,6.444478988647461,834900,-0.007434714310151837
2003-02-27,6.47653839911173,6.481882200016406,6.439132812004809,6.465851306915283,958800,0.0033108893889037348
2003-02-28,6.487226147185586,6.50860084167331,6.439132957184979,6.471194744110107,1188400,0.0008260676320710765
2003-03-03,6.5086038285736825,6.5834150388062955,6.455166813024831,6.497916221618652,1845500,0.004120793690813689
2003-03-04,6.487225773542678,6.508600466799289,6.428444984877332,6.455163478851318,647000,-0.006601194311233591
2003-03-05,6.492567161797183,6.546004134083778,6.4444744982745314,6.476536273956299,797000,0.003305491926652592
2003-03-06,6.439135188013575,6.535321091725335,6.412416683244106,6.529977798461914,800300,0.008217701522891441
2003-03-07,6.529977088453787,6.700974685004774,6.476540084725086,6.6902875900268555,858800,0.024253317908748188
2003-03-10,6.690285758770005,6.700972850822667,6.513943898578583,6.524631500244141,532800,-0.025072384706433578
2003-03-11,6.503259436462959,6.54600884118738,6.423104430007947,6.428447723388672,551400,-0.014851379054183468
2003-03-12,6.401730017489783,6.492572641277008,6.257450885930357,6.487229347229004,686000,0.009102431003395677
2003-03-13,6.652881174733287,7.000220663619674,6.572726182474204,6.994876861572266,2364100,0.0753424756795829
2003-03-14,6.994876368584776,7.000220170255562,6.861284384492975,6.930752277374268,1156300,-0.009209643140464685
2003-03-17,6.936100472790548,7.3742828369140625,6.904038659326228,7.3742828369140625,1251500,0.06203029400125706
2003-03-18,7.374280925379059,7.433061241235712,7.230001273349269,7.395655632019043,1220000,0.002894096013707015
2003-03-19,7.395655632019042,7.475810654515678,7.310156805459109,7.395655632019043,629700,0.0
2003-03-20,7.395651131684455,7.577336282373514,7.278090061895142,7.427712917327881,1160000,0.004325242967370332
2003-03-21,7.534590804342402,7.801774868189819,7.47580998414355,7.796431064605713,975000,0.048448079138883285
2003-03-24,7.614748991812651,7.6200927976228865,7.267409767961282,7.331533908843994,838400,-0.061481314651314185
2003-03-25,7.3048085563399265,7.571992481561979,7.278090061895142,7.427712917327881,862900,0.013033235512431072
2003-03-26,7.443742892159949,7.561303429789953,7.395649713305495,7.491836071014404,820300,0.008595909778864036
2003-03-27,7.438398261670757,7.49183523434417,7.304806339599964,7.4544291496276855,777400,-0.00500553134018136
2003-03-28,7.427712908482061,7.459775203700197,7.368932628463854,7.406338214874268,997400,-0.006472223331388811
2003-03-31,7.379624360524617,7.443748477238913,7.315499734197143,7.4223737716674805,1657100,0.0021627722027920907
2003-04-01,7.368934753757597,7.459777355194092,7.2994668520936274,7.459777355194092,1394100,0.005026647285686855
2003-04-02,7.534586958280012,7.69489690706703,7.475806168086066,7.662835121154785,1093900,0.02685646690803916
2003-04-03,7.689553810539464,7.9353630504136445,7.6628353151940924,7.8819260597229,1479300,0.028190262295766624
2003-04-04,7.9086516649497325,8.010181427001953,7.892620757175881,8.010181427001953,1451400,0.01614111306056995
2003-04-07,8.042240412182096,8.095676919106955,7.823149561679911,7.903304576873779,1657500,-0.013432438006769529
2003-04-08,7.897958617991594,7.935364723205566,7.80177272793014,7.935364723205566,595400,0.004048343899445574
2003-04-09,7.935363445280572,8.042236922367215,7.871238849415649,7.962081432342529,1100100,0.0033611353707529903
2003-04-10,7.988799531491476,7.99948713347479,7.748334092608953,7.8819260597229,772200,-0.010118154323999061
2003-04-11,7.8819260597229,7.967424837137761,7.7964272823080405,7.8819260597229,681100,0.0
2003-04-14,7.903302420109736,7.962082714570237,7.855209220272499,7.935364723205566,672300,0.006757018953245979
2003-04-15,7.93536416466967,8.09033084789721,7.871239562991461,8.058268547058105,1086300,0.015369396197960244
2003-04-16,8.042241005514907,8.063615711784443,7.930023670196532,7.930023670196533,737300,-0.016042692442384248
2003-04-17,7.935364081643512,7.935364081643512,7.5292443265332505,7.588024616241455,2159900,-0.044084724365766936
2003-04-21,7.988800222400216,8.36285766074692,7.988800222400216,8.314764976501465,4312700,0.09146155107368793
2003-04-22,8.261331733584143,8.592639930010364,8.111708792207537,8.549890518188477,3519300,0.027885630733851127
2003-04-23,8.57660756606226,8.603326582500673,8.36820433397394,8.464390754699707,1576800,-0.010050437255583002
2003-04-24,8.517824385816295,8.517824385816295,8.416294705660254,8.485762596130371,1119700,0.0025217297228908387
2003-04-25,8.496453498604524,8.571265733712607,8.416298478841782,8.549890518188477,1228100,0.007528707532692131
2003-04-28,8.549890518188477,8.656764557356382,8.426986086603847,8.549890518188477,1208500,0.0
2003-04-29,8.560593510666948,8.64089906284789,8.496348966808146,8.608777046203613,1608800,0.0068637916062756635
2003-04-30,8.608779146356824,8.640901170837424,8.523119733648059,8.565949440002441,1172700,-0.004987292811535927
2003-05-01,8.52311730095693,8.65696022275516,8.3410908456201,8.640898704528809,1947200,0.008711617363282204
2003-05-02,8.640902145714843,8.662317511878516,8.523120695237228,8.53918170928955,1031200,-0.011841409509247896
2003-05-05,8.592717170715332,8.603424852024826,8.523119284485007,8.592717170715332,1635800,0.006249819247666917
2003-05-06,8.598072089041606,8.892527235115175,8.598072089041606,8.871111869812012,2171800,0.031885136318996844
2003-05-07,8.860403543546227,8.860403543546227,8.555241758128659,8.565949440002441,1954700,-0.035005163420698
2003-05-08,8.485644825591661,8.576658089505548,8.394631561677775,8.53918170928955,1178500,-0.0031297921459656868
2003-05-09,8.592715790272695,8.65160700687319,8.533825084242466,8.624838829040527,1056400,0.009981091629551107
2003-05-12,8.565952227276826,8.673027038574219,8.501707646840714,8.673027038574219,830300,0.005571592999956867
2003-05-13,8.64625760616875,8.656965291255478,8.512414606007807,8.60342788696289,1000800,-0.008057153904448418
2003-05-14,8.565948690150606,8.571302530618828,8.426751901398779,8.469581604003906,626700,-0.015679605308547593
2003-05-15,8.53917866909506,8.560593517063996,8.367859885343563,8.5552396774292,545000,0.010062812974175555
2003-05-16,8.555240347179874,8.64625358581543,8.389275390070537,8.64625358581543,1027900,0.01058219264159145
2003-05-19,8.592718324689285,8.592718324689285,8.35715492051883,8.389277458190918,562500,-0.030171718292010832
2003-05-20,8.394630830354712,8.448167709388578,8.191189464657093,8.28220272064209,596700,-0.01284543528472507
2003-05-21,8.137650028292425,8.271492958068848,8.11088134022309,8.271492958068848,665500,-0.0012939423649407495
2003-05-22,8.244727306529725,8.351802098242679,8.196544262943432,8.2554349899292,617800,-0.0019432496158239517
2003-05-23,8.234015121859462,8.39462670109815,8.13764807220222,8.346443176269531,701000,0.010963711099256495
2003-05-27,8.351803166446567,8.507061021603446,8.303619606127102,8.480292320251465,753800,0.01590943973818447
2003-05-28,8.426749673145753,8.490994210065507,8.34644412963861,8.373212814331055,749700,-0.012707261302084494
2003-05-29,8.426752639065512,8.576657121876224,8.39998394495143,8.565949440002441,1009900,0.022757317135830624
2003-05-30,8.555241844641653,8.619486915393265,8.48564395403977,8.571303367614746,879400,0.0006248291773009775
2003-06-02,8.571302915923871,8.715853551641892,8.53918038224086,8.598071098327637,864100,0.0031180812618733797
2003-06-03,8.651610002987482,8.662317686284906,8.512413183543616,8.54988956451416,868300,-0.005619520776204234
2003-06-04,8.560597448640626,8.785453710868039,8.533828748742984,8.780099868774414,881000,0.026569415723850173
2003-06-05,8.785453143386162,9.021017074584961,8.662317846609412,9.021017074584961,1159400,0.027069303274369207
2003-06-06,9.021015463703025,9.106674874089867,8.855050483721108,8.930002212524414,1251800,-0.010140442780908712
2003-06-09,8.91929442888509,8.95141645212743,8.699792064637792,8.764037132263184,530700,-0.01875998401905689
2003-06-10,8.844343917302236,8.946063841749313,8.731915288780668,8.94071102142334,812100,0.0199584599881502
2003-06-11,8.983539374866485,9.294054985046387,8.940709670743074,9.294054985046387,1533600,0.03875982821219792
2003-06-12,9.294054985046387,9.352945190003142,9.235163758948936,9.294054985046387,676900,0.0
2003-06-13,9.33152961730957,9.406481334351234,9.299407598740364,9.33152961730957,824600,0.0040240007098641195
2003-06-16,9.438603362560169,9.652752876281738,9.379713165313241,9.652752876281738,1124200,0.0338441992794542
2003-06-17,9.65275297408111,9.663459632963217,9.502848517185328,9.604569435119629,597700,-0.005004178767218206
2003-06-18,9.609927819428156,9.609927819428156,8.940712818664107,9.208398818969727,1971900,-0.04212298534801701
2003-06-19,9.208396171408065,9.288701744182399,9.058491686726084,9.112029075622559,551300,-0.010520565651495962
2003-06-20,9.235161005440442,9.235161005440442,9.122733448565075,9.192331314086914,646000,0.008774166584683942
2003-06-23,9.192334473447557,9.192334473447557,9.026369490053826,9.10132122039795,509800,-0.009949991601418004
2003-06-24,9.074554175254057,9.235165337891475,9.05849265053397,9.219103813171387,629400,0.012858240498842183
2003-06-25,9.219104156529555,9.342240475021283,9.219104156529555,9.240519523620605,598200,0.002320277035608703
2003-06-26,9.245873154450962,9.476083239723032,9.219103946197881,9.443960189819336,579600,0.021777294247346368
2003-06-27,9.460020363372832,9.460020363372832,9.272640016932773,9.369007110595703,841100,-0.00796827790237804
2003-06-30,9.369007023819611,9.476081798262411,9.320823477434423,9.363653182983398,633100,-0.0005716142474349679
2003-07-01,9.363654337239952,9.647401809692383,9.240519046250368,9.647401809692383,933100,0.029853124909098815
2003-07-02,9.609925188439355,9.802658361517327,9.583155983052988,9.765182495117188,747300,0.012134616270391098
2003-07-03,9.770536640516182,9.80265866683955,9.593863964026454,9.674169540405273,417400,-0.009363853235355137
2003-07-07,9.684878866310045,9.877613099236726,9.67952502415753,9.824075698852539,622600,0.015376677262457917
2003-07-08,9.824074117934435,9.915087377599145,9.722353175687802,9.840134620666504,554200,0.001633315055431587
2003-07-09,9.813360635723026,9.84012880521721,9.609919892602674,9.67951774597168,1614700,-0.016457311516199797
2003-07-10,9.647398967214349,9.647398967214349,9.502848352829963,9.540324211120605,1384900,-0.014484611139489595
2003-07-11,9.481433767507017,9.583154691989598,9.470727107935668,9.529617309570312,937600,-0.0011229088105723594
2003-07-14,9.529617586071481,9.59386265106682,9.486787883121478,9.492141723632812,896000,-0.003940291153820744
2003-07-15,9.556387661559029,9.64204707528362,9.486788749694824,9.486788749694824,1096300,-0.0005640964950533961
2003-07-16,9.51355266571045,9.615272524745055,9.438599954515245,9.51355266571045,1487700,0.0028172055577101855
2003-07-17,9.4600224375929,9.476083963771977,9.245873860910004,9.267288208007812,1278600,-0.026226575789395735
2003-07-18,9.315468201350743,9.615276094001738,9.261930822377922,9.604569435119629,1016900,0.03574816546906047
2003-07-21,9.636692882791664,9.663461065676463,9.433252037901314,9.52426528930664,1791800,-0.008396184998081509
2003-07-22,9.556382870230234,9.749115943908691,9.460015822820882,9.749115943908691,983800,0.02333382542236314
2003-07-23,9.765181869289549,10.064989802417452,9.727706005291148,10.054283142089844,1078100,0.03082211852815974
2003-07-24,10.032866740263897,10.204185541454306,9.979329359606742,10.048928260803223,1081000,-0.0005327389048396768
2003-07-25,10.032873039173534,10.279144736356246,10.022165352091408,10.247021675109863,642000,0.01952110697684788
2003-07-28,10.220252083662215,10.30591152634575,10.139946483789041,10.279143333435059,492000,0.0031298281518567423
2003-07-29,10.27378504603155,10.27378504603155,10.064989351320113,10.081050872802734,952400,-0.01945941276769762
2003-07-30,10.107866768712286,10.123952904426899,10.000621091018822,10.011345863342285,667300,-0.006938474291838054
2003-07-31,10.118589149671651,10.236558549037847,10.005981112429534,10.107864379882812,933600,0.009594736157342887
2003-08-01,10.054240604569026,10.177572377186882,10.043515835792627,10.14539909362793,534600,0.0037065391230941564
2003-08-04,10.16148960755902,10.16148960755902,9.979172569142477,10.011345863342285,792000,-0.013301275280437048
2003-08-05,10.05423926411807,10.177571020293092,9.952356019866043,9.979167938232422,676800,-0.0032193222465769005
2003-08-06,9.963081991540333,10.064965248107908,9.866561119294232,10.06496524810791,661800,0.008560892414382088
2003-08-07,10.054239790033618,10.236556753381175,10.054239790033618,10.225831985473633,878400,0.015856460051733724
2003-08-08,10.225832813380492,10.333078455598434,10.182934761047363,10.182934761047363,707000,-0.004203809875669057
2003-08-11,10.236558163568025,10.236558163568025,10.027430274412348,10.129312515258789,474900,-0.005279806771272344
2003-08-12,10.188298225402832,10.274094339163543,10.134675398609799,10.188298225402832,953900,0.005806379167058853
2003-08-13,10.241926358135268,10.24728874586965,10.075696429452993,10.091782569885254,705200,-0.00951834316388972
2003-08-14,10.140038158362163,10.225834275294071,10.070329196893885,10.204385757446289,668800,0.011096118349766367
2003-08-15,10.215111804185135,10.215111804185135,9.930912486419986,10.027433395385742,384000,-0.017492927652541262
2003-08-18,10.027430640024416,10.290181362914915,10.027430640024416,10.220471382141113,667900,0.019068030764453073
2003-08-19,10.220474021789006,10.225836408061964,10.118591750914621,10.13467788696289,819900,-0.008429710053603594
2003-08-20,10.129313004761968,10.38670236858852,10.038154506124936,10.2633695602417,894200,0.012618205847587808
2003-08-21,10.26336777336596,10.31162820675804,10.113225111941865,10.156123161315918,491600,-0.010504412283005358
2003-08-22,10.188295787639644,10.215106683235916,9.946993636192767,9.979167938232422,716900,-0.017577076795000687
2003-08-25,10.022067855951581,10.022067855951581,9.753954758852172,9.786128044128418,1515700,-0.019533836724305448
2003-08-26,9.786129482579687,9.888012760828845,9.705695746181068,9.882650375366211,1036500,0.009814855200668153
2003-08-27,9.855836872381452,9.866561641592131,9.737867479374833,9.780765533447266,604600,-0.010362976014444811
2003-08-28,9.829022790965775,9.861196065414662,9.705691053270083,9.845109939575195,556100,0.006557122688509705
2003-08-29,9.845110906081155,9.963080272488229,9.74322766709274,9.920182228088379,760500,0.007596411819551146
2003-09-02,9.930909408762302,9.989893594917952,9.845113299108355,9.941634178161621,903600,0.0021601205021651044
2003-09-03,9.930908017499029,10.129311109739783,9.904096097756927,10.075689315795898,1126900,0.013394112536393988
2003-09-04,10.022067643584712,10.08105182821291,9.97380720530783,10.043516159057617,824500,-0.003198255935404388
2003-09-05,10.038153774496822,10.134674651050588,10.027430028145508,10.043516159057617,508600,0.0
2003-09-08,10.06496346806732,10.107861512282154,10.005978273733152,10.07032585144043,577300,0.002665796842361684
2003-09-09,10.102504382550556,10.123952904426899,9.823666438764011,10.011345863342285,950700,-0.005874028668918163
2003-09-10,10.022070147132101,10.022070147132101,9.904099702865734,9.952360153198242,900500,-0.005909311802459994
2003-09-11,9.952358286255684,10.107864379882812,9.92554738455393,10.107864379882812,611300,0.015504047959802843
2003-09-12,10.02743027971359,10.070328334505904,9.941634170128964,10.054241180419922,536100,-0.0053192188422399615
2003-09-15,10.054244138409734,10.13467788696289,9.925549936170562,10.13467788696289,788100,0.007968443668738235
2003-09-16,10.134675398609799,10.188298225402832,10.022068382837746,10.188298225402832,523800,0.00527683175581512
2003-09-17,10.107866882794438,10.306270059164865,10.075693588231507,10.209750175476074,895300,0.002103334354375247
2003-09-18,10.209750272013695,10.284821634293893,10.091779819549833,10.13467788696289,805600,-0.007380166110190339
2003-09-19,10.113229364641665,10.150765045781764,10.02743322981555,10.13467788696289,713800,0.0
2003-09-22,10.107864379882812,10.129312896690148,10.005981112429534,10.107864379882812,298800,-0.0026492248264983653
2003-09-23,10.107866978368707,10.145402659508806,10.081055047003918,10.13467788696289,516200,0.00264922482649835
2003-09-24,10.113228776906784,10.12395252605888,9.898737429536155,9.995258331298828,659900,-0.013852183484203242
2003-09-25,9.973808882690099,9.979171268152733,9.845114699898218,9.882650375366211,1017100,-0.011330081269852115
2003-09-26,9.839748119605751,9.871921395895168,9.764675777903765,9.791487693786621,729200,-0.009267326853616323
2003-09-29,9.764681213755546,10.011345863342285,9.764681213755546,10.011345863342285,506900,0.022205630623830394
2003-09-30,9.957725044398577,10.091781657323214,9.920189356423005,10.01671028137207,1282700,0.0005356903455140966
2003-10-01,10.038154063430632,10.322354316711426,10.032791678715487,10.322354316711426,842900,0.03005713898253139
2003-10-02,10.322353720854123,10.885390787428976,10.268730899568363,10.869304656982422,2532600,0.05163086458848064
2003-10-03,10.810315923493501,10.933647656263965,10.295539461789009,10.917561531066895,2466300,0.004429912276918914
2003-10-06,10.863940898313935,11.115966796875,10.804955700084063,11.115966796875,1006300,0.01800988254373571
2003-10-07,11.008729208260382,11.056989669799805,10.837135887914224,11.056989669799805,685400,-0.005319747616885725
2003-10-08,11.12669646875631,11.12669646875631,10.863945686925375,10.928292274475098,582400,-0.011707729353072776
2003-10-09,11.00872482633236,11.260750785233103,10.955101998991463,11.148143768310547,747100,0.019917957929818212
2003-10-10,11.142783382024428,11.18031906106487,10.981914871146117,11.073073387145996,535800,-0.006756665598938063
2003-10-13,11.056983821480946,11.201764106750487,11.046259052862393,11.201764106750488,750100,0.011554935159285228
2003-10-14,11.201763018843172,11.201763018843172,10.965824268770598,11.121329307556152,656000,-0.0072064517047467445
2003-10-15,11.105240625110728,11.164225815881645,11.003358415486401,11.099879264831543,443200,-0.0019305925073421469
2003-10-16,11.073071271619394,11.19104169494584,11.06234650172238,11.180316925048828,940700,0.007220583608135751
2003-10-17,11.196403140527986,11.196403140527986,11.046260451932762,11.067708969116211,639900,-0.010123048049478561
2003-10-20,11.276835896299893,11.657555958149706,11.040896112427088,11.636107444763184,2122400,0.05008120763762988
2003-10-21,11.850597248102924,11.957841856554404,11.394804849566246,11.770163536071777,4429700,0.011454841076103473
2003-10-22,11.770164685504094,11.829148867943045,11.410893115427665,11.737990379333496,2450600,-0.002737192970697193
2003-10-23,11.679003460363422,11.721901502435784,11.571757843797513,11.668278694152832,1035800,-0.005956685457908731
2003-10-24,11.45915286629946,11.775525342552841,11.45915286629946,11.71117877960205,1227200,0.003669899838022479
2003-10-27,11.636107698908464,11.855960335465566,11.528862061322963,11.684368133544922,1611900,-0.002291945376874501
2003-10-28,11.79697361601793,11.850596427917479,11.700452759152753,11.85059642791748,901000,0.014126306262521435
2003-10-29,11.834510927627885,11.834510927627885,11.679005876483863,11.727266311645508,877500,-0.010461613290219622
2003-10-30,11.786333648505348,11.866877862158924,11.67894068085042,11.780963897705078,873300,0.004568415314318668
2003-10-31,11.732635455106292,11.813179657023706,11.641351753153195,11.70578670501709,1240700,-0.006401690101777082
2003-11-03,11.732636945542009,11.958161354064941,11.689679964117413,11.958161354064941,1474900,0.02133069405994661
2003-11-04,11.958159271676282,12.151465142337148,11.89909304843752,12.070920944213867,1340900,0.009385328698339404
2003-11-05,12.097771669259519,12.14609840086287,11.995748455410757,12.03333568572998,998900,-0.0031185603042594174
2003-11-06,12.087031272021356,12.135358000042476,11.888354609692847,11.995747566223145,800500,-0.0031285546578391312
2003-11-07,12.054815105184547,12.076293084320348,11.920574407016234,11.97426986694336,735300,-0.0017920475099795768
2003-11-10,12.027962857418036,12.065550078119584,11.82391750610608,11.850765228271484,458600,-0.010367728271286587
2003-11-11,11.813178670789215,11.861505392740082,11.73800422516565,11.834657669067383,490700,-0.0013601244746259185
2003-11-12,11.818547202808933,12.033332042588363,11.807807704776236,12.022592544555664,1071300,0.015755274506333263
2003-11-13,12.01722526550293,12.119248469433115,11.82928913217774,12.01722526550293,602200,-0.0004465324308465
2003-11-14,12.054816419725542,12.081664152616769,11.86150946554756,11.915205955505371,872900,-0.008525663524163651
2003-11-17,11.920575738713996,11.920575738713996,11.64672456095654,11.721899032592773,757300,-0.016356591277790242
2003-11-18,11.684308197364684,11.770222145389972,11.448044328207619,11.48026180267334,739200,-0.020829608778228238
2003-11-19,11.453420459984013,11.51248671622957,11.211786706411846,11.464159965515137,1122500,-0.0014035515877637377
2003-11-20,11.437303707181687,11.523217646782728,11.292324574214275,11.491000175476074,785700,0.0023384913916943578
2003-11-21,11.544697846753166,11.743374492892453,11.501740872476436,11.700417518615723,599200,0.018060390972538
2003-11-24,11.678936625106317,11.893721461652605,11.657457629364245,11.866873741149902,764600,0.014126272615751318
2003-11-25,11.893727801945595,11.915206809137668,11.743378848302811,11.797074317932129,517800,-0.0058992375631955404
2003-11-26,11.797068759765722,11.877613974611842,11.754111789796102,11.850765228271484,374400,0.004540880150297011
2003-11-28,11.850768692571673,11.872247695922852,11.797072208368975,11.872247695922852,187200,0.0018111083606530915
2003-12-01,11.87224617849843,11.968899632874692,11.77559272412217,11.877615928649902,866400,0.0004520643068381804
2003-12-02,11.904466413582643,11.92057566776969,11.732638465622239,11.759486198425293,818000,-0.009995363483194278
2003-12-03,11.759487960307125,11.759487960307125,11.496376247549751,11.51248550415039,1180800,-0.021228108465322887
2003-12-04,11.566181082273943,11.619876551655372,11.383613618685883,11.44804859161377,912400,-0.005612855644990613
2003-12-05,11.410457194591496,11.442674669313092,11.179563073374107,11.211780548095703,775100,-0.020854226633631293
2003-12-08,11.168820898998186,11.227887108654967,10.782208222401067,10.830534934997559,2185700,-0.03459560655565878
2003-12-09,10.911084288685156,10.948671522045393,10.551319159961716,10.578167915344238,2266700,-0.02357720707224066
2003-12-10,10.497624710413582,10.621126960787944,10.481516478233596,10.540581703186035,2506600,-0.00355951488817777
2003-12-11,10.57816802321869,10.723147207061606,10.551319267562368,10.605015754699707,1880900,0.006094341961314457
2003-12-12,10.685557424362369,10.712406173614132,10.599643475106847,10.647970199584961,1676800,0.004042208795065939
2003-12-15,10.739253651849118,10.9110815464107,10.733883902122189,10.760732650756836,1712900,0.010534360232358774
2003-12-16,10.787583059273684,10.846649296791131,10.540579631253241,10.680190086364746,1285800,-0.007513010912222337
2003-12-17,10.728515518353793,10.94330041390226,10.594274830614106,10.894974708557129,1560200,0.019911015290756454
2003-12-18,10.87349896692975,11.093653678894043,10.87349896692975,11.093653678894043,1307300,0.018071557158931738
2003-12-19,11.356762106839103,11.485633045630838,11.254738896229954,11.346022605895996,1957200,0.022494047141352856
2003-12-22,11.329914417202646,11.340653918182289,11.056063287272833,11.179564476013184,1277900,-0.014779739979180999
2003-12-23,11.147351096049373,11.507116317749025,11.147351096049373,11.507116317749023,1142900,0.028878142889864268
2003-12-24,11.410459518432619,11.431938522071441,11.351393282601117,11.410459518432617,366000,-0.008435217854129253
2003-12-26,11.437304162367068,11.480261133877203,11.367499467728718,11.394347190856934,165700,-0.0014130644001596271
2003-12-29,11.394347625968246,11.48563132193497,11.33528242799568,11.426566123962402,650800,0.0028236340997883115
2003-12-30,11.426564336016737,11.490999273572687,11.378237620762341,11.453412055969238,665300,0.002346675693089053
2003-12-31,11.437304599118761,11.512480070263434,11.372869651480501,11.426566123962402,475700,-0.0023466756930890895
2004-01-02,11.533959150357903,11.571546377445712,11.23326030948031,11.286956787109375,647400,-0.01229321365762689
2004-01-05,11.367500129955793,11.533958276232907,11.211780459050553,11.48026180267334,1113000,0.016981403330289614
2004-01-06,11.5071169338885,11.59840068231719,11.426572690963331,11.59303092956543,924000,0.009774939894217837
2004-01-07,11.571543182122303,11.587652428215213,11.41045481789258,11.539325714111328,917500,-0.004643306583330082
2004-01-08,11.560813182167514,11.646727175948948,11.292331695556639,11.29233169555664,975800,-0.02163694470826142
2004-01-09,11.292324801348514,11.405086465277366,11.254736555863929,11.276215553283691,628000,-0.0014281951633527083
2004-01-12,11.227887764877972,11.319171446875957,11.147343580567952,11.249366760253906,808200,-0.002383850092808503
2004-01-13,11.31380433145543,11.469524011651973,11.303064831267715,11.399718284606934,843000,0.013276804129750613
2004-01-14,11.480261674186632,11.630611593635699,11.458783699508215,11.517849922180176,958000,0.010309355930416509
2004-01-15,11.512483072881107,11.678941259232115,11.474895839593005,11.582287788391113,441700,0.0055790172471054745
2004-01-16,11.65209079453252,11.829288441445915,11.625242045500155,11.700417518615723,704700,0.010147510122730944
2004-01-20,11.695050171595444,11.70041992250515,11.410459518432619,11.410459518432617,543800,-0.02509409014876027
2004-01-21,11.399718916844432,11.598395584635492,11.378240939452922,11.550068855285645,1201100,0.012160962076611338
2004-01-22,11.603764393429431,11.684308594418294,11.437305217320691,11.485631942749023,554700,-0.005594540506358883
2004-01-23,11.560805891511261,11.560805891511261,11.388976988134235,11.491000175476074,960800,0.00046727760597001927
2004-01-26,11.426567790299098,11.480263246436381,11.227891120395547,11.281587600708008,1195200,-0.01839215463631827
2004-01-27,11.06142880431471,11.179560197353803,11.018471841011879,11.109755516052246,1034000,-0.01534838325638342
2004-01-28,11.147345294019852,11.195672016869109,10.83053723275251,10.835906982421875,851900,-0.024958257592495463
2004-01-29,10.835908063273992,10.862796788541168,10.599292409422802,10.701467514038086,1315300,-0.01248445715281525
2004-01-30,10.701467960776727,10.701467960776727,10.561649660650595,10.620803833007812,1311400,-0.007566179468434163
2004-02-02,10.62080314767351,10.79288688266306,10.62080314767351,10.663824081420898,1492200,0.00404238280963555
2004-02-03,10.663819259106958,10.733727860195422,10.6100428598161,10.653063774108887,890500,-0.001009557145381781
2004-02-04,10.540137921580026,10.583158850823216,10.42182959688636,10.486361503601074,1058900,-0.015772020667051852
2004-02-05,10.513246439791343,10.889680241122322,10.480981007754275,10.792882919311523,1183300,0.028811419511886174
2004-02-06,10.739107668263415,11.126296997070314,10.690709002162553,11.126296997070312,1279200,0.030424477314358992
2004-02-09,11.266114545340901,11.314513208406682,10.868169754422349,11.163939476013184,1818500,0.0033774890429706813
2004-02-10,11.190832209613006,11.309140561846652,11.163944507214504,11.206965446472168,1515200,0.0038466055495224756
2004-02-11,11.206960737107243,11.588771284362881,11.09940792130865,11.50810718536377,1927400,0.026516259777315858
2004-02-12,11.545754277966674,11.771614447165696,11.416691470667235,11.674817085266113,1399200,0.0143823765842891
2004-02-13,11.696329354707759,11.776993489945028,11.588776490591314,11.733972549438477,840100,0.005054134880023945
2004-02-17,11.771613634759262,11.889921969227158,11.696327258788742,11.707082748413086,1199600,-0.0022942493397532966
2004-02-18,11.707085751297855,11.86303628805261,11.626421609824693,11.723217964172363,1421300,0.001377295025602482
2004-02-19,11.857657625182297,11.889924099837307,11.701707100483594,11.733972549438477,996600,0.0009169543141507372
2004-02-20,11.733965378919192,11.733965378919192,11.49734983787669,11.664056777954102,1019200,-0.005976228048485346
2004-02-23,11.631791607790714,11.712456728344154,11.545749769853352,11.5672607421875,879400,-0.008333285087062997
2004-02-24,11.60490532916829,11.680191690093004,11.427443888631647,11.631793022155762,830900,0.005563368839865139
2004-02-25,11.637170538736354,11.7447233599863,11.529618743186129,11.599527359008789,1639200,-0.0027777744324885617
2004-02-26,11.556506435648755,11.658681513266231,11.427443665568651,11.599527359008789,928900,0.0
2004-02-27,11.68019149937321,11.825387500814108,11.572639703479737,11.760856628417969,564100,0.0138124300009524
2004-03-01,11.744726323327427,12.013607418594631,11.744726323327427,11.922187805175781,1002300,0.013624403128196533
2004-03-02,11.959830308907756,12.072760895811205,11.900676143115478,11.965208053588867,727800,0.003601924226398428
2004-03-03,11.992095634472369,12.164180385491717,11.938320239584977,12.099648475646973,977400,0.011173290856531563
2004-03-04,12.06200692626691,12.105027863436518,11.884545432229771,12.056629180908203,504000,-0.0035617524213990633
2004-03-05,12.018988378648778,12.196449907967876,11.959834193642328,12.137295722961426,1693000,0.006668355075899186
2004-03-08,12.174934131073597,12.35777333486815,12.158801923838684,12.293242454528809,1415100,0.01276671422970963
2004-03-09,12.21795520413096,12.260976133431779,11.975962861451304,12.008228302001953,1636500,-0.023457610823214917
2004-03-10,11.91143263782443,12.018985489124427,11.814635276794434,11.814635276794434,985300,-0.01625306598520018
2004-03-11,11.760854017933902,11.760854017933902,11.481217564420547,11.502727508544922,871300,-0.026754858753238166
2004-03-12,11.61028531973015,11.76623581549659,11.545753408092352,11.690949440002441,452900,0.016230808417507805
2004-03-15,11.690944765008808,11.690944765008808,11.518861103721022,11.561882019042969,629800,-0.011101335912817457
2004-03-16,11.66944023690235,11.895300403606912,11.653307001530594,11.809257507324219,1036600,0.02117010399576665
2004-03-17,11.80925767720676,11.868411848720825,11.793125467302938,11.846901893615723,471100,0.003182631417798812
2004-03-18,11.793124419419843,11.841523096230864,11.626418435792958,11.825389862060547,383200,-0.001817486680111208
2004-03-19,11.825386838122235,12.024359239209364,11.787743660384047,11.943694114685059,842300,0.009954546810941859
2004-03-22,11.830766028014825,11.857653722344033,11.459709897212964,11.583395957946777,1262400,-0.030630760183383614
2004-03-23,11.61027969191307,11.653300603584887,11.45970598821199,11.556503295898438,1306000,-0.0023243553362884387
2004-03-24,11.610284240003958,11.658682912806372,11.319892203189484,11.362913131713867,1346300,-0.016893516363877172
2004-03-25,11.362913847394973,11.518865364180707,11.3252706607777,11.486599922180176,1129400,0.010826313740108577
2004-03-26,11.52424562183394,11.583399799817638,11.422070503234862,11.422070503234863,560800,-0.0056336390035618255
2004-03-29,11.481219494263955,11.561883593263067,11.470464007544162,11.50810718536377,884400,0.007504266827139794
2004-03-30,11.513484928723667,11.561883593263067,11.465086264184267,11.50810718536377,851200,0.0
2004-03-31,11.556507037497418,11.728590739899463,11.481220674121467,11.696325302124023,1133800,0.016222956096698545
2004-04-01,11.669439300192794,12.013606754897124,11.647928321423812,11.970585823059082,1145200,0.023177743583176962
2004-04-02,12.04049018666944,12.196441650390625,11.992091527286972,12.196441650390625,907400,0.018691781882137222
2004-04-05,12.121158884603481,12.32550804239322,12.121158884603481,12.309374809265137,567300,0.009216910486985919
2004-04-06,12.336264033207442,12.54599094390869,12.271732123768649,12.545990943908691,1949500,0.01904001616127998
2004-04-07,12.497589849426062,12.502967592980124,12.287862979316106,12.314750671386719,632900,-0.018603382404583525
2004-04-08,12.38466510552231,12.411552808000128,12.11578397794371,12.164182662963867,734000,-0.012301999050753047
2004-04-12,12.244846748069593,12.298623178514406,12.099650693578624,12.153427124023438,548100,-0.0008845885542199064
2004-04-13,12.126535677079348,12.174934351058278,11.986718425251176,12.024361610412598,639200,-0.010676471782365738
2004-04-14,11.992095068876697,12.045871486927686,11.943696395200794,12.008228302001953,309400,-0.0013426194091414455
2004-04-15,12.008229868997848,12.01898535915154,11.88454480933038,11.949075698852539,363900,-0.004938178632560043
2004-04-16,11.911429347808776,11.916807091458407,11.733967910169808,11.760856628417969,905500,-0.01587714563956125
2004-04-19,11.750104008048028,11.750104008048028,11.067145783404374,11.29300594329834,2855400,-0.04059319134712409
2004-04-20,11.158563825819229,11.158563825819229,10.835906353426658,10.88968276977539,1958500,-0.036367784917927796
2004-04-21,10.916579312691427,11.126307403860435,10.916579312691427,11.104796409606934,1129300,0.019561317854601697
2004-04-22,11.142428984890083,11.325268158664603,11.142428984890083,11.233848571777344,946100,0.011554290602461206
2004-04-23,11.233847854386227,11.233847854386227,11.034876488731781,11.131673812866211,616400,-0.009136873082552826
2004-04-26,11.10478633177164,11.110164075454596,10.8036398654242,10.868170738220215,1728500,-0.023956139860374225
2004-04-27,10.862795946529817,10.868172665466494,10.71222217380508,10.728355407714844,1854400,-0.012948127206976114
2004-04-28,10.733731283935327,10.74448677236408,10.411074836671407,10.437962532043457,2084500,-0.027440870769851994
2004-04-29,10.437963145535274,10.518877381152691,10.303105743212804,10.346260070800781,1962900,-0.008824295048497412
2004-04-30,10.44875303202038,10.459540843338484,10.189826011657715,10.189826011657715,1612500,-0.015235335925277595
2004-05-03,10.232977984392138,10.373229787997198,10.206006918994323,10.303104400634766,1196300,0.011055475275561263
2004-05-04,10.330075632477978,10.37862437408045,10.184429407670562,10.216795921325684,769200,-0.008412222956850308
2004-05-05,10.227584838867188,10.324682332596232,10.162853862301372,10.227584838867188,965000,0.0010554409712463888
2004-05-06,10.130490606574135,10.232981513536991,10.10891292371003,10.162856101989746,836900,-0.006348950912363593
2004-05-07,10.135883407606713,10.216797647656161,9.947082828237743,9.979448318481445,641000,-0.01821170496003946
2004-05-10,9.89853127794632,9.984839913431404,9.817617060789068,9.930896759033203,803300,-0.004877028046882114
2004-05-11,9.952482237191532,10.006424405011686,9.585669734281447,9.666584014892578,1546200,-0.02697579094100751
2004-05-12,9.66657841913101,9.758281491773717,9.450806786112969,9.62881851196289,1874000,-0.003914461084761513
2004-05-13,9.547904460244471,9.758281677838362,9.49396129374133,9.698944091796875,1163700,0.007256493054727209
2004-05-14,9.72591379261332,9.882347805152133,9.526324434403032,9.54790210723877,930500,-0.015695567342302187
2004-05-17,9.386076224675671,9.46699047088623,9.251218804697915,9.46699047088623,1320600,-0.00851039514078335
2004-05-18,9.547904412698859,9.81761921499114,9.542509993187375,9.747492790222168,1142100,0.029199041635128917
2004-05-19,9.882349198043466,10.065755327477564,9.81222380920347,10.0603609085083,1865400,0.03159293740503207
2004-05-20,10.060363654345597,10.108912409439466,9.930900650388779,9.941689491271973,868200,-0.01186606445908479
2004-05-21,10.03338932371148,10.27073860168457,10.001023840449747,10.27073860168457,1460600,0.03256196456062577
2004-05-24,10.384020161594215,10.464934398635764,10.23297949793774,10.416385650634766,1111000,0.014081169884470984
2004-05-25,10.410992338256023,10.454146671193275,10.286923759671483,10.43796443939209,875900,0.0020694767629315415
2004-05-26,10.437963948894183,10.502694930818011,10.303106536192399,10.491907119750977,1112200,0.005154623108423201
2004-05-27,10.567423658603866,10.572818076901685,10.502691667910145,10.545845985412598,1101900,0.005127827442763922
2004-05-28,10.56742750313461,10.718468183783274,10.551244242353533,10.60518741607666,2052300,0.005611223360932741
2004-06-01,10.615976695593359,10.626765536560221,10.481119270149096,10.599793434143066,554200,-0.0005087467032424506
2004-06-02,10.615974552265666,10.626763391054299,10.491905992837266,10.578214645385742,486500,-0.0020378494657329383
2004-06-03,10.518881319901364,10.540459006215187,10.216800913672849,10.238377571105957,1406600,-0.032653497380729826
2004-06-04,10.367835369141597,10.427172947673021,10.249161240958943,10.303104400634766,575600,0.006302081207497089
2004-06-07,10.330076481995306,10.42177955379914,10.330076481995306,10.410990715026855,1047800,0.010416799705452623
2004-06-08,10.437963948894183,10.518878190739171,10.357049707049192,10.491907119750977,1083600,0.007742161833058805
2004-06-09,10.491907612783768,10.572821858431055,10.42178117871045,10.43796443939209,1263500,-0.005154623108423338
2004-06-10,10.53506158608718,10.53506158608718,10.254557917130333,10.2869234085083,1166700,-0.014576069717437346
2004-06-14,10.297716872051492,10.39481441866056,10.259956943677048,10.384025573730469,983600,0.009395106103339882
2004-06-15,10.42177988685966,10.470328634006176,10.319287973008091,10.346260070800781,774700,-0.0036435141662743225
2004-06-16,10.351655575703907,10.400204327940635,10.270741331602839,10.308501243591309,783900,-0.0036561903279540764
2004-06-17,10.276137939700744,10.31929228532243,10.227589172266253,10.29232120513916,937900,-0.0015708151283166049
2004-06-18,10.238370220146763,10.313891039141884,10.222187995910645,10.222187995910645,505400,-0.006837451656543912
2004-06-21,10.222193162587866,10.254558656298801,10.098123550415039,10.098123550415039,808800,-0.012211031982048032
2004-06-22,10.119702401362998,10.13049124347334,10.001028224791073,10.07115364074707,1367700,-0.0026743571905759483
2004-06-23,10.098125704047689,10.319291844521544,10.098125704047689,10.297715187072754,1170500,0.022246781822203517
2004-06-24,10.308503088440037,10.373234083753221,10.276136561902826,10.357051849365234,752400,0.005745581678208225
2004-06-25,10.367838005318772,10.535061945721019,10.346261353290375,10.43796443939209,666100,0.007781960565398663
2004-06-28,10.454141572677464,10.594393343542441,10.405593872070312,10.405593872070312,459100,-0.003106052513953618
2004-06-29,10.373231101652516,10.378625521191262,10.08733406826128,10.130488395690918,997700,-0.026794003959266437
2004-06-30,10.141274452243172,10.281526249357022,10.135881062517383,10.249160766601562,1102400,0.011646295902194055
2004-07-01,10.179038200339612,10.24916360386922,10.092728507631769,10.189826011657715,1391000,-0.005806053134623531
2004-07-02,10.189825235931261,10.189825235931261,10.060362250045843,10.103516578674316,730900,-0.008506233314273026
2004-07-06,10.0819397166143,10.087334136189371,9.95787012414832,9.974053382873535,559300,-0.01289648004165761
2004-07-07,9.979450271875361,9.995633534605144,9.796044076460179,9.871563911437988,1597100,-0.010328767412445676
2004-07-08,9.817619633113667,9.871561772765208,9.785253114666306,9.849985122680664,827800,-0.002188347105136698
2004-07-09,9.871561401502664,9.947082246159189,9.698944091796875,9.698944091796875,1515700,-0.01545292172685651
2004-07-12,9.720517863781776,9.720517863781776,9.677363553696793,9.688151359558105,1362300,-0.0011133935334233258
2004-07-13,9.693549653859355,9.817619245245181,9.57487551088196,9.806830406188965,925900,0.01217549358714791
2004-07-14,9.812220901322355,9.876951852009876,9.661180301584956,9.688151359558105,894600,-0.012175493587147935
2004-07-15,9.682762891334278,9.763677135249964,9.645001950551887,9.709733963012695,1444200,0.0022252541451472023
2004-07-16,9.57487168141499,9.76367217386676,9.386071188963218,9.688151359558105,3444100,-0.0022252541451473155
2004-07-19,9.601846086679855,9.698943575440122,9.585663857806656,9.693549156188965,1826600,0.0005569992959109199
2004-07-20,9.66658262659789,9.758285739155198,9.623428281210966,9.731314659118652,1611100,0.003888372229686575
2004-07-21,9.758284158971273,9.995633534605144,9.758284158971273,9.871563911437988,982400,0.014309290839818984
2004-07-22,9.871562032165535,9.876956452048514,9.65579038124833,9.774465560913086,981000,-0.009884861598883595
2004-07-23,9.774461008607984,9.823008707183668,9.66657471895557,9.688151359558105,1358700,-0.008869800766532881
2004-07-26,9.682766914367676,9.731315686664406,9.661189224955415,9.682766914367676,1509700,-0.0005559308291907899
2004-07-27,9.682759689233613,9.952474432344522,9.671970852577955,9.930896759033203,988100,0.02530308333365589
2004-07-28,9.887744544613557,9.925504452060563,9.68276174895253,9.90392780303955,958100,-0.0027193558005654344
2004-07-29,9.985110241171228,10.001345531468969,9.828162219933327,9.876870155334473,530800,-0.002735750563522701
2004-07-30,9.893105485835537,9.93098920240335,9.784865410852769,9.833573341369629,482600,-0.004393293698488784
2004-08-02,9.838982547109572,9.838982547109572,9.7145072201613,9.774038314819336,999600,-0.006072663060792533
2004-08-03,9.77403906757247,9.77403906757247,9.622504234313965,9.622504234313965,733300,-0.01562517269723489
2004-08-04,9.600858694029473,9.638742413719632,9.503442824966813,9.595446586608887,1222600,-0.0028158741622223865
2004-08-05,9.617094012438002,9.617094012438002,9.519678153543822,9.562973976135254,1312500,-0.0033899080003801127
2004-08-06,9.481790594932415,9.562970100358372,9.470966385608042,9.530498504638672,1271400,-0.003401738771822422
2004-08-09,9.503443657824679,9.590035319634842,9.454735719024708,9.487208366394043,878000,-0.004552621754954254
2004-08-10,9.46555901124114,9.541326449868746,9.427675291927338,9.53591537475586,1153600,0.005120832462766883
2004-08-11,9.535915452599593,9.611682891845703,9.470971195921539,9.611682891845703,697200,0.007914090477106523
2004-08-12,9.590034383916187,9.595446491283006,9.476383225974779,9.53591537475586,904100,-0.007914090477106627
2004-08-13,9.530501435079646,9.562973040783724,9.487205616722965,9.541324615478516,1174500,0.0005670884122008641
2004-08-16,9.308607377606423,9.552145893958865,9.189543139508705,9.525086402893066,1795500,-0.001703332262778908
2004-08-17,9.568383270801245,9.617091185932866,9.514263250404607,9.606266975402832,1195800,0.00848670328236923
2004-08-18,9.622504321788604,9.714508056640625,9.617092215943938,9.714508056640625,823300,0.011204748618589904
2004-08-19,9.470971222971615,9.660390853881836,9.406026966108074,9.660390853881836,1944800,-0.005586335572184557
2004-08-20,9.63333037801129,9.768629967771302,9.58462244311737,9.676626205444336,1439800,0.0016791995712272432
2004-08-23,9.67662335704602,9.790275515761982,9.660388071696344,9.763216018676758,905900,0.008908548217291866
2004-08-24,9.811925908861562,9.909341779777828,9.811925908861562,9.866045951843262,1088200,0.01047730413802303
2004-08-25,9.84440146725016,10.033821157613968,9.757809785756008,9.995936393737793,1136800,0.01307948938415744
2004-08-26,9.99593254198181,10.05546468716473,9.96346093199743,10.033817291259766,538400,0.0037824671517570426
2004-08-27,10.03922837665096,10.055464697787237,10.012168873677705,10.022993087768555,418500,-0.0010793545272167469
2004-08-30,9.985108449328358,10.033816375988792,9.95263581005222,9.990519523620605,435800,-0.003245166730802917
2004-08-31,9.952638616109995,10.060878713040239,9.952638616109995,10.028407096862793,456800,0.0037851798147724826
2004-09-01,10.033817276111396,10.09334838895057,9.925577199988386,9.968873023986816,568800,-0.0059542346163177886
2004-09-02,9.990519652862119,10.206999788488421,9.974284365267799,10.196175575256348,654800,0.02254516550581524
2004-09-03,10.196174656334717,10.277354183751449,10.196174656334717,10.25029468536377,676500,0.005293748583758119
2004-09-07,10.250289991762152,10.369353175304154,10.206994194814769,10.261113166809082,516000,0.0010548746850025364
2004-09-08,10.282766228231186,10.288178334327014,10.125818248213255,10.131230354309082,933100,-0.012738562265936502
2004-09-09,10.1312302616613,10.185350289870971,9.995930707263962,10.050050735473633,743800,-0.00804508458362697
2004-09-10,10.055463938904875,10.24488354218385,10.039227618993948,10.239471435546875,462100,0.01867231785857463
2004-09-13,10.239471400824561,10.288179328138378,10.136643439578302,10.190763473510742,599000,-0.004768232429869846
2004-09-14,10.190763322142292,10.190763322142292,9.63874084228768,10.006755828857422,491800,-0.0182213204504815
2004-09-15,10.022992052790764,10.039227339996708,9.876868274414685,9.936400413513184,643200,-0.007055624130645404
2004-09-16,9.97969723804989,10.012168847985247,9.947224595860668,9.968873023986816,321400,0.0032627172274095543
2004-09-17,10.001345602360724,10.066289860773908,9.958049774169922,9.958049774169922,728600,-0.0010862942553491917
2004-09-20,9.96346186112267,9.968873968667076,9.730746397983095,9.903929710388184,640200,-0.0054496277940357775
2004-09-21,9.930990400272496,10.136645328841084,9.887694571507845,10.125821113586426,712200,0.022157088518753882
2004-09-22,10.071699978916124,10.093347372608637,9.930988307026613,9.936400413513184,890100,-0.01888388369677856
2004-09-23,9.887691559449886,9.947222660707759,9.774039398405462,9.90933895111084,813900,-0.0027271827647910186
2004-09-24,9.914752934202514,9.947224543968474,9.795689676891422,9.86063289642334,577600,-0.004927286048169185
2004-09-27,9.860632947863808,9.968873023986816,9.817337123865377,9.968873023986816,441900,0.010917186040369791
2004-09-28,10.022993961537905,10.022993961537905,9.795690607083884,9.876870155334473,465900,-0.009271865197959557
2004-09-29,9.871458194841042,10.120409983071843,9.86063397964536,10.10417366027832,1151100,0.02275289650540511
2004-09-30,10.109585848438892,10.196177506186437,10.050053696642209,10.174529075622559,820400,0.006938875582884471
2004-10-01,10.196174721317695,10.26653003692627,10.125818373455415,10.26653003692627,1399900,0.009001645367774976
2004-10-04,10.33688639709761,10.499245453159169,10.282766367659189,10.347710609436035,682800,0.00787620495647187
2004-10-05,10.347711478596098,10.396418373702758,10.158291875778104,10.179939270019531,676500,-0.016346252600099916
2004-10-06,10.196174699440897,10.293590545654297,10.163703094787664,10.293590545654297,443400,0.011102378932241296
2004-10-07,10.288176491790411,10.288176491790411,10.163701170640058,10.23405647277832,270400,-0.0058003958991559145
2004-10-08,10.22864714767522,10.261118755006464,10.1312312934277,10.147467613220215,653800,-0.008496850396754437
2004-10-11,10.20158768674799,10.266530901663886,10.131231332959679,10.190763473510742,622000,0.004257590102909667
2004-10-12,10.190764251010505,10.190764251010505,9.958048809923742,9.968873023986816,935400,-0.02201422735371736
2004-10-13,9.968871022469095,10.055462653080367,9.822747258717449,9.887691497802734,541300,-0.008176840300420426
2004-10-14,9.866048871496565,10.017584830238464,9.78486929912758,9.995936393737793,692000,0.01088794920822835
2004-10-15,9.979696342782335,10.0771121961032,9.947223703506197,9.990519523620605,722600,-0.0005420541062626485
2004-10-18,9.741571171232497,9.746983279086999,9.254492819121678,9.341084480285645,4480400,-0.06721423879474282
2004-10-19,9.20037084228743,9.362729914838038,9.146250807352624,9.22743034362793,1922800,-0.012241749766942395
2004-10-20,9.22743028975674,9.243666609818533,9.167899180704433,9.200370788574219,1219600,-0.002936820764284036
2004-10-21,9.21660821090284,9.395203623926612,9.21660821090284,9.362730979919434,1228000,0.017493232942689764
2004-10-22,9.38979153921725,9.454734762880236,9.341083605343046,9.416851043701172,948700,0.005763729303299272
2004-10-25,9.357320803849147,9.400616634431131,9.303200757558162,9.341084480285645,319900,-0.008078391714762503
2004-10-26,9.297788637556573,9.384380298607413,9.265317022726016,9.351908683776855,1074700,0.0011581028897831485
2004-10-27,9.33025566502025,9.465555197921796,9.276135645408928,9.454730987548828,1424600,0.010934790063760068
2004-10-28,9.454736032271382,9.709975520040595,9.36784594980478,9.62851619720459,2417600,0.018213882817617717
2004-10-29,9.585070366891417,9.644807682098708,9.49274953239442,9.606793403625488,1508900,-0.0022586382298696137
2004-11-01,9.62308426981743,9.747989654541016,9.55248647480963,9.747989654541016,2036800,0.01459058005072229
2004-11-02,9.731697644963319,9.94349207161623,9.731697644963319,9.824018478393555,465000,0.0077691778750072354
2004-11-03,9.87832749464139,10.014093399047852,9.834882446663789,10.014093399047852,1231000,0.019163188364470358
2004-11-04,9.976077201851522,9.992368444342256,9.894616846152053,9.965215682983398,430800,-0.004892843228404781
2004-11-05,10.024950739638518,10.095549567839535,9.997797981598941,10.046673774719238,430700,0.0081410145505106
2004-11-08,10.062966467941528,10.068397226936707,9.959784118655879,10.052104949951172,808100,0.000540448296737989
2004-11-09,10.024950619278918,10.07925717051739,9.938060551621888,10.057535171508789,652500,0.0005400615482726871
2004-11-10,10.07925742166582,10.090118939346418,9.910908040861917,9.927200317382812,694000,-0.013043625429271254
2004-11-11,9.981508429325245,10.15528964996338,9.905479857416541,10.155289649963379,579200,0.022716221067794876
2004-11-12,10.177005445763012,10.383370066191912,10.133560426063923,10.318202018737793,525000,0.015914804367207134
2004-11-15,10.323635900045371,10.345357898563424,10.225884317185916,10.236745834350586,474900,-0.007925742392963257
2004-11-16,10.253039257987417,10.453973225083754,10.204164491959588,10.410528182983398,605000,0.01683383988715646
2004-11-17,10.41052254572976,10.453967564304822,10.236742471429508,10.291049003601074,496600,-0.01154313074391907
2004-11-18,10.29104974627035,10.421384811401367,10.27475747469984,10.421384811401367,501400,0.012585438227037565
2004-11-19,10.415960057607668,10.415960057607668,10.128135975503012,10.242179870605469,422100,-0.017345451916743138
2004-11-22,10.24217916313263,10.24217916313263,10.062968228189053,10.22045612335205,390500,-0.002123260700248678
2004-11-23,10.220455714822902,10.269331516564005,10.19330295199407,10.263900756835938,334500,0.004241743968568684
2004-11-24,10.242177813516362,10.339929408025096,10.23674705428683,10.312775611877441,332500,0.004750519090709766
2004-11-26,10.334501100257304,10.334501100257304,10.285625291409037,10.307347297668457,281400,-0.0005265064964156149
2004-11-29,10.30734142986812,10.367078725744465,10.263896406270161,10.269327163696289,496700,-0.003695463745795362
2004-11-30,10.269331279708613,10.426820200755676,10.182441197686606,10.33449935913086,1136600,0.0063262435954669505
2004-12-01,10.329066118322789,10.65490436553955,10.307343085129762,10.65490436553955,805400,0.030532539305468957
2004-12-02,10.62775051384323,10.62775051384323,10.502846181124598,10.50827693939209,561800,-0.013857063386501034
2004-12-03,10.502846241383589,10.529998997065606,10.334496877370361,10.350788116455078,1144600,-0.015100563246348536
2004-12-06,10.312775695810497,10.34535921564146,9.943492351688183,9.948923110961914,1915500,-0.03959834807065061
2004-12-07,9.948919832190999,10.10097793430885,9.856599026585709,9.943489074707031,1173100,-0.0005463426294740701
2004-12-08,9.910908699035645,9.981506497025181,9.845740624435653,9.910908699035645,824100,-0.0032819333314964803
2004-12-09,9.867457504667103,9.965209037671576,9.840304761415087,9.856595993041992,802800,-0.005495164261980085
2004-12-10,10.062965400586819,10.062965400586819,9.623083290936941,9.758849143981934,1388400,-0.009966397139385389
2004-12-13,9.85660122673336,10.019520880185365,9.83487922775988,10.008659362792969,480000,0.02527617667003011
2004-12-14,9.959785089744269,10.215024572535528,9.959785089744269,10.19873332977295,842800,0.01881287465641917
2004-12-15,10.155284074759056,10.258465355471504,10.11183905240354,10.19329833984375,353700,-0.0005330503743763592
2004-12-16,10.155289361879966,10.263901456409654,10.07925975631645,10.187872886657715,521200,-0.0005323985804244152
2004-12-17,10.019516222318037,10.062961235879616,9.91090317050868,9.997793197631836,974900,-0.018833691864677173
2004-12-20,10.024953475531877,10.242179742376644,10.024953475531877,10.155289649963379,529400,0.015630329113334656
2004-12-21,10.193297716579284,10.426815085891,10.18243620270177,10.318202018737793,676900,0.015914804367207134
2004-12-22,10.31820320909411,10.372509748935771,10.247605432367715,10.296480178833008,509400,-0.0021074152621761194
2004-12-23,10.269326717509669,10.453968318731365,10.231312452989501,10.421384811401367,375300,0.012057820239487885
2004-12-27,10.426819761509178,10.530001082181455,10.377943962954333,10.4376802444458,325500,0.001562432095190465
2004-12-28,10.453973791288046,10.73093633810787,10.453973791288046,10.698352813720703,739700,0.024667428017744145
2004-12-29,10.671196909831675,10.671196909831675,10.573445320129393,10.573445320129395,465400,-0.011744087494895703
2004-12-30,10.589737059060248,10.644043610115126,10.524568990632133,10.578875541687012,517100,0.0005134397981558672
2004-12-31,10.589735663907442,10.682056477794466,10.524567604064943,10.524567604064941,282200,-0.005146843302459292
2005-01-03,10.529995849349563,10.573440866940578,10.34535426563502,10.37250804901123,1080400,-0.014553446755468592
2005-01-04,10.372513600154427,10.410527881414614,10.291054278052385,10.345359802246094,960400,-0.0026207583230801316
2005-01-05,10.307345798848973,10.372513879774278,10.236747994007105,10.263900756835938,466200,-0.007905132683609796
2005-01-06,10.263895870968119,10.296479378014466,10.18786734258964,10.274757385253906,503400,0.0010571897495951067
2005-01-07,10.269322387947337,10.269322387947337,10.095542374371906,10.100973129272461,491100,-0.01705837932396608
2005-01-10,10.062963893135613,10.23674399327081,10.05753313553,10.128130912780762,342100,0.0026850225069447987
2005-01-11,10.128132699791312,10.177008491054382,10.111841459911144,10.138994216918945,250000,0.0010720124446873024
2005-01-12,10.019520146727276,10.36708039135103,9.834878507818098,10.350788116455078,1201200,0.02067385973932389
2005-01-13,10.301912935746445,10.307343694365699,10.062965771367113,10.079257011413574,1558700,-0.026583112588372225
2005-01-14,10.073831424067029,10.149861047954102,10.062970937064726,10.13356876373291,747500,0.005374001995888679
2005-01-18,10.04667437561776,10.410526948491508,10.04667437561776,10.285622596740723,727500,0.014893502977952758
2005-01-19,10.263896406270161,10.30734142986812,10.182437116500372,10.269327163696289,586200,-0.0015855486535553032
2005-01-20,10.508276010159413,10.654903362981953,10.437677194736203,10.557151794433594,1817300,0.027642018400191173
2005-01-21,10.519134678958526,10.638608210511864,10.502842410005902,10.6168851852417,960900,0.005642150273695146
2005-01-24,10.622321512091158,10.709211587116785,10.323637008666992,10.323637008666992,859700,-0.028009554448228287
2005-01-25,10.383375135807494,10.45940369844861,10.372513616626913,10.443111419677734,1064700,0.01150644547017375
2005-01-26,10.443107578789682,10.502844876500523,10.30734174640039,10.394231796264648,823100,-0.00469154945162332
2005-01-27,10.394237394329453,10.41596043640053,10.280194530891267,10.307347297668457,1117000,-0.008394046498413273
2005-01-28,10.340033573590963,10.340033573590963,10.214733096984421,10.241971969604492,575400,-0.006362794579652124
2005-01-31,10.350927618553635,10.677799224853516,10.334583674554974,10.677799224853516,1742000,0.04167257098126397
2005-02-01,10.677797976240303,10.971981660142356,10.568840440515945,10.939294815063477,1770100,0.024194588389363888
2005-02-02,10.92295199008828,11.277063497860102,10.92295199008828,11.22258472442627,1449700,0.025566905561471114
2005-02-03,11.168105160681181,11.200792006789925,10.982877967571463,11.042804718017578,1528600,-0.016149182031289663
2005-02-04,11.05914486308935,11.184446313595657,11.004667146194953,11.11362361907959,917200,0.006392649677823913
2005-02-07,10.841229335866775,11.031904435157776,10.786750587627102,10.895708084106445,1400700,-0.019802750864436777
2005-02-08,10.92295323514954,11.41326121284599,10.846683567106224,11.326095581054688,1322500,0.03874044879702814
2005-02-09,11.353330496010184,11.386017336770278,11.015563011169434,11.015563011169434,725100,-0.027800314657128348
2005-02-10,11.015563126261737,11.080937847560904,10.950189444058514,11.0591459274292,823100,0.003948679279075524
2005-02-11,11.102728728596663,11.124520648728366,11.021011106294663,11.0591459274292,1283400,0.0
2005-02-14,11.031911031792331,11.031911031792331,10.922953470160794,10.977432250976562,486800,-0.007416219552227252
2005-02-15,10.922948256327764,11.042801724732259,10.922948256327764,11.026457786560059,548500,0.0044560863214310395
2005-02-16,10.999221945691696,11.064595638120283,10.873920463527378,10.91750431060791,733200,-0.009930236918003292
2005-02-17,10.895708084106445,11.004665580585788,10.895708084106445,10.895708084106445,1312900,-0.0019984432701759063
2005-02-18,11.00467440662397,11.124526917599553,10.977434491109157,11.053705215454102,1636400,0.014396727432439263
2005-02-22,10.97198229388906,11.140866587926254,10.792203076926988,10.808547019958496,913400,-0.0224284734919306
2005-02-23,10.792201140391496,11.075489867527978,10.759514299289885,11.0591459274292,1047500,0.022920559478466836
2005-02-24,11.064593677793466,11.178999177918296,10.988324037107526,11.168103218078613,659300,0.009804016922765736
2005-02-25,11.168100177812642,11.402358055114744,11.151756242502387,11.402358055114746,894400,0.02075839266668817
2005-02-28,11.402359387540535,11.571242582432157,11.364224573122662,11.505868911743164,1324000,0.009037064391076292
2005-03-01,11.451395964212487,11.712892857698936,11.435052018708475,11.47863483428955,1153500,-0.002369778395021431
2005-03-02,11.42415613749768,11.533113696784959,11.304303653558714,11.326095581054688,2439400,-0.013378060207455909
2005-03-03,11.331539072720446,11.331539072720446,11.178999783090887,11.233478546142578,598800,-0.00821093117609342
2005-03-04,11.342435260862677,11.396914025008092,11.260717634192554,11.32064437866211,504800,0.0077295195020464676
2005-03-07,11.353331787040329,11.445945378971981,11.304301000776746,11.440497398376465,440300,0.010531468820521538
2005-03-08,11.435051792776303,11.473186625769245,11.34788616333636,11.418707847595215,639800,-0.0019064142559763967
2005-03-09,11.364229119715763,11.396915968137591,11.211688761920268,11.22258472442627,764800,-0.017324808469623625
2005-03-10,11.228033147000533,11.353333603455996,11.195345258197719,11.29885482788086,547300,0.006773136757435055
2005-03-11,11.35333203057656,11.41325877931664,11.27706237879542,11.33154010772705,415100,0.002888619722872022
2005-03-14,11.336990091785562,11.46229159211998,11.304303240831315,11.445947647094727,619600,0.010045752432201106
2005-03-15,11.445947756230364,11.522217422216247,11.34243818160933,11.418707847595215,1279400,-0.002382700442884429
2005-03-16,11.369674934223813,11.39691379620167,11.18989574352042,11.233478546142578,976300,-0.01635457406659139
2005-03-17,11.293406402522928,11.315198327534931,11.124523140064605,11.22258472442627,2262200,-0.0009702344030323018
2005-03-18,11.228031642028247,11.228031642028247,11.129970066956128,11.179000854492188,1637500,-0.0038911464344833398
2005-03-21,11.189899036690512,11.320647483036048,11.173555091236214,11.23892879486084,777100,0.005346442250155667
2005-03-22,11.211695026655946,11.33154756390319,11.004676818847656,11.004676818847656,2265700,-0.021063189184626168
2005-03-23,11.010114676533867,11.277060491279522,11.010114676533867,11.20623779296875,1424200,0.018150221274099144
2005-03-24,11.287958738852566,11.309750664477678,11.222585040169642,11.282510757446289,1826500,0.006783237116484235
2005-03-28,11.364227676375744,11.440497326038601,11.173552513122559,11.173552513122559,863800,-0.009704203098604371
2005-03-29,11.173558206801205,11.277067812014499,11.021017790649857,11.031913757324219,880600,-0.01275728012394613
2005-03-30,11.086385582937591,11.238924864109478,11.086385582937591,11.195342063903809,573000,0.014705481685543387
2005-03-31,11.206238053185803,11.22258199296686,11.129968412399379,11.140864372253418,649700,-0.004877981391283445
2005-04-01,11.19534123351703,11.33698558345332,11.042801963659368,11.11362361907959,1067000,-0.0024481144468047997
2005-04-04,11.070041771833546,11.151759393281747,10.97198021045733,11.015563011169434,514000,-0.008862616724536929
2005-04-05,11.07004536197668,11.195345824773367,10.99377569576935,11.097285270690918,746000,0.007391416116161008
2005-04-06,11.102729815272767,11.173552523536609,11.037356126671115,11.075490951538086,653300,-0.0019658635394406245
2005-04-07,11.026458971121443,11.097281671713569,10.912054508913146,11.015563011169434,1171800,-0.005425552576720397
2005-04-08,11.097282873802666,11.146312620705883,11.004669282370289,11.075490951538086,524500,0.0054255525767203
2005-04-11,11.042809249248176,11.102734985187704,10.884820856551855,11.053705215454102,618800,-0.001968959284180908
2005-04-12,11.026466978756975,11.195350324275765,10.955645265828672,11.162663459777832,318300,0.009808904374038526
2005-04-13,11.168100786209108,11.211683576981704,10.863021250800921,10.895708084106445,1292900,-0.024205631806477675
2005-04-14,10.895715497426837,10.895715497426837,10.590635754445879,10.639666557312012,1093100,-0.0237798131180927
2005-04-15,10.62332231935956,10.628770301650794,10.454439024716725,10.508917808532715,2679000,-0.01236493302609176
2005-04-18,10.160253149524351,10.601529277850764,10.024056723822694,10.519811630249023,3793000,0.00103608948153996
2005-04-19,10.51981001064193,10.617871588305178,10.280105086460773,10.356374740600586,1547200,-0.015658054200775987
2005-04-20,10.340031669969127,10.35092763264974,10.083982781551894,10.214731216430664,2310700,-0.013771331790484394
2005-04-21,10.32368913069621,10.574290046649098,10.32368913069621,10.514363288879395,1323500,0.028911339382593753
2005-04-22,10.514361306499719,10.514361306499719,10.176594827889579,10.247416496276855,779000,-0.025716629999748584
2005-04-25,10.252862598320693,10.42174580668409,10.220175760368775,10.416298866271973,635400,0.016346153382066703
2005-04-26,10.378163359452632,10.405403257910397,10.225624084472656,10.225624084472656,830400,-0.018475042830492408
2005-04-27,10.12756203675173,10.334580059505303,10.105770119043022,10.329132080078125,750200,0.010071525025656095
2005-04-28,10.290818055864118,10.32366184526293,10.17039396022463,10.208710670471191,652500,-0.011726917096565145
2005-04-29,10.230606381595463,10.356504440307617,10.186815707084623,10.356504440307617,793700,0.014373427507679485
2005-05-02,10.356502980523757,10.44408431720055,10.274395607895748,10.334607124328613,812900,-0.002116592343096674
2005-05-03,10.334608293620368,10.531666845464954,10.323661408336118,10.4605073928833,851800,0.012108787067919263
2005-05-04,10.465984501493521,10.706832754929021,10.465984501493521,10.663042068481445,1005900,0.019176784920444893
2005-05-05,10.608298211692311,10.810830689047126,10.608298211692311,10.794408798217773,805500,0.012244545901948154
2005-05-06,10.810831792362551,10.89841313095374,10.810831792362551,10.838200569152832,908300,0.0040486868699403334
2005-05-09,10.832727432250977,10.92030876908948,10.734198167294684,10.832727432250977,435300,-0.0005051133036728892
2005-05-10,10.920306459281846,10.920306459281846,10.548085334422572,10.7013521194458,865600,-0.012201769985142063
2005-05-11,10.761570123708633,10.849151486428468,10.624724113952366,10.843677520751953,629800,0.013212093371899547
2005-05-12,10.920311246898477,10.980522777104461,10.520720132347549,10.73967456817627,875900,-0.009637405452606737
2005-05-13,10.838204625350919,10.925785996719437,10.701358602081072,10.810835838317871,742600,0.006604161798530573
2005-05-16,10.854620322161201,10.985992304153946,10.788933809138976,10.980518341064453,407400,0.01557369320887097
2005-05-17,10.920316104188306,11.04074026221633,10.887472297773996,11.013371467590332,616100,0.002987479817922651
2005-05-18,11.057154766589274,11.303476885555954,10.969573429527538,11.248738288879395,920800,0.02114584772902827
2005-05-19,11.27611146709351,11.330850080070375,11.188530103951411,11.232320785522461,857600,-0.0014605634210688848
2005-05-20,11.204947970683877,11.489587847060058,11.204947970683877,11.380111694335938,806200,0.0130718367777932
2005-05-23,11.407486294963542,11.407486294963542,11.248744383006587,11.303483009338379,660700,-0.006756334478220741
2005-05-24,11.276111536580645,11.276111536580645,11.117369662374742,11.155686378479004,530300,-0.01316155213266697
2005-05-25,11.100947648331195,11.100947648331195,10.881993217971715,10.920310974121094,734700,-0.021324909612239446
2005-05-26,10.975048954744317,11.155685635819165,10.947680171935335,11.05168342590332,449000,0.011958315200947391
2005-05-27,11.035261431624047,11.144738649990417,10.985996787764392,11.122842788696289,552100,0.006418140020093213
2005-05-31,11.089998098846488,11.11736687661949,11.002416757110543,11.046207427978516,546700,-0.006913752752829132
2005-06-01,11.035262118934616,11.1228434814617,10.958628687736466,11.073578834533691,680200,0.0024748358958564284
2005-06-02,11.090000004919595,11.29800546628003,11.057157257136817,11.276110649108887,817500,0.018124400242632396
2005-06-03,11.237793135814739,11.303478626703052,11.11189403085004,11.128315925598145,468300,-0.013193541632647285
2005-06-06,11.155687442620142,11.155687442620142,10.94220797878846,11.084527969360352,901000,-0.003942585034564756
2005-06-07,11.100950493871949,11.232322559331381,11.095476527304593,11.150215148925781,502700,0.005908534253359791
2005-06-08,11.204945217586452,11.204945217586452,11.046204469721504,11.079047203063965,359300,-0.006403108469429808
2005-06-09,11.11189610427778,11.11189610427778,10.881994755166064,10.942207336425781,679400,-0.012428140979020848
2005-06-10,10.94767894343364,11.079050965468602,10.881992410390149,10.96410083770752,385800,0.0019988314230780647
2005-06-13,10.925787593080308,11.122846229477753,10.892944835031551,11.029790878295898,387400,0.005973498166631816
2005-06-14,11.018842044107153,11.221374630976106,11.018842044107153,11.188531875610352,304100,0.014289440310036903
2005-06-15,11.226846889003102,11.281585502317283,11.00241951406195,11.155686378479004,530200,-0.0029399570319049244
2005-06-16,11.194003956317951,11.308954102758541,11.144739309542786,11.26516342163086,413200,0.009765723796330792
2005-06-17,11.396532719021305,11.396532719021305,11.276108635949393,11.308951377868652,965900,0.0038794886573113455
2005-06-20,11.276111352925827,11.330849965348477,11.139265343895302,11.26516342163086,504100,-0.0038794886573113624
2005-06-21,11.259689569984792,11.325376114367467,11.161160275436877,11.232320785522461,285900,-0.0029196739632362644
2005-06-22,11.276114463170526,11.36916981674045,11.194007043915294,11.237797737121582,405200,0.00048748756728328484
2005-06-23,11.1830571334778,11.226847818945975,10.985998526844863,11.002420425415039,491300,-0.021167607140010564
2005-06-24,11.007896054280879,11.090003471428997,10.931261560097177,11.029790878295898,715000,0.002484586461500819
2005-06-27,11.013364950545439,11.013364950545439,10.85462311230123,10.903887748718262,549300,-0.011480473892692994
2005-06-28,10.953156528710448,11.210426693061958,10.947682562143093,11.150215148925781,622900,0.022339393751433536
2005-06-29,11.16662709395466,11.248734438841153,11.139258327009673,11.210417747497559,374400,0.005384708412818671
2005-06-30,11.215895899171866,11.473165954328074,11.215895899171866,11.380111694335938,851200,0.015023741617460243
2005-07-01,11.369162710933207,11.445796115134671,11.292528262679912,11.41295337677002,353100,0.00288172784652184
2005-07-05,11.412951470741884,11.911070602966323,11.412951470741884,11.79064655303955,1321400,0.03255758068540952
2005-07-06,11.74138419690302,11.932967712372436,11.68664560217525,11.839912414550781,1230900,0.004169679858842701
2005-07-07,11.604542195072938,11.812547673210332,11.495064968230807,11.77423095703125,466300,-0.005562905743985867
2005-07-08,11.741388092912148,11.8399163432534,11.571698288544665,11.807073593139648,411000,0.0027854826499343413
2005-07-11,11.872758784500373,11.894653600730527,11.664752288027472,11.752333641052246,901800,-0.004646980295362339
2005-07-12,11.757808696990523,11.80707334314415,11.604541837003394,11.796125411987305,519800,0.0037192940156224206
2005-07-13,11.801601846137572,11.801601846137572,11.511488918162726,11.549805641174316,1099900,-0.02110251341274822
2005-07-14,11.54432773590088,11.763281109876184,11.49506309624993,11.544327735900879,752300,-0.0004743980028807672
2005-07-15,11.49506553447586,11.856338939178062,11.49506553447586,11.75780963897705,819000,0.01832345871442186
2005-07-18,12.042445850892928,12.234030425512977,11.681172558890296,11.801596641540527,2485600,0.003717160989562102
2005-07-19,11.82896912017759,12.162872665636705,11.757808612223295,12.1026611328125,1084000,0.0251905258302518
2005-07-20,12.031499959846888,12.042447890319686,11.828968466360696,11.96034049987793,1223200,-0.011829138746931657
2005-07-21,11.971292074485481,11.971292074485481,11.670230159151126,11.681178092956543,734400,-0.023617381570055974
2005-07-22,11.615488191063292,11.746860226760132,11.500538051348107,11.659278869628906,689700,-0.001876503942388522
2005-07-25,11.70854296453986,11.839914994077022,11.637383506726762,11.752333641052246,878700,0.007949496125146812
2005-07-26,11.73043864088335,11.845388773406363,11.58264471845199,11.823493957519531,675100,0.0060367367612253545
2005-07-27,11.878234374255523,11.95486780762097,11.801599896837851,11.894655227661133,1031700,0.006000593310372535
2005-07-28,11.938630683780422,12.092536065674718,11.894657867295573,12.054059982299805,1164700,0.013312372489874063
2005-07-29,12.037567172365213,12.092533443149321,11.988097633498958,12.059554100036621,687800,0.00045568597167784447
2005-08-01,12.070542656543866,12.141999100237014,12.015577451726466,12.03756332397461,918300,-0.0018251794834917149
2005-08-02,12.05405591286155,12.081538520738485,11.916640776688288,11.927634239196777,517000,-0.009174124728002612
2005-08-03,11.861671832536533,11.927631544290373,11.806705580807341,11.889154434204102,486000,-0.003231320477530815
2005-08-04,11.845185233537725,11.933130843608787,11.784723281860352,11.784723281860352,707600,-0.008822536889032
2005-08-05,11.801211811838783,11.85068134596806,11.570354335366938,11.669293403625488,453800,-0.00984315921319721
2005-08-08,11.663791516256587,11.751737082855792,11.553860082204505,11.641805648803711,630500,-0.0023583416208744776
2005-08-09,11.70776809751174,11.812203884874565,11.65280288685212,11.702272415161133,1087500,0.0051804917224018525
2005-08-10,11.73525324960561,11.801211930176507,11.608831571516118,11.652804374694824,503100,-0.004236176561311581
2005-08-11,11.68578648860067,11.735256034967598,11.493405035884235,11.548371315002441,1015200,-0.009002454564879449
2005-08-12,11.542875600985944,11.630821235979026,11.465923432465665,11.487909317016602,569000,-0.005249296775642525
2005-08-15,11.498897476283764,11.553863734883958,11.410951881881127,11.537373542785645,568500,0.004296520669304078
2005-08-16,11.542869963280776,11.542869963280776,11.383467922463417,11.388964653015137,546300,-0.012946765550299439
2005-08-17,11.361480326639445,11.454922635067687,11.312010807566022,11.33399772644043,612800,-0.004838016528971825
2005-08-18,11.229564496987622,11.312013364616005,11.136122167436994,11.185591697692871,622100,-0.013180362607421696
2005-08-19,11.268042649547148,11.328505652908984,11.191090498646213,11.22956657409668,530700,0.003923678101006809
2005-08-22,11.21307401737984,11.323006537002804,11.097645815330514,11.15810775756836,746900,-0.006383785841079699
2005-08-23,11.1691015048095,11.268040565321252,11.031686375964119,11.185591697692871,770500,0.0024601077400728936
2005-08-24,11.185592980799733,11.323008125408098,11.185592980799733,11.273538589477539,817200,0.00783176732044448
2005-08-25,11.273539049264002,11.312015123580478,11.158109777920178,11.262545585632324,365200,-0.000975591378848797
2005-08-26,11.202080249041744,11.240557363732277,11.064665127472372,11.092148780822754,378300,-0.015245129476609092
2005-08-29,11.026189363057327,11.191088142491772,11.026189363057327,11.15810775756836,491600,0.005928845794940464
2005-08-30,11.125131663650546,11.180097939482895,10.976723033421553,11.064668655395508,657500,-0.008409359036218025
2005-08-31,11.070161044630765,11.377971649169924,11.064664314364627,11.377971649169922,1140900,0.02792214683454592
2005-09-01,11.323008125408098,11.487905879580394,11.246054931519254,11.273538589477539,931700,-0.009220912737810333
2005-09-02,11.334003315487955,11.49340436235561,11.103145795435704,11.20758056640625,349500,-0.0058678762270885235
2005-09-06,11.284526507231295,11.553859932500833,11.284526507231295,11.476906776428223,635700,0.023746524385766795
2005-09-07,11.377972287441455,11.746244848778968,11.361482095717987,11.713264465332031,2670700,0.0203850045971212
2005-09-08,11.72426090889362,11.878166258947223,11.63631529411854,11.696778297424316,810300,-0.0014084699289284442
2005-09-09,11.735253991075215,11.889158287727675,11.696777916912101,11.790220260620117,548900,0.007956951670308902
2005-09-12,11.84518659959671,12.147500586425746,11.801213789489966,12.098031044006348,1661900,0.025772319364716644
2005-09-13,12.081542599454844,12.142005615269504,11.938630683780422,12.054059982299805,767900,-0.0036411845450696903
2005-09-14,12.054056291098314,12.120014971430354,11.828695544574254,11.834192276000977,496800,-0.018408539297578446
2005-09-15,11.927635028364962,12.087036051707367,11.84518510249044,11.883662223815918,905200,0.004171542544374116
2005-09-16,11.944127941728839,12.0265768452115,11.817706219829113,11.982604026794434,1515100,0.008291399146454353
2005-09-19,11.993599123695208,12.054062150384956,11.685789352937535,11.691286087036133,710300,-0.024612148141779523
2005-09-20,11.70776751219578,11.724257703605772,11.355985149269031,11.427441596984863,1720500,-0.022826164964584054
2005-09-21,11.388967057296417,11.421947447569089,11.229566031222673,11.279035568237305,1368100,-0.013071877322846434
2005-09-22,11.240555196363415,11.30651385489803,11.103140101289993,11.268037796020508,1466200,-0.0009755388569785692
2005-09-23,11.23506105676458,11.246053470125107,11.09764593001294,11.141618728637695,1258600,-0.011282672567763429
2005-09-26,11.18009452903298,11.306516191006729,11.015196800231934,11.015196800231934,899200,-0.01141168505878038
2005-09-27,11.015195410184246,11.020691091842462,10.438051335424117,10.883275985717773,1732000,-0.012048548927106486
2005-09-28,10.965724031966818,11.004200087425936,10.795328574370899,10.84479808807373,1329800,-0.0035417716025870727
2005-09-29,10.828313076836547,10.828313076836547,10.663414285503347,10.690897941589355,858000,-0.014292806344617838
2005-09-30,10.718383851541684,10.877785960768382,10.663417570829218,10.800832748413086,618500,0.010230517705112862
2005-10-03,10.839303193693635,10.943738967898735,10.789833671617222,10.883275985717773,712500,0.0076040602420921425
2005-10-04,10.883278380997867,11.009701103236203,10.74586324462974,10.773346900939941,518700,-0.010152093380853345
2005-10-05,10.745862217928774,10.767849140876217,10.493018894398304,10.509509086608887,740500,-0.0247947297268361
2005-10-06,10.476526937236276,10.646922416190344,10.421560687521866,10.531493186950684,875800,0.002089644595409348
2005-10-07,10.580964963920309,10.70738663135513,10.575468232936938,10.619441032409668,524100,0.008316261723529889
2005-10-10,10.668907068088402,10.70738312397429,10.51500179615095,10.525995254516602,698900,-0.008838444848482615
2005-10-11,10.542493141683227,10.652424660445599,10.460044240512783,10.608451843261719,726700,0.007803091015299686
2005-10-12,10.553483634490231,10.635932512429582,10.41606848845986,10.465538024902344,1025000,-0.013563260696228789
2005-10-13,10.416067713173772,10.558978531821218,10.361101449173987,10.4270601272583,882400,-0.003683404128846285
2005-10-14,10.438052828795046,10.471032165432984,10.289644241333008,10.289644241333008,1192600,-0.013266386281634419
2005-10-17,9.783955470238249,10.377588706997066,9.7564728674341,10.328120231628418,2641800,0.0037323187982598407
2005-10-18,10.278653604568657,10.306136215117881,10.152230870216806,10.267660140991211,1102800,-0.0058711311944275035
2005-10-19,10.223684199417761,10.421561241149902,10.146731026371974,10.421561241149902,882000,0.01487769269659195
2005-10-20,10.542486480723133,10.740364557224478,10.542486480723133,10.66890811920166,1361700,0.023456871925206787
2005-10-21,10.72936964322325,10.734866372202443,10.47102862317044,10.498512268066406,1084300,-0.016100169862161624
2005-10-24,10.520502419038952,10.707387086846678,10.443550278786693,10.690897941589355,840700,0.018159161417968202
2005-10-25,10.646926323300011,10.66891220221754,10.37209602226732,10.471034049987793,688500,-0.02077993664978269
2005-10-26,10.46004013384585,10.487522740647961,10.350107609848907,10.399577140808105,853500,-0.00684763735425951
2005-10-27,10.36109698031578,10.388579576264977,10.17970912122712,10.212688446044922,976400,-0.01813423327804842
2005-10-28,10.218219232297232,10.4778168551559,10.218219232297232,10.461247444152832,1380100,0.02404679754428486
2005-10-31,10.472285560977873,10.571706166879046,10.383911923176134,10.406005859375,1339100,-0.005294584104716178
2005-11-01,10.417058561362573,10.555142578120837,10.389441125912455,10.533048629760742,1311100,0.012134676794745291
2005-11-02,10.53857705817371,10.792652315958268,10.466773799331209,10.77055835723877,609000,0.02229853083992778
2005-11-03,10.770555254311668,10.969396611510511,10.643518188766912,10.687705039978027,973000,-0.007722314473184418
2005-11-04,10.69874533673225,10.704267767875455,10.477810165112912,10.610370635986328,752800,-0.007262134386566383
2005-11-07,10.665607814368421,10.9086359481935,10.615897490324718,10.853402137756348,651600,0.022646707200534754
2005-11-08,10.831307820707725,10.897587541714666,10.637990036359335,10.765027046203613,601300,-0.008175948686615319
2005-11-09,10.77055068338383,10.875494805534474,10.665606561233185,10.820261001586914,1220300,0.005117752036984102
2005-11-10,10.842351031727322,11.04671573638916,10.737407990749398,11.04671573638916,513000,0.02071277008892176
2005-11-11,11.046720467698925,11.046720467698925,10.858926135468254,10.89206600189209,270800,-0.014098530899217853
2005-11-14,10.875496616603964,10.95282332290926,10.798168856801306,10.919683456420898,394400,0.0025323479292961642
2005-11-15,10.908636991757447,11.03567403046765,10.742936598091742,10.95834732055664,677700,0.0035344958402410485
2005-11-16,10.96386970804932,10.974916680785245,10.825785709342142,10.903112411499023,317600,-0.005053187414607305
2005-11-17,10.930729575036484,11.18480362074256,10.853401821280361,11.124046325683594,884000,0.02006081002876977
2005-11-18,11.184805615082439,11.195852589516974,11.057768569577684,11.10195541381836,546600,-0.001987844633375806
2005-11-21,11.085385572905222,11.184806241388278,11.05776918876994,11.168235778808594,403500,0.005952401586101529
2005-11-22,11.12404355207502,11.306314338308232,11.052240355951582,11.278697967529297,969500,0.009842153200519546
2005-11-23,11.30079501103944,11.367075800189548,11.267655143213087,11.339459419250488,707700,0.005372815906227094
2005-11-25,11.394693374633787,11.427834299428797,11.240039939580468,11.394693374633789,121000,0.0048591266683173815
2005-11-28,11.378120116547466,11.449923322317467,11.234512651510308,11.26765251159668,502300,-0.011211742549399788
2005-11-29,11.361554014073453,11.383647964929985,11.28975078078485,11.306320190429688,637800,0.003425867228796979
2005-11-30,11.278697967529297,11.433352382983571,11.212417202764032,11.278697967529297,467400,-0.0024460672539418954
2005-12-01,11.267656829928319,11.333937629000351,11.212423006284553,11.306320190429688,620500,0.0024460672539419873
2005-12-02,11.333932571901773,11.42782971415085,11.27869877290283,11.400212287902832,409400,0.008270098721969862
2005-12-05,11.361550331115724,11.433354594625834,11.234513315363646,11.361550331115723,471400,-0.0033971001820084063
2005-12-06,11.37259602386843,11.460969681712712,11.306315253736669,11.328409194946289,1308800,-0.002921218056726427
2005-12-07,11.311843306611813,11.394693512607507,11.29527389751119,11.322890281677246,456600,-0.00048729331259301525
2005-12-08,11.339457628127903,11.378120976734484,11.151663317612595,11.16270923614502,574600,-0.014247674835197167
2005-12-09,11.195849544416989,11.306316098224727,11.162708630127206,11.223465919494629,474600,0.005428067287475627
2005-12-12,11.184807146440207,11.240040972677706,11.052246595568777,11.090909957885742,596200,-0.011880907768971253
2005-12-13,11.101956244622098,11.240040274894767,11.07986229409965,11.201376914978027,615200,0.009910859477104367
2005-12-14,11.17928296445558,11.339460945250696,11.107479732252711,11.201376914978027,713600,0.0
2005-12-15,11.184800475926227,11.24003426922279,11.063286973471374,11.217940330505371,656000,0.0014776024050660074
2005-12-16,11.184803790331161,11.322887787742658,11.14614043961551,11.206897735595703,1045300,-0.0009848540060508084
2005-12-19,11.217944166889886,11.339458764398064,11.19032778754567,11.245561599731445,982500,0.0034440683558316686
2005-12-20,11.201376391284477,11.234516262021229,11.113002700321474,11.135095596313477,323300,-0.009871640454370318
2005-12-21,11.212420732273136,11.31184138396872,11.162710406425344,11.19585132598877,320400,0.005441406474685334
2005-12-22,11.201375407560384,11.422309615565071,11.201375407560384,11.339459419250488,495000,0.012745334546069995
2005-12-23,11.36707514374228,11.36707514374228,11.212420680321575,11.245561599731445,433600,-0.008315100566385097
2005-12-27,11.267658121025594,11.466499487528237,11.217947779399934,11.240041732788086,391500,-0.0004909689967052234
2005-12-28,11.240039375585006,11.295273193974353,11.135095225994991,11.151665687561035,1110600,-0.007893681572528207
2005-12-29,11.17375659942627,11.284224216596465,11.129569763257646,11.17375659942627,653300,0.001978992270875474
2005-12-30,11.129572496899982,11.19032980661651,11.085385649878198,11.146142959594727,330800,-0.0024743528838068237
2006-01-03,11.118518925137051,11.212416051036236,10.875491937454264,11.04671573638916,1183800,-0.008960349795404011
2006-01-04,11.02462705662396,11.02462705662396,10.886543044070068,10.95834732055664,1314800,-0.008031687129680741
2006-01-05,10.947296481432188,10.96939042131862,10.781596146272097,10.831306457519531,1144500,-0.01166079129567743
2006-01-06,10.89758745013373,11.05776537263255,10.836831215304146,11.041194915771484,756800,0.019192583182246467
2006-01-09,11.074337920416964,11.58801064049221,11.074337920416964,11.151665687561035,1820800,0.009955605651446875
2006-01-10,11.76475303564856,11.913883966112389,11.549342393976596,11.908360481262207,2475800,0.06565183911969924
2006-01-11,11.88075335747472,11.924940217170438,11.659819058996138,11.720575332641602,1008000,-0.015894842127488262
2006-01-12,11.687431961099332,11.77580565410028,11.571441884097156,11.62667465209961,590700,-0.008043875566909995
2006-01-13,11.65981340852531,11.886271086409261,11.648766435580402,11.875224113464355,820400,0.021152225262478043
2006-01-17,11.847606658935545,11.87522303529315,11.692952212240167,11.847606658935547,1009200,-0.002328344982974109
2006-01-18,11.792371249129028,11.913884763474503,11.770277308249621,11.853127479553223,747900,0.0004658776125052856
2006-01-19,11.908364578706662,12.085111940739822,11.858654251447662,12.018832206726074,1234600,0.013883015119828953
2006-01-20,12.01883272733115,12.029879701311074,11.560393842138486,11.5990571975708,865500,-0.0355509514670079
2006-01-23,11.599058268098384,11.737142295099554,11.571441884097156,11.62667465209961,526600,0.0023781784551698197
2006-01-24,11.654288646584348,11.831035980369968,11.615625299005895,11.814465522766113,504300,0.016022675246758846
2006-01-25,11.814464116061217,11.85865094424646,11.715043489270153,11.753707885742188,432300,-0.005155916885583682
2006-01-26,11.84760792922319,11.919411147549962,11.770280170835889,11.88074779510498,810400,0.01075050211530542
2006-01-27,11.88626956939697,11.996736124255513,11.836559250986612,11.886269569396973,387600,0.0004646585902352073
2006-01-30,11.941741072874501,12.052671610364834,11.81971610633641,11.836356163024902,487100,-0.0042080906718091156
2006-01-31,11.803072781104232,11.852991874949563,11.64776881603857,11.758700370788574,834700,-0.006582401912376485
2006-02-01,11.764245117295864,11.841897622986853,11.620035587987525,11.70323371887207,823600,-0.004728233831002366
2006-02-02,11.67550296264962,11.780887849998646,11.509106662980102,11.559025764465332,1111400,-0.01239860658201616
2006-02-03,11.420363694683092,11.592306706824088,11.420363694683092,11.509108543395996,746700,-0.004327814145304383
2006-02-06,11.925100771736165,12.146962900091028,11.093116996963875,11.437004089355469,1734800,-0.006284697763212012
2006-02-07,11.30388050590511,11.547929262741988,11.148577617126575,11.364892959594727,1429400,-0.006325032519222642
2006-02-08,11.348253523702326,11.559023252598456,11.331614532104282,11.3815336227417,1213300,0.0014631455235771485
2006-02-09,11.387084640896264,11.603400077393712,11.370444585041826,11.509108543395996,943200,0.011146584758857554
2006-02-10,11.531294993220378,11.581213043678519,11.320525189410368,11.370444297790527,862300,-0.012121385795323921
2006-02-13,11.370440104822055,11.392626837219211,11.314974331750793,11.33716106414795,1331800,-0.0029314634411655763
2006-02-14,11.326067237400093,11.398171998915613,11.231775744389587,11.364892959594727,1867400,0.002443118954054681
2006-02-15,11.381532626919181,11.453637386019096,11.242868733485727,11.331613540649414,1527500,-0.002932560814587022
2006-02-16,11.326070300348269,11.370442717416433,11.253965519333203,11.298337936401367,1729800,-0.0029408483941329925
2006-02-17,11.259508481635732,11.314974254327467,11.187403717681612,11.237322807312012,1312200,-0.0054149979336906425
2006-02-21,11.253966886688334,11.27060588390936,11.104209564167084,11.176314353942871,1340500,-0.005443882543467367
2006-02-22,11.204047820735594,11.314978348334538,11.109756290419389,11.276152610778809,984000,0.008893358135156081
2006-02-23,11.292788657275265,11.442544869269556,11.242869567303291,11.33716106414795,1270700,0.005395812596667326
2006-02-24,11.33161541410296,11.353801090601058,11.209590490637371,11.281696319580078,960500,-0.004904302175616952
2006-02-27,11.303880538129443,11.370439674882547,11.237322459297927,11.25950813293457,1725900,-0.0019686786354713767
2006-02-28,11.259511958334018,11.320524432926447,11.20959285328966,11.253966331481934,5165000,-0.0004923097563928954
2006-03-01,11.359347343444824,11.398173069285471,11.331614984393417,11.359347343444824,2061300,0.009320330167855637
2006-03-02,11.337166556815651,11.42591141355642,11.331619871029085,11.403724670410156,2246200,0.0038990680308606646
2006-03-03,11.392624398849037,11.442542420215398,11.364890989288389,11.420356750488281,1291000,0.0014574153251010224
2006-03-06,11.42590633129573,11.54793019055735,11.398172914698767,11.4702787399292,1041800,0.004361789659340337
2006-03-07,11.49801517282637,11.536840911898011,11.45364274846992,11.509108543395996,1170500,0.003379536620813001
2006-03-08,11.481371569681134,11.570116382798226,11.431452480062568,11.553476333618164,1117600,0.003847603830535236
2006-03-09,11.53129195205971,11.608943407762176,11.464732805799212,11.536837577819824,686200,-0.0014411894738275116
2006-03-10,11.525741849583317,11.564567565917969,11.481369451212084,11.564567565917969,516500,0.00240071989075873
2006-03-13,11.559018194694543,11.642216290044527,11.54792483320223,11.60893726348877,560400,0.00382935184961885
2006-03-14,11.564567837441265,11.625579225433299,11.370438193288631,11.6033935546875,862600,-0.00047765206778193654
2006-03-15,11.586759848192923,11.67550469557814,11.531295112018684,11.66995906829834,897200,0.00572033571642731
2006-03-16,11.658864721445111,11.658864721445111,11.486920668355083,11.620038986206055,785500,-0.004286832349543119
2006-03-17,11.608938551775505,11.608938551775505,11.57011284016496,11.59229850769043,723800,-0.002390150645473068
2006-03-20,11.575662491241362,11.647767251599104,11.481370999744888,11.58675479888916,746500,-0.00047833781937927305
2006-03-21,11.553472796079884,11.614485233137199,11.553472796079884,11.59229850769043,895500,0.000478337819379305
2006-03-22,11.597844123840332,11.620030847249346,11.486912622637668,11.597844123840332,702800,0.0004782735788846877
2006-03-23,11.55347702434267,11.570117074517556,11.403719746533731,11.51465129852295,880900,-0.00719897900143325
2006-03-24,11.509104615131319,11.59784943355402,11.509104615131319,11.51465129852295,753500,0.0
2006-03-27,11.498011849968591,11.570117679910943,11.453639438435506,11.536837577819824,1072100,0.001924933028541669
2006-03-28,11.53129213077609,11.653315999902814,11.437000622566698,11.631129264831543,1400800,0.008139877640538123
2006-03-29,11.647769008053913,11.730967146527094,11.636675640811694,11.697688102722168,936700,0.005706163106327222
2006-03-30,11.68104805185884,11.769792873953131,11.636675640811694,11.697688102722168,681200,0.0
2006-03-31,11.692140352641696,11.786431849756614,11.64776794564183,11.70323371887207,673000,0.00047396562374742114
2006-04-03,11.742055109829309,11.769787457250118,11.564565547325143,11.570112228393555,795100,-0.011439948738329367
2006-04-04,11.55347576010263,11.653313934383787,11.55347576010263,11.58675479888916,1400600,0.0014373769423441638
2006-04-05,11.54792483320223,11.63666960929837,11.52019248739263,11.60893726348877,855100,0.0019126371657500656
2006-04-06,11.581205144967047,11.625577537939284,11.564566158803268,11.59229850769043,555100,-0.0014342993463706934
2006-04-07,11.614489254845216,11.797525571475195,11.520197754889065,11.525744438171387,556100,-0.005757775737453718
2006-04-10,11.553476025643718,11.692139924683092,11.547929342731553,11.625580787658691,887200,0.008624730323758434
2006-04-11,11.658864721445111,11.675503717735028,11.542386457805996,11.620038986206055,843400,-0.00047680394083165334
2006-04-12,11.636670900662669,11.636670900662669,11.52019376583103,11.59229850769043,743600,-0.002390150645473068
2006-04-13,11.553477356055993,11.69214127106287,11.509104945570662,11.653315544128418,639900,0.005249779716607979
2006-04-17,11.636676438667426,11.675502168755505,11.431454420224206,11.44809341430664,682300,-0.0177675334835641
2006-04-18,11.425909252088823,11.620038986206053,11.392630201587052,11.620038986206055,1271600,0.014907904412429169
2006-04-19,11.592305562519625,11.686597087209599,11.58675887778234,11.620038986206055,776600,0.0
2006-04-20,11.586757774296927,11.647770242674497,11.492466258586974,11.58121109008789,1204500,-0.003347055200804931
2006-04-21,11.62003062498108,11.642216290044527,11.54792483320223,11.60893726348877,836300,0.0023912039017026515
2006-04-24,11.498014471893077,11.692144213338931,11.287245733529165,11.547933578491211,1664500,-0.005268745206033076
2006-04-25,11.520203281037853,11.520203281037853,11.198502901797726,11.231781959533691,1242700,-0.027759075347833756
2006-04-26,11.259514810030913,11.326073986254816,11.192956691729227,11.204050064086914,730900,-0.0024721088605755568
2006-04-27,11.176147886933448,11.259843237018764,11.070133209228516,11.070133209228516,1145300,-0.012024545797656185
2006-04-28,11.070129653244528,11.153824976444955,10.952955349368912,10.99759292602539,983700,-0.006574356056196755
2006-05-01,11.047811261566435,11.159405744711092,11.014333342320585,11.081290245056152,1309400,0.007581698703419259
2006-05-02,11.08686840902999,11.13708474822818,10.992013431889045,11.047809600830078,854600,-0.0030259405042097048
2006-05-03,11.058969260315768,11.103606834014817,11.00317202713103,11.047809600830078,2089100,0.0
2006-05-04,11.053392160430388,11.131508731878961,11.036653731311667,11.086871147155762,1219300,0.0035294466018758264
2006-05-05,11.10919403184322,11.164991302035059,11.047816928207755,11.120353698730469,815600,0.0030154670093704844
2006-05-08,11.109191748198876,11.20404676875295,11.075713818663376,11.142669677734375,984200,0.002004757943307119
2006-05-09,11.142668470784182,11.243103312755983,11.142668470784182,11.1761474609375,706400,0.0029999625968373162
2006-05-10,11.142670173197063,11.237525197968898,11.098032577083506,11.125931739807129,5779700,-0.004503239858439585
2006-05-11,11.103608503138764,11.153825914129474,11.042232495228681,11.081290245056152,941300,-0.004020453788741655
2006-05-12,11.070131653793075,11.125928900758066,10.97527665322578,11.086871147155762,1287100,0.0005035060976663788
2006-05-15,11.081295852081716,11.098034288052192,10.98644081268621,11.075716018676758,1748300,-0.001006663106392597
2006-05-16,11.109193405551839,11.109193405551839,10.886005401611328,10.886005401611328,1878700,-0.017276909430741668
2006-05-17,10.852523000517541,10.902740413766761,10.77440643310547,10.774406433105469,1622600,-0.010304509152237575
2006-05-18,10.774402263995192,10.835779315159957,10.70744644840045,10.718605041503906,845700,-0.00519252660758122
2006-05-19,10.740929696293458,10.858102963961343,10.690712277508927,10.785567283630371,913100,0.006227857324444895
2006-05-22,10.763247272069794,10.841362771147455,10.696290369829043,10.713029861450195,1744500,-0.006748133094792462
2006-05-23,10.729769183124153,10.796726090945578,10.584696769714355,10.584696769714355,1250400,-0.012051487672387165
2006-05-24,10.584696790958517,10.607016115025104,10.40056662438497,10.545639038085938,1653600,-0.0036968438614559266
2006-05-25,10.590275358505497,10.690710176334894,10.367087465686737,10.411725044250488,1751300,-0.012779833944783936
2006-05-26,10.473104593681867,10.562379771947889,10.434046836220991,10.478684425354004,974500,0.006410559880151337
2006-05-30,10.47868657870768,10.484266411526463,10.316874619695866,10.322454452514648,1113300,-0.01502157275997609
2006-05-31,10.322453010709545,10.456365786922966,10.305713514591314,10.344772338867188,1259300,0.0021597377580365846
2006-06-01,10.372669545508872,10.495422647119112,10.32803195726478,10.428466796875,1853200,0.008057954787081144
2006-06-02,10.439624514953612,10.517741085973055,10.32245125479039,10.512161254882812,2620900,0.007993542834592615
2006-06-05,10.478681010789611,10.53447718084118,10.333608627319336,10.333608627319336,2324600,-0.017131244885321834
2006-06-06,10.406151201520284,10.461948472891258,10.339195327270662,10.383832931518555,1352100,0.004848513987243335
2006-06-07,10.383827392942697,10.422885142796238,10.205277071187158,10.227595329284668,2115800,-0.015160579146430604
2006-06-08,10.233174309057882,10.30570997214882,10.18853673233028,10.272232055664062,1330400,0.004354846124762844
2006-06-09,10.266651733316237,10.372666372052924,10.244333478144355,10.333608627319336,1848000,0.0059572190344243554
2006-06-12,10.322446106976207,10.322446106976207,10.1996930769398,10.210851669311523,863900,-0.011950512906220699
2006-06-13,10.188541561503046,10.255497426208354,10.082526867434646,10.15506362915039,1478800,-0.005478583101494146
2006-06-14,10.149481116941704,10.16621954657698,10.021147125688596,10.037886619567871,2413600,-0.01160586476072996
2006-06-15,10.037887203605612,10.099264287156744,10.026727540370123,10.065786361694336,2581200,0.0027755883279485883
2006-06-16,10.043461322636173,10.216431747426737,10.03788149419216,10.104838371276855,2340000,0.0038721714269185376
2006-06-19,10.121583532022477,10.155062524979204,10.015569913725336,10.021148681640625,1431200,-0.00831662782959477
2006-06-20,10.049048455393068,10.060208120392677,9.987671362139457,10.009990692138672,1034600,-0.0011140645020533317
2006-06-21,9.993248434865947,10.065785173087146,9.993248434865947,10.054625511169434,1583800,0.004449115019786367
2006-06-22,10.037883280823136,10.10484016982541,10.021143792511657,10.060202598571777,2067400,0.0005545250016383632
2006-06-23,10.04904556274414,10.11600140497988,10.037885900956875,10.04904556274414,993700,-0.001109642377770239
2006-06-26,10.043465614318848,10.143900440741062,10.02672612183384,10.043465614318848,883700,-0.0005554257025984296
2006-06-27,10.043465614318848,10.071363704216612,9.998828031936075,10.043465614318848,1427100,0.0
2006-06-28,10.043465614318848,10.054625275975518,10.015567524421082,10.043465614318848,1213600,0.0
2006-06-29,10.043464408873009,10.104841476374132,10.021145088238496,10.071362495422363,1945500,0.002773764591706158
2006-06-30,10.06020080796821,10.138316277697474,10.03788149419216,10.104838371276855,1533200,0.0033183557988856072
2006-07-03,10.104842531911308,10.132740621374857,10.06020495022329,10.11600112915039,897600,0.0011040846258883693
2006-07-05,10.088104248046875,10.127162003671767,10.026727166782603,10.088104248046875,1388800,-0.0027615079520714398
2006-07-06,10.076944585227185,10.149481329311147,10.054626323831828,10.088104248046875,876200,0.0
2006-07-07,10.060207338353571,10.166220954876092,10.043467842155419,10.099265098571777,1022800,0.001105726206362235
2006-07-10,10.110418199720867,10.18295384100612,10.088098885944817,10.104838371276855,919200,0.0005516971198209791
2006-07-11,10.08810410750136,10.132741693914214,9.982089440679326,10.12158203125,879000,0.0016556230380444057
2006-07-12,10.138323443087007,10.155062940249898,9.954193231272036,9.959773063659668,1304100,-0.016115692276308623
2006-07-13,9.931871553146543,9.976509137447994,9.881654137776916,9.898393630981445,887800,-0.006181802085580093
2006-07-14,9.88723476201963,9.898394425051235,9.697524747458543,9.770061492919922,1359800,-0.013049724388077085
2006-07-17,9.775640234419702,10.065785055425037,9.77006040352607,10.04904556274414,1785200,0.028154901023927755
2006-07-18,10.04346818669766,10.054627851212596,9.803540720847481,9.948613166809082,1150800,-0.010044499878091874
2006-07-19,9.98766860390709,10.054625511169434,9.94861085143903,10.054625511169434,1024900,0.010599617254223818
2006-07-20,10.037884415560592,10.037884415560592,9.837014790090016,9.864913940429688,1076600,-0.019048362781030517
2006-07-21,9.870495130643807,9.887233558910385,9.742161149884529,9.75890064239502,2273400,-0.010804660727305742
2006-07-24,9.48549428965704,10.70186961002148,9.48549428965704,10.68513011932373,3550600,0.0906733114711736
2006-07-25,10.740927949908258,10.852522432228223,10.679550878207891,10.713029861450195,1717400,0.0026076782266654833
2006-07-26,10.679549229103351,10.763245610041105,10.61259340144558,10.640491485595703,916400,-0.006794069577805296
2006-07-27,10.657235334683794,10.662815166645359,10.333612530621922,10.378250122070312,780800,-0.024954393264446307
2006-07-28,10.434406515382884,10.726435373659061,10.434406515382884,10.675891876220703,1607500,0.028275821910999567
2006-07-31,10.619736605349573,10.625352670795117,10.34455582544763,10.501802444458008,1959800,-0.0164411999401548
2006-08-01,10.484950999922438,10.518646311002065,10.327704429626465,10.327704429626465,1471700,-0.016716869028773822
2006-08-02,10.327702653028467,10.529876627037,10.305239473224432,10.451253890991211,1479400,0.011891926001655765
2006-08-03,10.41756100329672,10.546728347256012,10.378249622108813,10.513031959533691,1024200,0.005893665809190981
2006-08-04,10.670273053036562,10.782592145214435,10.501795485924,10.563570022583008,887300,0.004795664875206018
2006-08-07,10.524263599702323,10.541111792780532,10.473720091622447,10.496184349060059,971900,-0.006399495673799863
2006-08-08,10.513033701796447,10.608504673855256,10.42317879528874,10.428794860839844,861400,-0.006441078916176226
2006-08-09,10.462491121923792,10.552347107650396,10.333324816121603,10.389484405517578,950300,-0.0037765371038151426
2006-08-10,10.3501725513525,10.490570982985268,10.333324353940759,10.411948204040527,865700,0.0021598327074066515
2006-08-11,10.411943677835968,10.48495035923986,10.395095487748348,10.417558670043945,410600,0.0005387036930843559
2006-08-14,10.518649569639683,10.586041283831262,10.434410730266428,10.501802444458008,609300,0.008054187636021278
2006-08-15,10.574809986333937,10.732056617736818,10.574809986333937,10.732056617736816,629300,0.02168830434093705
2006-08-16,10.765748315495122,11.001617647569924,10.743284059509579,10.973538398742676,899400,0.022251566430153514
2006-08-17,10.945457806346376,11.142015756709155,10.911762494361362,11.074624061584473,1022300,0.009169595997743352
2006-08-18,11.125167141818173,11.170094579806886,11.012849082423697,11.136399269104004,856000,0.005562586278800868
2006-08-21,11.113939994089803,11.147635316642207,11.029700080976305,11.102707862854004,709800,-0.0030299266805352606
2006-08-22,11.13078550790121,11.209408272856185,11.091474125423723,11.192561149597168,624600,0.008060344386674599
2006-08-23,11.220640889097373,11.220640889097373,10.93984406361753,11.018467903137207,1468300,-0.015676609256130777
2006-08-24,11.007234449687928,11.035313700398111,10.973539134604758,11.001618385314941,1285500,-0.0015303773918128
2006-08-25,11.00723706736496,11.012853133073527,10.922998224046466,10.990388870239258,1198500,-0.0010212361173906237
2006-08-28,11.007232726999636,11.231869910988488,10.990384536517501,11.203790664672852,1304600,0.019231021445212538
2006-08-29,11.226253384734711,11.265564756417977,11.153246704630728,11.220637321472168,2837800,0.0015025275096540508
2006-08-30,11.23187523145486,11.422817196082,11.209410966837504,11.344194412231445,2092300,0.01095140678195293
2006-08-31,11.344183522286459,11.41157410913617,11.231864449331518,11.400341987609863,1413200,0.004937246330075367
2006-09-01,11.428431610880144,11.529518644741438,11.349807767235284,11.394736289978027,934800,-0.000491834042118566
2006-09-05,11.394734411860446,11.484589300225876,11.361038025357338,11.434045791625977,1008700,0.0034438578772033952
2006-09-06,11.417201129927662,11.422817196082,11.282418755688814,11.344194412231445,1179200,-0.007889270165160257
2006-09-07,11.709227550556268,11.748538933777859,11.450893920428182,11.512669563293457,2569100,0.0147420225642371
2006-09-08,11.591292437709763,11.782234361840281,11.56882924901169,11.675532341003418,1794300,0.014047269077487734
2006-09-11,11.67552577659503,11.939474254536362,11.653061529372314,11.866466522216797,1431400,0.016221083767028136
2006-09-12,11.838390821157914,12.096724385627079,11.79346338444431,12.091108322143555,1908500,0.018753850116583082
2006-09-13,12.051797622141244,12.287666966816143,12.046182628999588,12.1978120803833,1972100,0.008786264923889857
2006-09-14,12.203425893758684,12.37190457811044,12.175346648610663,12.338208198547363,1586500,0.01144420724060937
2006-09-15,12.411217711754608,12.439296960888939,12.175348377100278,12.293282508850098,1778700,-0.0036478295242875314
2006-09-18,12.293278324866975,12.444908789356614,12.259583023142943,12.282047271728516,807500,-0.0009143509368665571
2006-09-19,12.248357505289574,12.416836247091362,12.220278250566729,12.39437198638916,1449300,0.00910387275225563
2006-09-20,12.422451260117043,12.467378706561298,12.2146611508406,12.42806625366211,1008700,0.0027148250016188285
2006-09-21,12.44491488924498,12.467379148841436,12.253972967294528,12.371908187866211,991800,-0.004528888682176857
2006-09-22,12.32697926568056,12.399985958328674,12.09110992389898,12.310131072998047,844900,-0.005005846009614052
2006-09-25,12.225888836140195,12.46737417468141,12.225888836140195,12.43929386138916,852800,0.010437734321669518
2006-09-26,12.405605016958935,12.562851639820298,12.39437288579277,12.512308120727539,818600,0.005852487370970645
2006-09-27,12.517924186310621,12.557235574237216,12.46738066721786,12.512308120727539,641000,0.0
2006-09-28,12.574079489390568,12.714477879655865,12.506688861909863,12.692014694213867,1122700,0.01426022195732035
2006-09-29,12.585309922178487,12.776251792907715,12.568461732000769,12.776251792907715,1336800,0.006615087518147978
2006-10-02,12.776253514142104,12.798717770738813,12.66955043761716,12.692014694213867,1696200,-0.006615087518147869
2006-10-03,12.686399058929878,12.75378968868873,12.613391293677248,12.630239486694336,1148600,-0.004879133558140098
2006-10-04,12.635852801304889,12.866106033325195,12.62462067507109,12.866106033325195,1370100,0.018502516397725696
2006-10-05,12.770632905440028,12.798713216193264,12.59653926338728,12.703242301940918,1590000,-0.012739154067237465
2006-10-06,12.70324230194092,12.753784718988086,12.619002440835539,12.703242301940918,1598000,0.0
2006-10-09,12.692016315968724,12.82118259444022,12.58531322580952,12.79871940612793,1545500,0.007487859277706608
2006-10-10,12.838024231730504,12.927879081393968,12.80432785974098,12.916646957397461,1429400,0.009171821726834365
2006-10-11,12.894186973571776,12.916651228993826,12.821180285759425,12.894186973571777,984400,-0.0017403536479844509
2006-10-12,12.911040809024783,12.972816467285156,12.84926515076441,12.972816467285156,1257600,0.006079539601647744
2006-10-13,12.916653929047618,13.012124892238948,12.888574675055118,13.006508827209473,1048500,0.002593783974893063
2006-10-16,13.028968811035156,13.051431992625446,12.972809250327643,13.028968811035156,1274300,0.0017253372270951827
2006-10-17,12.961580178388331,13.163754216116459,12.944731984859395,13.152522087097168,1412200,0.009438285522488566
2006-10-18,13.197447493323466,13.247990994947711,13.085128362790782,13.146903991699219,1535700,-0.0004272409189899977
2006-10-19,13.062665020790522,13.186215205952829,13.034584702920952,13.10197639465332,1420000,-0.003423204362063038
2006-10-20,13.146907289607524,13.146907289607524,12.96158142754774,13.085131645202637,955400,-0.001286491944685506
2006-10-23,13.562487497752585,14.573356789785956,13.365929490594295,14.225168228149414,7610000,0.08353620947083229
2006-10-24,14.27009238210256,14.365563330872602,14.140926119400358,14.286940574645996,3400400,0.004333067299526536
2006-10-25,14.03983667156156,14.107228358893048,13.927517549727254,14.067915916442871,3850400,-0.015449135817589355
2006-10-26,14.045453057275884,14.208314609405216,14.039836993939762,14.157771110534668,1314300,0.00636693077125727
2006-10-27,14.129698857948025,14.208321641255887,14.03422787629344,14.096003532409668,1502000,-0.004372348637212599
2006-10-30,14.197566187903158,14.423282447587624,14.129851848147831,14.389425277709961,3008900,0.020602261305739104
2006-10-31,14.389428122869457,14.649001603755929,14.3668559542879,14.62643051147461,4551000,0.016336619988834677
2006-11-01,14.62643769422946,15.100442704214272,14.60950855947973,15.032727241516113,5752000,0.027399439413962483
2006-11-02,14.953719656037645,15.309222706363787,14.914219436701435,15.010149002075195,5610100,-0.001503068049051341
2006-11-03,15.066586020159033,15.518018865732756,14.863440701500457,15.24151611328125,6022200,0.01529645535933741
2006-11-06,15.337437242418808,15.416437677613834,15.083505734577354,15.235864639282227,2560200,-0.0003708635010128656
2006-11-07,15.235869907563975,15.422086052271068,15.151226401115402,15.292299270629883,2272200,0.0036972217392462667
2006-11-08,15.264078772908963,15.343080284404197,15.196364421684713,15.235864639282227,2338500,-0.00369722173924621
2006-11-09,15.235871468587083,15.25844364664636,15.16815601070995,15.230228424072266,2293200,-0.00036999921601626735
2006-11-10,15.235858883400018,15.286645165782001,15.173786521310971,15.196358680725098,1799400,-0.002226326417761411
2006-11-13,15.224581993120792,15.241511122899665,14.987579557718819,15.094795227050781,2303800,-0.006705841222025449
2006-11-14,15.151217991861989,15.218932328917694,15.072216496897022,15.207647323608398,2359800,0.0074484172760114625
2006-11-15,15.17943606137406,15.218936280963952,15.145578884054192,15.162508010864258,2151500,-0.0029726121243818853
2006-11-16,15.17379444266041,15.230223794354387,15.094793996069063,15.185080528259277,1472400,0.0014875990247840553
2006-11-17,15.151224440905333,15.179438580637754,15.060937902201053,15.139938354492188,1614200,-0.002977225325804753
2006-11-20,15.145578120116422,15.309222032491865,15.083505734577354,15.235864639282227,2108300,0.006315988005194264
2006-11-21,15.235869907563975,15.30922732613925,15.1625124889887,15.292299270629883,2173800,0.0036972217392462667
2006-11-22,15.309226546124883,15.455942452100748,15.252798262234608,15.405156135559082,2987600,0.0073528813317801246
2006-11-24,15.35436567978311,15.36565176403887,15.269722200465388,15.337437629699707,411000,-0.004405523873712802
2006-11-27,15.33179767257749,15.365654855857146,15.12300937703531,15.134295463562012,1920900,-0.013333352259889445
2006-11-28,15.134299278223185,15.134299278223185,14.840867412370958,15.015798568725586,1605700,-0.007860506494280883
2006-11-29,15.01579507730813,15.179439029940742,14.998865947187321,15.08350944519043,2334800,0.004499172582545105
2006-11-30,15.066581087053109,15.151224583346576,14.936793244682649,15.094795227050781,1457800,0.0007479401185084687
2006-12-01,15.16250803229718,15.179436082830913,14.750574556405397,14.925505638122559,1404300,-0.011278460146422893
2006-12-04,14.998865644238068,15.145581540086951,14.908579104684977,15.094795227050781,1786700,0.011278460146422907
2006-12-05,15.207651819894465,15.399510958777237,15.151222471464184,15.297938346862793,2125100,0.013368073295527888
2006-12-06,15.292293267762066,15.39386586614907,15.235863926847045,15.343079566955566,1869000,0.002946459081612897
2006-12-07,15.32050888922382,15.478510843883644,15.027077148984258,15.162508010864258,1952000,-0.011838727225511209
2006-12-08,15.162514657365525,15.202014894270379,14.914226070148361,14.97065544128418,1663700,-0.012733821478049159
2006-12-11,15.049650235798538,15.258438507320296,14.976292834415412,15.168150901794434,3071700,0.013105913031452608
2006-12-12,15.128652715878784,15.20765424680876,15.010152033934528,15.08350944519043,2093100,-0.005595836823541625
2006-12-13,15.168151220894819,15.230223614655849,15.077864689769877,15.111722946166992,1442200,0.0018687393308623006
2006-12-14,15.094795908402137,15.292298126202077,15.077866777859114,15.264082908630371,1067200,0.010031749671498676
2006-12-15,15.27537330762408,15.303588533160438,15.20201587383115,15.24151611328125,2035900,-0.0014795185270365305
2006-12-18,15.292293588448832,15.625225522899024,15.292293588448832,15.371294021606445,2656300,0.008478717583630125
2006-12-19,15.292294104754097,15.47286714452533,15.241507802780912,15.42772388458252,1869700,0.0036643977604784387
2006-12-20,15.44465272769239,15.613939680301142,15.269721656856458,15.478509902954102,3100900,0.003286460875926039
2006-12-21,15.461581615346832,15.518010961375522,15.258437476463907,15.286651611328125,1186600,-0.012472600135412558
2006-12-22,15.337441902706534,15.365656044906148,15.196369039107394,15.320512771606445,742700,0.0022126305899673997
2006-12-26,15.252802839643312,15.399518789649044,15.24151674895806,15.331803321838379,968100,0.0007366850001241008
2006-12-27,15.376938516999042,15.467225042370977,15.331795254313075,15.388224601745605,1356400,0.003673261201967198
2006-12-28,15.376937083334933,15.506723816918928,15.337436866705039,15.410794258117676,909400,0.0014656090516877369
2006-12-29,15.42208303993452,15.506726529850004,15.354367602221911,15.37693977355957,731600,-0.0021992198690706597
2007-01-03,15.40515160334566,15.70422637095838,15.348723336056647,15.512367248535156,2260800,0.008768622916339128
2007-01-04,15.506724555350795,15.625226287183727,15.450295210492266,15.534939765930176,1709700,0.0014540727388461536
2007-01-05,15.472867797427899,15.518011059275599,15.331794969616302,15.439010620117188,1029100,-0.006194201988169151
2007-01-08,15.39951254283007,15.422083638743752,15.258439695393227,15.314867973327637,1208300,-0.008073344030512542
2007-01-09,15.365658638903673,15.64216136908052,15.34873058124636,15.6026611328125,2202900,0.01861736563913286
2007-01-10,15.602654519767142,15.687298001080475,15.478510818927605,15.676012992858887,967900,0.00469022403053538
2007-01-11,15.664727573698354,15.732441931105093,15.59701213999131,15.726799964904785,812600,0.0032345520379564816
2007-01-12,15.77194002977856,15.777581994834577,15.557508763446997,15.743724822998047,1822100,0.0010756007304644633
2007-01-16,15.749373081246054,15.873516803301971,15.64215741256568,15.687300682067871,1462000,-0.003590350657372244
2007-01-17,15.704223060550959,15.8170817239391,15.6590798104557,15.766295433044434,1122500,0.0050229497939769255
2007-01-18,15.74372822709083,15.963802582362748,15.630870604467072,15.879158020019531,1503700,0.007132971924245998
2007-01-19,15.907375839959192,16.031519568081325,15.817089296543005,15.963805198669434,1282400,0.0053165515692073515
2007-01-22,15.96945160403913,16.076667307755518,15.845307841415435,15.862236976623535,1131600,-0.006382733128064066
2007-01-23,15.811442623567528,16.29109044805196,15.794513496950342,16.234661102294922,3393500,0.02320727937966466
2007-01-24,16.26287337024708,16.33058879264268,16.144372726429932,16.31365966796875,739900,0.004854242488025314
2007-01-25,16.138739411855173,16.150025501773367,15.907379950036018,15.913022994995117,1210800,-0.024864943041161307
2007-01-26,15.992012147890486,16.020226276406802,15.749366767970129,15.946868896484375,912500,0.002124672257953545
2007-01-29,15.946873136550892,16.229018801932966,15.867872694660006,16.166946411132812,1068500,0.013706310377448964
2007-01-30,16.172615278221183,16.223614120172083,15.974282365286307,16.1442813873291,731300,-0.0014029196081617346
2007-01-31,16.104616256811553,16.11594981403815,15.957283255348342,16.09328269958496,894500,-0.003163931998709467
2007-02-01,16.149951351969666,16.29161759189922,16.098951419128813,16.251951217651367,1164900,0.00981101519956166
2007-02-02,16.274611200630638,16.42194416505586,16.17261245371524,16.325611114501953,911000,0.004522132234836828
2007-02-05,16.325611025762274,16.348278134393976,15.934613129310472,16.336944580078125,1071000,0.0006939730091543707
2007-02-06,16.3426174779885,16.36528351428202,16.08761781451372,16.257617950439453,1223500,-0.004867485868804968
2007-02-07,16.246284701592064,16.43328409809591,16.127284496092713,16.38228416442871,945200,0.007638921205816393
2007-02-08,16.404946769484802,16.58627933672131,16.280279818889184,16.501279830932617,1426400,0.007237426328830696
2007-02-09,16.56361068165894,16.69961009441105,15.883613617898401,16.081945419311523,3080500,-0.02574070318865175
2007-02-12,16.229277428679907,16.421943522246124,15.906278707356307,16.268943786621094,2148200,0.011560761055284741
2007-02-13,16.2462890072949,16.2632893499654,16.025289956718122,16.13295555114746,1536200,-0.008393892747065543
2007-02-14,16.149946728502147,16.433279127247797,16.121613920958513,16.421945571899414,1626600,0.017754476411428924
2007-02-15,16.42194322645856,16.76760904942377,16.382276869231834,16.68260955810547,2326200,0.01574824808095329
2007-02-16,16.603284756559233,16.79028417108496,16.495619180288013,16.773284912109375,1592100,0.005420603900474509
2007-02-20,16.773275269111917,16.78460882246512,16.55227530203294,16.614608764648438,2208000,-0.009505082509814916
2007-02-21,16.484277583698645,16.83560912172464,16.484277583698645,16.705276489257812,2722500,0.005442272547093371
2007-02-22,16.795951795830327,16.886618117686343,16.716619034413263,16.801618576049805,1278900,0.005750598621678264
2007-02-23,16.75060820666837,16.829941999523314,16.563608899154872,16.60894203186035,2543100,-0.011533998634510951
2007-02-26,16.73361198340394,16.744944458009236,16.51827875349328,16.5749454498291,2255800,-0.0020489819912795112
2007-02-27,16.353945504795355,16.42761144886618,15.95161295860576,16.229278564453125,1677100,-0.02107531515886742
2007-02-28,16.20661452598933,16.20661452598933,15.645616468040869,16.019615173339844,2949300,-0.01300301008379844
2007-03-01,15.91194742684558,16.569278503673242,15.685281724633857,16.4276123046875,2476800,0.025149676437390744
2007-03-02,16.33128076274735,16.523946897726074,16.149948184138534,16.30861473083496,1529000,-0.007270116855782224
2007-03-05,16.10461122900102,16.467276300409075,16.00827818430486,16.31427764892578,1939000,0.00034717449831101415
2007-03-06,16.365279841547967,16.69394540025133,16.16694801538615,16.60327911376953,2021900,0.01755955903630867
2007-03-07,16.631607582075105,16.829940424409795,16.484274644364394,16.52960777282715,2204400,-0.004447029478916434
2007-03-08,16.608941586143253,16.79027411209894,16.529608876244417,16.699607849121094,992200,0.010232053708653547
2007-03-09,16.77894401550293,16.869610291317805,16.6259442697551,16.77894401550293,1129100,0.004739530862284181
2007-03-12,16.73928531333045,16.85261766953612,16.642952216100365,16.773284912109375,1389300,-0.0003373309987498965
2007-03-13,16.6939464005516,16.727947070640134,16.37661437885079,16.41628074645996,1412700,-0.02151386607815315
2007-03-14,16.506946472988886,16.620279874413935,16.20661479661912,16.518280029296875,1531300,0.006194077379380101
2007-03-15,16.495610737167663,16.727943191424064,16.495610737167663,16.58627700805664,1394700,0.004108018984118193
2007-03-16,16.631613385060422,16.688280085617368,16.501280730358634,16.52394676208496,1233800,-0.0037650195319674025
2007-03-19,16.603280317169762,16.880947055576275,16.55228039222387,16.722280502319336,821500,0.011931344359813831
2007-03-20,16.722276331478533,16.971609115600586,16.66560964224708,16.971609115600586,911300,0.014799903906090987
2007-03-21,16.94327988942532,17.05661329905124,16.835613258363445,16.99994659423828,1334000,0.0016683065946258508
2007-03-22,16.98860836579098,17.135941325461868,16.920609203375,16.971609115600586,1523600,-0.001668306594625844
2007-03-23,17.005611980990547,17.090611490839517,16.85827899286621,16.90361213684082,1434300,-0.0040145609427568105
2007-03-26,16.80160708840112,16.852606994678787,16.55227433335776,16.807273864746094,1420400,-0.005715574153300876
2007-03-27,16.75061302524017,16.807279727629854,16.450281339981508,16.591947555541992,1408100,-0.012894270191016606
2007-03-28,16.807276412997975,16.807276412997975,16.30294513092867,16.319944381713867,1502200,-0.01652954910725138
2007-03-29,16.795942812894026,16.795942812894026,16.274611200630638,16.325611114501953,1247400,0.00034716718762282164
2007-03-30,16.365278902685656,16.523945435339932,16.189613117808396,16.217947006225586,3027600,-0.006616639807517894
2007-04-02,16.183944118224368,16.399277317322507,15.92327886553704,16.291610717773438,1722300,0.004531826501318687
2007-04-03,16.29161701127596,16.421949687967544,16.26894989489781,16.35395050048828,2395500,0.003819193554265118
2007-04-04,16.41061396811187,16.41628074645996,16.274614530240097,16.41628074645996,1657400,0.0038040818612013238
2007-04-05,16.46160778736929,16.71094053807894,16.336941952427992,16.671274185180664,859100,0.015413558821484262
2007-04-09,16.7392804998215,16.903612747354433,16.699613051687052,16.79594612121582,772500,0.007450425317235656
2007-04-10,16.801609498955173,16.914942880460572,16.767609916834445,16.880943298339844,940100,0.005047815226963161
2007-04-11,16.835615587071633,16.960282571069623,16.773283175900282,16.914949417114258,1694400,0.002012441602745659
2007-04-12,16.99994616405615,17.26061148644116,16.909279870980715,17.084945678710938,2216600,0.009999894277365012
2007-04-13,17.141612382089953,17.198279085468965,16.943279460677136,17.084945678710938,977800,0.0
2007-04-16,17.152945264115242,17.19261163067179,16.988611938863905,17.033945083618164,978700,-0.002989583303473371
2007-04-17,16.999945359437916,17.13027801446169,16.97727824682817,17.050945281982422,1260700,0.0009975211650428777
2007-04-18,16.999941919802712,17.11327529826561,16.965942338594722,16.971609115600586,1466700,-0.00466374800992763
2007-04-19,17.385276600805696,17.385276600805696,16.790277899855994,17.073610305786133,1040300,0.00599211854816074
2007-04-20,17.13027390698088,17.55527243906108,17.005608060001794,17.118940353393555,1994700,0.0026514590628816097
2007-04-23,17.991609966910374,18.94360713966669,17.991609966910374,18.43927574157715,6477100,0.07429746731766416
2007-04-24,17.878277024338328,18.229608654356536,17.538278951631035,17.657278060913086,3183600,-0.0433348877595527
2007-04-25,17.725280017296136,18.053945644918368,17.725280017296136,17.878278732299805,2047900,0.012438444232447608
2007-04-26,17.92360857885962,17.99160883585052,17.577943758235847,17.78194236755371,4677200,-0.005403028704519852
2007-04-27,17.656632672827588,17.969895076024795,17.62815466757921,17.890155792236328,1995400,0.006067137186253783
2007-04-30,17.94141736576635,18.152158301714607,17.918634092100035,18.004070281982422,2991000,0.006347253285564164
2007-05-01,18.032548533215675,18.340116213700792,17.941417610042226,18.248985290527344,2990800,0.013511618853524882
2007-05-02,18.40846903022571,18.73312317095858,18.362904642215184,18.70464515686035,1730600,0.02466241915984275
2007-05-03,18.790079726611136,18.824252471443533,18.590729299912432,18.795774459838867,1890500,0.00486018467490982
2007-05-04,18.90968585189655,18.938163859243613,18.52807360070132,18.653379440307617,1442000,-0.007604748890283296
2007-05-07,18.698947900130626,18.807165208195684,18.567945142034883,18.630598068237305,1688700,-0.0012220463817321503
2007-05-08,18.630596112588492,18.795771596559558,18.60211810532206,18.784379959106445,1102000,0.008220384720607035
2007-05-09,18.738815586523017,18.93246907780698,18.710335406517068,18.80716323852539,2632700,0.001212149343739254
2007-05-10,18.76729556355408,18.801468306775593,18.619206433817826,18.676164627075195,1366100,-0.006989728620779051
2007-05-11,18.71033729966447,18.8128598744078,18.57364198182863,18.761598587036133,1176100,0.004564060506286688
2007-05-14,18.681863631416352,18.790083136981984,18.362906367180997,18.436948776245117,1943000,-0.01745541570477868
2007-05-15,18.516683984729188,18.573642178374268,18.31164100580567,18.323030471801758,1563700,-0.006197972439216937
2007-05-16,18.397079489549174,18.397079489549174,17.571205036417535,17.72498893737793,3624600,-0.03318331603964738
2007-05-17,17.7762454592692,18.02685608807595,17.656636507609058,17.73637580871582,2730900,0.000642212831389128
2007-05-18,17.78763769243265,18.180640564264362,17.713594208413085,18.152162551879883,1879800,0.02317204135308118
2007-05-21,18.174946783903966,18.254686096621192,18.117989666377383,18.186338424682617,2608100,0.001880973730927399
2007-05-22,18.157854511414257,18.39707347254628,18.00976756599734,18.35150909423828,3054100,0.009041134379095397
2007-05-23,18.357204719384413,18.567944596363354,18.28885706223259,18.4939022064209,2183200,0.007729256699949567
2007-05-24,18.431254135958874,18.698952275007088,18.23760057908571,18.328731536865234,1809500,-0.008971209310341979
2007-05-25,18.28315637806719,18.505290020183978,18.28315637806719,18.471115112304688,1612700,0.007738308656938821
2007-05-29,18.454032493704496,18.704642017533917,18.40277120783793,18.60211944580078,2091900,0.0070673562927902125
2007-05-30,18.397070235948195,18.57363733106848,18.226200045072115,18.510984420776367,2922200,-0.004911214569042346
2007-05-31,18.567944035527592,18.65907496655507,18.2091161304027,18.3116397857666,2819300,-0.010827396839544303
2007-06-01,18.311636219045006,18.647681869141604,18.288852947542644,18.488201141357422,2539300,0.0095958409578421
2007-06-04,18.397070864750113,18.664768882336237,18.397070864750113,18.58502960205078,1925300,0.005223644064845795
2007-06-05,18.0154612594646,18.27176874882067,17.873069054773914,18.129375457763672,2948400,-0.024822820366947412
2007-06-06,17.96419884816689,18.19772194812987,17.86167629962389,18.16924285888672,2599000,0.0021966355196205915
2007-06-07,18.14076761891302,18.2262027269222,17.93002667188179,17.96989631652832,1978500,-0.011032280723634443
2007-06-08,17.98698898529017,17.998380626023707,17.645247367850693,17.787639617919922,2490100,-0.010194118368980756
2007-06-11,17.7705446638908,17.918631576466474,17.650934666667517,17.7762393951416,1350300,-0.0006411124705836736
2007-06-12,17.742071637942125,17.76485491619447,17.406025888285548,17.440200805664062,1391600,-0.019084767629248874
2007-06-13,17.37185450844577,17.787639617919922,17.309201570777983,17.787639617919922,3068800,0.01972588009983254
2007-06-14,17.855987938708832,18.14077243187367,17.6680302166747,17.981292724609375,1436800,0.010828111778753396
2007-06-15,18.146460739972234,18.2034167459337,17.895850185550298,17.907241821289062,1235800,-0.00412672232771986
2007-06-18,17.91294219825015,17.96420348575512,17.639548302768155,17.65093994140625,3170100,-0.014416165619709332
2007-06-19,17.65663650878127,17.77624546044935,17.61107103866488,17.759159088134766,1266600,0.006112351370035257
2007-06-20,17.85029176814387,17.952814357489718,17.53133344624192,17.537029266357422,1233900,-0.012586784281330617
2007-06-21,17.554112394969998,18.061028341499583,17.40032853938246,18.01546287536621,2391300,0.026915834235874445
2007-06-22,18.015460866987997,18.026852503842992,17.781937743292,17.827503204345703,2059000,-0.010488049094488928
2007-06-25,18.08380856705248,18.385679321873774,17.838893820514745,18.12367820739746,2154500,0.016476882931020776
2007-06-26,18.425549678196422,18.482507861425706,17.80472069012493,17.890155792236328,2260900,-0.012968665768461186
2007-06-27,17.91864131471095,17.975598435468612,17.781944876712586,17.833206176757812,1737900,-0.0031883708914279005
2007-06-28,17.838900478026957,18.112293330737213,17.75916116757812,17.981292724609375,1275200,0.008269689446207215
2007-06-29,18.140766366613853,18.186331826831015,17.787633235156147,17.890155792236328,1734700,-0.005081318554779317
2007-07-02,17.90724745653072,18.44833728800377,17.90724745653072,18.402772903442383,1622100,0.02825074871009051
2007-07-03,18.522385093738393,18.59642967591345,18.24899222039983,18.328731536865234,751600,-0.004031496557952795
2007-07-05,18.44264097789739,18.465422081863824,18.16924708933811,18.31733512878418,1278000,-0.0006219717140409147
2007-07-06,18.23758919841162,18.510981901146863,18.135066663294396,18.505287170410156,1138000,0.010208597985691492
2007-07-09,18.61920588241043,18.852729036017593,18.48820530089742,18.4939022064209,1939000,-0.0006154169613085614
2007-07-10,18.454032252245344,18.4825102611913,18.01546287536621,18.01546287536621,1921100,-0.026210629530550394
2007-07-11,17.96989910515858,18.254683566960562,17.907247262291367,18.11229133605957,2256100,0.005360349385520067
2007-07-12,18.226200045072115,18.510984420776367,18.112285860243944,18.510984420776367,1666600,0.02177352121537511
2007-07-13,18.43125179064303,18.52238273682644,18.23190135211279,18.476816177368164,1944600,-0.0018475417610585372
2007-07-16,18.567946241802073,18.716035380275912,18.368597985471567,18.402772903442383,2959800,-0.0040154120616753605
2007-07-17,18.402762077900455,18.681849472588226,18.379978812655644,18.67045783996582,1767500,0.01444112548022848
2007-07-18,18.624902107538684,18.681858124295704,18.34011767828804,18.573640823364258,2199800,-0.0051990644509438
2007-07-19,18.573642047725784,18.676164622832854,18.493902749916487,18.630598068237305,2362300,0.0030618709624509795
2007-07-20,18.6989537410195,18.801474175417404,18.34581935079611,18.545169830322266,3049300,-0.004595917884968135
2007-07-23,18.972341940600973,19.074864522360627,16.80228352366568,17.542722702026367,6008900,-0.05557016557836249
2007-07-24,17.400332891477365,17.571204246989915,17.240854263305664,17.240854263305664,2794600,-0.017357387819338852
2007-07-25,17.314894610461558,17.37754753806761,16.676978040962872,16.796586990356445,4269400,-0.026106104809305662
2007-07-26,16.63141520090938,16.654197395952643,16.113107498867,16.397891998291016,3744000,-0.024022920555414513
2007-07-27,16.232716878832584,16.266890715447456,15.93084491069562,15.98210620880127,3895000,-0.025683055422546234
2007-07-30,16.096672836140446,16.45183012545802,15.867538924871582,16.371633529663086,3308200,0.02408043995436273
2007-07-31,16.37162579467525,16.629402005935916,16.050838470458984,16.050838470458984,2707200,-0.019789085049252825
2007-08-01,16.182601324176915,16.577858087225536,15.970651728745944,16.53775978088379,2942400,0.029885148550735194
2007-08-02,16.491932762609625,16.68096841319522,16.188329587537115,16.509117126464844,3591400,-0.0017334564879785005
2007-08-03,16.5091081710732,16.606490186282986,15.815978192447764,15.83889102935791,2554800,-0.041444408261800555
2007-08-06,15.873267202438644,16.15968488065743,15.63267740162773,16.068031311035156,2137000,0.014363291990486367
2007-08-07,15.924813613818905,15.924813613818905,15.489459946575021,15.741506576538086,3674900,-0.02053071031876047
2007-08-08,15.741514247690585,15.798797997905382,15.225962680950733,15.420726776123047,3688900,-0.02058845576547823
2007-08-09,15.374900752894511,15.495195650942584,14.836435222468268,14.985372543334961,4997500,-0.028637937525790576
2007-08-10,14.624483941025266,16.039386577960624,14.46408968191092,15.884720802307129,4487000,0.05828312983937601
2007-08-13,16.07375188937066,16.62940261106411,15.735779107906456,15.827432632446289,3442800,-0.0036130143162977925
2007-08-14,15.924823113998414,15.947737053626216,15.334803372340632,15.632678031921387,2205800,-0.012381208095168614
2007-08-15,15.57539101222768,16.171139113976434,15.506650300343011,15.8159818649292,2925000,0.011657470268591113
2007-08-16,15.661316741693911,15.94773438350602,15.403540427024375,15.592576026916504,3530900,-0.014226033968801724
2007-08-17,15.976378286594665,16.033662042712535,15.495196483359404,15.75870132446289,1711100,0.010597772493568029
2007-08-20,15.752972802583736,16.560670593417562,15.752972802583736,16.360177993774414,1993800,0.03745753316620228
2007-08-21,16.194053972561683,16.29143601593861,15.88472239033028,16.027931213378906,1697300,-0.020517309819214107
2007-08-22,16.03938501973188,16.451825955475996,15.982101283284987,16.428913116455078,2388100,0.024709876373307002
2007-08-23,16.40027032139943,16.583578492295484,16.297160909303138,16.377357482910156,1332400,-0.003143037903719744
2007-08-24,16.3830872750509,16.686689238025593,16.274248278888194,16.663776397705078,940200,0.017337546003172798
2007-08-27,16.532022614465877,16.646588987770414,16.279974845041764,16.342987060546875,1124500,-0.01943840621624984
2007-08-28,16.308621958223636,16.406004011051667,16.062303676455524,16.085216522216797,1573000,-0.01589825764106838
2007-08-29,16.21123414698198,16.342987060546875,16.010742720549956,16.342987060546875,1896400,0.015898257641068368
2007-08-30,16.302889810450385,16.302889810450385,15.91336277925989,16.005016326904297,1755600,-0.020896685833734746
2007-08-31,16.222687800787867,16.35443959486384,16.085207525326492,16.15967559814453,1621300,0.009616784985172735
2007-09-04,16.010740280151367,16.096665320181934,15.844617589175593,16.010740280151367,1773700,-0.009259213969231352
2007-09-05,15.896177732499543,15.982102799020781,15.67850082447264,15.821709632873535,1765500,-0.011876740231835579
2007-09-06,15.804527125393644,16.10813024907034,15.512380970745511,15.541022300720215,2158500,-0.017899896425258844
2007-09-07,15.46082253485413,15.49519234230088,14.939542569426397,15.019739151000977,2981600,-0.034117848485266694
2007-09-10,15.180138483009287,15.609765043849173,15.168681512496981,15.415000915527344,2031600,0.02597584132247054
2007-09-11,15.426447742786191,15.810247261816455,15.42071926129665,15.741506576538086,1510600,0.020959834104187756
2007-09-12,15.770161503111035,16.16541720629756,15.684235305151624,15.982110023498535,2127500,0.015169018307695677
2007-09-13,16.027938257962656,16.085222030878736,15.867545004914142,15.90764331817627,789000,-0.004670267585721338
2007-09-14,16.33725807016007,16.33725807016007,15.78733578056471,15.83889102935791,998100,-0.004331332393700014
2007-09-17,15.85608255677067,15.95346460932325,15.770157473364677,15.78161334991455,1075800,-0.00362282279896931
2007-09-18,15.798795704874237,16.15968142143432,15.724327605220934,16.119583129882812,1550700,0.02118932595140677
2007-09-19,16.131041525206413,16.62940870349772,16.131041525206413,16.583581924438477,1888900,0.028378288927547783
2007-09-20,16.583582004911097,16.738246702113692,16.348719624518214,16.43464469909668,1410700,-0.009021576912112049
2007-09-21,16.434646008059204,16.62941010866753,16.30289305110885,16.354448318481445,1121100,-0.004891659582409823
2007-09-24,16.34298950991884,16.58358035029166,16.18259525213813,16.205509185791016,1002900,-0.009148671124484049
2007-09-25,16.199777987212762,16.291431521269715,15.901903455229514,16.251333236694336,1435700,0.0028236931217165695
2007-09-26,16.239881253824628,16.331534815998864,16.03938867684474,16.14822769165039,1292300,-0.006364647553591015
2007-09-27,16.11958633715707,16.25133929752209,15.987834469388766,16.085216522216797,835000,-0.003909681464951249
2007-09-28,16.033659087591047,16.211237715490295,15.91336420525185,15.970646858215332,1316700,-0.007148155735518933
2007-10-01,15.953455795562576,17.110582817772272,15.953455795562576,17.07621192932129,2285500,0.0669339137739466
2007-10-02,17.041846362759962,17.574583247402835,17.041846362759962,17.494386672973633,1963300,0.02419368816498346
2007-10-03,17.414187942096543,17.482928639262408,16.978833106969592,17.041845321655273,1495300,-0.0262082588678971
2007-10-04,16.984567281217824,17.1564185354241,16.43464588998977,16.44037437438965,1513600,-0.03593164752864729
2007-10-05,16.33153775469397,16.76116431441641,16.33153775469397,16.686695098876953,1597300,0.014871539688446045
2007-10-08,16.78406992631303,16.8184408229415,16.331530713335233,16.377357482910156,1335400,-0.018711961641167296
2007-10-09,16.411724904017156,16.829894252246127,16.34298530593371,16.772611618041992,2023700,0.023847555676296248
2007-10-10,16.772621415337245,17.230889312232996,16.66951086538649,17.14496421813965,2597600,0.021957203641247862
2007-10-11,17.185058043262067,17.259526147373716,16.486199409504174,16.572124481201172,1829900,-0.03398246317384766
2007-10-12,16.560663607434407,16.86426662125563,16.520565322940268,16.612218856811523,1030100,0.0024164645786245663
2007-10-15,16.554935601369184,16.766885087418107,16.35444308053293,16.623676300048828,1584900,0.0006894620191268663
2007-10-16,16.629405975341797,16.766886289965043,16.469011728649804,16.629405975341797,1500900,0.00034461018092825526
2007-10-17,16.81271430368389,17.041848178318453,16.560666495287624,16.69814682006836,1636500,0.004125171903800541
2007-10-18,16.692414197237948,16.847079933985906,16.54920542452974,16.75542640686035,1479000,0.0034244259875287593
2007-10-19,16.520569372904585,16.658049707414328,16.18832495802356,16.274250030517578,2823400,-0.02913806443587782
2007-10-22,17.030391169375658,17.030391169375658,16.039386481155965,16.26852035522461,3827200,-0.00035213199640096553
2007-10-23,16.30288754631098,16.589305116071294,16.251333388942736,16.53202247619629,2113700,0.01606728224328167
2007-10-24,16.342984869395984,17.041843258423604,16.342984869395984,16.973102569580078,2207500,0.026330633058154577
2007-10-25,16.95592760005413,17.127777778368813,16.509115606800467,16.732521057128906,1819800,-0.014275694815015836
2007-10-26,16.795538822225012,16.81272428274659,16.457565746814037,16.640872955322266,2150200,-0.00549229917433165
2007-10-29,16.635136901171556,16.938738897490474,16.50911244148001,16.812715530395508,2179500,0.01027358165729773
2007-10-30,16.795436680969623,17.198619758888032,16.726320272437356,16.893352508544922,1761000,0.004784724928186516
2007-10-31,16.87031385070378,17.377171534775016,16.87031385070378,17.192859649658203,1363700,0.01757395911870432
2007-11-01,17.19286022620047,17.19286022620047,16.265539787201234,16.27705955505371,2642600,-0.054737433728820166
2007-11-02,16.294337222491517,16.61688299298218,16.167621988716853,16.593843460083008,2038500,0.019275023422673523
2007-11-05,16.616882943545622,16.8127145782644,16.54200556043147,16.628402709960938,1646200,0.0020804892099506663
2007-11-06,16.616881086690807,16.783913286706273,16.230977743583708,16.392250061035156,2375100,-0.014303573996527352
2007-11-07,16.380727326558684,16.380727326558684,15.960264792483697,16.006343841552734,2025400,-0.023823532130432486
2007-11-08,16.006352198699044,16.12154658576129,15.297901829560448,15.528291702270508,2743200,-0.030321502499029596
2007-11-09,15.355499380318475,15.384297702077436,14.92927784648963,14.952316284179688,3364700,-0.03779740802428835
2007-11-12,14.894720691830857,15.05023317832405,14.57793363719781,14.819843292236328,1896300,-0.008899177493168367
2007-11-13,14.975352233764085,15.580125634539671,14.762240968598375,15.493729591369629,2243200,0.04446835384461715
2007-11-14,15.557086668776043,15.608924512617143,15.182703095489954,15.234540939331055,2687800,-0.01687011957679191
2007-11-15,15.320936440380024,15.804755566814093,15.08478675945211,15.476449966430664,3350400,0.0157542315206846
2007-11-16,15.879627004631576,16.213692385593333,15.453405732272433,15.810510635375977,3725500,0.021355437425130634
2007-11-19,15.678048903604425,15.822042743603463,15.493736964179385,15.539814949035645,1807800,-0.017269512125417524
2007-11-20,15.539805452265341,15.822033074356682,15.482207731747994,15.724117279052734,3000000,0.011790229306337701
2007-11-21,15.62620393388025,15.666523113573893,15.332457600495207,15.482210159301758,1626600,-0.015504033014601536
2007-11-23,15.614684671934118,15.643482986318501,15.40733329289368,15.557086944580078,454200,0.004824653745971152
2007-11-26,15.52829023888447,16.127304950065053,15.52829023888447,15.637725830078125,2195200,0.0051700303956504065
2007-11-27,15.752923834171032,15.942995629085733,15.597410247808373,15.902677536010742,1844200,0.016801176279499494
2007-11-28,15.989074455259335,16.127308395389534,15.718366459827578,16.035152435302734,1758200,0.008295845971086018
2007-11-29,16.017869904072082,16.017869904072082,15.620447809542805,15.781720161437988,1625100,-0.01593102107127911
2007-11-30,15.937226695544508,16.104258857528016,15.764434652308465,15.994824409484863,1860300,0.013412877063654018
2007-12-03,15.850838002999687,16.190663463931955,15.499492774235863,15.603168487548828,1752800,-0.02479119369542887
2007-12-04,15.476451339658821,15.82779540178834,15.476451339658821,15.701081275939941,997300,0.006255579253710577
2007-12-05,15.8162780726921,15.977551520185921,15.545570130892045,15.59164810180664,1654000,-0.006994188261583784
2007-12-06,15.706842404864368,15.706842404864368,15.113587612401126,15.43613338470459,3073200,-0.010024308017737935
2007-12-07,15.4361284907764,15.683797899385475,15.35549234791207,15.41884994506836,1389800,-0.0011203014604919282
2007-12-10,15.430375366361671,15.476453336121995,15.24606238873492,15.36701774597168,1132700,-0.0033672754389765147
2007-12-11,15.41885386400707,15.67228211987481,15.050229048824786,15.067508697509766,1452600,-0.01968282427162968
2007-12-12,15.407336143508276,15.608927677252582,14.963834988987896,15.102068901062012,1799700,0.002291064139460536
2007-12-13,15.055990356650057,15.17694571172173,15.009912387714522,15.159666061401367,1758100,0.0038066046087905548
2007-12-14,15.194228318641116,15.194228318641116,14.733448506308346,14.808324813842773,2301500,-0.023448842304441456
2007-12-17,14.716164465616933,15.148145822908061,14.687366147898352,14.883197784423828,1627500,0.005043401128269733
2007-12-18,14.986871900868866,15.044469628799638,14.658566279824342,14.871676445007324,1979600,-0.0007744169848251649
2007-12-19,14.90623461928911,15.004150427044474,14.773760614262818,14.888956069946289,1379300,0.0011612405665136095
2007-12-20,14.975352112416248,15.073267920171611,14.543370801481164,14.888956069946289,3030200,0.0
2007-12-21,15.038712990116792,15.228784764278615,14.837121448166853,14.94655704498291,1640200,0.0038612405545020148
2007-12-24,14.871674918799378,15.292136421949095,14.871674918799378,15.246058464050293,396300,0.01984003295318618
2007-12-26,15.34397412913132,15.781715274674593,15.22877978467372,15.545565605163574,1583100,0.019454419597806496
2007-12-27,15.534043942557808,15.614681182266255,15.194218635559084,15.194218635559082,1156000,-0.022860425294612685
2007-12-28,15.418851320196135,15.418851320196135,14.92351245880127,14.92351245880127,776500,-0.017977016016469338
2007-12-31,14.871678117293957,14.946555501599338,14.733444213867188,14.733444213867188,1243500,-0.012817960344183102
2008-01-02,14.69888806578456,14.842881872623549,14.3245043877203,14.399380683898926,1622100,-0.02293482862080646
2008-01-03,14.410895648680556,14.52608999660394,14.197784402215243,14.21506404876709,1156800,-0.012882946784699301
2008-01-04,14.082590747049908,14.105629178333825,13.633329801868408,13.6736478805542,3502600,-0.038831782669646
2008-01-07,13.783086891964802,13.800365445095963,13.47781963648315,13.633333206176758,1518300,-0.0029527030864036343
2008-01-08,13.679406773449413,13.794602217291477,13.391419262429427,13.489335060119629,3185600,-0.010618387366991437
2008-01-09,13.33958522874433,13.39718296709973,12.792408362246249,13.120715141296387,3651400,-0.02770708793555435
2008-01-10,13.086161835764534,13.685176831417925,12.97672729118577,13.414468765258789,2895600,0.022141593287019735
2008-01-11,13.24742337179962,13.264703015166477,12.798162531526252,12.867280006408691,2362000,-0.04164622747981504
2008-01-14,12.942159939487496,13.05159551472137,12.896081976007755,12.96519947052002,1764400,0.007581148621996626
2008-01-15,12.763608229592895,12.826965842643935,12.515938758850096,12.515938758850098,2529800,-0.03526587141466425
2008-01-16,12.556260725848318,13.449023073356967,12.49866407643574,13.293509483337402,4032200,0.06027297457529966
2008-01-17,13.247431860910273,13.414465224738539,12.746332868011178,12.87880802154541,2585200,-0.03169273585845683
2008-01-18,12.942161829398419,13.247429068644918,12.838487220368643,13.149513244628906,3338600,0.020801570838512546
2008-01-22,12.567775039390204,13.892518273925225,12.423781281196302,13.846440315246582,3549100,0.051643440328020526
2008-01-23,13.49510259601955,14.399383717718548,13.379907086843483,14.318747520446777,3432500,0.03354151140225407
2008-01-24,14.341783090341059,14.428179155624294,13.921321433666556,14.23234748840332,1911200,-0.006052327993547437
2008-01-25,14.272665571478921,14.364821513784095,13.685170615344315,13.79460620880127,2105100,-0.031239704732867517
2008-01-28,13.788847546287883,14.168991116610368,13.59301587689926,14.151711463928223,1673800,0.02555790696459918
2008-01-29,14.238106662760325,14.238106662760325,13.869482883349734,14.18626880645752,2199300,0.0024389430248567914
2008-01-30,14.221050736244836,14.609477349027253,13.989153392793225,14.244239807128906,1722500,0.004078089618540429
2008-01-31,13.989148534827645,15.25878151567316,13.989148534827645,15.055871963500977,3090500,0.05541547785563639
2008-02-01,15.050081718807593,15.397926676084046,14.91674150201169,15.148637771606445,2080200,0.006142533058507392
2008-02-04,15.096459050568424,15.148634733214706,14.812384933302441,14.916738510131836,1357700,-0.015426639484261689
2008-02-05,15.745771675277515,15.745771675277515,14.812387943684135,14.829780578613281,2440200,-0.0058466121003925816
2008-02-06,14.899348256231557,14.899348256231557,14.313809551863717,14.348593711853027,2350700,-0.03298542203305874
2008-02-07,14.19786284904819,15.084867345208325,13.977561664166991,14.85876750946045,2530000,0.034938157476516296
2008-02-08,15.01530012431447,15.29357569544828,14.876162338747564,14.997908592224121,2135600,0.009320668490369369
2008-02-11,15.647212477677266,15.647212477677266,15.119648154303384,15.310962677001953,2986100,0.020658322464637308
2008-02-12,15.3921328421361,15.815344880171837,15.3921328421361,15.618232727050781,1966800,0.019869909675536798
2008-02-13,15.705186528796006,15.902298591776256,15.51387200952322,15.716781616210938,1536800,0.006290037910996556
2008-02-14,15.751564415622381,15.751564415622381,15.281974473458806,15.299365997314453,1926000,-0.02691764479166267
2008-02-15,15.276180103649063,15.531266528949185,15.229800854118908,15.519671440124512,1392400,0.014296954980126985
2008-02-19,15.658810670483543,15.7341765434386,15.084866988573285,15.148637771606445,1709700,-0.024197732588807686
2008-02-20,15.148640876410306,16.024050441098453,15.131249343731598,15.879115104675293,3454800,0.04709411853230464
2008-02-21,16.16898275483971,16.16898275483971,15.450103753262669,15.49068546295166,1507700,-0.024765824963830462
2008-02-22,15.525466765399855,15.57184600830078,15.206608502908667,15.571846008300781,1542300,0.005225635271453653
2008-02-25,15.61243337576989,15.867519857219259,15.380537077074452,15.850127220153809,1317000,0.017712986112171095
2008-02-26,15.803744934516102,16.221158192246946,15.681998709905919,16.134197235107422,1637900,0.017763544452274366
2008-02-27,16.0704284643712,16.186377166869534,15.670407762866384,15.693596839904785,1432800,-0.027688286680493824
2008-02-28,15.710990006075974,15.73997662979229,15.426916891734583,15.513877868652344,1487500,-0.011517814864583276
2008-02-29,15.35734417970083,15.397925886578065,14.88195657496422,14.93993091583252,1918100,-0.03769741412001705
2008-03-03,14.905143278829836,15.050078555080308,14.725423845894403,15.038484573364258,1938500,0.006574998108988003
2008-03-04,15.050081403532056,15.264586139519066,14.835577773313661,15.160232543945312,1635000,0.008063165711584172
2008-03-05,15.177622338380907,15.65300986857773,15.067471218579465,15.438505172729492,2214000,0.01818900526504891
2008-03-06,15.38633417314915,15.467497598878632,15.026894091348066,15.044286727905273,1179800,-0.025866424959096617
2008-03-07,15.032690843435967,15.363143180200305,14.858767804349847,15.003703117370605,1731300,-0.0027012545878176805
2008-03-10,14.974718994049255,15.241400589475269,14.644266602183285,14.661659240722656,1979800,-0.02306117357572145
2008-03-11,15.038481808727955,15.397920608520508,14.823977152773148,15.397920608520508,1823800,0.048996603332714994
2008-03-12,15.40372260945508,15.519671285005831,15.195015435771138,15.287775039672852,1485800,-0.007178982882776249
2008-03-13,15.038486613906334,15.774757076777814,15.026891524848565,15.664607048034668,2209500,0.024350347381293887
2008-03-14,15.861715037159918,15.861715037159918,15.0500767052997,15.316758155822754,1410400,-0.022456306088179105
2008-03-17,15.12544806430689,15.403723576170638,15.055878633456658,15.17182731628418,1775500,-0.009507291267678502
2008-03-18,15.46750312808207,15.65881777552606,15.247200742680423,15.641425132751465,1511600,0.03048260996106723
2008-03-19,15.687798666567446,16.14579480676675,15.676204681396484,15.676204681396484,1973700,0.002221085257686882
2008-03-20,15.70518671447932,16.082018213772724,15.70518671447932,16.070423126220703,2306700,0.0248365723534837
2008-03-24,16.08782044311991,16.795104403263213,16.03564363970775,16.505233764648438,1633500,0.026697018870429193
2008-03-25,16.505231684295357,16.853076627943743,16.348702399556885,16.708141326904297,2123700,0.012218576768582066
2008-03-26,16.580598855380597,16.626978108028812,16.024046717833446,16.26753807067871,1739400,-0.02672451256104508
2008-03-27,16.418273629323657,16.621183307828627,16.244351679615846,16.348705291748047,1569800,0.004977114483805188
2008-03-28,16.319718994378174,16.545818875752435,16.27333973000351,16.331314086914062,1555200,-0.0010643326905170048
2008-03-31,16.424072668138674,16.505236104611434,16.076227631332877,16.17478370666504,1628400,-0.00963090624702909
2008-04-01,16.31971771672024,16.986420004573766,16.31971771672024,16.96902847290039,2066300,0.04793635970433371
2008-04-02,16.91105219133735,17.22990943435414,16.853077845579207,17.1313533782959,2243000,0.00952048761165461
2008-04-03,16.992216027025666,17.600945013703296,16.88206598373997,17.46760368347168,2443900,0.019437631683082872
2008-04-04,17.537175957471096,17.856033259844835,17.380645526515746,17.583555221557617,1425000,0.006616155623669977
2008-04-07,17.745881122945416,17.8328420947144,17.38064349343943,17.548768997192383,1535700,-0.001980298002302391
2008-04-08,17.374843770578313,17.450210747563993,17.096568253481816,17.24730110168457,1751900,-0.017328131478445582
2008-04-09,17.35745080736043,17.380639878984372,17.003808342504996,17.02699851989746,1185100,-0.012855440851492572
2008-04-10,16.957423728647612,17.734276733224885,16.91104449430426,17.618328094482422,2213600,0.034139496688522626
2008-04-11,17.542967152521385,17.670509806142103,17.055984503033585,17.212514877319336,1378500,-0.023303000813553024
2008-04-14,17.386441019424105,17.902410409672253,17.166139817472715,17.629932403564453,1920000,0.023961433844704415
2008-04-15,17.780663524822888,17.780663524822888,17.392236857442594,17.50238800048828,1426600,-0.007260833440587651
2008-04-16,17.629935861560334,17.80965538570059,17.53717732614801,17.722694396972656,1689500,0.012508658832330759
2008-04-17,17.676304839608363,17.87921443236928,17.519774487555512,17.792253494262695,1428300,0.003917177997703043
2008-04-18,17.960382119636876,18.418378198635843,17.844434543039785,18.290834426879883,2461800,0.027636917768623964
2008-04-21,19.015512923444355,20.331525851641548,18.847387426941594,20.088035583496094,8959400,0.09372430984499233
2008-04-22,20.082230210561914,20.4764543131141,19.57785610141358,19.815549850463867,3073000,-0.01365741777372401
2008-04-23,19.856145006532007,19.856145006532007,19.49090726747314,19.659032821655273,2685500,-0.007930057188077839
2008-04-24,19.647422496000846,19.94309164987648,19.59524571658376,19.74018096923828,3758700,0.00411928333192062
2008-04-25,19.8155499288477,20.319924039991175,19.6300329635642,20.285140991210938,2194400,0.027232445545390713
2008-04-28,20.14600029842871,20.615591317365354,20.064836910065047,20.453262329101562,2747000,0.00825374971119358
2008-04-29,20.49991806242625,20.983847800825757,20.412460184067275,20.861406326293945,2715900,0.019758467806908604
2008-04-30,20.92554327012205,21.047982529067422,20.651510641309294,20.733139038085938,3586700,-0.006167524788353053
2008-05-01,20.74479274743237,21.10628090605166,20.69814796611603,21.065467834472656,3280100,0.015901764394269626
2008-05-02,21.228720097694765,21.36865221734597,20.66316435765011,20.820587158203125,2374900,-0.011692839842007387
2008-05-05,20.873063299447058,20.948859963737373,20.581540062795156,20.79143714904785,3321600,-0.001401038012871857
2008-05-06,20.715631156165696,20.98966358694379,20.564040119994807,20.890546798706055,2761100,0.004755523948323705
2008-05-07,20.902216813977102,20.989674681474966,20.243375848971453,20.301679611206055,3000400,-0.028593128274117967
2008-05-08,20.359985668768775,20.663170159689994,19.992667921817674,20.645679473876953,3308100,0.016802448976199463
2008-05-09,20.394965622763195,20.79726689365063,20.23754280611703,20.744794845581055,2348000,0.004789293323509437
2008-05-12,20.750625043486764,21.088790857249027,20.628185812166592,21.05963897705078,2478500,0.015062999575704367
2008-05-13,21.17624367676983,21.654341515381567,21.088785832865945,21.531902313232422,3135000,0.022177299901595667
2008-05-14,21.64268937371417,21.77678982608357,21.281201101059867,21.333675384521484,2646700,-0.009248835657838695
2008-05-15,21.362827012923674,21.747637678963265,21.25204895990264,21.683502197265625,1916000,0.01626487577700206
2008-05-16,21.636856746391583,21.68349931150753,20.73896457041349,21.141265869140625,2542800,-0.025324845059118636
2008-05-19,21.117946838983766,21.21123419839896,20.692323122642822,20.75645637512207,2325100,-0.018369510042664242
2008-05-20,20.616523075669047,20.680658541803254,20.45910026537938,20.59320068359375,1938100,-0.007896391478447992
2008-05-21,20.6106890265337,20.756450624243683,19.864390357985126,20.07428741455078,2499400,-0.025521194368272646
2008-05-22,20.062629662918976,20.418288378231594,19.940190433624885,20.033477783203125,2242100,-0.002034999717881294
2008-05-23,19.928519699652398,20.13841669178881,19.730283898650764,20.004316329956055,1325500,-0.001456696556322894
2008-05-27,20.03930921507838,20.47076463885834,19.986834936836846,20.3366641998291,2259300,0.016477308428885503
2008-05-28,20.42411290352426,20.587367393741253,20.3016737039705,20.389131546020508,1749600,0.0025766163316329
2008-05-29,20.31917307933944,20.896390190799032,20.266698796479474,20.81476402282715,2858900,0.020660552174641956
2008-05-30,20.74479564394129,21.147096930311225,20.651506068282973,21.129606246948242,2829600,0.01501265296529569
2008-06-02,21.18208143455172,21.1995721186689,20.843913380646264,21.094623565673828,2370100,-0.0016569959681347012
2008-06-03,21.22288699391515,21.712645992979198,21.13542915602524,21.601865768432617,3503600,0.023761488428831905
2008-06-04,21.601870627347587,23.001183003462664,21.461940724223506,22.622201919555664,5134100,0.04615212074621459
2008-06-05,22.587224693671363,22.913729343538098,22.330682784037656,22.907899856567383,3152400,0.012550013099442548
2008-06-06,22.77379916235581,22.7854603603141,21.730145298622777,21.870075225830078,2716300,-0.04636254860951107
2008-06-09,22.033323205194545,22.505589348924158,21.82925563797403,22.412302017211914,1877800,0.024490730940304174
2008-06-10,22.27238167675388,23.10613853430999,22.13244950714356,22.785463333129883,2850100,0.016512754211522828
2008-06-11,22.668860468173264,22.738825462218916,21.770967852023684,21.840932846069336,2476200,-0.04233689681923607
2008-06-12,22.091631231743914,22.58722208455991,21.969192002187178,22.074140548706055,1231000,0.010620949794502687
2008-06-13,22.266548672116187,23.071153596329772,22.004179483568198,22.73881721496582,1745700,0.029666661064496832
2008-06-16,22.581384800112946,22.960365816121616,22.25487804441093,22.88456916809082,1318200,0.006389374420843812
2008-06-17,22.972034410721026,23.012847490314073,22.470614033839542,22.66884994506836,2059000,-0.009471115001123
2008-06-18,22.54640479560259,22.56972718702692,21.957528869085113,22.044986724853516,1779800,-0.02790651634966377
2008-06-19,21.963364805947332,22.348177705038992,21.922551721039973,22.155771255493164,1369500,0.005012799222721866
2008-06-20,22.155770742737687,22.155770742737687,21.60770774084683,21.683502197265625,2291300,-0.02154631185896103
2008-06-23,21.829254979043974,21.92254230794028,21.47359856672674,21.531902313232422,1616200,-0.0070160401191633045
2008-06-24,21.450283153816034,22.1732596318285,21.351164083549726,21.811771392822266,1967700,0.012914132340044194
2008-06-25,21.986681073187437,22.639694697903558,21.92254560788981,22.289865493774414,2861900,0.02168231679391168
2008-06-26,22.00417376301345,22.074138713493962,21.397804927793874,21.421127319335938,1993000,-0.039754420082141514
2008-06-27,21.555228749534926,21.555228749534926,20.272526068211903,20.488252639770508,4840700,-0.04452601299147109
2008-06-30,20.161749082067935,21.152926354937815,20.161749082067935,20.8264217376709,3643400,0.01637077650840553
2008-07-01,20.744792759878457,20.972180508568073,20.167575823543164,20.61652183532715,2763700,-0.01012967125726648
2008-07-02,20.65149822019709,20.87888813823153,20.07428364711559,20.103435516357422,3155100,-0.025202063510314423
2008-07-03,20.371648759059074,20.604868304238554,20.004330977999057,20.342496871948242,1158200,0.011821418147898586
2008-07-07,20.48242223500678,20.814758530715327,20.109272866081092,20.27835464477539,2352600,-0.0031580963021924442
2008-07-08,20.365816108193272,20.908049575994504,20.080122320928055,20.902217864990234,1561400,0.03030122776558919
2008-07-09,20.791434208386452,21.071296209092164,20.06845570512092,20.07428741455078,2500100,-0.04041550824180358
2008-07-10,19.835240195862262,20.319167585486433,19.677817389846016,19.94601821899414,2264900,-0.006410227645778621
2008-07-11,19.823579493149854,20.54072636673985,19.66615668321853,20.319168090820312,2418700,0.018535146064624364
2008-07-14,20.459096485173326,20.62818046025917,20.150082631781842,20.389131546020508,2170600,0.0034373100674686325
2008-07-15,20.185063029145375,22.179082605386576,19.98682719085409,21.601865768432617,4451800,0.057777697600635
2008-07-16,21.479426280080876,21.5435617304344,20.84973519385915,21.211225509643555,3826200,-0.01824914241648074
2008-07-17,21.368659826819076,22.231568570207937,21.094627199663435,22.14994239807129,2883800,0.043304349237784756
2008-07-18,22.284042855745263,23.31020394340742,21.741809313241678,22.14994239807129,3791400,0.0
2008-07-21,22.552237774241284,22.552237774241284,20.90804689680601,21.776784896850586,5063300,-0.016990406565392396
2008-07-22,21.730144871307107,22.73298563453866,21.485264167290687,22.581392288208008,3714600,0.03628172767627736
2008-07-23,22.563901716209767,23.47928461311187,22.301530326364503,23.2169132232666,3611500,0.02775481425168764
2008-07-24,23.17609413849965,23.601717738799795,22.797113093117563,23.234397888183594,2746200,0.0007528168882381282
2008-07-25,23.31019720811464,24.10897023569817,23.2518934517624,23.5609073638916,3837800,0.013955022740376601
2008-07-28,22.482279859735446,23.06532651583095,22.12662104365375,22.24323081970215,3417800,-0.05755114143872788
2008-07-29,22.28403265433276,23.100296226168116,21.893390435465655,23.02450180053711,2630700,0.03452121507822138
2008-07-30,23.04208769357324,23.710143800154466,22.989346304344842,23.223752975463867,2637400,0.008616645479927463
2008-07-31,23.241326172997802,23.464012224539225,22.620150233631538,22.690473556518555,2848400,-0.023230420771080316
2008-08-01,22.866281771864955,22.942464268515206,22.268546825657012,22.713916778564453,1772400,0.0010326412911222632
2008-08-04,22.585001586681987,22.672902429042143,21.99312563163687,22.297853469848633,1978300,-0.018487393704256394
2008-08-05,22.37989264669329,23.546062469482422,22.37989264669329,23.546062469482422,2520200,0.05446819085945093
2008-08-06,23.505047770142024,23.505047770142024,23.088977908677602,23.405424118041992,1866800,-0.005990812316534889
2008-08-07,23.21201994363115,23.21201994363115,22.42089953037344,22.678747177124023,2145000,-0.031539557188593734
2008-08-08,22.93660558268779,23.950410329169202,22.708060301202146,23.90938949584961,1668000,0.05284300949104295
2008-08-11,23.997291105603633,24.425081366791044,23.628101392618696,23.798046112060547,1953800,-0.0046677665455323826
2008-08-12,23.87422908966097,24.120354079585514,23.387836035094377,23.66912269592285,1605400,-0.005432122302522031
2008-08-13,23.45229120599809,23.45229120599809,22.614290626336864,23.10068130493164,1368200,-0.024309248060124227
2008-08-14,22.836979267899533,23.28821057247748,22.831117872709005,23.182727813720703,1396000,0.0035453998006701602
2008-08-15,23.2882212806988,23.61052886489354,22.825269208335797,23.25891876220703,1181900,0.003281150538769426
2008-08-18,23.282345256580978,23.44056936807149,22.47364498745178,22.555688858032227,1206900,-0.03070134950211654
2008-08-19,21.17856055727964,22.063443573988778,21.09651889702159,21.85247802734375,2167500,-0.03167298567663645
2008-08-20,21.875917168964182,22.028279919217212,21.48328638465456,21.682531356811523,1263300,-0.007807396217429028
2008-08-21,21.366091673711885,21.65909897226131,21.06722521279751,21.28404998779297,2423400,-0.01854896441574012
2008-08-22,21.389529197383297,21.612215332766517,21.10824250633139,21.459850311279297,1912400,0.008225796594630805
2008-08-25,21.442265282592192,21.442265282592192,20.9265720256148,21.03791618347168,1516400,-0.019857419679816014
2008-08-26,21.049636883555145,21.049636883555145,20.66286745595429,20.908994674682617,1857900,-0.006146908656079205
2008-08-27,20.92071315217697,21.301621145863045,20.774209561805236,21.196138381958008,1503300,0.013639579692826186
2008-08-28,21.389526511212317,21.723554554604796,21.196140677949497,21.571191787719727,1276500,0.01753969767926142
2008-08-29,21.348505973709113,22.00484151275913,21.34264457751704,21.916940689086914,2250100,0.01590117426457933
2008-09-02,22.057577841360747,22.81353682305766,21.93451537516836,22.280263900756836,3725700,0.01644137449095337
2008-09-03,22.291990740249933,22.702201312017944,22.280270182717388,22.47365379333496,1835800,0.00864242087643033
2008-09-04,22.403321862486788,22.44434267630318,21.752845764160153,21.752845764160156,1666800,-0.03259909189568141
2008-09-05,21.612214161181534,21.764576938941357,21.243024421172247,21.694255828857422,2213300,-0.0026970715500324407
2008-09-08,22.2275194640852,22.344722754760156,21.881770986100847,22.32714080810547,2174300,0.028755497868012646
2008-09-09,22.432628270361732,22.731496836296376,22.028279179619492,22.104461669921875,2575700,-0.010023541361008142
2008-09-10,22.43263357038443,22.79010276072119,22.127905772646006,22.526395797729492,2695000,0.01890829451301869
2008-09-11,22.18650576345527,22.520533795956872,21.81731606183387,22.456071853637695,2373400,-0.0031267293706499
2008-09-12,22.186506372016186,22.415051638894806,21.946240548442816,22.198226928710938,1715200,-0.01154862119423905
2008-09-15,21.98139136812539,22.43848395820678,21.653224851157635,21.95795249938965,2734700,-0.010883043050814762
2008-09-16,21.41296726686728,22.549834427531046,19.47325874788233,22.333009719848633,3272500,0.01693646590013111
2008-09-17,22.022419940935077,22.157202970699743,21.43640560171446,21.46570587158203,3201800,-0.03960925455629039
2008-09-18,21.922798764810132,22.198226250047146,20.55738636589658,21.664953231811523,4998800,0.009239310586161942
2008-09-19,21.143399910955893,24.319596778662913,20.973455204183168,21.418825149536133,4627000,-0.01142568127063139
2008-09-22,21.22543769967227,22.262683231933046,21.201996592222216,21.248876571655273,2039900,-0.007966188464399003
2008-09-23,21.47742412077312,21.635646008164517,21.172696428838357,21.260597229003906,1680100,0.0005514374372451731
2008-09-24,21.295759116310023,21.530165723506116,20.90312838457663,21.12581443786621,1482300,-0.0063597384220754425
2008-09-25,21.260600975296263,21.858335910709435,20.985175737018224,21.108238220214844,2108100,-0.0008323245135076827
2008-09-26,20.785932082890792,21.084798451905463,20.53980486534848,20.897274017333984,1547200,-0.010044680586916934
2008-09-29,20.393303008932406,20.985178872592822,19.47326047438015,19.92449188232422,3056300,-0.047668997834786626
2008-09-30,19.99481406241087,20.6745907912359,19.473261516433205,20.346424102783203,2534700,0.020955453846482865
2008-10-01,20.30540294464526,20.340562383297264,19.783848171472517,20.14131736755371,1484700,-0.010131881027725175
2008-10-02,20.106156922277332,20.117877479730495,19.02789022673165,19.250574111938477,2445300,-0.04523241136952831
2008-10-03,19.46154138757963,19.8307311557021,19.180254690356588,19.24471664428711,2421500,-0.00030432126015964906
2008-10-06,18.816921451946932,19.186111124573266,17.914458801290287,18.588375091552734,2622400,-0.03470017277520552
2008-10-07,18.711437645778393,18.934123716038616,17.87343697906987,17.879297256469727,3127600,-0.03889292460696708
2008-10-08,18.01408091787432,19.61390093690189,17.609730704912746,18.635255813598633,4744000,0.04141179478125974
2008-10-09,18.14300598251875,18.635258186794886,16.601788543279913,16.84205436706543,4895700,-0.10117626575752259
2008-10-10,16.191571174914863,18.072677259218473,15.834103287970358,17.580425262451172,4793700,0.04290708742523197
2008-10-13,17.93203926291244,18.166444778442383,17.58629070835565,18.166444778442383,2798400,0.03279011680329471
2008-10-14,20.510498242987058,20.510498242987058,17.058874753484798,17.568706512451172,2831200,-0.03345691850464275
2008-10-15,17.310863825257687,17.644891814144916,16.467002878040628,16.70140838623047,2207300,-0.05062623001958605
2008-10-16,16.660381987688407,17.69176699637067,16.384954629702474,17.63316535949707,3912400,0.05428847385275638
2008-10-17,17.521827253228054,18.195743471095756,17.193659559939476,17.6507511138916,2646500,0.0009968142773464528
2008-10-20,18.16644592646963,18.16644592646963,16.039214201721354,16.918235778808594,3680700,-0.042386258151853026
2008-10-21,16.578348813137875,17.392908515714364,16.508026589514735,17.111621856689453,3299800,0.011365793049686204
2008-10-22,16.877222096791748,16.877222096791748,15.418045698479764,15.804815292358398,3353200,-0.0794432144589717
2008-10-23,15.828249160358835,16.021633868654156,15.013689497801845,15.922011375427246,3048600,0.0073878561727259385
2008-10-24,14.714821237480415,15.640723900460946,14.673800410280915,15.300835609436035,2335500,-0.039795073210399406
2008-10-27,15.154333730159644,15.611424276625076,14.791004286657584,15.207075119018555,1945400,-0.006146653990940805
2008-10-28,15.400453362866399,16.68968391418457,14.562452889756237,16.68968391418457,2933700,0.09303001094764489
2008-10-29,16.701402222117398,17.510101206333097,16.349793530736704,16.894786834716797,2276500,0.012214304163862872
2008-10-30,17.278361105876293,17.425888092733203,15.9152109369285,16.676450729370117,3668000,-0.013007514743971422
2008-10-31,16.351892891733513,17.467197828392685,16.351892891733513,17.166242599487305,2726700,0.028947227474510857
2008-11-03,17.231157523677325,17.355079688397574,15.903414256030535,16.003732681274414,2910600,-0.07012282814302107
2008-11-04,16.12175793338874,16.70596499204039,15.89751728356433,16.664657592773438,2606300,0.040468177449428606
2008-11-05,16.42860873896651,16.88299222244679,16.399103785718935,16.5820369720459,2389000,-0.004970165719464392
2008-11-06,16.517127940886276,16.664654986938004,16.210271414968595,16.399106979370117,2648400,-0.01109311847078308
2008-11-07,16.546629441468998,16.599738127836115,15.932916559652003,16.36369514465332,1797900,-0.0021617106114843803
2008-11-10,16.564327661447095,16.68825089890969,15.63195727577323,15.838495254516602,2208700,-0.032621784943120784
2008-11-11,15.567052007804344,15.950623193566848,15.118570818512008,15.572953224182129,1659200,-0.016907743455320808
2008-11-12,15.289696996957268,15.366411661274848,14.723193901419453,14.788105010986328,2224300,-0.05171249971647368
2008-11-13,14.723196503870577,16.198466649527276,14.552064626714337,16.168960571289062,4145000,0.08927024807359069
2008-11-14,16.16305846482203,16.493519769626005,15.63786268208754,15.897510528564453,2631500,-0.01693086378011855
2008-11-17,15.466728932927436,15.537542382640462,14.752698848900614,14.788105010986328,2016300,-0.07233938429347214
2008-11-18,15.006447302184608,15.053655899308744,14.239306191990226,14.670085906982422,2209100,-0.00801269404263158
2008-11-19,14.528460951979852,14.664185535832376,13.513474367067895,13.63149642944336,2845300,-0.07342741902484237
2008-11-20,13.607894989612973,14.221608067468809,13.112204003819285,13.295138359069824,2925200,-0.024984597585494466
2008-11-21,13.436764265944236,14.46355242041439,12.94697449469338,14.422245025634766,3238500,0.08137337657205725
2008-11-24,14.593366478679787,15.637857615991,14.369125996783024,15.413617134094238,2326300,0.06647954014280573
2008-11-25,15.70278130617615,16.02143918428547,14.799915254705724,15.443133354187012,2287900,0.0019131132493316206
2008-11-26,15.047759267309765,16.18666828605955,14.97694578728391,16.104053497314453,2171100,0.04190654886623884
2008-11-28,16.04503563704307,16.168957767529598,15.637860832295797,15.814892768859863,834700,-0.01811893393055629
2008-12-01,15.596556895210488,15.696875314865952,15.047756195068358,15.04775619506836,2247700,-0.04972318633945848
2008-12-02,15.195286474594274,15.584757804870604,14.817617578700158,15.584757804870605,2110400,0.035064482775991876
2008-12-03,15.301501765064515,16.10404906529071,15.195282137029663,15.99782943725586,1796400,0.026159680038425993
2008-12-04,15.685075566820345,16.31649114687925,15.631965739942302,15.915217399597168,1598000,-0.005177332181034775
2008-12-05,15.614258214326258,16.540728783541752,15.543445879756238,16.428607940673828,1796100,0.03174848109670096
2008-12-08,16.705964361232272,17.160347987095903,16.02143887640438,16.882997512817383,2126100,0.027282849395020903
2008-12-09,16.74136605427025,17.042320172538847,16.523025578177375,16.564332962036133,1562000,-0.019055284147297003
2008-12-10,16.59973913026624,16.818079606359117,16.340092395856402,16.564332962036133,1469200,0.0
2008-12-11,16.682359449860108,16.729568061873387,16.02733897332653,16.151262283325195,1524200,-0.025253560456437594
2008-12-12,15.93291903051391,16.139457094906728,15.667369929788585,15.956523895263672,1594700,-0.012130439321623927
2008-12-15,16.14535270460232,16.263373610742537,15.749980361672492,16.115846633911133,1876300,0.009935283646141851
2008-12-16,16.174860626272753,17.083627511046704,16.086344648993375,17.036418914794922,2688700,0.05555029083544332
2008-12-17,17.113130080390533,17.431788904906032,16.729560148524573,17.08952522277832,1881600,0.0031123740130853715
2008-12-18,17.40227993340772,17.46129094206456,16.652842712210976,16.894786834716797,1816300,-0.011460612722166759
2008-12-19,17.071827484151747,17.46129873944828,16.812179605440097,17.21345329284668,2285100,0.018686143250611836
2008-12-22,17.213450131573985,17.384580863573778,16.75906670866218,17.00101089477539,2349600,-0.012418439587212086
2008-12-23,16.888888039896287,17.52030329212217,16.7944697434916,17.107227325439453,1672300,0.006228218140666619
2008-12-24,17.40818456875684,17.508502965530663,17.042317143598904,17.189844131469727,472300,0.004817727130556407
2008-12-26,17.13084232816508,17.29017069490952,16.947907966409932,17.136743545532227,515200,-0.003093848348298454
2008-12-29,17.119037254901123,17.219355683596437,16.582038938220908,16.70005989074707,1683000,-0.025812597921197236
2008-12-30,16.753162732328928,17.136733763446383,16.60563575898882,17.12493133544922,1677200,0.02512306884288722
2008-12-31,17.166244689948368,17.301969282588278,17.006915233088364,17.21345329284668,1314800,0.005155871742597563
2009-01-02,17.3255791976252,17.65013829647502,16.942007921021695,17.467205047607422,1253400,0.014633879246117008
2009-01-05,17.4908062907551,17.549817334523862,17.006917757826937,17.36098289489746,1887500,-0.006099799521046175
2009-01-06,17.36688591564029,17.520314195158083,16.918403512174933,17.278369903564453,2099100,-0.004769901357427484
2009-01-07,16.900687723078637,17.549806554736385,16.770864406963625,17.473093032836914,3111700,0.011206732077902576
2009-01-08,17.30197222829998,17.372785707474588,16.552534544846175,17.054126739501953,2623200,-0.024269944768969414
2009-01-09,17.024619300721874,17.024619300721874,16.43451118718241,16.5112247467041,1683200,-0.03235177465582119
2009-01-12,16.46991965335654,16.60564426824909,15.927020068244286,16.05094337463379,2014300,-0.028272812210337582
2009-01-13,15.99782972002858,16.20436663870062,15.667368399069737,15.927016258239746,2181800,-0.007750822017965667
2009-01-14,15.7499855593201,15.779490514206698,15.378216824714434,15.620161056518555,1761500,-0.019454347791431646
2009-01-15,15.549349206538052,16.009632820366374,15.313306183351488,15.844403266906738,1743400,0.014253876502707022
2009-01-16,15.962424873074914,15.986029739136598,15.537547413842294,15.86800765991211,1464000,0.0014886536012012278
2009-01-20,15.673270476239997,15.90341339554832,15.224788195035753,15.248393058776855,1938200,-0.03983086107265668
2009-01-21,15.384115245784281,15.909311001031933,15.218885727571543,15.903410911560059,2419700,0.04205948465278435
2009-01-22,15.567051946943362,15.679172806599066,15.19528432093183,15.45493221282959,1904500,-0.028605419484309454
2009-01-23,15.171678377160129,15.490337284413876,15.035953787274357,15.248393058776855,1332900,-0.01345406516847476
2009-01-26,15.295606850623823,15.626067176333773,15.024156453205403,15.307409286499023,1128400,0.0038628539640482534
2009-01-27,15.319203808436388,15.525741842560286,15.165776712215846,15.378214836120605,1101200,0.004614908597133155
2009-01-28,15.466730070112314,15.738180334171984,15.37821409561913,15.708675384521484,1332700,0.021261245137444925
2009-01-29,15.419523794061044,15.65556792892697,14.923834037251414,15.04775619506836,1665800,-0.0429842419537602
2009-01-30,15.178605694463362,15.178605694463362,14.292394150381552,14.3518705368042,2414300,-0.047348605343695775
2009-02-02,13.364547032049606,13.412128820015862,12.894677017687744,13.043370246887207,6743000,-0.09560030708670308
2009-02-03,13.090953161370317,13.489451095294427,12.906573858939582,13.406183242797852,2746700,0.02743605893690788
2009-02-04,13.328860459263748,13.51323973869821,13.025526147293926,13.435919761657715,1881100,0.0022156632824221908
2009-02-05,13.406184465778077,14.018799952642048,13.31696760489075,13.87010669708252,4561000,0.03180422710898766
2009-02-06,13.798732690883316,14.13775308588816,13.685725514401915,14.000955581665039,2859600,0.00938965617005238
2009-02-09,14.018795241842017,15.160759106177425,14.018795241842017,14.910954475402832,5320800,0.0629705593968232
2009-02-10,14.744427866832424,14.940702973385426,14.369720123314988,14.411354064941406,3590100,-0.03407976988645608
2009-02-11,14.381615439857464,14.458935452845607,14.226974279441388,14.375667572021484,2872400,-0.0024793472316002687
2009-02-12,14.179386111979065,14.363765394444261,13.78683608637482,14.280497550964355,3410700,-0.0066422265889602315
2009-02-13,14.304289017162588,14.488669448761053,14.119909720003497,14.155595779418945,2154700,-0.008784791450944573
2009-02-17,13.959319920376503,14.185334263584728,12.894676991388195,13.983111381530762,3163800,-0.012259735835011396
2009-02-18,14.096116440357665,14.096116440357665,13.691670736869522,13.876049995422363,2935600,-0.0076859394079834215
2009-02-19,13.953373231246845,14.292394774636017,13.685726077336746,13.757098197937012,3623700,-0.008609408627398701
2009-02-20,13.679782442231593,14.006907220769925,13.560827358523243,13.798737525939941,5298400,0.0030221808631154938
2009-02-23,13.798733465657278,13.887949184966903,13.328862271152804,13.382391929626465,3189800,-0.030637296597554268
2009-02-24,13.507290442550863,13.70356656577083,13.299120859328134,13.602455139160156,3616300,0.016310493634405183
2009-02-25,13.519186100006419,13.947423261948732,13.186113634170619,13.673827171325684,4359600,0.00523327880559924
2009-02-26,13.757098281655555,13.959321181985937,13.36454821264703,13.429973602294922,2849000,-0.017994535237416523
2009-02-27,13.2753281124451,13.995003757715674,13.156374238503187,13.614348411560059,3298900,0.013635221894716583
2009-03-02,13.525135583456708,13.679776673287451,13.281278785688029,13.388338088989258,3455900,-0.016740230683926195
2009-03-03,13.560823325304547,13.661934776052458,13.156378656752313,13.227750778198242,5406600,-0.012067081699381544
2009-03-04,13.429968080121558,13.566765534555273,12.84709108210395,13.33480453491211,4462200,0.008060545010032718
2009-03-05,13.07311574498933,13.424032052768203,12.960109644439482,13.08501148223877,5132600,-0.018910085983927037
2009-03-06,13.049318430558747,13.29912310708603,12.745984099458523,13.126638412475586,3479300,0.0031762186203199345
2009-03-09,13.037423156503001,13.156378200708728,12.573499845427916,12.680559158325195,2772900,-0.034573586417082136
2009-03-10,12.841149960394073,13.346707268763828,12.680560968128468,13.293177604675293,2676500,0.04718089586665265
2009-03-11,13.275331441665049,13.459710729899475,13.02552676896966,13.12069034576416,2506300,-0.013060541614110513
2009-03-12,13.073111110035851,13.786839209797183,12.989843247691528,13.727361679077148,2145100,0.04520064397926702
2009-03-13,13.804681625147413,13.917688819664198,13.608406568586439,13.828473091125488,1957300,0.007338690094660028
2009-03-16,13.923633741522602,13.953371933266485,13.501345519675114,13.548927307128906,2430100,-0.020422355356579214
2009-03-17,13.513245356880697,13.792789459228516,13.376447806698426,13.792789459228516,1939000,0.01783857399005455
2009-03-18,13.87605432081693,14.238866221059112,13.60245927990213,14.096120834350586,2748500,0.021753688744555934
2009-03-19,14.191284425489604,14.191284425489604,13.84036825774967,14.096120834350586,1619800,0.0
2009-03-20,14.102066434515267,14.24481294420832,13.792785355352054,13.858209609985352,1973200,-0.017021832752036576
2009-03-23,13.923633377383398,14.16154230843042,13.780888018755185,14.14964771270752,2306400,0.02081191850189052
2009-03-24,13.95337323813004,14.096119748279794,13.602458231866722,13.632196426391602,2727400,-0.03725534795472947
2009-03-25,13.733313981446038,14.470832651049788,13.733313981446038,14.310243606567383,2839300,0.04854123774704714
2009-03-26,14.423243149571697,15.202395348462256,14.357817766078835,15.023963928222656,3335700,0.04867090457618416
2009-03-27,14.94664732613941,15.315407142908516,14.94664732613941,15.142922401428223,2385800,0.00788673305636823
2009-03-30,14.792002161675745,15.065597144477449,14.447033933460109,14.827688217163086,3388600,-0.021036996136116457
2009-03-31,15.15481124182099,15.20834088658977,14.720627353753452,14.910954475402832,2333100,0.005599884076345333
2009-04-01,14.827691340125629,15.077496050028618,14.726579882916337,15.012070655822754,2185200,0.006758445368608108
2009-04-02,15.136968255966881,15.993440273557981,15.136968255966881,15.684159278869629,2393500,0.0437966519944213
2009-04-03,15.75553403133635,15.904227256774902,15.51762509752252,15.904227256774902,1817200,0.013933699217258802
2009-04-06,15.832857123052417,16.02913215978929,15.612790622740443,15.957758903503418,1650800,0.0033602234856604696
2009-04-07,15.773382887803958,15.88044222733832,15.232139457437714,15.2797212600708,1380300,-0.0434186211519029
2009-04-08,15.261870851654775,15.64252510294221,15.261870851654775,15.529519081115723,1986900,0.016216128162592495
2009-04-09,15.791219829293004,15.975600242614746,15.624684145569189,15.975600242614746,1257900,0.02831990383770196
2009-04-13,15.928027093698772,15.963713168927825,15.660378693381178,15.874497413635254,915400,-0.006348688136322674
2009-04-14,15.654427814001409,15.761487153535771,15.24403405726624,15.2797212600708,1732000,-0.038187343863971844
2009-04-15,15.279719227822092,15.535471808373947,15.023966647270239,15.196450233459473,1508000,-0.0054646781242688215
2009-04-16,15.327300811413718,15.696059444046574,15.202397888822949,15.577105522155762,2055700,0.0247403782441698
2009-04-17,15.696059563809884,16.665540217312515,15.666321366720148,16.600114822387695,3413800,0.06360737079995991
2009-04-20,16.350302902661358,17.38520736047199,15.945857247656031,16.154027938842773,3410800,-0.02724018580033509
2009-04-21,15.6603709451174,15.82095990585354,15.470043792143894,15.737690925598145,3380700,-0.02611089536398942
2009-04-22,15.77932727626992,16.808284240394137,15.713901886658057,16.463315963745117,3578600,0.045076099651444976
2009-04-23,16.45737167653275,16.469267410765127,15.945866448936943,16.278940200805664,1977000,-0.011262370612200317
2009-04-24,16.43952608114813,16.802337990150797,16.267042493458675,16.50495147705078,1402600,0.013788165182108418
2009-04-27,16.397887247467967,16.617953700510288,16.159978335016255,16.296775817871094,1752700,-0.012693139744300835
2009-04-28,16.136185314880656,16.725011376065527,16.058865351231617,16.48115348815918,1479800,0.011250229582847633
2009-04-29,16.648906220727003,17.33187643679987,16.6189506850389,17.128183364868164,1735800,0.03850774154675013
2009-04-30,17.28993441475194,17.307906587849523,15.81615565836623,15.97192096710205,4806600,-0.06989301581897413
2009-05-01,15.947960470198804,16.21156229155392,15.474673356184809,16.085752487182617,4400400,0.007101700543480134
2009-05-04,16.175614465649844,16.696829212325074,16.09773238026397,16.678855895996094,3812100,0.03620786169425099
2009-05-05,16.65489840703095,17.176113370668336,16.481160847609818,17.110212326049805,2799100,0.025533694087198744
2009-05-06,17.14615338686414,17.409755194073725,16.45119994755837,16.642911911010742,2330000,-0.027691082562791087
2009-05-07,16.8106582274692,16.876559250299852,15.738275400430165,15.86408519744873,3343300,-0.04792665304259029
2009-05-08,15.918012239821238,16.115714267861392,15.366842776393046,15.612472534179688,3020500,-0.015987645462509234
2009-05-11,15.354854854360402,15.522602417502908,15.055306369047438,15.223053932189941,2696800,-0.02525913134987082
2009-05-12,15.330895698759559,15.342877915644044,14.737789675222723,14.875581741333008,2185200,-0.02308992555238967
2009-05-13,14.731794031127139,14.767739528026528,14.012877237018905,14.078778266906738,3589300,-0.05505248317920379
2009-05-14,14.186613918923927,14.414270224406852,13.797201185955283,13.851119995117188,2606000,-0.016302480711502445
2009-05-15,13.803198106551214,13.98292678434698,13.455720682155155,13.737297058105469,4785200,-0.008251548657051931
2009-05-18,13.857111558378083,14.324407577514648,13.797202779223694,14.324407577514648,3342100,0.04185035911997283
2009-05-19,14.414271787437565,14.534091630276087,14.090760040072288,14.384317398071289,2239100,0.00417363763614808
2009-05-20,14.450220304167448,14.641931163478649,13.976933120391923,14.04882526397705,2480100,-0.023599762357059836
2009-05-21,13.881074200601235,13.893056411967198,13.341887258685187,13.527606964111328,2563300,-0.03780622351549606
2009-05-22,13.80918625331833,14.078780377190359,13.527611057141812,13.623466491699219,2116100,0.007061225483194527
2009-05-26,13.575542379002716,14.300450580843734,13.575542379002716,14.12671184539795,3039200,0.03627367913680665
2009-05-27,14.216574702213705,14.216574702213705,13.80918846864665,13.881080627441406,3658000,-0.01754065523272235
2009-05-28,14.078779398034033,14.324409074840107,13.76724868604546,14.23454475402832,3686100,0.025144932417828798
2009-05-29,14.264498550651096,15.223053932189941,14.234544159194515,15.223053932189941,4583800,0.06713924541147513
2009-06-01,15.306929395965547,15.750262225062352,15.235038388810953,15.588505744934082,4312300,0.02372284657411683
2009-06-02,15.696337761080981,15.870075251546643,15.438725935475457,15.58250904083252,2789600,-0.00038476156241668946
2009-06-03,15.73228713927642,15.73228713927642,15.079271326903823,15.306927680969238,3170300,-0.01784355436616046
2009-06-04,15.462692928115226,15.462692928115226,14.947470295869188,15.366837501525879,2733500,0.003906262982712941
2009-06-05,15.516611437903403,15.516611437903403,15.073279813127511,15.217062950134277,2411000,-0.009794417749748457
2009-06-08,15.270982913863927,15.282965128517557,14.929497795043682,15.199091911315918,2546200,-0.0011816773679245004
2009-06-09,15.276974161984482,15.330892985735849,15.013371150609675,15.24701976776123,2226700,0.0031483754996356346
2009-06-10,15.366832172832279,15.888046874023331,15.247013502488036,15.570525169372559,4205100,0.020995655954383557
2009-06-11,15.612472726383691,15.81017475685774,15.49864508101397,15.594500541687012,2403800,0.0015386078783638129
2009-06-12,15.270979119150002,15.36683452718598,14.821656465473882,15.031340599060059,3272700,-0.03678092805519951
2009-06-15,15.02535420096101,15.175128465780272,14.623959125537905,14.761751174926758,2734900,-0.018097939245676056
2009-06-16,14.929496563028797,15.00138870233099,14.546074867248535,14.546074867248535,2062800,-0.014718266773058472
2009-06-17,14.611979994109129,15.055311774421233,14.546080080706961,14.857609748840332,2227900,0.021190986345575955
2009-06-18,14.899541001560351,15.031341913463393,14.743775664209467,14.839631080627441,1492300,-0.0012107973607764185
2009-06-19,15.22904015769022,15.253003434637234,14.983410569879604,15.06129264831543,2265500,0.014826674275533344
2009-06-22,14.977423231569869,15.01336872737336,14.55805492401123,14.55805492401123,2377900,-0.03398360844905769
2009-06-23,14.707831608392896,14.707831608392896,14.228554442153026,14.360355377197266,2585200,-0.013673132431160268
2009-06-24,14.444231706181682,14.647924815256431,14.13270093433947,14.240538597106934,2019200,-0.00837858293043787
2009-06-25,14.258501709837706,14.665887668865011,14.096746461259723,14.617959976196289,2100400,0.026158179974518386
2009-06-26,14.65990352630615,14.827651101651707,14.480174879118454,14.659903526306152,2133500,0.0028652076201261083
2009-06-29,14.755758957164506,14.833642208916212,14.324409518301911,14.659903526306152,3039000,0.0
2009-06-30,14.749761655361917,14.8336348299688,14.432239984414533,14.522104263305664,2264400,-0.00944419508197334
2009-07-01,14.617967197540082,14.851615814574146,14.53409397960764,14.755759239196777,1518500,0.015961542860290265
2009-07-02,14.641931697411929,14.75575931009951,14.300446573975384,14.306436538696289,2073800,-0.030923919873108077
2009-07-06,14.246524172545442,14.378325074359893,13.9409846275929,14.120713233947754,2090700,-0.013066800490323063
2009-07-07,14.054814634898916,14.090761276516766,13.779230571949592,13.803194999694824,1577200,-0.022742656025479306
2009-07-08,13.779234069049641,13.911035027038412,13.65342421951769,13.881080627441406,2035600,0.005626719967939548
2009-07-09,13.964953860462705,14.000900511203632,13.73130634408217,13.881080627441406,2009400,0.0
2009-07-10,13.85111646784895,13.970935124495538,13.731296668516068,13.89305305480957,2014400,0.0008621279242542877
2009-07-13,13.934997866258486,14.252519722012815,13.73130477278393,14.192609786987305,2330800,0.02133245662113664
2009-07-14,14.192607093501888,14.330399118029394,13.98891403868438,14.294453620910645,2167100,0.007150211755163504
2009-07-15,14.42625299707439,14.695847053370462,14.31841537455596,14.671882629394531,1907900,0.0260613124981345
2009-07-16,14.617964715981687,14.881567682474468,14.558054795048777,14.839631080627441,2053200,0.01136846178444299
2009-07-17,14.91751377165008,15.336882092183862,14.91751377165008,15.205080032348633,3938400,0.024328207035907316
2009-07-20,15.858099046296688,16.085756573013345,15.534587222392725,15.846117973327637,5697300,0.04129496283621477
2009-07-21,15.846119812275301,16.037830714271983,15.534589025187133,15.804182052612305,2101400,-0.002649955622625251
2009-07-22,15.774230713740133,15.900041731769068,15.462699866198069,15.678375244140625,2294400,-0.007992201964239018
2009-07-23,15.666388434844892,15.941973686218262,15.546569704293555,15.941973686218262,2513200,0.01667309549011657
2009-07-24,15.894047288942572,15.965938304722272,15.546570998841778,15.87008285522461,2425600,-0.004519730013799679
2009-07-27,15.894043998098224,15.935980605734636,15.372829099520457,15.726296424865723,2096400,-0.009101512654914445
2009-07-28,15.636433463932796,15.702333363376681,15.492650306936653,15.588505744934082,1505900,-0.008800411286371684
2009-07-29,15.546572933926255,15.816165990687058,15.498645203211852,15.750266075134277,1884700,0.010323427333746202
2009-07-30,15.985699088467841,16.094363392248617,15.762334598648637,15.792518615722656,1917300,0.002679063771595964
2009-07-31,15.786476891027942,16.281501993201157,15.786476891027942,15.99776840209961,2434500,0.012912915083621843
2009-08-03,16.227176533770443,16.227176533770443,15.78044635163521,15.840815544128418,2404600,-0.009859366210837207
2009-08-04,15.840812170987608,15.91929244995117,15.786480024457857,15.919292449951172,1908300,0.004941863897378563
2009-08-05,15.877034508038367,16.070216128863912,15.641595954913367,15.798555374145508,1734000,-0.007613231493371789
2009-08-06,15.901179211520741,15.979658328480577,15.72610872926593,15.810626029968262,1702000,0.0007637436892258075
2009-08-07,16.00984787303478,16.34187668010996,15.92533054919384,16.28150749206543,1521000,0.02934770655432186
2009-08-10,16.37809622886801,16.37809622886801,15.99777233655979,16.15473175048828,2102100,-0.007816959677700143
2009-08-11,16.118512274574243,16.130585191095875,15.913257724902024,16.027957916259766,1517700,-0.00787842727094539
2009-08-12,16.040035746171387,16.221143353829845,15.883076280112764,15.937408447265625,1972100,-0.0056654887147033536
2009-08-13,16.033993470029266,16.287543116720496,15.870998173292783,16.245285034179688,1804700,0.019133636513945736
2009-08-14,16.305655980093448,16.31169301417296,15.961553097686817,16.064180374145508,1393600,-0.011210743014303633
2009-08-17,15.949471451527293,15.949471451527293,15.653663830855994,15.695921897888184,2021800,-0.023191045030420982
2009-08-18,15.76233632917079,15.877036527801971,15.635560910359262,15.750262260437012,1658300,0.003456089703254132
2009-08-19,15.653672412476286,15.822704773271578,15.526896990433217,15.762336730957031,1534500,0.000766326580312651
2009-08-20,15.744227350500282,15.810633586049944,15.587267890121725,15.653674125671387,1853000,-0.0069176853237611765
2009-08-21,15.701963152275857,16.305652618408203,15.701963152275857,16.305652618408203,2231600,0.040806176255742496
2009-08-24,16.32980216978467,16.52901967892163,16.281507050946814,16.45054054260254,2905100,0.008846502302568397
2009-08-25,16.516948586008578,16.81275636547378,16.4324312551281,16.770498275756836,2104700,0.0192629513184967
2009-08-26,16.734273941440705,16.903307430264064,16.6316466716991,16.80068016052246,2195100,0.001798083612386564
2009-08-27,16.728242116328783,17.07234623480152,16.673911099145506,16.96971893310547,2629500,0.010011145199091614
2009-08-28,17.060267624800424,17.144783797318713,16.951603316450345,17.10252571105957,2670700,0.00779563846866927
2009-08-31,17.150824146543766,17.174972287043413,16.836905228728657,17.138750076293945,3403000,0.002115831137441424
2009-09-01,17.072344560427783,17.356078295432305,16.698056452289745,16.830867767333984,4244600,-0.018127418522028656
2009-09-02,16.81275359262808,16.903306791579407,16.679941159482837,16.722200393676758,2483900,-0.006477366127909491
2009-09-03,16.770493472523103,17.193075400107535,16.698050231294946,17.162891387939453,3291200,0.026012374176324446
2009-09-04,17.168926665973782,17.35003302336546,17.114594528467048,17.319849014282227,2285300,0.009103610009436712
2009-09-08,17.41644015241433,17.561325476331255,17.30777587161509,17.392292022705078,2430700,0.004173935195711822
2009-09-09,17.440591380440416,17.45266544823714,17.12667367785093,17.265522003173828,2471700,-0.007315555724457216
2009-09-10,17.32589331466762,17.32589331466762,17.072343617086503,17.168933868408203,2299600,-0.005609984861885019
2009-09-11,17.217225945399907,17.265521062509098,17.036118392655624,17.126672744750977,1590700,-0.0024645223818099784
2009-09-14,17.060271282874695,17.3560791015625,16.97575509223439,17.3560791015625,2328200,0.013305767613816613
2009-09-15,17.331927073162852,17.434554346542054,17.187041713941596,17.265522003173828,2404900,-0.005231260370121627
2009-09-16,17.301738839187774,17.53114146564089,17.301738839187774,17.392292022705078,2851800,0.007315555724457205
2009-09-17,17.3560791015625,17.49492745802778,17.217230745097215,17.3560791015625,2461100,-0.002084295354335688
2009-09-18,17.45870645579873,17.72433025055119,17.36211619433361,17.446632385253906,2685100,0.005203817988267495
2009-09-21,17.392297881448094,17.392297881448094,17.187043315562494,17.205154418945312,1395800,-0.013937629059997186
2009-09-22,17.31985354252331,17.374185694235077,17.042155750280248,17.14478302001953,2128700,-0.0035150841945220607
2009-09-23,17.265525073745472,17.307783167102883,16.788609673976577,16.830867767333984,2707000,-0.01847936263297597
2009-09-24,16.9334892576528,16.9334892576528,16.426390008199686,16.486759185791016,2849000,-0.0206569824544226
2009-09-25,16.49883644181581,16.529020460724716,16.28754485511393,16.408283233642578,1896700,-0.0047713026191198325
2009-09-28,16.510904202020065,16.679936485646117,16.38412883785445,16.420351028442383,2024000,0.0007351993535298969
2009-09-29,16.529019240206523,16.75842191218235,16.468651206846342,16.61957359313965,1789600,0.012059650950823193
2009-09-30,16.67994473493073,16.788609057543738,16.372064022789395,16.75238800048828,2526600,0.007959682453612832
2009-10-01,16.68597688986838,16.740309035285453,16.444501327707115,16.456575393676758,2724900,-0.01781569797768743
2009-10-02,16.366027030054603,16.420359191500594,16.257362707162628,16.34187889099121,2096600,-0.006994047294882815
2009-10-05,16.39620921424631,16.468652471868175,16.26943495271619,16.432430267333984,1799800,0.005525767534199136
2009-10-06,16.480725018971278,16.746348755698712,16.44450396669597,16.6920166015625,1962500,0.015673719746498845
2009-10-07,16.71012049573166,16.794636631734623,16.522977129676818,16.58938217163086,1591100,-0.006167694812705584
2009-10-08,16.72219840305257,17.02404313125607,16.698050272102087,16.90934181213379,1511100,0.01910337665865031
2009-10-09,16.933490239167966,17.01800755327322,16.800678961925936,17.01197052001953,1542000,0.006051005339864513
2009-10-12,17.08441755813205,17.27156218879205,16.98782730102539,16.98782730102539,2646800,-0.0014201980364243905
2009-10-13,16.963679048899856,17.223265777330692,16.963679048899856,17.13271141052246,1153000,0.008492537677259857
2009-10-14,17.271555453000268,17.33796050920938,17.096484960616596,17.19307518005371,1676000,0.0035171128036558096
2009-10-15,17.072336455172067,17.386254064554567,17.072336455172067,17.319849014282227,1512000,0.007346488734999734
2009-10-16,17.289669640845126,17.91750737264841,17.22930160247264,17.8209171295166,4746800,0.028519701345060697
2009-10-19,17.929577558703947,17.989945584005262,16.921416106791906,17.1568546295166,6066800,-0.03797510641044227
2009-10-20,17.211194598435355,17.211194598435355,16.848980524717128,16.96971893310547,2303800,-0.010967264076552132
2009-10-21,17.018010841775478,17.265523495773333,16.96971571785996,16.981788635253906,2622600,0.0007109965666526071
2009-10-22,17.036121160610513,17.223265777330692,16.806719604931292,17.13271141052246,2186500,0.008848071036625526
2009-10-23,17.259479145746887,17.259479145746887,16.891228262323835,16.92141342163086,1764000,-0.01240969789088546
2009-10-26,16.99386295510192,17.337965862013377,16.981788886083056,17.01801109313965,1889800,0.005692373028031862
2009-10-27,17.030077491088335,17.072336716476265,16.698048780306273,16.740306854248047,2068700,-0.016452863781020472
2009-10-28,16.806718786544064,16.86708797766106,16.305656457732116,16.37206268310547,2800100,-0.022243008193396887
2009-10-29,16.511940668629013,16.77953782570469,16.457204860136237,16.724802017211914,1679100,0.021316381108147812
2009-10-30,16.718724639839063,16.828196286342408,16.390310860330366,16.58492660522461,2963100,-0.008398521389935267
2009-11-02,16.560593320923974,16.8525168371501,16.31124183914737,16.81602668762207,2849600,0.013838154152421232
2009-11-03,16.773454653172546,16.901171916522063,16.56667520584547,16.81602668762207,1941200,0.0
2009-11-04,16.895092619973113,17.059298898006556,16.74913083949832,16.8829288482666,2049100,0.003970582914293598
2009-11-05,16.980230900932124,17.095784372665033,16.809941635220515,16.86467742919922,1768700,-0.0010816423954198074
2009-11-06,16.88901134102241,17.028891240670497,16.7795397117322,16.97415542602539,1963800,0.0064705765276429975
2009-11-09,17.357303575121634,17.637063333262567,17.26607645746604,17.48501968383789,4651300,0.029652578053054306
2009-11-10,17.47285144685662,17.570159264813302,17.375543628899937,17.52150535583496,2010800,0.0020845076834731914
2009-11-11,17.630984582754177,17.862091620569494,17.558004267655484,17.770864486694336,2255200,0.0141312856897489
2009-11-12,17.819515877258713,17.91074299813288,17.53367422385595,17.57624626159668,2066000,-0.01101194341703037
2009-11-13,17.63097831883768,17.789103825374436,17.56407875376423,17.697877883911133,2343700,0.006896392601065497
2009-11-16,17.86208848339364,18.336463928222656,17.819515287061947,18.336463928222656,2998800,0.035446902880182575
2009-11-17,18.421606627355686,18.421606627355686,18.099273716609325,18.160091400146484,1760300,-0.009665235499619926
2009-11-18,18.324304593959937,18.439858120546834,18.14185263408696,18.220914840698242,2282800,0.0033436951588294143
2009-11-19,18.20874850601646,18.2391567731136,17.716126227035318,17.862089157104492,2097600,-0.01988955867760781
2009-11-20,17.88032976683774,17.88032976683774,17.606651942447833,17.697877883911133,2070600,-0.009235803861784157
2009-11-23,18.068868054853134,18.354710878959548,17.68571854083954,17.789108276367188,2501700,0.005141636600398882
2009-11-24,17.83775901551045,17.904658585374555,17.60057131872078,17.64922523498535,1743700,-0.007894489047009179
2009-11-25,17.7039623300699,18.06278542375397,17.685716675136472,17.995885848999023,1267100,0.019451281445924336
2009-11-27,17.789105749934503,17.93506750406719,17.637062111046173,17.843841552734375,769700,-0.008484730182599726
2009-11-30,17.935069396685016,18.04454101383687,17.789107627149555,18.032377243041992,2606600,0.010510440188562745
2009-12-01,18.196582123263457,18.372952135112822,18.190500238716808,18.275644302368164,2076800,0.013400383124994761
2009-12-02,18.34862712048537,18.677040790404067,18.306055085496,18.55540657043457,2064400,0.015191944952140808
2009-12-03,18.52499647093047,18.695285764688535,18.281726879848172,18.299972534179688,1296600,-0.013861646928294353
2009-12-04,18.45809935370977,18.689205191455944,18.12968451270095,18.35470962524414,1512300,0.0029866379151404494
2009-12-07,18.41552357524409,18.962880372368097,18.41552357524409,18.750019073486328,1934600,0.021308572771615127
2009-12-08,18.774351038419187,18.774351038419187,18.458099957473756,18.488508224487305,1435100,-0.014045407649367594
2009-12-09,18.48242118695402,18.48242118695402,18.050617883725092,18.372949600219727,2248200,-0.006269909529062032
2009-12-10,18.445933667698224,18.743939051739403,18.445933667698224,18.543241500854492,1609300,0.009225930599000957
2009-12-11,18.658793133965787,18.81691863713508,18.524994006668287,18.750019073486328,1239600,0.01108938657942878
2009-12-14,18.84733644333654,19.048034075937363,18.774356118755158,18.95680809020996,1739100,0.010968363313501912
2009-12-15,18.9264029045289,19.321716347213147,18.84733951999113,19.157508850097656,2000400,0.010531612845472531
2009-12-16,19.285218564276533,19.48591732246784,19.17574809617375,19.23656463623047,1341900,0.004118130257082636
2009-12-17,19.078435272273072,19.279132818203866,18.877737726342282,19.175743103027344,1189500,-0.003166775838873295
2009-12-18,19.224400216006583,19.321708062946108,19.08451917103011,19.23048210144043,1800800,0.0028505293184572073
2009-12-21,19.455504113710504,19.74742878528923,19.406850195114203,19.461585998535156,1412400,0.01194594431133115
2009-12-22,19.59539601992771,19.613640524526268,19.352125131932333,19.394697189331055,1286900,-0.0034428859267208738
2009-12-23,19.352113175652995,19.55281188225235,19.309541144556473,19.528484344482422,759800,0.006874447398969397
2009-12-24,19.52239799259543,19.577133783303697,19.394681920943246,19.564970016479492,345300,0.0018665878053983455
2009-12-28,19.607548356006216,19.68052865182212,19.528485015537957,19.637956619262695,675800,0.0037235325714036417
2009-12-29,19.704865653600816,19.72311015631619,19.516330618864718,19.522411346435547,770700,-0.005901150277058184
2009-12-30,19.54673137783189,19.72918329481188,19.461587304574696,19.723102569580078,746300,0.010227562466385075
2009-12-31,19.686606171377875,19.80824152460261,19.49807357788086,19.49807357788086,891100,-0.01147499810219963
2010-01-04,19.783921684196827,19.917720856780512,19.656205557640924,19.79000473022461,1652600,0.014861328823739875
2010-01-05,19.844737299760556,19.844737299760556,19.37036070725599,19.57105827331543,1646900,-0.01112514238312389
2010-01-06,19.595392254907487,19.595392254907487,19.27914108927863,19.552820205688477,1307500,-0.0009323241793539344
2010-01-07,19.498081173397992,19.619714254003746,19.078440317301474,19.273056030273438,3140300,-0.014411472170200347
2010-01-08,19.516328232405773,19.668371923116318,19.139259369043046,19.321712493896484,2699600,0.002521403353942238
2010-01-11,19.400770832018495,19.461588528169237,19.157501207416594,19.303462982177734,1082500,-0.0009449543129210317
2010-01-12,19.248727815555522,19.27305535883006,18.877742060627714,18.99937629699707,3105500,-0.01587835678993752
2010-01-13,18.98721318684486,19.31562807248591,18.975050574784973,19.273056030273438,1277300,0.014301907748916407
2010-01-14,19.224397690738122,19.504157423940462,19.163580004389516,19.4737491607666,1269000,0.010359301846158938
2010-01-15,19.455507279591355,19.607552104947196,19.279137230980442,19.558897018432617,2017200,0.0043629116171540454
2010-01-19,19.571063433584065,19.7231071194758,19.449428020870172,19.662290573120117,998500,0.005272343880656247
2010-01-20,19.510230252047414,19.650110045400556,19.339939891443137,19.619699478149414,1499100,-0.002168480344545369
2010-01-21,19.55282194429835,19.790009759609735,19.461594790715715,19.522411346435547,2252400,-0.004971031454671027
2010-01-22,19.461586645804697,19.625794061528904,18.99329193873979,19.029783248901367,1615100,-0.025557814172677922
2010-01-25,19.12708850234446,19.230478213816625,18.981125601441924,19.108842849731445,1101000,0.004145913063003757
2010-01-26,19.03586714088496,19.21223835600554,19.005458870692312,19.023704528808594,1045500,-0.004465396006590234
2010-01-27,18.98112370317838,19.1757404982516,18.85948951125839,19.151412963867188,1042300,0.006690688587494468
2010-01-28,19.193982521399338,19.297372209239597,18.98720314571882,19.181819915771484,971500,0.0015864541546607856
2010-01-29,19.35319992593192,19.35319992593192,18.686059182337903,18.698299407958984,2446200,-0.02553037209903794
2010-02-01,18.802354154188276,19.206310897356495,18.698304619287136,19.09002113342285,2397600,0.020733165804252027
2010-02-02,19.138984537030645,19.591904507123083,19.016572913965184,19.561302185058594,2635000,0.024387491490404343
2010-02-03,19.493975931943847,19.726556604013563,19.39604710502989,19.62862777709961,1631600,0.0034358651999897008
2010-02-04,19.48784659368516,19.604136294456865,19.10837168209492,19.132854461669922,2043400,-0.025582115260486163
2010-02-05,19.09613775147902,19.187945870327717,18.48408206928294,18.851314544677734,2782800,-0.01482433762780152
2010-02-08,20.595679561001294,21.53824376234835,20.522231180526695,21.244457244873047,11443600,0.11951337723085287
2010-02-09,21.275049228001073,21.59331838426429,21.09755489848278,21.458667755126953,4256100,0.010032629087760533
2010-02-10,21.446436354620833,21.79530798298269,21.35462704829081,21.60556983947754,3308300,0.0068224894886651875
2010-02-11,21.623922649617555,22.15028843575803,21.458667378984902,22.119686126708984,2432600,0.023516842595381983
2010-02-12,21.985044986696764,22.03401057534972,21.709621722351113,21.75858497619629,4321800,-0.016459595777506473
2010-02-16,21.936075461271553,22.02176288210819,21.275054212290993,21.440309524536133,3858100,-0.014735618328706991
2010-02-17,21.507636272374196,21.734096220762492,21.43419024434691,21.68513298034668,1485800,0.01135413675693469
2010-02-18,21.623935503751422,21.923841579437354,21.53212618722264,21.887117385864258,1821500,0.009271306882303142
2010-02-19,21.801420378555928,22.027882637436978,21.648406474623435,21.911590576171875,1565200,0.0011175303561843355
2010-02-22,21.978916613145067,21.98503614186084,21.67900834032175,21.740215301513672,1627800,-0.00785196175503731
2010-02-23,21.727979583583824,21.752462374454325,21.4525540233093,21.593326568603516,1283800,-0.006779473321116719
2010-02-24,21.71573257446289,21.752456751275155,21.489272654471016,21.71573257446289,1461100,0.005652689493456913
2010-02-25,21.54435902756886,21.87486963402276,21.20772889202076,21.84426498413086,2058100,0.005901413677751105
2010-02-26,21.746344778620166,22.02789225929002,21.67289872639703,21.89935874938965,1570700,0.0025189405763691906
2010-03-01,21.911596307493106,22.150297686494778,21.727980041707777,22.07073211669922,1668600,0.0077950366574486285
2010-03-02,22.131932654569287,22.450201879130535,22.06460615814961,22.407358169555664,2394400,0.01513700243094389
2010-03-03,22.39512017864915,22.444083424970735,22.217623449267645,22.235986709594727,1665100,-0.007677395238987785
2010-03-04,22.223749725227794,22.480812072753906,22.223749725227794,22.480812072753906,1514500,0.010950149212471318
2010-03-05,22.60933428331124,22.964327671799527,22.407357138156183,22.933725357055664,1363900,0.019946401576895454
2010-03-08,22.933726479560136,23.092859924901276,22.82355627324432,22.95208740234375,1398500,0.0008003365382019228
2010-03-09,22.89088671310021,23.21527552379508,22.89088671310021,23.0622615814209,1147600,0.004788697093391781
2010-03-10,23.056139306223418,23.264238357543945,22.90924723164859,23.264238357543945,1623000,0.008719763252160615
2010-03-11,23.196914058674782,23.349927997492408,23.04390011985716,23.313203811645508,897900,0.0021025401936869527
2010-03-12,23.76001105658594,23.76001105658594,23.105111397146825,23.380537033081055,942300,0.002884038283879667
2010-03-15,23.019412964948753,23.203029189755874,22.884759977180273,23.031654357910156,1839200,-0.015034379384392269
2010-03-16,23.062257201645252,23.337682712573944,23.03777441516114,23.166305541992188,1767000,0.00582932950602074
2010-03-17,23.245878388443717,23.405014199723226,23.117347234200096,23.343807220458984,1404400,0.007632857875485143
2010-03-18,23.386649090526333,23.466216989878628,23.20915236689711,23.31932258605957,1110700,-0.0010494211060416531
2010-03-19,23.190792083740234,23.466217639268336,23.166309293291647,23.190792083740234,1436300,-0.005527005487956395
2010-03-22,23.26423840283179,23.44173513352871,23.135707253626748,23.4111328125,1408500,0.009456363495936355
2010-03-23,23.49682219261548,23.56414870534282,23.19691615294884,23.398893356323242,1177600,-0.0005229416626062252
2010-03-24,23.349926875076157,23.4356143031259,23.129586440201216,23.294841766357422,1344500,-0.00445677613592096
2010-03-25,23.3682881656017,23.606989528851248,23.30096166113494,23.31932258605957,1809500,0.0010503597905470146
2010-03-26,23.34380079499354,23.674311387623646,23.325439873671943,23.509056091308594,1676400,0.008103400068326562
2010-03-29,23.600868918537948,24.010945121800003,23.600868918537948,24.004825592041016,2225300,0.020869163968395655
2010-03-30,24.010948044301546,24.23128849935972,23.888536420957283,23.90077781677246,1140700,-0.004343873429130636
2010-03-31,23.900776149820487,23.913017544781894,23.411132025401024,23.429492950439453,1372400,-0.019915391796913248
2010-04-01,23.594748153840527,23.735520692931726,23.331564000598227,23.478458404541016,1591400,0.002087725874706181
2010-04-05,23.43561818985053,23.998708430311208,23.43561818985053,23.949745178222656,1282300,0.01987434693961659
2010-04-06,23.98646309730303,23.98646309730303,23.558025956307755,23.827329635620117,1557500,-0.005124458161833533
2010-04-07,23.76612528413153,23.870173638257437,23.337685803150055,23.502941131591797,1089900,-0.013707658043548057
2010-04-08,23.45396957658387,23.71715366207009,23.25811197828809,23.668188095092773,870100,0.007006304160354673
2010-04-09,23.747761737375004,23.870173349719643,23.527421302116114,23.827329635620117,1323800,0.0067013538831933814
2010-04-12,23.913016486662688,24.017067171826856,23.76000255862681,23.931377410888672,1007400,0.004357234369167131
2010-04-13,24.017069917290844,24.133359675360936,23.913019220232325,24.059913635253906,965800,0.005356660715422075
2010-04-14,24.072150586278166,24.225164503552325,24.0048240891084,24.188440322875977,1190700,0.005327725449410045
2010-04-15,24.212927637116298,24.63524528722371,24.108876939815687,24.56791877746582,1301500,0.01556663067119215
2010-04-16,24.727039911227447,24.806605434796968,24.347563869624228,24.39040756225586,2632300,-0.007251554795691171
2010-04-19,24.70868164575106,25.094277292033027,24.433256184121085,25.03919219970703,4461900,0.02625236300862625
2010-04-20,25.222816018292306,25.400312739961457,24.929029548705774,25.063682556152344,1939400,0.0009776029225913605
2010-04-21,24.873937777005285,24.929022871223136,24.365932872379943,24.561790466308594,2152500,-0.020227885894621964
2010-04-22,24.408778915050153,24.76376996252419,24.280245459682305,24.73316764831543,1113600,0.006953160283213401
2010-04-23,24.76989588766753,24.929029348529674,24.543433588815425,24.806617736816406,1378400,0.002965299173199919
2010-04-26,24.904542475730008,25.09428055951537,24.720926255670545,24.73316764831543,1531000,-0.002965299173199956
2010-04-27,24.598526340977422,24.83723010865528,24.059918817766313,24.139484405517578,1984000,-0.024296305698440792
2010-04-28,24.1517244833348,24.335340780516827,23.717165368548834,23.888540267944336,1896400,-0.01044999967910567
2010-04-29,24.061013019412663,24.2704535675539,23.82077052459823,24.221172332763672,1570000,0.013828283203203416
2010-04-30,24.22117883984821,24.381340546085703,23.605177338631602,23.629817962646484,2156400,-0.024717752938531963
2010-05-03,23.697585963423208,24.82486784357521,23.691424630550365,24.713987350463867,1996800,0.044859985330267395
2010-05-04,24.750945559935,24.855664708588467,23.88854234222295,23.987102508544922,3052800,-0.029853082423060624
2010-05-05,23.74685050467861,24.52301348669692,23.679089983248282,24.33205223083496,2650900,0.014278212624497822
2010-05-06,24.233491627386098,24.578453206906577,22.17604715816226,24.20269203186035,4113400,-0.005330635084659971
2010-05-07,24.030215359333905,24.393656306238558,23.599016227293667,24.005577087402344,4268600,-0.008177685967810515
2010-05-10,24.880305332745056,25.194467478363173,24.578465851506955,25.13286590576172,2804000,0.04589020626489202
2010-05-11,24.948062636443815,25.9891044042127,24.85566146451322,25.428543090820312,3953000,0.011695898571340698
2010-05-12,25.594873935623443,26.17391712283755,25.551753998259883,26.11847686767578,2864800,0.026770703001641746
2010-05-13,25.75502131644665,25.995261504532685,25.102058937401797,25.163658142089844,2130500,-0.03724217341385681
2010-05-14,24.794056949132315,25.003497524187665,24.393655089513324,24.812536239624023,2128700,-0.014051797432646888
2010-05-17,24.812538815652083,25.656462533559154,24.701658361472454,25.57638168334961,2811100,0.030320316157462297
2010-05-18,25.625659196551428,26.235501661622337,25.32381980413396,25.63797950744629,3804400,0.002405491442902557
2010-05-19,25.551737048821014,25.85973773988664,25.052775083345544,25.30533790588379,2265300,-0.013059468684035253
2010-05-20,24.707817423885214,25.03429742574215,24.332056180313074,24.498376846313477,3560900,-0.032408493716578536
2010-05-21,24.079500329071603,24.763262415484913,23.870059711159954,24.350540161132812,5254900,-0.006052831693802217
2010-05-24,24.338217643211166,24.596939488888957,24.190378602703156,24.21501922607422,2505900,-0.005580962662673224
2010-05-25,23.709903656292934,23.987102508544922,22.484059384669912,23.987102508544922,3281700,-0.009456779406673388
2010-05-26,24.319737903426624,24.750939405054652,24.215018780813935,24.362857818603516,3924300,0.015543461573387426
2010-05-27,24.88030565968784,25.003506456649962,24.683185324492342,24.991186141967773,2480500,0.025463456389690792
2010-05-28,25.052774855190773,25.157496311125957,24.590773822799765,24.73245620727539,1903600,-0.010406810826346086
2010-06-01,24.473737060510434,24.88029791909714,24.22733789310399,24.245817184448242,1453100,-0.01987228229207041
2010-06-02,24.3751731942649,24.824853897094727,24.165732641590587,24.824853897094727,1697000,0.023601209333903313
2010-06-03,24.97885391911302,25.14517456324286,24.362852577828562,24.492212295532227,2379700,-0.013490123068254761
2010-06-04,23.931653372652683,24.54765477066031,23.777653023150776,24.110294342041016,2712300,-0.015716301116684865
2010-06-07,24.190371547263158,24.319731257443003,23.611331166083026,23.66676902770996,1787700,-0.018566986937215472
2010-06-08,23.660624389755252,23.85158575614123,23.0323023953684,23.4758243560791,3411800,-0.008100772660697583
2010-06-09,23.59285829045987,24.215021155938192,23.512777433051305,23.67909812927246,1673900,0.008621582715788723
2010-06-10,24.024063763083696,25.028147086014336,24.024063763083696,24.991186141967773,3236100,0.053930484851577275
2010-06-11,24.806373392154203,24.972694030227277,24.36285169062601,24.880292892456055,2386800,-0.004447168378514069
2010-06-14,25.102065049866507,25.38542522020544,24.935744336878102,24.9542236328125,1727100,0.0029670517443768575
2010-06-15,25.25606085686581,25.785822509353146,25.25606085686581,25.779661178588867,1445300,0.03254276287273245
2010-06-16,25.631825474432993,26.506546568077148,25.508624691562968,26.29094696044922,2502600,0.019638803265941914
2010-06-17,26.46959107552635,26.5496695963819,26.204710183810885,26.407989501953125,2129800,0.0044419391284233126
2010-06-18,26.494213452036778,26.728294591389126,26.327895177870435,26.414134979248047,1978500,0.00023268573095101453
2010-06-21,26.660534523919058,26.72213606155099,25.87205364109744,26.001413345336914,2400600,-0.015748386768841174
2010-06-22,26.093820172712388,26.28477910640864,25.360776988960517,25.422378540039062,2657100,-0.022521064964404425
2010-06-23,25.434698495967847,25.557899246549947,25.021976333996644,25.32997703552246,2588000,-0.0036412736143447122
2010-06-24,25.982947492833095,26.925429182234396,25.59486582960802,26.40182876586914,9033900,0.04144472178620525
2010-06-25,26.37101108379791,26.6235714709416,25.74268960483747,26.48805046081543,4663600,0.0032604260999539504
2010-06-28,26.525022420833174,26.802221184436426,26.217021705843813,26.463420867919922,1292300,-0.0009302704553311894
2010-06-29,26.069175708569503,26.31557717683578,25.705734835298948,25.896696090698242,2376100,-0.021648038329375646
2010-06-30,25.810458543062385,26.112297900781773,25.28069698477753,25.317655563354492,2359900,-0.022613395798332214
2010-07-01,25.410059660560098,25.69341976189957,24.991178489076084,25.163658142089844,3674700,-0.00610118428647454
2010-07-02,25.29302241431327,25.29302241431327,24.757099417873057,24.917261123657227,2389600,-0.009840035294258557
2010-07-06,25.077419834212797,25.354620971813727,24.46757968134992,24.689340591430664,2522700,-0.009189185639269787
2010-07-07,24.64621556968789,25.323818535813892,24.590775348367206,25.28685760498047,1996600,0.02391320302801463
2010-07-08,25.440854272234137,25.57637531579385,25.05277277922314,25.28069496154785,1461600,-0.0002437390441239151
2010-07-09,25.39774777308531,25.662628670840757,25.20062743287565,25.619508743286133,1215300,0.013313062081271556
2010-07-12,25.613351075032043,25.9952714600535,25.56406981252092,25.730390548706055,1248900,0.004318683358175446
2010-07-13,25.982935544742947,26.161576489303084,25.755015717117768,25.976774215698242,1484300,0.009530034487780415
2010-07-14,25.989106339316198,25.989106339316198,25.496305535331906,25.557907104492188,2799900,-0.016256094909620444
2010-07-15,25.56404950026909,25.74269041014052,25.071249016018648,25.31148910522461,2897400,-0.009688337000410137
2010-07-16,25.065092958422426,25.200614001283082,24.196531187974305,24.33205223083496,3541700,-0.03946390443910613
2010-07-19,23.371092647001024,24.64005639741721,23.19245402401251,24.239654541015625,4868500,-0.0038045935551537322
2010-07-20,24.07333754307463,25.2622181673155,23.980936386593882,25.126699447631836,3367000,0.03594109430722555
2010-07-21,25.256059952999905,25.317659159283096,24.184216374715078,24.233497619628906,4370800,-0.03619512859818406
2010-07-22,24.47373080173162,25.040453206568078,24.47373080173162,24.701650619506836,1528000,0.01913419290147492
2010-07-23,24.70781660203181,25.27453676375226,24.701655272092882,25.225257873535156,1305900,0.020975721020601423
2010-07-26,25.32381602018551,26.217018452796548,25.132854754637638,26.180057525634766,2437800,0.0371521686691819
2010-07-27,26.155425410107025,26.21086564394282,25.79814573083369,25.927505493164062,1252200,-0.009693564443540399
2010-07-28,25.87822093818612,26.112302156713383,25.422381162477347,25.58254051208496,1201500,-0.013394285784684034
2010-07-29,25.749866664829508,26.258046765783426,25.42140942896886,25.92339324951172,1597400,0.013235667756426787
2010-07-30,25.669299546633077,26.32002006937463,25.669299546633077,26.121706008911133,2410400,0.007620841232394014
2010-08-02,26.524535077389345,26.778625159825374,26.456364163842277,26.70425796508789,1638100,0.02205641048719431
2010-08-03,26.741446453365068,26.784827519986145,26.239462500061542,26.295238494873047,1246300,-0.015435150068754802
2010-08-04,26.344808625591345,27.032711585097903,26.245651591325814,26.995529174804688,1054800,0.026283389204461195
2010-08-05,26.921155857688937,27.00792031910513,26.791012711699416,26.970735549926758,1162400,-0.000918856502254867
2010-08-06,26.64848572720265,26.84679985046387,26.289039901234926,26.846799850463867,1585000,-0.004605782023663719
2010-08-09,26.995536838304332,27.336389092597674,26.989338192102338,27.0884952545166,1305600,0.008962480744755684
2010-08-10,26.846797205433624,27.181453141999643,26.617496966271244,27.100887298583984,1673500,0.0004573606008983534
2010-08-11,26.729046330922706,26.729046330922706,26.27664217829652,26.351009368896484,1046700,-0.028059888521137513
2010-08-12,26.034948485104653,26.437775357697564,25.8986090097164,26.326223373413086,1373300,-0.0009410516089108222
2010-08-13,26.301431251237638,26.617495967498215,26.214669129625875,26.51214027404785,1579800,0.007037222769821366
2010-08-16,26.27663643799219,26.56171257642393,26.140294648268384,26.51833152770996,814100,0.00023349796748491192
2010-08-17,26.741443232534674,27.373567945475358,26.62989125634737,27.18764877319336,1844300,0.024926531349304885
2010-08-18,27.293000519253507,27.63385267980353,27.088487804469374,27.262014389038086,1181600,0.0027315380027910573
2010-08-19,27.175251493140458,27.20004134438875,26.357205314669393,26.65467643737793,1018400,-0.022529707662231918
2010-08-20,26.400593705200702,26.536935560845595,25.98537421986905,26.320030212402344,1232500,-0.01263435694786213
2010-08-23,26.443963078149203,26.61748964424022,26.146492004394535,26.14649200439453,1164000,-0.006615221803459255
2010-08-24,25.948178291425965,25.948178291425965,25.45859180599527,25.532958984375,1708200,-0.023744905756023445
2010-08-25,25.359436884636885,25.483383779837173,24.87604659385519,25.421411514282227,2209600,-0.00437833485906886
2010-08-26,25.489585835570324,25.58254424634137,25.018588043603792,25.030982971191406,1378000,-0.015477415531373754
2010-08-27,25.130134858557003,25.44619953680021,24.80167761936603,25.371829986572266,2983900,0.0135251265262635
2010-08-30,25.347045115933387,25.49577950355547,24.857456164822217,24.882246017456055,818700,-0.019484965110390745
2010-08-31,24.739708362244613,25.216902441343727,24.522803037240806,25.012392044067383,1857700,0.005216846011240342
2010-09-01,25.204501943908998,25.90479983916873,25.185910738471463,25.824234008789062,1525100,0.031941969903843834
2010-09-02,25.8366341865046,26.673274062640218,25.8366341865046,26.660879135131836,2156000,0.03188393629315305
2010-09-03,26.96454099835024,27.08229160323937,26.5927027064977,26.9521484375,1146000,0.010865723547070511
2010-09-07,26.654673820609787,27.32398555406344,26.654673820609787,26.791015625,1700000,-0.005996420126440541
2010-09-08,26.815814798707503,27.255824129769447,26.611302021005205,26.667078018188477,1643000,-0.004636821870034064
2010-09-09,26.970731448190676,27.05129725377969,26.667061789641004,26.67945671081543,1428300,0.00046408610838579443
2010-09-10,26.74143793830616,26.88397602097257,26.623687340036895,26.85918617248535,1271100,0.006714034093792751
2010-09-13,27.082283371423692,27.441726629080943,27.020308765559005,27.323978424072266,1070700,0.017156755465406723
2010-09-14,27.31159302086829,27.373565284240552,27.11327894116868,27.206239700317383,650000,-0.004318299495864383
2010-09-15,27.100876442683315,27.578070302393005,26.970733307514212,27.491308212280273,935300,0.010423541964877448
2010-09-16,27.454130746413444,27.56568271024635,27.20623933218832,27.534696578979492,949000,0.0015770134813874793
2010-09-17,27.58427765005671,27.96851329486559,27.578081368600706,27.702028274536133,2133700,0.0060587302332170195
2010-09-20,27.70822186359251,28.2287969266647,27.671039450288305,28.123443603515625,1366600,0.015097887031615841
2010-09-21,28.216400509801073,28.216400509801073,27.801181155910147,27.887943267822266,1063600,-0.00840906596243818
2010-09-22,27.807383255879596,27.98090988010919,27.069902786198714,27.11948013305664,1424800,-0.02794216073586075
2010-09-23,26.958344698024664,27.416947464121783,26.78482047716693,27.09468650817871,1130400,-0.000914654900831345
2010-09-24,27.410754740118307,27.658648564106926,27.39216353075091,27.50371551513672,966800,0.014983466334821696
2010-09-27,27.516106575902434,28.030482996870955,27.404554607193045,27.906536102294922,1171700,0.014539825102730507
2010-09-28,27.906525922325226,28.117234857013248,27.4231358103131,28.018077850341797,733400,0.003989009063073968
2010-09-29,27.894143320425904,27.9561179545226,27.48512019174996,27.912736892700195,954300,-0.003766835247541234
2010-09-30,28.04907142011047,28.414713422574717,27.47272279109443,27.584272384643555,1463400,-0.01183733493980326
2010-10-01,27.962310177472833,27.999494952533897,27.416947661118503,27.64624786376953,793300,0.0022442484647845905
2010-10-04,27.702021033651288,28.1172403412988,27.423141159214165,27.609060287475586,783800,-0.001346027491397874
2010-10-05,27.937531253709896,28.45810407956668,27.788794471971567,28.377540588378906,1175200,0.027454017808545044
2010-10-06,28.35273427593005,28.532457093366624,28.21019622337022,28.38372039794922,1060800,0.0002177474385643222
2010-10-07,28.513871898695538,28.600636375542997,27.93132459583277,28.129638671875,773500,-0.008991977905740661
2010-10-08,28.247378759373284,28.3589283170225,27.943709113731675,28.284561157226562,965000,0.005492336158869383
2010-10-11,28.3403485155769,28.526267671881516,28.26598132587312,28.451900482177734,876900,0.005898845481340483
2010-10-12,28.420920488103814,28.420920488103814,28.01189731026229,28.358945846557617,781100,-0.0032724285793896213
2010-10-13,28.495290089467034,28.860932231011173,28.439514089431793,28.58205223083496,989600,0.007836445919606546
2010-10-14,28.644013427078935,28.736971807426045,28.315553863733992,28.48908042907715,985900,-0.0032581054437825904
2010-10-15,28.07385850287322,28.334147166411686,27.54708726022359,27.937519073486328,2651600,-0.01955031592381209
2010-10-18,29.74714107558487,30.23053136155421,28.94148981093919,29.009660720825195,3575200,0.03765834772245437
2010-10-19,28.6997939175691,28.879514426826432,28.210204999452543,28.637819290161133,1870100,-0.012900705725701966
2010-10-20,28.699803425849108,28.87952399464809,28.42711970309422,28.66261863708496,1197200,0.0008655901898592517
2010-10-21,28.767964778144215,28.767964778144215,28.21020727110052,28.309364318847656,1637000,-0.01240114270547874
2010-10-22,28.358942228949275,28.52627019364255,28.32175981285558,28.507678985595703,847100,0.0069808444992027945
2010-10-25,28.582046225299795,28.97247814351064,28.396127052277194,28.48288917541504,931200,-0.0008699619092797622
2010-10-26,28.39611567632566,28.61921954020992,28.228787778412467,28.458087921142578,1193600,-0.0008711215404252798
2010-10-27,28.27216882260223,28.637810740837075,28.04906495871797,28.458087921142578,956000,0.0
2010-10-28,28.638806534619714,28.688657644446316,28.22754438667725,28.51418113708496,826000,0.001969141654170823
2010-10-29,28.52040812958101,28.856895923925677,28.339701457392437,28.819507598876953,1193600,0.010650957750836269
2010-11-01,28.956595414039178,29.155995057943482,28.819507267468246,29.068758010864258,976900,0.008611484544547455
2010-11-02,29.274391294722896,29.53610484375473,29.112379956393884,29.48625373840332,1354700,0.01426019020271313
2010-11-03,29.542332828869945,29.604644328856708,29.174689274072783,29.380321502685547,996800,-0.003599066180812164
2010-11-04,29.6357827754539,29.6357827754539,29.162207132732075,29.455076217651367,1272500,0.0025411489711735973
2010-11-05,29.498715086091373,29.536103413294178,29.187152823828907,29.448863983154297,876800,-0.00021092763909928981
2010-11-08,29.34293537606532,29.517409490732184,29.16222868471376,29.48625373840332,611800,0.0012688448487378997
2010-11-09,29.536105561961985,29.573491514853096,28.962829721638524,29.081222534179688,902200,-0.013831487617106144
2010-11-10,29.112371588893183,29.23699456238941,28.863120887839035,29.006439208984375,1176200,-0.0025748451312320782
2010-11-11,28.86313417824952,29.567265712477916,28.831978420529385,29.44264030456543,1131000,0.01492612706963644
2010-11-12,29.286854766603586,29.436405709178015,28.975292481852485,29.174692153930664,518700,-0.009142347688273093
2010-11-15,29.330466422692915,29.39277791422776,29.050059956724038,29.07498550415039,522000,-0.003423426572227019
2010-11-16,28.919208721624084,29.380321909822612,28.48302108457821,28.645034790039062,778700,-0.014898077453347827
2010-11-17,28.52040655092944,28.993980090177118,28.46432525497619,28.92543601989746,644800,0.00974122473611326
2010-11-18,29.3367055075997,29.629572435235094,29.23700329577132,29.42394256591797,649900,0.01708736879339629
2010-11-19,29.42394815087533,29.779129028320312,29.33047849806054,29.779129028320312,722700,0.011999064048541216
2010-11-22,29.72927227003191,29.78535357566959,29.26816142548347,29.42394256591797,1142500,-0.011999064048541216
2010-11-23,29.149766237453054,29.448865741843502,29.006447873497102,29.42394256591797,920200,0.0
2010-11-24,29.673194101311147,29.816512480418073,29.542338500000277,29.642038345336914,892900,0.007384852235642098
2010-11-26,29.47378871397218,29.78535096755969,29.2930820364039,29.735502243041992,627300,0.0031481255023339204
2010-11-29,29.442630933073158,29.467556482128323,28.975287584929138,29.299312591552734,1620500,-0.014777638942605824
2010-11-30,29.11861027410401,29.903748547351203,29.06252896887207,29.698116302490234,2266100,0.01351956493002761
2010-12-01,29.99097950366267,30.22153487736459,29.7479613561078,29.760421752929688,1193900,0.0020957620312261915
2010-12-02,29.86636612129172,30.564265097760405,29.779129046362133,30.558034896850586,1150100,0.026448277447352876
2010-12-03,30.3960166675503,30.844667131937708,30.346167936524846,30.776123046875,1114400,0.007111504468589265
2010-12-06,30.782347672433023,30.950589176087757,30.539327148977303,30.707571029663086,1116600,-0.0022299260526934673
2010-12-07,30.98797066233131,31.2621444942523,30.913196413085682,30.963045120239258,967300,0.008285162948554824
2010-12-08,31.031608667182493,31.162464279826207,30.782360220770467,30.807283401489258,756900,-0.00504326438344014
2010-12-09,30.969287722892897,30.969287722892897,30.55179307726286,30.794811248779297,489000,-0.0004049262594457369
2010-12-10,30.95682621461806,31.03783306744891,30.73873358434045,30.938133239746094,501500,0.004643298636041705
2010-12-13,31.125071199847195,31.125071199847195,30.14053328720809,30.152996063232422,1260500,-0.025705218323891804
2010-12-14,30.221541686532436,31.00044740010286,30.221541686532436,30.40224838256836,835500,0.008232275479207503
2010-12-15,30.477015812747265,30.533097106595726,30.184146569646305,30.302541732788086,680000,-0.0032849710624904827
2010-12-16,30.371085801484703,30.76988505685071,30.215304693792913,30.69510841369629,796500,0.012871712271530106
2010-12-17,30.744971884144256,30.838441537193777,30.470797879981422,30.807283401489258,1422200,0.003647829259048913
2010-12-20,30.832186506220047,30.894500355218057,30.60163120750313,30.732486724853516,657400,-0.00243084149691329
2010-12-21,30.97551360416717,30.994208952699495,30.52686564891774,30.701339721679688,572600,-0.001014001817702645
2010-12-22,30.869592492431597,30.9942178847614,30.639034684660388,30.91944122314453,335100,0.007078859075783613
2010-12-23,30.925669738068226,30.925669738068226,30.2215383843688,30.23400115966797,604300,-0.022417994576501957
2010-12-27,30.190389616218724,30.346170777936024,29.978527141201923,30.22777557373047,515900,-0.00020593460185445775
2010-12-28,30.32747533177263,30.339938109916698,29.411483719986247,29.542339324951172,1012500,-0.022936756941135946
2010-12-29,29.65450131175228,30.090689029261394,29.536108487484423,30.065763473510742,583900,0.017562632525645952
2010-12-30,30.03460358653714,30.196614922570543,29.97228970573083,30.09068489074707,1803600,0.0008285535246741727
2010-12-31,30.003450872683363,30.090687937613982,29.230775311667493,29.399019241333008,972200,-0.023254337140389547
2011-01-03,29.754200011862128,29.754200011862128,28.663731948600166,29.05630111694336,2466600,-0.01172594895376551
2011-01-04,29.02514127783491,29.031371477140073,28.233772852320378,28.669958114624023,1543100,-0.01338554674978664
2011-01-05,28.458106346035844,29.018919574893655,28.221320651213475,28.813289642333984,1423100,0.004986907676527463
2011-01-06,28.869363664460863,28.869363664460863,28.277394823043057,28.694887161254883,1715800,-0.0041177674189266395
2011-01-07,28.782124062729128,28.98152374210345,28.47056176657779,28.70734977722168,1552200,0.000434220574921957
2011-01-10,28.651264190673828,28.80081511638971,28.42070879151686,28.651264190673828,1455200,-0.0019556122626606088
2011-01-11,28.875595800390904,29.268164987633213,28.588959037593213,28.657503128051758,2376800,0.00021773064382558311
2011-01-12,28.78835321564454,28.794583414932596,28.015677767198877,28.065528869628906,2313600,-0.020873205488425584
2011-01-13,27.984526844455136,28.003219822575524,27.548339131068914,27.8225154876709,2224200,-0.00869649014636622
2011-01-14,26.707111606826807,28.24622960334836,26.507711993151656,27.72280502319336,6680600,-0.003590242010119376
2011-01-18,27.57326623088765,27.704121839122845,27.211852786773004,27.448640823364258,2737400,-0.009938708416987803
2011-01-19,27.479799618865712,27.92845018473526,27.42371829813202,27.76020622253418,1975200,0.011286912278540197
2011-01-20,27.70411949134362,27.891056398270816,27.579494094381577,27.828744888305664,1397700,0.002465910909711918
2011-01-21,28.040618102375834,28.215092298806837,27.760211445945547,27.79759979248047,1616800,-0.0011197967171289935
2011-01-24,27.766423540120368,27.80380948204015,27.380084708722727,27.72280502319336,1941900,-0.0026943180541353115
2011-01-25,27.691649281153158,27.753963151424212,27.29908259508546,27.6854190826416,1533400,-0.0013494728202767712
2011-01-26,27.760195241109592,28.028138958951146,27.660495418914913,27.947132110595703,1412600,0.009408698791855272
2011-01-27,27.89728733960459,28.096687012238473,27.797587503287644,28.02814292907715,1008200,0.0028945235189954703
2011-01-28,28.059465989764355,28.228650198526395,27.45165871048938,27.514318466186523,1099000,-0.018502569337826905
2011-01-31,27.627107620239258,27.764961949563695,27.445390984369126,27.627107620239258,1301000,0.004090910205148368
2011-02-01,27.796297701308255,27.877757312243784,27.244882657795106,27.482994079589844,2358600,-0.005230034592647561
2011-02-02,27.439124161253233,27.70229798322735,27.000498734313428,27.188480377197266,1960700,-0.010774048230650871
2011-02-03,27.13209924828461,28.01561556408417,27.13209924828461,27.934158325195312,2097400,0.0270568846489703
2011-02-04,28.04694401917271,28.228660724899022,27.84642985779104,28.08454132080078,1113900,0.005369041331134936
2011-02-07,27.226088373184098,28.711147043629133,27.226088373184098,28.592092514038086,2188600,0.017910900043692876
2011-02-08,28.567029943557518,28.729946807160385,28.32891847492188,28.717416763305664,766800,0.004373600493832616
2011-02-09,28.648478886718966,28.836460548562602,28.38530264788466,28.516889572143555,1045600,-0.007007266254135152
2011-02-10,28.441702750936205,28.65474931196751,28.31638082262656,28.629684448242188,924400,0.0039475690190888665
2011-02-11,28.485556934877785,28.66727355953215,28.39783232720086,28.479291915893555,1171900,-0.005266873601320244
2011-02-14,28.366512027693865,28.366512027693865,28.140933023049445,28.24745750427246,1164100,-0.008173770037502191
2011-02-15,28.059474228443264,28.20359362111546,27.595786163379177,27.727373123168945,1657800,-0.018583329055370943
2011-02-16,27.877763681000282,28.197332396420016,27.708579399783662,28.046945571899414,2251900,0.011459609134024204
2011-02-17,27.94041027007337,28.924183211252263,27.934145250905534,28.57954978942871,1482800,0.018811685961333896
2011-02-18,28.523158308956734,28.736204839708247,28.523158308956734,28.661012649536133,911700,0.002846335243219662
2011-02-22,28.360238503112146,28.554487579755232,28.090799628217844,28.209854125976562,1039000,-0.015866400980150925
2011-02-23,28.140931719482623,28.191061447222385,27.4453972841538,27.633378982543945,1516300,-0.0206469285629556
2011-02-24,27.55192853563728,27.777507585303578,27.24488985352092,27.59579086303711,1278000,-0.0013611693029418667
2011-02-25,27.62711347036354,28.009344271471495,27.51432397527211,27.95294952392578,1023000,0.012859466486848914
2011-02-28,27.978026010956007,28.259997475514048,27.902831389443794,28.13467788696289,1078200,0.006480181364950057
2011-03-01,28.103335617615947,28.297584735384504,27.90908889016447,27.921621322631836,1335600,-0.007601557479421498
2011-03-02,27.777504701802453,28.25999025311515,27.645915342945308,28.197330474853516,942100,0.009825962947866867
2011-03-03,28.360241691342928,28.993116321359008,28.328911808443987,28.905391693115234,841400,0.024800832042282266
2011-03-04,28.91792012597512,29.243753731452628,28.83019311954416,29.193626403808594,1856300,0.009922270113719274
2011-03-07,29.381613363137227,29.582127490499804,29.16856680402487,29.45054054260254,2050200,0.00876185290981233
2011-03-08,29.54453243507509,29.757578993102243,29.40667807684666,29.65732192993164,1165200,0.00699677580133051
2011-03-09,29.53200000338915,29.676119382302087,29.318953445362,29.65732192993164,1073600,0.0
2011-03-10,29.39414658495015,29.619725581875453,29.231229748457995,29.40041160583496,1166100,-0.00870036587290342
2011-03-11,29.287623656889476,29.450540488704558,29.10590698232566,29.362815856933594,1214600,-0.0012795673639536414
2011-03-14,29.237484738350776,29.450531230096033,29.062035529966277,29.250017166137695,959500,-0.0038489465269528154
2011-03-15,28.811396012474887,29.04950739498098,28.560754590646432,28.8489933013916,1669800,-0.013805062441431837
2011-03-16,28.83647654419358,28.942998668543545,28.50437534437564,28.585832595825195,1288700,-0.009163866802464567
2011-03-17,28.968054065471453,28.98058649782207,28.62968556295592,28.6798152923584,1177900,0.0032823441060439505
2011-03-18,29.06831684474888,29.130979018812646,28.88033510319264,28.9993896484375,1112200,0.011081207743044448
2011-03-21,29.187365785435766,29.444274652932027,29.09337374524477,29.262557983398438,772700,0.009034031147295065
2011-03-22,29.212416091618724,29.26254579626062,28.805122997824775,28.81138801574707,686800,-0.015538088108126697
2011-03-23,28.798859469030234,29.055768264137985,28.435428622682874,28.96177864074707,475100,0.005206256585871825
2011-03-24,29.03697866503776,29.41294204084143,28.917924153773864,29.375347137451172,586100,0.014178807055215879
2011-03-25,29.387887620359326,29.77011612134511,29.24376581682079,29.588401794433594,520400,0.0072266634353050745
2011-03-28,29.60092283273863,29.682380041251964,29.29388427734375,29.29388427734375,467700,-0.010003686774300987
2011-03-29,29.30641273631907,29.463064502672935,29.080833810318904,29.35027503967285,2128100,0.0019231507575855668
2011-03-30,29.500674926131,29.701189085143703,29.350288111712814,29.638526916503906,949300,0.009773182761325378
2011-03-31,29.58211898458802,29.713705894649365,29.337742611526593,29.35027503967285,1067600,-0.009773182761325291
2011-04-01,29.550794499639817,29.832768208573885,29.550794499639817,29.694913864135742,1148000,0.011673863519602456
2011-04-04,29.7325183965919,29.78264574021242,29.46307705246942,29.569599151611328,1010900,-0.004229002919727561
2011-04-05,29.46307798336644,29.544537608430474,28.993122469278898,29.525737762451172,2134500,-0.0014844283662546556
2011-04-06,29.569598220116287,29.845306967454313,29.525735899461093,29.613460540771484,849500,0.002966656470662489
2011-04-07,29.519458464744478,29.82649458021801,29.387871558112963,29.632247924804688,597700,0.0006342192590663662
2011-04-08,29.820230338734447,29.87035766100323,29.26881545188029,29.35027503967285,1079700,-0.009561307963348711
2011-04-11,29.36282826311628,29.713726938459455,29.306433491676422,29.40669059753418,834400,0.0019203025406719068
2011-04-12,29.143499490687717,29.36281344239764,28.54195715916636,28.617149353027344,1950400,-0.027216053949742032
2011-04-13,28.679812234512937,28.874061329761076,28.510628001293618,28.692344665527344,1449000,0.002624184943157893
2011-04-14,28.454247437764593,28.823945970829254,27.633390724602584,27.821374893188477,4111100,-0.030825744483391173
2011-04-15,28.02187888515147,28.55449412764297,27.746170146651952,28.072006225585938,2213700,0.008968253744043303
2011-04-18,27.727365861224055,27.959209833034926,27.570714076697364,27.764963150024414,1287800,-0.010997952569921008
2011-04-19,27.815098298468033,27.9717501270382,27.627116582247275,27.708576202392578,1127900,-0.0020329320144272345
2011-04-20,28.059468666003756,28.216120460504122,27.82135965939122,28.140928268432617,1761700,0.01548306318003184
2011-04-21,28.19732752837154,28.19732752837154,27.846426591948774,27.915353775024414,1293900,-0.00804818667183598
2011-04-25,27.83389346975574,28.61715254835513,27.63964674806598,28.61088752746582,1612300,0.024610476186206622
2011-04-26,28.77380487553732,29.10590835618226,28.63595290066904,28.911659240722656,1600000,0.010457619532810002
2011-04-27,28.89912397778368,29.030713309079392,28.79260189898653,28.95551872253418,1127600,0.0015158676041860516
2011-04-28,28.980748682689338,29.38439745658523,28.980748682689338,29.308713912963867,1002200,0.012124059680269163
2011-04-29,29.38438546372983,29.59882408808374,29.296087631219777,29.54206085205078,1588300,0.007930164484710506
2011-05-02,29.642973507698716,29.95832428969551,29.56728999368143,29.762805938720703,1581200,0.007444451630575165
2011-05-03,29.617749285863102,29.73758414069667,29.422233311658257,29.605134963989258,1301000,-0.005311666298070061
2011-05-04,29.523153508984034,30.008794206476423,29.523153508984034,29.945722579956055,1350600,0.011438670865091698
2011-05-05,29.699744680879412,30.22322586778905,29.680824398803214,29.832191467285156,1200000,-0.0037984346220038202
2011-05-06,29.996178950451608,30.191694971756924,29.718668614245658,29.857423782348633,1009700,0.0008454508028215175
2011-05-09,29.81958618910341,29.920498400679822,29.586227150946137,29.592533111572266,638600,-0.008911442080424038
2011-05-10,29.56099712966181,30.09709518369595,29.56099712966181,30.02771759033203,603600,0.01459880502582334
2011-05-11,30.027710283625296,30.229534648335363,29.933104060070363,30.097087860107422,1000000,0.0023075434519024924
2011-05-12,29.952031418723294,30.488127019964043,29.952031418723294,30.481821060180664,1300000,0.012702056861920417
2011-05-13,30.4755132534797,30.544890842052386,30.24846020212786,30.30522346496582,854600,-0.005810385862007208
2011-05-16,30.18539279808294,30.336759904146394,30.116015205330203,30.153858184814453,641200,-0.005007207925592613
2011-05-17,30.01509420537924,30.185383954261102,29.54206792713052,29.598831176757812,1351900,-0.01857800803636345
2011-05-18,29.655604698248897,30.008798641147994,29.56730681400835,29.96464729309082,669000,0.012283389932824266
2011-05-19,29.914192568519958,30.30522708931573,29.844814971650067,30.254772186279297,904100,0.009635667046938788
2011-05-20,30.198011196250192,30.198011196250192,29.687141731046502,29.952037811279297,704700,-0.010056567568244863
2011-05-23,29.52945712761215,30.109704015915632,29.428544939116286,29.90157127380371,887500,-0.001686332710972576
2011-05-24,29.94571876957592,29.95833309327491,29.548375993834544,29.649288177490234,1012500,-0.008472912328217553
2011-05-25,29.47900009155273,29.62406120159042,29.239332759086206,29.479000091552734,730000,-0.005759969102093732
2011-05-26,29.497924543614758,29.497924543614758,28.8293797452519,29.251951217651367,1432600,-0.007731868800171458
2011-05-27,29.397011220450693,29.397011220450693,28.665397230243588,28.696931838989258,1203800,-0.01915606726269844
2011-05-31,28.89245177693154,29.012284258819943,28.741082278708223,28.848302841186523,2399400,0.005260951742424237
2011-06-01,28.728465513091358,29.346552966956228,28.58340439283151,28.608633041381836,2713600,-0.008342637357819822
2011-06-02,28.67800992373249,28.848299688396786,28.356350677387827,28.394193649291992,1359300,-0.00752385157461622
2011-06-03,28.173449913403253,28.223907215229758,27.744574877560854,27.977933883666992,2141000,-0.014768551398954124
2011-06-06,27.85808835782093,28.028378077559264,27.668878360090222,27.971614837646484,1649500,-0.00022588371816368972
2011-06-07,28.078848444652827,28.305901510108967,27.41661194103027,27.454452514648438,1594800,-0.018661880836179087
2011-06-08,27.435530020789304,27.47967895708346,27.08233612449944,27.132793426513672,908300,-0.011785273486057627
2011-06-09,27.214780457548763,27.5049026742789,27.139094518103914,27.321998596191406,749500,0.006949101228464677
2011-06-10,27.158016397417864,27.246314251538674,26.886814470654755,26.91204071044922,818900,-0.015118390570967978
2011-06-13,26.94358494424893,27.23370723012469,26.930970618001716,27.063417434692383,1103000,0.005609109263020535
2011-06-14,27.347234196213332,27.675199466057133,27.303085256612896,27.47968101501465,1082400,0.015263953613465837
2011-06-15,27.252628557081568,27.561673547096408,27.208479616498995,27.49860191345215,1338300,0.0006883044786655347
2011-06-16,27.43553100373835,27.750881934815805,27.309390150120038,27.416610717773438,837300,-0.002986103583148242
2011-06-17,27.662591463485228,27.757195324568993,27.34724044799805,27.347240447998047,863400,-0.0025334342052972907
2011-06-20,27.25263035316564,27.81395469694115,27.25263035316564,27.795034408569336,676900,0.016241760264762043
2011-06-21,27.83917627274563,28.066229299217206,27.70042111080492,27.738264083862305,869500,-0.002044551504199416
2011-06-22,27.586897711369478,27.832871027713097,27.567975021387056,27.656272888183594,1261200,-0.0029602650382402696
2011-06-23,27.385085849958063,27.662596332229786,27.240024646014998,27.530149459838867,1129100,-0.00457082168271325
2011-06-24,27.605821254271714,27.744576436152798,27.221092727009957,27.340925216674805,707200,-0.0068970762606752065
2011-06-27,27.40399254007747,27.757183993442283,27.391378215894967,27.593202590942383,811600,0.009184787593800238
2011-06-28,27.946400238533133,28.167144926809307,27.618434983139494,28.141916275024414,1054500,0.01969068781828273
2011-06-29,28.217590481225628,28.25543103721038,27.839168079828557,27.971614837646484,806200,-0.0060699070929827745
2011-06-30,28.009466460078258,28.12929893430819,27.624737982371116,27.706729888916016,2098500,-0.009514900216159028
2011-07-01,27.78241970368637,28.570797120964286,27.78241970368637,28.545568466186523,1448300,0.02982636399283522
2011-07-05,28.577107456408356,29.018596915750255,28.507729853958313,29.012290954589844,1614500,0.016217862262347275
2011-07-06,28.9996718035067,29.018592089778476,28.507725112946883,28.652786254882812,1380800,-0.012468876306474369
2011-07-07,28.8293908731437,28.974452059680186,28.54557446212125,28.810470581054688,997500,0.0054881930000239346
2011-07-08,28.463573757791455,28.51402865221146,27.795028963686732,28.160837173461914,1398100,-0.02280662289231283
2011-07-11,27.776090570284552,27.776090570284552,27.069703261444566,27.176923751831055,2318100,-0.03556403828174615
2011-07-12,27.10756323636073,27.50490604638394,27.10756323636073,27.27785301208496,1473900,0.0037069062376349853
2011-07-13,27.416609890040988,27.47337315215866,26.716530459235212,26.735450744628906,2026700,-0.020084699995938607
2011-07-14,26.86159022702219,26.86159022702219,26.01644970403546,26.054292678833008,4096100,-0.025807887219865353
2011-07-15,26.451630465170204,26.729140774301182,25.890306293971612,26.092130661010742,5872600,0.0014512208659772422
2011-07-18,25.91553847828693,26.047985286119648,24.792889982670737,24.849653244018555,7007800,-0.048789963142989154
2011-07-19,24.95057091897299,25.057789099537292,24.452315782859003,24.85596466064453,3822000,0.00025395184391430593
2011-07-20,24.849641676405682,25.019928975243115,24.70457820476048,24.830718994140625,1566900,-0.0010161945543319109
2011-07-21,24.900101733657323,25.120848762523583,24.773960918010307,24.887487411499023,1888800,0.002283607802148144
2011-07-22,25.089318510088898,25.688485741301083,25.01363496269537,25.543424606323242,2609000,0.02601476599457419
2011-07-25,25.385745647356607,25.720016807720334,25.202841560919893,25.492963790893555,2832300,-0.001977445248671737
2011-07-26,25.562337475337845,25.606486399003277,25.297443933345235,25.41727638244629,1729100,-0.002973368970634193
2011-07-27,25.335292881427215,25.461433736208164,25.03255627351495,25.1586971282959,2718900,-0.010225468311870827
2011-07-28,25.26672495172458,25.63530511659895,25.10150094882185,25.22859764099121,1828000,0.0027745310740209346
2011-07-29,25.006178408172737,25.304855278127146,24.847308145289382,25.139631271362305,1975900,-0.00353264206710394
2011-08-01,25.285787998968637,25.330271472268254,24.802821111476362,25.05701446533203,2286100,-0.0032917291351707493
2011-08-02,24.866372069464877,24.88543572362444,24.059310913085938,24.059310913085938,2226400,-0.04063173712659645
2011-08-03,24.110159387010402,24.663029857397373,23.91951548391813,24.574060440063477,2304900,0.021169363172467124
2011-08-04,24.377050109021337,24.47237079889449,23.684375762939453,23.684375762939453,2257800,-0.036875852723957436
2011-08-05,23.913160190256562,24.211834730246046,23.11880862529877,23.671676635742188,2735100,-0.0005363254265687836
2011-08-08,23.20776912201499,23.430186528330577,21.89867723638747,21.924097061157227,3035600,-0.07669290046576836
2011-08-09,22.216418294194014,22.705739023724483,21.491970240452382,22.673965454101562,4150600,0.03363101566472351
2011-08-10,22.375285958378942,23.25860418144222,22.1782883951784,22.5595760345459,4150300,-0.005057736345098034
2011-08-11,22.743864066847667,23.735212809783224,22.597703737419153,23.481021881103516,3135300,0.04003288169626654
2011-08-12,23.53186565985083,23.995766597629476,23.277674660281132,23.798768997192383,2065500,0.013441341178129238
2011-08-15,23.970356014875158,24.15464375414393,23.7288724360317,24.072032928466797,1714300,0.011416850709795593
2011-08-16,23.69709181365982,24.249959715523417,23.66531824213536,23.843252182006836,2459000,-0.009549457318831113
2011-08-17,24.046605948765126,24.19276631711214,23.703445558297464,23.843252182006836,2031200,0.0
2011-08-18,23.188703457675704,23.43018449957547,22.496029049768033,22.699382781982422,1979300,-0.049163516027022576
2011-08-19,22.4642512151189,23.684375932398563,22.35622061432288,23.150571823120117,2459300,0.019681747113252702
2011-08-22,23.614475329669414,23.665314976427403,23.1759942851368,23.328508377075195,1415000,0.007656667148978696
2011-08-23,23.385699099081364,23.95127677180381,23.08702469304679,23.88772964477539,2088600,0.023688774957331654
2011-08-24,23.80511921163775,24.27537624856373,23.728862165492487,24.141925811767578,1620400,0.010585066163526183
2011-08-25,24.3135082716524,24.38976775674498,23.544576644897457,23.54457664489746,1529700,-0.025054486425540732
2011-08-26,23.43654053075007,23.614474439359014,22.845542992393003,23.39841079711914,2023100,-0.006227397449882816
2011-08-29,23.633538538143522,24.084731910000087,23.512798015628515,23.94492530822754,2126100,0.023088309079789912
2011-08-30,23.8813865718236,24.364351255861298,23.830546908151952,24.199127197265625,1588100,0.010560151799432248
2011-08-31,24.332565278777427,24.73291651742226,24.20546860853274,24.618532180786133,2339200,0.017182933718474923
2011-09-01,24.726565016912787,24.80282205630741,23.938567529276472,23.963987350463867,1476700,-0.026947323636270476
2011-09-02,23.51915153484013,23.67166804660642,23.150573803003805,23.188703536987305,953000,-0.03288693278499172
2011-09-06,22.565929778062692,22.737509943028375,22.241835527017084,22.5595760345459,2074000,-0.02750560992243815
2011-09-07,22.88367509633927,23.106094952868535,22.801064292415564,23.08067512512207,1827800,0.022836059075514878
2011-09-08,22.864609615421656,23.27767329879395,22.826479876840704,23.118803024291992,1769300,0.0016505774244001262
2011-09-09,22.80740730234451,23.144211376870512,22.60405362442311,23.05524444580078,2114200,-0.002753001831819577
2011-09-12,22.705738137585314,22.877318315854367,22.32445046865489,22.743867874145508,3031800,-0.013597703256571312
2011-09-13,22.559569681382246,23.0361803084537,22.43247302932979,22.896373748779297,2444200,0.006682981369724428
2011-09-14,23.04254507900365,23.779703104732445,22.68667719192861,23.550931930541992,3519300,0.028186845662055923
2011-09-15,23.633539442685862,23.703442746247593,22.896381519597504,22.972640991210938,2142800,-0.02486140633672097
2011-09-16,23.06795807603227,23.328505169422456,22.680314307390596,22.890024185180664,4965200,-0.0036027952181700326
2011-09-19,22.60405929580678,22.883670067061598,22.4134154779436,22.70573616027832,1320100,-0.008083603695811237
2011-09-20,22.78835107564547,22.858254379732507,22.426127067347057,22.46425437927246,1587900,-0.010692235208011455
2011-09-21,22.426126415576647,22.686673544221957,21.99399911575011,22.00035285949707,1519500,-0.020866859345170678
2011-09-22,21.460203858138502,21.847847840201997,21.10433345633933,21.73981475830078,3069900,-0.011913131418311627
2011-09-23,21.6635395385548,22.025763383392512,21.619056078603975,21.89231300354004,1703900,0.006990209921997395
2011-09-26,22.082967010591112,22.324450494078253,21.746162821846752,22.29267692565918,1843000,0.01812266474928428
2011-09-27,22.60405540707587,22.80740910103462,22.152864550115353,22.254541397094727,1933200,-0.001712140031016147
2011-09-28,22.248192117161487,22.38164498976616,21.612711020794865,21.650840759277344,1721300,-0.027501807678461512
2011-09-29,21.688969176966705,21.885966753376273,21.269551775872714,21.62541961669922,2065900,-0.0011748309711229843
2011-09-30,21.371226723731937,21.466547419298106,20.691262247189208,20.72303581237793,2504500,-0.04262353416984813
2011-10-03,20.52604318337397,21.034427681034575,20.31633442657844,20.329044342041016,2427000,-0.019195303442747155
2011-10-04,20.062137923757597,20.74210249973006,19.928687475950213,20.506975173950195,2782400,0.008714461401946304
2011-10-05,20.48155583216663,21.371230353564957,20.443426092963374,21.320390701293945,3031400,0.038898844046911206
2011-10-06,21.377580861716954,21.390290772860585,21.091613921404445,21.294967651367188,1464300,-0.00119314040409362
2011-10-07,21.28861382850131,21.60635433340431,21.097970010393038,21.129743576049805,2394900,-0.007789088287475342
2011-10-10,21.403003544256485,22.095678037062047,21.358520061392937,22.076614379882812,1548200,0.04383717939275697
2011-10-11,21.841482380911536,22.30538324315558,21.51738812137613,22.146512985229492,2258700,0.0031611813871974498
2011-10-12,22.2354827329295,22.381643081733507,21.892322388345587,22.140159606933594,2672300,-0.0002869205549937213
2011-10-13,22.032123762180195,22.32444684671244,21.777932832189418,21.822416305541992,1907700,-0.01445542385668487
2011-10-14,21.879614004410936,22.095677670810193,21.47926024110714,22.08296775817871,1974800,0.0118689093314943
2011-10-17,21.32039072821499,22.407062843115494,20.86919972249626,22.235485076904297,3552800,0.006882817926664745
2011-10-18,21.663550338011678,22.222774372957044,21.282262655739085,22.08296775817871,3804400,-0.006882817926664739
2011-10-19,22.114741732231035,22.190998785246975,21.688970560043366,21.752517700195312,1516400,-0.015077114548307787
2011-10-20,21.790652138082294,22.273616810228372,21.784295968195543,22.21006965637207,1671700,0.020816266996840214
2011-10-21,22.43883727972122,22.54686789717964,21.994000049350554,22.29267692565918,2167500,0.0037124613876049497
2011-10-24,22.381653140561834,23.455615711829207,22.318103553281322,23.436552047729492,2454600,0.050038621398417804
2011-10-25,23.385702521122344,23.455605825583092,22.890028070099387,22.928157806396484,1735000,-0.021931103193501122
2011-10-26,23.207769289160805,23.79876688639058,22.89002874975417,23.620830535888672,2418100,0.029763218795435233
2011-10-27,24.180049730703296,24.910853794926577,24.12285634807567,24.650306701660156,2619200,0.04266037011825132
2011-10-28,24.675921922552998,24.79760594948721,24.03548790479196,24.381322860717773,2244300,-0.010971960009551002
2011-10-31,24.27245434365505,24.64390486620538,24.080322151476203,24.374923706054688,2186600,-0.00026249578876285615
2011-11-01,23.76010378456585,24.567052106854693,23.535952830075715,24.27885627746582,2523000,-0.003949027330149294
2011-11-02,24.547841632663786,24.720756699679914,24.278858024854266,24.669523239135742,1986100,0.015962745282087396
2011-11-03,24.81682166446396,24.989739166648334,24.304474867100375,24.93850326538086,1605300,0.01084432021110937
2011-11-04,24.823218671646867,24.970520629118923,24.374916863902776,24.75917625427246,1058000,-0.0072167469846357996
2011-11-07,24.714353337499475,24.98333450120442,24.45817870658418,24.784801483154297,1030600,0.001034443835039542
2011-11-08,24.81041839833664,24.957717949887282,24.54143480280686,24.93850326538086,949100,0.006182303149596113
2011-11-09,24.464576111661195,24.560639733349348,22.8763002910809,23.34381675720215,3325200,-0.06608078295876839
2011-11-10,23.54235297214037,23.798527551618513,23.190114757654314,23.53594970703125,1692500,0.008196884928666987
2011-11-11,23.83056008174742,24.06752253538301,23.6384302774166,23.926626205444336,968400,0.016462878994610946
2011-11-14,23.907410961546006,23.965047696864765,23.4975310024652,23.600000381469727,665200,-0.013745177803020772
2011-11-15,23.497520266554627,23.971442454831845,23.40145664185169,23.843355178833008,715900,0.010258841466195573
2011-11-16,23.76010209423187,23.798529016437353,23.196521893590095,23.241352081298828,1207600,-0.025572460312747698
2011-11-17,23.273378112485876,23.286187089205804,22.600922714595857,22.68417739868164,1260800,-0.024265458795686427
2011-11-18,22.889112723718096,23.170902810233144,22.703386273417284,23.07483673095703,1027500,0.017075054229093025
2011-11-21,22.92753349388271,22.92753349388271,22.22946043412339,22.47282600402832,1371300,-0.026435858623738494
2011-11-22,22.53688193203523,22.581712137181487,22.139813353712817,22.357561111450195,1012900,-0.005142277548354629
2011-11-23,22.255074933863543,22.274287166415384,21.86440991823544,21.941261291503906,1093100,-0.01879562719755203
2011-11-25,22.02453146646646,22.1974489914306,21.864422918506612,21.87082862854004,291200,-0.0032152186196991368
2011-11-28,22.498449378659224,22.991583901682734,22.255083749997553,22.47923469543457,1041800,0.027438257855546752
2011-11-29,22.588111806301082,22.74181462767165,22.2614890355296,22.267894744873047,907000,-0.009446037082123363
2011-11-30,22.882701192029206,23.04280965470201,22.74180496309754,22.933937072753906,1346200,0.02947183820502729
2011-12-01,22.997989889344172,23.11326823008774,22.63934589113503,22.671369552612305,1181200,-0.011514906522244845
2011-12-02,22.908335495392024,23.356639999703734,22.767439165820715,23.081253051757812,1093400,0.017917856587523616
2011-12-05,23.363032712780928,23.708867669269626,23.234945420407865,23.55516242980957,1210600,0.02032427605921277
2011-12-06,23.632020207490335,23.92021360950714,23.2861851933954,23.779319763183594,1248000,0.009471277540498734
2011-12-07,23.71527671813965,23.82415179828063,23.375847387174375,23.71527671813965,1244600,-0.0026968576892644094
2011-12-08,23.59999083720128,23.900995585135174,23.292582824509136,23.324604034423828,1446400,-0.016610657174036588
2011-12-09,23.375840911965895,23.689654645731267,23.27337157007427,23.5423526763916,823200,0.009292270036844364
2011-12-12,23.70246470893729,23.70246470893729,23.151693441084102,23.292587280273438,847100,-0.01066587313396445
2011-12-13,23.446287240770843,23.45269050530744,22.23586746923855,22.293506622314453,1511200,-0.04383971426780601
2011-12-14,22.35115154519222,22.35115154519222,21.64667255428999,21.678693771362305,1492600,-0.027965528850360164
2011-12-15,21.774764364587643,22.050151285820096,21.364886838026624,21.966894149780273,1860600,0.013206584261013357
2011-12-16,22.114193244013876,22.210259356016522,21.646676547930618,21.787572860717773,2643600,-0.008196753626086614
2011-12-19,21.531395886206028,21.550610572387598,20.929388652203222,20.993431091308594,1933600,-0.037130171378928455
2011-12-20,21.18556359488748,21.332863161366596,20.87815304225173,20.987028121948242,2694200,-0.00030504522961388394
2011-12-21,21.031858295860438,21.262414988557065,20.826919556366214,21.243200302124023,1562600,0.012132319997368463
2011-12-22,21.166349095181015,21.223988268925947,20.577150824066145,20.596363067626953,2137700,-0.030922348288119843
2011-12-23,20.68601475841376,20.884550149574657,20.557927488086133,20.769271850585938,1010000,0.008360069432523745
2011-12-27,20.782098410136765,20.788501679694665,20.42985872939526,20.58356285095215,1496300,-0.008981742094702042
2011-12-28,20.692434572018243,20.692434572018243,20.180086362961497,20.269746780395508,860200,-0.015363369379195043
2011-12-29,20.385018465635675,20.602764947699725,20.314570319904522,20.51951026916504,915200,0.012246685940515641
2011-12-30,20.58355328617202,20.58995899581686,20.359402309850882,20.423444747924805,1371800,-0.004692660678195933
2012-01-03,20.660414300964707,20.85254659059142,20.50671140093959,20.58356285095215,2693900,0.007809344116875297
2012-01-04,20.62197828676962,20.858938217163086,20.557933411621264,20.858938217163086,1758400,0.013289710422171747
2012-01-05,20.80129918161042,21.09589827995523,20.750065724232375,20.90376853942871,2872700,0.0021469077541494863
2012-01-06,20.935793934506126,20.974220867506414,20.269742975741917,20.429851531982422,3105400,-0.022932313961554283
2012-01-09,20.532317006804714,20.871746279531095,20.500293349099746,20.801298141479492,2875000,0.018018253761739992
2012-01-10,21.00624441773491,21.166352991716217,20.903775028109393,21.076692581176758,1880300,0.01315241752930446
2012-01-11,21.08949487942054,21.313645834761456,20.942195331187623,21.29443359375,1833400,0.010277891997870296
2012-01-12,21.37768581186806,21.390494783961643,20.93578482535507,21.191959381103516,1783000,-0.0048238696760740715
2012-01-13,21.0190500522536,21.35847939330357,20.807708038619918,20.935792922973633,2227900,-0.012161561034674334
2012-01-17,20.865344485067325,21.435330452312225,20.858938775849825,21.198368072509766,4309000,0.012463926778939488
2012-01-18,21.06388081099225,21.256010585698807,20.852538791733828,21.17915916442871,2977300,-0.000906561125628199
2012-01-19,21.262406489812502,21.281618725503787,20.679611724249053,20.974210739135742,3774800,-0.009724016878991206
2012-01-20,20.999828682098453,21.083083332135015,20.79489002451976,20.974210739135742,1838300,0.0
2012-01-23,21.0638812588066,21.76195466142936,21.038263303484392,21.697912216186523,2295700,0.03392242168356428
2012-01-24,21.6850997205073,22.011720047157787,21.653078503080746,21.947677612304688,2155500,0.011445285701769267
2012-01-25,21.94127095721857,22.504853643269733,21.736332242847634,22.42159652709961,2144900,0.021363294675683667
2012-01-26,22.543284096804427,22.67137142409985,22.24227924411957,22.351154327392578,1857200,-0.003146657575689424
2012-01-27,22.31912978593531,22.549686477391667,22.229469393271717,22.453622817993164,1781400,0.0045740064242643244
2012-01-30,22.350270426848198,22.363189954576303,22.040209153817525,22.259836196899414,2398800,-0.00866798671773152
2012-01-31,22.47946757380502,22.85412655770685,22.434250450113208,22.55052375793457,2167600,0.012974305004433187
2012-02-01,22.744302414258026,23.002687983906238,22.48591930875723,22.544055938720703,2198100,-0.00028685572863642987
2012-02-02,22.6086548252556,22.899338022981304,22.524679131657543,22.69908905029297,1874400,0.0068533572728232675
2012-02-03,23.086660359427984,23.325665375449606,22.989765168640997,23.164175033569336,1896100,0.020282111871564385
2012-02-06,22.731382242434243,23.842436710494983,22.31150878388961,23.680946350097656,4066300,0.022063867715462232
2012-02-07,23.70678627981851,23.70678627981851,23.441942177494337,23.51945686340332,1855700,-0.006842743104701428
2012-02-08,23.52590877946296,23.609884436340383,23.073737852000086,23.080196380615234,2063700,-0.018853079925545475
2012-02-09,23.248152963492306,23.81659724803799,23.11249919036119,23.63572883605957,3056100,0.023784550624693965
2012-02-10,23.454861445619002,23.952252064369983,23.2546125063876,23.79722023010254,2433500,0.006809275881044797
2012-02-13,23.90057506300227,24.307531490522805,23.609891900487604,23.706787109375,2360200,-0.0038073937352830793
2012-02-14,23.7003280679593,23.874737979843022,23.487162040644346,23.629274368286133,2452600,-0.003275000409846201
2012-02-15,23.235236753575244,23.50008087924258,22.32443110538781,22.91871452331543,2558700,-0.030532577752963752
2012-02-16,22.97038752730766,23.312746269694923,22.854114281940834,23.209392547607422,1570700,0.012603243028594939
2012-02-17,23.435484834661164,23.532380055256297,23.144804101171403,23.37088966369629,1167600,0.006934168516072847
2012-02-21,23.53237544048592,23.53237544048592,22.944550629047633,23.028526306152344,1096100,-0.014757494843144434
2012-02-22,22.91224378186625,23.0220559993824,22.253363084330342,22.298580169677734,2487000,-0.032210714687131714
2012-02-23,22.28567236596229,22.763684973399197,22.28567236596229,22.673248291015625,1299700,0.016662733222208535
2012-02-24,22.750771316872857,22.905800741231566,22.453627069246835,22.518224716186523,1890300,-0.006860771406423153
2012-02-27,22.447160042610747,22.976848226340568,22.330886786265438,22.854116439819336,1586300,0.014806282920502829
2012-02-28,22.951011695032296,23.170638707316474,22.58281383093053,22.776601791381836,1157800,-0.003397479855851645
2012-02-29,22.860581955136222,23.00915283605224,22.60865731079393,22.815364837646484,1726700,0.0017004335838482314
2012-03-01,23.03498379457604,23.06728137226418,22.757220190993028,22.867034912109375,1301400,0.0022621445799781994
2012-03-02,22.88641314218432,22.925171714196978,22.634488584470162,22.744300842285156,1238000,-0.00538174837571429
2012-03-05,22.757221220178415,23.09312146444991,22.679706537391866,23.028526306152344,1352600,0.012419120018583092
2012-03-06,22.879952677539638,22.983308871965,22.311508393083948,22.382564544677734,1840900,-0.028451434371293594
2012-03-07,22.51175636739575,22.51175636739575,22.227534206128894,22.33734893798828,1090700,-0.0020221694800386337
2012-03-08,22.569900369590002,22.576361366358107,22.23399999794844,22.518224716186523,1074700,0.008064850979985777
2012-03-09,22.628025085594903,22.770137369763006,22.531132362509627,22.72492027282715,658000,0.009137162977257602
2012-03-12,22.77015086098935,23.04145360335032,22.750772797720263,22.873504638671875,862800,0.006517106326838877
2012-03-13,23.002685959825563,23.08666163219405,22.795978507954814,23.047903060913086,690100,0.007595553770352519
2012-03-14,23.07375127719811,23.106048867359334,22.78306803745073,22.905799865722656,711600,-0.006184644069655822
2012-03-15,22.99623555909923,23.06729174043946,22.466547161660813,22.938098907470703,1046300,0.001409088142876703
2012-03-16,23.022065742578054,23.099580426814907,22.71846307177492,22.899333953857422,1496900,-0.0016914107285348663
2012-03-19,22.873491042206005,23.538830436536784,22.828273945357136,23.480693817138672,1477900,0.02507071865238425
2012-03-20,23.37733670293323,23.390256223604588,23.08665611234083,23.273983001708984,891800,-0.008842416474967182
2012-03-21,23.377344892249845,23.467781568630215,23.080203205156767,23.0866641998291,972000,-0.008080983875261684
2012-03-22,22.925170427903574,23.241690123732184,22.912250904624248,23.209392547607422,803100,0.005301904477127564
2012-03-23,23.26753357389724,23.5194581651555,23.13188225001165,23.500080108642578,876900,0.012446782090601986
2012-03-26,23.63573251738637,24.1395817230291,23.622812991068905,23.965171813964844,1307400,0.019597771933717912
2012-03-27,23.9780888005478,24.352747631627768,23.91349363995001,24.120201110839844,1496200,0.006448107796479025
2012-03-28,24.023304037064012,24.133118758514865,23.777840474568663,24.04268455505371,1789000,-0.003218935977237165
2012-03-29,23.99101257324219,24.08144679974996,23.848900237788346,23.991012573242188,1816800,-0.002151489676323567
2012-03-30,24.217098148528773,24.217098148528773,23.7132464939765,23.719707489013672,1207600,-0.01137304187496307
2012-04-02,23.810151657389913,24.255864399475918,23.726175935843745,24.087915420532227,1140200,0.015404037679049907
2012-04-03,24.126659641240654,24.236474371233808,23.939332689848094,24.120201110839844,1117600,0.001339429849473996
2012-04-04,23.984546023481847,24.05560216745416,23.83597520615203,23.86827278137207,1462600,-0.010499631409759668
2012-04-05,23.77138663832011,23.96517462753793,23.73908905080847,23.90057945251465,889900,0.0013526251755044702
2012-04-09,23.65511461261776,23.65511461261776,23.241699556481382,23.364431381225586,1238100,-0.022687864010542156
2012-04-10,23.36442667915187,23.3967267260325,22.87995554571374,22.97039222717285,1767800,-0.01700874732499096
2012-04-11,23.19646834182745,23.383797695342217,23.125412210208292,23.273983001708984,862600,0.01313003514712318
2012-04-12,23.25460896142495,23.558211589170604,23.25460896142495,23.422557830810547,906600,0.006363440538010201
2012-04-13,23.33859207821385,23.500082469773858,23.19002121367638,23.37088966369629,3932600,-0.0022083514200714805
2012-04-16,22.99622702956014,23.306290699338664,22.602192608171958,23.099580764770508,6414600,-0.011676747796356843
2012-04-17,23.31920665095004,23.687404469133135,23.25461149357126,23.63572883605957,1002200,0.022945032268737443
2012-04-18,23.687413298903557,23.687413298903557,23.325676340104888,23.467788696289062,1772000,-0.0071307138053984705
2012-04-19,23.506536104650234,23.56467273206752,23.05436260964326,23.112499237060547,1544200,-0.015255223411740324
2012-04-20,23.325662766244914,23.512992133266692,23.131874870495086,23.20292854309082,2083300,0.0039049373081051905
2012-04-23,22.925171848515735,22.931630378482062,21.839956467275506,21.988527297973633,5351000,-0.05375767013030919
2012-04-24,21.936850757794478,22.860575849783206,21.936850757794478,22.692626953125,3301600,0.03151923701885745
2012-04-25,22.95101401245481,23.11250440649493,22.737847973678733,23.01561164855957,1942200,0.014132685099395356
2012-04-26,23.170634816202252,23.635727814499017,22.963927364547512,23.57113265991211,2807300,0.02385001794508492
2012-04-27,23.636371216050797,23.97561835950963,23.57765531643869,23.929950714111328,1559400,0.015108071387784083
2012-04-30,23.943002532487462,24.04738609303644,23.760329435001463,23.969099044799805,1447700,0.0016346186240637206
2012-05-01,24.066966764485066,24.282259343276515,23.871247822030078,24.060443878173828,1746000,0.0038036982218557732
2012-05-02,24.014774179952074,24.21049310587948,23.812529879563087,24.164825439453125,1286300,0.004328922399467033
2012-05-03,24.138717733545768,24.29529429495353,23.96909540666237,24.125669479370117,1094500,-0.0016216842975022012
2012-05-04,23.603757952819667,23.890812153947635,23.48632612310807,23.545042037963867,2994900,-0.024361128155684794
2012-05-07,23.66247201426303,24.17786694999446,23.525469053230772,23.714662551879883,2902600,0.007178260792355703
2012-05-08,23.54503639438025,23.616800549636036,23.055738050763622,23.44065284729004,1596100,-0.011621713749095167
2012-05-09,23.329740471646918,23.329740471646918,22.918731715775664,23.055734634399414,1202200,-0.01655728658827723
2012-05-10,23.297126861447232,23.4015104189532,22.96440504961581,23.147075653076172,1369800,0.0039539212920888115
2012-05-11,23.10140774771613,23.486322578410313,22.997024191360097,23.277555465698242,1264000,0.0056211607091569
2012-05-14,23.010067381891535,23.18621506109907,22.833919702684003,22.899158477783203,1355200,-0.0163894493908453
2012-05-15,22.931787092900777,23.897335682569164,22.8926423231181,23.486324310302734,2333600,0.025318145322479224
2012-05-16,23.721187605797912,23.845142308585363,23.486323967926573,23.584184646606445,1517700,0.004158037780632705
2012-05-17,23.59070694191312,23.67551936207306,22.657777786254883,22.657777786254883,1220800,-0.04007316218725892
2012-05-18,22.670828003731362,22.820879228565225,22.272864869358656,22.338106155395508,1466000,-0.0142091667647738
2012-05-21,22.429439709072298,22.46858198892575,21.80313585571274,22.449010848999023,1559700,0.004952536698364357
2012-05-22,22.520763300043612,22.612098557129737,22.34461566622075,22.488143920898438,1127400,0.0017416804420372714
2012-05-23,22.344626864274947,22.631681028788982,22.194575654049405,22.605587005615234,1000000,0.0052088548826680625
2012-05-24,22.409856434759778,22.762151734007713,22.311998288546015,22.56643295288086,3236700,-0.0017335537607508843
2012-05-25,22.683881722532625,22.88612602489029,22.514256826696858,22.775217056274414,1072300,0.009209438959388725
2012-05-29,23.04921350685488,23.38193526150885,22.918733460220032,23.173168182373047,1604900,0.01732209193335896
2012-05-30,23.049213572571038,23.15359711243655,22.918733525564175,23.023117065429688,1570900,-0.006496264530189856
2012-05-31,23.04921581600342,23.31017344671685,22.88611636354498,23.107929229736328,2153800,0.0036770143613073752
2012-06-01,22.80130983314262,23.07531578937795,22.6512585968184,22.807832717895508,1773000,-0.01307179810466083
2012-06-04,22.762159345509804,22.938307054036297,22.27938635654104,22.53382110595703,1990400,-0.012086676361935375
2012-06-05,22.48163414001465,22.69040129773625,22.409869962916442,22.48163414001465,1735100,-0.002318625415963793
2012-06-06,22.72301872719986,22.814354029684445,22.559919261705865,22.755638122558594,1658000,0.012114228810673623
2012-06-07,23.023125343690676,23.140557179350992,22.69692635323442,22.749116897583008,940100,-0.00028661730042685714
2012-06-08,22.82087541652879,22.82087541652879,22.462057113715794,22.50772476196289,1994800,-0.01066775391236473
2012-06-11,22.68388064671215,22.709977166172475,22.057579111870833,22.090198516845703,1372300,-0.018724568921769647
2012-06-12,22.33157911997474,22.42291442492631,22.01842843641204,22.390295028686523,978000,0.013493603209118262
2012-06-13,22.357674234196942,22.403341883816672,22.01842705937878,22.08366584777832,1443500,-0.013789373987109615
2012-06-14,22.181524030855815,22.403339370712374,22.064092233949406,22.22066879272461,1847600,0.006184649098254586
2012-06-15,22.24676463880789,22.56644066523776,22.129332832258154,22.50772476196289,2435600,0.012835690601506338
2012-06-18,22.409862108934977,22.50772276862638,22.253288039868682,22.4751033782959,856200,-0.0014503929936958626
2012-06-19,22.664305144179288,22.944833963991403,22.527299687702882,22.690399169921875,1081900,0.009533710916173608
2012-06-20,22.775207600441416,22.775207600441416,22.364196280546267,22.53382110595703,1281400,-0.006924550104396118
2012-06-21,22.66430744319011,22.768691022850653,22.077148252161543,22.14891242980957,1470500,-0.017228945809233665
2012-06-22,22.338108795637606,22.42291874445869,21.887952579229424,22.09671974182129,1421600,-0.002359225516059532
2012-06-25,22.005381010604683,22.005381010604683,21.555227352626943,21.633514404296875,1330000,-0.02118546453007718
2012-06-26,21.70527657955847,22.018427246193635,21.47693584082222,21.509557723999023,1395600,-0.005746323350312749
2012-06-27,21.15726097520189,21.568272288410007,21.013732661989504,21.05287742614746,4559600,-0.021460136039546725
2012-06-28,20.994157577134217,21.613935871926238,20.8767257954389,21.548694610595703,2183000,0.02327799418530842
2012-06-29,21.946668499252194,22.1489127768197,21.881429694205067,22.09671974182129,1331300,0.025113929734628254
2012-07-02,22.279386603464896,22.462057197131664,22.05104587268125,22.266338348388672,1186400,0.007646877397641937
2012-07-03,22.272869175665818,22.383778139021654,21.881431338565264,22.090198516845703,857400,-0.00794204281220003
2012-07-05,22.15543524215444,22.50120787071673,22.05105166283584,22.42291831970215,1122300,0.014949570962424427
2012-07-06,22.33809145546454,22.33809145546454,21.927080334356774,22.292421340942383,915000,-0.005836804561207859
2012-07-09,22.305480959389406,22.449009278679902,21.92709151130567,22.16847801208496,1183400,-0.005575400035832377
2012-07-10,22.292430940134707,22.292430940134707,21.70527443156252,21.95970916748047,1334200,-0.009461997671998602
2012-07-11,22.044515960958517,22.10323184573083,21.587837133696013,21.84227180480957,1100800,-0.0053622069804261175
2012-07-12,21.71179761868357,21.79008714521733,21.41169523307101,21.45083999633789,1525000,-0.01808336055799947
2012-07-13,21.37908170539688,21.54218119736173,21.15074092342564,21.470417022705078,2210500,0.000912229933811527
2012-07-16,21.418227153315403,21.48998884152926,21.065931642298327,21.105073928833008,1347200,-0.01716255307509574
2012-07-17,21.529130995632595,22.031477684174753,21.29426735021543,21.698753356933594,2777700,0.027741327772506312
2012-07-18,21.626989445099788,21.972759504772974,21.548699912241503,21.705276489257812,1511500,0.00030057726881341793
2012-07-19,21.855331061861445,22.10324297671277,21.685708691932,21.998859405517578,3251900,0.013435219634824958
2012-07-20,21.89446455276774,22.240234487555668,21.75093628306738,22.07713508605957,4675000,0.003551854642718145
2012-07-23,22.833923424421023,23.78642363283741,22.651252833409703,22.95787811279297,7029100,0.03911868903720009
2012-07-24,23.08184116283162,23.355847119066944,22.657781481571288,22.807832717895508,2192000,-0.0065571332679517785
2012-07-25,22.912218432744513,22.95136321101671,22.546877123674744,22.64473533630371,1578100,-0.007176627794077179
2012-07-26,22.89915973877311,23.107926817026435,22.670821524652247,23.049213409423828,1391100,0.01770425402731693
2012-07-27,23.16664457133996,23.727707072406552,23.127502296465597,23.655942916870117,2026700,0.025982726040691424
2012-07-30,23.68230162252274,23.965646010782727,23.451673638430425,23.926111221313477,1609200,0.011356012795887698
2012-07-31,24.05131279048196,24.097438394741015,23.557107733143287,23.603233337402344,1172500,-0.013586673823088527
2012-08-01,23.827267654634863,23.83385594789465,23.49120939794613,23.510976791381836,1150500,-0.003916298869615043
2012-08-02,23.491206839230525,23.537332427993963,23.069483220505248,23.300113677978516,1335200,-0.009009170156690699
2012-08-03,23.669121413066417,23.926110100864406,23.458260833583235,23.767963409423828,1214200,0.01988035922710202
2012-08-06,23.873399826215245,24.13697687504382,23.787736908297404,24.02495574951172,1467200,0.010754514332857176
2012-08-07,24.229225523132268,24.374193136007428,24.077669615879497,24.248992919921875,1309200,0.009281974442839108
2012-08-08,24.26217880048251,24.426913856169467,24.117211147107597,24.407146453857422,1034200,0.006500889423422522
2012-08-09,24.42031443077971,25.243989333837707,24.33465153703791,24.624584197998047,1650400,0.008869324685935702
2012-08-10,24.631176980307714,24.776142065585923,24.104025502803943,24.749786376953125,1152400,0.005071556188124921
2012-08-13,24.894748308748472,24.967232099034124,24.51915277150117,24.762962341308594,992900,0.0005322251342362074
2012-08-14,24.88815884214202,25.026535609621924,24.697065679247242,24.8024959564209,804000,0.001595208633328244
2012-08-15,24.78273317961628,25.039719370975455,24.72342848055981,24.85521697998047,1087800,0.00212337782997954
2012-08-16,24.894754017046843,25.24399394907964,24.81568191572066,25.19786834716797,1396700,0.013691732200619255
2012-08-17,25.237403141002673,25.435084651146518,25.019954233941476,25.19786834716797,1075400,0.0
2012-08-20,25.243987952657683,25.243987952657683,24.88815981072762,25.11878776550293,1180700,-0.003143318848558457
2012-08-21,25.237402351272603,25.250581453357363,24.927702250079214,25.033132553100586,754300,-0.00341583313831249
2012-08-22,25.06607986450163,25.06607986450163,24.789323739058513,24.87498664855957,621700,-0.0063375032513367305
2012-08-23,24.80909536014062,24.86180926016714,24.473034507050873,24.571876525878906,934600,-0.012260188006852054
2012-08-24,24.42690675214684,24.70366287231445,24.35442294653969,24.703662872314453,1523500,0.005348968768749899
2012-08-27,24.828865971134885,25.03972662583884,24.74979385403522,24.822275161743164,1066200,0.004789914978559052
2012-08-28,24.73002397742899,24.861812515235314,24.5652889335854,24.710256576538086,1196500,-0.004523038586792817
2012-08-29,24.664130965354467,24.868403324637136,24.55210982843904,24.710256576538086,1207900,0.0
2012-08-30,24.68389438402675,24.769557296829575,24.393961658553106,24.644359588623047,1179100,-0.0026703490855852626
2012-08-31,24.809092550166987,24.95405764406332,24.62458763682953,24.716838836669922,750100,0.002936691265546235
2012-09-04,24.697073751785595,24.730020252860808,24.268764210493988,24.512571334838867,1262800,-0.008298643977273238
2012-09-05,24.446677916932977,24.53893164698004,24.216049875958127,24.466447830200195,792600,-0.0018833990169272563
2012-09-06,24.598227154738414,25.138557660249468,24.598227154738414,25.00676918029785,1148200,0.021843852786675787
2012-09-07,25.099019396489325,25.36918463885032,24.769549466114647,24.8024959564209,859500,-0.008202263918491687
2012-09-10,24.716836324386804,25.05289710525492,24.59822944640229,24.940876007080078,1214300,0.005563772706439674
2012-09-11,25.085840286199456,25.428489315271644,24.74978206337916,25.408721923828125,1291600,0.01858443369274231
2012-09-12,25.494387964590338,25.685481169888014,25.29011817117119,25.606409072875977,1628100,0.007750176651319614
2012-09-13,25.632768615704727,25.830450125391692,25.388958990555924,25.744787216186523,1013900,0.005389493848718045
2012-09-14,25.810682147407523,26.344424525816752,25.685484435084994,26.33124542236328,1720000,0.02252410448709783
2012-09-17,25.63276935855332,25.896343874555512,25.520748241168327,25.672304153442383,1810900,-0.025343521487477507
2012-09-18,25.744786808029005,25.850217112434347,25.441674997070738,25.48780059814453,749200,-0.007212821634736216
2012-09-19,25.046302667064545,25.369184300534556,24.749781744606512,25.30329132080078,969400,-0.007265450771365934
2012-09-20,25.29011435883193,25.369186443924303,24.97382350480617,25.171504974365234,1047800,-0.0052218792574222316
2012-09-21,25.257179325527343,25.421914377177302,25.000190533481188,25.046316146850586,1002200,-0.004985843035586787
2012-09-24,25.033124810538364,25.323057425758925,24.927694540125803,25.105606079101562,905600,0.0023644142533689443
2012-09-25,25.066081373218378,25.105616169477845,24.710253124941556,24.73002052307129,969400,-0.015073259545298583
2012-09-26,24.914522492717865,25.013361985268933,24.525747789241084,24.585052490234375,912800,-0.005879275505747868
2012-09-27,24.710251464023,24.842039974562475,24.585053761521717,24.809093475341797,793900,0.009071622443008652
2012-09-28,24.789328255216297,25.224228662723345,24.690488738853066,25.151744842529297,1202200,0.013717013219940259
2012-10-01,25.125384867285746,25.138563969954443,24.795914841538806,24.980417251586914,1635800,-0.006835063591649253
2012-10-02,24.993595188015085,25.164918487400282,24.88816488524188,24.90793228149414,1415200,-0.002905889722855553
2012-10-03,25.000183064238907,25.09243677707269,24.51256886468645,24.65094566345215,1152500,-0.010371054879568698
2012-10-04,24.82226809030427,25.039719492451766,24.57187270521248,24.68389129638672,1105500,0.0013355932587263265
2012-10-05,24.80250443160026,25.006776763149954,24.716841516607555,24.881576538085938,1066700,0.00797677490170329
2012-10-08,24.87498406800022,25.211042349400095,24.835446764565198,25.1846866607666,687700,0.012108506075843978
2012-10-09,25.19785962003322,25.276931693973243,24.690475661077592,24.75636863708496,889000,-0.017153363033970262
2012-10-10,24.749789097222166,24.855219404310848,24.525749380451614,24.591642379760742,858900,-0.006676130030776033
2012-10-11,24.83545326549777,25.059493016294546,24.716843837801996,24.914527893066406,800200,0.013044438297653404
2012-10-12,25.013352417647464,25.962227270594994,24.94745944781752,25.896331787109375,2524300,0.03865024598279689
2012-10-15,25.11879376089374,25.25717308044369,24.782735444630795,24.87498664855957,3787700,-0.04023858253051346
2012-10-16,25.290115356445312,25.428492139229547,24.993591883581686,25.290115356445312,1759900,0.016550875714478983
2012-10-17,25.428497034884717,25.955648580545954,25.204457313771584,25.672304153442383,1770500,0.014999129391970078
2012-10-18,25.784321934358246,25.896340523591277,25.514156645062464,25.731605529785156,1409000,0.0023072720738872904
2012-10-19,25.771142833214974,26.008361626480834,25.26375875065333,25.731605529785156,3559100,0.0
2012-10-22,25.90953134533143,26.331252718062565,24.881583614056037,25.296716690063477,3924700,-0.017045411267871884
2012-10-23,25.11219666909179,25.204447840702883,24.222626413579324,24.23580551147461,2568200,-0.042843505943347515
2012-10-24,24.268761964571297,24.585052870205036,24.077668756899868,24.281938552856445,1578800,0.0019016982827496994
2012-10-25,24.52574699233276,24.670712079428675,24.077667602422004,24.097434997558594,1647100,-0.007627401359267099
2012-10-26,24.20945566514423,24.25558126206857,23.81409017394866,23.95246696472168,2192000,-0.00603407985344354
2012-10-31,24.62465230239069,24.651274157434962,23.91918837651642,23.95246696472168,2153700,0.0
2012-11-01,24.518174672926236,24.518174672926236,23.8659542642287,24.178754806518555,2617900,0.009403023682833665
2012-11-02,24.378418750200076,24.4383166847726,23.60640233726592,23.679611206054688,2103800,-0.020859955807392062
2012-11-05,23.81936744916066,24.18540918118586,23.77943465448859,24.072267532348633,1401800,0.01644606188787374
2012-11-06,24.99734360540562,25.729426641019675,24.45826261742131,25.150415420532227,7254700,0.04381396101867142
2012-11-07,24.964074596417845,25.043940169638333,24.591378743255916,24.764415740966797,1703200,-0.015466640489753884
2012-11-08,24.644624621179204,25.01066888793334,24.57807250293331,24.79104232788086,1718500,0.0010746178327902859
2012-11-09,24.657934559371196,25.08387419210952,24.644623628498067,24.771076202392578,1179300,-0.0008057010943217427
2012-11-12,24.90416938722972,25.037276098120824,24.498197600270917,24.591371536254883,966500,-0.007281059520838225
2012-11-13,24.61800393322245,24.96407797548786,24.591382071878826,24.611347198486328,1023400,0.0008119739657736278
2012-11-14,24.611341470159132,24.7777242566303,24.205367064961507,24.278575897216797,1085100,-0.013613293674007437
2012-11-15,24.225338520176933,24.46492763763079,24.0057119890106,24.185405731201172,1163000,-0.003844928859190414
2012-11-16,24.238642111794103,24.584718597993657,24.038983284048136,24.258609771728516,1061300,0.0030222142192995287
2012-11-19,24.71783915796749,25.05726163994734,24.47159321727702,24.88422203063965,1141600,0.025462352735457165
2012-11-20,24.791033336626572,24.944105184116225,24.56475266233759,24.797687530517578,1389400,-0.003483545153358896
2012-11-21,24.917486593607237,25.117147979675874,24.75776053131231,25.07721519470215,1103200,0.011209268619632607
2012-11-23,25.16373872837897,25.456571578979492,25.11715174166526,25.456571578979492,533500,0.015014252242955512
2012-11-26,25.456562063293312,25.616290628605327,25.356731392623377,25.503149032592773,710000,0.0018280110653929047
2012-11-27,25.52977424246382,25.75605492546333,25.436600291605153,25.48984146118164,1003600,-0.000521937293121128
2012-11-28,25.296839119470906,25.66288330073711,25.290184924720606,25.649572372436523,936900,0.006246901116862229
2012-11-29,25.616296418333278,25.86254224582903,25.343428734135287,25.689502716064453,983200,0.0015555539951150037
2012-11-30,25.756057336633628,25.962370378906307,25.476532919090012,25.596328735351562,1669000,-0.0036335214068529804
2012-12-03,25.689495322016846,25.882499919356793,24.990688286916246,25.090518951416016,1341000,-0.0199588886660411
2012-12-04,25.083877128564573,25.17039691996817,24.39172641373811,24.837631225585938,1600400,-0.010130152530834075
2012-12-05,24.724487381998287,24.817661352406848,24.378410821337713,24.624656677246094,1857300,-0.008611646309096645
2012-12-06,24.631312697624935,24.844285052794568,24.618004305552276,24.771076202392578,1013200,0.005928445452852179
2012-12-07,24.797694626495446,24.957423252382863,24.464928983130342,24.930801391601562,1092800,0.006427352317703508
2012-12-10,24.9441123287493,25.043943037306025,24.657933672273757,25.023975372314453,1011800,0.003730337509041162
2012-12-11,25.0971874854798,25.529783893776926,24.83763065602181,25.296846389770508,1217800,0.010845359138726715
2012-12-12,25.33677242215608,25.44991404562325,25.077215661990262,25.137113571166992,1528200,-0.0063343569619049725
2012-12-13,25.18415101201546,25.44620553825503,24.888500211709783,24.996009826660156,1011000,-0.00562917718054755
2012-12-14,25.016161397702646,25.069917474586433,24.747388702976192,24.841459274291992,1227100,-0.006202202904147925
2012-12-17,24.84146644612679,24.975851550672147,24.56597288063831,24.693639755249023,1662400,-0.0059682916042370715
2012-12-18,24.807862248370334,24.935531658636584,24.626441883773786,24.673477172851562,1895400,-0.0008168426585624075
2012-12-19,24.780995822750462,24.90866271641751,24.559255753335542,24.572694778442383,1721900,-0.004093009917894596
2012-12-20,24.70035361193986,24.75410969482564,24.27703599375435,24.592844009399414,1273400,0.0008196485823958691
2012-12-21,24.41143576765016,24.505506396212358,24.169538400928865,24.21657371520996,2022200,-0.015418243678613329
2012-12-24,24.391258069625728,24.780981888894214,23.94106251622645,24.115764617919922,687100,-0.0041715028468279
2012-12-26,24.07545178771261,24.169522353817598,23.699166960061962,23.77979850769043,1281400,-0.014029342125189276
2012-12-27,23.81340120670877,23.947788864555225,23.45727609216233,23.89403533935547,1182700,0.004792442356368382
2012-12-28,23.860430670287972,23.920904973375634,23.55806171808042,23.726045608520508,1800300,-0.007055444860998599
2012-12-31,23.652136349865994,24.135928294448277,23.54462674404424,24.12249183654785,1071800,0.016571260957481116
2013-01-02,24.438301159462828,24.445021952001095,23.71933015174791,24.068737030029297,2460900,-0.0022308967867053103
2013-01-03,23.927636635315633,24.310639874468343,23.853723279824422,24.270322799682617,2271100,0.008340540298677994
2013-01-04,24.377823604863803,24.485333202114486,23.954506007506662,24.01498031616211,2228900,-0.010576504538992641
2013-01-07,23.93434689673353,24.021699248067563,23.51774751559062,23.7529239654541,2372900,-0.010972178231207446
2013-01-08,23.69245241573319,23.84699988734439,23.52446848533362,23.773086547851562,2953400,0.0008484862663341731
2013-01-09,23.920906701586425,24.203120990794858,23.833556917772974,23.97466278076172,1728300,0.008443431713527544
2013-01-10,24.17624518130374,25.0967963346324,23.974664992263833,24.908655166625977,5557800,0.038217784908580174
2013-01-11,24.969127391707868,24.969127391707868,24.465175679633653,24.787704467773438,2704400,-0.004867597488202825
2013-01-14,24.747396251837536,24.78771075856695,24.162810271944956,24.56597328186035,1791000,-0.008985457127973594
2013-01-15,24.606287208598616,25.05648550790784,24.451742288904867,25.002729415893555,1993000,0.0176227100347303
2013-01-16,25.00272215218087,25.452920320699928,24.861616296484325,25.244619369506836,2043200,0.009628043191992548
2013-01-17,25.452923949282297,25.735135700907644,25.27150101042407,25.49323844909668,1747000,0.009800219408000436
2013-01-18,25.63434530559805,26.272682103408798,25.506675895451096,26.212207794189453,3177500,0.027811990446270033
2013-01-22,26.23909555962853,26.27269184092871,25.99719823309608,26.118146896362305,1640100,-0.003594892474207999
2013-01-23,26.138298810656504,26.20549135293566,25.53355567721936,25.614187240600586,2370800,-0.019483969051245584
2013-01-24,25.66794024975649,26.024065294985135,25.647780438903126,25.83592414855957,1873900,0.008619545218767226
2013-01-25,25.14383417921968,25.3050998847619,24.592847077066864,25.069923400878906,7321900,-0.03009707552834685
2013-01-28,25.043041127217975,25.043041127217975,24.868336428779266,24.875057220458984,3041900,-0.007803273393867774
2013-01-29,24.848185195128206,25.043047189313736,24.727236547925575,25.009450912475586,1108100,0.005388206567460393
2013-01-30,25.09679896216932,25.170712303976334,24.97585032343629,25.02288818359375,2551300,0.0005371434429816456
2013-01-31,25.002727508984556,25.150554187517844,24.88177887440848,25.11023712158203,1749700,0.003484683065199058
2013-02-01,25.325255377768823,25.345415191581036,25.009447344664984,25.29837989807129,1555400,0.007464741596137567
2013-02-04,25.150556564331055,25.278223440345712,25.029607918324917,25.150556564331055,1379100,-0.005860331938385455
2013-02-05,25.352132804407905,25.57387280833318,25.29837928308829,25.45964241027832,1055500,0.012214521777302445
2013-02-06,25.399175354800025,25.721704264576594,25.345421818119892,25.647790908813477,1506600,0.00736289562246273
2013-02-07,26.19877601793256,26.19877601793256,25.473084177647635,26.017353057861328,1806900,0.014306297199498646
2013-02-08,26.111416180806888,26.769912719726562,26.04422108710239,26.769912719726562,2649100,0.0285148564560232
2013-02-11,26.904301690816272,26.964775996562484,26.47426332250139,26.66912269592285,3309100,-0.0037721542888171037
2013-02-12,26.736320033773126,26.890864925136828,26.66240670241851,26.803512573242188,2206600,0.005026502232311672
2013-02-13,27.031970601805188,27.246989802439117,26.830390421614766,27.159637451171875,2341400,0.01319900887588253
2013-02-14,27.038679365113804,27.515752844085686,27.02524035064883,27.468717575073242,2162000,0.011315860485083292
2013-02-15,27.54264337189153,27.54936160055779,27.166358485803645,27.233551025390625,1925000,-0.008598107700816704
2013-02-19,27.367944859705464,27.50233253251528,27.09245128389959,27.488893508911133,1749500,0.00933234393657549
2013-02-20,27.57624372643233,27.925650623149092,27.42841704156677,27.62999725341797,1427600,0.00511998883865889
2013-02-21,27.965965127580453,27.965965127580453,27.38138174424254,27.62999725341797,1639800,0.0
2013-02-22,27.784542875398014,27.871895242609245,27.448574992681078,27.63671875,1164900,0.00024323850234766125
2013-02-25,27.77110204677793,27.878611649804657,26.937900700897455,26.951339721679688,2403900,-0.025112270532859166
2013-02-26,26.971494585485914,27.159635733332966,26.870705783381094,26.911020278930664,1460500,-0.0014971289887614088
2013-02-27,26.88414472032944,27.294025884442227,26.870708262727074,27.22683334350586,1515200,0.011667128482489597
2013-02-28,27.1663549892483,27.33433887982578,26.87742249239658,26.89086151123047,1494600,-0.012416498875227047
2013-03-01,26.94461892967301,27.16635892773314,26.79679482753071,26.951339721679688,2154700,0.0022464993814986624
2013-03-04,26.88414500629497,27.112603236432303,26.88414500629497,26.931182861328125,1433400,-0.0007481780854182567
2013-03-05,27.07228672618162,27.44185080427887,27.07228672618162,27.347780227661133,1031600,0.015350534466311877
2013-03-06,27.34778412234098,27.83157609430633,27.34778412234098,27.51576805114746,1664100,0.006123860149093397
2013-03-07,27.48889024192972,27.865175168430408,27.475451219922764,27.58968162536621,930300,0.0026826246398158862
2013-03-08,27.750945801460674,28.053317399853892,27.596400887444464,27.999561309814453,778700,0.014746993877020746
2013-03-11,28.006274952772355,28.409435272216797,27.804694793050132,28.409435272216797,1459100,0.014532475340810522
2013-03-12,28.254900750955105,28.36913117336741,28.01300344535892,28.32209587097168,1008400,-0.0030790450561457867
2013-03-13,27.91892892740892,28.20786149490362,27.750944995759973,28.0936336517334,1197700,-0.008099282596031947
2013-03-14,28.22130194544143,28.436321183776748,28.073475257874083,28.37584686279297,910300,0.00999533050650289
2013-03-15,28.248180528463674,28.67149822017224,28.248180528463674,28.476638793945312,1271900,0.0035457389623895037
2013-03-18,28.261610059062125,28.469908438381754,28.086905381250705,28.36911964416504,637200,-0.003782842588439595
2013-03-19,28.496790353322957,28.52366839406394,27.932364313917606,28.10706901550293,962700,-0.009280106024739509
2013-03-20,28.234739770728755,28.476637044404338,28.234739770728755,28.382566452026367,730400,0.009753988266411528
2013-03-21,28.34897082241659,28.94699584477061,28.234742965384996,28.819326400756836,1152500,0.015271118310017689
2013-03-22,28.846203036792524,29.511418018886147,28.752132438373753,29.457664489746094,1809900,0.021907912891448833
2013-03-25,29.545008476708094,29.659236295745526,29.155284607268023,29.343425750732422,1376200,-0.003885604238868685
2013-03-26,29.32328116587935,29.471107878568183,29.19561427243205,29.450950622558594,985400,0.003657662461464153
2013-03-27,29.383742808573725,29.531569457427658,29.269514989536294,29.343425750732422,660400,-0.0036576624614641337
2013-03-28,29.44421928693391,29.56516790615393,29.303113418920894,29.524850845336914,993000,0.006163783942389265
2013-04-01,29.565168662420582,29.585325911729193,29.168726525554337,29.26951789855957,980000,-0.008685680531852683
2013-04-02,29.31655246914221,29.31655246914221,29.027619941069332,29.15528678894043,1006700,-0.003910368405642475
2013-04-03,29.182172182307582,29.30312083212561,28.839483486745944,28.91339683532715,1494200,-0.00833121529984932
2013-04-04,29.04778470718208,29.356874564058153,28.879800754980078,29.202329635620117,1034800,0.009943442109361895
2013-04-05,28.80587883277207,29.12168938915535,28.60429866276971,29.114971160888672,1822300,-0.0029959733691844515
2013-04-08,29.114972435781123,29.155286933608338,28.920110485512787,29.061216354370117,1124800,-0.0018480008440792627
2013-04-09,29.06122032044326,29.571890347385306,28.946992476702412,29.504697799682617,860300,0.015144984193774549
2013-04-10,29.585321850177166,30.069116273015954,29.430776979154942,30.042238235473633,1705600,0.018054834510647967
2013-04-11,30.12287515850436,30.599948834852214,30.04896182998239,30.277420043945312,1456600,0.007797889010162588
2013-04-12,30.122884116681494,30.304304532893667,29.786916205836857,30.176637649536133,713200,-0.003334184391223032
2013-04-15,30.001913630053508,30.2572472109515,29.350135537107324,29.430767059326172,840000,-0.02502741148047808
2013-04-16,29.511420580319292,29.820513011820545,29.424070767481265,29.786916732788086,723700,0.012028635531215262
2013-04-17,29.80707961932888,29.827236877910522,29.12170463199809,29.390480041503906,1150900,-0.013398447499081288
2013-04-18,29.370310369113568,29.94817551147696,29.20232643532102,29.793630599975586,1346600,0.013623818614872552
2013-04-19,29.807064283756418,30.317734223201843,29.59876332039751,30.25054168701172,1393800,0.015219458914944152
2013-04-22,31.16437097427597,32.561995560621305,30.81496418688197,31.27859878540039,5200300,0.03342002748541314
2013-04-23,31.580978094483566,32.111807915928054,31.218132199073565,32.09164810180664,1870100,0.025661693727379233
2013-04-24,31.916957435142077,32.05134513698912,31.386127422623982,31.76913070678711,2169100,-0.010100726708727149
2013-04-25,31.863189859870484,32.52168910556921,31.755680249737665,32.09164810180664,1290400,0.01010072670872716
2013-04-26,32.12525326978678,32.21260308301565,31.762407302856445,31.762407302856445,1351000,-0.010312382342020341
2013-04-29,31.864044641716863,32.311306751387754,31.782724963169237,32.290977478027344,1244200,0.016504425965771292
2013-04-30,32.32487451000614,32.345203792201424,31.992814918543036,32.10124206542969,1156900,-0.005893133147232864
2013-05-01,32.189330502376585,32.351972467624854,31.626863065378753,31.88437843322754,1362400,-0.006778537455527646
2013-05-02,31.884370525719522,32.223205499606244,31.660740787209246,31.721731185913086,1240100,-0.005114213172093526
2013-05-03,31.918260019046592,32.11478496442741,31.823386620616187,31.999582290649414,1034400,0.008720876910461273
2013-05-06,32.12834345598729,32.1486727343592,31.742071656281304,31.952150344848633,1218700,-0.001483367300413247
2013-05-07,31.87761116345822,32.202892593480406,31.850503731346283,32.1622314453125,1585700,0.0065533456441047916
2013-05-08,32.16222954463054,32.33842525783852,32.12157098397244,32.257102966308594,1119300,0.0029454383672730417
2013-05-09,32.32486838333105,32.453624788009215,32.135118973413135,32.25032424926758,1011500,-0.00021016857619549445
2013-05-10,32.10801450780654,32.4671788833058,32.10123635820846,32.196109771728516,1183400,-0.00168246672298786
2013-05-13,32.175785161368466,32.35198088498903,31.999592022854916,32.1622314453125,1228000,-0.0010528030680896027
2013-05-14,32.114790072297986,32.27743205626568,31.85727467481023,32.196109771728516,1875200,0.0010528030680896391
2013-05-15,32.223212917090805,32.379076730744416,32.101232091604274,32.26387405395508,1431600,0.002102523245214163
2013-05-16,32.277426348948005,32.446843867450625,31.945366875236164,31.9928035736084,1060100,-0.008437164770501543
2013-05-17,32.074127214560264,32.48750380588447,32.074127214560264,32.4671745300293,932600,0.014718575282922752
2013-05-20,32.48750663977621,32.50783850251123,32.25032311708863,32.324867248535156,735900,-0.004392746591106665
2013-05-21,32.460414811413635,33.01610436029279,32.38587065008221,32.839908599853516,1692200,0.01580768350902967
2013-05-22,32.799231410023914,33.18550313119703,32.053792804960686,32.17577362060547,1499300,-0.02043070403906713
2013-05-23,31.891148632268795,31.992797573242026,31.511652531360596,31.830158233642578,1353700,-0.010799584853063095
2013-05-24,31.55233359294871,32.31132368917422,31.42357456722059,31.958934783935547,1320000,0.004037578186000709
2013-05-28,32.27743304194101,32.52817029748759,31.599762827410014,31.66075325012207,928300,-0.009373944653918031
2013-05-29,31.477778719369475,31.64041810633987,29.966574607811822,30.122438430786133,4442700,-0.04980748917236548
2013-05-30,30.08178442512746,30.576483437561237,30.01401842867075,30.379961013793945,1239900,0.008512857029297482
2013-05-31,30.129207520282716,30.50870365017402,30.11565381009668,30.14276123046875,1308700,-0.007838411393434296
2013-06-03,30.474836454309315,30.48161202035937,29.885261388772488,30.366409301757812,1067100,0.007392237829794212
2013-06-04,30.346073048060056,30.481607615440044,29.912364500529577,30.264753341674805,1532100,-0.0033532609603909285
2013-06-05,30.12244194281857,30.244422789821563,29.858150969347662,29.885255813598633,649300,-0.012618537184904606
2013-06-06,29.932686420580733,29.993676831649207,29.451541280544,29.939464569091797,1231300,0.0018122531950908445
2013-06-07,30.020781979113234,30.522258941551748,29.905579314222752,30.49515151977539,972600,0.018390209044397726
2013-06-10,30.488369404332513,30.576464628513236,30.163085583138184,30.217300415039062,1182500,-0.009153082628610344
2013-06-11,30.03433759802699,30.400280059937383,29.66161957279508,30.291852951049805,1204000,0.0024641750739513003
2013-06-12,30.427386898103578,30.4883773072487,29.681948276873584,29.6887264251709,961000,-0.020111404752213454
2013-06-13,29.74294532024823,30.11566342144575,29.634518189261556,30.034343719482422,800900,0.011574125433196435
2013-06-14,30.081779545405006,30.251197094171747,29.81748858294596,29.87847900390625,794200,-0.00520306205316139
2013-06-17,29.98013591652571,30.434173787382772,29.898813617330664,30.027572631835938,998400,0.004977591802243546
2013-06-18,30.075009902039024,30.407066915337165,30.06823175109416,30.318971633911133,679100,0.009657595824102494
2013-06-19,30.210542586159388,30.71879530058247,30.210542586159388,30.413843154907227,1212600,0.0031242285902440795
2013-06-20,30.12243485237795,30.19020082471425,29.634511579216948,29.6887264251709,1117300,-0.024130479596625096
2013-06-21,29.912360880540934,30.183429982496175,29.715835910878713,30.047895431518555,1891200,0.012025230866596853
2013-06-24,29.932687895064753,29.95979532023188,29.60740654837827,29.71583366394043,951000,-0.011112599223156485
2013-06-25,29.851366982139353,29.993677080779094,29.573522348320996,29.803930282592773,1236100,0.0029602497437524254
2013-06-26,30.122440496914855,30.21731391000612,29.681953838869262,29.90558624267578,1170700,0.003405020312229635
2013-06-27,29.986899938433197,30.318959402881745,29.92590953006943,30.244415283203125,772500,0.011266254890975613
2013-06-28,30.28508499960466,30.657805735437762,30.06145514321186,30.379961013793945,1353500,0.004471665185921351
2013-07-01,30.46126918749535,31.01018027213945,30.33928837199531,30.989850997924805,1343100,0.019876549837005132
2013-07-02,30.901766281720587,31.227050317833466,30.84077584808782,31.111845016479492,1274300,0.003928851651653903
2013-07-03,31.03729526448526,31.308364383955947,30.922092569029576,31.193159103393555,517200,0.002610195897732891
2013-07-05,31.45067188771546,31.592982000281392,31.064400104975643,31.586206436157227,538400,0.012521708843907882
2013-07-08,31.64720087544448,31.992811562040213,31.613317880304795,31.653976440429688,1263500,0.0021432585148220256
2013-07-09,31.89115262111122,32.223209488971015,31.75561809775567,32.00635528564453,1008800,0.011070707130547645
2013-07-10,31.891164016784597,32.00636672248331,31.53877516418341,31.816619873046875,1183500,-0.0059456949813086295
2013-07-11,32.22999830036914,32.25710314592318,31.674308897354745,32.04024887084961,1065600,0.00700409889875229
2013-07-12,32.0402447162802,32.358750522479006,32.0402447162802,32.28420639038086,841200,0.007585254728895297
2013-07-15,32.37907871728224,32.41973985664118,32.01313880347761,32.15544891357422,912300,-0.003996223988223432
2013-07-16,32.12835237769795,32.22322581658772,31.789517190173143,31.958934783935547,1308800,-0.006130129736798801
2013-07-17,31.172829824220603,31.62686762646129,30.915314419234118,31.193159103393555,1979500,-0.02425297941059401
2013-07-18,31.3083629933672,31.545546523539304,31.213489581298358,31.498109817504883,1448700,0.009728726969731882
2013-07-19,31.35579043756121,31.484546803750348,30.732332708669034,30.75266456604004,2424000,-0.023950895185113185
2013-07-22,30.576484238066577,32.5078462089315,30.427398524937267,31.762407302856445,3772900,0.032306787143386945
2013-07-23,32.51462048991171,32.76535777558666,32.27743692036878,32.41297149658203,3351400,0.02027526731450436
2013-07-24,32.33842552885679,32.480735662566524,31.742074978173804,31.931821823120117,1622400,-0.014955635627216747
2013-07-25,31.850496501898196,32.10123372925356,31.789506086043495,31.918262481689453,914500,-0.0004247243142159322
2013-07-26,31.742070699608686,31.999586086686968,31.694633994766175,31.904712677001953,612700,-0.0004246058682593669
2013-07-29,31.796283926975274,32.019916329492744,31.687856800480727,31.952150344848633,1646100,0.0014857502961527688
2013-07-30,32.027333181737774,32.10251513120505,31.48739246031399,31.71293830871582,1255400,-0.007514735843703136
2013-07-31,31.863290466385596,31.870126609227672,31.40536797050046,31.43954086303711,805800,-0.008658382291802668
2013-08-01,31.494226088884453,32.1640248285493,31.439547363740328,32.09567642211914,1581300,0.02065496630321612
2013-08-02,32.10251455248739,32.23237262190106,31.952150656263477,32.11618423461914,875600,0.0006387546782643634
2013-08-05,31.986322402954105,32.129850149316724,31.9248101391951,31.9863224029541,616200,-0.004051698322906638
2013-08-06,31.904316255845693,32.034174358567846,31.412218001781188,31.617258071899414,1218500,-0.011605273492308823
2013-08-07,31.45321873214885,31.589912945116208,31.241342571688193,31.391706466674805,711400,-0.007159380265817117
2013-08-08,31.603580207497185,31.719768584927387,31.487389222841927,31.66509246826172,630600,0.008671157406341896
2013-08-09,31.651424073030626,31.67192729171,31.34386275671422,31.412208557128906,1036200,-0.008018265268180948
2013-08-12,31.152486947824674,31.58307010767214,30.84492568563027,30.99528694152832,2554900,-0.01336146611747747
2013-08-13,31.610419709386683,31.610419709386683,30.86543890275752,31.227676391601562,814100,0.007469606657678196
2013-08-14,31.172991610619036,31.302849657476504,30.961115485217537,31.063636779785156,477100,-0.005266865720685041
2013-08-15,30.899605122262567,30.98162320582951,30.59204382694899,30.783416748046875,690000,-0.009061772009834075
2013-08-16,30.824435788018924,30.933790670269694,30.619395709701987,30.687744140625,1314800,-0.0031127664839550326
2013-08-19,30.70823803043939,30.947450947879833,30.57154381737688,30.680898666381836,1118300,-0.00022309355261716988
2013-08-20,30.66722633804547,30.93377859654239,30.66722633804547,30.81075668334961,669300,0.004223604301172729
2013-08-21,30.70824155935251,30.84493578812357,30.57838347599406,30.592050552368164,685800,-0.007123682636476877
2013-08-22,30.66722272106117,31.166154280699022,30.544198215153234,30.933774948120117,450200,0.011108438024410078
2013-08-23,31.043135557257635,31.54206981705769,30.8244258631762,31.51473045349121,824900,0.01860644260708013
2013-08-26,32.53991713357227,32.53991713357227,31.63773943696913,31.706085205078125,1529900,0.00605355479682347
2013-08-27,31.487384520961587,31.548896772540754,31.125147154564647,31.138816833496094,794500,-0.018053454152885676
2013-08-28,31.13882249301164,31.248177337113894,30.981625067566224,31.193498611450195,681700,0.0017545246503764878
2013-08-29,31.049976073491454,31.398543882753007,31.029472851542415,31.186670303344727,948400,-0.00021892560573437663
2013-08-30,31.22766994903332,31.248175773743853,30.858598998168834,31.152490615844727,1036700,-0.0010965720558643321
2013-09-03,31.432724114097393,31.665103557563473,31.261856952937805,31.63092803955078,1253100,0.01524117977043231
2013-09-04,31.65141920885406,31.999986908961475,31.569401132290743,31.938474655151367,1489300,0.009676007703938972
2013-09-05,32.02733175977784,32.52626341191537,31.938480131877252,32.505760192871094,1634400,0.017605925258452403
2013-09-06,32.46475518730052,33.17556308450396,32.36223386487146,32.79965591430664,1609300,0.00900071458274389
2013-09-09,32.77914973757698,32.970522696931674,32.77231619952615,32.91584396362305,1364300,0.0035360963729999142
2013-09-10,32.9705180212913,33.25757350877694,32.06833730021822,32.23920440673828,2604800,-0.020770881167003593
2013-09-11,32.157178919213415,32.437400782420085,32.11617249503274,32.23236083984375,1179300,-0.00021229721642589944
2013-09-12,32.15034636036087,32.23236181843658,31.74709999792075,31.781272888183594,1328000,-0.014093729479754315
2013-09-13,31.842789247262896,32.04782922255313,31.59674023402472,31.99998664855957,1100600,0.006858272139717117
2013-09-16,32.396412104176285,32.56727925112399,32.198205587982756,32.38957595825195,826900,0.012101155781477956
2013-09-17,32.38956585670174,32.75863940473755,32.38956585670174,32.64244842529297,684400,0.007776898963774875
2013-09-18,32.65612161002877,33.35325973983233,32.50576032438698,33.264408111572266,2841200,0.01887445959442664
2013-09-19,33.30541528060975,33.79751336974023,33.27124238158127,33.69499206542969,957100,0.012861223009218985
2013-09-20,33.69499569669587,34.00255703554791,33.31908855242132,33.34642791748047,1529800,-0.010398565212087105
2013-09-23,33.37374891553543,33.428425008337776,32.908990394207855,33.16187286376953,1397500,-0.005549849424713347
2013-09-24,33.18238941043339,33.442108125505065,33.03202813937081,33.08670425415039,1054400,-0.002269290757541873
2013-09-25,33.079870479902795,33.20972853289339,32.54676337308756,32.738136291503906,1151300,-0.01059087171013647
2013-09-26,33.05252741292209,33.05252741292209,32.40323200632459,32.5809326171875,932700,-0.004813417596533453
2013-09-27,32.32805366979855,32.53992980500176,32.20502915351603,32.38273239135742,970500,-0.0061018983695602805
2013-09-30,32.198204815500496,32.31439322116905,32.006834449822556,32.21870803833008,1089200,-0.005078051028132981
2013-10-01,32.15718759560452,32.6561192131402,32.10934501633569,32.5467643737793,1067800,0.01013068009686772
2013-10-02,32.36224125452749,32.4032503143083,31.95216108562384,32.35540771484375,971300,-0.005896789191082854
2013-10-03,32.198193694712586,32.42373688961572,31.90430210194124,32.102508544921875,1027800,-0.007846994823634313
2013-10-04,32.05466328173025,32.43740384879417,31.999984568021365,32.416900634765625,804500,0.009745736429833911
2013-10-07,32.19819311376564,32.341720835862056,31.747104124873513,31.870128631591797,962300,-0.017010746774165367
2013-10-08,31.870134908447916,31.88380459046718,31.255012253707452,31.391706466674805,1552100,-0.015125431793285009
2013-10-09,31.507897623856987,31.58991572318536,31.337030494427772,31.43271827697754,886400,0.0013056010077539789
2013-10-10,31.678753733617924,31.883796303387932,31.576235055957504,31.644580841064453,803800,0.006717578709151868
2013-10-11,31.52155053878864,32.006814909716425,31.52155053878864,31.93163299560547,994900,0.009030235928130653
2013-10-14,31.699259620944765,31.904299583917197,31.589904800211166,31.794944763183594,1798300,-0.0042898409689901195
2013-10-15,31.66509767729029,31.822295123498108,31.282354368767674,31.43271827697754,1617800,-0.011457973668292465
2013-10-16,32.30755395860063,32.492090753048956,31.056805443081483,31.50789451599121,3918500,0.0023888002174221453
2013-10-17,31.268696048061766,32.02051064785683,31.268696048061766,32.00684356689453,1499000,0.015711607413047928
2013-10-18,32.12301857210008,32.362231497300044,31.829126917011347,32.287052154541016,1906500,0.008716546373334983
2013-10-21,33.44210739911337,35.321645407982615,33.291743524091856,33.98204803466797,5335700,0.05116609842184839
2013-10-22,34.24859566313827,34.28276855542912,33.934200882503134,34.16658020019531,3184000,0.005415592985899229
2013-10-23,34.16659157577075,34.43997741234441,33.578808246660515,34.22126770019531,2541000,0.0015993341897997191
2013-10-24,34.296443658500614,34.89106042153128,34.275940441328,34.56299591064453,995000,0.009936314037072229
2013-10-25,34.67236086458083,35.89577025253917,34.67236086458083,35.57453918457031,2997200,0.028846563133892233
2013-10-28,35.61554174376181,35.86159080566124,35.431004947337236,35.62921142578125,1832500,0.0015356565205199616
2013-10-29,35.81374094185687,36.68857955545865,35.72488933040521,36.48353958129883,2208300,0.023695341432905328
2013-10-30,36.483552732498495,36.752117538478494,35.788038815137746,35.98085403442383,1626400,-0.013874223889355993
2013-10-31,35.90509931500686,36.31827810329683,35.56767272949219,35.56767272949219,1410500,-0.011549808689074683
2013-11-01,35.58832493478483,36.07725059214559,35.36796400113182,35.69850540161133,954700,0.0036716664912069207
2013-11-04,35.82934306799162,36.159884460933334,35.6020970096171,35.97395706176758,1604500,0.007686439306224951
2013-11-05,35.664074641443655,35.98772828640917,35.47125685354107,35.870662689208984,865000,-0.0028754955928649213
2013-11-06,36.063492720971716,36.063492720971716,35.74672407531812,36.00840377807617,1162300,0.0038325833720422925
2013-11-07,35.602101390805615,35.91886993632589,34.72065494091426,34.844608306884766,1840400,-0.03285393567972149
2013-11-08,34.83772390738953,35.10628866365842,34.54849850508544,34.7619743347168,2721200,-0.0023743159871341775
2013-11-11,34.782638432306136,35.533243905647836,34.782638432306136,35.2922248840332,1463600,0.01513858360948417
2013-11-12,35.223363056974826,35.38174736073734,34.92725247218523,35.2922248840332,899500,0.0
2013-11-13,35.202680413773685,36.46287155151367,35.11316061990908,36.46287155151367,2594500,0.032631843668431
2013-11-14,36.325156766765694,36.497313907840415,36.09790807963051,36.31827163696289,915100,-0.0039735595918224155
2013-11-15,36.235632734632496,36.47665429775187,35.967068026595825,36.31138229370117,950400,-0.0001897115822404451
2013-11-18,36.39401110528741,36.44910264004447,35.8224508801822,35.86376953125,820000,-0.012403673284460764
2013-11-19,35.90511434034813,35.96709105318174,35.54702695807737,35.65720748901367,853500,-0.005776280615216435
2013-11-20,35.72604568839622,35.90508793440169,35.62275036733709,35.73981857299805,969200,0.0023141333864321665
2013-11-21,35.911985566899965,35.98084738193877,35.526352572716995,35.8775520324707,888500,0.0038463749260122942
2013-11-22,35.65718745776202,36.44911138498644,35.46437229366964,36.41468048095703,1330000,0.01486019490822137
2013-11-25,36.49732298512767,37.089544118022154,36.091031926065874,36.90361404418945,1812200,0.01333748457595515
2013-11-26,36.9931321116186,37.123970610113695,36.7521105067152,37.013790130615234,1316700,0.002981061611884884
2013-11-27,36.97247636624917,37.23415602483367,36.69702644444828,37.08265686035156,1015800,0.0018588408044521642
2013-11-29,37.00001596350599,37.26169557836175,36.98624307568097,37.06199264526367,340600,-0.0005574027461375127
2013-12-02,37.172166024055585,37.28234647871033,36.86917043048235,36.951805114746094,1163300,-0.0029774883942559646
2013-12-03,36.77276837627297,37.07576401529007,36.11857067936981,36.47665786743164,1427000,-0.012941953570341752
2013-12-04,36.27006774869358,36.41468175372702,35.126944357359235,35.85689163208008,4121300,-0.0171367617577949
2013-12-05,35.8844380904309,36.208094384984804,35.40239752726181,36.063480377197266,2764600,0.005744945626394351
2013-12-06,36.3389337579722,36.442226478138835,35.6021013210957,35.64341735839844,1898500,-0.01171624591883132
2013-12-09,35.643405344808926,36.11167287374914,35.478135997482326,36.09101486206055,1489400,0.012479455088503311
2013-12-10,36.008399816296226,36.28384975428914,35.85690064290839,35.98085403442383,974100,-0.003056973965348302
2013-12-11,36.00839065083787,36.09791047877155,35.50569208071845,35.540122985839844,898700,-0.01232468139476523
2013-12-12,35.40927719887058,35.70538767230043,35.374846298289995,35.45059585571289,938100,-0.0025222220326606894
2013-12-13,35.42994416057484,35.884438959273524,35.37485260829147,35.64341735839844,598300,0.005424422304271052
2013-12-16,35.643426552153876,35.82247151634736,35.19581939549111,35.33354568481445,791000,-0.008731668109361672
2013-12-17,35.17514657623421,35.54011885655349,35.12005503291315,35.48502731323242,850800,0.004278026315232644
2013-12-18,35.602100761660445,36.13923025343418,35.20958265199352,36.11857223510742,1275400,0.01769635770415248
2013-12-19,35.87756444259529,36.47667347368741,35.87756444259529,35.994632720947266,1662500,-0.0034373631367305823
2013-12-20,34.58293814869094,36.30451009752007,34.58293814869094,36.14612579345703,1510700,0.00419993630001862
2013-12-23,36.42845208346248,36.64881301377218,36.214976282952065,36.60749435424805,1585900,0.01268321066719895
2013-12-24,36.72457810251481,37.013800960732745,36.635055615819,36.807212829589844,449300,0.005440843549960256
2013-12-26,36.81409050770257,37.35810782351729,36.62816043925033,37.2961311340332,1066500,0.01319577154869242
2013-12-27,37.19282412738366,37.564684147824124,37.18593899822406,37.46139144897461,1178000,0.004421242931330676
2013-12-30,37.48205985933112,37.909008912194096,37.45451408123416,37.853919982910156,892700,0.010423699526696039
2013-12-31,37.98476127384828,37.98476127384828,37.6611049247509,37.881465911865234,776800,0.0007274256239483224
2014-01-02,37.79881554746602,37.99851843025893,37.57156952287094,37.58534240722656,2326100,-0.007847821606475217
2014-01-03,35.53323287907509,37.530256766981005,35.53323287907509,37.26169204711914,848600,-0.008648368762524297
2014-01-06,37.33744058731455,37.44073329302071,36.9449225264304,37.0000114440918,900000,-0.007047554091021877
2014-01-07,37.392533917547404,37.39942167488627,36.84163154137606,37.034446716308594,1461800,0.0009302499283629616
2014-01-08,37.03444576555821,37.1101953328827,36.71079210550313,36.99312973022461,1045700,-0.0011162594362123307
2014-01-09,37.068867662195764,37.11018368456089,36.263171076260804,36.4835319519043,1750200,-0.013871233059592303
2014-01-10,36.4766604014693,36.79342894975353,36.27695746267323,36.524864196777344,1615900,0.0011322601637374322
2014-01-13,36.35959934098306,36.62127901495013,35.877558665857514,35.98085403442383,1249400,-0.015006274934257402
2014-01-14,36.111687042858556,36.18055148702234,35.74671468297528,36.02216720581055,1231500,0.001147540067311273
2014-01-15,35.98774496091497,36.08415521299162,35.788044577461704,35.994632720947266,733400,-0.0007646684171732784
2014-01-16,35.79492123899873,36.15300849551688,35.71228652654382,36.049713134765625,927300,0.0015290700164152329
2014-01-17,35.97395731381794,36.2494071630779,35.67095906464965,35.808685302734375,868000,-0.006708436068391841
2014-01-21,36.09102878523549,36.13923258237752,35.45060390673715,35.677852630615234,915800,-0.0036603484230110605
2014-01-22,35.622758477240296,36.12545705856058,35.491919984099866,36.063480377197266,844300,0.010750607620526032
2014-01-23,36.049710673317335,36.049710673317335,35.436831562879235,35.712284088134766,913300,-0.009786007697572692
2014-01-24,35.20270057902901,35.47815312677715,35.0994078438061,35.30599594116211,1512500,-0.011441915498715486
2014-01-27,35.31286859267431,35.608979057435334,35.03053101312418,35.18891525268555,1197700,-0.0033216807892991417
2014-01-28,35.22333471000108,35.88441717461385,35.0649479067945,35.78800964355469,1905400,0.016881785732589725
2014-01-29,35.402400031598155,35.56078431141731,34.7826331741233,34.99610900878906,1340300,-0.022376027016687144
2014-01-30,35.12005970105252,35.36107866784487,35.00299409629901,35.28533172607422,1074600,0.008230461610730563
2014-01-31,33.834763922499825,34.21648893467415,33.11989693710551,34.09156036376953,4776500,-0.03441748874924815
2014-02-03,32.9533366314406,34.23038265112712,32.9533366314406,33.36976623535156,2313900,-0.02139956948841759
2014-02-04,33.52244400339181,34.12626369154493,33.321169891481716,33.78618240356445,1641800,0.012401626772260416
2014-02-05,33.66126199045997,34.09157016530489,33.50857088265979,33.841712951660156,1716500,0.0016422383185006036
2014-02-06,34.03604244837227,34.66068273649097,33.994398703466736,34.46635055541992,2096200,0.018289349262158063
2014-02-07,34.64680410032351,34.90360324190248,34.29978080934633,34.764793395996094,1775200,0.008621688801661418
2014-02-10,35.35473854734763,37.25642770268842,34.76479990132577,36.34028625488281,6195600,0.04432174940678204
2014-02-11,36.4096780347854,36.4929655193945,35.909966365016935,36.34721374511719,1855000,0.00019061022198723
2014-02-12,36.13900995687681,36.33334217758411,35.993260791346344,36.05572509765625,2264400,-0.00805188924528538
2014-02-13,35.993262684779424,36.805296061947445,35.84751351158179,36.72895050048828,1148800,0.018499625020265264
2014-02-14,36.742826936425764,36.80529123783435,36.4096848781059,36.659542083740234,841100,-0.001891534626170505
2014-02-18,36.652604643242654,36.777533252402044,36.312520618846996,36.756710052490234,1896100,0.0026470440170768476
2014-02-19,36.57625713663578,37.402171655281485,36.4305079829179,37.38829040527344,2261800,0.01703676917496337
2014-02-20,37.50629360936796,37.797792024856214,37.34666314647029,37.665924072265625,1646700,0.007398250325037724
2014-02-21,37.67979013016373,37.915766077441184,37.61732583095565,37.686729431152344,1257900,0.000552213052841635
2014-02-24,37.92964241936822,38.186438883962865,37.763070093839865,37.81165313720703,2047800,0.003309311161745036
2014-02-25,37.86718892268363,38.07540240326455,37.76308085860415,37.95047378540039,979900,0.003664649058613706
2014-02-26,37.82554677211051,38.34608181943314,37.74920120822402,38.20033264160156,1257600,0.0065622352424577
2014-02-27,38.14479540478279,38.297486483609504,37.98516502581728,38.19337844848633,1282500,-0.00018206192722440266
2014-02-28,38.02679963413644,38.5750968785891,37.81164431543843,38.28359603881836,1367600,0.0023593410379124454
2014-03-03,38.061509603556686,38.22808192602964,37.79777119613169,37.92964172363281,769400,-0.009288592649909343
2014-03-04,38.20032709466186,38.57511290973153,38.026815437416026,38.14480209350586,1246400,0.00565658932971428
2014-03-05,38.04762729703727,38.15867462640261,37.804712091418466,38.054569244384766,1067600,-0.0023683368960474554
2014-03-06,38.158693552983706,38.39466957587549,38.04070686532706,38.22809982299805,866400,0.004549680289613945
2014-03-07,38.39466462243133,38.58899685824296,37.98517694870102,38.012939453125,967700,-0.0056442289643044916
2014-03-10,38.033753308571434,38.10315955740652,37.81860055612686,38.06151580810547,631300,0.00127707418779861
2014-03-11,37.943529109691625,38.01987466485445,37.76307814550685,37.82554244995117,1226200,-0.006219087262918498
2014-03-12,37.58955684407252,37.950461327475786,37.36746218468238,37.88105773925781,1283500,0.0014665907363028336
2014-03-13,38.04069207867862,38.304427859481954,37.67284560953299,37.92270278930664,1457000,0.0010987595852288146
2014-03-14,37.908821975123814,38.269726500313006,37.825537130104,37.93658447265625,996100,0.00036598507593722486
2014-03-17,38.061517239349634,38.51958790857553,38.04069668770502,38.14480209350586,1175700,0.005473563248389031
2014-03-18,38.123976090670915,38.5126431004557,38.03374930048246,38.214202880859375,843500,0.0018177504142810675
2014-03-19,38.31830360556443,38.42935093089767,37.721423239056875,37.992103576660156,873200,-0.005828912156078522
2014-03-20,37.85329235176834,38.2211361068478,37.804709314213575,38.12397003173828,808300,0.003464881483045567
2014-03-21,38.42242201966379,38.52652742604862,37.94352814852912,38.31137466430664,2580600,0.004903621716717131
2014-03-24,38.24891816659191,38.38772805100861,37.96435909494793,38.13787078857422,1130100,-0.004539068308607326
2014-03-25,38.27667135521552,38.325254405797935,37.72143195271189,37.888004302978516,1319100,-0.006573219577249246
2014-03-26,38.05455985007458,38.42240354136908,37.74917778402494,37.80470275878906,981500,-0.002201046337310445
2014-03-27,37.90883458348964,37.92271583687272,37.49240757231068,37.832489013671875,933100,0.0007347246898422731
2014-03-28,38.061513231351334,38.637570496006404,38.026811433071934,38.297489166259766,879100,0.01221610583585071
2014-03-31,38.42241999107568,38.69309773999415,38.33913514084945,38.60287094116211,752900,0.007942313398089923
2014-04-01,38.783328320927154,39.18587400925771,38.77638637164437,39.137290954589844,1214500,0.01374909491205017
2014-04-02,39.11647322541103,39.36633046606837,38.94296154690766,39.06789016723633,1202200,-0.0017748390727059685
2014-04-03,39.0123573844163,39.151167229070886,38.58898854962973,38.70697784423828,890300,-0.009281016423140864
2014-04-04,38.38077545716364,38.755561246882564,37.97822981632218,38.16562271118164,1292000,-0.014084708428584456
2014-04-07,38.137864408216046,38.15868496074291,37.693674970456925,37.83942413330078,1169200,-0.008583655803329324
2014-04-08,37.83942118571094,38.235027538372094,37.83942118571094,37.867183685302734,1255500,0.0007333455835863299
2014-04-09,37.9782346015414,38.353017790905035,37.936590848244144,38.23503112792969,846500,0.009667269430308918
2014-04-10,38.18644382481698,38.290549225112024,37.638146381499126,37.686729431152344,1128100,-0.01444411261007522
2014-04-11,37.561791467861845,37.70060128122493,37.173127167537594,37.221710205078125,1038800,-0.01241582929735999
2014-04-14,37.36747506933109,38.29055581928735,36.99963115930094,37.2356071472168,1058300,0.00037328614014622266
2014-04-15,37.09679038113678,37.5270985211622,36.72200459099644,37.117610931396484,1307800,-0.0031739396875145928
2014-04-16,37.24949532866232,37.492413328795664,37.200912258151405,37.37442398071289,828100,0.006895074542405499
2014-04-17,37.41605659316903,38.20726938856865,37.28418867646175,37.90188980102539,1999800,0.014014353964354659
2014-04-21,38.9151971556003,39.49819647300015,37.66591366048005,38.630638122558594,1563600,0.019044721706625568
2014-04-22,38.65839514346643,38.852727339184256,38.359954901426846,38.380775451660156,957600,-0.006489000423474781
2014-04-23,38.45712919029217,38.575118511092604,37.950475395274196,38.20033264160156,1932900,-0.004712471482366275
2014-04-24,38.24891816659191,38.44325041622829,37.99906090415752,38.13787078857422,891800,-0.0016364510601492796
2014-04-25,38.110108902972726,38.32526435970232,37.97129901629488,37.978240966796875,796700,-0.004194382821836644
2014-04-28,38.165624414490544,38.82496657879023,37.99211276123743,38.65145492553711,1696700,0.017571028347243577
2014-04-29,38.693411664757996,38.81931235070106,38.43461699617672,38.595489501953125,875300,-0.0014490005731841412
2014-04-30,38.560528701622076,38.70741198780444,38.22479433255684,38.65145492553711,1156700,0.0014490005731842414
2014-05-01,38.56752713318246,39.1270844894281,38.56752713318246,38.93124008178711,712000,0.007212597322832351
2014-05-02,39.00818634033203,39.24599859062839,38.95222926111859,39.00818634033203,573000,0.0019745150067550306
2014-05-05,38.81932372261407,38.931235179771896,38.55353301129687,38.83331298828125,842800,-0.004493069834202374
2014-05-06,38.76335697933688,39.141059053486075,38.721391860995155,38.742374420166016,764700,-0.002344513153764593
2014-05-07,38.70741176116178,38.98019576766883,38.518560679384684,38.71440505981445,964800,-0.0007221927313525318
2014-05-08,38.66543293288785,38.92423026825085,38.476581904992756,38.65843963623047,753300,-0.001446642774066186
2014-05-09,38.5954894528689,38.8612800859861,38.47658206377219,38.76335525512695,598000,0.0027102363943935013
2014-05-12,39.183048705900454,39.21102724586084,38.77037458011622,38.882286071777344,982400,0.0030634278403188016
2014-05-13,38.84030324147662,39.001175781765426,38.64445887385188,38.81932067871094,790600,-0.0016206976787749557
2014-05-14,38.658446606155515,38.868280230033534,38.40664519023017,38.43462371826172,596200,-0.009959365654520295
2014-05-15,38.455613370995394,38.46960263759064,37.47638872294641,37.798133850097656,1573400,-0.016698980311006355
2014-05-16,37.700215567444246,38.02895402794416,37.483385914968935,37.903053283691406,645000,0.0027719380566273827
2014-05-19,37.67222118054752,38.0079554678994,37.60927083490785,37.67921447753906,793900,-0.005923068126655417
2014-05-20,37.58130146420853,37.66523438944519,37.16862746854053,37.30851745605469,587000,-0.009886951681640629
2014-05-21,37.37146691480612,37.64425091637442,37.19660510167982,37.56031799316406,621300,0.006726469965750825
2014-05-22,37.52534616417471,37.742173104816416,37.48337836847977,37.56031799316406,665000,0.0
2014-05-23,37.48337470349205,37.68621502724865,37.42042435019446,37.66522979736328,970500,0.0027892617680633
2014-05-27,37.7002113067662,37.7002113067662,37.18261912020262,37.44141387939453,1289800,-0.005959967574888971
2014-05-28,37.4274158822352,37.532334022174304,37.105670833084694,37.343482971191406,937800,-0.0026190037909907624
2014-05-29,37.2875339339021,37.43441721633783,37.08469359062635,37.31550979614258,921700,-0.0007493585252350089
2014-05-30,37.406438743795476,37.65824018160606,37.32949911911118,37.56031799316406,1046100,0.006539068123051592
2014-06-02,37.46239992699426,37.55332615873598,36.43421149885482,36.497161865234375,1554200,-0.028713620127559042
2014-06-03,36.49015926556703,36.532127058252236,35.83967582211198,36.00754165649414,2199700,-0.013506093474119425
2014-06-04,35.9166120088426,36.46218262942396,35.72776361622593,36.4342041015625,1319500,0.011779599571917038
2014-06-05,36.574093198081485,36.71398316586427,36.25234813990653,36.686004638671875,911500,0.006887330788578662
2014-06-06,36.6510478285619,36.70700223769026,36.42722485568783,36.5041618347168,943700,-0.0049690603774283516
2014-06-09,36.79092616285269,37.23857466699964,36.518142148321346,37.12666320800781,1424500,0.016909119377776765
2014-06-10,36.99377696190248,37.17563480172713,36.82591106010479,37.1336669921875,1396300,0.00018862787659508035
2014-06-11,36.979776748128,37.119666737013475,36.8608719918921,37.007755279541016,1146500,-0.003396531381137678
2014-06-12,36.895852636482324,36.993774851641874,36.61607259187197,36.69301223754883,1229200,-0.008541158145430387
2014-06-13,36.81891245644312,36.874869531825176,36.5531216847388,36.64405059814453,707700,-0.001335249730097185
2014-06-16,36.483160391834765,36.75594433215082,36.37824226024601,36.511138916015625,843000,-0.003633695141953667
2014-06-17,36.525145044061354,36.69301093030288,36.336293920904524,36.65803909301758,703400,0.004015362161319452
2014-06-18,36.713994081925094,36.713994081925094,36.462192598684545,36.637054443359375,1066200,-0.0005726072297365694
2014-06-19,36.672019000184186,36.87485934011147,36.350273910204024,36.679012298583984,929700,0.0011445747615695331
2014-06-20,36.84687977958888,36.91682343434851,36.56010652598737,36.825897216796875,1388100,0.003996606885055344
2014-06-23,36.93081118810507,37.67222617185123,36.902832660074054,37.609275817871094,1639800,0.02104939086363647
2014-06-24,37.672232773832,37.721193872376965,37.32950241583751,37.44141387939453,915800,-0.00447330248581195
2014-06-25,37.11266689466463,37.658234820127625,36.91681987748424,37.10567092895508,919800,-0.009007601608952278
2014-06-26,37.10568745082509,37.13366598976289,36.54613001297069,36.965797424316406,638300,-0.0037767219688469977
2014-06-27,36.81890028694474,37.273542035523555,36.81890028694474,37.24556350708008,595400,0.007539746060199219
2014-06-30,35.5459040981172,37.59528446963734,35.5459040981172,37.10567092895508,682500,-0.0037630240913521565
2014-07-01,37.14764207926376,37.798128203783634,37.08469172307863,37.644248962402344,971100,0.014410379415719784
2014-07-02,37.567306155713744,37.7771397691422,37.420422893131736,37.52534103393555,772500,-0.0031637269181156217
2014-07-03,37.546335756121536,37.97299908692428,37.546335756121536,37.85409164428711,507900,0.008722609949551215
2014-07-07,37.602281253703374,37.77014975996884,37.448404680154376,37.476383209228516,761500,-0.010028122113559527
2014-07-08,37.357475794753114,37.67222757638873,37.294525438425985,37.476383209228516,1187200,0.0
2014-07-09,37.51835817183185,38.08491152732411,37.51835817183185,37.84709930419922,1016100,0.009843386840040972
2014-07-10,37.39943992860023,37.88905079858934,37.39943992860023,37.581295013427734,1156800,-0.007047886765811621
2014-07-11,37.63026044524391,38.24577475481397,37.56031678950662,38.04293441772461,939900,0.012208921452816993
2014-07-14,38.182831210089645,38.462611219317004,37.82611423309568,37.8820686340332,1219900,-0.004237498003015551
2014-07-15,37.79813350385612,37.97299533242521,37.44141387939453,37.44141387939453,1306300,-0.011700462248674375
2014-07-16,37.44841651017195,37.553332025073885,36.70700126456922,36.75596237182617,1911400,-0.018476960859703948
2014-07-17,36.23137863950015,37.06372284165358,36.13345641999513,37.0147590637207,2574100,0.0070162728120230005
2014-07-18,36.87485886835958,37.32250466924501,36.87485886835958,37.217586517333984,1032500,0.005464678686186284
2014-07-21,36.553114909201106,36.71399013701434,35.88164613816217,36.21738052368164,3064800,-0.027242276835380844
2014-07-22,37.196595110637695,37.196595110637695,35.70677211587932,36.126441955566406,2288900,-0.0025140672111892987
2014-07-23,36.01453983715366,36.48316821081309,35.7697317003729,35.790714263916016,1347700,-0.009336579701574454
2014-07-24,35.776733648668085,36.24536210067945,35.76274438124059,36.23137283325195,981500,0.012236914697810394
2014-07-25,36.16842646563359,36.26634868028034,35.94460349838951,35.99356460571289,1445900,-0.006585234833195617
2014-07-28,35.94459141539766,36.14743174508292,35.706779259120296,35.76972961425781,1621900,-0.006238167290417625
2014-07-29,35.79072099297471,35.88164989905634,35.12624811950589,35.454986572265625,1269800,-0.00883808620385512
2014-07-30,35.6031305610588,35.871192607800616,35.33506582330922,35.758323669433594,845500,0.00851916392379096
2014-07-31,35.60311453535673,35.82179649131766,35.17985418874288,35.236289978027344,828100,-0.01470655514437005
2014-08-01,35.201015193705366,35.236286212735884,34.82008172976079,34.989383697509766,1006700,-0.007031824259777642
2014-08-04,35.045839257614325,35.20103505813523,34.93297031841942,35.06700134277344,801400,0.0022158630359790437
2014-08-05,35.088172154433266,35.49026798766732,34.932976327217226,35.306854248046875,1274300,0.00681656083781397
2014-08-06,35.27156554127154,35.58901016934436,35.15164351011453,35.462032318115234,1018800,0.004385495556138562
2014-08-07,35.75126501623678,35.75126501623678,34.98234465143307,35.045833587646484,754400,-0.01180587610231562
2014-08-08,35.095221293306466,35.73011079511619,35.095221293306466,35.55375289916992,999200,0.014388981584399841
2014-08-11,35.61016349100986,35.871172258351294,35.61016349100986,35.66659927368164,836700,0.003168938807633465
2014-08-12,35.7159902358492,35.87118330397192,35.37738350857182,35.44792556762695,468700,-0.006149922136355676
2014-08-13,33.86776300686565,35.75126639306156,33.86776300686565,35.497310638427734,735400,0.0013922028149705187
2014-08-14,35.553732364212536,36.082805746471614,35.553732364212536,35.98404312133789,823300,0.01361865661610045
2014-08-15,36.12514882359301,36.280344624830235,35.617239940375526,35.8288688659668,524700,-0.004321632213099722
2014-08-18,36.09691738309728,36.44963302385143,36.068702177002095,36.3931999206543,800300,0.015627980473208014
2014-08-19,36.372049693397045,36.68243858962341,36.372049693397045,36.61189651489258,743900,0.005991287159429079
2014-08-20,36.357923703382156,36.929321237572054,36.322652682544295,36.78118133544922,815300,0.004613108639782829
2014-08-21,36.88701557842397,37.176242399878305,36.82352663268972,37.10569763183594,940200,0.008784195180957357
2014-08-22,36.33675728811831,37.38079775635523,36.33675728811831,37.013973236083984,693600,-0.0024750364242500673
2014-08-25,37.3526047910355,37.38082270165767,37.04926897936735,37.18330001831055,599000,0.0045642398636733875
2014-08-26,37.12685825945592,37.183291376576626,36.61189361982009,36.84468460083008,1167700,-0.009148372223186886
2014-08-27,36.96461121046125,37.13391326136292,36.66832858487196,36.865848541259766,894500,0.0005742446868608781
2014-08-28,36.7670783996582,36.94343622368516,36.513122702498286,36.7670783996582,528400,-0.0026827726383989335
2014-08-29,36.82352764381341,37.20446132867885,36.71065870285415,37.14802551269531,792400,0.010307784629932896
2014-09-02,37.197390474033,37.40196618778883,37.02103265686557,37.15506362915039,763000,0.00018944344191907368
2014-09-03,37.29615599834974,37.57127380371094,37.225613937336604,37.57127380371094,1009400,0.01113969968049182
2014-09-04,37.627711330302866,38.03686014674857,37.46546242972894,37.98748016357422,1158200,0.01101687223869757
2014-09-05,37.8463939489779,38.170891732239355,37.789958147885244,38.10740280151367,775100,0.003151926451527997
2014-09-08,38.09329605102539,38.26965390311347,37.98748026336964,38.09329605102539,626800,-0.00037025252686287663
2014-09-09,38.11446374002098,38.170899552676175,37.78996589027655,37.86050796508789,1251900,-0.006129747360175021
2014-09-10,37.92399768660173,37.97338036919165,37.768804580632406,37.895782470703125,609100,0.000931262815579596
2014-09-11,37.81817375472048,38.128562568883375,37.81817375472048,38.01569366455078,900100,0.003159240201523972
2014-09-12,38.008650627803966,38.12857269318478,37.80407484344035,37.86050796508789,827800,-0.004090503017103669
2014-09-15,37.90987416331852,37.93808936637039,37.72646054294566,37.7687873840332,638100,-0.0024255316831620867
2014-09-16,37.782922631482805,37.88873577134769,37.64888888690891,37.69826889038086,750300,-0.0018688555684603265
2014-09-17,37.67004804109393,38.11446800596062,37.56423222602588,37.93105697631836,806800,0.006156046439174289
2014-09-18,38.065079077510255,38.08624385016211,37.78996125210205,38.029808044433594,406600,0.0026000526381648684
2014-09-19,38.206173535944735,38.523618279087465,38.008653558437196,38.177955627441406,1292400,0.003887996773363335
2014-09-22,38.17794918777616,38.326091836926715,37.6488756021157,37.677093505859375,714800,-0.013205960746747587
2014-09-23,37.61360763310974,37.71942343526783,37.2961629176431,37.345542907714844,498900,-0.008838739145338002
2014-09-24,37.33847539368097,39.348953332174254,37.28909542263072,38.76344680786133,2862000,0.03726413866892278
2014-09-25,38.74229441749759,39.059739112092586,38.31903661870923,38.55183029174805,988200,-0.005474132732768186
2014-09-26,38.51655355091505,39.229040775344146,38.51655355091505,39.03152084350586,966500,0.012365969179402522
2014-09-29,38.657641776513906,38.98919540931356,38.587099710006775,38.83399963378906,810900,-0.005073404304742113
2014-09-30,38.83400379460098,39.07385061383353,38.615321750394116,38.79873275756836,956400,-0.0009085569336633065
2014-10-01,38.82694292213318,39.059733872939866,38.49538931991612,38.692909240722656,1535100,-0.0027312257141589836
2014-10-02,38.64352147967452,39.03856393275316,38.47421949335978,38.98212814331055,739800,0.007446928869869565
2014-10-03,39.214933593414685,39.54648722910646,39.0738467681624,39.095008850097656,933400,0.002891519586461852
2014-10-06,39.214929057344015,39.567644734171715,38.721126571583824,38.869266510009766,1204400,-0.005790933601293251
2014-10-07,38.73524849310904,38.92571534529975,38.55183746378166,38.629432678222656,1257000,-0.006189383820315954
2014-10-08,38.65764631166725,39.229046805035736,38.55183319949301,39.165557861328125,804200,0.013783244062834125
2014-10-09,39.15849383334314,39.47593848535871,38.66469403132679,38.692909240722656,748400,-0.012141375097556311
2014-10-10,38.77757067355031,39.14439537890642,38.4530701362303,38.79873275756836,970700,0.002731225714159043
2014-10-13,38.72818840218644,38.946870433511656,38.50245054926575,38.55888366699219,1118100,-0.006201066429974602
2014-10-14,38.73523941957938,39.15144406775982,38.587099466245824,38.67880630493164,1111300,0.003105290547895955
2014-10-15,38.22026836468692,38.72112394597851,37.68413906529877,38.32608413696289,1984700,-0.009161096985200769
2014-10-16,38.11445053178069,38.31902624525033,37.20444624163497,38.24142837524414,1763000,-0.002211271946454411
2014-10-17,38.453064784223336,38.657640537949824,37.98748016357422,37.98748016357422,2197600,-0.0066628043349024725
2014-10-20,38.01569647941247,40.32245740533229,38.00158752895034,39.86392593383789,3105700,0.04821516694642313
2014-10-21,40.09672218831307,40.94324043405865,39.828657494108725,40.71750259399414,2876700,0.021186236166461307
2014-10-22,40.80921136389385,40.957354024659686,40.08967359906608,40.1461067199707,1470500,-0.014132571850997049
2014-10-23,40.51290860938651,40.795082128025456,40.421201812177934,40.548179626464844,1179200,0.009965420159671922
2014-10-24,40.66105465337554,40.8303593283994,40.44237269976925,40.639892578125,716100,0.002259272530575846
2014-10-27,40.56230706441846,40.72455596975526,40.329513401756536,40.42827606201172,1063000,-0.005220717337334499
2014-10-28,40.52703223454966,40.795096905257274,40.32245649398314,40.724552154541016,916700,0.007301714933915129
2014-10-29,40.76687448548544,40.89385233169064,40.42826779260717,40.646949768066406,678900,-0.0019073608860024893
2014-10-30,40.49060063300447,40.88150459963775,40.327131800093845,40.639854431152344,911600,-0.0001745753693230403
2014-10-31,41.03076613242111,41.194234996146946,40.77490088094025,40.88861846923828,1110600,0.006102525933588334
2014-11-03,41.002314020399766,41.002314020399766,40.618519060694396,40.96677780151367,804000,0.0019096934249837934
2014-11-04,40.909931744878314,41.17290309109005,40.64695768742612,40.767784118652344,741700,-0.004869276138811503
2014-11-05,40.973886770841375,41.137355547103354,40.67537656675102,41.116031646728516,635100,0.008505945271185741
2014-11-06,41.21554397902288,41.51405152346571,40.966784980747,41.30793762207031,1041400,0.0046565658948945704
2014-11-07,41.243986555612956,41.4998518088559,41.02366025184135,41.20845031738281,854000,-0.0024113356238172805
2014-11-10,41.158680238909724,41.35768525107914,40.52612626916555,40.56877136230469,1474200,-0.015644747745267064
2014-11-11,40.69671212113557,40.78910849206833,40.16366051468148,40.27737808227539,1375900,-0.007208618935216605
2014-11-12,40.213415991039724,40.9170426194884,40.16366201157493,40.845970153808594,1082300,0.014018193159498815
2014-11-13,39.865161332141824,39.87226749544878,38.486335195085395,39.07624435424805,3957700,-0.04429344551547787
2014-11-14,39.445812727177334,39.70878405287791,38.19491967868463,38.393924713134766,1886100,-0.01761548459713521
2014-11-17,39.9788718924208,40.675392357375415,39.74432787592303,40.06415939331055,2112200,0.0425829174553194
2014-11-18,39.93621441799752,40.26315470742864,39.701673185378596,39.8864631652832,1103900,-0.004445156646400073
2014-11-19,39.87936254275716,40.121012680025984,39.74432108557615,39.893577575683594,859100,0.00017835063389725958
2014-11-20,39.801184264059415,40.277375702966104,39.76564803464318,40.163658142089844,1119600,0.006747212506136658
2014-11-21,40.56876922413056,40.65405669467382,40.12100525910879,40.29158020019531,1274700,0.003179958658709974
2014-11-24,40.55457041313111,40.67539415211937,39.907801187761144,40.2702751159668,1587600,-0.0005289124646292467
2014-11-25,40.433738503148696,40.97389895257504,40.36266604407495,40.89571762084961,1229600,0.01541174729558771
2014-11-26,40.98099855489726,41.44297759865752,40.611415862137065,41.32215118408203,1272100,0.010373350546276637
2014-11-28,41.72016713239525,42.23189475970425,41.56380448200734,42.07553482055664,750500,0.01806774665391045
2014-12-01,41.66330481351079,41.933385001481135,40.81753073613754,40.83885192871094,1415400,-0.029832569661039813
2014-12-02,40.81753073613754,41.236864694601955,40.71802822247482,40.83885192871094,1082400,0.0
2014-12-03,40.732240152478134,40.95256635559714,40.39819370098809,40.56877136230469,905400,-0.006635289089438393
2014-12-04,40.49770880072446,40.68250155055281,40.25605862026948,40.3342399597168,1716600,-0.005797857353863534
2014-12-05,40.455051788752904,40.924139687388305,40.26315564452568,40.67538070678711,981500,0.008422277769546056
2014-12-08,40.64695933416957,40.65406820695113,40.06415648314825,40.19208908081055,785300,-0.01195282556072003
2014-12-09,39.786972981988285,40.17077080285331,39.68747044574345,40.06415939331055,1493500,-0.003188033287973815
2014-12-10,40.071269357170294,40.391100883262204,39.438715178477864,39.48135757446289,1238000,-0.014653553578281069
2014-12-11,39.53821285862191,40.383987047025705,39.53821285862191,40.014404296875,670500,0.013410896354041104
2014-12-12,40.021498643439884,40.369757360575036,39.829599821017865,39.843814849853516,948600,-0.004272314317053287
2014-12-15,40.128115030742045,40.54034281274717,39.51688222914275,39.94332504272461,1206100,0.0024943930713915694
2014-12-16,39.836718770591546,40.72513802377709,39.836718770591546,40.44084548950195,1855200,0.01237872572439733
2014-12-17,40.66829362596914,41.123163995479835,40.37689212604877,40.77490234375,1357900,0.00822645230971294
2014-12-18,41.26529176631099,41.485617970231814,40.924139153676194,41.478511810302734,1075800,0.017108751933615378
2014-12-19,41.22264599212048,41.272397244522125,38.67821240362547,38.82746887207031,5091100,-0.06604754867106695
2014-12-22,38.9625166603095,39.08334309512951,38.379713815564976,38.6142578125,1583100,-0.005506375113631403
2014-12-23,38.8630055793051,39.84382103121235,38.77771810429924,39.246803283691406,2225700,0.016248414260039465
2014-12-24,39.48845637232756,39.61638895012185,39.246806248853915,39.26812744140625,331800,0.0005431873413687828
2014-12-26,39.232589238078994,39.6448143036614,39.16151408108892,39.474239349365234,463700,0.005235107530808794
2014-12-29,39.438716334700565,40.085485568096246,39.438716334700565,39.73011779785156,1240400,0.006461243999601619
2014-12-30,39.65192509890072,39.7940727085379,39.07622849992821,39.118873596191406,1144800,-0.015504483583194673
2014-12-31,39.17572951464038,39.424488499799246,39.03358191044104,39.083335876464844,885000,-0.000908867470944996
2015-01-02,39.41027495061952,39.67324626597358,38.78482709536106,39.069122314453125,839400,-0.00036373934991804546
2015-01-05,38.955410942515606,39.30366979429149,38.806154437656794,39.18284606933594,1053500,0.0029066063716118133
2015-01-06,39.36763629358246,39.502677764797426,38.66400971366258,38.67111587524414,903500,-0.013146089191660472
2015-01-07,38.83458243075109,39.11176880729623,37.967484361566484,38.85590362548828,1899300,0.0047670631832400995
2015-01-08,39.04780137269726,39.10466150532487,38.202027234164156,39.09044647216797,1789100,0.006018076645284547
2015-01-09,39.07623342885791,39.303668548469155,37.761373974152896,37.825340270996094,1517000,-0.03289884582382586
2015-01-12,37.61211855072102,37.67608484939533,37.17146333276497,37.39179229736328,1792200,-0.011528032516012214
2015-01-13,37.29939463911846,37.79690997700541,36.5460141153902,36.8942756652832,1418400,-0.013394815056175244
2015-01-14,36.7592386940176,37.24253902155038,36.652627290999256,37.10039138793945,1467900,0.005571111107605923
2015-01-15,37.150142350876806,37.28518111052659,36.794774625359985,36.929813385009766,1288800,-0.004608343454695008
2015-01-16,36.865839324447954,37.370463448984054,36.83741197293438,37.34203338623047,1062300,0.0111004169660281
2015-01-20,37.043525925420944,37.5268261834849,36.59576460408186,37.015098571777344,1668300,-0.008793693695221094
2015-01-21,36.901364406455414,37.57656328118511,36.81607695518363,37.5410270690918,1103600,0.0141084911959344
2015-01-22,37.81823472306639,38.40103760720992,37.49840321073379,38.26599884033203,1138800,0.019127353047433567
2015-01-23,38.07409151122744,39.21837582933207,37.45575253165019,39.04779815673828,2560800,0.020224746307843763
2015-01-26,38.209135402986554,39.58085499544661,37.860876561682886,38.98383712768555,2473100,-0.0016393618599492986
2015-01-27,38.59293863130623,39.10466907910514,38.15938952539226,38.841697692871094,1517000,-0.003652775228248563
2015-01-28,38.94118658292542,39.381841696710914,38.891435330299956,39.1259765625,1146600,0.007292256235701526
2015-01-29,39.133092892465775,39.7301107490046,39.0904477915557,39.63771438598633,1301700,0.012994439902812183
2015-01-30,39.63770944741032,39.88123722520567,39.09335468473611,39.33687973022461,1307800,-0.007618554149551726
2015-02-02,39.16498435830096,39.32972335654215,38.606304039717195,39.1793098449707,1364400,-0.004013696987610686
2015-02-03,39.38701749827511,40.303826605005476,39.37269201444411,40.21787643432617,755500,0.026162786823507794
2015-02-04,40.2393670381897,41.12036388347261,40.2393670381897,40.52587127685547,1315400,0.007628982926082771
2015-02-05,40.5043830625602,40.669122049096714,40.03165296527504,40.203556060791016,1030100,-0.007985116191611843
2015-02-06,40.12476089745884,40.28949985788987,39.580403458176114,39.92420959472656,1548900,-0.006972554282920946
2015-02-09,41.829465044832894,43.448206796921085,40.969954965113025,42.73194885253906,4926600,0.06796396049369184
2015-02-10,43.59861483606887,44.22176113671195,42.860870120311,44.12864685058594,2821000,0.03216230286309116
2015-02-11,44.415154838535486,44.71598460213668,43.77052431477398,43.83498764038086,1657200,-0.0066768569274756285
2015-02-12,44.03553127712945,44.64435207500825,43.97106796282009,44.522586822509766,940200,0.015564326365028582
2015-02-13,44.522591712943075,45.188711789871896,44.522591712943075,44.93802261352539,1436200,0.009287635752257632
2015-02-17,44.82342152858426,45.11708716376308,44.450967085768454,44.744632720947266,1311700,-0.004312766869144104
2015-02-18,44.78044268907132,44.930856187122046,44.15013499379742,44.49393844604492,1216800,-0.0056185331323640115
2015-02-19,44.59421544987117,44.701655227307526,44.049860650551004,44.25041198730469,1948300,-0.005488283340350513
2015-02-20,43.69173279918936,44.386503850826216,43.039938206067504,44.28622817993164,1668200,0.0008090705613644512
2015-02-23,44.39366653169793,44.42231750488281,44.08567540072844,44.42231750488281,1370500,0.0030682372405848057
2015-02-24,44.52975588439182,44.615708806510824,44.25757982793676,44.44380569458008,576100,0.00048360813642855103
2015-02-25,44.54407996193255,44.96667225257043,44.39366645144463,44.465293884277344,1040100,0.0004833743726445019
2015-02-26,44.40798815917969,44.837741790378,44.286225632186046,44.766117095947266,606900,0.006742566278806874
2015-02-27,44.83775077228156,44.95951605597419,44.40799705499493,44.63719940185547,730900,-0.0028839597566397888
2015-03-02,44.73030080994426,45.46088410449445,44.687324357686,45.23168182373047,697700,0.013230187917193534
2015-03-03,44.980993819561725,45.253172575994434,44.744630142578096,44.9236946105957,711600,-0.006832391442984333
2015-03-04,45.31046929544322,45.34628437292449,44.486774427203095,44.71597671508789,645800,-0.004634516486484289
2015-03-05,44.85206471967362,45.01680369332164,44.50826128784642,44.71597671508789,782200,0.0
2015-03-06,44.58706422885758,44.59422560724122,43.985407349248156,44.157310485839844,1158600,-0.012572362418214208
2015-03-09,44.350686232721486,44.65151596050715,44.07134609911784,44.38650131225586,622100,0.005176902453759596
2015-03-10,44.05702593853264,44.150140238423376,43.691735580972505,43.94242477416992,864500,-0.0100551495262871
2015-03-11,42.98264028306542,44.10000371823811,42.98264028306542,43.62727355957031,726400,-0.007197754045042992
2015-03-12,43.820660779468724,44.32920325869747,43.60578394495165,44.193115234375,1182900,0.012886517879734676
2015-03-13,44.279054036737634,44.76610952697565,43.133042725769656,43.49833297729492,1278400,-0.01584639802374273
2015-03-16,43.7418707849773,44.20027541481782,43.41239279881783,44.049861907958984,832700,0.012599602484893958
2015-03-17,43.87079369237315,44.18594616547155,43.56280259562173,44.121482849121094,660300,0.0016245857905815794
2015-03-18,44.11431502866447,44.19310381850652,43.18318049808106,43.99971389770508,930800,-0.002763671702520904
2015-03-19,43.842147880445125,44.049863338935296,43.44104518245826,43.76335906982422,1309000,-0.005386215211076653
2015-03-20,43.920931421892604,44.042696677964216,43.55564111829153,43.74903106689453,2512600,-0.00032745084519636544
2015-03-23,43.89229314770538,44.62287669853407,43.770530588721094,43.96392059326172,1128300,0.004899845512681435
2015-03-24,44.09999711565618,44.45096467638639,43.920932647026,44.04269790649414,898600,0.0017902593149384306
2015-03-25,44.1214919096725,44.1573069956829,43.4625358581543,43.4625358581543,1053800,-0.013260247973319272
2015-03-26,43.15454214783703,43.569973076701295,42.789251789962655,43.376583099365234,1012700,-0.001979586801200869
2015-03-27,43.28345748822381,44.05701446310883,43.018442876970354,43.71321105957031,783500,0.007730633421221918
2015-03-30,44.04987297551875,44.873570880179216,43.78485824461466,44.81626892089844,1021500,0.02492085006503465
2015-03-31,44.8377504145429,45.54684704794655,44.57273571540749,45.29615783691406,1437300,0.010650993874429613
2015-04-01,45.2245290227106,45.80469897787282,44.80910080957426,45.69009780883789,1663600,0.008659383348718257
2015-04-02,45.61130653624623,45.75455867290134,45.06694896341826,45.44656753540039,997300,-0.005344300280261161
2015-04-06,45.310465301651725,46.18430338718853,45.12423948377484,45.94793701171875,1053200,0.010971655423881774
2015-04-07,45.94794477261537,46.1484961076351,45.31047295487535,45.56116485595703,1089600,-0.008453245655528895
2015-04-08,45.797528455479124,45.97659566010046,45.5396779104844,45.86915588378906,925800,0.006737200314117297
2015-04-09,45.940786994540844,46.04106267586931,45.66144681589514,45.99092483520508,461100,0.0026511847537439947
2015-04-10,46.03387936894493,46.26308161134502,45.80467985885109,45.998069763183594,779600,0.00015534310433725393
2015-04-13,45.92645784423862,46.39918520973235,45.68292732019746,45.754554748535156,854100,-0.0053080898277001335
2015-04-14,45.675773282644926,46.48514559291428,45.58982308713633,46.18431854248047,806300,0.009348970871330894
2015-04-15,46.37053161769725,46.549596079960885,46.08402738515271,46.427833557128906,1208400,0.005258825550061868
2015-04-16,46.420666647473745,47.50221746437597,45.96226208890858,47.30883026123047,1593500,0.01879782382566358
2015-04-17,47.20856879067385,47.480744871412895,46.528120391903684,47.19424057006836,2173900,-0.002425101032457652
2015-04-20,50.13805540981246,53.260940441078496,49.89453033512255,53.11769104003906,7883600,0.11823817403107627
2015-04-21,53.139179341991245,53.54028204744934,52.652123714814486,52.6807746887207,3901300,-0.008259455033196344
2015-04-22,52.26533639962885,52.53034830784488,51.3628499748972,51.37717819213867,3905100,-0.025056512505393383
2015-04-23,51.39865763313389,51.80692433175581,51.29121787778855,51.36284255981445,2025600,-0.00027906617717873177
2015-04-24,51.89286783019791,51.90003193724126,51.147964636066135,51.29121398925781,1515800,-0.0013955333980825025
2015-04-27,51.34853250686818,51.55624796133686,50.73970889756392,50.86147689819336,1050100,-0.008413672168877865
2015-04-28,50.93311309814453,51.112177620226426,50.37443266358749,50.93311309814453,1310500,0.0014074659916494762
2015-04-29,50.93310255151623,51.286352528959696,50.50775602748921,50.86101150512695,985100,-0.0014166162409939116
2015-04-30,50.69518936866562,51.14936784139554,50.39961447376968,51.03402328491211,1319400,0.0033958857054520683
2015-05-01,51.293560527546774,52.06494623287188,51.264723010501704,51.661231994628906,1316500,0.01221510198773336
2015-05-04,52.093788733217565,52.144253017825356,50.86821889243691,51.32240295410156,906900,-0.0065802739105761945
2015-05-05,51.199840191311225,51.32240102090887,50.41403843198992,50.594268798828125,665600,-0.014289056574089437
2015-05-06,50.81774227703641,50.87541730264905,50.3924013385778,50.74565124511719,791400,0.0029876194657559433
2015-05-07,51.01960381059391,51.538668085934894,50.99077179546932,51.27193069458008,1177000,0.010317517981451717
2015-05-08,51.59634988981608,51.827044542452484,51.24309990613412,51.34402847290039,552700,0.0014051964386199837
2015-05-11,51.589122997917,52.09377117408884,51.35842841744186,51.90633010864258,1263600,0.010892111226641509
2015-05-12,51.63240804341777,51.85589198399245,50.94032395308079,51.15659713745117,738300,-0.014549289770484114
2015-05-13,51.185414318133176,51.37285540357763,50.680771588313384,50.781700134277344,866100,-0.00735540426764695
2015-05-14,50.90427368003932,51.90635424559844,50.637530712873605,51.884727478027344,828900,0.021488422512828592
2015-05-15,51.949598413920505,52.28122162400589,51.005193065629655,52.187503814697266,633300,0.005818597086721489
2015-05-18,52.09379539820665,52.12983817742675,51.61077375493953,51.884727478027344,746300,-0.005818597086721552
2015-05-19,51.971226210722165,52.09378704095501,51.444956616935926,51.783790588378906,644900,-0.0019473013297959345
2015-05-20,51.71889558044725,52.050518738035294,51.43052594335533,51.75494384765625,704000,-0.0005572164200415308
2015-05-21,51.855886922294424,52.43983161334915,51.834260155987934,52.302860260009766,583100,0.010531098188888165
2015-05-22,52.35332245157712,52.641686657708945,52.30285816548458,52.555179595947266,619300,0.004812598505244997
2015-05-26,52.51911442028285,52.74260375837284,51.92795918762531,52.03609848022461,587300,-0.009925978286866411
2015-05-27,51.97844635614276,52.410998216904105,51.91356605211646,52.194725036621094,519400,0.0030437575663328407
2015-05-28,52.15866381009442,52.49028700437192,51.92075842065818,52.23075485229492,412500,0.0006900579655823013
2015-05-29,52.252399436741854,52.447045846602094,51.61798491531091,52.00007247924805,1023000,-0.004426382397540827
2015-06-01,51.87029661366159,52.63447709795715,51.56751092186983,52.187503814697266,627600,0.0035979632949179555
2015-06-02,51.94960596409454,52.374952545501145,51.57472917218254,52.028907775878906,615200,-0.003043592824331158
2015-06-03,52.42539348880577,52.80748086623715,52.093770378201306,52.46864700317383,1114500,0.008416308380383705
2015-06-04,52.331676201828834,52.670510103704395,51.94238352753904,52.043312072753906,806400,-0.00813949489474976
2015-06-05,52.151456091242615,52.374945485324325,51.57472221987634,52.06494903564453,773400,0.00041566275282669553
2015-06-08,52.129828162121,52.634476476005,52.007272835966916,52.15145492553711,640500,0.0016601207961911618
2015-06-09,52.072148868874635,52.47586304417657,51.91354529995084,51.9423828125,530900,-0.004016998483624202
2015-06-10,52.22354772703131,52.612845941198174,51.827038758844566,52.403778076171875,565000,0.008843607984406192
2015-06-11,52.48308619578981,52.973313024548744,52.468664686011785,52.82191467285156,894300,0.007947465806551094
2015-06-12,52.569584780583824,52.80027939809942,52.15144906752633,52.497493743896484,752900,-0.006160724978142898
2015-06-15,52.49028334420715,52.69214044837059,52.07935838210483,52.54795837402344,675900,0.0009608152088786664
2015-06-16,52.71377244163237,52.98772058157628,52.56237961427966,52.656097412109375,734300,0.0020557967155075407
2015-06-17,52.71379034542211,53.94656564416168,52.656115296310276,53.77354049682617,807500,0.02099949169077347
2015-06-18,53.95376319944067,54.65305794457534,53.79516508731264,54.42236328125,786000,0.011993625254787239
2015-06-19,54.53770092723058,55.143272217803215,54.30700631650863,54.9197883605957,1389900,0.009098568181423097
2015-06-22,55.251420044177735,55.69118257312018,54.912586079235766,55.24420928955078,658900,0.005889798368142394
2015-06-23,55.474911288647,56.224670363592736,55.460495277676586,56.06606674194336,1192700,0.014767232944249606
2015-06-24,56.224656918893714,56.69325691620538,56.05884808150558,56.47697830200195,1401100,0.007302332824791451
2015-06-25,56.650018059573135,56.88792349674954,56.26793050906287,56.53466796875,1022900,0.0010209509136935868
2015-06-26,56.40488432837107,56.62837368480127,55.66954697869907,56.00838088989258,1367400,-0.009352704063347112
2015-06-29,55.792117232195544,56.0300226591273,54.45120273519181,54.50166702270508,947400,-0.0272700495114994
2015-06-30,54.71794024544263,54.89095985683615,53.84562593358269,53.91771697998047,1998700,-0.010772163942060101
2015-07-01,53.36980029409856,54.977457132909684,53.36258954140457,54.631412506103516,1858100,0.01314991311008563
2015-07-02,54.48003181199389,54.76840148174025,53.953756752192234,54.73235321044922,1399800,0.0018459630088258551
2015-07-06,53.84561508091452,55.06396837000048,53.82398832137352,54.681880950927734,1402900,-0.0009225904378600855
2015-07-07,54.44398167839803,54.95584071229106,54.1556175187094,54.90537643432617,1356000,0.004078864616039517
2015-07-08,54.91257516450702,55.871401832124015,54.89094840511903,55.54698944091797,2135900,0.01161804400497688
2015-07-09,55.82816264403518,56.001182263745086,54.681894600495006,54.74678039550781,1589500,-0.014510757727991685
2015-07-10,55.410019703198984,55.993964281976126,54.89095541086649,55.669551849365234,1629800,0.016714790628857966
2015-07-13,55.70559755492545,56.45535651667012,55.366769096425955,56.39047622680664,1088400,0.012866930983666279
2015-07-14,56.40488734555974,56.90953561269958,56.12372844680492,56.729305267333984,2423700,0.005990641943789384
2015-07-15,56.64999714816399,56.707672172285776,56.152559690451405,56.282325744628906,1061400,-0.007910369038524078
2015-07-16,56.49141443478886,56.94559304196605,56.239092986357086,56.53466796875,1064200,0.004473486425041037
2015-07-17,56.534649422359514,56.95278511412989,55.72722105225756,56.41209411621094,2458900,-0.002170472148051329
2015-07-20,58.892062350298865,60.86017440559718,58.892062350298865,59.94460678100586,3993900,0.060737345274402006
2015-07-21,59.03624910342569,59.03624910342569,57.644870673394244,57.97649383544922,3089600,-0.03338326577551547
2015-07-22,58.041404657395866,58.156749263432104,57.27722395409813,57.56559371948242,1437500,-0.007112591730192141
2015-07-23,57.616029393078804,57.86835074986694,56.98883137766159,57.154640197753906,1026000,-0.007164477713117385
2015-07-24,57.19071207756989,57.529546110960986,56.99606016467932,57.4141960144043,1178700,0.004531009815399035
2015-07-27,57.40697214034522,57.76743285942354,57.03209541258914,57.320465087890625,1084700,-0.0016338732596535024
2015-07-28,57.60164066239551,57.60164066239551,56.98885836283511,57.36373519897461,1134600,0.0007545958907847521
2015-07-29,57.50788360709906,58.33694411457469,57.169055252047265,58.22159957885742,1273400,0.014844099968492392
2015-07-30,58.09834050899001,58.25060057057073,57.65605891176476,57.99683380126953,1034400,-0.003867993248305986
2015-07-31,58.01859505385454,58.11285525089712,56.989023669232495,57.09053039550781,1874200,-0.015750158974942634
2015-08-03,57.090541304051676,57.293554795393,55.98846569461187,56.3654899597168,986700,-0.012781169366030723
2015-08-04,56.36547596139566,57.77932905074104,56.18421317032841,57.155784606933594,907900,0.013923512005624802
2015-08-05,57.34431277750557,57.750345324527466,57.11954861284033,57.45307159423828,729400,0.005187865299805483
2015-08-06,57.612577195837645,57.70683187597963,55.756447587670316,55.7781982421875,1588900,-0.02958538785387741
2015-08-07,55.720173087482955,56.510481622669516,55.466406321762726,56.12620544433594,1080100,0.006219743148209658
2015-08-10,56.67000851519827,57.677829313007216,56.59749896463194,57.648826599121094,1120300,0.026767068951326446
2015-08-11,57.06877088407794,57.48204978594919,56.86575746304657,57.373291015625,1142400,-0.004791010916135208
2015-08-12,57.090530896302774,57.69957679099889,56.72075876092837,57.63431930541992,1127700,0.0045393298284284395
2015-08-13,57.75034569354354,58.64215582670321,57.590833498876734,58.40289306640625,765800,0.013247215870025338
2015-08-14,58.59864646724284,58.72915592389738,58.105611356737086,58.518890380859375,519800,0.001984187190613838
2015-08-17,58.14911042782103,58.65664964270712,57.81558750291419,58.453636169433594,569600,-0.0011157187096734788
2015-08-18,58.30861239009668,58.48262864962205,57.888081393795645,58.27960968017578,654000,-0.0029816119121156303
2015-08-19,57.9243222914869,58.01133040041151,57.286279421139724,57.69955825805664,738900,-0.010002766339151243
2015-08-20,57.03978536731929,57.953351568993874,56.437991450962876,56.45249557495117,806200,-0.02185001943586574
2015-08-21,56.15520576493845,56.18420847288852,54.509342193603516,54.509342193603516,1476500,-0.03502739483382776
2015-08-24,50.615816471697194,53.31300749943732,43.7785870148391,51.60913848876953,2393100,-0.05467334407322638
2015-08-25,52.68946914621829,53.21875895385483,51.833908512687735,51.862911224365234,2737200,0.004905155452608264
2015-08-26,53.13175135487664,53.13175135487664,51.55113950856643,52.7764778137207,1860800,0.01746168074228957
2015-08-27,53.284007363422155,54.66885771250855,52.696717703181996,54.480342864990234,1181300,0.03177435973454726
2015-08-28,54.29908533252838,55.219903478142676,54.12507458889566,54.748619079589844,1088500,0.0049121908562262786
2015-08-31,54.43686412328754,54.937145861582856,54.02358501858956,54.08158493041992,1242900,-0.012258407637325015
2015-09-01,53.62480244005058,53.62480244005058,52.25445569672576,52.580726623535156,1127600,-0.02814409985418291
2015-09-02,54.052581362143464,54.480359011395315,53.56679274449942,54.02357864379883,2911400,0.027070954219503892
2015-09-03,55.10388781474727,56.15520977747968,54.77761700747205,55.72743225097656,1811900,0.03105193289651972
2015-09-04,55.04588481939771,55.41566247384545,54.52384707940127,54.64710998535156,1575900,-0.01957619473246299
2015-09-08,55.56791089047989,55.589661536461975,54.68334774253883,55.314144134521484,1314400,0.012132315812331132
2015-09-09,55.76370840969465,55.92321507844518,54.47311221134137,54.581871032714844,991300,-0.013326851544262315
2015-09-10,54.52385082930327,55.58967703314841,54.38609485578111,55.12564468383789,742400,0.009913233395481896
2015-09-11,54.857382760897394,55.691187311500826,54.55285701775546,55.64768600463867,759200,0.009425466985085135
2015-09-14,55.647679746583734,56.74250861034413,55.4591648852107,56.249473571777344,966200,0.010756186688162972
2015-09-15,56.1697184932861,57.576319620084014,56.1697184932861,57.33705139160156,1181200,0.01915035357942002
2015-09-16,57.28628673060505,58.27960315866199,56.85125719387421,58.18534851074219,1134000,0.014686543346723502
2015-09-17,57.34429180298471,57.9025842765474,56.046455134907795,56.19871520996094,1631200,-0.034739683637317074
2015-09-18,55.64043938479638,56.32198942804075,55.582439480541645,55.87245559692383,1390800,-0.00582238112396458
2015-09-21,56.18421736877941,56.75700849515877,55.61142624240004,55.966705322265625,769900,0.0016854516231847654
2015-09-22,55.07488267765847,55.50991224542144,54.407836971641856,54.77761459350586,1028600,-0.021475348426010697
2015-09-23,54.987865449166755,55.08937767881895,54.4005759064871,54.65434265136719,879900,-0.002252943242243608
2015-09-24,54.400601442582705,54.75587505218323,53.13901365319319,54.125083923339844,934700,-0.009730937568423803
2015-09-25,54.42959847561702,54.71236802764305,53.922064800622124,54.34259033203125,593400,0.004010534967633007
2015-09-28,54.16134035349247,54.342603213486356,52.27620771589673,52.29795837402344,844500,-0.03835093835241463
2015-09-29,52.4284526698081,52.90698913681271,51.91366696032556,52.703975677490234,971900,0.007733559019086896
2015-09-30,52.37769887079307,52.631465692842575,51.11611128995994,52.30519485473633,2280300,-0.0075951983578435665
2015-10-01,52.55895406492861,52.783723673364605,51.29011460673909,51.97166442871094,1632100,-0.006397038915706386
2015-10-02,51.10160016771014,51.86290044716389,50.83332928921664,51.73964309692383,1201500,-0.004474376505559471
2015-10-05,52.16018033050952,53.55952923987188,52.138429681569875,53.392765045166016,1200600,0.03145097201816314
2015-10-06,53.313019200675086,53.58854222461178,52.36320380350946,52.82723617553711,761000,-0.010648356369383967
2015-10-07,52.326969550174525,53.733571341144376,52.23996690361022,53.23328399658203,973600,0.007656945378465533
2015-10-08,52.87798865963447,54.2120803239923,52.798232578428056,53.508785247802734,1316500,0.005162010909651555
2015-10-09,53.646554737841726,54.13958994052585,53.32753586436625,53.90757369995117,932600,0.007425131297308318
2015-10-12,53.76254334268338,54.132320974372064,53.4942724284463,53.972808837890625,972700,0.0012093977488053214
2015-10-13,53.84953449739679,54.734097588692585,53.73352921568753,53.74802780151367,1144700,-0.0041734054366123615
2015-10-14,53.73354455994865,54.1975768826958,53.2767642980355,53.414520263671875,998400,-0.006224350215752679
2015-10-15,53.65378369547889,54.639853676202165,53.53052633081377,54.61810302734375,1181200,0.0222827610212625
2015-10-16,54.799378639330854,56.48874949771891,54.11057658458386,56.39448928833008,2667700,0.03200606100133773
2015-10-19,55.66217237368096,56.19146212832202,51.34812039715474,52.334190368652344,5352700,-0.07472155305941815
2015-10-20,52.152935354053426,53.806051278417385,51.73240431176381,52.88523864746094,2228400,0.010474364326380558
2015-10-21,53.255001887642386,54.001809178564365,53.16074723462939,53.64653015136719,1513800,0.01429253399140537
2015-10-22,53.91480617674754,55.669428704394576,53.864052815425566,55.654930114746094,2125100,0.03675387392255471
2015-10-23,56.01020660016605,57.45305697535855,55.84344238604848,57.184791564941406,2546200,0.02711731604363444
2015-10-26,56.73525769983345,57.59081835670284,56.65550162347006,56.77875900268555,1902000,-0.007125686735298126
2015-10-27,56.37998949322401,56.90927383373426,56.162471894955324,56.7135124206543,1211500,-0.0011497979272273222
2015-10-28,56.72799913111371,56.916513974683255,56.18421078103712,56.68449783325195,825800,-0.0005117301083245775
2015-10-29,56.48028074464854,56.76472385316021,56.10831453950202,56.70637512207031,690600,0.00038587389830630934
2015-10-30,56.53862381976082,56.6844956472494,56.02808633465393,56.03538131713867,1065800,-0.011903339966257604
2015-11-02,56.363597438057575,56.40006679525827,55.904113585319145,56.33442306518555,1151600,0.005322469957927089
2015-11-03,56.22500866893809,56.53133673709828,56.137491133270736,56.32712173461914,1185100,-0.00012961531087829815
2015-11-04,56.49488135107929,56.70639138862209,55.99892812343067,56.16667938232422,743300,-0.0028524675935818816
2015-11-05,56.443805502584674,56.79389228812575,55.736342514208424,56.203121185302734,585200,0.0006486049467382108
2015-11-06,56.02079504890881,57.38466751261061,55.947861912572385,57.06375503540039,704300,0.01519685969941101
2015-11-09,56.88873638967198,57.42844848455538,56.38548809483365,57.173179626464844,1172400,0.0019157486123883348
2015-11-10,57.37009599885909,58.267184349760015,57.158585960860265,58.20883560180664,913300,0.017952256904426492
2015-11-11,58.25259476850959,58.29635354336466,57.04188339605709,57.304447174072266,1075600,-0.01565892485679054
2015-11-12,57.46490358135824,58.08484367264011,56.56780974343945,56.779319763183594,1210100,-0.009206062067597647
2015-11-13,56.538631573886086,56.66262403536693,55.2258183330875,55.43732833862305,1032900,-0.023919007174197277
2015-11-16,55.357120525454604,55.853073860029006,54.13911936528238,55.26230239868164,1386900,-0.0031621801196913086
2015-11-17,54.93408006751075,55.29875133868765,54.058871242462985,54.52565002441406,1836200,-0.013419749859014141
2015-11-18,54.78090864749647,55.19663359700423,54.20472747810133,55.11640548706055,1288100,0.010776178478590762
2015-11-19,55.19665441410763,56.15938653207984,54.86115744801278,55.1383056640625,1361700,0.0003972651519618112
2015-11-20,55.41545301570816,55.67801123156521,55.02160734525894,55.05807113647461,1334300,-0.0014562101603676234
2015-11-23,55.13829528060692,56.04267847822366,54.01510709374712,54.83926773071289,1423300,-0.003981965298343933
2015-11-24,54.43812315526965,55.21122441613347,54.08074689224942,55.19664001464844,869900,0.0064955803572670535
2015-11-25,55.430032733754985,55.93328086419602,54.55482391636721,55.76552963256836,575900,0.010253847851159605
2015-11-27,55.66341987786472,55.998916763148,54.85384925043093,54.97054672241211,453900,-0.014358402326149043
2015-11-30,55.109116921448354,55.109116921448354,53.14718940155549,53.307640075683594,1858600,-0.030717865748946766
2015-12-01,53.78172194238046,53.92029881745662,52.56372113185114,53.336822509765625,1793200,0.0005472845772379895
2015-12-02,53.35140322058345,53.50456447277686,52.68769889663714,52.88462448120117,1142200,-0.008514302396550707
2015-12-03,53.23470769767593,53.351405169004096,50.82788077817032,51.35300827026367,3109600,-0.029389125781920475
2015-12-04,51.19984366511522,51.418648651109486,49.391077296738146,50.11312484741211,3049500,-0.02444057152130021
2015-12-07,50.215232849121094,50.64554784194227,50.01831281135004,50.215232849121094,1220800,0.002035477093565946
2015-12-08,50.64555458992058,52.03859613572143,50.32464204841049,50.92270278930664,1627200,0.013990427533009095
2015-12-09,50.506966450405706,51.309242060917356,49.507765255335926,49.89432144165039,1619500,-0.020401653893315736
2015-12-10,50.10583005034153,50.20793756033402,49.6609306577563,49.7557487487793,1626100,-0.002781187849200481
2015-12-11,49.34731037632972,50.45590839667513,49.23061291921915,49.865142822265625,2135700,0.0021962083601436942
2015-12-14,50.27358424548594,50.74765803521889,50.011020471616696,50.46321487426758,1593000,0.011922434496120357
2015-12-15,50.92999368015907,51.61557192131342,50.266289261644495,50.46321487426758,1414300,0.0
2015-12-16,50.7549466345459,51.81249669677701,49.63176397657137,50.47779846191406,1526300,0.00028895267178224624
2015-12-17,50.43404197709354,50.47780075253634,48.37729606464509,48.42105484008789,1962800,-0.041598868709071715
2015-12-18,48.355410890348764,48.77842531937379,47.633357795294174,48.01261901855469,2456900,-0.008470863910530792
2015-12-21,48.47209136349217,48.73465505166939,47.34161407247847,47.63334655761719,1617300,-0.007930798682278006
2015-12-22,47.87404888733253,48.72737841291158,47.70630320167643,48.698204040527344,926300,0.022109077496267823
2015-12-23,49.1504003090271,49.40566912140882,48.03450695458503,49.05558776855469,1801000,0.0073119479805944234
2015-12-24,48.94617570357822,49.66092823870908,48.86594758328614,49.31814193725586,417200,0.005337904599205051
2015-12-28,49.157698810909196,49.50778018881286,48.720094306308035,49.34003448486328,641600,0.0004438060536025198
2015-12-29,49.609879531836185,50.156886463402536,49.2160394378176,49.908912658691406,921700,0.011463787179136663
2015-12-30,49.814093734430045,50.040188123174524,49.20873813904925,49.23061752319336,572100,-0.013683859875855001
2015-12-31,49.1358045042721,49.4931807586899,49.02640202022214,49.128509521484375,892700,-0.002076229048730357
2016-01-04,48.384574788103805,48.85135906888781,47.78651421001204,48.836769104003906,1214900,-0.005956013885920186
2016-01-05,49.08477334785923,49.95998249424355,48.873263265186814,49.726593017578125,1661000,0.01805636638683093
2016-01-06,48.69820027794505,51.85625489789337,48.5815083618667,50.973751068115234,3295000,0.024770954510173054
2016-01-07,49.95995702174146,51.272775636410415,49.617165185442275,50.41215133666992,1808100,-0.011078571321968307
2016-01-08,50.5069736101893,50.74036301295833,49.529657224982195,49.62446975708008,1231000,-0.015748190013280913
2016-01-11,50.091233548329875,51.14877774541823,49.79949549120324,51.06126022338867,1275300,0.028542038780146054
2016-01-12,51.265490430578794,51.7687385895808,50.92269852890742,51.65933609008789,1054500,0.011644843323036402
2016-01-13,51.44053008009405,51.78332197502822,49.938086180876695,49.94538116455078,1309400,-0.03374090441672258
2016-01-14,50.288154940083906,51.57909407043575,49.814086844025084,51.199832916259766,1346300,0.024806237044973832
2016-01-15,50.1131254970676,52.70229375231671,49.97454863317862,52.563716888427734,2433200,0.026289820045508373
2016-01-19,52.979441189270034,53.0742537154277,50.5069704458144,51.382179260253906,1699600,-0.02273468338594324
2016-01-20,50.55073895608689,51.170684680562985,49.011825468737605,50.8570671081543,1514600,-0.010272312996197347
2016-01-21,50.97374865273101,52.73875622865264,50.448621144156206,52.476192474365234,1345200,0.0313404977179728
2016-01-22,53.40245546449395,53.694193559486465,52.51995176136154,53.176361083984375,1036700,0.013254367005307823
2016-01-25,53.0377940060172,53.40976028475702,51.59369323025471,51.71768569946289,1597900,-0.027814150893447458
2016-01-26,52.16987679624754,52.78981691128541,51.73227233648215,52.753353118896484,1030900,0.01982753039189599
2016-01-27,52.950277913225,53.198257320080856,51.55723627588311,51.900028228759766,840100,-0.016308002492498547
2016-01-28,52.563714066239896,52.98673405423143,51.513459079348294,52.76792907714844,954200,0.01658426824744978
2016-01-29,53.098236782940226,54.551577844590355,52.628471219589066,54.522216796875,1324500,0.03270466392666752
2016-02-01,54.302012181286166,54.456153467115456,53.245036964117624,54.147865295410156,2351000,-0.006889715643376206
2016-02-02,54.382758924072085,55.755358648479344,53.91299331145044,54.566261291503906,2857800,0.00769721608327633
2016-02-03,54.867202606201175,55.931513995332644,54.52955895447638,55.05070495605469,2384100,0.008838902135473985
2016-02-04,54.742419212676126,57.58303184146093,54.21393157940072,55.71131134033203,4598300,0.011928533616190512
2016-02-05,55.71130999363375,56.43797767179834,54.27265236007542,54.39009094238281,2478800,-0.02400121696830587
2016-02-08,54.58094733803269,55.68930326059086,53.0835672731321,55.13145446777344,3899700,0.013538429287717629
2016-02-09,54.3313653514742,55.25621862777582,52.07062098724846,52.804630279541016,2495900,-0.04312153320798976
2016-02-10,53.039501997529534,53.34044283275344,52.540375558580706,52.97343826293945,1829800,0.0031917415213066785
2016-02-11,51.241199664918305,52.03393124204093,50.58793168008055,51.05769729614258,1678700,-0.03683431028001034
2016-02-12,51.380669980140496,51.70363598345979,50.35305546052796,51.43939208984375,2573200,0.007447949213626285
2016-02-16,51.96785942084777,52.43028325262658,51.74031273532954,52.144020080566406,1410100,0.013605245182983162
2016-02-17,52.82665769493613,53.362481423759114,52.276150642008574,52.885379791259766,1527500,0.014117419016014198
2016-02-18,52.973463726672016,53.64875111572172,52.7312392501494,53.0468635559082,1513600,0.003048814688186458
2016-02-19,52.988143525373836,53.06154334972413,52.26147014417726,52.90740203857422,1130000,-0.0026324867071723505
2016-02-22,53.81022824487184,54.74242333488619,53.21568241269006,54.71306228637695,1006700,0.03355922538366042
2016-02-23,54.39010868244619,54.940615866681576,54.30203111699967,54.69105529785156,1034600,-0.00040230640871941357
2016-02-24,54.15520471592338,55.65258434494087,53.94968300998801,55.60120391845703,1019700,0.016504681066354634
2016-02-25,55.54982500246831,55.938849042145144,54.80113796762472,55.880126953125,867300,0.00500395204283376
2016-02-26,56.15173491640199,56.55544244013424,55.78473011302682,56.11503219604492,672200,0.004194923944587379
2016-02-29,56.10768186789282,56.203101076494576,55.15346738168544,55.68929672241211,795300,-0.007615761133118808
2016-03-01,55.83608392189219,56.87837572218463,55.42504053023798,56.841678619384766,770100,0.020481866067503293
2016-03-02,56.72425617070182,57.99409513479306,56.151729627371644,57.94271469116211,1105100,0.019185009579203372
2016-03-03,58.126210937424446,58.280352252039954,57.5536844545532,57.906005859375,967800,-0.0006337373920273742
2016-03-04,57.78121800324209,58.10418391526708,56.9004034068231,57.18667221069336,918300,-0.012500239414042564
2016-03-07,56.922431607209184,58.03078177690891,56.922431607209184,57.693138122558594,688700,0.008817375162866825
2016-03-08,57.171990896740574,58.21428288575706,57.10593273971218,57.67845916748047,774400,-0.00025446393223511557
2016-03-09,57.90599536160022,58.05279498698805,57.19400541837109,57.25272750854492,772400,-0.007408495787183526
2016-03-10,57.6050794118567,57.8032595520134,56.88574749563223,57.20871353149414,1045900,-0.0007690621194389917
2016-03-11,57.56101267859611,57.810578773070006,57.03252504328385,57.23805236816406,1184600,0.0005127071452299838
2016-03-14,57.083896277178305,57.729827994064365,56.96645771050108,57.54632568359375,886200,0.005371359096779666
2016-03-15,57.11327380206013,57.61974211714328,57.11327380206013,57.605064392089844,1561500,0.0010201998178594144
2016-03-16,57.583047875925196,57.89133614787919,57.22338475870217,57.53900909423828,717600,-0.0011473504992116684
2016-03-17,57.49497107489135,58.14089748174088,57.127966289171454,57.70049285888672,1015600,0.0028025784146695184
2016-03-18,57.7812170403861,57.950036055188164,57.480270518278274,57.61239242553711,2241700,-0.0015280243881529807
2016-03-21,57.406871534408445,57.81791498514486,56.81966740479171,57.14262771606445,901100,-0.008187307762153755
2016-03-22,57.11328430675496,57.502308492771945,56.893084790166405,57.31147003173828,733200,0.00295039568656694
2016-03-23,57.238045704618195,57.49494783075165,56.82699670275833,57.30410385131836,720100,-0.00012853716437490932
2016-03-24,56.98114859829229,57.23805637235324,56.59946616833606,56.738929748535156,1002100,-0.009911674775537005
2016-03-28,56.93710908670109,57.678460150702605,56.82700655639634,57.340816497802734,1240900,0.010552133116429883
2016-03-29,57.127957292476424,57.4802786952556,56.98849370385049,57.42156219482422,888400,0.0014071808421095287
2016-03-30,57.759190138593446,57.97205349480928,57.48026303732281,57.656429290771484,750900,0.004081882539372256
2016-03-31,57.6564251426039,58.96296062809374,57.6564251426039,58.79413604736328,1970200,0.01954035952554312
2016-04-01,58.40513082980059,58.69139406297038,57.76654060193467,58.1262092590332,1110500,-0.011425454698250374
2016-04-04,58.25833805840809,59.04372802673775,58.19961595235303,58.50055694580078,988200,0.006419606485934807
2016-04-05,58.52992422485003,58.71342662575567,57.091266073755655,57.10594940185547,1352100,-0.024127970722267668
2016-04-06,57.076579209447374,58.56661757028269,57.04721815799643,58.52991485595703,1040600,0.02462968468308649
2016-04-07,57.97938269773678,58.368406661342696,56.981129779782265,57.59035873413086,1166800,-0.01618281799062223
2016-04-08,57.869305339667136,58.13354920332253,56.885735313876054,57.81058883666992,982400,0.0038167861621864045
2016-04-11,58.214278630737034,58.94095190521841,58.00141525134776,58.317039489746094,1050100,0.0087223664386225
2016-04-12,58.581290405774446,59.43274402663067,58.250988404608066,59.41072463989258,1122400,0.018580436360106103
2016-04-13,59.49145252987931,60.07865657555039,59.440072105882514,59.821754455566406,755000,0.006894622119920906
2016-04-14,60.078681101690954,60.159422600939635,59.57955437908478,59.696998596191406,651200,-0.002087637320488613
2016-04-15,59.689631148778076,60.63650374000257,59.41804571407078,60.48970413208008,1513100,0.013191426555483967
2016-04-18,64.1083748649651,64.59282373096994,62.07517140018139,63.990936279296875,3719300,0.056268281774977794
2016-04-19,64.37995760917994,64.9818450352815,63.60925117334384,63.87348937988281,1772200,-0.0018370540803394494
2016-04-20,62.55227875714513,63.69733157042666,62.522917710644705,63.4918098449707,1810900,-0.005993479853393164
2016-04-21,63.12482242760645,63.96893454519462,62.88259792776794,63.712032318115234,1196700,0.0034625163740431603
2016-04-22,63.79275607393178,64.35059915469614,63.67531188847803,64.1744384765625,1608000,0.007231541705814071
2016-04-25,63.858820079650386,64.29922461536262,63.59457623821355,64.03498077392578,1123400,-0.002175468205885264
2016-04-26,64.06434110983108,64.39464870797397,63.631278241214936,64.32124328613281,954000,0.0044604457464575056
2016-04-27,63.9982690765842,64.57813706313051,63.94688865246218,63.97624969482422,729500,-0.005378038414028031
2016-04-28,63.66616441421139,64.20514187219425,62.80969936726895,62.99428176879883,860600,-0.015467959269738317
2016-04-29,62.9499959336178,62.97952979951853,62.18213231922569,62.49222946166992,709400,-0.00800173629783499
2016-05-02,63.07549659950812,63.74737359192331,62.55128327072043,63.193626403808594,736700,0.011161227626670935
2016-05-03,62.82446726578408,63.17886797659611,62.62512073864546,62.67680358886719,491700,-0.008212027549287064
2016-05-04,62.4478957041778,62.93519012985627,62.056582062934524,62.22639465332031,746100,-0.007212159403893413
2016-05-05,62.23380127948208,62.32240285739952,61.547154541393056,61.68743896484375,1195000,-0.008698933304936814
2016-05-06,61.591453811911514,62.8835306104815,61.53977096528902,62.824462890625,858100,0.018264206331251958
2016-05-09,62.529160038295636,63.82123734272983,62.529160038295636,63.57758712768555,924600,0.011916470485136787
2016-05-10,62.97951171310403,63.82858617362532,62.57342821484898,63.739990234375,902200,0.002551151194296911
2016-05-11,63.35608050785959,63.6883323090578,62.278119638858406,62.38887023925781,927300,-0.021425257862157716
2016-05-12,62.38147184572252,63.06073941890409,62.27810614321826,62.979522705078125,694300,0.009422739211698939
2016-05-13,62.93521804013518,63.28223387830255,62.72848663859076,62.839237213134766,861800,-0.002229962370763435
2016-05-16,62.68417825675459,63.46680575640619,62.418379175173435,63.09764099121094,612000,0.0041037088483739746
2016-05-17,62.920438638144596,63.30436748587327,62.18210916458365,62.48482131958008,748200,-0.00975971524538081
2016-05-18,62.44794638038352,63.1198236826665,61.91634793334056,62.68421173095703,852400,0.003185941045835847
2016-05-19,62.403620821234774,62.85400236762618,61.87202819404285,62.66204071044922,493600,-0.00035375641963270173
2016-05-20,62.86876450109568,63.14932771199518,62.12305005235338,62.30763244628906,872500,-0.005671923520929552
2016-05-23,62.49960890237058,62.905686848929044,62.11567431205124,62.73587417602539,457500,0.006849510471640242
2016-05-24,62.868761686081015,64.36018488377796,62.76539600074595,64.02793884277344,849500,0.020386092582658274
2016-05-25,63.865504972077,64.32327131305429,63.66615847554287,64.0574722290039,753500,0.0004611514536546197
2016-05-26,64.20514314889945,64.46355738957823,63.688314667541896,64.05009460449219,516900,-0.00011517859096427045
2016-05-27,63.71783131280452,64.64812232789849,63.71783131280452,64.44139099121094,413700,0.006090638527953349
2016-05-31,64.43404464035011,64.70722871743708,63.813850259516755,64.44881439208984,643800,0.0001151895268540138
2016-06-01,63.9245816524791,64.35281419606568,63.62186379590676,64.32328033447266,886200,-0.0019497096424579983
2016-06-02,63.96887150827874,64.32327216939989,63.57017287689522,64.03532409667969,681800,-0.004486753687273865
2016-06-03,63.63663778164507,63.80645045585492,63.00167379762452,63.341304779052734,720700,-0.01089722960351794
2016-06-06,63.76216652108405,64.19039918751376,63.45944857767382,63.67356491088867,687600,0.005231842390373318
2016-06-07,63.66617647961722,64.41188546735195,63.59972387330892,64.19776916503906,707600,0.008198978989232924
2016-06-08,64.10176360204855,64.51522629779699,63.96886407369987,64.31587982177734,366500,0.0018381034376308866
2016-06-09,64.0353171207305,64.35279901670854,63.27483303835941,64.28634643554688,524700,-0.0004592982191545869
2016-06-10,63.94671644509113,64.11652907029465,63.11978540307882,63.4372673034668,446700,-0.013295765995856412
2016-06-13,63.3265357979685,63.49635410724421,62.78755827224065,62.80232238769531,457200,-0.010059447620518892
2016-06-14,62.68416811086172,63.11977975944167,62.374071110210934,63.08286666870117,1208900,0.004457152545975264
2016-06-15,63.193626451690854,64.0648555869718,63.097645633561015,63.5111083984375,741900,0.0067656199755518715
2016-06-16,63.119816625272286,63.68094888252331,62.45531864076577,63.4151496887207,710500,-0.0015120390287269015
2016-06-17,63.36344437850404,63.437276209958696,62.65464865712551,63.068111419677734,786400,-0.0054875109458518085
2016-06-20,64.05008658676304,64.30850079509378,63.533258170101576,63.60708999633789,601900,0.008509666029597364
2016-06-21,63.703068547634246,64.10176715477746,63.2674568451858,63.36343765258789,972300,-0.0038379401478507904
2016-06-22,63.45203149687184,64.10914422319125,63.23791529133987,63.40034866333008,514200,0.0005823589348045745
2016-06-23,63.96886779148138,63.98363753604894,63.14932159120144,63.64400100708008,1234400,0.0038357100195866526
2016-06-24,61.61361885303346,62.16736619670844,60.78669309160474,60.816226959228516,2621100,-0.045448426729356735
2016-06-27,60.45443421182583,60.55779991987541,59.317405790271835,59.51675796508789,983200,-0.021598724771170957
2016-06-28,59.73085932099594,61.296114298963,59.568425925243005,61.10415267944336,1286200,0.026321909792958304
2016-06-29,61.41426649422129,61.70959950958909,61.10416936293903,61.33304977416992,1825300,0.0037390165212733877
2016-06-30,61.089382869856685,62.115660451382745,60.97125307589334,62.01229476928711,2309100,0.011013822433182172
2016-07-01,62.05661621748687,62.20427991065879,61.672681602425754,61.945865631103516,1046800,-0.0010717994576275444
2016-07-05,61.52498862112836,61.702186095184004,60.351041977120104,60.786659240722656,1482700,-0.018890524145417677
2016-07-06,60.73499864211752,61.42902468331044,60.646397056153056,61.28874588012695,3448600,0.008225890711674977
2016-07-07,61.458563995617595,61.8794117085064,60.86051872809368,61.36258316040039,1301000,0.001204019390103226
2016-07-08,61.724356996875315,62.71372164715748,61.414259898894635,62.54390335083008,3082800,0.019068509135702336
2016-07-11,62.72107951507879,63.42249581636418,62.72107951507879,63.12716293334961,727300,0.009282387548626635
2016-07-12,63.30437002336519,64.2346667745839,63.30437002336519,63.6809196472168,1083400,0.008733831828887676
2016-07-13,63.806435712843125,64.19774945683304,62.74324503538173,63.156707763671875,831100,-0.008265920436906271
2016-07-14,63.54064582527834,63.60709842079744,62.8983026556391,62.94998550415039,664800,-0.0032785324764643153
2016-07-15,63.05333112084752,63.30436040995586,62.698930534628786,63.12716293334961,1418600,0.002810621084483069
2016-07-18,61.650520991492485,62.20426818602685,57.981022014430195,58.933467864990234,7940300,-0.06874200698939191
2016-07-19,59.66440976675358,60.46919191396666,59.214028285828576,59.86376190185547,3289100,0.015662201142674213
2016-07-20,60.17385068469429,60.29936534033585,59.60533948190173,60.048336029052734,2197400,0.0030784929319281327
2016-07-21,60.24030474689059,60.38058916270996,59.40599439066576,59.76039505004883,1288900,-0.004806686971781756
2016-07-22,59.686551657631924,59.834220931452535,59.273088956947866,59.361690521240234,1078500,-0.006694073827624176
2016-07-25,59.25092684449659,59.989256150970064,59.03681066965861,59.91542434692383,1733600,0.009284896006638493
2016-07-26,59.94499246108203,60.24770472061056,59.36909617411802,59.71610641479492,1009200,-0.0033322003871050342
2016-07-27,59.671807477559966,60.144338045600826,59.442927067948865,59.77517318725586,1203800,0.000988637454861239
2016-07-28,59.7603077236676,60.25069148422691,59.58941289169352,60.1763916015625,991900,0.006689698651141018
2016-07-29,59.983223551589674,60.59249176615184,59.856907493335605,60.35472869873047,953800,0.002959189740578628
2016-08-01,60.20612019688866,60.68164630770669,60.18383079618131,60.19868850708008,882500,-0.0025887325703327522
2016-08-02,60.265543024426734,60.51073769090326,59.626553955333314,59.738006591796875,1004700,-0.0076821223145522866
2016-08-03,59.59682821436136,60.16151737123037,59.54481774390738,60.042633056640625,910100,0.005086416678069963
2016-08-04,59.864322662353516,60.42901191740761,59.78259109904106,59.864322662353516,695100,-0.0029741481577243256
2016-08-05,60.17639768322889,60.97141841239328,60.00550850270176,60.84510803222656,1098500,0.01625070963230905
2016-08-08,60.67421751262075,61.09030142338378,60.4661698885211,60.7336540222168,628300,-0.001833445897090707
2016-08-09,60.77822919661872,61.25375521298252,60.42901353831965,60.5627555847168,745600,-0.002817866598638642
2016-08-10,60.65933628531569,61.02340960010862,60.16895263030919,61.01598358154297,655400,0.007455745954285196
2016-08-11,61.08285415912462,61.610390602536974,60.882243944363125,61.558380126953125,675000,0.008850139119811536
2016-08-12,61.51381121345768,61.536100611040666,61.01599577171229,61.238895416259766,619900,-0.005203461235503424
2016-08-15,61.23147372681381,61.48409447557777,60.67421607295661,60.77080535888672,733900,-0.007673035028886659
2016-08-16,60.718793339428004,60.8153826229213,59.7825989173257,60.07237243652344,962700,-0.011559456018917207
2016-08-17,60.109518700175464,60.324992311129385,59.738013647230886,60.228397369384766,660600,0.0025939155767033474
2016-08-18,60.161538298122096,60.325001453184775,59.81232258843695,59.93863296508789,662900,-0.004822703284138949
2016-08-19,59.67857541289502,60.05008049033304,59.596843842361245,59.9534912109375,616300,0.0002478602498336898
2016-08-22,59.715728067124395,60.154101336628536,59.715728067124395,59.97578048706055,726500,0.0003717070247173063
2016-08-23,60.310128749293504,61.28347583974647,59.94605538576686,61.03084945678711,709000,0.01743864295432239
2016-08-24,61.12002586771202,61.12002586771202,60.26556293087398,60.33986282348633,414300,-0.01138650479972793
2016-08-25,60.12441360078563,60.30274021798758,59.87179272949731,60.050113677978516,434300,-0.004813518756031684
2016-08-26,60.13925008138773,61.03086009362465,60.06494452310281,60.45131301879883,638400,0.006658855986368917
2016-08-29,60.40672443857013,60.74850841021456,60.14666636411439,60.6221923828125,374800,0.0028227394079111
2016-08-30,60.651903597237975,61.11257183294763,60.48844616074393,61.09028244018555,690400,0.0076917730227246805
2016-08-31,60.89711717822174,61.09030142338378,60.48103326745871,60.7336540222168,712200,-0.005854833574833442
2016-09-01,60.50331935444031,60.86739275642403,60.02036160233742,60.644493103027344,553400,-0.0014691431256466758
2016-09-02,60.86740488841472,61.63270462151215,60.80053667968299,61.602989196777344,570200,0.015681561987685565
2016-09-06,61.61040004196597,61.85559475102078,60.91197435836406,61.454368591308594,805200,-0.0024154699954666687
2016-09-07,61.4395194181901,61.61784029104097,60.852540640141044,61.402366638183594,555200,-0.000846546282276198
2016-09-08,61.35778666183093,61.43208655170237,60.3844393977449,60.406734466552734,781300,-0.016347782490136117
2016-09-09,60.06492628975766,60.213531692498535,59.30705857628687,59.388790130615234,900600,-0.016995106296718993
2016-09-12,58.920695750451216,59.60426359556239,58.757232642116705,59.41107940673828,999400,0.0003752407552530319
2016-09-13,59.106449387311905,59.277338517513954,57.59070826552671,57.8804817199707,1312700,-0.026100506509655126
2016-09-14,57.9993706084393,58.207412543851355,57.44954468360493,57.74674987792969,775100,-0.002313155816717478
2016-09-15,57.73188256682721,58.081098221210986,57.360377516413344,57.76903533935547,990300,0.00038584270816920514
2016-09-16,57.39752632644785,57.78388905796977,57.06317407164459,57.412384033203125,1535700,-0.006192881594020282
2016-09-19,57.50898451127329,58.14054198051303,57.22663703725463,57.456974029541016,736100,0.0007763601943905791
2016-09-20,57.813611093699265,57.984505902145834,57.412384980087964,57.486690521240234,576000,0.0005170618576921985
2016-09-21,57.739316062898084,58.74237859667802,57.68730558096038,58.67551040649414,616800,0.020468988759958198
2016-09-22,59.1807590972602,59.33679054723806,58.51204883398543,58.9950065612793,724700,0.005430365195113172
2016-09-23,58.980128409910414,60.25810644433148,58.980128409910414,59.5596809387207,789900,0.009526045059581323
2016-09-26,59.42595008336331,59.477960563431814,58.690366005472384,58.972713470458984,1033700,-0.009903997453332754
2016-09-27,58.88356225655455,59.7157357765025,58.400604460769735,59.34423065185547,1030700,0.0062800540560993155
2016-09-28,59.55226912961734,59.66372179423282,58.96529038677929,59.15104293823242,860700,-0.0032606850709794278
2016-09-29,59.13618294257649,59.686014607808374,58.72009901750876,58.98758316040039,917200,-0.002767255512284121
2016-09-30,58.950411553302274,59.26248006615501,58.59376992249417,58.94298553466797,1296400,-0.0007563370269794928
2016-10-03,58.69037296070506,60.02779356198513,58.69037296070506,59.842041015625,1125900,0.015137811144464856
2016-10-04,58.824121083608176,60.124389042142674,58.824121083608176,59.75288391113281,1015300,-0.0014909850240453692
2016-10-05,60.02778309872228,60.03521478652229,59.46309386897578,59.767730712890625,887300,0.00024843918148982034
2016-10-06,59.87176998735792,60.03523315667494,59.552275338797905,59.79747009277344,951300,0.000497458797304049
2016-10-07,60.020359560235825,60.020359560235825,58.289144534372866,58.92070770263672,1587100,-0.014770751152068343
2016-10-10,59.3516550832876,59.43338666201845,58.8909923690427,59.2773551940918,1055500,0.006034761739574567
2016-10-11,59.307090874947775,59.307090874947775,58.25201745011838,58.467491149902344,1113600,-0.013756471571987203
2016-10-12,58.36345124222578,58.460040523788045,57.508988411207255,57.68730926513672,1897800,-0.013433687025150059
2016-10-13,57.39754543507412,57.39754543507412,56.76598781645782,56.92945098876953,1568400,-0.01322440661363604
2016-10-14,57.286114535925506,57.880525266912365,56.57282505997378,56.58768844604492,2977300,-0.006021356370060085
2016-10-17,59.39621885767619,61.53608553204742,58.779519221649394,60.79307556152344,9315500,0.07168445076815129
2016-10-18,60.98628091912836,61.43951761203576,59.69343903999013,60.51818084716797,2830500,-0.004532063932274061
2016-10-19,60.71134863709296,60.82280127490679,60.06492787274605,60.10951232910156,1618400,-0.006775725719653871
2016-10-20,60.13923092136398,61.43949841503714,59.88660457486067,61.27603530883789,1709100,0.019220721332864555
2016-10-21,60.71135367137425,61.57324809530644,60.71135367137425,61.528663635253906,1619200,0.004114316226561019
2016-10-24,61.95962650293338,62.59861579421154,61.8481738277163,62.323699951171875,1581700,0.012838628402026892
2016-10-25,62.026510959200635,62.36829506445841,60.86741087537046,61.89276885986328,1224100,-0.006938416849912838
2016-10-26,61.87788993794437,61.89275331676005,61.04572212324464,61.32806396484375,636100,-0.00916580152176758
2016-10-27,61.402353280658815,61.588105802845874,60.96398004928155,61.528663635253906,1177800,0.003265589969653581
2016-10-28,61.68569264735834,62.59030578147424,61.461405947990094,62.253875732421875,1115100,0.011717652565428014
2016-10-31,62.388423881274356,63.098661034614345,62.24638101368286,62.358524322509766,1025200,0.0016795858942285108
2016-11-01,62.71736855006793,62.74727380909429,61.0427139715064,61.46137619018555,1261700,-0.01449143197121633
2016-11-02,61.401555282468415,61.75293488676555,60.48947070379915,60.60160827636719,976500,-0.014087516154415497
2016-11-03,60.8857114208836,61.169802806182624,60.07828659465117,60.766090393066406,1202300,0.0027104776510119047
2016-11-04,61.24456478969136,61.872563795402954,60.609093747418044,60.64647674560547,960200,-0.001970367466537454
2016-11-07,61.49878447639403,61.872591812154525,61.29692532092888,61.77539825439453,922100,0.018443656586145277
2016-11-08,61.67073059533962,62.45572825573696,61.57354274467543,62.276302337646484,703300,0.008075774909887852
2016-11-09,61.10252809395146,62.71737224971872,60.22034286409171,62.373470306396484,1153300,0.0015590560074152304
2016-11-10,62.62020318222706,63.278102005094915,62.23891812277614,62.72486877441406,1107300,0.005617970547390234
2016-11-11,62.68746292423105,63.479938024180115,62.46318203861313,63.24069595336914,997800,0.008190017063550433
2016-11-14,63.54723636547531,65.58074884178593,63.50985335666297,65.19198608398438,2078800,0.030388531319928407
2016-11-15,65.1172166825967,65.28169277226297,63.592082538207954,63.86870193481445,1124400,-0.02050710473964675
2016-11-16,63.831315915583595,64.31726642013608,63.39022615399513,63.786460876464844,703700,-0.0012884879532721928
2016-11-17,64.08550580457073,64.44435751415219,63.644410352730716,64.25745391845703,736700,0.007356775478279578
2016-11-18,64.39200767789652,64.42939066867072,62.9864950639772,63.0089225769043,731700,-0.019621386773206906
2016-11-21,63.32293737425263,64.21260033514297,63.16593903477408,64.01821899414062,847300,0.01589137006375965
2016-11-22,64.13784757314833,64.78079648876677,63.75656258741044,64.48922729492188,1073100,0.007330476537376402
2016-11-23,64.26492356159486,65.12468113422698,64.26492356159486,64.960205078125,744600,0.007276661670108222
2016-11-25,65.01255170103862,65.76016614889396,64.77331530587874,65.7452163696289,418600,0.01201206073729156
2016-11-28,64.69855057713204,64.85554891598309,63.636939502703925,63.88364791870117,1923500,-0.028723486057147255
2016-11-29,63.64443474062407,65.14714182291166,63.64443474062407,64.75838470458984,1255400,0.013599758183841655
2016-11-30,64.80321411978119,65.13216626933458,63.801407893343615,63.83879089355469,1104000,-0.014302172378370868
2016-12-01,63.73411576194148,63.73411576194148,62.470645835389575,62.896785736083984,1188100,-0.014865952099344968
2016-12-02,62.82203382038826,63.352839332052454,62.47813189890914,62.7846565246582,881700,-0.0017843404588493042
2016-12-05,63.278094911127035,63.861233346179375,62.97904795104097,63.08371353149414,956300,0.004751909783911947
2016-12-06,63.248189733231875,63.53228691244201,62.76971687796322,63.12857437133789,963100,0.000710879146212575
2016-12-07,63.13605454969272,64.81071546288014,62.85944078123769,64.6836166381836,1189600,0.024334439314394586
2016-12-08,64.51912464169773,65.3190718170824,64.30978781963528,64.8405990600586,920200,0.002423986864448752
2016-12-09,64.74339682524044,64.74339682524044,63.74906844367583,64.30230712890625,817800,-0.008336424577405103
2016-12-12,64.67612275079384,65.46859218233071,63.771510019511446,64.22007751464844,1216400,-0.0012796156203638736
2016-12-13,63.9584111369539,64.82564083340084,63.30798458673498,63.92102813720703,1232200,-0.004667509599441275
2016-12-14,64.01821342293384,64.53406913907457,63.31545982697464,63.60702896118164,1449600,-0.004924403581501463
2016-12-15,63.77899922482343,63.77899922482343,61.581016195841485,61.96229553222656,1730000,-0.02619791901890753
2016-12-16,61.947330548508475,63.18836750470363,60.39229120478742,60.45957946777344,6199500,-0.024551029695527853
2016-12-19,59.883903078118095,60.75113838642416,58.87462493429898,59.6745719909668,2457100,-0.013069033917378192
2016-12-20,59.988590214774625,60.60911166350629,59.839069585515944,60.53435134887695,1111100,0.014304994929923159
2016-12-21,60.46703293093177,60.80346273482719,59.7044689756872,59.816612243652344,873500,-0.011927575700249268
2016-12-22,59.56992405438818,59.56992405438818,57.820503144696126,58.85221481323242,1935100,-0.01625395120745492
2016-12-23,58.89705404278175,59.36057696532476,58.42605908395581,58.58305740356445,927900,-0.0045839359145188295
2016-12-27,58.83726247309642,59.38302360122443,58.2616017825211,58.46345520019531,1170100,-0.0020436703723324214
2016-12-28,58.23915439202413,58.31391468033261,57.85039176666906,58.029823303222656,927800,-0.0074447883238315075
2016-12-29,58.14198323871997,58.71017191524659,57.715843157286656,58.26160430908203,1212300,0.003986214934895147
2016-12-30,58.46345181081915,58.792404017132185,57.88779115361733,58.15693283081055,1049600,-0.0017981931236654113
2017-01-03,58.39617462964182,59.69702238682931,58.39617462964182,59.659645080566406,1750000,0.025510734945905653
2017-01-04,59.54749376210612,60.96796239792286,59.54749376210612,60.51191711425781,1881600,0.014184492700710531
2017-01-05,60.29509986537227,62.94165541015724,59.29329364716002,62.58279800415039,3326700,0.033650125343246455
2017-01-06,62.463185300828286,62.71737145857276,61.177287622286315,61.95480728149414,2195200,-0.01008524363485997
2017-01-09,62.04452175556743,62.351046418640266,61.43147813326737,61.752952575683594,1331300,-0.0032634150870981212
2017-01-10,61.91744046541204,62.201531957832046,61.67820402341449,61.94734573364258,982700,0.0031429725010896394
2017-01-11,61.71557894136406,62.03705340287617,61.117485062880064,61.663246154785156,1339000,-0.004596694745322046
2017-01-12,61.4987590772205,62.73979595339277,60.78852201029724,62.3884162902832,1320800,0.011691554657569785
2017-01-13,62.537947943892675,62.754756812130644,62.25385081124168,62.6949462890625,1155100,0.004901221170893722
2017-01-17,62.575326086104575,63.71170322432994,62.470660521247694,63.674320220947266,1653900,0.015500502107944146
2017-01-18,63.78648384919652,63.80891137683319,62.88934852064613,63.21082305908203,1828100,-0.007305807622102352
2017-01-19,63.47993681603072,63.749072732881054,62.49308040425204,62.62765121459961,919000,-0.009268644152882859
2017-01-20,62.83698262269766,63.33040508234009,62.52298028964051,62.79212188720703,950500,0.0026227246759949635
2017-01-23,62.89679784010237,63.248177523072286,62.515518600315886,62.73979949951172,969300,-0.0008336109277585392
2017-01-24,62.83699232636088,64.03317422035349,62.83699232636088,63.88364791870117,1131500,0.018067420498183752
2017-01-25,64.3770713879546,65.12468572928135,64.29483335410107,64.86302185058594,1468100,0.015214262631927539
2017-01-26,60.646487759291574,61.37914674452392,59.97363359663736,60.93805694580078,4222800,-0.06241980181165433
2017-01-27,60.87076069483267,61.775373398938505,60.84833317632637,61.74546813964844,1649500,0.013162694024140971
2017-01-30,61.68529119220885,62.79863799754904,61.36181931370267,62.71588897705078,1336100,0.015594245883592726
2017-01-31,62.39240722158645,62.56542369939497,61.69280562948716,62.06893539428711,1828300,-0.01036919966402989
2017-02-01,62.04638800823754,62.129131302331615,61.534851137923994,61.7830924987793,1265000,-0.004615885712877282
2017-02-02,61.73795441208764,62.11408426856175,61.339257682510876,62.016292572021484,963800,0.003767391072754107
2017-02-03,62.27958978722059,62.61058593715561,61.85080192902605,62.15922546386719,1856400,0.0023021116759863246
2017-02-06,70.79515278978499,72.47268851635825,70.18582433852484,70.94560241699219,12332700,0.1322141746281167
2017-02-07,70.92306063601714,73.39799633230118,70.15575808296897,71.44964599609375,6446000,0.007079529547904743
2017-02-08,71.5850433903446,72.76609101488951,71.4646790707363,72.68334197998047,2509500,0.017119274788644938
2017-02-09,72.60810586800835,73.9170419170405,72.54040524786163,73.52586364746094,1775400,0.011525006097388268
2017-02-10,73.51834579866124,73.72145340008983,72.99928474937472,73.443115234375,1378500,-0.0011260665000114892
2017-02-13,73.91706474018385,74.29319471745426,73.71395133845654,73.81926727294922,1766000,0.005108607510395272
2017-02-14,73.99226273057114,74.1652792433139,73.37541002132018,73.57099914550781,1978700,-0.0033688569574894427
2017-02-15,73.30770864098864,73.7665875369852,73.24753222424246,73.60108947753906,1010600,0.00040891357501355457
2017-02-16,73.64622694949453,73.87190141951315,73.18734806605134,73.45063781738281,894700,-0.002046242032246708
2017-02-17,73.34531270913061,74.20288821397146,72.83377593963911,74.09757232666016,1562500,0.008769183365026571
2017-02-21,74.4662024134159,74.72197375189057,73.92457439244582,74.38345336914062,1563600,0.0038507465098695016
2017-02-22,74.33830261230469,74.44361851015293,73.95464856197981,74.33830261230469,1134500,-0.0006071843077045014
2017-02-23,74.17280449919956,74.4586668553637,72.91653219071962,73.00680541992188,1038000,-0.018073670110517547
2017-02-24,72.87138550681387,73.56346292328882,72.59304740399276,73.55593872070312,1110300,0.007493526047416222
2017-02-27,73.26257350288239,73.43559576336972,72.71342712254773,73.36788940429688,1082800,-0.0025598219361935015
2017-02-28,73.3603631374779,73.68383503680928,72.81874097655457,72.87139892578125,1309700,-0.006790136792664606
2017-03-01,73.06699023535913,74.16528882349219,72.87892529069347,73.6688003540039,1502200,0.010883147459481157
2017-03-02,73.6311791578331,74.18033127745394,73.18734867891293,73.36788940429688,1055900,-0.004093010666816604
2017-03-03,73.33027863522034,73.64622633417835,72.99928252814847,73.53338623046875,1027900,0.0022531716688326034
2017-03-06,73.35283048567298,73.58602911010468,72.97670070986193,72.999267578125,867300,-0.007290129592020688
2017-03-07,72.81124344883494,73.54845500810478,72.81124344883494,73.11966705322266,1022300,0.001647965784170805
2017-03-08,73.14220867313003,73.51833850007564,72.90900427770947,73.25504302978516,836000,0.0018497186444889823
2017-03-09,73.48072234099915,73.62365351009687,72.96918555291246,73.23247528076172,1001100,-0.0003081183907305666
2017-03-10,73.6311773989431,73.6311773989431,73.14221318517878,73.32275390625,949800,0.0012320084026774198
2017-03-13,73.2776189381389,73.6462245781341,73.17229730171147,73.48825073242188,913500,0.0022545570978315345
2017-03-14,73.6311694888511,74.27059475683997,73.33778869639556,73.85684967041016,943500,0.005003216338825636
2017-03-15,73.96219261676914,75.098106664758,73.66881171698138,74.85738372802734,1267100,0.013455997202422696
2017-03-16,74.9702121965026,75.33129367577912,74.48124219316594,74.65425872802734,953700,-0.002717181373130923
2017-03-17,74.46619072390959,75.63971983155635,74.24051624345604,75.4140396118164,1341200,0.010125887800500439
2017-03-20,75.39145480844205,76.03839849593783,74.87239387005276,75.63970184326172,1355300,0.0029878425671451716
2017-03-21,75.76761095024425,75.97824278423144,74.26309129115056,74.29318237304688,818600,-0.01796211258386555
2017-03-22,74.2104053466655,74.60157778522587,73.7440023620915,74.30819702148438,1492600,0.00020207953048306752
2017-03-23,74.58655526956647,75.39899717600626,74.47371515934654,75.1733169555664,998200,0.011575071328504953
2017-03-24,75.23349073352937,75.5720052871995,75.01533474187843,75.20339965820312,887400,0.00040009788370734973
2017-03-27,74.6843461773297,75.00029389115963,74.28564943283675,74.5113296508789,1171500,-0.00924524848084212
2017-03-28,74.51883355095477,75.21843520300143,73.93207198587405,74.77460479736328,925200,0.003527129604005434
2017-03-29,74.51132993284172,74.99277570981957,74.35335033604258,74.96268463134766,819200,0.0025121321965057763
2017-03-30,74.7445132635467,75.00780297198536,74.5489241632986,74.9100112915039,665000,-0.0007029077803417221
2017-03-31,74.92507047803304,75.63219648456791,74.80471190161718,75.09056854248047,840400,0.0024074218697117443
2017-04-03,75.15074591591105,75.48926048852118,74.6467332893898,74.91754150390625,1323200,-0.0023069034768235775
2017-04-04,74.64674187873298,75.08304819736482,73.42807894639421,73.6086196899414,865400,-0.017625927857107145
2017-04-05,73.72897892203477,73.87942857472352,72.46518232587565,72.63819885253906,2023000,-0.013271195776430775
2017-04-06,72.58553138607645,72.8789121878653,72.24701684225411,72.54039764404297,1598200,-0.0013473228926428257
2017-04-07,72.73598020781542,72.79615661201211,71.87088054794133,72.02885437011719,971100,-0.0070768216850757865
2017-04-10,72.11915901246121,72.32226666111339,71.28415006045898,72.05145263671875,805200,0.00031368987554701084
2017-04-11,71.78815285438345,72.46518782139968,71.3668892034786,72.43509674072266,848400,0.0053104597936844775
2017-04-12,72.37491569917931,72.96167743324303,71.95365204175651,72.56298065185547,946300,0.0017639398617076594
2017-04-13,72.29967627538421,72.61562395469086,71.81070634924639,71.8407974243164,916000,-0.01000235946987374
2017-04-17,72.02132106710192,72.3598412769494,71.51730859251796,72.08902740478516,709400,0.0034493229861139773
2017-04-18,72.0363844464837,72.35985631996675,71.77309472138947,71.98372650146484,673700,-0.0014617742663442508
2017-04-19,72.33730528506712,72.60059506780016,71.44963848950513,71.84833526611328,982600,-0.001882629973826356
2017-04-20,72.23199051234488,72.63821153266029,71.85586057567737,72.22447204589844,1018400,0.0052214937903287155
2017-04-21,71.34431102546748,72.6081076189249,71.30670148201887,72.239501953125,1997700,0.00020807827536154639
2017-04-24,76.94113385253442,78.34033758381001,74.98525945870104,76.50482177734375,5715000,0.057366753867019595
2017-04-25,76.10610792955394,77.3322948405181,75.92556721932871,76.40701293945312,1713300,-0.0012792842543679914
2017-04-26,76.25657075731002,76.72296811591707,75.90300776656838,76.0083236694336,1129600,-0.00523162810555913
2017-04-27,76.26553624810579,76.43954011458946,75.4484909259235,76.046142578125,1284600,0.0004974389822877179
2017-04-28,75.87972376925354,75.92511358016486,74.51797172343642,74.97945404052734,1474900,-0.014126165357843699
2017-05-01,75.25935479335016,75.25935479335016,74.14725849577958,74.72978210449219,1316500,-0.0033354277121763745
2017-05-02,75.1988391624261,75.67544943813333,74.88866009834489,75.4030990600586,977300,0.008969673593814504
2017-05-03,75.38796942308055,75.59222931630833,74.6465699050099,74.95674896240234,826500,-0.005937109070698782
2017-05-04,75.12319076138154,75.43336406682437,74.82814546787725,75.1761474609375,786800,0.0029227259307330524
2017-05-05,75.35015407564141,75.81920330453688,74.98702402965938,75.80406951904297,488500,0.008317986171931467
2017-05-08,75.9931669738739,76.2352554853638,75.38794858107183,75.4636001586914,430500,-0.004501555897782128
2017-05-09,75.35013498195279,76.56057778158062,75.22152669708376,76.55301666259766,1093600,0.014333106172807305
2017-05-10,76.50006560819752,77.05989436206104,76.19745344302775,77.02963256835938,1090500,0.006206657303900537
2017-05-11,76.6135359703557,76.80266784186247,75.9931836626873,76.6967544555664,588700,-0.004330793685058318
2017-05-12,76.45467388493437,76.82537654757756,76.29580378887897,76.68920135498047,472700,-9.848490433334448e-05
2017-05-15,76.58328756148222,77.02963605211283,76.31849829757893,76.62867736816406,502700,-0.0007895229240635411
2017-05-16,76.50761881069621,76.56814239183656,76.10666018637262,76.42440032958984,650700,-0.002669363634433417
2017-05-17,76.06885172211857,76.4698104225821,75.20641072855803,75.25180053710938,713100,-0.015462190478378811
2017-05-18,75.16102022786546,75.52415603636099,74.60875828034153,75.29719543457031,669000,0.0006030581412211663
2017-05-19,75.3274647324257,76.84808706337937,74.34397638921519,76.44712829589844,748600,0.015156479615364343
2017-05-22,76.1671849775702,77.22632457696706,76.03100980376423,76.60597229003906,782700,0.002075672437382967
2017-05-23,76.90102950197398,76.9615530934919,76.03858852430939,76.39415740966797,608400,-0.0027688213873776255
2017-05-24,76.96156703225233,78.7621009171558,76.8178249193255,78.64862060546875,1171400,0.029083871405714574
2017-05-25,78.9663346745487,79.2992086059529,78.66372830619561,78.80746459960938,954100,0.0020176298403369224
2017-05-26,78.97389794657799,79.27651007291132,78.46702595378126,78.83772277832031,637300,0.00038387697824198173
2017-05-30,78.7772322306968,79.1630629978503,78.45949196214622,78.8604507446289,503600,0.00028824641349003277
2017-05-31,79.01930406725593,79.73044184525176,78.68643585419512,79.63209533691406,664900,0.009737375143562587
2017-06-01,79.67746835952047,80.51721426501426,79.36729511589321,80.1692123413086,746100,0.006722335816658916
2017-06-02,80.28272190993329,81.73525371426348,79.88932427218866,81.06951141357422,1057900,0.011167397107779465
2017-06-05,80.9787178078444,81.61419824341866,80.64584380529728,81.55368041992188,1048000,0.005954506629123072
2017-06-06,81.39479226300372,82.34801854444474,80.76687881451302,81.70497131347656,674100,0.001853389517260233
2017-06-07,81.8411542556082,82.12107153951091,81.54610895964065,82.0075912475586,633700,0.0036969707641460563
2017-06-08,81.78820808561584,82.23455664708767,81.47046784471912,82.0908203125,524900,0.0010143799843863727
2017-06-09,82.77168411224758,83.05916251066324,81.45532198617968,81.62932586669922,722900,-0.005637616125636275
2017-06-12,81.30402433991084,82.28750678395157,81.03924082697094,82.03785705566406,708700,0.004992229109502572
2017-06-13,82.10593031549394,83.67950893262788,81.62175316742916,83.2936782836914,930800,0.015191843203515359
2017-06-14,83.4449884402846,83.58116362586091,82.40097676025056,82.6960220336914,868500,-0.007201155632655299
2017-06-15,82.31775091302089,83.98211478484143,81.97731586543188,82.45392608642578,1712000,-0.002931834050639484
2017-06-16,81.86384410194488,83.4828125696895,81.86384410194488,82.9456787109375,1322200,0.005946254515663354
2017-06-19,84.23935337624991,84.55709360665848,83.41474100135413,84.20153045654297,690700,0.015027177353377153
2017-06-20,84.08047418277604,84.6024800562628,83.74760020294713,84.26203918457031,706200,0.0007183598300610183
2017-06-21,84.41335688648827,84.6781404106044,83.63413432758314,84.14100646972656,542700,-0.0014374174197741502
2017-06-22,84.62516589398156,84.62516589398156,83.39202815730552,83.57359313964844,486700,-0.006766441279452635
2017-06-23,85.85831117241378,85.85831117241378,83.4676870840593,84.66300201416016,1470200,0.012951095458928086
2017-06-26,84.85214076648283,84.91265858957615,83.92917614509922,84.61004638671875,813400,-0.0006256829385334874
2017-06-27,84.38307949400102,84.7991661630496,83.43742010273579,83.5357666015625,936800,-0.012778128499805528
2017-06-28,83.77027895405008,84.70080439507352,83.38444837585104,83.83836364746094,612900,0.0036158201405624164
2017-06-29,83.74005150044528,83.89135472906881,82.41612804852058,83.26343536376953,846200,-0.006881201228321141
2017-06-30,83.95941584048406,84.7915948503873,83.57358523911353,84.3603744506836,768200,0.013088292733597542
2017-07-03,84.79915818211472,84.98829004256748,83.3844555599097,83.77784729003906,381900,-0.006929173930512685
2017-07-05,83.53576427899368,85.48760659354075,83.39958909956373,84.7310791015625,741000,0.011313845503219575
2017-07-06,84.1712591623483,84.988304552393,83.47524941045106,84.06534576416016,643700,-0.007888043716851844
2017-07-07,84.39066030840091,84.8748375348627,84.08804809890033,84.67813873291016,463500,0.00726304383724216
2017-07-10,84.75377040545285,85.29847110005284,84.0275047366017,84.82942199707031,427800,0.0017849741176857248
2017-07-11,85.0715281137935,85.10935680333405,84.1031736887712,84.95805358886719,528800,0.0015152073610013124
2017-07-12,85.64650033485105,85.69189014991814,84.87484461946896,85.46493530273438,414500,0.005948530909254434
2017-07-13,85.31362352309276,85.79780654606108,84.51927292602745,84.5344009399414,695500,-0.010947615173973921
2017-07-14,84.91263764326129,85.79777912834514,84.74620068415413,85.59351348876953,453500,0.012450940045197175
2017-07-17,85.72213840581469,85.78266199757314,85.19257140754664,85.36656951904297,466400,-0.0026549367435785
2017-07-18,85.38171179950564,86.00206424714457,84.95049126604744,85.79023742675781,466900,0.0049506505826901895
2017-07-19,85.9642197509941,86.64509567123493,85.44978080812847,86.27439880371094,584200,0.005627683472618512
2017-07-20,86.44081837034666,87.0006470045198,84.98828144245104,86.92499542236328,640400,0.0075127246441628725
2017-07-21,86.85691191841129,87.90848457863822,86.78882722056817,87.71935272216797,1321100,0.009096919382197826
2017-07-24,84.09562300974504,84.4209243840538,78.43679319962393,79.43540954589844,5715800,-0.09919831171939646
2017-07-25,81.2435053656041,81.41750926791666,78.92096566827269,80.43402099609375,3151500,0.012493000506366727
2017-07-26,80.03306402040839,80.72150120836852,79.51862496674502,80.26758575439453,1141500,-0.002071358271675628
2017-07-27,80.41131818260811,80.68366857658279,79.43539689950677,80.67610168457031,968200,0.005076518551294116
2017-07-28,80.68371452542708,80.81301395506767,79.98397029139777,80.42510986328125,1305400,-0.0031159545226807535
2017-07-31,80.39468633606695,80.62286658150009,80.01438979558819,80.5315933227539,1341400,0.0013231319093859454
2017-08-01,80.68368913174925,81.23131690006518,80.26536075237935,80.58480834960938,1214400,0.0006605786653399708
2017-08-02,80.24257532161319,81.03359287420797,78.53884833295177,79.68733978271484,1540300,-0.011199424951972256
2017-08-03,79.96116277282889,80.409915788117,78.6529473146726,79.05606079101562,1009200,-0.007953493716332272
2017-08-04,79.32984459268064,79.34505389795791,78.21937381294464,78.71376037597656,1000400,-0.004339244978617256
2017-08-07,78.8354623794082,78.99518620651804,78.28022695890499,78.35628509521484,824800,-0.004551802310836948
2017-08-08,78.33346526819177,78.61488674503127,77.01003517735315,77.14694213867188,1182000,-0.015554241024622578
2017-08-09,76.81988861083984,76.85792057981249,75.86914741516114,76.05929565429688,1575200,-0.014198700689007426
2017-08-10,75.72463716438708,76.03648307952011,74.2947244145265,74.40120697021484,1223900,-0.022041077636053813
2017-08-11,74.53049585472172,74.81191731376396,73.83075178683984,74.19583892822266,1515500,-0.0027640949590250047
2017-08-14,74.90317326104325,75.29867892029465,74.53808620392803,74.72062683105469,943100,0.007048113485601225
2017-08-15,74.75868386116511,75.04010534963638,74.34796296023295,74.78910827636719,907300,0.0009160801475896464
2017-08-16,74.72825971396709,75.75505906854806,74.62938471635366,75.26828002929688,882600,0.00638653500553394
2017-08-17,75.02489778905102,75.32152861353617,73.86879890937357,73.89922332763672,835100,-0.018356479981047686
2017-08-18,73.57215029686895,73.70905724452001,72.34759532145195,72.64422607421875,1399600,-0.017128407188799388
2017-08-21,72.67468511079545,72.75835082993692,71.9977576034623,72.13465881347656,1729300,-0.007039277381980514
2017-08-22,72.25634232232791,72.36282488888953,71.79238008108167,71.91407775878906,2229700,-0.003062591624854389
2017-08-23,71.94448664711761,71.94448664711761,71.29038202791389,71.43489074707031,1616000,-0.006685626015835961
2017-08-24,71.62502427675318,72.5605559961316,71.54135860254605,72.29434967041016,1824900,0.011959559028190733
2017-08-25,72.46929609493984,73.06255767360014,72.3171798245165,72.408447265625,988200,0.0015769925844779241
2017-08-28,72.476908723478,72.59860058776366,71.86083024140851,71.97491455078125,1090600,-0.006005318234645817
2017-08-29,71.77717254996003,72.43128307667092,71.73914057401866,72.12704467773438,1159200,0.0021114242205359612
2017-08-30,72.22591739496235,72.75072847137146,71.89125458648529,72.46930694580078,1117000,0.004734046238816604
2017-08-31,73.01693702290076,74.77390521309758,72.97130329417818,74.728271484375,1687500,0.030695367781218185
2017-09-01,74.8803652032659,75.36714417241038,74.39358623412141,74.79669952392578,1071700,0.0009152724640750366
2017-09-05,74.05893411353532,74.12738469041008,72.37802447020393,72.6518325805664,1378500,-0.029095145512977722
2017-09-06,72.75072294313689,72.89523166983626,70.08864739437605,71.23714447021484,3335100,-0.019664240100904288
2017-09-07,71.229537460174,71.64786013931804,70.2559793233521,70.4841537475586,1403500,-0.010626459365780853
2017-09-08,70.30162733252942,71.78478170126543,69.64751673840344,71.564208984375,1356400,0.015207159452190552
2017-09-11,72.24112870441883,73.42004442184002,71.9292827760457,72.86481475830078,1644200,0.018010797255688105
2017-09-12,72.97129610511494,73.16904611200717,71.83040657653147,72.19548797607422,1682400,-0.009228321183655035
2017-09-13,71.99012862775295,73.07777685012707,71.89124782389634,72.98650360107422,657300,0.010896991338697152
2017-09-14,72.54536757467584,72.96369609958606,71.98253030714056,72.30958557128906,880900,-0.009317840986055287
2017-09-15,72.27156582635664,72.97891775909265,71.9977576034623,72.13465881347656,1454300,-0.0024220673391808826
2017-09-18,72.38564669223531,72.72030952590285,70.2483818567214,70.9177017211914,1796900,-0.017014559510959294
2017-09-19,70.76557936693678,73.68625394715806,70.66670435765357,72.24873352050781,1960800,0.0185947236686713
2017-09-20,72.71268140636404,72.71268140636404,71.66306527424034,72.6518325805664,1305000,0.0055638167712886
2017-09-21,72.66707755372828,72.75835082993692,71.76196975730643,72.13465881347656,1710800,-0.0071439809290006085
2017-09-22,72.25631488338232,73.34396280268878,72.05095738381534,73.1233901977539,1548900,0.01361365736673721
2017-09-25,73.14622664170494,73.81555218844073,72.63663072979583,73.47328186035156,1164600,0.004773537108179587
2017-09-26,73.80793115059718,74.30991941608255,73.54932656309148,74.09695434570312,907300,0.008452601481817078
2017-09-27,74.24148787808437,74.34797044057316,73.60258670028712,73.89922332763672,890800,-0.0026721113859540266
2017-09-28,73.73949383289548,74.12739791296892,73.13102287497276,73.7851333618164,1030400,-0.0015450517722248786
2017-09-29,73.77752866354284,74.43924673130898,73.64062167720724,74.28712463378906,934100,0.006780381442963234
2017-10-02,74.04373899358218,74.34036984584112,73.58738428263496,74.27191925048828,1022900,-0.0002047049167296098
2017-10-03,74.32516496435109,74.59137141135643,73.68626368867294,74.21107482910156,1045600,-0.0008195473854690126
2017-10-04,74.17303346383949,74.50008871530757,73.8459782123714,74.29473114013672,711900,0.0011266403941318415
2017-10-05,74.49248346555757,74.97926254216495,73.3896200866312,73.45807647705078,1378500,-0.011325180468427029
2017-10-06,73.31355853331632,73.33637539477328,72.65944809151806,73.21468353271484,1325700,-0.0033188598582408572
2017-10-09,73.39720638775026,73.9752585499061,73.10818320810367,73.48847961425781,628000,0.0037326584316755887
2017-10-10,73.42003680686409,73.69385073410692,73.0777722992424,73.16143798828125,644100,-0.004460175272930786
2017-10-11,72.9408604731485,73.64821210422754,72.9408604731485,73.48088073730469,908100,0.004356767638281979
2017-10-12,73.35158999913125,73.75470335639857,73.1842586124473,73.47328186035156,798500,-0.00010341832889351535
2017-10-13,73.90680217930979,74.36315670612224,73.41241569073686,73.48847961425781,967900,0.00020682596354216202
2017-10-16,73.47327522892091,73.96766178962994,73.245100833653,73.87638854980469,1259000,0.005264617494331284
2017-10-17,73.99049139189535,73.99049139189535,73.29074717464528,73.44286346435547,1507600,-0.0058855354062231045
2017-10-18,73.40482086841885,73.72426848704988,73.24509705910334,73.56454467773438,821700,0.0016554436637665412
2017-10-19,73.52651977539062,73.80794125856855,73.11579888218381,73.52651977539062,876500,-0.0005170253316498823
2017-10-20,74.02090685073574,75.24546198413243,73.85357547059004,74.68262481689453,2270300,0.015601311165256811
2017-10-23,70.49938277596696,71.06982765340021,67.43419322968411,68.26323699951172,7220400,-0.08987610160696992
2017-10-24,69.72356147057775,71.48813706308165,69.59426204853021,70.70472717285156,4445000,0.03514106911366236
2017-10-25,70.64388306369037,71.83041221246184,70.43091793010346,71.79998779296875,2730300,0.015371872955894957
2017-10-26,72.21070966750231,72.60621552019826,71.67068927109787,72.2031021118164,2011400,0.0055987044736103145
2017-10-27,72.14225148925547,74.0057079914495,71.4957485406839,73.8840103149414,2576100,0.023013424813600115
2017-10-30,73.7470895147925,73.7470895147925,72.56056640544055,72.61380767822266,2131900,-0.01734134317451255
2017-10-31,72.42253482702637,72.49904980703622,70.54023829773405,70.84629821777344,1944000,-0.024642375542070712
2017-11-01,71.08347834648728,71.41249790385974,69.10936100225251,69.22413635253906,1854200,-0.023163123578659635
2017-11-02,69.68325132229687,69.70620523120333,68.32126490847484,68.56611633300781,1402400,-0.009551111329748205
2017-11-03,68.21414486077965,69.63734563367957,68.17588445295343,69.39249420166016,1066200,0.011980227247981047
2017-11-06,69.37717883397933,69.82862707019557,69.13232743326273,69.63733673095703,704400,0.0035221618378316394
2017-11-07,69.44604987637139,69.72915585651063,68.22179281135777,68.78035736083984,1362000,-0.01238267008857683
2017-11-08,68.7267963800036,68.78801069275805,67.49488606498176,68.10701751708984,1630600,-0.009837945612118803
2017-11-09,67.57905553496371,68.78035871581754,67.27298980325125,67.86216735839844,1637900,-0.003601557567365141
2017-11-10,67.96928755082675,70.08112878021927,67.91572648713313,69.97400665283203,1421900,0.03064514203724754
2017-11-13,72.49903167045682,75.88104314521911,72.49903167045682,74.09056854248047,5587900,0.057164404515749376
2017-11-14,73.62384557324098,74.45022145164079,73.1800504713908,73.4402084350586,2382800,-0.00881665959655298
2017-11-15,73.14941698543932,73.37131445651313,71.94046076554079,72.49903106689453,1424400,-0.012898387299452677
2017-11-16,71.8563129278387,73.71564960459517,71.54259393841033,73.37898254394531,967300,0.012064356077047348
2017-11-17,73.50905191068613,74.1441372430352,73.22594010479466,73.37132263183594,1080800,-0.00010439381515636972
2017-11-20,73.10354528908789,73.43256503456112,72.27716929984534,72.70565795898438,966900,-0.009113951806646224
2017-11-21,73.2106338095539,73.53200015622264,72.59850243118893,72.72858428955078,717500,0.00031528105626106546
2017-11-22,72.82040184252031,73.09586038632332,72.5678972044146,72.7132797241211,471800,-0.0002104561240323525
2017-11-24,72.92753464037582,73.04231002338764,72.37661747209387,72.42253112792969,294000,-0.004006578161865076
2017-11-27,72.62910774782168,72.85865846833488,71.52727946742333,71.69561004638672,703800,-0.010087935360394897
2017-11-28,71.7568359375,72.07055491701284,71.39720914155826,71.7568359375,741500,0.0008536054496805518
2017-11-29,71.71093587511841,71.86396583824059,71.01463611615902,71.03759002685547,979200,-0.010073950554697491
2017-11-30,71.12174716502832,71.86395462961848,70.81568728652013,71.17530822753906,1075000,0.0019367897767954686
2017-12-01,70.88453887670181,71.0605285356369,69.00989611904136,70.27240753173828,949100,-0.012766737936192747
2017-12-04,70.63969766432562,71.81804687831219,69.97400516877924,70.50196838378906,1177300,0.003261403988327936
2017-12-05,70.33362306459298,70.58612768663797,68.88746872046949,69.7138442993164,1637900,-0.011241704760203728
2017-12-06,69.6526580768001,70.28774359274892,69.43841376725582,69.48432159423828,1429400,-0.0032977864559813096
2017-12-07,69.52256401043739,70.09643505003199,69.34657432303243,69.89749145507812,1023700,0.005928622422021198
2017-12-08,70.05818132391302,70.35659382593084,69.65264668464361,69.9051513671875,933800,0.0001095817927674036
2017-12-11,69.75211351696402,70.89220232739136,69.62968489526331,70.14234161376953,859700,0.00338728624584349
2017-12-12,70.08112139527323,70.63969171869026,69.46134260388355,70.41014099121094,973700,0.003810671950327147
2017-12-13,70.69325332797703,73.45548613832088,70.41779478794093,73.0346450805664,2174000,0.03659661775018751
2017-12-14,73.25655097742217,74.35073201555943,73.03465347036293,73.35602569580078,1283600,0.004390732412686881
2017-12-15,73.75388774317148,74.10586119532404,71.87159188806864,71.97871398925781,2334400,-0.0189542148554057
2017-12-18,72.22358508411814,72.6673801033468,69.64498902865327,70.05052947998047,1660500,-0.027153604912963404
2017-12-19,70.11173445834436,70.37189236059935,69.04816061762095,70.14234161376953,1502100,0.0013097976551676748
2017-12-20,70.46369908041595,70.81567840444565,69.50724748574605,69.7138442993164,993700,-0.006127704004650698
2017-12-21,70.41781108717608,72.00169514013811,70.0428835911235,71.03759002685547,1094600,0.01881024893127313
2017-12-22,70.92281700609308,71.70327912021114,70.83864877917503,71.58085632324219,775500,0.00761849449284527
2017-12-26,71.84101174642598,71.85631824533094,70.60910128192585,71.00698852539062,551800,-0.008049366297319296
2017-12-27,71.1217472365032,71.3742518904724,69.7750674241034,70.14234161376953,1036100,-0.012251673122148407
2017-12-28,70.22650859032923,70.41779893006654,69.30066404652675,70.0275650024414,817300,-0.0016376787250757623
2017-12-29,69.98931964479573,70.08113528380929,68.92574568295176,69.54552459716797,854700,-0.006907381978064778
2018-01-02,70.05818271057747,70.58614599585222,69.4077966250429,70.45606994628906,1223300,0.013007825961010638
2018-01-03,70.60144029623198,70.60144029623198,68.82626606950011,69.8515853881836,1677500,-0.008616611783675917
2018-01-04,70.04287651213238,70.35658965614262,69.27771509841591,69.40779113769531,1291400,-0.006373657041009665
2018-01-05,69.76740618002748,70.9916630681369,68.8568623830661,70.70855712890625,1644200,0.018567474490047604
2018-01-08,70.47135484865635,71.38189866742384,70.14998850240339,71.29007720947266,1257000,0.00819054822908301
2018-01-09,71.49668412596775,72.82041009813578,71.16001123699169,71.87926483154297,1324700,0.008230685981188613
2018-01-10,71.7262228886659,72.07054899675265,70.33362947344116,70.63204193115234,1239300,-0.017503940888145535
2018-01-11,70.46369991356704,70.86924029818462,69.32361123380115,70.70855712890625,1218100,0.0010827066778737718
2018-01-12,70.86924812921792,71.74917903377671,70.34128491630827,70.73916625976562,1328800,0.0004327977941795638
2018-01-16,70.83864452921269,71.06818944890242,69.85923886134607,69.9281005859375,1521300,-0.011531818029113827
2018-01-17,69.97401357339044,71.27479156529898,69.79802970572833,70.10409545898438,1387000,0.002513635730700825
2018-01-18,69.56082370374708,70.50196892993924,67.56375203935545,69.26240539550781,1909800,-0.012078947120103201
2018-01-19,69.30829511527463,70.95339267811016,68.51252685609568,70.82331085205078,1859900,0.022285927522527935
2018-01-22,70.65500339226486,70.76977877389946,68.62733028016669,69.52256774902344,1695300,-0.018536780156497873
2018-01-23,70.2800664658789,74.57262196200355,68.89512633703517,72.35365295410156,3606800,0.03991452616360846
2018-01-24,72.24652112844645,74.1670774288517,71.35128390039964,73.27948760986328,2354200,0.012714786279075843
2018-01-25,73.83042329754885,74.17474943692405,72.86632411782222,73.11117553710938,1475000,-0.0022994929225749403
2018-01-26,73.09586466281186,73.53965965798301,69.98931137204985,71.45841979980469,2644900,-0.022865495917588838
2018-01-29,71.42781527375351,72.30775204823333,71.02228066720045,72.07820129394531,935500,0.008635919409399248
2018-01-30,71.9404769105817,72.67503703926533,71.443126638601,72.13176727294922,1351800,0.0007428887475636935
2018-01-31,72.6860324564818,73.06324656229283,72.2549373335327,72.80150604248047,947200,0.009242094950622103
2018-02-01,72.6244354278166,74.13327988992056,71.9469994919638,73.70217895507812,1462000,0.012295721570683829
2018-02-02,72.94006005108257,73.42504197716514,72.17024411386798,72.455078125,1823300,-0.01706560620327761
2018-02-05,72.37041957626306,72.70144076333204,70.28421846640275,70.30731201171875,1990900,-0.030090952798484564
2018-02-06,69.74534846451084,72.62445948722946,69.19877965225889,72.308837890625,2692700,0.028070555890938747
2018-02-07,71.20799149585989,79.59128861940589,70.90006387150187,78.69060516357422,7270600,0.08457741214831706
2018-02-08,77.75911614132616,78.14402414299343,74.11788386133259,74.2718505859375,3362700,-0.0577917546180858
2018-02-09,75.2110390696608,76.19640872186771,73.16333106770821,75.23413848876953,2911500,0.012873078833014093
2018-02-12,75.75759895027443,76.46582829408432,74.16407411685675,74.38732147216797,1313000,-0.011319580211239829
2018-02-13,74.23336361399421,74.9723863339074,72.924678648712,73.5636215209961,1987900,-0.011134886268030029
2018-02-14,73.25569464809327,74.88770083749587,72.88618037747132,74.44890594482422,1370200,0.011962433125937236
2018-02-15,74.49507774697149,75.3033867444779,73.60979421179546,74.94927215576172,1270600,0.00669844958242566
2018-02-16,74.84922276978602,77.51278579884645,73.6713991909578,76.09632110595703,2570400,0.015188407370019662
2018-02-20,75.8422852135301,76.17330639601349,74.86462127823148,75.26492309570312,1403700,-0.010985723275976477
2018-02-21,75.58055012891323,77.18176913656863,75.11866161180563,76.26568603515625,1916800,0.013208915292614833
2018-02-22,76.05783499592006,76.25798295836915,74.65676989262194,74.91080474853516,1426100,-0.017924977050223362
2018-02-23,74.82612767305955,75.22643536136552,73.87925709450218,75.03398132324219,1290000,0.0016429594605012832
2018-02-26,75.29569366667118,76.13479607812963,74.94927885007247,75.8422622680664,1230900,0.010714591751370458
2018-02-27,76.11939303563663,77.40499003469226,74.84150171320893,74.85689544677734,979600,-0.013077456825909805
2018-02-28,75.14945262312649,75.81149496388782,73.55593347111514,73.57132720947266,1398000,-0.01732285628781371
2018-03-01,73.94854620235907,74.56440154421306,72.53208713861945,72.670654296875,1150800,-0.012317725611715645
2018-03-02,72.3319280787039,73.84846690372827,72.01630649675579,73.63291931152344,888400,0.01315455073192414
2018-03-05,73.44043742151979,74.79531503871262,72.96314945314197,74.51818084716797,768100,0.011950934837692209
2018-03-06,74.5182058676632,74.65677300996131,73.42506246809755,73.80227661132812,701800,-0.009653554307446502
2018-03-07,73.4789367608203,74.18717196288593,72.47047965403868,72.53206634521484,1152100,-0.017360821028563306
2018-03-08,72.3781035627357,72.5859571884782,71.63908084802667,71.88542175292969,864000,-0.008955271586134406
2018-03-09,70.11484355176174,70.93854644696142,69.16026747129794,70.4073715209961,3198300,-0.020775520120468127
2018-03-12,70.82309452546258,70.96166168446342,69.28346203577861,69.33734893798828,1980400,-0.015314260056546266
2018-03-13,69.69916427550848,69.98399840358046,68.62912015332704,68.7830810546875,1353500,-0.008025906936420682
2018-03-14,69.07560788400106,69.28345566677962,67.42050193509283,68.15182495117188,2079300,-0.009219863563337361
2018-03-15,68.03634549244344,68.23649932497443,67.20494855968167,67.85929107666016,1707200,-0.004301623781076117
2018-03-16,67.91316966629397,68.29037786849123,67.2973145060604,67.54365539550781,1928200,-0.004662177021911032
2018-03-19,67.05866420408394,67.19723130242902,66.19646827291123,66.55058288574219,1536400,-0.014811832011676733
2018-03-20,66.60450044305412,66.86624102636816,65.68842308453496,65.97325134277344,1636300,-0.008712926224520367
2018-03-21,66.18878683665743,67.09717001433931,65.75768585307983,66.66606903076172,1689200,0.01044673610922036
2018-03-22,66.1502863759625,66.25036033745612,65.05714911079927,65.17262268066406,1957400,-0.02265663008604706
2018-03-23,65.62681766562633,66.15799261472904,64.71073469502437,64.83390808105469,1586600,-0.0052107438606123725
2018-03-26,65.29580258665538,65.57293685769011,64.62606045278298,65.49595642089844,754800,0.010159667348985862
2018-03-27,65.8654537375369,66.20417465006379,64.32582176893075,64.71842956542969,908700,-0.011942399305918365
2018-03-28,64.90319396490356,65.64991652683621,64.40281819499312,64.52598571777344,1052100,-0.0029779853846204326
2018-03-29,64.63375965259014,65.32659532368271,64.63375965259014,64.89550018310547,1084300,0.0057102646724584896
2018-04-02,64.64145978835704,65.33429546298862,64.20266483996217,64.47209930419922,1454500,-0.006545725395761712
2018-04-03,64.84160852151128,65.17262965817424,64.36432045581128,64.85700225830078,1057700,0.005952319870473119
2018-04-04,64.47210144810695,65.74999905416958,64.2334603251658,65.56523895263672,830600,0.010860780331781571
2018-04-05,66.0733154603737,66.42743015187366,65.67300781034379,65.74229431152344,685600,0.002696805914970776
2018-04-06,65.10333345353291,65.88854312380208,64.57215857841496,64.99555969238281,1024100,-0.011423512269523525
2018-04-09,65.41895552770362,66.28114554733435,64.93396776843231,65.01094818115234,984000,0.0002367341311309074
2018-04-10,65.81159466523934,66.46593735377316,65.38049941128432,66.27348327636719,1075700,0.01923417733906543
2018-04-11,65.75768354404995,67.6822236094218,65.75768354404995,67.22803497314453,1094500,0.014300481023572495
2018-04-12,67.28961907722021,67.52056035224598,66.48130993155512,66.84312438964844,975300,-0.0057419006868925345
2018-04-13,66.99706813664251,67.68220372880835,66.68144671271018,67.55903625488281,1157500,0.010653379868202133
2018-04-16,68.07485557237271,68.26730964717042,67.6591540660218,67.77462768554688,1140800,0.003186075168003552
2018-04-17,68.39046172818828,68.55982221541102,66.20418675226435,66.25037384033203,1461800,-0.022746794257092137
2018-04-18,66.49672041225233,66.49672041225233,65.61143649187929,65.81158447265625,2302800,-0.00664522907263723
2018-04-19,65.78846780526953,66.00401532310977,64.24113616187444,64.6568374633789,2693500,-0.017702017797342307
2018-04-20,65.0032548779393,65.93473138926021,63.471317045862556,63.748451232910156,2775000,-0.014148971495668355
2018-04-23,61.00792366902639,66.88161818046366,60.815469651143026,66.29656219482422,9536700,0.039193154224647836
2018-04-24,67.12026419315326,67.44358552898181,65.8962536029017,66.40433502197266,3022900,0.0016242972444639246
2018-04-25,66.52751123765681,67.23574069634624,66.14260315707806,66.95091247558594,1791900,0.008197360427141913
2018-04-26,67.04327061529897,67.43587840805877,65.02635651450066,66.05790710449219,2443100,-0.013427963529604507
2018-04-27,66.25035844177663,68.1133174949887,66.20417136444419,67.2511215209961,1726900,0.01790195751067766
2018-04-30,67.46050261680709,68.80971101269287,67.3054233679537,68.30569458007812,1468100,0.01555944385556469
2018-05-01,68.23590831875522,68.2979423824959,66.42920614459182,67.76290893554688,2201600,-0.007978159686750474
2018-05-02,66.4834865313742,67.75515529799108,66.4834865313742,67.17359924316406,1173800,-0.0087346774730433
2018-05-03,67.00302582881773,67.25890604036887,66.15007207066353,66.77040100097656,1300600,-0.006020418373249098
2018-05-04,66.46020425530308,67.56128195170174,66.38266465564965,67.35968017578125,895800,0.00878673838100669
2018-05-07,67.3286757017777,68.4530148960428,66.92546024299902,68.25916290283203,1383100,0.013265058101670314
2018-05-08,67.98776812057385,69.1353744697829,67.28214405860959,67.693115234375,1133200,-0.008327200501944982
2018-05-09,67.48375580762323,67.54578986607183,66.5842856236921,67.21236419677734,1041500,-0.007127257909976081
2018-05-10,67.56905855229243,68.03430220977621,67.04178082957239,67.43724060058594,630400,0.003340174866780515
2018-05-11,67.64657928701023,68.21262962141883,67.26663109634531,67.65433502197266,883400,0.003214036216083101
2018-05-14,67.6543543782096,67.7784225095352,66.95648592923837,67.17359924316406,790000,-0.007131130780370839
2018-05-15,66.89443972212658,67.8869668449038,66.89443972212658,67.5923080444336,759200,0.006213888319019808
2018-05-16,67.73963668907787,68.58482848629939,67.61556858165473,68.45301055908203,766900,0.012653342388643731
2018-05-17,68.30567886963121,69.17413784478764,68.26691202428138,68.75541687011719,812000,0.004407991642453569
2018-05-18,68.68565232173192,69.05009508272413,68.36773215460444,68.78645324707031,873800,0.00045130079231081236
2018-05-21,68.89500665011423,68.89500665011423,67.51478121575396,67.74740600585938,750400,-0.015220653782801378
2018-05-22,67.81718236872956,68.6623801574995,67.81718236872956,67.89472198486328,633500,0.002172128071235003
2018-05-23,67.6931110507978,68.13509331072716,67.57679868431265,68.03428649902344,460000,0.0020534919626078677
2018-05-24,68.04980968913027,68.31344557706636,67.54579329148888,68.06531524658203,465900,0.00045597118137332256
2018-05-25,68.23590394484272,68.57708535765286,67.84819994515611,67.95675659179688,633600,-0.001596192093930418
2018-05-29,67.75514287569618,67.8481939571303,66.97973494475755,67.44498443603516,1031600,-0.00755935025538061
2018-05-30,67.61556472767056,67.69311024833654,67.22011096855874,67.31315612792969,699500,-0.0019565177970929794
2018-05-31,67.42947466917919,67.63108239277005,67.00300384591728,67.26663970947266,1195900,-0.0006912838590667266
2018-06-01,67.6310878948376,67.94125228346597,66.90220246894498,67.53028106689453,994700,0.003911687182089336
2018-06-04,67.72414808278701,68.77095386594107,67.64660844741503,68.73993682861328,745100,0.01775424674880212
2018-06-05,68.56932239041403,68.72440160757779,67.41396624963313,67.50701141357422,1135000,-0.018098887153288976
2018-06-06,67.6000683274503,68.57708404440088,67.26664265746918,68.56932830810547,941100,0.015613860259651047
2018-06-07,68.58482820025746,69.5463382810978,68.42974898251828,68.86397552490234,656300,0.004287864149696591
2018-06-08,68.87173486146698,70.1744204726221,68.87173486146698,70.0426025390625,648500,0.01697047493657548
2018-06-11,70.07364036548357,70.46909428353433,69.82550998094594,70.12016296386719,443600,0.0011067194977625217
2018-06-12,70.22867697138233,70.76371019132561,69.9185127001704,70.72493743896484,837300,0.00858784849830111
2018-06-13,70.5853764987307,70.98859189854186,70.10462741204601,70.3682632446289,1052000,-0.00505587728366626
2018-06-14,70.62416803359766,71.3530475924427,70.484594345156,71.0351333618164,1264300,0.009432235396145251
2018-06-15,71.04287761579452,71.04287761579452,70.04260066295967,70.77923583984375,1863800,-0.003608912145539804
2018-06-18,70.94983143484701,71.26775155194352,70.12014511809164,70.64742279052734,1150700,-0.0018640486703178677
2018-06-19,70.01159696065329,70.10464806091558,68.35222412595499,69.78672790527344,1716300,-0.01225778285142266
2018-06-20,70.11238363412708,71.00410393710254,69.212913511292,70.79474639892578,976300,0.01434094747650599
2018-06-21,70.8412856064882,71.2444952218536,70.25197378474394,71.02738189697266,873100,0.003280668672691142
2018-06-22,71.21346344111885,71.50812224892249,70.76373132523301,71.08940124511719,980900,0.0008727942008025194
2018-06-25,70.70946058073456,70.96534073611839,69.93405254599776,70.57763671875,862800,-0.0072249234525670345
2018-06-26,70.79475110299838,71.02736994799675,70.25196196621535,70.52335357666016,654100,-0.0007694225909289087
2018-06-27,70.73273835376396,70.9110789304007,70.1279208923086,70.515625,1320300,-0.00010959490413062561
2018-06-28,70.60090017384972,71.35304095818691,70.53111037817078,71.34529113769531,1393300,0.011697028609039003
2018-06-29,72.10518137381233,72.11293710952145,71.08939888395751,71.5779037475586,1786000,0.003255074383656529
2018-07-02,71.14368294393921,72.15171569533334,71.10491017815733,72.12844848632812,2397800,0.007662116860649718
2018-07-03,72.01214573234859,72.37658253637171,71.81053798849999,72.23701477050781,1121900,0.0015040481593957434
2018-07-05,72.23699922913401,73.95839971260422,72.23699922913401,73.90412139892578,1930800,0.02281601186386863
2018-07-06,74.26082420332244,74.64077839630562,74.00494405028314,74.47794342041016,1141700,0.00773442373572081
2018-07-09,74.58648393849523,75.24557943624613,74.2685638763009,75.01295471191406,985100,0.0071578080328169764
2018-07-10,75.0439816275686,75.5092252216628,74.80360705239681,74.89665222167969,1052600,-0.0015516352280181237
2018-07-11,74.40815860112046,75.32314037159337,74.40815860112046,75.0052261352539,807000,0.001448600027573059
2018-07-12,75.29985787800992,75.63328349497759,75.17578978058357,75.52472686767578,794500,0.006902317904985806
2018-07-13,75.35414114125018,75.62553272733086,74.44691530382637,74.84236907958984,675600,-0.00907595465306201
2018-07-16,73.23726860523979,73.77230191145824,72.63245143258887,73.15972900390625,2469600,-0.022739036804708648
2018-07-17,72.88060833159746,73.28382387126491,72.47739870782453,72.90386962890625,1669500,-0.0035034004240946286
2018-07-18,72.84958174853251,73.15974614241861,72.22925887665406,72.60920715332031,823200,-0.0040499848517473805
2018-07-19,72.60143598301622,72.96587862466727,71.69421020436941,72.64796447753906,1243300,0.0005336373371909542
2018-07-20,72.41536247041901,72.92713465947368,71.77952806079901,72.8340835571289,1617000,0.002558654949434394
2018-07-23,81.24723522616901,83.41837961661071,77.60282062352674,82.22425079345703,9757400,0.12126625399993678
2018-07-24,81.56517856061554,82.1699959219028,77.8742344102262,78.4015121459961,3966600,-0.047607065623127075
2018-07-25,78.32394255284171,79.13811718310271,77.9750054976796,78.83570861816406,1476300,0.0055228345260937145
2018-07-26,77.96727465056598,79.02957979556643,77.41672977951976,78.20764923095703,1749700,-0.00799859025271866
2018-07-27,78.26965202083663,78.74265117231208,77.30814225160302,78.55654907226562,1526800,0.0044512767733025545
2018-07-30,78.20764355326426,78.45577385188135,76.77314007951259,76.92046356201172,1064200,-0.021046788543884053
2018-07-31,77.07651657196308,77.9817412811348,75.04757223371558,77.73202514648438,1389700,0.010495389255117145
2018-08-01,77.55255665693244,77.55255665693244,76.45224673305178,77.11555480957031,785000,-0.007962327781102027
2018-08-02,77.10775722279018,77.9739616524521,76.68635999049216,76.99070739746094,995600,-0.0016202773026202807
2018-08-03,77.2560323805827,78.42657832574304,76.70977998765635,77.66962432861328,793500,0.00877951423577211
2018-08-06,77.52914181238316,77.80226794978637,77.06092472630576,77.41989135742188,837300,-0.003220503796556701
2018-08-07,77.57598271651558,77.70864315842408,76.98290445061868,77.22481536865234,466400,-0.0025228938819938083
2018-08-08,77.56817911746857,77.59939439043494,75.94502064544473,76.2259521484375,681100,-0.013018863893820018
2018-08-09,76.24155174004396,77.00631099262256,75.88258505534924,76.73318481445312,595800,0.006632288013644601
2018-08-10,76.29616924624877,76.77219166013518,75.86697271080769,76.33518981933594,621700,-0.005200236730363475
2018-08-13,76.7566150256465,76.7566150256465,76.00746618775918,76.42886352539062,492700,0.001226384293219519
2018-08-14,76.49128502363455,77.03754345558326,76.39764514376742,76.5771255493164,548300,0.0019379904175779005
2018-08-15,76.39762366547956,77.17018222571512,75.99963642681719,77.02971649169922,705000,0.005892865787566365
2018-08-16,77.02970526573833,77.06872583482978,76.1947162890268,76.66293334960938,669100,-0.004772952236528612
2018-08-17,76.71755547904392,77.35745349188826,76.5692904206245,76.88923645019531,930100,0.0029475749476955723
2018-08-20,77.09214649138515,77.98176081603745,76.82681968289558,77.76325988769531,719800,0.011303183120286551
2018-08-21,77.77107421513455,79.14451048223964,77.76326890858724,78.1378402709961,1042700,0.004805368322906583
2018-08-22,77.90372515809815,78.64506843967133,77.60718308250588,78.41876220703125,504200,0.003588762570126151
2018-08-23,78.41875995923873,78.67628145317555,77.63059677409179,77.98175811767578,492600,-0.005588283539097566
2018-08-24,78.2783121942516,78.99625161061836,77.83350494524319,78.8089599609375,563000,0.01055176643647554
2018-08-27,79.12890055886851,79.61272236593616,78.98062951285536,79.37081146240234,679000,0.007103991354976645
2018-08-28,79.19131834750095,80.00289143261142,79.19131834750095,79.48004913330078,736300,0.0013753490249677036
2018-08-29,78.68408246559046,79.33178584092835,77.76325295417736,78.67627716064453,611500,-0.010164359675870996
2018-08-30,78.73091961384348,79.0274557759341,77.80228459430313,77.87252044677734,532400,-0.010268539761097801
2018-08-31,78.12223358960564,78.56704079201872,76.53029045631035,77.49794006347656,973900,-0.004821780250972357
2018-09-04,77.06093311282444,77.65401132837543,76.98289791560288,77.48233032226562,1108600,-0.0002014416573783159
2018-09-05,77.45112552820353,78.46560109040747,77.45112552820353,78.10662841796875,1243400,0.008025009630434933
2018-09-06,78.2236684168856,79.29276900410328,78.2236684168856,78.84015655517578,899500,0.009347543862371726
2018-09-07,78.65287387719559,79.0118405370429,78.23147667988691,78.8167495727539,824300,-0.000296935708923145
2018-09-10,79.0352623894306,80.40870465166893,79.0352623894306,80.2916488647461,1071100,0.01854008404427933
2018-09-11,80.11216596352236,80.70523827884585,78.98843997035455,79.26156616210938,604100,-0.012912268979101495
2018-09-12,79.12109581388823,80.71303889377288,78.98063007290712,80.2838363647461,851300,0.012814962718497675
2018-09-13,80.37750133259702,81.00179498656541,80.03413922754385,80.642822265625,595600,0.0044614919541508076
2018-09-14,81.45439609329979,82.66396273294224,81.28272100615706,82.39863586425781,1224500,0.021539079688700384
2018-09-17,82.20354046933865,83.00732038621801,82.15672053477074,82.5703125,1272700,0.0020813213567552695
2018-09-18,82.57029498686106,84.06079276065623,82.33618940997049,83.98275756835938,1542200,0.016961307640079675
2018-09-19,84.12323557880575,85.52788710635289,83.70183833443028,85.05186462402344,1865200,0.012649731728567124
2018-09-20,84.99723636958761,85.22354261985252,83.38968860653148,83.50674438476562,1071200,-0.018333842788337513
2018-09-21,83.83450019011836,84.15444631675841,83.33506773362815,83.85791015625,1875900,0.004196421135413481
2018-09-24,83.57696196684746,83.73303829940109,82.25034588550993,82.88243865966797,827600,-0.011700618744676603
2018-09-25,82.99169414879479,83.86570380299112,82.2971707994946,82.37520599365234,1005100,-0.006138708559564434
2018-09-26,82.25034495452272,83.79546193024291,82.21132438340015,83.02290344238281,737400,0.007832021318492048
2018-09-27,83.04633615589857,83.62380980746688,82.64835479918851,82.7029800415039,688000,-0.0038608790801036024
2018-09-28,82.65614025024118,83.26482312043672,81.82115114174405,82.03185272216797,1253500,-0.00814801607035719
2018-10-01,82.80439010886676,83.9437203610001,81.9459912562953,82.47663879394531,1447000,0.005407467438296146
2018-10-02,83.93592611988736,83.93592611988736,81.86796686958805,82.04744720458984,972800,-0.005217382735645889
2018-10-03,82.21132324652058,82.3751989263033,80.33844897889881,80.79106140136719,1248100,-0.015431371185078634
2018-10-04,80.69745153611237,81.14225881896454,78.56705500011171,79.1601333618164,1383600,-0.020393527741686002
2018-10-05,79.95608314674378,81.07980904919735,78.46559121851534,79.3161849975586,1010900,0.0019694007003117284
2018-10-08,79.16791832415738,79.39422457832231,78.2705045675399,78.62166595458984,871100,-0.008794896417061552
2018-10-09,78.46558416260791,79.27715729284039,78.16904210184657,78.58263397216797,621400,-0.0004965765343839596
2018-10-10,78.45776925504752,78.45776925504752,76.74096549594181,76.7643814086914,1584800,-0.023409984362309202
2018-10-11,76.4990582988111,77.69301389681178,76.21032751851469,76.32737731933594,1240700,-0.005709063374017937
2018-10-12,76.89703845274745,77.82567314571973,75.59383252398466,76.7175521850586,945200,0.005098838782895175
2018-10-15,76.38982418583598,77.34967443376723,75.93721168018695,77.10775756835938,846100,0.005073368236814554
2018-10-16,77.57598372567398,79.65174875275943,77.22481637324252,79.52689361572266,1004900,0.030891356452115177
2018-10-17,79.21473900306637,79.52688574532337,78.11442307619382,78.73091125488281,659600,-0.010059397369987141
2018-10-18,78.13782843607699,78.57483623096982,76.45224565313012,76.8580322265625,1024800,-0.024075868798913165
2018-10-19,77.34967620150141,78.18466538266559,74.67302763789404,76.50688171386719,3348500,-0.004579288929979281
2018-10-22,70.5761095232491,74.71983972168971,70.4434431420093,74.14237213134766,7593800,-0.03139350132248719
2018-10-23,72.96404475370828,73.58053311901318,70.62295240866952,73.40104675292969,3557100,-0.010048996050246067
2018-10-24,73.03427503517898,73.61174876987349,71.77789428107141,71.83251953125,1862500,-0.021600904677683958
2018-10-25,72.01979529524077,73.2215565867189,71.7466690821105,72.96403503417969,1417000,0.01562935720141595
2018-10-26,71.35647467747978,73.4244341844924,71.01311266709102,72.3475341796875,1544100,-0.008485278313701812
2018-10-29,73.08888383623717,73.61172620678842,71.22380868619966,71.81688690185547,1373000,-0.0073617286482583165
2018-10-30,71.87151352824259,72.96402417182354,71.20820540833046,71.66861724853516,1344000,-0.002066685509065487
2018-10-31,72.17935720956322,73.24012382668178,70.63142099284624,72.06149291992188,2712800,0.005466866328887847
2018-11-01,72.32865961123976,76.66601914426491,72.32865961123976,76.65030670166016,2048100,0.06173378379663387
2018-11-02,76.90175048716549,78.08038155382066,76.39886837831216,77.23176574707031,1468200,0.007557239170301317
2018-11-05,77.24748401576315,77.78965626565665,76.08457129940048,76.9017562866211,1185500,-0.004282130977959995
2018-11-06,76.62672510938685,77.74250031148597,76.62672510938685,77.65606689453125,662100,0.00976096300238897
2018-11-07,77.74250173653867,79.24328874104731,77.6324966574575,78.88970184326172,973100,0.01576101987063679
2018-11-08,78.69326097015336,79.21971468912524,77.20032723434065,77.31819152832031,1044700,-0.02012143307719598
2018-11-09,77.16889450869789,77.7346383103935,75.98240436874329,76.46957397460938,1109700,-0.011036328727781354
2018-11-12,76.28883676467562,76.36741694383252,75.1023527931791,75.16521453857422,845800,-0.01720438458576769
2018-11-13,75.43237303237302,76.41456538956538,74.8902009328584,75.08663940429688,674500,-0.0010459124380616483
2018-11-14,75.59738382103285,76.92530986237182,75.2516501783584,75.97454833984375,854600,0.011755755060181285
2018-11-15,75.37738050302754,77.07460600417446,74.78020579205584,76.65815734863281,1109700,0.00895762905747808
2018-11-16,76.21813923508506,76.99603402913891,75.96669819080365,76.7760238647461,1201100,0.0015363791609682112
2018-11-19,76.80748426000179,77.03535373063865,74.26164195898984,74.56022644042969,1274100,-0.02928519475564157
2018-11-20,74.11230148668635,74.67804520712934,73.45227114272019,73.82942962646484,1048500,-0.009849779852663247
2018-11-21,74.14374414099265,75.00021307982726,73.80586969841868,74.01802062988281,662800,0.0025511580399465855
2018-11-23,73.60944225083257,75.8645586123404,73.58587058767016,75.45596313476562,375600,0.0192406307658715
2018-11-26,76.30456729612365,77.22389798768492,75.8331161205661,76.63458251953125,1346100,0.015499227439689475
2018-11-27,76.21026222348667,76.57170826557716,74.34802948477751,75.1180648803711,948800,-0.019987369598742092
2018-11-28,75.27522689688985,76.17883909657978,74.92949325850837,75.80953979492188,881700,0.009163065353789301
2018-11-29,75.40096011642105,76.56387878204217,74.97665219767393,76.10028076171875,777100,0.003827814695984248
2018-11-30,76.20241991328881,76.57171923027931,71.48003704453163,71.50360870361328,3746900,-0.06230403443399875
2018-12-03,71.87292024371229,71.90435112348712,69.61780407719323,70.61571502685547,4109000,-0.012495207627980663
2018-12-04,70.35640561696529,70.9064309544413,69.10705378637469,69.468505859375,1668500,-0.016379215414217965
2018-12-06,68.63560802202447,69.01277256502685,67.07981851985389,68.74561309814453,2250900,-0.010460571734097746
2018-12-07,68.10129803083808,69.13063985169784,65.44545165768207,65.94833374023438,1589900,-0.04154131168570552
2018-12-10,65.6733188139416,66.09762668075564,64.28253091802443,66.00333404541016,1349800,0.0008336432465617533
2018-12-11,66.82837491144046,67.51983621963895,65.60259469008963,65.89332580566406,1096700,-0.0016680978180786067
2018-12-12,66.78907139397121,67.33909664281485,66.4197661576795,66.6554946899414,869500,0.01150032541399675
2018-12-13,66.63979642371935,67.08767597469357,65.66546311884737,65.81475830078125,1058700,-0.012693380718614306
2018-12-14,65.23329123501716,66.67908164124364,64.8325610309951,66.05047607421875,1172400,0.003575135260258347
2018-12-17,65.86975286049646,67.14267038016209,65.10757059535871,65.68116760253906,1713700,-0.005606996601738044
2018-12-18,65.90902797806267,66.11332564892928,64.29037703421606,64.66754150390625,1294200,-0.015552843411283875
2018-12-19,64.62039140301904,65.00541508468721,62.239558327206275,63.25318145751953,1768800,-0.02211397264836182
2018-12-20,62.92317195636101,63.46533805541789,61.29666166953771,62.14527130126953,1413700,-0.017670696261307135
2018-12-21,62.31029717229882,63.72465083383688,61.123806904727,61.375247955322266,1983900,-0.012468103693188069
2018-12-24,61.44596324906112,62.066709657201606,60.37733727996201,61.304527282714844,630300,-0.00115293136629884
2018-12-26,61.948849870273904,63.756086683729194,61.43025528573841,63.70108413696289,992800,0.038347887106382914
2018-12-27,62.60102060530801,63.99180856160799,61.58739721193794,63.952518463134766,843300,0.003939327151027715
2018-12-28,63.999651911868746,64.57325488901722,63.457485804510796,63.74821090698242,750200,-0.0031997895623552992
2018-12-31,63.87394491822244,64.14109840714158,62.97032659748713,63.84251403808594,1147100,0.001478213221471077
2019-01-02,62.773875897518124,63.68535325991945,62.27885311989921,62.84459686279297,1759000,-0.01575437009147164
2019-01-03,62.530314198876795,62.92319125818892,60.77022065688218,61.21024703979492,1472700,-0.0263503517772073
2019-01-04,62.27099452778166,64.67539946439007,61.35951715623062,63.481056213378906,2072400,0.03642692324850345
2019-01-07,63.44963399699935,65.90118857706453,63.09604710330606,65.44544982910156,1951600,0.03047543456965564
2019-01-08,66.12905933378363,67.43340785284943,66.12905933378363,67.11125183105469,1888100,0.025134748805266324
2019-01-09,67.1112690399296,67.84201469024512,65.71262152951527,66.92268371582031,942500,-0.0028137387576476834
2019-01-10,66.39621155143134,67.22125563136223,65.83046772460183,66.98552703857422,972900,0.0009386030477665949
2019-01-11,66.85195262046332,68.33702722001938,66.71051665884717,68.29773712158203,873100,0.019400052865411025
2019-01-14,68.08557762933128,68.94990573300188,67.41768800353248,67.95985412597656,996400,-0.004959484239706537
2019-01-15,67.84984872584494,68.99704871162177,67.57483605713585,68.94990539550781,802200,0.01446308183194432
2019-01-16,68.87919300696599,69.06777227332742,68.1170107287706,68.42345428466797,759400,-0.007664567413748414
2019-01-17,68.29773757431765,69.65709465857441,68.23487581433214,69.45279693603516,890000,0.014931676295757005
2019-01-18,69.69638282321445,70.08140662943812,69.09921405304091,69.81424713134766,1030200,0.00519076152307189
2019-01-22,69.6649664387197,70.16784861962483,68.62776519642081,69.97926330566406,856500,0.002360857101959587
2019-01-23,70.0421233813027,70.15998770096765,69.02064060397767,69.30351257324219,1092500,-0.009703368277643912
2019-01-24,69.35066256758803,70.36428613476777,68.98135715999211,70.24642181396484,814300,0.013513780490180876
2019-01-25,70.68642296521469,71.10287158977778,70.19140014645932,70.81999969482422,932600,0.0081320704904892
2019-01-28,70.01854207290275,71.40932406788171,70.01854207290275,71.29146575927734,665900,0.006635183060876362
2019-01-29,71.26787026534122,71.44073706779805,70.68641410738951,71.2128677368164,885800,-0.0011030967059408757
2019-01-30,71.48788992479811,71.92791017485072,70.7492793666444,71.54289245605469,747500,0.004623635595949212
2019-01-31,71.63784934628156,72.30247857642017,70.69628523365574,71.65367126464844,969800,0.001547227500645784
2019-02-01,71.63784271507348,72.00972114653094,70.94156367605657,71.8277359008789,1454200,0.0024263035198994775
2019-02-04,71.66948892634463,72.6426967359308,71.47958971363909,72.27873229980469,1122300,0.006259231483267418
2019-02-05,72.46073016852567,72.77722287494842,71.95434425288781,72.39743041992188,1039600,0.0016408804950115718
2019-02-06,72.33412275541251,72.37368660310928,71.57454396508044,72.0018081665039,1143100,-0.005479575199907643
2019-02-07,71.68529973488812,71.70903562364965,70.33229974613182,71.40837097167969,2076500,-0.008276129151259942
2019-02-08,70.94157092890923,73.73460738387296,67.6896203611185,70.72793579101562,6386300,-0.00957447669980843
2019-02-11,71.5982882617766,71.74862365675281,69.82593754300012,70.32440948486328,1702100,-0.00572166887735932
2019-02-12,70.72001831554456,71.70905418051322,70.53012511971743,70.87035369873047,1413000,0.0077332462241180245
2019-02-13,70.86243722223644,71.42420884933338,70.22154393605182,71.18684387207031,1346400,0.0044558206468044105
2019-02-14,70.92574359173173,71.26597219053721,70.30858614194418,71.01277923583984,863000,-0.002448174184501508
2019-02-15,71.40047498795724,71.40047498795724,66.09133122530585,68.3621597290039,4487900,-0.03804039887290416
2019-02-19,68.40172396051709,69.23251657404417,67.89533803650322,69.20086669921875,1550300,0.012193935890903895
2019-02-20,69.27999897763686,69.27999897763686,68.18019131456198,68.77361297607422,1307200,-0.006193248052914118
2019-02-21,68.55995108178179,68.79731601103505,68.11685901463909,68.27510833740234,960400,-0.007274884908984334
2019-02-22,68.30676882197879,68.50457597874122,67.79246900707746,68.04566192626953,1745900,-0.0033662754011620677
2019-02-25,68.44918135987962,68.74984602608205,67.74498845584644,68.18016052246094,959300,0.001974642361880298
2019-02-26,67.97445295108145,68.28303162681837,66.93002538816232,66.96958923339844,906200,-0.017914996787231623
2019-02-27,66.58188780352639,67.32563858159396,66.58188780352639,66.8429946899414,1408300,-0.0018921177293472068
2019-02-28,66.70056470729503,67.34937183332804,65.57701565381814,67.17530059814453,2428600,0.004959122760351059
2019-03-01,67.87949982454406,69.81800740868653,67.80828611413092,69.64393615722656,1880700,0.03609000545925978
2019-03-04,70.12658766143676,71.24222286935782,69.47778045999883,70.15032958984375,1375100,0.007244870093632643
2019-03-05,70.34024073289184,70.7042052523896,69.97627621339409,70.03166198730469,711600,-0.001693051005338388
2019-03-06,69.96044776832261,70.44309781042737,69.59648325136756,69.6993408203125,662700,-0.004756593553091553
2019-03-07,69.42242718170564,69.46990502413857,68.22767579980619,68.59954833984375,1230300,-0.015904909594558373
2019-03-08,68.34632942475291,69.05843642552115,68.01401483659293,68.87645721435547,808400,0.004028473883603453
2019-03-11,69.0109867137474,69.20879394187138,68.68657996205727,68.90021514892578,979900,0.0003448760141797026
2019-03-12,68.83688821435983,69.09799510119714,68.10104537474253,68.5599594116211,1181400,-0.004950618363834613
2019-03-13,68.70240020751953,69.24043604907486,68.52832890045798,68.70240020751953,1016500,0.0020754538596608808
2019-03-14,68.79733238154677,69.10591108861924,68.40171803539273,68.4491958618164,625000,-0.0036923322896366072
2019-03-15,68.53623477961575,69.04262068399032,68.36216349312521,68.6153564453125,1393900,0.0024245607211643588
2019-03-18,68.68655098339721,69.31162228494487,68.32258656159637,68.91600799560547,694800,0.004372123121724354
2019-03-19,68.97140259238257,69.73889537789982,68.52040248621002,68.78150939941406,566900,-0.0019535376019827735
2019-03-20,68.5836957669985,69.10590350760505,67.65795974733561,67.89532470703125,617500,-0.012967773460304628
2019-03-21,67.3968702161828,67.51555574489458,66.69267705884874,67.230712890625,942900,-0.009836996445098091
2019-03-22,67.11200024858617,67.25442161818256,65.56910710845382,66.07549285888672,1100600,-0.01733226063715549
2019-03-25,65.90145009219052,66.58190737012735,65.70364288433903,66.43157196044922,653300,0.0053745052638326345
2019-03-26,66.81136561750505,67.16741618319081,66.43948709442164,67.00125885009766,622400,0.008538983212860344
2019-03-27,67.03289530022776,67.59466694336936,66.46320967997266,67.15158081054688,801700,0.0022410561527192304
2019-03-28,67.29401790527068,67.84787570043122,67.23863212575462,67.69754028320312,778400,0.008097382486874746
2019-03-29,67.90327217127431,67.95865795951082,67.22281475202678,67.2702865600586,1204400,-0.006331214783795739
2019-04-01,67.61840917551359,67.93490188716194,67.27026658904079,67.79248046875,925700,0.0077326493774088935
2019-04-02,67.70545395711852,67.83996141582332,67.22280386496864,67.34940338134766,569300,-0.006557236918318369
2019-04-03,67.57885245451827,68.07732440873939,66.94586702096431,67.46016693115234,745500,0.0016432598141589176
2019-04-04,67.43641770084602,68.33050386511817,67.25443246278597,68.06939697265625,1303800,0.008990424339999352
2019-04-05,68.2434829094859,68.57579755139238,68.1089754644185,68.48876190185547,589900,0.006141943491033551
2019-04-08,68.25931328442087,68.56789810338316,68.0773340212812,68.46503448486328,541100,-0.00034650251187759174
2019-04-09,68.3384231223894,68.3384231223894,67.05663049028558,67.37312316894531,1356600,-0.01607699711953456
2019-04-10,67.38105042949746,67.91117229971836,67.10411550820282,67.72918701171875,568900,0.005271037433756937
2019-04-11,67.95863656859432,68.2593013191544,67.53928629871439,67.92698669433594,528000,0.0029161934527631174
2019-04-12,68.15643794980981,69.32745905123876,68.07731628920148,69.28789520263672,953600,0.019836815301158047
2019-04-15,69.29581597405273,69.65978047781398,69.2166943056866,69.55692291259766,719600,0.0038752335202467273
2019-04-16,69.69933306351861,70.98112572661205,69.69142512289285,70.95738983154297,1011800,0.019934101607106465
2019-04-17,70.878260863932,71.66157550345756,68.99513289459391,71.35299682617188,1037100,0.005559791143561472
2019-04-18,71.51124978315757,71.51124978315757,70.04747785350827,70.24528503417969,1172900,-0.015646155798914357
2019-04-22,69.96044316021975,70.65672830905098,69.56482879350972,69.71516418457031,966300,-0.007575331283610376
2019-04-23,79.36024765286177,81.39370534023374,78.35538373944112,79.63717651367188,7378300,0.1330631677227631
2019-04-24,79.90618427576368,81.90799190971036,79.55804775459634,81.63897705078125,3572200,0.024825782413527616
2019-04-25,78.99627877864798,81.48074271035479,78.32373552057483,80.29389953613281,1552500,-0.016613160703569833
2019-04-26,80.7053427925236,81.7655865551725,80.60248521508062,81.17216491699219,1176600,0.010878744651341156
2019-04-29,81.1958946023132,81.97129537871426,79.6688229090053,80.4837875366211,1686100,-0.008516624729885933
2019-04-30,80.6829275105985,81.16882576888227,80.14923797354014,81.136962890625,1026200,0.008082859514156862
2019-05-01,81.16881884981639,82.16451092089552,81.12102149789355,81.32015991210938,993800,0.0022553286181186192
2019-05-02,81.27237399657055,82.57872159379016,81.23254995743461,82.48313903808594,1565500,0.014199941944156186
2019-05-03,82.84158769484637,83.63814142268143,81.51930558957329,83.43900299072266,1177300,0.011521964647056267
2019-05-06,81.99723502848445,83.12833975781746,81.07322987344256,82.59465026855469,1439700,-0.010170950099328778
2019-05-07,82.00521715603301,82.63449543239717,80.46786796876961,80.60328674316406,1373000,-0.024405484572626764
2019-05-08,80.37226061214018,81.12101687440534,79.85449954924437,80.30056762695312,684500,-0.003762737375793206
2019-05-09,79.88636925439138,80.20499194166803,78.82695140201602,80.02178192138672,878700,-0.003477818125165882
2019-05-10,79.79079805334877,80.48380209375321,78.46055457642427,80.20500946044922,748900,0.0022871033907852995
2019-05-13,78.47645953837984,78.47645953837984,76.26204145927011,76.44525146484375,1364500,-0.04801115752785947
2019-05-14,76.81965375512188,78.14192996042898,76.47713536314787,77.08251190185547,752900,0.008301613764985503
2019-05-15,77.06656660332075,78.34901848207059,76.6443941358855,77.5843276977539,982400,0.00648901287487526
2019-05-16,77.67193478900532,78.46052106560627,77.3453449314631,78.2852783203125,850000,0.008994124841919545
2019-05-17,77.93480310587512,78.77118683606973,77.0984254529023,77.38518524169922,1274400,-0.011564211846704395
2019-05-20,76.77980399610347,76.98690964175914,76.09476738735323,76.5806655883789,896600,-0.010450719705369396
2019-05-21,76.6603394135462,77.57637753965636,76.35765114390937,77.27368927001953,645500,0.009008888561217695
2019-05-22,77.0904649936677,79.15354220685082,77.02673924006012,78.9145736694336,1324300,0.021012395448905735
2019-05-23,78.20563101046665,78.86677194279207,77.5922874256248,78.0064926147461,1476800,-0.0115738595580894
2019-05-24,78.22952492290428,79.20132124497611,77.99852365968873,78.31714630126953,532800,0.003974499283895515
2019-05-28,78.6516942926575,79.07386669357503,77.91886649947155,77.95072937011719,779100,-0.004689608802974703
2019-05-29,77.50469457924189,77.84721298907073,76.875416287825,77.37724304199219,669000,-0.007384232538230993
2019-05-30,77.57635184350802,78.57204380789972,77.14621218562424,78.07817840576172,506300,0.009017892169723351
2019-05-31,76.83556929492701,77.4329845708771,75.75225577502638,75.78411865234375,848700,-0.029821857751610423
2019-06-03,75.83987422553032,77.83922563975143,75.3380476010047,77.32146453857422,886300,0.02008284118844523
2019-06-04,78.92255197754194,82.18045410309433,78.71544628788006,82.076904296875,1407700,0.059685069604571275
2019-06-05,82.3238162302219,83.01682007431332,81.22457441149038,82.43533325195312,699300,0.0043574815778074935
2019-06-06,82.33179231369827,83.57441416204948,82.0291040903678,83.20800018310547,708800,0.009329352643742241
2019-06-07,83.6301688872342,84.633828222364,83.0486881059862,84.37096405029297,736400,0.013879815319220013
2019-06-10,84.60196604267756,86.02779786620825,83.829307996894,84.22758483886719,1075100,-0.0017008360621716737
2019-06-11,84.8807516789085,85.72510264739002,84.06826966166902,84.1797866821289,1222900,-0.0005676492375609331
2019-06-12,84.30723016919127,85.07988813411733,84.06826773534782,85.03209686279297,628100,0.010073966093156894
2019-06-13,85.31887813777749,85.99594765339306,85.06398116446726,85.64546203613281,951300,0.007187445353676584
2019-06-14,85.33481489948741,85.79681760800365,85.1277152664757,85.5976791381836,556800,-0.0005580708092794507
2019-06-17,85.87644422034963,85.87644422034963,84.68161378488361,84.90464782714844,672400,-0.00812933336463284
2019-06-18,86.02780910134173,86.489811756901,84.87280853966668,85.93222045898438,498200,0.01203001477079759
2019-06-19,85.94017056565508,86.21100195973041,84.48247596572917,85.49410247802734,693400,-0.005111454616089653
2019-06-20,86.53758334329603,86.71282610912063,85.53392409725996,85.94813537597656,672600,0.005296640607360837
2019-06-21,85.97204030498607,86.1233874513257,84.85686391964762,85.4463119506836,1043000,-0.005855788995395353
2019-06-24,85.8206923287476,86.12338661849977,84.64179627807576,84.74534606933594,571600,-0.008237417193892824
2019-06-25,84.55418353808277,84.83297614094174,83.46290269006569,83.73373413085938,1428700,-0.012008898607460227
2019-06-26,84.02845662224138,85.36666721687159,83.86914829699474,83.96473693847656,638700,0.002754979842711684
2019-06-27,84.24351862206663,85.20734784243818,83.96472605042565,84.37096405029297,453700,0.004826402218779319
2019-06-28,84.45857923327864,85.34275423636909,83.9248897671889,84.1797866821289,1782300,-0.0022684852997325003
2019-07-01,84.99227539148885,85.9481434556934,84.36300333101262,84.76924133300781,932900,0.006977927598479885
2019-07-02,84.72941522946584,84.92855364500045,83.21596205595837,83.39120483398438,683600,-0.016389910691806727
2019-07-03,83.56645001866409,85.31089845647507,83.56645001866409,84.74534606933594,788100,0.016107984939028642
2019-07-05,84.29927801538442,85.2949701225002,84.17979374708605,85.16751861572266,720700,0.004969293124745893
2019-07-08,84.69755968900478,86.35439290827725,84.69755968900478,86.16321563720703,900100,0.011623229604956993
2019-07-09,85.74105365615608,86.60133324989708,84.92060418474927,86.20305633544922,629200,0.0004622795225044344
2019-07-10,86.31455305354996,86.54555433878318,86.01186485766954,86.26676177978516,792100,0.0007387431369656186
2019-07-11,86.52166109934537,86.52166109934537,84.80110226947319,85.7171401977539,747700,-0.0063915685923169
2019-07-12,86.02779300468215,87.43769027161456,86.01982576667068,87.03941345214844,957300,0.015308236340458798
2019-07-15,87.07926287318612,89.02285612784739,86.21102213130034,87.33415985107422,795400,0.003380634737890971
2019-07-16,87.46160265630523,88.13867211655835,87.18280398688684,87.50142669677734,780900,0.0019134193448665305
2019-07-17,87.62091160762392,87.62887884666517,86.33845959700724,86.51370239257812,751200,-0.011352287781488727
2019-07-18,86.32250711032161,87.5014029161332,86.11540149359539,87.12702178955078,976700,0.007064263875208954
2019-07-19,87.28633936345581,87.28633936345581,85.74102353358758,85.7569580078125,1047900,-0.01584984872799993
2019-07-22,86.1233960287254,86.77656987876965,85.78087766362762,86.43405151367188,1616900,0.007864487206378074
2019-07-23,92.29668628763271,95.55458824644657,91.20540544947629,95.03682708740234,3924500,0.09488275712515173
2019-07-24,94.4792322318982,97.12379019971725,94.43940211711008,97.04413604736328,1716500,0.020901415781000694
2019-07-25,97.08396631108668,98.47793533695682,96.68568944655236,97.33090209960938,1201000,0.0029506490446152525
2019-07-26,98.48590813110836,99.03553217987931,97.66545871624466,98.50980377197266,1205900,0.012039539045583941
2019-07-29,98.6451991402496,100.59675919033297,98.55758383153358,100.42151641845703,958700,0.019220417348797453
2019-07-30,99.76036921037525,101.0587554423917,97.70526558127575,99.07533264160156,1217200,-0.013495994710416683
2019-07-31,98.60280879798877,99.22753522245772,96.36820620310563,97.0409927368164,1230400,-0.020747001778495575
2019-08-01,97.38537606103483,97.86594043137502,91.79487084429127,91.97107696533203,2472600,-0.05365934795557952
2019-08-02,91.63467396209823,91.97106408572452,89.39206091666503,90.91383361816406,1859600,-0.011561972186650327
2019-08-05,89.62434300967638,89.67239700161404,87.96641307090023,89.23188781738281,1499900,-0.01867371217801196
2019-08-06,89.43211879347035,90.56944138675915,88.82340843074878,90.48934936523438,1103200,0.013993694763514062
2019-08-07,89.01564445351363,91.25825807140826,87.93438671691928,91.11408996582031,830300,0.006880299926149518
2019-08-08,92.06721337878723,93.46884563359644,91.51457395926343,93.42079162597656,867800,0.025001471741960667
2019-08-09,92.19533912325737,93.04432560458997,91.05801645757975,91.73079681396484,720200,-0.01825576287816178
2019-08-12,91.25024538036587,91.60265765666476,90.1449606646517,90.61750793457031,513000,-0.012210727307637503
2019-08-13,90.48935198303191,96.88880062487817,89.79253854328586,93.1083984375,1623200,0.027116950304747235
2019-08-14,91.46648051501161,92.13926692971741,90.76967321587964,91.63468170166016,975600,-0.015954567777005196
2019-08-15,92.15529695920664,92.15529695920664,89.88065145742753,90.61750793457031,598200,-0.011162382527742038
2019-08-16,91.65871853477533,92.04316271818858,90.96190505022238,91.60265350341797,598800,0.010812800947847203
2019-08-19,92.61182644363552,93.09239085117527,91.43446075492793,92.06719207763672,562800,0.0050584195057672195
2019-08-20,91.6506903714857,92.12323753167196,91.47448427425388,91.61865234375,422800,-0.004883779986648914
2019-08-21,92.86810755853853,93.39672586552444,91.7548120326939,92.5076904296875,375100,0.009656901685311985
2019-08-22,92.41961002171317,92.64387016666551,90.4413055691783,91.58663940429688,517500,-0.010006377832790975
2019-08-23,85.65973743097382,87.05336452705515,83.10476664275275,83.40110778808594,2044600,-0.09362381090282224
2019-08-26,84.49037611487081,86.38858852843619,83.92972575337757,85.85997009277344,1026100,0.029056122363612203
2019-08-27,86.38055958103895,86.94121593691324,85.59564923769607,85.90801239013672,858700,0.0005593859568190127
2019-08-28,85.52356188130348,87.00528561974286,82.52807637470454,86.71694946289062,557500,0.009372259787121971
2019-08-29,87.68610172395461,88.68726745097412,87.24558635981376,88.21471405029297,504400,0.017124414851077095
2019-08-30,88.9355504709604,89.17582656792246,87.99044982406338,88.47901916503906,679300,0.0029916772606128853
2019-09-03,87.95841492269123,88.31883213629004,86.57279888271972,87.614013671875,704500,-0.009824493755301998
2019-09-04,88.33484344150801,88.87146673345278,87.13344472845743,87.75817108154297,619800,0.0016440171779763054
2019-09-05,89.15179069801177,90.0488372583795,88.14262019205653,88.89549255371094,683800,0.012876463052330115
2019-09-06,88.71928695496976,90.09689178016599,88.51905383760123,90.02481079101562,677600,0.012623868992998524
2019-09-09,90.26507916897482,91.62666791736201,89.5362338614263,91.25823974609375,580600,0.013607979178759763
2019-09-10,91.89098929864834,95.05467025986466,91.48251200873801,93.34868621826172,1088700,0.022648509195692293
2019-09-11,93.08435822116766,94.19765369315387,92.11523081587322,94.1015396118164,755500,0.008032611731856855
2019-09-12,94.23771971370194,96.90482026152692,94.23771971370194,95.82356262207031,850600,0.018134203222737035
2019-09-13,95.85559218429908,97.29727298326152,95.82355415425221,95.93568420410156,601400,0.0011693996160720775
2019-09-16,94.9745720902873,96.41624684457675,94.61414881874266,95.36702728271484,433700,-0.005945117995145472
2019-09-17,96.11991564143197,96.11991564143197,94.9265217595985,95.55125427246094,735200,0.0019299047259945113
2019-09-18,95.55924565495299,95.94369590756399,94.69424328017979,95.8315658569336,814300,0.0029293306967548252
2019-09-19,96.37620005631186,97.20917051063245,95.88763078877162,96.84874725341797,1027100,0.0105583266864648
2019-09-20,96.19198046758628,97.02495090075605,94.03747645674154,94.21367645263672,2461200,-0.02758509853757668
2019-09-23,94.29380199657892,95.60733103176612,93.93337864372651,94.57412719726562,520600,0.003818585476981383
2019-09-24,95.39106354399975,95.6713887086759,93.23655918351987,93.7091064453125,598100,-0.009188570021220843
2019-09-25,93.77319578962941,95.63937032393602,93.40476750523675,95.15880584716797,525700,0.015351764689320467
2019-09-26,94.95056131364103,95.00662635070763,93.90934649882605,94.02948760986328,497300,-0.011938705406838914
2019-09-27,94.86245690091187,95.73547048157651,94.3658765005933,95.16680908203125,536800,0.012022805856176386
2019-09-30,95.36702761054573,96.04781897829739,95.01461537332523,95.06267547607422,672100,-0.0010948209905570154
2019-10-01,95.27092381572673,96.05584039876963,93.37271759423804,93.78919982910156,651700,-0.013486706951652213
2019-10-02,93.31664479649916,94.18164722934402,91.26625349597055,92.35552215576172,664300,-0.015404208163165217
2019-10-03,92.11524557973375,93.38872528076172,91.25824807666247,93.38872528076172,491100,0.011125122804343218
2019-10-04,93.25256189498639,94.88646476488601,93.25256189498639,94.7022476196289,512600,0.013967110404678077
2019-10-07,94.34985436941946,94.6702224925457,93.3086396373684,94.23772430419922,430900,-0.004917162278106081
2019-10-08,93.72511851074805,94.59012707775541,93.42877739639499,93.4608154296875,602900,-0.008278309596140261
2019-10-09,93.98942413778438,95.22286087493096,93.72511495611802,94.63818359375,531700,0.012518764549634343
2019-10-10,94.64617897933266,95.87160455729081,94.14159377388789,95.67137145996094,622600,0.010858078216683768
2019-10-11,96.4883390503921,97.79385682282799,96.13592679572939,97.14510345458984,611900,0.015286667738491836
2019-10-14,96.64853884918179,97.42544447680619,96.28011057321547,96.83275604248047,509100,-0.003220446734205908
2019-10-15,97.39339597350215,98.09822052190553,97.19316283782035,97.68173217773438,541700,0.008729236921976316
2019-10-16,97.30529087809136,98.17831050900688,97.00093871802157,97.70575714111328,647400,0.0002459212059456206
2019-10-17,97.98608160600017,98.49067300462133,97.3773772901911,98.02613067626953,802400,0.003273598643882103
2019-10-18,97.95405241978942,98.55475182683482,97.33733093993646,97.68173217773438,911300,-0.003519519849827652
2019-10-21,98.45863939121817,98.45863939121817,95.63134844515609,96.24005889892578,2064600,-0.014868879165795169
2019-10-22,80.90218808026387,84.05785776222999,79.17217106382672,80.10926055908203,6939000,-0.18345422380207102
2019-10-23,80.21339317719827,81.49488398830354,78.53944103126217,79.6126937866211,3201900,-0.006217910047071988
2019-10-24,79.52457824525514,79.70078434988336,76.56913575184186,77.01766204833984,2428400,-0.033138777015657817
2019-10-25,77.00967494214852,77.20189706573035,75.43984769319603,76.89754486083984,2241500,-0.0015608231869688948
2019-10-28,77.09777032305988,77.89870288707488,77.00966725216779,77.4021224975586,1520500,0.006540253053828142
2019-10-29,77.01767333490332,79.27630277572227,76.60118500645153,79.00398254394531,2531400,0.020484060476286373
2019-10-30,78.66758445133658,79.61268496555296,77.81859802879002,79.52458190917969,1357500,0.006567917125556901
2019-10-31,79.37941338563601,79.79070740447051,78.064893164206,78.47618103027344,1142600,-0.013271027891288232
2019-11-01,78.86328029250453,79.08102055982054,77.653597100652,77.77456665039062,1089000,-0.008980681447976516
2019-11-04,77.88749164786434,79.24233744675635,77.66168504017709,78.79071807861328,885300,0.012980728114051777
2019-11-05,77.47619570149327,80.03265868984293,77.24232281967396,77.2503890991211,2386300,-0.019743246398404475
2019-11-06,75.27457297507081,77.15361625496193,74.66973119291633,76.5003890991211,8392300,-0.009756125564420303
2019-11-07,77.14553193817628,77.9600475194187,76.42778092119637,76.78262329101562,1941500,0.0036825282390016366
2019-11-08,77.04878435902113,77.41975327178278,76.09716631227803,77.04071807861328,1988000,0.0033557329791278345
2019-11-11,76.71810962213178,77.41166184545722,76.46004410783165,77.02456665039062,719900,-0.00020966992415243644
2019-11-12,77.2019894766839,77.33908543813538,75.80681872276017,76.12940216064453,1336700,-0.011689865964025553
2019-11-13,76.07296320193997,76.35522144985389,75.66973537555772,75.80683135986328,1151900,-0.004246140344032419
2019-11-14,75.80682242166405,76.96005411525327,75.41166092117712,76.87940979003906,1006900,0.014049675535445378
2019-11-15,77.09713867019497,77.57295057822614,76.637459316479,76.94391632080078,1270800,0.0008387093969944809
2019-11-18,76.62941211278475,77.22619371565519,76.25038313076908,76.90361022949219,1538900,-0.0005239745237969045
2019-11-19,77.17779052206083,77.21004948107553,76.693918442375,76.81488800048828,1151200,-0.0011543469377791637
2019-11-20,76.70197618539412,77.05681854230379,75.80681016883862,76.54068756103516,1441800,-0.0035760125532084915
2019-11-21,76.58100421493779,78.08101175447462,76.14551755964325,76.95197296142578,1691400,0.005359036494752656
2019-11-22,77.33909641550255,78.16167845373447,77.06489830091311,77.51651763916016,1258200,0.007309544997123346
2019-11-25,79.43586855258876,80.59716646782687,79.20199571394956,79.99232482910156,2047400,0.03143964595712389
2019-11-26,80.61330295349256,81.41975857265848,79.58104074540309,81.00040435791016,2612400,0.012523456297793388
2019-11-27,81.45200723134565,82.82297914938019,81.04877947277463,82.20201110839844,1269000,0.014725621068812813
2019-11-29,82.39556035361636,82.75846903523107,81.60523737659908,82.01652526855469,652300,-0.0022590131761739715
2019-12-02,82.74234760413962,82.83912449613585,80.70201581517345,81.04072570800781,1124200,-0.011968939789318744
2019-12-03,80.01652326003675,80.61329866368729,79.08909811679489,80.02458953857422,990500,-0.012617858158448963
2019-12-04,80.15360848297207,80.80683544325363,80.15360848297207,80.2100601196289,698300,0.002314988228588772
2019-12-05,80.73427255547871,81.016530791733,80.19394876711077,80.89556121826172,874800,0.00851001014054986
2019-12-06,81.49232871411023,81.85523121899897,80.99232410152021,81.4520034790039,743600,0.006854977353634981
2019-12-09,81.65363608468856,81.75041297948927,80.96814999996337,81.2100830078125,771100,-0.002974517968969033
2019-12-10,81.2665311037955,81.46008488493122,80.05684765915403,80.589111328125,770400,-0.007675869229765918
2019-12-11,80.36330542492662,81.37137497076672,80.32298018198573,80.94395446777344,500300,0.004393449832415913
2019-12-12,80.94394026692729,83.05684972654656,80.58909788015947,82.87136840820312,1164800,0.023532632399449114
2019-12-13,82.96817000023357,84.33108226309082,82.16978048571237,83.806884765625,1090600,0.011225533787305998
2019-12-16,84.40366527749826,84.61333935127162,82.35526684851632,82.46817016601562,1311900,-0.016102758496103455
2019-12-17,82.84718947604296,83.22621845335527,82.05686025238919,82.9762191772461,753500,0.006141648081350559
2019-12-18,82.88750800858091,83.54880137381753,82.33911793842604,83.48428344726562,899000,0.006104341146083911
2019-12-19,83.71009398387604,84.41977269893773,83.20202301663109,84.1778335571289,811500,0.008273235220561568
2019-12-20,84.44395040805837,85.12137619333392,83.44394736126453,83.54071807861328,4982500,-0.007597472514623113
2019-12-23,84.00043129586649,84.92785045769436,83.93591336118156,84.84720611572266,772500,0.015517909145973318
2019-12-24,84.68592108043696,84.89559514804331,84.30688588879362,84.75849914550781,190200,-0.0010460376691547647
2019-12-26,85.23429175445942,85.27461084157896,84.4358963046188,84.64557647705078,533000,-0.0013331755421747001
2019-12-27,84.72623354610354,85.48430387006367,84.46816796921033,85.29075622558594,458200,0.0075932302198889814
2019-12-30,85.29881155735595,85.68591297731861,84.23429034341906,84.82300567626953,521400,-0.005499281456120887
2019-12-31,84.83105944009348,85.70202673916758,84.83105944009348,85.16976928710938,530800,0.004079750941016988
2020-01-02,85.62139716668973,85.62946344617993,84.11332899875305,84.94397735595703,1043200,-0.0026546010325742605
2020-01-03,83.80687132575409,85.08107275457229,83.5810647237394,84.71817016601562,708100,-0.0026618468122423526
2020-01-06,84.1455743787961,85.00042149896403,83.34718505730427,84.9681625366211,779400,0.0029465254802020177
2020-01-07,84.68590053688706,84.68590053688706,82.87137551706275,83.37944030761719,984900,-0.01887486805255204
2020-01-08,83.77458986354769,85.39556703951716,83.38749469340878,84.63749694824219,920900,0.01497563487440276
2020-01-09,84.58913801770856,84.8149446296311,83.32300281276974,83.7907485961914,683300,-0.010054791974764193
2020-01-10,83.96816577216731,83.96816577216731,81.86331600138057,82.00041198730469,1096200,-0.021598331293139438
2020-01-13,82.12941962679842,84.65362910930399,81.73425818122804,84.5649185180664,900400,0.03079523439643488
2020-01-14,84.49235415446734,85.43591192332838,83.47622448456808,84.87945556640625,1646800,0.00371257424528485
2020-01-15,82.29879592007312,83.33911822305103,81.14556417326351,83.08911895751953,1972000,-0.021318325980005222
2020-01-16,83.5971774753921,84.29878980073327,83.12136554579682,83.5649185180664,868200,0.00571004291914245
2020-01-17,84.1778425597315,85.0488161800701,84.05687912865832,84.78268432617188,1164400,0.014467530612617109
2020-01-21,84.67784260160388,84.75042065621935,83.1778346118683,84.4439697265625,758700,-0.004003093411301071
2020-01-22,84.6778275713541,85.68589694720355,84.4762136961842,85.3068618774414,875100,0.010166661042680271
2020-01-23,84.68589868544709,85.50848063589935,84.11331598559714,85.06493377685547,818200,-0.0028400036786038817
2020-01-24,84.90364907152758,85.20203987429686,84.16977763617479,84.4197769165039,1217500,-0.007613193825632696
2020-01-27,83.0245907973469,83.91975688953801,82.75039888221595,83.58104705810547,931500,-0.009984913250848182
2020-01-28,83.84717975070154,85.21815164664612,83.35524140094994,84.66976165771484,658900,0.01294174813786567
2020-01-29,84.50848292630408,85.05687297953209,84.0488034811547,84.10525512695312,710600,-0.006689481021703908
2020-01-30,83.66690960813773,84.17019585931331,82.60352115712128,83.53703308105469,1166300,-0.006779008184893416
2020-01-31,83.48020849040277,83.8942019382748,82.25447277726776,82.69281768798828,923000,-0.010157293017257539
2020-02-03,83.35845424621326,83.67503566120163,82.54670575790469,82.61164093017578,636100,-0.0009821485157320792
2020-02-04,83.65067366350951,85.11181704257662,83.61820298488819,84.3487777709961,991200,0.02080971696148701
2020-02-05,85.19298561392888,85.57450832377363,84.12147805526732,85.29039764404297,914400,0.011101557662242708
2020-02-06,85.63946293795789,85.63946293795789,82.93633906692527,83.19609832763672,1566300,-0.024861424951798525
2020-02-07,83.02564058007206,83.18799400572146,80.50110209786082,80.96379852294922,1849000,-0.027198328673827835
2020-02-10,80.71215472292535,82.10024393401261,80.6553325748627,81.90542602539062,1118600,0.011563117547533896
2020-02-11,87.57953261455842,88.88644800765714,81.1748383631572,81.25601196289062,4045500,-0.007960428638845002
2020-02-12,81.15861685707996,81.23979046755198,78.55289875093695,79.71369934082031,2776300,-0.01916335450248167
2020-02-13,79.19417984604223,79.41335540413539,78.56101702159432,78.73148345947266,1374000,-0.012398337974583805
2020-02-14,78.95876955464637,80.19263067537538,78.73960019661054,79.3159408569336,936900,0.0073960086876972055
2020-02-18,79.13734276511866,79.25098703559036,77.87913657256819,79.08052062988281,1160400,-0.0029725462070214004
2020-02-19,78.91818429054356,79.83545779777796,78.15513877549515,79.29158782958984,1124100,0.002665460815340479
2020-02-20,79.19419336356663,80.35499413757275,78.72338387089074,80.26570129394531,1340000,0.012210354944598018
2020-02-21,79.58383906208933,79.60007131024025,72.94373480121871,73.03302764892578,3638000,-0.0944306252473204
2020-02-24,71.08481718293142,71.8965656976129,70.44353511315508,70.69517517089844,2284600,-0.03253444549739354
2020-02-25,70.98739057128797,71.15786317437687,67.07476378077494,67.38323211669922,1565900,-0.04798112156510294
2020-02-26,68.00015595162456,68.90931632509738,66.96923828125,66.96923828125,1820200,-0.006162821487768039
2020-02-27,65.92209179405388,67.15595292330099,64.46094827971297,64.54212188720703,2369400,-0.036915320657295005
2020-02-28,62.50463580776572,63.689787899384356,61.392538109963795,62.70757293701172,2288300,-0.02883584233045978
2020-03-02,62.764395080186425,64.55835855939189,61.73347718868951,64.36354064941406,1485900,0.02606511296876558
2020-03-03,63.6735534183265,65.03729112670203,61.18148580641311,61.23830795288086,2577300,-0.04977439317116582
2020-03-04,62.09876650769236,63.20274507439224,61.24642801954239,63.19462585449219,2367600,0.031446322951609214
2020-03-05,61.51430880451301,61.64419155509888,59.66352296071727,60.45092010498047,1286300,-0.04438746571828531
2020-03-06,58.35659479101899,59.94762098846543,57.5773170326666,59.0546989440918,1800600,-0.023367682710452056
2020-03-09,55.588538096725436,56.53828232276643,53.65657276943081,53.76210403442383,2254700,-0.09389528216644846
2020-03-10,55.896991783307286,56.124280330024796,51.89507217674999,54.5900764465332,2008000,0.015283283174694132
2020-03-11,52.72305895481212,53.24257746346374,50.23099457630341,51.12391662597656,2602400,-0.06559969272032565
2020-03-12,47.51975303678318,48.04738764947129,43.65582884083675,43.66394805908203,2547500,-0.15772964904253567
2020-03-13,45.806968374620205,46.910946836625,42.22715759223468,44.66240310668945,3069000,0.02260927948561986
2020-03-16,40.18154569180981,40.9283527314433,36.277034783556054,36.309505462646484,2488500,-0.20705248842461077
2020-03-17,37.25925291987089,39.71884958897058,36.22021285881927,37.94923782348633,3130400,0.04416985447039028
2020-03-18,36.065983285929484,39.25615488949924,33.549564371094725,38.00606155395508,2507100,0.0014962416456947847
2020-03-19,38.00605814964951,40.83906130212169,36.55302783510684,38.38758087158203,2495200,0.009988330898230221
2020-03-20,38.9476866097951,41.05011502214879,37.048195290925065,37.429718017578125,2739100,-0.025269004187282635
2020-03-23,42.27586198889718,44.4675803902254,39.96237698133173,42.10539245605469,3802400,0.11771083103406946
2020-03-24,44.646165827324474,51.302503897258696,44.52440231825645,51.22944641113281,3305500,0.1961386726137052
2020-03-25,51.80578113579774,56.22169428536414,50.76674420487591,54.2166748046875,3121500,0.056674022411292685
2020-03-26,54.10303629976947,57.81272652810363,52.828591460533865,55.434303283691406,1758700,0.02221008062579035
2020-03-27,52.000604730571716,54.62255499975013,51.716494006208556,53.28316879272461,1322400,-0.03957809617732926
2020-03-30,52.934111190217166,58.93293123130551,52.763644773358,58.02377700805664,1841500,0.08523237615376578
2020-03-31,57.47180076012916,59.06282720105318,57.049688039040106,58.08061218261719,2456300,0.0009790358400142132
2020-04-01,55.23136903716569,58.583888134118745,54.59008697487765,56.88733673095703,2343100,-0.02075914749038305
2020-04-02,56.69249778204981,57.81271438944416,55.40994018654386,57.17143249511719,1468600,0.004981578419626446
2020-04-03,57.30131665035501,58.567648367178336,53.956917202055905,54.33843994140625,1628400,-0.05082244735072022
2020-04-06,57.62603088361687,58.79495083935772,56.619464362367964,57.7964973449707,1250700,0.06169627990028998
2020-04-07,60.653850294528205,61.3519545159052,59.33881546499604,60.4022102355957,1919200,0.04409752330169248
2020-04-08,60.92983083413658,61.63605414746799,58.98975272007466,60.19114303588867,1194000,-0.0035004817347697973
2020-04-09,61.059718730522,63.519315516154215,60.28044097024293,61.42500305175781,1507900,0.020291752248862996
2020-04-13,60.96231084307431,61.47371635943933,58.624477402896986,60.24797439575195,1003700,-0.019348016271827924
2020-04-14,61.20584049446871,62.293580553624494,60.045039847063016,60.60514831542969,1306900,0.0059108933488171336
2020-04-15,57.609784453900225,58.60011848446664,56.88732887943432,58.064361572265625,1598100,-0.0428277675823112
2020-04-16,58.648820382886704,59.93949733278836,57.926364821026915,59.265750885009766,1349700,0.020479504823751903
2020-04-17,62.106855176348496,62.106855176348496,60.09371695878993,61.043460845947266,1306700,0.029554500961039124
2020-04-20,60.46713812507895,62.80497754035736,60.27232023818873,61.43312072753906,1045800,0.006363031876019904
2020-04-21,59.72844667705256,61.40876555877406,58.50270490168321,58.72187423706055,1267700,-0.04513681324244026
2020-04-22,59.79338806760134,60.75936441915629,59.444336019837344,60.19114303588867,787300,0.02471291383808843
2020-04-23,60.15867963087254,60.62949523001403,58.997879070588866,59.06282043457031,1209400,-0.018923585254578837
2020-04-24,59.62292431102405,61.092193294139626,58.24295435070615,60.775611877441406,1540000,0.028586957478513815
2020-04-27,61.449356861348505,62.82933297982245,61.36818325276753,62.309814453125,1045700,0.024930360684196993
2020-04-28,63.689783740636614,65.33763213161068,62.74815874285828,63.202735900878906,1926500,0.014228641037536866
2020-04-29,61.61983104921708,62.082527442297426,58.81117581470186,59.18458557128906,3835300,-0.06568646066457616
2020-04-30,59.62704670328442,60.610319099817055,57.81619436436758,59.168190002441406,1860600,-0.0002770626860765286
2020-05-01,57.8899396745416,58.16034003801854,55.91520558251427,56.31671142578125,1742400,-0.04939274716855152
2020-05-04,55.71855873700437,56.6198871133416,54.587802001394465,56.595306396484375,1120000,0.004934736645921982
2020-05-05,57.758827538794996,57.88993300347683,55.013870949408606,55.07122802734375,1212700,-0.027298653498823308
2020-05-06,55.25970095606374,56.488786786926696,53.91590094776988,53.98964309692383,1229400,-0.01983516874666215
2020-05-07,54.85819003631299,56.48058593442143,54.75167152462859,56.0299186706543,911900,0.03709357637605507
2020-05-08,56.529740991762,57.291774300962246,55.89881314504686,57.111507415771484,719200,0.019119817237528383
2020-05-11,56.611677907876995,56.914854596613395,55.30885021462956,56.21017837524414,772700,-0.01590777690050988
2020-05-12,56.36587728715578,56.38226234769125,53.67008159866661,53.702857971191406,819700,-0.04563162921737473
2020-05-13,53.915903760142,53.915903760142,50.81040952293749,51.49050521850586,1063900,-0.0420687951804199
2020-05-14,50.96609359962092,53.12109165364875,49.32731247503971,52.94902038574219,1064700,0.02793214515163639
2020-05-15,52.60487249391418,53.48981581660044,51.498696466283334,53.09651184082031,1135100,0.0027816645752920467
2020-05-18,54.89916111311366,56.93944161900011,54.735285520819936,55.93159484863281,1264900,0.052018187800521885
2020-05-19,56.26754439331513,56.71821167096822,55.202340489290386,55.693973541259766,848100,-0.004257477381386261
2020-05-20,56.562531747663385,56.808351426636584,55.85785533615794,56.42323684692383,677400,0.013009128357668287
2020-05-21,56.136456613225704,56.51337557166151,55.243317531196865,56.374080657958984,691400,-0.000871584416438677
2020-05-22,56.27573834847766,56.48058596823021,54.46488614003954,54.6451530456543,1010100,-0.03114897022013309
2020-05-26,56.41503699814911,59.536919182711394,55.800494097839305,59.45497512817383,2309300,0.08435878570879919
2020-05-27,60.31533438468681,61.421510294349545,59.192767164433114,60.102291107177734,1102400,0.010828656839023829
2020-05-28,60.692272706126566,61.028225914899046,59.52054368156661,60.19244384765625,1289000,0.0014988645577949104
2020-05-29,60.79878134220647,60.88072540515264,59.446791823954804,60.23340606689453,1642000,0.0006802895034096933
2020-06-01,60.27436897457255,60.80697410107019,59.282907124423545,59.536922454833984,745400,-0.01163045090715311
2020-06-02,59.913841212651064,61.30680269231588,59.74176994173628,60.07771682739258,1050600,0.009042338974335698
2020-06-03,60.87250795851374,63.33887458571533,60.83973159535883,63.248741149902344,1307000,0.05143622011462811
2020-06-04,62.78990799023083,63.90427985831573,62.019684972183185,63.14224624633789,927000,-0.001685166497394081
2020-06-05,65.08418417847354,67.34570358773003,64.7892031141595,66.25591278076172,1154500,0.048134652260931124
2020-06-08,67.00975701195007,68.82060934574389,66.82130068954572,68.76325225830078,1153000,0.037144767686812595
2020-06-09,65.42015219742743,65.99372945329408,63.36348598771237,64.90393829345703,1110100,-0.05776117373485604
2020-06-10,64.80559389566628,64.80559389566628,62.249099447783145,62.37200927734375,813800,-0.03979169889196646
2020-06-11,60.225214423762836,60.36450933772717,57.660523869573915,58.24229049682617,918800,-0.06850487376405558
2020-06-12,60.290759833382786,61.077374032919,59.11083540835149,60.88072204589844,800400,0.0443048419318519
2020-06-15,59.291110474435506,62.503120459704526,58.586433985127385,61.8721923828125,856300,0.01615427059548809
2020-06-16,63.969822676455266,64.23202741341497,61.9049611543294,63.18320846557617,680900,0.02096773278742379
2020-06-17,63.3634716729006,63.56012365120704,62.167162240068116,62.8062858581543,548700,-0.005983415267593669
2020-06-18,61.87218508334797,62.85545128889174,61.421517759125535,61.58539962768555,755000,-0.019630338332920744
2020-06-19,62.79808673977954,62.79808673977954,58.33241106372424,58.45531463623047,3198300,-0.05216221343313366
2020-06-22,58.59461354367343,59.96299411149355,57.66050891941094,59.93021774291992,1204900,0.024918237769182287
2020-06-23,61.23306598991538,61.23306598991538,59.91384654405791,60.44644546508789,697700,0.008576926341705869
2020-06-24,59.725380273767094,59.73357593016601,57.50483250017668,58.12757110595703,999100,-0.039117677082496784
2020-06-25,57.57039067386247,58.03744310934896,56.80835709475769,57.65232849121094,1235900,-0.008209460977040546
2020-06-26,57.4392753662041,58.02923755279726,56.89848086279615,57.8571662902832,3389700,0.0035466870352214804
2020-06-29,59.05346193687851,60.46281433105469,58.05380471536043,60.46281433105469,1011800,0.044051213844209035
2020-06-30,60.05312612439133,61.6591306373288,59.32386913258435,61.41331100463867,981400,0.015598066351091839
2020-07-01,61.20028305053711,62.20812994055958,60.94626772543518,61.20028305053711,731600,-0.003474788747323829
2020-07-02,62.6014350855925,63.07668307317265,60.905297010531854,61.126529693603516,692600,-0.0012058413722367597
2020-07-06,61.78204792008637,62.45394791232574,60.70864206250061,61.323184967041016,743600,0.003212019612426168
2020-07-07,61.159312551449524,61.18389326868134,59.94661799068397,60.25798416137695,680000,-0.01752291196413792
2020-07-08,60.12687587339131,60.57754317321174,59.1354140652401,60.0285530090332,595300,-0.003814748283059731
2020-07-09,59.89746114372974,60.217023028478835,58.184937517841306,58.5864372253418,1182700,-0.024317109380821593
2020-07-10,58.59462670467769,60.798783286117484,58.50449323371851,60.78239822387695,670300,0.03679702103277588
2020-07-13,61.45429048497079,61.80662866714277,59.6188574262267,60.315338134765625,649300,-0.007713809012520208
2020-07-14,60.3481003660598,61.27400920855559,59.89743317418667,61.14291000366211,589800,0.013627475923198282
2020-07-15,61.782046839647556,64.46964676160451,61.569003552725526,64.182861328125,765200,0.048522306478591105
2020-07-16,63.912451543601385,65.010431684807,63.17499892934622,63.51095199584961,599500,-0.010523854147996307
2020-07-17,63.77315622799873,64.69906512796075,63.13403271727693,63.49456024169922,789400,-0.00025812665848311576
2020-07-20,63.076680985620044,64.1091084743903,62.83905699969424,63.91245651245117,762700,0.006560043238572476
2020-07-21,64.75643542706223,66.1494031400553,64.40409723364412,64.59255981445312,910800,0.01058495102206951
2020-07-22,63.32248928421819,65.46929438858768,63.32248928421819,64.85475158691406,689100,0.00405094749629789
2020-07-23,65.19073183826862,66.20678095922672,64.83020412735509,65.38739013671875,858500,0.008179250006458442
2020-07-24,65.74789370082564,66.20675664389644,63.109455221119376,63.576507568359375,1653100,-0.028085404254207802
2020-07-27,61.4870745586232,61.78205569001676,57.99646867143568,58.865020751953125,5159500,-0.07699698518852337
2020-07-28,58.84043387648416,60.13507245642617,58.30783501578931,59.33207321166992,1411100,0.007902984328118581
2020-07-29,59.70079185683556,61.11014450589539,59.10263404593798,60.65947723388672,1123000,0.022125860859542285
2020-07-30,60.085905787568734,60.53656680361304,59.41400583967895,60.06132507324219,761400,-0.009909759449069123
2020-07-31,59.9868966989511,60.259829086695646,58.77938510740502,60.1771240234375,1111300,0.0019261556825988127
2020-08-03,60.34252472820818,61.96356769293085,59.780121551876576,61.922218322753906,1113100,0.02858677377966515
2020-08-04,61.40945794966393,62.21171046379041,61.14479791191022,61.91396713256836,1140500,-0.00013325976034252426
2020-08-05,62.35229755639164,64.03123493469874,62.344025157141196,63.98161315917969,981800,0.03284995318963859
2020-08-06,63.99814707283481,64.22973006535007,63.30341702526309,63.59288787841797,707800,-0.006094109412849805
2020-08-07,63.25377707912341,63.48535369511038,62.51768524975119,63.477081298828125,543800,-0.001822721960221341
2020-08-10,63.82444788717275,65.37933030932865,63.435727281633774,65.31316375732422,787600,0.02851468857721155
2020-08-11,65.87557608821423,66.53722277128419,64.89964139394475,65.10640716552734,664600,-0.0031706401660955923
2020-08-12,65.59438554314984,66.48761538395486,64.89138302973535,66.01618957519531,732600,0.013877043807042607
2020-08-13,65.6109223544547,66.11543138960108,65.07333003552922,65.28836822509766,476900,-0.011086116377055347
2020-08-14,65.62747022645598,66.30566186593447,64.98236187548767,65.85904693603516,473400,0.00870291362127318
2020-08-17,65.95828724130473,65.95828724130473,64.4943882193672,64.83348083496094,546700,-0.015694656307046268
2020-08-18,64.68461311638666,65.28009963920589,64.10567139141882,65.04852294921875,462900,0.003311348831827398
2020-08-19,65.28836324187284,66.11542634324952,64.75077096397985,64.99888610839844,363300,-0.0007633653540720203
2020-08-20,64.54400843840862,64.67633526009634,63.23724715804062,64.05603790283203,500000,-0.014611840470771978
2020-08-21,63.96507380989323,64.44477204741577,63.129744404198696,63.535003662109375,591100,-0.008167299688418228
2020-08-24,63.799645945213236,66.41316832560373,63.29513695798584,66.11542510986328,517000,0.03981108704737387
2020-08-25,66.70263338878551,66.70263338878551,65.21391743852517,65.65225982666016,452800,-0.007030057346147605
2020-08-26,65.99963642827781,66.16504652058305,64.87483013262865,65.71015930175781,483100,0.0008815227251630246
2020-08-27,65.72671700066014,67.8853525719836,65.67709522522479,66.72746276855469,658300,0.015363058620070954
2020-08-28,66.9921037559921,67.28984694415126,65.75150924199225,66.9424819946289,689100,0.0032171691536551743
2020-08-31,66.65301739853535,66.66128979697793,64.92445841351896,65.28836822509766,750400,-0.02501988083290748
2020-09-01,64.98235128624613,67.76128396833764,64.5109255442837,67.7364730834961,711100,0.036810888378103326
2020-09-02,68.58834901886993,68.76203152756945,66.90941179145015,68.28233337402344,646000,0.008026290410297458
2020-09-03,68.35677080232078,68.8612798300432,65.55302722071119,66.17332458496094,755800,-0.03137364110412202
2020-09-04,66.75226686471504,66.99211593823605,64.67633656699194,65.38761138916016,613400,-0.011944617628183798
2020-09-08,64.08084738528885,65.4951244324422,63.8161874637746,64.5853500366211,869900,-0.012345206767741557
2020-09-09,64.92446388586262,65.75152712007744,63.49364171427465,64.81694793701172,1463900,0.003579505948553901
2020-09-10,65.37933863363808,66.16504603126313,64.6763299715635,64.98234558105469,1098500,0.002548515158758418
2020-09-11,65.5778429006155,65.5778429006155,64.56055237246738,65.04852294921875,782200,0.001017871750388534
2020-09-14,65.11467575779166,66.52068039838815,63.766558967465045,63.832725524902344,1099800,-0.01886750020484044
2020-09-15,64.03949533355446,64.87483082154473,63.18762136015425,64.02295684814453,1169500,0.0029757216900335995
2020-09-16,63.50190955943994,66.1733263907722,63.394393618299425,64.93273162841797,1105500,0.014110116200391981
2020-09-17,63.86582427066419,66.65302334532038,63.76657441047188,66.50415802001953,1257000,0.023912636329348806
2020-09-18,66.40489602034852,67.79436225907386,65.75978782201008,66.09061431884766,1765700,-0.006237727698700263
2020-09-21,64.85829687987872,64.94927433983453,62.52597882735795,62.91469955444336,1066900,-0.049246911012823684
2020-09-22,62.95604595157586,64.155284932256,62.23649877717333,62.40190887451172,716800,-0.008183967767235603
2020-09-23,64.44476024812332,65.95828735319643,63.501908745616724,63.58461380004883,987500,0.018775653850321698
2020-09-24,63.89889625195552,64.0560339486351,62.2530361557534,62.98912811279297,702500,-0.009409377834025649
2020-09-25,62.898142116934956,63.87407668517502,62.36054991824522,63.65903854370117,693700,0.010579176889123005
2020-09-28,64.51093133798422,65.04852369446576,63.923717207363104,64.71769714355469,482400,0.01649337153029234
2020-09-29,65.48687948717631,67.73649291807591,65.2056746533174,67.19062805175781,941600,0.03749908400676672
2020-09-30,69.4981081862936,70.97855182651813,68.0590202232224,68.41465759277344,1427800,0.01805331967554572
2020-10-01,68.63797220073238,69.97781683679966,68.1334631512868,68.60488891601562,765300,0.0027767052265795125
2020-10-02,67.29814465152694,69.58083487260188,66.36355906109395,68.62144470214844,812400,0.0002412916788872654
2020-10-05,68.81164241724407,69.95299345105742,68.51389921798756,68.72066497802734,808700,0.0014448633907143524
2020-10-06,69.40714010571614,70.29209745023643,68.46428859136708,68.6875991821289,815900,-0.00048127813474373404
2020-10-07,69.71315747689171,70.44097081703201,69.19210993554039,70.24247741699219,521300,0.022384543323280295
2020-10-08,70.55676290498184,72.78156503724968,70.31691380845552,72.74848175048828,742000,0.03505481697681879
2020-10-09,72.90561601181805,74.43568153696867,72.87253272949161,73.74095153808594,836100,0.013550260259030533
2020-10-12,73.97255519605292,74.15451016024606,71.99587410321504,72.56654357910156,708600,-0.01605431331260869
2020-10-13,72.64095144207256,72.64095144207256,71.309379385599,71.86351013183594,644200,-0.009735356067787823
2020-10-14,72.26877783840685,72.89734761714766,70.9206671370201,71.00337219238281,607000,-0.012041255722575481
2020-10-15,70.31690426820445,71.98757531803193,70.2176607313769,71.79734802246094,492100,0.011120168170925007
2020-10-16,71.85522776989423,72.6574798515488,71.25974773844996,72.45071411132812,636100,0.009058985575478603
2020-10-19,73.20336425196852,73.50937359194388,71.22668374513572,71.58232116699219,711900,-0.012058392923685502
2020-10-20,72.15298588847999,72.85598828887274,71.38381692311144,71.67329406738281,548200,0.0012700781392869555
2020-10-21,71.54097103462315,72.59961098368709,71.31766673380166,71.91314697265625,669400,0.0033408882709249923
2020-10-22,72.17779827359277,74.36125079325654,71.59058419470264,74.28681182861328,1165900,0.03247433821323845
2020-10-23,76.04844992381202,76.87551302819276,75.26274249864662,76.08980560302734,1972000,0.02398085832875622
2020-10-26,71.97103848133773,72.69885815184917,68.02594970637352,68.9770736694336,3951200,-0.09814011163130873
2020-10-27,69.5477363618407,71.45825650460712,68.37330821831604,70.38307189941406,2330000,0.020178594551180134
2020-10-28,69.18383168917435,69.92818976389768,67.5875996050419,69.50638580322266,1717000,-0.012534147864985681
2020-10-29,68.98532783931793,70.19283906177822,67.98457605680935,69.36577606201172,1015900,-0.002025024848357313
2020-10-30,68.9572045491598,69.57423855209396,68.11504734998842,68.97388458251953,1198400,-0.005665656919565278
2020-11-02,69.64929555661548,70.12457483103387,68.38188627868988,68.70707702636719,839700,-0.0038757412356659284
2020-11-03,69.75768303670017,71.15016687415809,68.65702981534874,70.63319396972656,755200,0.027647996139981316
2020-11-04,70.12456926860902,70.57483481311628,68.56532307947234,68.69039154052734,839300,-0.02789087522786998
2020-11-05,70.00784556010056,70.44977115672577,69.22404915155276,70.12458038330078,818800,0.020664051666980265
2020-11-06,70.44141766557323,71.25856119789992,69.3574444849794,70.32467651367188,588900,0.0028493745025432917
2020-11-09,73.44318953444078,73.985176186012,70.92503851756638,71.20854187011719,1742700,0.012490026819357857
2020-11-10,71.4753519490602,72.72608720800575,70.66654213042443,71.41698455810547,947800,0.0029229387138760394
2020-11-11,71.98398704476945,72.90119165766122,71.41698678854328,72.15074920654297,981900,0.010221949157149631
2020-11-12,72.02568812745314,72.02568812745314,69.49086334381053,70.2246322631836,700700,-0.02705853275375877
2020-11-13,70.73324835855992,73.9351275145326,70.72490834240013,73.14299774169922,1152500,0.040717261806863865
2020-11-16,74.92738709922158,75.82791808869032,73.19303253318598,75.78622436523438,891800,0.03550014129368013
2020-11-17,75.44436057908851,77.1036677278027,74.43542844560933,76.62004852294922,641800,0.010942233039997546
2020-11-18,76.66174573179909,78.62956998580609,75.8696094751001,76.77848052978516,1032200,0.002065626888961997
2020-11-19,76.43660374606226,77.17870620095071,75.24423580816807,76.50331115722656,628300,-0.0035903764579759824
2020-11-20,76.2698333064963,77.87911284725054,75.66113937839448,77.562255859375,832900,0.01374689229989255
2020-11-23,77.72903739701403,78.16262287208322,76.6117104594327,77.22874450683594,679300,-0.004309189395172118
2020-11-24,77.9124931473749,78.37943241114303,76.55335636501069,76.795166015625,1144700,-0.0056300302337440895
2020-11-25,76.33654601569893,76.99526100017442,75.7945594538582,76.82849884033203,587300,0.00043395430334743833
2020-11-27,76.62004752849289,77.71235437220118,76.2865168273515,76.97859191894531,227900,0.001951706199192147
2020-11-30,76.72011275641432,77.75405225991805,75.61946583679568,77.57061004638672,1223400,0.007661262764429404
2020-12-01,78.66293388810193,80.98930304312938,78.21267463628952,80.20551300048828,1914000,0.03340363422965575
2020-12-02,79.02146133556697,79.18822987580636,76.12809873006856,78.32105255126953,1192100,-0.023775815920228843
2020-12-03,78.29603200298017,79.39667882588141,77.01194298266725,77.26209259033203,907300,-0.013612995331001475
2020-12-04,77.46220064237545,78.13759560871617,75.8112273938482,75.9363021850586,1477800,-0.01730858219741543
2020-12-07,75.60278205318544,75.86960534284519,74.5438289115396,74.68557739257812,1079300,-0.016607859945320266
2020-12-08,74.22698092509461,75.96967571798562,74.07689240877657,74.81066131591797,702000,0.0016734060148897215
2020-12-09,75.91964206777854,76.32821385453852,73.73502192422913,74.01018524169922,1366700,-0.0107576836511145
2020-12-10,73.52657720720453,74.44378204339598,73.12633901531122,73.94348907470703,783700,-0.000901581820366115
2020-12-11,73.52656156804905,74.62720840968443,72.97623496644691,74.21029663085938,889400,0.00360176884197779
2020-12-14,75.1858687474397,76.14476711208295,74.61886847316472,75.1358413696289,682700,0.012394784364294547
2020-12-15,75.77787891325673,77.34547119617505,74.3270277753283,76.92021942138672,1001300,0.0234710797885203
2020-12-16,76.87852248958458,79.68016989780453,76.71176033782532,79.01311492919922,1485500,0.02684507714196791
2020-12-17,79.01311683907433,80.10542359110737,77.5705993813724,77.72068786621094,934500,-0.01649237541168703
2020-12-18,78.17096565967223,78.62957120283676,76.71177430069169,78.22099304199219,1873700,0.0064165897076309784
2020-12-21,77.25376090106234,79.04648298505253,76.1531139595192,78.04589080810547,1095500,-0.0022410673695977715
2020-12-22,78.12092330617858,78.57952239988724,76.92021546804867,77.02861022949219,583300,-0.013120083113146028
2020-12-23,77.53726648669777,77.92082463720602,76.57836792964207,77.33715057373047,671600,0.003997528383387712
2020-12-24,77.7290216829031,77.82907642376958,76.72009608923577,77.670654296875,201000,0.004303063810612223
2020-12-28,77.97084878383706,78.5044953937401,77.40384846561889,77.82909393310547,476100,0.002037812830735185
2020-12-29,78.19598037616463,78.2126604115363,76.88687750854803,77.8624496459961,459600,0.0004284845873343164
2020-12-30,77.8040922537119,79.0798415762615,77.55394894508534,78.37943267822266,507400,0.006617750775799052
2020-12-31,78.17096707101479,78.53785151217035,77.378837149323,77.99586486816406,559200,-0.004905743878122104
2021-01-04,78.1626260789435,78.1626260789435,75.36931816274009,76.67842102050781,990000,-0.017035484611623637
2021-01-05,76.88687639885683,78.60455104631505,76.7117741993987,77.69568634033203,537700,0.013179412815108356
2021-01-06,77.54559893574425,79.61348437312137,77.54559893574425,78.78799438476562,693700,0.01396089075623233
2021-01-07,79.57179361610888,79.70520209618715,78.58788142444875,79.03814697265625,646900,0.003169979259661542
2021-01-08,79.43004700614944,81.32282399564302,79.22159108229654,81.09769439697266,908900,0.02572392258711217
2021-01-11,80.46397661379815,81.65634460461047,80.15545959464771,80.75581359863281,575500,-0.0042245770392897435
2021-01-12,80.88088939094696,83.07384317395926,80.48899128017068,82.64859771728516,843600,0.023167903064317576
2021-01-13,82.31507064405153,83.04883315606496,81.90649884225981,82.75699615478516,640800,0.0013106987554756663
2021-01-14,82.9987884532781,84.41628579887397,82.54018300299039,82.72362518310547,1058800,-0.00040332181330064953
2021-01-15,82.06491903097293,82.1816538286729,80.19715590620382,81.04765319824219,1018100,-0.020467941772526307
2021-01-19,81.36452038962071,81.4479014895785,79.01313774601813,80.28888702392578,769200,-0.009406074625562234
2021-01-20,79.97202313189096,80.605724476486,78.4794781505877,78.99644470214844,664900,-0.01622837046511229
2021-01-21,79.12152903602271,81.67302747884857,78.6379097714857,80.88089752197266,706500,0.023574823924715656
2021-01-22,80.69744001381092,81.51458987025832,79.61347324446197,81.28112030029297,437900,0.004936095348528282
2021-01-25,81.27278944486471,82.0899330318521,79.48006738545656,79.90531921386719,638000,-0.01707134301089574
2021-01-26,80.75579421808044,80.75579421808044,77.60394281513943,79.37165069580078,1081400,-0.006701163582230764
2021-01-27,78.57953682235974,79.4967415396889,76.09474597653296,77.78740692138672,1162600,-0.02016170704500146
2021-01-28,78.27934434048022,79.73020174502449,77.84575893923005,79.32996368408203,1059900,0.01963635621173592
2021-01-29,78.59621639963756,79.48006740335295,77.56227052791344,78.22933197021484,726700,-0.013971243174795969
2021-02-01,78.74167435050292,79.40520496199149,77.90176315743088,79.25402069091797,418800,0.013013479384604393
2021-02-02,79.75796546723159,81.03463405865755,78.99364962000813,80.20311737060547,757000,0.011904238334016997
2021-02-03,80.3543170512029,81.42100805066853,79.48080848112589,81.05144500732422,645200,0.010521692539323993
2021-02-04,81.00105100525427,82.18532265261898,80.63148796816871,81.36221313476562,633900,0.0038268765110335795
2021-02-05,81.79055570082642,82.6976613941034,80.65667678823735,81.7065658569336,1244400,0.00422341095768819
2021-02-08,83.66357399812453,83.72236753905304,77.6162145585651,78.23774719238281,2631700,-0.043382132324141176
2021-02-09,78.06976551883334,78.36373964824445,76.08757401454481,76.21356201171875,1355500,-0.026212805746026604
2021-02-10,76.29752868897889,78.52329460264669,75.38202857654215,77.5154037475586,1447600,0.016937248629950826
2021-02-11,77.3558311905304,77.78418775742153,75.72640758928407,76.1379623413086,1068700,-0.017929686046461765
2021-02-12,76.05396529876886,76.88547563161718,75.80198936371703,76.8350830078125,717300,0.00911435724916942
2021-02-16,76.93586411550581,77.77577530979738,75.07126023889627,75.1132583618164,894900,-0.02266425988981785
2021-02-17,75.28964284085731,76.59990232121042,74.88648903521677,76.33113098144531,750700,0.016083776743006446
2021-02-18,75.63400049860428,77.17103301021068,75.63400049860428,76.79307556152344,509100,0.0060336114310117345
2021-02-19,77.46502317390339,77.64140378057232,75.55842090597855,75.5920181274414,705000,-0.015763776842819106
2021-02-22,75.29804582110249,77.24663969006512,75.05447078648037,77.07025909423828,808400,0.019366764301659626
2021-02-23,77.01985470249048,77.47340752078122,76.0539619460712,76.75108337402344,850300,-0.004149959598165652
2021-02-24,76.52431819588342,77.54901099565325,75.89438472796078,76.35633850097656,889800,-0.005156454767105469
2021-02-25,76.56630249038345,78.99364516892284,74.91167652163224,77.13743591308594,1880900,0.010177665609819583
2021-02-26,77.49858729424128,79.85034072250046,77.27181413749372,78.70806121826172,2478700,0.020156867056018036
2021-03-01,79.06924032165158,80.78265994871775,78.58209028485538,79.84195709228516,1000100,0.014303564492830566
2021-03-02,80.1527204088668,80.55588057590631,78.41410460403496,80.0351333618164,753500,0.0024165609092740804
2021-03-03,80.21152174726012,80.29551158790575,78.01095203746593,78.1369400024414,617500,-0.024002776880783717
2021-03-04,78.15375941975662,78.59891144266298,75.86079844635142,77.47342681884766,1017100,-0.008527930604397962
2021-03-05,78.07814198257033,79.87555138266889,76.87706874717608,79.61518096923828,802200,0.02726979255456706
2021-03-08,79.48918489560292,82.52126443744685,79.1112274690183,81.71495056152344,715800,0.026032188173445717
2021-03-09,82.10972309999309,83.10921309968181,80.26191456131548,80.48029327392578,1167100,-0.015224628129301762
2021-03-10,81.04303391386055,81.563781190577,79.91755592587839,81.26981353759766,661400,0.009762300000867766
2021-03-11,81.11862590690816,82.00052882941635,79.35481365387783,79.6907730102539,927800,-0.0196208428262484
2021-03-12,79.89236301636345,80.11073533472572,78.97685639179333,79.69918060302734,763600,0.00010549714822854597
2021-03-15,79.9763575254699,82.04253861946191,79.78317510087042,81.81576538085938,717500,0.02621065112850391
2021-03-16,82.17692109951881,82.31130998759059,80.91705410991283,81.81576538085938,690600,0.0
2021-03-17,81.21101329277472,81.80734945609117,77.91016212961907,79.76636505126953,1135500,-0.025368030837811556
2021-03-18,79.71597637272593,81.84934521659503,79.51439306765617,80.2367172241211,713000,0.005879305836120693
2021-03-19,79.95954721901101,80.93384733001929,79.18683041870291,80.57268524169922,2762400,0.004178468438393888
2021-03-22,81.16061646104772,82.34489432177263,80.38789969961788,81.34539794921875,811600,0.009544561773134268
2021-03-23,81.10182838588568,81.74016273120365,80.74066629145747,81.26141357421875,737000,-0.0010329749618854297
2021-03-24,81.42099730562829,82.47928084970191,80.31231472992201,80.32070922851562,770300,-0.01164380016307252
2021-03-25,79.48081418340514,83.04204316491204,79.4388224578402,82.60528564453125,756100,0.0280461833927596
2021-03-26,82.72284604263312,83.5627571791635,82.10971450145347,82.73124694824219,628900,0.001523696258842276
2021-03-29,82.31130002153219,82.8572435991962,81.42939067238156,82.22731018066406,608500,-0.006109878069220304
2021-03-30,82.1601241513244,82.64727424942413,81.05984238493947,81.37060546875,973300,-0.010473391908843284
2021-03-31,81.47138885852847,81.6897675713623,80.30391276793914,80.73226928710938,1411500,-0.007875733013547133
2021-04-01,80.84145574939141,81.74016050763551,79.79156671368503,80.17792510986328,878700,-0.006890133622634393
2021-04-05,80.37949870356934,81.00943209907697,79.69077178080154,80.2535171508789,811800,0.0009423594969226474
2021-04-06,80.19472484610755,81.09342958107774,79.83356277085704,80.43829345703125,750700,0.0022997611003565386
2021-04-07,80.68187757346527,81.89135189821906,80.58948681765688,81.6309814453125,603300,0.014718514911445903
2021-04-08,81.87455994391489,82.01734333327019,79.74118437913913,80.80786895751953,1743600,-0.010134515613565806
2021-04-09,80.90865543440613,81.32861107593256,79.56479866312445,79.99314880371094,718000,-0.010133357820292642
2021-04-12,79.61519534798278,81.69817184764692,79.25403322153898,81.56378936767578,737700,0.01944441467842379
2021-04-13,81.16061230863963,84.38587446439783,80.35429837170346,83.01681518554688,1723200,0.017657774143057338
2021-04-14,82.52967662820595,84.23469534557529,81.79895157447027,83.98271942138672,1069300,0.011567876631403297
2021-04-15,84.25991170936074,84.29350893444926,83.01684001314725,83.15962982177734,845300,-0.009849044923516922
2021-04-16,83.57116130906708,83.69714926601011,82.2860982458782,82.31129455566406,1016600,-0.010253676916034524
2021-04-19,82.31130887043784,82.87404791356728,81.37060589074751,82.31970977783203,644700,0.00010223131674823306
2021-04-20,82.45408142473931,82.52967676532705,80.75746361082776,81.24461364746094,771300,-0.01314604054041994
2021-04-21,81.26140008328372,82.68924641043068,81.11021582680824,82.05091857910156,616300,0.009875487388540521
2021-04-22,82.02574288111938,83.11762375622502,81.59738631213953,82.71446990966797,673400,0.008054542571219911
2021-04-23,83.46197784256233,84.41947609323684,81.27820360683492,81.59737396240234,891200,-0.013597475783469556
2021-04-26,81.64775960261557,81.96692352288022,80.28710127472516,81.48817443847656,987300,-0.0013391688143572545
2021-04-27,81.2614286741586,83.86515275575852,80.40472185805088,82.60528564453125,1256700,0.013615758528941202
2021-04-28,82.82364088135571,82.82364088135571,81.27820099834757,82.31129455566406,703900,-0.0035653346672029273
2021-04-29,82.99161728906228,83.57955892900988,82.32808672272888,83.22679138183594,756700,0.011060973127111583
2021-04-30,83.08303185245258,84.12326404203841,82.99000269516064,84.1063461303711,1035600,0.01051271567712523
2021-05-03,84.32621891066849,84.97742289660657,83.2690754485666,84.03022003173828,837200,-0.0009055270435490352
2021-05-04,84.09789310423483,84.18246330516757,82.7278326208705,83.04920196533203,669500,-0.011743269500754057
2021-05-05,82.97308697561989,84.36005885565989,82.91388719240938,84.0471420288086,534400,0.011944629123728113
2021-05-06,84.39388198223155,84.67296941913342,83.47204948066562,84.08942413330078,637000,0.0005029495528382352
2021-05-07,84.3600582465597,84.92668566066813,83.81880124617369,83.85263061523438,583400,-0.002819944954679501
2021-05-10,84.36850454620759,85.50175920443066,83.7765003548879,84.05558776855469,700000,0.0024174784786288143
2021-05-11,83.92874060484502,84.59685611617245,82.73628601162714,83.05765533447266,682900,-0.011943329898624563
2021-05-12,83.02383835075062,83.48052521594589,79.98772465821617,80.13995361328125,705800,-0.0357604828413327
2021-05-13,80.30062528159135,82.11891356419721,80.30062528159135,81.45079803466797,550400,0.01622460646063815
2021-05-14,81.23936845081859,82.0850833218945,80.6981114495134,81.44234466552734,728600,-0.00010379036229626675
2021-05-17,81.49309340501297,81.55229319364415,80.23297993141057,81.25629425048828,708000,-0.002287056577428397
2021-05-18,81.20554955909724,81.59458412800394,80.27526437134388,80.32601165771484,641800,-0.011514786429033967
2021-05-19,79.81012707123608,80.06383770049078,78.44006644500445,79.36189270019531,745600,-0.0120751872376095
2021-05-20,79.10818719965134,80.34293040849613,78.82064072510182,80.17378997802734,568200,0.010178340963937068
2021-05-21,80.05537722782323,80.49514614613508,79.44646145455083,79.54794311523438,600800,-0.007836755257876091
2021-05-24,79.87777487892409,79.87777487892409,79.21811824672056,79.59869384765625,437500,0.0006377858195525665
2021-05-25,79.86085703730437,80.24142615553642,79.40417022405039,79.5310287475586,489500,-0.000850439541681336
2021-05-26,79.75091460852083,80.34291243501981,79.53102693626732,80.19914245605469,433000,0.008365578022420578
2021-05-27,80.32601161567631,81.34086701045916,80.13995328776436,81.12097930908203,1160500,0.011428789873213312
2021-05-28,81.55228950014472,81.55228950014472,80.51205731583129,81.16326141357422,425100,0.0005210870169604796
2021-06-01,81.61149065722054,81.83137834542605,80.85034593058064,81.43389129638672,523300,0.0033288422116916935
2021-06-02,81.52692297519454,81.74681067019792,80.30063241872672,80.73194885253906,668500,-0.008657147857912658
2021-06-03,80.75731531839908,80.97720300264614,79.62406043091949,80.8249740600586,768600,0.0011516091805080174
2021-06-04,80.88418574326383,81.04487366526773,79.61561318586973,80.5458984375,549200,-0.0034588138052862377
2021-06-07,80.8672669541925,80.89263737067459,79.8946934578557,80.1314926147461,399200,-0.005158245835312676
2021-06-08,80.47823449313876,81.865206439014,79.84394830622169,81.50154876708984,429300,0.0169530803121648
2021-06-09,81.82291961649258,81.86520794398156,80.62200596240288,80.68120574951172,317400,-0.010116365531319541
2021-06-10,80.87570447531265,81.60301972375991,80.52050580578033,81.37467956542969,429000,0.008558504956850779
2021-06-11,81.44234648712315,82.57560134261166,81.23937026787448,82.43183135986328,644000,0.012907502461664791
2021-06-14,82.22887505551847,82.56715590506488,80.2921868660853,80.76578521728516,727500,-0.0204182396650917
2021-06-15,80.66427818286124,80.71502546023262,79.86085167507602,80.44439697265625,573600,-0.003987200635128614
2021-06-16,80.40212240666423,80.40212240666423,79.17583827396108,79.49720764160156,642100,-0.011844327891996752
2021-06-17,79.48872870326178,79.61558720806723,76.79935550101125,77.67044067382812,923300,-0.023247140954506272
2021-06-18,77.00235339913912,77.80578006893359,76.57949589876449,76.98543548583984,1126400,-0.008858501655798748
2021-06-21,77.1799260292728,78.44849809078877,76.7908980380162,77.94107055664062,677100,0.012336781039144536
2021-06-22,77.89879694739804,78.80371159736627,77.00234125274513,78.54154205322266,595900,0.007674647475386721
2021-06-23,78.64302624996093,78.94748412823033,78.23708671379678,78.4062271118164,671700,-0.0017243312938309092
2021-06-24,78.60074117767847,79.31113856319999,78.54999389850384,78.8037109375,568800,0.005056737221662249
2021-06-25,78.93059304439397,79.24350350673387,78.48236506687358,79.10819244384766,688500,0.0038563512587427855
2021-06-28,79.49719429649582,79.97925149318075,78.96439627456787,79.16736602783203,815200,0.0007477286741268548
2021-06-29,79.47183722472116,80.02155324887173,79.09972057102665,79.49720764160156,906000,0.004157728235072847
2021-06-30,79.67479639981387,80.00462467991426,79.2181095999151,79.93696594238281,826800,0.005516501338632836
2021-07-01,80.25833725654913,81.0025639711335,80.21604893487043,80.63044738769531,568600,0.008637938955060192
2021-07-02,80.89261987702086,81.89901607616412,80.79113178074695,81.73833465576172,686600,0.013646766920944266
2021-07-06,81.57767662968806,81.77219393897437,79.9792756292482,80.86727905273438,498100,-0.010713823652565738
2021-07-07,80.97720715439327,82.12738001240413,80.79114883143666,81.97515106201172,498600,0.013606884910008945
2021-07-08,81.34930928436596,82.22885345721068,80.67273485839559,81.9413070678711,591100,-0.00041294199505865814
2021-07-09,82.56714616342347,83.09149174202555,82.22040639786023,82.86315155029297,431000,0.01118724705079546
2021-07-12,82.53331512280282,83.09994901729573,82.22040473499007,83.00691986083984,341800,0.0017335055724790644
2021-07-13,83.01537834844552,83.1506893783411,82.27114510099548,82.51640319824219,480500,-0.0059268759161113386
2021-07-14,82.58406167229026,83.23525930941062,82.28806274632646,82.70246124267578,624800,0.002252262460638087
2021-07-15,82.65173535292851,82.75321703029225,79.92853183724195,80.17378997802734,1006200,-0.031052709478244685
2021-07-16,79.97925660530068,80.21605574129329,79.16737108805779,79.5310287475586,678100,-0.008049408980004941
2021-07-19,78.6853195557994,79.03205932937342,76.80783133840474,77.63663482666016,796800,-0.024107830157442563
2021-07-20,77.9410951848667,79.82703596563326,77.72966644113903,79.49720764160156,654000,0.023682482970868994
2021-07-21,79.81011658073999,80.58817273185366,79.36188226861655,79.68325805664062,421900,0.0023376046670555077
2021-07-22,79.66633955554099,79.66633955554099,78.53308470717585,78.85445404052734,393900,-0.01045570237716553
2021-07-23,79.22656660632892,79.22656660632892,77.53513692340326,78.15251159667969,1105300,-0.008941604823944965
2021-07-26,82.96463203078191,88.7070370889635,81.9328588001285,87.7175521850586,3870500,0.11545982378888917
2021-07-27,86.95641724265656,87.4976743339471,84.85904117468559,85.73013305664062,1496100,-0.022917643560853344
2021-07-28,85.755491471814,86.84646445845546,84.36006060739851,84.47000122070312,1437600,-0.014807918541666258
2021-07-29,85.0027958999156,85.21422459878455,84.03022259466005,84.98587799072266,970400,0.006088645210981696
2021-07-30,85.03698793456299,86.42489274041338,84.4494668804826,84.67085266113281,1622600,-0.003713683393920137
2021-08-02,85.20728147075535,86.51003991019805,84.69639669987127,84.84966278076172,637500,0.002109599365925025
2021-08-03,85.19023957260863,85.88845015052739,84.01519766364088,85.47122192382812,899200,0.007298716225104439
2021-08-04,85.43716866762931,86.00766299182966,84.42391581554548,84.77301788330078,553900,-0.008202426771089972
2021-08-05,84.81560268470166,84.91778223708404,83.79383314588702,84.35580444335938,507900,-0.004933686411261495
2021-08-06,84.48352223979785,85.10509661516316,83.17224729527472,83.43620300292969,573500,-0.01096131647689136
2021-08-09,83.68313282073936,84.26213726277193,83.37660067517788,83.6150131225586,369700,0.002140782833743774
2021-08-10,83.50432607072274,84.32174298544544,83.26591361596013,84.02372741699219,339300,0.004876141432974195
2021-08-11,83.88748796585476,84.34728619815645,83.2148270387166,84.04927062988281,471000,0.000303953798457976
2021-08-12,84.27917465126181,84.59421690266598,83.79383314588702,84.35580444335938,678500,0.003640438411715336
2021-08-13,84.57718310208416,85.37756679145272,84.33025407681298,85.36905670166016,528200,0.011940081015126697
2021-08-16,85.01994962019542,85.80330664743337,84.70490738981267,85.13064575195312,548100,-0.0027966160839187682
2021-08-17,84.63678261826452,84.63678261826452,81.95462979834124,82.85719299316406,542100,-0.02706852577279476
2021-08-18,82.55065723879105,82.77204298303995,81.65661066898987,81.69918060302734,464200,-0.014074587097927261
2021-08-19,82.0397752555991,82.82313222717298,80.28573540702031,80.70295715332031,636000,-0.012268754089017172
2021-08-20,80.97543879996991,82.065328016374,80.8136626325754,81.60552978515625,463100,0.011121808261002328
2021-08-23,81.80137362546577,83.08710537641211,81.80137362546577,82.74651336669922,444700,0.01388485217915073
2021-08-24,82.54215575070634,83.82788092738248,82.50809590217658,83.15522003173828,405200,0.004927103333906417
2021-08-25,83.45321603070438,84.15993660927452,83.18074380256581,83.81935119628906,405700,0.007954919864613812
2021-08-26,83.73421865901874,84.1684736110421,83.20630724308045,83.38511657714844,383000,-0.005194066895058702
2021-08-27,83.15522753245043,84.18551368246435,83.02750471300602,83.82788848876953,365900,0.005295915186791819
2021-08-30,84.28767158819146,84.73895317234702,83.60649416736749,83.72570037841797,322900,-0.0012197664486010434
2021-08-31,83.92154074297197,84.07480680748843,83.2233301148974,83.70867156982422,639900,-0.00020340875597185668
2021-09-01,83.90451658621264,84.95182931163814,83.49580490314905,84.16847229003906,390100,0.005477837654383905
2021-09-02,84.3643081401508,84.67084025421079,83.81936360321109,84.24510192871094,246000,0.0009100174296001152
2021-09-03,84.37281222127463,84.64529096659291,83.79381437622582,84.60271453857422,249300,0.0042359226440321935
2021-09-07,84.96887360026031,85.95658334448595,84.7134279528945,85.32649230957031,657400,0.00851863150879896
2021-09-08,85.33499213157087,85.70112735619476,83.35104994939373,83.53837585449219,435300,-0.02117886700164062
2021-09-09,83.62353978709329,84.29620727113043,83.18928477917004,83.47879028320312,523600,-0.0007135263421720165
2021-09-10,83.75123637035227,84.31320753135671,83.24035172500714,83.46173095703125,361300,-0.0002043760987987789
2021-09-13,83.6831172778413,83.989649366469,82.71243449593723,83.07005310058594,406800,-0.0047039498302085345
2021-09-14,83.28294315932,83.28294315932,82.3378033980871,83.00196075439453,433600,-0.0008200340132759642
2021-09-15,82.78909311029832,84.11739485534856,82.38889797012229,83.95561218261719,499400,0.011424001714977514
2021-09-16,83.63204119471105,84.37282175442954,83.24887278800175,84.0748062133789,500100,0.001418719918595751
2021-09-17,83.59798632495988,84.01520810727133,82.19304840921497,83.04452514648438,1381100,-0.012330041190007043
2021-09-20,82.33779958358583,82.83165766042792,80.76256888659158,81.40117645263672,830600,-0.01998718586890507
2021-09-21,81.90354168978511,83.04451729160442,79.04257960346781,79.06812286376953,785400,-0.029079930020619024
2021-09-22,79.06813379748425,80.45603860122831,77.85052175013436,80.30277252197266,859700,0.015494351786367846
2021-09-23,80.83068998289863,81.75879654338844,80.53267441284468,80.59227752685547,476000,0.0035986851954978817
2021-09-24,80.27721495148107,81.21383793723265,79.97919943277617,80.40493774414062,417900,-0.002327243573165788
2021-09-27,80.26871194430466,81.33305790275718,80.0217893986456,80.09841918945312,411200,-0.0038194706101717414
2021-09-28,80.02177950130309,80.28573518755175,78.10595701304342,78.77861785888672,696700,-0.01661450534291788
2021-09-29,79.08516682770943,79.39169901084516,78.44655919555213,78.54022216796875,423000,-0.003030735204459269
2021-09-30,78.88930733305621,78.89782391790324,75.6281504354835,75.96874237060547,1430100,-0.03328890678135461
2021-10-01,76.0198377644778,76.33488647809963,73.7634232390819,75.8580551147461,889600,-0.0014580729792437494
2021-10-04,76.24123154306467,76.24123154306467,73.26957940440235,73.78046417236328,1008900,-0.027769914656965256
2021-10-05,74.06145782552737,74.69154886327597,73.29512737623706,74.1806640625,970600,0.0054095406115868515
2021-10-06,73.71235016982945,74.94698899587536,73.48245428016158,74.85333251953125,597600,0.009027108449857178
2021-10-07,75.7133194478325,76.84578521002832,75.37272741080898,76.04539489746094,766600,0.0157998307417398
2021-10-08,76.38597502679202,77.28002817257463,76.38597502679202,76.63290405273438,695700,0.007696078082331595
2021-10-11,74.92995700602708,76.30935173501614,74.76817433823605,75.38975524902344,883000,-0.01635514758403033
2021-10-12,75.67925498032541,76.16459649221042,74.07848094904293,74.9725341796875,647500,-0.0055495582263934895
2021-10-13,74.50422227551512,75.54302504264272,73.99333747916211,75.14282989501953,783800,0.0022688655413126892
2021-10-14,75.92617496329375,78.36139881880241,75.73884905190822,77.78239440917969,1066800,0.03452441156657762
2021-10-15,78.36140163058248,79.31505789719556,78.03784281510305,78.73605346679688,978500,0.012186050552466852
2021-10-18,78.48912532021924,79.45980827381939,78.08041363100513,78.86377716064453,881900,0.0016208611557770045
2021-10-19,79.17880430880541,80.00473761988982,78.40396400929626,79.43424987792969,657900,0.007207609565445312
2021-10-20,79.40019964505125,79.40019964505125,77.33111107273497,77.50140380859375,710500,-0.024633584054263878
2021-10-21,77.33111772041168,78.83822870069835,77.26299802171177,78.7275390625,1061900,0.015696968914786964
2021-10-22,79.7237572113056,79.928116286684,75.57707004125201,76.20716094970703,1403500,-0.03253758477421277
2021-10-25,76.23271770611679,76.28380423587994,74.94698590497319,75.35569763183594,1532000,-0.01123589622940309
2021-10-26,77.92714170213996,80.14949632261455,77.20338783447136,77.79090881347656,2121600,0.03180503329355474
2021-10-27,77.68021807744445,80.94988531374695,77.16081679830505,80.54969024658203,1436500,0.0348496930762891
2021-10-28,80.84773419867244,82.31227559922246,80.05586037145662,82.24415588378906,1312600,0.020818069900919594
2021-10-29,81.60099456958899,82.40705287768627,80.43477558945959,82.1155014038086,1376500,-0.001565524148442158
2021-11-01,82.21840931003662,82.36419160784,81.10364545105843,81.4209213256836,808700,-0.008494551160140165
2021-11-02,81.63530790393351,81.6867631786634,78.95129217166242,80.13465881347656,955000,-0.015923803938166628
2021-11-03,80.06604524327396,81.2579885949495,79.48293574773915,80.22039794921875,773300,0.0010693662631371514
2021-11-04,80.48622832848069,81.49809465463092,80.10892024480478,81.30944061279297,629300,0.013484309457991162
2021-11-05,81.5752727058989,82.48424164079188,81.48094567923727,82.3213119506836,676900,0.012367898092570445
2021-11-08,82.32131274568889,83.5647049566945,81.46379907125463,83.35032653808594,599400,0.01242249825921612
2021-11-09,83.3589070870921,84.01919630846078,83.00732986747445,83.7276382446289,503900,0.0045166021558110045
2021-11-10,83.6847431641622,85.66560388881442,83.19596070842913,83.73619842529297,566400,0.00010223318468913091
2021-11-11,83.68476064441124,84.68805666716791,83.04162535556463,84.2249984741211,490900,0.0058204089727924456
2021-11-12,84.5937250435713,84.5937250435713,83.49610859028071,84.20783996582031,667200,-0.0002037430291986506
2021-11-15,84.67946445867715,85.57127935045831,84.3193103318932,84.97101593017578,613900,0.00902218113685363
2021-11-16,84.97103196181294,86.27445648891612,84.97103196181294,85.25401306152344,662700,0.003324979807570826
2021-11-17,84.90242088477292,86.64317239509302,84.90242088477292,86.36019134521484,658600,0.012891632222471095
2021-11-18,86.50597624394645,86.64318157077261,84.79952588098395,85.6055908203125,539500,-0.008776226977333266
2021-11-19,85.75136967292997,86.26587658250548,85.15111270214358,86.16297912597656,635000,0.00649001458512898
2021-11-22,86.21442895994574,86.78038460504413,85.5798706480747,86.12010192871094,578500,-0.0004977528598676043
2021-11-23,86.07721861135671,86.54027677162775,84.55084534730217,85.3226089477539,604600,-0.009303384541539126
2021-11-24,84.87671147088665,85.39121839798084,84.16497350821258,85.25401306152344,393000,-0.0008042824288601229
2021-11-26,84.25073981949046,85.39123486506435,83.80483547463554,84.67949676513672,606900,-0.006761685625124358
2021-11-29,85.0910819157749,85.71706321325362,83.93343326058095,85.00532531738281,511100,0.0038404018545567203
2021-11-30,84.31932965205671,84.69663125795878,82.6471738934585,83.1016616821289,1543900,-0.022649207484258353
2021-12-01,83.66760974492193,85.33975880897458,82.82724345740434,82.88727569580078,778600,-0.0025831372731699824
2021-12-02,83.09308157043635,84.93673739451503,82.5442733077772,84.61087799072266,826800,0.020581279233765848
2021-12-03,85.02248974512503,85.50269535228686,83.53041764979308,84.35363006591797,748700,-0.0030449959761410786
2021-12-06,84.43938766961479,85.83713285368643,84.31933625710857,84.5680160522461,753800,0.0025382904602303086
2021-12-07,85.38264490904795,86.18870993781384,84.91100972364008,85.845703125,730400,0.014995400848911995
2021-12-08,86.09438501431906,86.76324471745536,85.69992945970819,86.54886627197266,561100,0.008157647295852399
2021-12-09,86.51456161503383,86.82326708806514,85.84570193756956,86.10295867919922,544500,-0.005165408293297074
2021-12-10,86.53170844166354,87.59502357120485,85.96574627351902,86.45452880859375,645100,0.004074823074605802
2021-12-13,86.28302722274883,86.60888005982149,85.5369879798732,86.24872589111328,776900,-0.002383313681665609
2021-12-14,85.95716266268425,86.60029787189114,85.2968800598481,86.09436798095703,1043800,-0.0017912867636571028
2021-12-15,86.04292008247671,87.18341485460749,85.3311886955044,86.95188903808594,811600,0.009910969369947797
2021-12-16,87.37208255683474,88.14384630294738,86.72037022208283,86.814697265625,844100,-0.001579035462281334
2021-12-17,86.16297979508616,86.36878125205247,84.62802948094361,84.76522827148438,1561200,-0.0238905159309232
2021-12-20,83.91629367910971,84.01919768137489,81.54955396549492,82.29559326171875,868900,-0.029567853304129355
2021-12-21,83.0845019680647,83.70191287956595,82.47566802542052,82.76721954345703,918400,0.005714522334444253
2021-12-22,82.99874205030109,83.44464624326166,82.26985679945481,82.85296630859375,752600,0.001035462825463424
2021-12-23,82.85297899566464,84.353628024031,82.53569656014966,83.96774291992188,552300,0.01336516563914638
2021-12-27,84.13068145739544,85.23687507098032,83.54757179773003,85.17684936523438,417800,0.014296963613667026
2021-12-28,85.25401063270348,85.87999851341304,84.36219559806909,84.6623306274414,379400,-0.00605891186981089
2021-12-29,84.88527362946478,85.50268449876334,84.67089521886443,85.33118438720703,350900,0.007869208554661382
2021-12-30,85.54558249925384,87.00335341014194,85.54558249925384,86.62604522705078,434500,0.015060551018473622
2021-12-31,86.514561396596,87.39779950908469,86.47168309232909,87.27774810791016,401700,0.007495016861425661
2022-01-03,87.65504565748377,88.21243083404362,86.52312791011587,87.61216735839844,677200,0.003824344670612155
2022-01-04,87.88657861502476,90.34764532660857,87.74937982294384,89.11282348632812,1533100,0.01698336144395551
2022-01-05,89.43868635732726,90.66493127624668,88.45254424060563,88.59832000732422,947000,-0.005790350637759323
2022-01-06,88.59830565032276,89.00991506046984,87.72364464943594,88.45252990722656,570300,-0.0016468730098601623
2022-01-07,88.45252866234318,88.86413152438773,87.5092650159891,88.13524627685547,595100,-0.003593498696875361
2022-01-10,87.27774188341893,87.75794745386969,86.03434965608311,86.95188903808594,1025900,-0.013517558050210274
2022-01-11,86.85755877751788,87.09766155380963,86.12009651187324,86.82325744628906,1044800,-0.001480437426095046
2022-01-12,87.43209816901008,88.13525915822342,86.66033451199287,88.07523345947266,880800,0.014316846207624764
2022-01-13,88.06664528411386,88.37535070763859,87.30345869326374,87.48353576660156,1062900,-0.006740761921888473
2022-01-14,87.19199016577556,87.2520158609408,84.8424045434801,85.8542709350586,960600,-0.01879927807854907
2022-01-18,85.39120257921846,86.27444050653348,84.57656076511414,85.86283111572266,827400,9.970096826606386e-05
2022-01-19,85.94859556121638,86.35162147903355,84.70519684994028,85.00532531738281,663400,-0.010037130560482862
2022-01-20,85.0739328203025,86.17154930215786,83.85626494463862,84.16497039794922,771300,-0.00993509916409199
2022-01-21,84.30216555254597,84.30216555254597,82.08978528894835,82.2527084350586,1268000,-0.022982487751536485
2022-01-24,81.17224814497848,83.62473125254111,80.27185616343468,83.53041076660156,1278300,0.015414447944473272
2022-01-25,83.11881638131446,83.22172039686178,80.2289923988965,81.96117401123047,1037100,-0.0189651188837714
2022-01-26,80.60628662442842,82.52711545256794,75.94141007092223,76.99615478515625,2393000,-0.062490164714015764
2022-01-27,77.41633256309728,78.282423195852,75.66700390291896,75.8642349243164,1320100,-0.014810122524200862
2022-01-28,75.3497202363882,77.20194615751578,73.72044313443368,77.15049743652344,1346100,0.016812666215175444
2022-01-31,76.7098395933809,80.18330081375993,76.46790828293338,79.90680694580078,2808300,0.03510301601502851
2022-02-01,80.14011038611372,81.8422787450132,79.82041161571749,81.67810821533203,1150600,0.021924970201710563
2022-02-02,81.86818375923666,82.6717450877884,81.1683101025455,82.5421371459961,1183800,0.01052290357602581
2022-02-03,81.91138854429262,83.2938578740927,80.72764567858026,81.03005981445312,939000,-0.018488721586372412
2022-02-04,80.8658877170733,81.74721642949218,79.97592330961,81.1510238647461,1409700,0.0014917161728080952
2022-02-07,81.0819189706667,81.51394114742976,77.77263410668444,80.35612487792969,1707500,-0.009843594064553565
2022-02-08,79.63894996019695,80.01048921881767,77.72941312612008,79.74263763427734,2250300,-0.00766389741936461
2022-02-09,80.58076043893495,83.38026167958147,80.35610711089198,83.14697265625,945100,0.04180537741515914
2022-02-10,82.2570088313486,84.49488683596692,81.59169766854197,82.02371978759766,1134100,-0.013601325615643815
2022-02-11,81.69537149573223,82.49029047787374,81.17693976707767,81.55712127685547,1478300,-0.005704821825819885
2022-02-14,81.85954585921984,82.56806184123971,81.52256914777954,81.70401763916016,1209300,0.0017995268552110613
2022-02-15,82.76679328670586,83.77772340122081,82.3434134817792,83.3370590209961,1345700,0.019790160279907966
2022-02-16,83.5271564165617,84.07150851531638,82.74951526986536,83.84685516357422,1125900,0.006098645616172321
2022-02-17,88.69413446198519,90.83696029007876,84.90961681711809,85.6094970703125,3621500,0.02080424201373591
2022-02-18,85.60949724862706,85.87734882966322,83.8554886525507,84.65904998779297,1194900,-0.011164210546998928
2022-02-22,84.11471774031247,84.57266019970673,81.220170431654,81.40161895751953,1548600,-0.039236851805885854
2022-02-23,81.22014438384979,82.60261360812697,79.37973284704329,79.61302185058594,914600,-0.022217491165191665
2022-02-24,77.54795575540709,80.70171794856614,77.47019495285677,80.51162719726562,965600,0.011223940669040602
2022-02-25,80.35610363007243,83.62218936803723,80.35610363007243,83.56170654296875,962000,0.03718374821740075
2022-02-28,83.09512852873691,86.27481142534236,82.55942534759117,83.8554916381836,2032400,0.003509620277523197
2022-03-01,83.43209235082224,84.20973332349776,81.28062448653085,81.92865753173828,716500,-0.023246141254856825
2022-03-02,81.98916263595274,84.07151255140107,81.93732208772907,83.61356353759766,621300,0.020356911735693498
2022-03-03,84.28751998301367,84.28751998301367,81.00414916660672,81.38433074951172,669100,-0.027022992659502577
2022-03-04,80.95230953060239,81.21151885556857,78.89587995501053,79.88088989257812,1056900,-0.018646108690496987
2022-03-07,79.06003198644942,79.88087121175059,76.88264384211526,77.01224517822266,979500,-0.036572211354707285
2022-03-08,76.70119775782878,78.90451301920454,75.50881918125553,76.1136474609375,1209200,-0.011736852823580052
2022-03-09,77.76395876750453,78.61936046814999,77.51338522042,77.70347595214844,1113500,0.020672407246831
2022-03-10,77.00362635880572,77.28012025664866,76.14821780024063,76.89129638671875,1067900,-0.010507302742663323
2022-03-11,77.04681424199487,77.12458164236337,74.63613030470962,74.71389770507812,747300,-0.028726567422967038
2022-03-14,75.2236829954152,76.84809024674024,74.57564987080374,75.0335922241211,1614000,0.004269787826055997
2022-03-15,75.02495358635373,76.43334314877143,74.92990820443431,76.05316162109375,1277000,0.0134966811858027
2022-03-16,76.73576194620331,78.22191899887044,75.88900233665463,77.72077178955078,1053900,0.02168996407718989
2022-03-17,77.66894212037546,77.93679374568816,76.86538065230243,77.47885131835938,1009400,-0.0031175419409357292
2022-03-18,77.2973895905264,77.6170883021831,76.34694233506828,77.18506622314453,2447800,-0.0037990172914700105
2022-03-21,77.24554443359375,77.7294070237139,76.31237521653341,77.24554443359375,1291000,0.000783241266531395
2022-03-22,77.40971858489793,78.22192226201315,76.8740153869149,77.04682159423828,1731600,-0.002575927174561803
2022-03-23,76.74440025656908,76.74440025656908,73.48695674907636,73.54743957519531,1024700,-0.04648267529334659
2022-03-24,73.91897541071201,74.33371288722316,72.9166810902323,73.87577056884766,1555100,0.004454271972326115
2022-03-25,73.91897959236003,74.29915453531312,73.05493544326002,73.3400650024414,1022600,-0.007277857424703357
2022-03-28,73.3832781638518,73.3832781638518,71.87984301981912,72.43283081054688,1690600,-0.012447388117232155
2022-03-29,73.58201267819582,75.82852644591645,73.58201267819582,74.68798828125,2681500,0.030659618919454186
2022-03-30,74.29052230971865,74.78302723402157,72.55379164312035,73.01173400878906,1592700,-0.022699111683811432
2022-03-31,73.2018197936598,73.3832682700161,70.12582479843822,70.7824935913086,2896900,-0.031008463612554202
2022-04-01,71.14538755203571,72.97716340490337,70.71336550493673,72.96852111816406,1582200,0.03041642612296859
2022-04-04,72.89940647014926,73.64248495797275,72.6574685735398,73.54743957519531,1259000,0.007902503823552126
2022-04-05,73.0981375220165,73.99674427517732,72.89076876117447,73.4869613647461,1498800,-0.0008226403273418268
2022-04-06,72.92531465579361,74.29914144662229,72.32912218845831,73.82392120361328,1072100,0.004574820551987076
2022-04-07,73.82393461907337,73.93625798591279,71.9575960824157,73.1672592163086,1529300,-0.008934772193477528
2022-04-08,73.15860623879524,73.78936127951629,72.5451357702215,72.89075469970703,793100,-0.0037862331481667262
2022-04-11,72.70066968574771,73.88441247003969,72.14768199186338,72.23408508300781,925000,-0.009049782233937941
2022-04-12,72.67475914821297,73.53016107170127,71.41325539062528,71.50830078125,769900,-0.010098489256446807
2022-04-13,72.01808228516734,72.60563260104759,71.8884743375799,72.40690612792969,715800,0.012488145545657747
2022-04-14,72.67475294806061,73.79801296390464,72.67475294806061,73.63384246826172,1668600,0.01680305284685013
2022-04-18,73.52151363852879,73.659763866902,71.7588693717064,72.1736068725586,1029600,-0.02003031291140146
2022-04-19,72.13041716347745,76.61480235529471,72.05264975277325,75.89764404296875,2246200,0.050311220357492234
2022-04-20,76.45062398089321,76.89128172044087,75.29280147242702,76.63207244873047,1484400,0.009630045848341519
2022-04-21,77.13322147319082,77.6775735285568,76.13093364677623,76.4247055053711,1366800,-0.002709675102417379
2022-04-22,76.45927312745437,76.93450009739988,75.41378038570865,75.97541046142578,1318100,-0.005896273014994324
2022-04-25,76.00997451971784,77.72942074934706,75.22369107979554,77.36652374267578,1219800,0.018144435878133008
2022-04-26,76.6580033688009,77.33195679788459,76.00997021127674,76.26054382324219,1232800,-0.014398491674946584
2022-04-27,76.67527932307964,79.0514008377789,76.65800133987533,78.28240203857422,1938600,0.026167141694529394
2022-04-28,78.72306035570676,79.94135913785063,76.35558131104601,78.16143035888672,1364900,-0.0015465193091286763
2022-04-29,77.98726482837334,78.57939708974844,76.4721054056208,76.68109130859375,1510300,-0.019121157901289338
2022-05-02,76.5243598251321,78.13531268321965,76.21958729430628,78.08306121826172,1066500,0.018117997451842074
2022-05-03,78.4052680611209,80.52997978416639,78.39655837471086,80.2600326538086,1162500,0.027498624176229145
2022-05-04,80.3122757703997,82.0451311471804,79.58081498959768,81.98417663574219,1048500,0.021254489097726467
2022-05-05,80.96536918297471,81.3049738659602,79.18026219309183,80.1816635131836,1062000,-0.022231406554098606
2022-05-06,79.78980015208674,80.70412445821032,78.8493600767962,80.04232788085938,1104600,-0.0017392609712995122
2022-05-09,79.15413418465747,80.22519298806644,77.0555450751533,77.06425476074219,1366900,-0.03791604197814003
2022-05-10,78.0917588239084,78.27462231411887,75.94092542777186,77.16873168945312,1409800,0.0013547937713699247
2022-05-11,77.14261010312728,78.3791261678498,75.75806926748402,76.2718276977539,1301500,-0.011690705644468509
2022-05-12,75.81031980450501,77.99598566705636,75.81031980450501,77.94374084472656,974500,0.021683655816784584
2022-05-13,78.67520428596241,80.44289184942353,78.40526381377192,80.1990737915039,897800,0.028524670844510415
2022-05-16,79.87688746565405,80.37323326106157,79.18025875750075,79.41536712646484,711200,-0.00982007590932163
2022-05-17,79.62436004016166,80.5996322631836,79.16284634268969,80.5996322631836,739400,0.014802196848560862
2022-05-18,79.95524558314212,80.26872780168283,78.73614880476639,79.00609588623047,843900,-0.01996907440371297
2022-05-19,78.32689485324178,79.11931023485786,75.40977437360478,75.54910278320312,1130300,-0.04474219976012664
2022-05-20,75.84515899577205,76.08897704751062,70.28956870237099,73.75527954101562,2960800,-0.024030233192291625
2022-05-23,74.01649865565146,74.38222564279401,72.62324824495936,73.9816665649414,1318200,0.003064733732348242
2022-05-24,73.38955548233547,73.5811287147373,70.98619367832453,71.06456756591797,1134800,-0.040228447264464666
2022-05-25,70.79463512226737,73.0151269883591,70.62047459871167,72.77130889892578,879000,0.02373290286781539
2022-05-26,73.18056258649437,75.3313964388413,73.18056258649437,74.87858581542969,902000,0.02854617698888044
2022-05-27,75.21819177938997,76.03672947514097,75.0527476179939,75.82774353027344,905400,0.012596289338249774
2022-05-31,75.8103256940603,78.66649135805842,74.74796993386852,78.1527328491211,1995700,0.030200790217301977
2022-06-01,78.28335087610519,79.70272401014985,77.62155429226428,77.89149475097656,1203700,-0.0033482602492971793
2022-06-02,78.44878395643185,78.65777651772542,77.3951380398613,78.25721740722656,812900,0.004684295117618502
2022-06-03,77.91762983863875,78.17015094589054,76.57662383969422,77.31678771972656,577600,-0.012089952195837124
2022-06-06,77.76957549228085,77.97856805559314,76.7855937533036,77.12519836425781,472200,-0.0024810540010016115
2022-06-07,76.41986825387714,77.47351420159686,75.75807174396776,77.3428955078125,726000,0.0028186699560986198
2022-06-08,77.13391724874461,77.72604962833734,76.52436549836021,76.91622161865234,626900,-0.005531925570486272
2022-06-09,76.86397569897852,77.61284925204399,76.00190280176834,76.01061248779297,657300,-0.011843830056621228
2022-06-10,74.98307154073588,75.07885813436091,73.92942565440276,73.94683837890625,688500,-0.02752653378915019
2022-06-13,72.50134004684789,73.01509844250361,70.31567449642661,70.76847839355469,997800,-0.04393275361636647
2022-06-14,70.68141615396833,70.84686696010674,69.8106336265762,70.31568908691406,1090400,-0.006418733856643534
2022-06-15,70.36793539570918,72.17045499965933,70.36793539570918,71.19518280029297,998800,0.012430211556846444
2022-06-16,69.84545036687801,70.33308634905949,68.47832236522608,68.8005142211914,1125000,-0.03421393977322506
2022-06-17,68.7831059395043,70.41147156178407,68.19968327486112,69.75838470458984,1740600,0.01382640523863527
2022-06-21,70.42888019068319,72.19657409522279,69.79321274038062,71.80471801757812,904300,0.02891256015133633
2022-06-22,71.24741753511005,72.57100389400082,71.02101224509383,71.63926696777344,815500,-0.002306839470366644
2022-06-23,71.99629924689697,72.61455404082585,71.68281700722268,72.32719421386719,649700,0.00955684367492222
2022-06-24,72.79742211773637,74.81763743089118,72.79742211773637,74.66089630126953,1208400,0.03175628987000383
2022-06-27,74.88728440502793,75.2530114088349,73.85105125069924,74.58251190185547,607000,-0.0010504237013236582
2022-06-28,74.9308438790196,75.32269338371385,73.24152354309244,73.31118774414062,429200,-0.017192828049463968
2022-06-29,73.16313370657515,73.46791285883359,72.54487900502481,73.04993438720703,489200,-0.003569986764213035
2022-06-30,72.27494613160893,72.31848791320184,70.89040517172337,71.29966735839844,872200,-0.02425157797685943
2022-07-01,70.96877636232524,71.0123181463453,69.42749420375046,70.8381576538086,1199300,-0.006493856598379235
2022-07-05,69.98479571836477,71.55220031738281,69.14013558451451,71.55220031738281,793100,0.010029452263419093
2022-07-06,71.63927024147509,72.0920808421996,70.3330965481853,71.57831573486328,829100,0.00036491753807054393
2022-07-07,71.64797871048411,73.98167593530275,71.46511519375174,73.7030258178711,988200,0.029251678993570385
2022-07-08,73.39825131944119,73.63335965077285,72.4142695719529,72.96286010742188,805800,-0.010093308194463855
2022-07-11,72.44910201452565,73.03253134402965,71.5957388769952,71.8482666015625,917200,-0.015394059036676247
2022-07-12,71.82215467553243,72.76259487246888,70.19378875600808,70.67272186279297,868000,-0.01649681792416173
2022-07-13,69.00080158568656,71.33449888871948,69.00080158568656,70.42018127441406,936400,-0.0035797811576965804
2022-07-14,69.61906003700534,69.81063325497882,68.50445947084332,69.13142395019531,1117900,-0.018470500016667814
2022-07-15,69.53199366599986,69.74097964298626,67.73818352281573,68.97469329833984,1509000,-0.002269714365482065
2022-07-18,69.61906067539655,69.96737501640202,68.87018716747505,69.15754699707031,1579900,0.0026475181340225038
2022-07-19,69.06174292199549,71.23869869831401,67.14602449625191,69.64517211914062,2971500,0.007026189850408981
2022-07-20,69.56682585434486,71.24743664611803,69.2794659834225,70.82075500488281,1841800,0.016738726010925988
2022-07-21,71.05584601718893,74.08617184186397,70.08057393293616,73.84235382080078,1676500,0.041780359473494455
2022-07-22,73.2415104839739,73.2415104839739,70.15023020996735,70.64657592773438,1261500,-0.04424282432689606
2022-07-25,70.72495136424355,70.77719618509728,68.04293983470421,68.4957504272461,1825200,-0.03091793688743032
2022-07-26,67.67721076691896,68.46961931472914,67.0850784553887,67.52046966552734,1719400,-0.014340899575019102
2022-07-27,67.36373506037636,68.52187738548119,66.99800800304114,68.48704528808594,1654100,0.014213801290502271
2022-07-28,68.58283035303467,69.64518604730259,68.22580634541805,69.35782623291016,1136700,0.01263438412439798
2022-07-29,69.48960579997231,69.76194636539343,68.78680722077897,69.15577697753906,2917900,-0.002917394306329889
2022-08-01,68.98886598944577,70.65802367041036,68.37391633446077,69.82344818115234,1277400,0.009608289863719123
2022-08-02,69.72679625295368,69.81464522598333,68.98885013412118,69.00642395019531,744800,-0.011770286191465853
2022-08-03,69.13821364835707,69.70924218851736,68.3036381144336,69.45447540283203,1077200,0.006471906778549198
2022-08-04,69.27876502875748,69.48960392658662,68.83072650622876,69.32269287109375,601000,-0.0018991967192935131
2022-08-05,68.63745606268924,69.07670768482907,68.03129338180081,68.4441909790039,759900,-0.012753628088775245
2022-08-08,68.79558411265482,69.34025851480439,68.45296839753661,68.61109924316406,490400,0.002435635230166497
2022-08-09,68.47931123719604,68.69893700345062,67.82922084576754,68.48809814453125,739600,-0.001794337734693947
2022-08-10,69.26998175133212,69.53353541427136,68.60231738701464,68.9185791015625,591900,0.006265814355803716
2022-08-11,69.67408286921933,70.24511125874548,68.94493034661691,69.08548736572266,790800,0.0024188902517857263
2022-08-12,69.58623553252903,70.8337084296643,69.1381970375913,70.78978729248047,605700,0.024370057949018593
2022-08-15,70.56138225158004,71.06212884648282,70.16605846176923,70.82493591308594,670800,0.0004963978395973655
2022-08-16,70.64044062809015,72.441368041672,70.36810009732102,72.4062271118164,733600,0.022081164671472978
2022-08-17,71.95818741751978,72.1953802898827,70.81613078146313,71.37837219238281,732800,-0.014297392536689041
2022-08-18,71.58922250298075,73.44286475522875,70.87763706956378,72.56436157226562,934300,0.016479000883645265
2022-08-19,72.49409310572636,73.96119878625142,71.93185150092523,73.79428100585938,1274300,0.01680732158642932
2022-08-22,72.91576561879873,73.06510955424983,71.65950577437694,71.75614166259766,1207200,-0.028007786396732716
2022-08-23,72.03726365604136,72.66100013462312,71.65072009651838,72.3271713256836,822700,0.007926423136299763
2022-08-24,72.47651238417473,73.2583796785476,72.1602507030298,72.98604583740234,670700,0.009068397766339841
2022-08-25,73.19687658948487,73.9084619417572,72.66977608030366,73.23201751708984,522900,0.0033644531471475484
2022-08-26,73.4692142463625,73.57463703469611,70.66679382324219,70.66679382324219,496400,-0.03565693772340887
2022-08-29,70.06941148970348,70.7107150209057,69.4281012560543,70.1748275756836,622000,-0.006986120204724389
2022-08-30,70.56137461200713,70.6580104972668,69.208478920819,69.34025573730469,548200,-0.011964036768799577
2022-08-31,69.95520727205549,69.96399418072433,69.05035005014237,69.24362182617188,1238600,-0.001394591181796937
2022-09-01,68.84828598681499,69.78828397601086,68.53202435470737,69.61257934570312,816500,0.005314251502432975
2022-09-02,70.33295816598371,71.07090427754946,68.78679748903568,69.14698028564453,562300,-0.0067109006211148806
2022-09-06,68.54081976759095,69.00643211438428,67.15278974363105,68.19820404052734,1153000,-0.013816157327713584
2022-09-07,68.13670684784503,69.71801530740491,67.83801897351016,69.63894653320312,1146000,0.02090575667616647
2022-09-08,69.38418962469332,70.20119791518074,68.61110247523122,70.07820129394531,788300,0.006287792368834494
2022-09-09,70.82493219715803,72.00212329790588,70.68436846441028,71.55408477783203,706400,0.020841814378751718
2022-09-12,72.03726719106919,73.13539626410379,71.98455914034687,72.45016479492188,932900,0.012445349156377837
2022-09-13,71.03575805037107,71.49257669302567,70.01669128241217,70.18360900878906,785700,-0.03178414950073636
2022-09-14,70.17482891424451,70.93034215626561,69.5862334148051,70.78099822998047,1184200,0.008475784229888768
2022-09-15,71.00941800146559,71.1939028762824,68.40026232451069,68.51446533203125,1232200,-0.03254568239061286
2022-09-16,68.44418011222841,68.44418011222841,66.19520760627377,66.59053802490234,1780800,-0.028482399949699498
2022-09-19,65.65055062688073,68.26848655074603,65.56269494018296,68.02250671386719,803500,0.021276135745191486
2022-09-20,67.29334489160684,67.39876769023016,65.79110519907438,65.88774108886719,1003700,-0.031886230226877386
2022-09-21,65.93167678180512,67.99615824127467,65.93167678180512,66.02831268310547,822400,0.002131228814488406
2022-09-22,65.83502798643198,66.25670574365664,63.84960899736186,64.1658706665039,764600,-0.028612170302401024
2022-09-23,63.67391524446077,63.67391524446077,61.68849612456951,62.36494064331055,1031900,-0.028468190971061902
2022-09-26,62.198031911471254,63.4455049004445,62.09260911006379,62.47915267944336,961400,0.0018296751565162724
2022-09-27,62.53185909793516,63.02381875344286,60.5815808886759,61.003265380859375,884700,-0.023905550396549208
2022-09-28,61.24045774619825,61.398588591531684,60.20382369400079,60.9505500793457,979100,-0.0008645125959847618
2022-09-29,60.493735545710955,60.59915835070874,58.78943706171093,59.64158630371094,957800,-0.021709793452464387
2022-09-30,59.50980805723467,60.46738008145018,59.09691045887693,59.22868728637695,1066800,-0.006947080467990057
2022-10-03,59.58009596866855,61.170184861758024,58.59616981964466,60.59916305541992,1669800,0.022875074955320186
2022-10-04,61.89933444685225,64.37671319391518,58.56980652643816,61.916908264160156,4847900,0.02151221488727809
2022-10-05,60.625515862586646,60.836354782258375,59.82607462589004,59.99299240112305,1859200,-0.0315655348138922
2022-10-06,59.852420959843116,61.33709352147506,59.72943104730589,60.221397399902344,1575800,0.0037999656114322726
2022-10-07,59.632798151187316,60.96812684352961,59.088130426173485,60.590370178222656,1971400,0.006108244799894664
2022-10-10,60.91540621832258,61.07353705605401,58.45560137882478,59.202327728271484,1113300,-0.02317511164666643
2022-10-11,59.13205141433024,60.44980628490921,58.78065547746748,59.527381896972656,1221400,0.0054755457899091945
2022-10-12,59.465879254752224,59.931484843141966,59.052981709592416,59.49223327636719,925500,-0.0005906357800952706
2022-10-13,58.358960542021045,60.76605713215142,57.831860028463204,59.8172721862793,1369200,0.005448680937883884
2022-10-14,60.73092030627655,60.845130005266846,58.332610461740096,58.50830841064453,2163600,-0.022125683532049873
2022-10-17,59.59765102623245,59.95784053821543,59.02662933544529,59.48344802856445,2210000,0.016529321190330563
2022-10-18,59.9490545971911,60.432234022903785,57.489249736378504,57.77037048339844,3023900,-0.02922206660867895
2022-10-19,57.840646123878045,58.807004983332256,56.549252080006916,56.96214294433594,2590600,-0.014089134536530448
2022-10-20,56.9972834220075,57.91092752575068,55.87280043353813,56.320838928222656,1727000,-0.011322280830607637
2022-10-21,56.09242417854883,57.65615869619471,55.776165863007236,57.53316879272461,1627000,0.02129702257781153
2022-10-24,57.56831752639985,58.75429558631265,57.45411451553867,57.63859939575195,1343600,0.0018308416052954157
2022-10-25,57.75280814307767,58.91243229277844,57.65617223873189,58.833370208740234,976800,0.020516742817956443
2022-10-26,58.8070057246055,59.465883117567365,57.56831300866244,58.04270553588867,1244100,-0.01353017253075592
2022-10-27,58.29746976141442,59.175972914295954,57.120272051280644,57.1993408203125,1240900,-0.0146366677528057
2022-10-28,57.172990131531826,58.077847359365066,56.92701030677493,57.7440185546875,1875700,0.009477395028117463
2022-10-31,57.69073777651714,58.33894450738009,57.39770947509424,57.93936538696289,1256900,0.0033772701194545204
2022-11-01,58.76516790185104,59.06707092073928,57.486503881632004,57.761775970458984,850700,-0.0030697978236380015
2022-11-02,57.832802891173,57.94824196809068,55.60402591730652,55.61290740966797,1175700,-0.03791191955253443
2022-11-03,55.10677267923386,55.44419488032085,53.162139033810185,54.35200500488281,1665300,-0.022933818469342254
2022-11-04,54.99133811092289,56.49198861036398,54.352006117174234,55.222206115722656,1540000,0.01588365359237701
2022-11-07,55.64842728102098,55.941455579004085,54.973579466034195,55.42643737792969,1408800,0.0036915318197685227
2022-11-08,55.55075534264313,56.07465165672672,54.08562060691693,54.5118408203125,1382800,-0.01663874808405048
2022-11-09,54.103382004112134,54.245455413299396,51.12871851731136,51.46614074707031,1631800,-0.057493810603742285
2022-11-10,52.975672160848504,53.64164189303515,52.80696104812155,53.62388229370117,2082000,0.04107040379771048
2022-11-11,53.93467220972462,56.42095862502245,53.73931999707282,56.30552291870117,1359700,0.048798094334400764
2022-11-14,51.59933782974585,52.85136084992023,50.73801585148708,50.755775451660156,4553200,-0.10376721490736386
2022-11-15,51.49278194668525,52.380741602768616,51.4661408536406,52.132110595703125,2102200,0.026755671671339458
2022-11-16,51.634860643233,51.6881360601828,48.97098140221938,49.6991081237793,2424400,-0.04779409737545683
2022-11-17,49.47711118882163,51.89235905569094,49.343915890691484,51.87459945678711,1825200,0.04284226946012707
2022-11-18,52.56720970152566,53.80147302008941,52.56720970152566,52.851356506347656,1912400,0.01865412188287835
2022-11-21,52.73592412772738,53.162144361788044,52.10547357655206,52.5228157043457,1263900,-0.006235719051369053
2022-11-22,52.8602345461728,54.44968306243156,52.73592074263025,54.39640426635742,1282000,0.03505039359480976
2022-11-23,54.431922293885385,55.870415883999776,54.4141626955757,55.1955680847168,1047100,0.014584608106997353
2022-11-25,55.20444892622104,55.692829435699586,55.1245358108124,55.14229202270508,509900,-0.0009656896753316359
2022-11-28,54.29873958992526,55.21333704044721,54.21882307763613,54.849273681640625,991000,-0.005328027333158005
2022-11-29,54.88478228512707,56.03912904959311,54.61839170407596,55.204444885253906,1073600,0.006454528593876928
2022-11-30,55.08013868446012,55.97697987146563,53.57060991587999,55.7816276550293,2876300,0.010401088352524769
2022-12-01,56.03913322113395,57.14908276714819,55.80826181867656,56.172325134277344,2520000,0.006979638603070658
2022-12-02,55.95033380164799,56.57190620906205,55.63067118585805,56.21672439575195,1245300,0.0007900994620024284
2022-12-05,56.02136861527172,56.554142994825426,55.55962923891995,56.154563903808594,1413500,-0.0011063412945480477
2022-12-06,56.35879856564287,56.46535277235652,52.92239237298068,53.783714294433594,2034300,-0.043137245387423834
2022-12-07,53.934667489018246,54.840383298427,53.259816297450605,53.31309509277344,1273900,-0.008788725521041083
2022-12-08,54.1655457936149,54.73383950259667,53.171031802896806,53.321983337402344,1799800,0.00016670395483987886
2022-12-09,53.304217937777466,53.668281267201486,52.79808119656108,52.82472229003906,1400900,-0.009369385175093817
2022-12-12,52.88687165196267,53.32196993156976,52.47840768743966,53.27757263183594,1649500,0.008536160163375743
2022-12-13,54.95582083273697,55.72834476062261,53.472929879939386,53.87250900268555,1941500,0.011104844263365742
2022-12-14,53.73043491198105,54.192174319105256,52.66488608186056,53.24205780029297,1794300,-0.011771666570481776
2022-12-15,52.558327475547244,52.877993473338236,51.99003387382862,52.58496856689453,1833700,-0.012418333961606761
2022-12-16,52.37185990123709,52.593849814375915,50.80905240315052,51.37734603881836,3318000,-0.023232973450843356
2022-12-19,51.253028697471755,51.42173980040401,49.423830719834754,49.64582061767578,2430500,-0.034283126699518274
2022-12-20,49.37944047980732,49.49487619163705,48.526999963135886,48.65131378173828,2735000,-0.020235397032662934
2022-12-21,48.98873128109695,51.50165866604997,48.98873128109695,51.23527145385742,2654900,0.05174937741820549
2022-12-22,50.81792934280089,51.29742835712578,49.58366599604758,51.23527145385742,1944900,0.0
2022-12-23,51.395104507547295,51.73252672924031,51.013281594365615,51.68812942504883,1146300,0.008799959770803984
2022-12-27,51.741407923380805,52.42513724332852,51.20863011427103,52.23866653442383,917800,0.01059480866502576
2022-12-28,52.362975889897825,52.79807417369534,51.50165404011945,51.69700622558594,1068200,-0.010423085708856984
2022-12-29,52.18538675198639,54.27209048319909,52.061072948397154,54.15665817260742,1603800,0.04648105065523282
2022-12-30,53.526205464326516,54.27209168974109,53.419651257066484,54.174415588378906,1274000,0.0003278360550492308
2023-01-03,54.68055015657902,55.097888837455855,54.36088417987551,55.00909423828125,1681500,0.015289761464404207
2023-01-04,55.09789384121803,55.7727450505008,54.68943322824523,55.15117263793945,1734800,0.002579486823454795
2023-01-05,54.96469860324442,56.31439416551609,54.7071895156241,56.20783996582031,1666200,0.018978240167353597
2023-01-06,56.46535419420976,57.99264248655442,56.34991849143986,57.59306335449219,1397200,0.024345884234985713
2023-01-09,57.61969711842538,57.66409780765919,56.447590733349365,56.563026428222656,1193800,-0.01804660414129145
2023-01-10,56.509748534027416,57.32666974203298,56.38543473170457,57.255638122558594,1320300,0.01217059164023739
2023-01-11,57.744017300672176,58.800691494956205,57.71737959402549,58.543182373046875,1770700,0.0222385220791989
2023-01-12,58.827322970072,58.827322970072,57.59305967915801,58.498775482177734,1039800,-0.0007588200644231699
2023-01-13,57.81505666112483,58.75629177610359,57.62858593690799,58.62309646606445,914300,0.0021229344871298056
2023-01-17,58.3211881707777,58.51654037130771,57.61081776423117,58.09031677246094,1378700,-0.009129771455309195
2023-01-18,58.161353643906885,58.27678595274321,56.82941424748154,56.98036575317383,1271400,-0.019292237098189478
2023-01-19,56.56302739732439,56.75837620665265,54.20105498847026,54.64503479003906,1516100,-0.04184839223985969
2023-01-20,54.6983133224241,56.31439962145272,54.671675616743634,56.22560501098633,1322600,0.028513902536891837
2023-01-23,56.651827343483156,57.79729276517187,56.21672899381386,57.726261138916016,1538700,0.026339944042136042
2023-01-24,57.601938795214146,58.06367478318135,56.518627053736985,56.669578552246094,978900,-0.018474669084915404
2023-01-25,56.38543467018341,56.935972061722545,55.62178887126536,56.918209075927734,950400,0.004377775568221864
2023-01-26,57.64633714984389,57.90384625369117,56.33215731312631,56.634063720703125,1138000,-0.00500467214442413
2023-01-27,53.13550196115742,54.77822584650401,51.86571947742797,52.043312072753906,7005800,-0.08453434033346116
2023-01-30,51.82132700944974,52.86911969358687,51.61709669132774,52.336341857910156,3556000,0.005614706390239565
2023-01-31,52.605926141817186,53.540504387359064,52.075733043674155,53.172061920166016,8146900,0.01584210377186855
2023-02-01,52.64187662229153,54.340290954421775,52.21053014390018,54.13360595703125,2397600,0.01792206866836351
2023-02-02,54.66379747488591,57.50347504319104,53.99880814946831,56.83848571777344,2553300,0.04875848653818595
2023-02-03,55.59837265542926,56.74862419008908,55.42763377335144,55.472564697265625,1185900,-0.024325092984881745
2023-02-06,54.61885739408818,54.79858449789029,53.567459493061314,54.39419937133789,1462900,-0.019631049778894148
2023-02-07,54.17853611650287,54.23245185453259,52.74072254087051,54.07069778442383,1102900,-0.005965110457804264
2023-02-08,53.72023043723851,54.115630788994245,53.16307944741236,53.35179138183594,1489300,-0.013384853415085711
2023-02-09,53.19004423619339,53.19004423619339,51.01535573063183,51.06927490234375,2514700,-0.04372451265509957
2023-02-10,50.91650221901024,51.976888528906414,50.81765212483196,51.56351852416992,1279000,0.009631374650568411
2023-02-13,51.761215183919674,52.77667056576401,51.491626199963726,52.758697509765625,1395600,0.02291422337056946
2023-02-14,52.30938242259697,52.63289058091046,51.1771072965097,52.219520568847656,1330500,-0.010272258224777394
2023-02-15,51.680338065068604,52.49809325766108,51.09622917207964,52.46215057373047,2137100,0.004635585899940867
2023-02-16,53.64834400026987,55.12210028656309,52.43518845142373,52.53403854370117,2680700,0.0013693445792288845
2023-02-17,52.46214862795483,53.40571174933331,52.27343326127131,53.34280776977539,2593400,0.01527784375108723
2023-02-21,52.92943488290364,53.028281539645306,50.60197748270512,50.673866271972656,2739900,-0.05132883691545827
2023-02-22,50.763740052808146,51.806153381993305,50.67387476614812,51.7612190246582,2440100,0.021230881839923554
2023-02-23,51.797158886347006,52.10269396808644,50.33238745671297,51.28493881225586,1457700,-0.009244082730090409
2023-02-24,50.395296076121944,50.83562394015669,49.40679858647466,50.709815979003906,1743500,-0.011277617755599665
2023-02-27,51.00635830186408,51.25797762986005,49.52361734093178,49.68537139892578,1606500,-0.020408949183800616
2023-02-28,49.73030422765347,50.26948215631082,49.209095925676316,49.433753967285156,2133900,-0.005077082171599058
2023-03-01,49.30794354849516,49.63145166072739,48.77775045967223,48.95747756958008,1584400,-0.009681352907562302
2023-03-02,48.616000386867945,49.51463258202639,48.36438446918671,49.487674713134766,1004900,0.010771526228129791
2023-03-03,49.94597946684102,50.08077224042753,49.442744199292534,49.9819221496582,1015300,0.009937740167993878
2023-03-06,50.25151102353237,50.32340324504142,48.58904282324831,48.68789291381836,1136200,-0.02623098932847602
2023-03-07,48.75978271585218,48.81370188309921,46.58509439036977,46.71989059448242,2071200,-0.04126039692579865
2023-03-08,46.7288731579532,47.50169737789321,46.46826900415767,47.40284729003906,2085900,0.014512299517500998
2023-03-09,47.32197655992827,47.933046795315924,45.96504330158841,46.018959045410156,2294000,-0.029628831568641305
2023-03-10,46.198674748961956,46.225632614196655,43.74540960033465,44.221683502197266,2385700,-0.03983821897550287
2023-03-13,43.58365835946877,43.89817823415803,42.30760237871859,42.801849365234375,3552100,-0.03263393464055694
2023-03-14,43.37698112266671,43.835282083013595,42.04700574258952,42.370513916015625,2616200,-0.010128617314675422
2023-03-15,41.74146247210987,42.613133293548096,41.112419305333475,42.54124450683594,3122500,0.004021370516194366
2023-03-16,41.87625758811146,43.19724796984265,41.35505271410131,43.15231704711914,3032200,0.014262049263781218
2023-03-17,42.801853050996215,43.188265174894696,41.93017871178199,43.13434600830078,6806600,-0.0004165426832339024
2023-03-20,43.610615208446774,44.410397237995646,43.341026261004714,43.47582244873047,1941100,0.007885406896631727
2023-03-21,44.06892134009436,44.98552654198813,44.06892134009436,44.6889762878418,1421900,0.027521877919360584
2023-03-22,44.94059469073101,45.380925975850694,43.96108545829028,43.97007369995117,1473300,-0.016217596387372243
2023-03-23,44.2216850523257,44.44634307851472,43.17028713520558,43.70946502685547,1542500,-0.0059445896803711745
2023-03-24,43.493796125248394,44.3025629791584,43.412919097056445,44.06892013549805,1363200,0.008190105508650854
2023-03-27,44.518237685853364,45.27308883155328,44.20371437547279,45.084373474121094,1767500,0.022780925145730886
2023-03-28,45.05741809996241,45.49774938765923,44.76985606930687,45.362953186035156,1002300,0.0061600625054249675
2023-03-29,45.974023024547655,46.863670407188835,45.668487940692174,46.72887420654297,1798300,0.029666502159698956
2023-03-30,47.28602629090874,48.04986573203884,46.92657546097386,47.05238342285156,2123200,0.00689925701001873
2023-03-31,47.60055330797789,48.31945845150201,47.15123716477405,48.24756622314453,2110800,0.025083863559527304
2023-04-03,48.16668403837587,48.490192175429236,47.20514786880601,47.528656005859375,1500700,-0.015012572070069516
2023-04-04,47.86114913900514,47.95999922881615,46.926574262632364,47.06136703491211,1400100,-0.009880381828666764
2023-04-05,46.7288802629365,47.21414253454329,46.34246809421371,46.67496109008789,1472100,-0.008244575850501087
2023-04-06,46.513200593938976,46.935558819728676,46.32448865697285,46.66596984863281,932100,-0.0001926537777685112
2023-04-10,46.432325059818496,47.19616450194421,46.36942107879766,46.91758728027344,1007700,0.005377398459358927
2023-04-11,47.15123591177861,47.69041389809107,47.0433975721081,47.09731674194336,1188000,0.003823429540001999
2023-04-12,47.58257511105313,47.69939825550981,45.92010350397184,46.099830627441406,1634900,-0.02140675404334225
2023-04-13,46.40536486676535,47.528655083052314,46.36941875712184,47.30399703979492,2278500,0.025785519969480662
2023-04-14,47.62750341320756,47.71736525599092,46.96251412137819,47.08832550048828,1879400,-0.004569691873412684
2023-04-17,47.20515217882451,47.79824934157123,47.043398095529035,47.69041442871094,1668200,0.012705318260333484
2023-04-18,47.789257368280026,47.85216134369294,47.151229373086416,47.42081832885742,1660600,-0.005669084798329536
2023-04-19,47.178184509277344,47.24108848104897,46.74684151941079,47.178184509277344,1615300,-0.005129744381262566
2023-04-20,46.81873691379329,47.07934107821717,45.81226979534052,46.09084701538086,1762000,-0.02331720916195752
2023-04-21,46.09084747742318,46.567121457999335,45.93807821715675,46.45029830932617,1280200,0.007768503413526826
2023-04-24,46.47725175988923,46.62103275397667,45.86618167801527,46.486236572265625,1757800,0.0007733936879952977
2023-04-25,46.27955803623813,46.43232386392277,45.623556945338066,45.866188049316406,1811100,-0.013428079281705722
2023-04-26,45.76734161574243,46.2436156201143,45.73139550235322,46.19868469238281,2663800,0.007223126015185502
2023-04-27,49.4247694836649,53.073217337815294,49.29896152800622,52.95639419555664,5627100,0.13651749605892716
2023-04-28,54.02043761331981,55.79383299686685,53.57481295974963,53.85673904418945,3469800,0.016858716631840014
2023-05-01,53.51115328065078,53.647569912581815,52.73813495095908,53.32926559448242,2165800,-0.009842286957791746
2023-05-02,53.29288468720782,53.592999874697654,52.68356495874381,53.247413635253906,1742400,-0.001536020373561326
2023-05-03,53.18375532657584,54.99353239900237,53.02005675844805,54.32054901123047,1983600,0.01995335700079153
2023-05-04,54.238697458372506,54.702511205073,53.23832044540961,54.48424530029297,2134800,0.0030089926387462185
2023-05-05,55.00262805537298,55.2936469760983,54.275080753559685,54.911685943603516,1823800,0.007814601762488048
2023-05-08,54.91168062739014,55.01171902218296,53.65665948500369,54.0840950012207,1820800,-0.01518603453759153
2023-05-09,53.67484635178318,54.375111616790164,53.6293753022048,54.2477912902832,1174800,0.0030221280041600428
2023-05-10,54.993529596392534,55.02990435584129,54.04771646634836,54.54790496826172,1262500,0.0055170277782524025
2023-05-11,54.3478307079641,54.75707712646467,54.10228632608274,54.584285736083984,1386700,0.0006667284682025634
2023-05-12,54.7934517032446,55.739264814220164,54.56609298248425,55.648319244384766,1590500,0.019305840713181057
2023-05-15,55.693798021290384,56.98519398870183,55.68470172900212,56.712364196777344,1988200,0.018940375388338263
2023-05-16,56.23946063122879,56.41225203259395,55.31183651339743,56.22127151489258,1372100,-0.008697068402447859
2023-05-17,56.46681185131055,56.57594306555509,55.64831907142966,56.37586975097656,1646900,0.0027460436649610017
2023-05-18,56.275832772272786,56.49409520624285,55.639227646292234,56.38496398925781,982200,0.00016130136678347572
2023-05-19,56.430430920940665,57.03065777436785,54.547901086590905,54.85710906982422,1962700,-0.027470739408293345
2023-05-22,54.98443207926446,55.12994152147322,54.402394310429415,54.938961029052734,1150300,0.001490981859697909
2023-05-23,54.684326576966896,55.76655295935761,54.45696783089345,55.28455352783203,1232900,0.006270778656189017
2023-05-24,55.37548757394902,55.41186580063541,54.5297128841929,55.038997650146484,1151000,-0.004451565972398334
2023-05-25,55.15722952983039,55.15722952983039,53.984057645225036,54.31145477294922,1316100,-0.013306824007401134
2023-05-26,54.24779212737807,55.58465904554897,53.98405517884754,54.62975311279297,1271200,0.005843504983157542
2023-05-30,55.11174936337056,55.22088404091299,54.38420219251384,54.96623992919922,1145500,0.006140514162263452
2023-05-31,54.58428351865597,54.72979296496512,53.547528280050905,53.97496032714844,2988700,-0.018198935921193243
2023-06-01,53.16556597502164,54.738888011284764,53.16556597502164,54.584285736083984,1695200,0.011225792917162147
2023-06-02,55.20270177532508,55.275454766825746,54.47515451422349,54.584285736083984,1635100,0.0
2023-06-05,54.72979378323988,54.88439605447159,54.28416914581988,54.46605682373047,1328800,-0.002168337226663892
2023-06-06,54.85711041824637,55.0299017925405,54.284165485685705,54.51152420043945,1192500,0.0008344354668154567
2023-06-07,54.84802266887471,55.902967064132625,54.611567640899196,55.60285186767578,1193000,0.019822359990023797
2023-06-08,55.48462802547678,55.957534643504204,54.92077929480607,55.5573844909668,859500,-0.0008180511437180356
2023-06-09,55.693797880975055,56.03938066423986,54.757077523128295,54.829833984375,884000,-0.013181979794762393
2023-06-12,54.96624402932814,56.26673621202602,54.8298308760524,56.18488693237305,1066500,0.02441334335450238
2023-06-13,56.18488618395903,57.20345575478784,55.93024552586122,57.176170349121094,1353100,0.017489404353581445
2023-06-14,57.41262755897715,58.085607458046034,56.25764479250065,56.30311584472656,2125900,-0.01538733207974604
2023-06-15,56.030288057469676,56.421345365132666,55.621041634424806,56.04847717285156,1680900,-0.004532897149814317
2023-06-16,56.3031163037309,56.63051343317679,55.53009800193173,55.8847770690918,2347100,-0.0029249613366173267
2023-06-20,55.557386887502425,56.10304652533833,55.24817883427024,55.90297317504883,1351800,0.0003255474070816713
2023-06-21,55.675606045405054,55.73016991945512,54.71160379630054,54.747982025146484,1389700,-0.02087705610657537
2023-06-22,54.62975782179512,54.911683908583015,54.42058819710179,54.8116455078125,872400,0.0011621706145797676
2023-06-23,54.393305867118514,54.71160671344478,53.69304053598171,54.566097259521484,2096300,-0.004489920062102942
2023-06-26,54.81164228879591,55.51190758384478,54.81164228879591,55.457340240478516,807500,0.01620132029655913
2023-06-27,55.53918784456743,57.003378556455736,55.51190590831718,56.93062210083008,989800,0.02621928949445415
2023-06-28,56.93972437931537,57.53995132446289,56.63051634883216,57.53995132446289,1253800,0.010646141807809898
2023-06-29,57.539951461125725,58.19474575528517,57.44900588181518,58.04923629760742,1350400,0.00881203993561275
2023-06-30,58.713121806663246,59.11327542987347,58.30387882906259,58.90410232543945,1272900,0.014619185104889723
2023-07-03,58.858626822940224,59.25878039233831,58.831344886560814,58.92228698730469,735600,0.0003086687475646068
2023-07-05,58.61307674954546,58.75858966454151,58.0401352582333,58.422096252441406,1398900,-0.008525227207600239
2023-07-06,57.6126981986878,58.52213307771503,57.15798075917419,58.47666549682617,1477300,0.0009336155068181537
2023-07-07,58.385714775352994,59.313342210749255,58.2038305801649,58.713111877441406,1619800,0.004035278618328272
2023-07-10,58.731309721784534,59.11327072896196,58.149268449693906,58.27659225463867,1988400,-0.007462565220584939
2023-07-11,58.28567743323351,58.97684987654833,57.73092507719706,58.94047164916992,1376200,0.011327471803606689
2023-07-12,59.3861010049181,59.522510687467154,58.740396128143956,59.01322937011719,1594300,0.001233665913764819
2023-07-13,59.22240551775659,59.74078315363053,58.87681580154869,59.449764251708984,1143300,0.0073700122575879
2023-07-14,59.43157445426842,59.43157445426842,58.06742198658772,58.29478073120117,1032300,-0.019619092627701364
2023-07-17,58.276590992083584,58.62217376178978,57.53085117043929,58.203834533691406,2049800,-0.0015613269870762823
2023-07-18,58.367529776403984,59.00413140503662,57.23073619781902,57.47628402709961,1366200,-0.012578827006565613
2023-07-19,57.721835445188276,58.85862909445246,57.57632599685122,58.75859069824219,1527000,0.02206495596632678
2023-07-20,58.65855364295521,58.73131010339639,57.39443963115106,58.058326721191406,1033400,-0.01198922862525512
2023-07-21,58.303870384791345,58.567607331124286,57.639983342421985,58.16745376586914,1033500,0.001877846314103049
2023-07-24,58.47666533577289,59.15874149316478,58.13107564209435,59.0950813293457,1178400,0.015821710036486726
2023-07-25,59.10417714618859,59.10417714618859,57.82187743804443,57.894630432128906,1139400,-0.020523053082919965
2023-07-26,57.74911861791476,58.29477819354605,57.48538165303142,58.258399963378906,906400,0.006263645801277312
2023-07-27,58.43119326373493,58.74949409616111,56.99428443342502,57.18526840209961,1512600,-0.018591967631712284
2023-07-28,58.02194140805689,58.02194140805689,56.74873472873127,57.02156448364258,1485100,-0.002866799234999055
2023-07-31,59.348413307437134,59.91863149978121,58.36433171238784,59.37600326538086,6328700,0.040460638750804585
2023-08-01,59.00813015853664,59.780677078888765,58.971341207552015,59.36681365966797,1410700,-0.0001547816696488601
2023-08-02,59.21965820964639,59.330025063259825,58.55747112151571,59.20126724243164,2365300,-0.0027924298605449837
2023-08-03,60.70038197376398,62.43861962348884,59.31162884572778,59.86344909667969,4085000,0.01112317237151573
2023-08-04,59.92783435093348,59.946225318488864,58.17119873645259,58.63105010986328,2377100,-0.020801698544608123
2023-08-07,58.557471833918726,59.74388921179083,58.2907607054102,59.57834243774414,1771600,0.01602770450513592
2023-08-08,59.008129486310565,60.47965242505681,58.87017267588361,60.40607452392578,1702400,0.013797545356909519
2023-08-09,60.424468275042486,61.1602332867054,60.21294057051264,60.75556182861328,1267900,0.005768959292375588
2023-08-10,61.0866554477528,61.27979218474721,59.81746816888589,59.86344909667969,865400,-0.014792510609812858
2023-08-11,59.78067780625606,60.64520062297608,59.504764178901794,60.48884582519531,901800,0.010392861358977122
2023-08-14,60.24971945097294,60.48883707553177,59.25643895630486,60.350887298583984,1459000,-0.0022833315331542993
2023-08-15,59.91863465383698,60.28651715159249,58.71382280665583,58.88856506347656,1445500,-0.024528719707614124
2023-08-16,58.640245561825274,59.845057422527134,58.631050078052574,59.4495849609375,914000,0.00948171152661024
2023-08-17,59.66111794579045,60.31410603468579,58.55747047221847,58.56666946411133,893900,-0.014962887509268816
2023-08-18,58.014848912157134,58.81498929138878,57.75732976640491,58.64024353027344,761100,0.0012554562516190145
2023-08-21,58.49309052668765,59.06330872877416,57.95966478313361,58.17119598388672,898900,-0.008030892681046892
2023-08-22,60.231330096507165,62.990438299035986,60.19454114512712,62.2730712890625,4017900,0.06813877193785793
2023-08-23,61.59248911700229,62.12591835122535,60.98548198493303,61.472923278808594,1645500,-0.012932283823448314
2023-08-24,61.28898937155866,61.4453371516472,60.36928664147311,60.65439224243164,1713500,-0.013404753711174548
2023-08-25,62.63176014478129,64.72868143516256,62.4202324272436,64.08489227294922,3366300,0.0550165939139061
2023-08-28,64.25043139804734,65.19772405952895,63.873349921735375,64.97699737548828,2088100,0.013824674554284598
2023-08-29,64.97700776813396,65.492039118863,64.28723063050361,65.28970336914062,1517000,0.004801021174492384
2023-08-30,65.6115895604403,65.72195641436574,64.94940948721262,65.69436645507812,1055300,0.006178833409509261
2023-08-31,65.90590944130479,66.80721430275298,65.66678473617989,66.2186050415039,1427500,0.007948291064743903
2023-09-01,66.56808602608538,67.08312436462715,66.2278004813936,66.9451675415039,1253600,0.01091242303928848
2023-09-05,66.82560318403902,67.05552886466106,65.80473260073522,66.80720520019531,2212900,-0.002062952415850586
2023-09-06,66.80720451683001,67.6717273124937,66.64165774780452,67.0647201538086,2374100,0.0038471885804655225
2023-09-07,66.64165348404907,66.70603238917474,63.9377254352225,64.70108032226562,2835400,-0.03588022680976078
2023-09-08,64.5999193720374,64.76546614816132,64.02050916399129,64.32401275634766,1952600,-0.005844888469234293
2023-09-11,64.58153053462893,65.22531967591594,63.937734376566524,64.1492691040039,1402700,-0.002720312855302459
2023-09-12,64.3975788109591,65.21612065470256,64.14006318226437,64.71028137207031,1140800,0.00870739981004415
2023-09-13,64.68268222733825,64.93099882923262,63.39509724996621,63.625022888183594,1765300,-0.016913262654150784
2023-09-14,63.90094411326729,64.02050293341969,62.64094893890574,62.659339904785156,1678800,-0.015294083692737047
2023-09-15,61.997163976973496,62.25467961694339,60.93030544935546,61.040672302246094,3894100,-0.026172349872114586
2023-09-18,61.132641883621595,61.52811434011933,60.507243743503665,60.70957946777344,1500300,-0.0054388988252150605
2023-09-19,60.562420932906605,61.17862005321318,60.43366311722388,60.95789337158203,945600,0.004081851012226239
2023-09-20,60.939502012766894,61.895993649376784,60.939502012766894,61.3073844909668,991200,0.0057169472376202585
2023-09-21,60.985480920565955,61.67525791309273,60.902711049514465,61.15102767944336,860500,-0.002553632596072759
2023-09-22,61.1786245901146,61.509718145502,59.92783529026527,59.99221420288086,1032700,-0.01913187735322589
2023-09-25,59.99220936772503,61.6384710028946,59.84505356973521,61.3073844909668,1460400,0.021685509949298663
2023-09-26,60.78314376436775,61.105045299959144,59.983006962847185,60.028987884521484,914800,-0.021072723505707158
2023-09-27,61.197018742975,61.34416752683633,59.51396111126705,59.77147674560547,1876700,-0.00429900729199173
2023-09-28,59.53236007986394,60.37848489719877,59.3944032686784,60.31410598754883,1151300,0.009037436849124315
2023-09-29,60.80154212354758,61.242995461584904,60.40606970746973,60.829132080078125,996100,0.008502813754699641
2023-10-02,60.49805016636076,60.61761602328106,58.95294915346725,59.11849594116211,1454400,-0.028524984734616905
2023-10-03,58.906961640380366,59.054110425902365,57.67455635485622,57.93207550048828,1863700,-0.02027262333932703
2023-10-04,57.849299680341495,58.217178645433044,56.89280805600635,57.28828048706055,1500500,-0.011175138418127692
2023-10-05,57.159523695774695,57.159523695774695,55.06259917287553,55.099388122558594,1492500,-0.03895746253668674
2023-10-06,54.7590994633011,54.93384171284538,53.11283079239821,54.04172897338867,1814500,-0.01938210433705758
2023-10-09,54.00494384280462,54.115307184816075,53.195604481816744,54.023338317871094,1138200,-0.00034036263810491887
2023-10-10,54.078516526298166,55.246539343215,54.02333661122931,54.77749252319336,1698400,0.013863244937268529
2023-10-11,54.869464186187386,55.09938986640245,53.18641003137459,53.5634880065918,1796500,-0.02241174715366947
2023-10-12,53.56348953178187,53.655458403131675,50.82277225819697,51.17226028442383,2433900,-0.04567004814823573
2023-10-13,50.94233215696597,51.67809361767604,50.47328532213435,51.49415588378906,1679300,0.006270729342234184
2023-10-16,51.92640999913925,52.80012820522855,51.4021797771631,52.257503509521484,1361600,0.01471516512613523
2023-10-17,52.05517026096138,54.27165357841746,51.77006467565897,53.71983337402344,2273900,0.02759878152881505
2023-10-18,53.43472498170539,53.68304512945828,52.892100253294416,53.351951599121094,1052000,-0.006871711770215069
2023-10-19,53.2967688202939,53.40713215501597,51.95400380461605,52.07356262207031,960200,-0.024253173437123906
2023-10-20,51.88963040591962,52.20232949894179,50.65723201926561,51.55854034423828,1406500,-0.009939516871232021
2023-10-23,51.15386514641301,51.15386514641301,49.663947697826714,49.8478889465332,1729800,-0.03374172042481414
2023-10-24,49.9306588748432,50.8135725974189,49.866279968512934,50.5744514465332,1412400,0.01447038926105697
2023-10-25,50.2249600001362,50.445686661429406,49.452409668835934,50.35371780395508,1787400,-0.004374081015260327
2023-10-26,42.82135580155889,46.24264720630597,42.64661005614125,44.48601531982422,7713600,-0.12389757833772592
2023-10-27,44.46762429961577,44.49521776641721,41.864867473730946,42.15917205810547,3606200,-0.0537226113557348
2023-10-30,42.508657924100966,43.520329443324165,41.11070946462298,41.42340850830078,4806300,-0.017606122004015838
2023-10-31,41.36735045604511,42.67526272697111,40.442472639642865,42.18012619018555,4885200,0.01810302280699709
2023-11-01,42.04933605196583,43.23579857198567,41.72235973548478,43.00224304199219,2260900,0.019303111347559698
2023-11-02,43.44132768201483,44.40357530531614,43.15171754784258,43.45066833496094,1843000,0.010373955194971168
2023-11-03,44.19804739154892,44.68384329534784,43.47869597037212,43.85238265991211,1997200,0.009202820646748707
2023-11-06,44.00186198286331,44.26344660908243,42.6285578412554,42.81540298461914,1932700,-0.02393113327839402
2023-11-07,42.507104412145814,43.002240971483886,42.413683630156356,42.4510498046875,1592200,-0.008546277830770032
2023-11-08,42.488425199004574,42.50711007064466,41.087091899972336,41.14314651489258,2358900,-0.03129427842891423
2023-11-09,41.3860435615438,41.60091424411854,40.37708541885479,40.414451599121094,1758900,-0.017869930551333874
2023-11-10,40.36773948743101,40.51721489347613,39.85391800188684,40.27431869506836,1688800,-0.0034734212562594247
2023-11-13,40.17155008102228,40.56392165027169,39.88193994864215,40.059444427490234,2155000,-0.005349550964864584
2023-11-14,41.02169173829012,42.71263500039541,40.9749813466487,42.152099609375,1777300,0.050920034372283846
2023-11-15,42.23617998772997,44.095283521675306,42.17078472629328,43.7496223449707,3188600,0.03719848464760289
2023-11-16,43.65620354630969,43.871074227452155,41.769074250105355,42.16144943237305,1502200,-0.036976697683523366
2023-11-17,42.63789299036768,42.6565778586694,41.75038134679463,42.18012619018555,1183300,0.00044288378489294977
2023-11-20,42.29223244836142,42.320257969332516,41.292615144283815,41.73169708251953,1358200,-0.010688204811388886
2023-11-21,41.432749369670056,42.385656354506395,40.86287687316042,42.1147346496582,1830500,0.009136709192485291
2023-11-22,42.09605098573943,42.98355916928787,42.09605098573943,42.61921310424805,1341600,0.011907492302987677
2023-11-24,42.77803642431911,43.16106739299972,42.54448086869008,43.114356994628906,482100,0.011550887128481754
2023-11-27,42.87145265535131,42.88079687229531,42.254866196706686,42.37631607055664,1179900,-0.017266427634762015
2023-11-28,42.292236391093944,43.01158786119995,41.89986124204766,42.70329284667969,1488400,0.007686410178019542
2023-11-29,42.97421879223547,43.74028066821248,42.97421879223547,43.37593460083008,1674500,0.015628751919486483
2023-11-30,43.45066718100377,43.77764704582555,43.02092588140596,43.35724639892578,3006000,-0.0004309354730931864
2023-12-01,43.12369352355579,45.477933726741426,42.85276824963699,45.272403717041016,1980400,0.04322380783339924
2023-12-04,45.17898165154575,46.61768455121198,45.17898165154575,45.804908752441406,2611300,0.011693605989495029
2023-12-05,45.692807629634046,45.76754711619722,44.693190161388294,44.814640045166016,1691500,-0.02185639061764789
2023-12-06,44.908052262852834,45.45924339777521,44.45028546829183,44.70252227783203,1148800,-0.002504945935515294
2023-12-07,44.8613428173748,45.66477434249665,44.30080745474886,45.50595474243164,1515000,0.017813264029028223
2023-12-08,45.33780055690518,45.99175678559087,45.18832515295771,45.496620178222656,1528900,-0.00020514945318550077
2023-12-11,45.59004171785251,45.95438779822101,44.98279943849659,45.67412185668945,1745100,0.0038938347714970512
2023-12-12,44.58108172105893,45.795569791934476,43.99252077421187,45.188323974609375,3715500,-0.0106931418498303
2023-12-13,45.188322134387505,47.18755686505195,44.68384490712299,46.58031463623047,3298900,0.030339284860617332
2023-12-14,47.467822179020594,48.495464976806886,47.02873668865912,47.9162483215332,2461000,0.028276641107336305
2023-12-15,47.7948046487632,47.99099044330435,46.58031657675056,47.06611251831055,3325500,-0.017901397658755543
2023-12-18,46.94466560439425,49.112060825803596,46.48689515780289,48.55152893066406,2304100,0.031072423487775037
2023-12-19,48.77573435852914,49.130739749821295,47.94427727042405,48.00033187866211,1860300,-0.011417761096428397
2023-12-20,47.906912415500265,48.430078121066614,46.70176850760559,46.71110916137695,1779400,-0.027225905096471548
2023-12-21,47.19690419004364,47.88822659623337,47.11282405266654,47.720069885253906,1136100,0.021370041787954704
2023-12-22,47.635987385791104,48.34599462772196,47.34637724612513,47.66401290893555,842200,-0.0011753949113946585
2023-12-26,47.62664492321828,48.1217815238061,47.39308938501276,48.019020080566406,952200,0.007420517296523626
2023-12-27,48.047040474957186,48.140461254755365,47.140843943062734,47.64532470703125,844800,-0.007812676189057208
2023-12-28,47.45848097403054,48.12177779584314,47.252954539698464,48.08441162109375,947100,0.009173533953680596
2023-12-29,47.850857076718384,48.196518255675954,47.430456419189184,47.70138168334961,863400,-0.007997678281273606
2024-01-02,46.97268908034456,47.80414623282298,46.42149786320638,46.6176872253418,1812500,-0.022980340271731015
2024-01-03,46.15057433578365,46.15057433578365,44.70252719304487,44.94542694091797,2140600,-0.03653100414469633
2024-01-04,44.69318963014155,45.244380863781146,44.272788932657996,45.178985595703125,1452000,0.0051830391138015085
2024-01-05,45.076216297430314,45.61806682571066,44.83332011963965,45.19766616821289,1393600,0.0004133937783974353
2024-01-08,45.235032526793084,46.72979003019301,45.16963726467038,46.58031463623047,1677100,0.03013256712433934
2024-01-09,46.15991529603947,46.88860741695725,45.87030515281016,46.804527282714844,1591000,0.004801915872188694
2024-01-10,46.91663708704813,47.48651316357327,46.74847681647433,47.411773681640625,1583400,0.012890652710351213
2024-01-11,47.34637807052455,47.34637807052455,45.459248930824366,46.243995666503906,2155400,-0.02493895566169392
2024-01-12,46.57096611150333,46.8232064836897,45.02950192206329,45.412532806396484,1310400,-0.018143512147690798
2024-01-16,45.06687964447535,45.07622029823791,43.581466231992785,44.011207580566406,2041700,-0.031343800732659396
2024-01-17,43.469359417351754,44.160685438727654,43.16106793322568,44.132659912109375,1867000,0.0027557767059682085
2024-01-18,44.506343357812085,44.59976771255051,44.01120675091,44.525028228759766,1323300,0.008851367244178567
2024-01-19,44.590423240892356,45.26306433607405,43.97383675823405,45.0855598449707,1531700,0.012510551245263232
2024-01-22,45.37516708414551,45.59938195606915,44.96411064335574,45.19766616821289,1517800,0.002483437639754709
2024-01-23,45.702147161754624,45.954387577051484,44.76792498529578,45.13227462768555,1167700,-0.0014478378126716177
2024-01-24,45.58069596419319,45.59938083337467,44.86134453769125,44.95476531982422,1098600,-0.003940845158086632
2024-01-25,45.674116353309905,47.01939841260494,45.42187596719208,46.78584289550781,1694100,0.03992388584007497
2024-01-26,47.280977818606274,48.08440933987963,47.15952795605294,47.74808883666992,1578800,0.02035838683497708
2024-01-29,47.70138593570684,48.10310175940423,47.39309090477752,48.02836227416992,1396100,0.005852675355683297
2024-01-30,47.794804525831545,47.92559505518924,47.29032371507358,47.346378326416016,1172400,-0.014301387710208219
2024-01-31,47.34637572792113,47.725299751719895,46.24750039532949,46.37065124511719,2040600,-0.02082358656790801
2024-02-01,46.53170023085749,47.42217076772465,46.256984057057174,47.31796646118164,1043700,0.020223321153274146
2024-02-02,46.95797977726414,47.962125901075176,46.35170423597721,47.43163299560547,1279500,0.0023993048963547947
2024-02-05,46.91062142661895,46.91062142661895,45.54650127702381,46.55064392089844,1526300,-0.018748532375418344
2024-02-06,46.560116567363664,47.270596452234805,46.34223288929146,46.6453742980957,1526400,0.002032928265235264
2024-02-07,46.61695175616403,47.71582714592258,46.30434249190136,47.27059555053711,1727600,0.013314678857256157
2024-02-08,47.64004960177358,48.60630276377521,47.583209905060116,48.009498596191406,1476900,0.015510435114333858
2024-02-09,48.12317362717476,48.40736487894455,47.583209164705806,47.92424011230469,1443300,-0.0017774457136983828
2024-02-12,47.838975971349534,48.937851314460765,47.65898904585012,48.58734893798828,3155900,0.013741754064290105
2024-02-13,43.71819709210619,48.009494446652255,43.66135740030547,47.93370819091797,7515500,-0.013544210119073967
2024-02-14,47.83898176177914,49.94200350253843,47.49795081855463,49.91358184814453,3748900,0.0404741700654677
2024-02-15,50.01777924895831,50.29249898351204,47.56425542776893,48.35999298095703,2889400,-0.03162026644331687
2024-02-16,47.84844816369744,48.483145377104975,47.74424748759498,48.10422134399414,1330900,-0.005302945514809294
2024-02-20,47.67793691694085,47.981074701725426,47.1095508602042,47.545310974121094,1649200,-0.011686763493035438
2024-02-21,47.25164710814972,48.04738467693351,47.119024782300315,47.45058059692383,1467400,-0.0019944106430531613
2024-02-22,47.649513804559106,47.715824967092566,46.50327386512381,47.51689147949219,1672200,0.0013964969667012998
2024-02-23,47.734773175800576,47.952653233593246,46.9769287109375,46.9769287109375,1651500,-0.011428655221805518
2024-02-26,47.033767415552425,47.05271036480061,46.076985862586824,46.105403900146484,1407800,-0.018726438305038944
2024-02-27,46.23803506949656,47.87687500503297,46.15277733348887,47.63057327270508,1992400,0.03254468630483405
2024-02-28,47.100075813079826,48.312626860251335,47.005343003965066,47.763187408447266,1200500,0.0027803541914049384
2024-02-29,48.28421388070492,48.710498918456985,47.62109860220858,47.640045166015625,2028700,-0.002581512334451059
2024-03-01,47.602149963378906,48.16106092341682,46.6169503704837,47.602149963378906,1324200,-0.0007957650405888149
2024-03-04,47.431636711363865,48.284214016643425,47.431636711363865,47.71582794189453,1643800,0.0023852380193134753
2024-03-05,47.308488819623,48.113701572586734,47.232706173117016,48.056861877441406,1303500,0.007121766708511057
2024-03-06,48.37894284434963,48.909435787233846,47.848449901465415,48.63471603393555,1176900,0.011952665342996346
2024-03-07,48.7957536197577,49.45886885709128,48.34104695767712,48.65365982055664,1581500,0.00038943577162479687
2024-03-08,49.051531290439755,49.69570002418207,48.20842905137081,49.02311325073242,1680700,0.007564852532482455
2024-03-11,48.7010284420988,50.37776142968732,48.55893101747579,49.799903869628906,1801500,0.015721167809840238
2024-03-12,49.70517432560019,50.34934304913525,49.04205903799791,50.292503356933594,1257400,0.009842973668775156
2024-03-13,50.02726380186444,50.75669033143052,50.02726380186444,50.24514389038086,1287700,-0.000942124096842026
2024-03-14,50.12198568871718,50.3303942705993,49.70517213864038,50.17882537841797,1676900,-0.001320770769896065
2024-03-15,49.98936532627821,51.012454485327176,49.83779642813438,50.500911712646484,3942900,0.006398257332075431
2024-03-18,50.44407098414893,50.65247956994701,50.15987975767996,50.481964111328125,1230300,-0.00037526365507243713
2024-03-19,50.519858029395884,51.55241865853747,50.519858029395884,51.495582580566406,1286600,0.019879902677112947
2024-03-20,51.36295991238949,51.808191512907946,51.06929359459804,51.419795989990234,1216000,-0.0014727945488422882
2024-03-21,51.467159326541925,53.15336359099233,51.44821276457553,53.10599899291992,1685100,0.03226666294389304
2024-03-22,53.13442385223708,53.29546422910054,51.81766834282345,51.95029067993164,1212700,-0.02200258434277126
2024-03-25,51.656621783840315,53.04916348161264,51.656621783840315,52.9733772277832,2592700,0.01950215798358557
2024-03-26,53.20073483674993,53.267046005074626,51.20191747062298,51.7324104309082,1360700,-0.023704991578877475
2024-03-27,52.09238350984314,53.62701895391375,51.969232658956734,53.503868103027344,1298600,0.033669472966387684
2024-03-28,53.51334526731369,54.03436311463302,53.2007323907096,53.54176330566406,1079900,0.0007080196309007969
2024-04-01,53.24809133583573,53.44702481053011,52.670233859515506,53.29545593261719,1134300,-0.004610898920532942
2024-04-02,53.04916258670824,53.04916258670824,52.26289647808528,52.81233596801758,1052200,-0.00910627380836234
2024-04-03,52.755495744711915,52.95443284880124,51.76082467901482,52.51866912841797,2001800,-0.005576090349471264
2024-04-04,53.13442532532046,53.996474154110494,52.414473926621596,52.90707015991211,1741700,0.007368272517736974
2024-04-05,53.12495217595801,53.98700097758852,52.77444615642613,53.4470329284668,1517900,0.010154143419862116
2024-04-08,53.9964745679453,55.10482152187509,53.91121683197471,54.55538558959961,1867200,0.020525310218191633
2024-04-09,54.564855432517696,55.40796129130378,54.29013928144433,54.309085845947266,1171400,-0.004524895232515418
2024-04-10,53.34283144222317,54.29013796222487,52.85023161817978,53.788063049316406,1542600,-0.009639973612576146
2024-04-11,53.89226621290603,53.89226621290603,52.063964378604226,53.26704406738281,1619900,-0.009733736383976246
2024-04-12,53.05863656576956,53.34283141256212,52.509200663591635,52.859703063964844,1636900,-0.007676538003557032
2024-04-15,53.66491664411689,54.01541905017486,52.3292145745411,52.660770416259766,1197400,-0.0037705077853591043
2024-04-16,52.38604891588179,52.83128412886489,51.95976026660941,52.13027572631836,971800,-0.010124895997666163
2024-04-17,52.20606283638782,52.65129805666466,51.83661387219538,51.93134307861328,1081200,-0.0038233671996457277
2024-04-18,52.5565674663388,52.5565674663388,51.40085230783224,52.045021057128906,1422500,0.0021866127894418328
2024-04-19,51.969236155518246,52.72708064717852,51.86503186034854,52.35763168334961,1486400,0.005988575046286336
2024-04-22,52.603931232719056,53.27652162537166,52.262900298683974,52.954437255859375,1401200,0.011334160794114404
2024-04-23,53.285995694391694,55.18060887463673,53.05864052273964,55.0764045715332,3189000,0.03928952584838166
2024-04-24,60.15396236947435,62.882202470360866,59.85082458048696,61.60334014892578,7253300,0.11199469701550782
2024-04-25,61.56544792447811,61.83069259030889,59.87924349680373,61.546504974365234,2374900,-0.0009230247677343143
2024-04-26,61.167582295815286,61.385465977556684,60.144493123489404,61.072853088378906,1881800,-0.007725603025346155
2024-04-29,61.110744086744475,61.2717844565106,60.47604685524342,60.892860412597656,1657000,-0.0029515312341861313
2024-04-30,60.634272450120314,60.93116829625712,58.60386933303101,58.70922088623047,1624900,-0.036519133797226405
2024-05-01,58.40274542542786,58.87203770978918,57.4545887569549,57.789794921875,1202800,-0.01578459779681831
2024-05-02,58.65175716512055,59.52329682233579,57.61740048000017,58.59429168701172,1542900,0.013825078708733129
2024-05-03,59.12105253902949,59.542455132900635,58.421905582767295,58.88161849975586,1327900,0.004891681796377784
2024-05-06,59.18808933474016,59.39879244259586,58.23035324953895,58.3357048034668,991900,-0.009314623947317692
2024-05-07,58.46978653943103,58.87203758998979,58.230352521125845,58.575138092041016,903200,0.0040960037135432835
2024-05-08,58.153734310755986,59.11147036381337,57.933455456969554,58.72837448120117,928800,0.0026126494077426984
2024-05-09,58.74753054728166,59.02527488378805,58.26866251336299,58.44105529785156,739300,-0.004904346804271051
2024-05-10,58.527252880785724,58.527252880785724,57.18642089714603,57.55036163330078,836900,-0.015358225561031728
2024-05-13,57.990922141971886,58.527255691882814,57.55994015128216,58.39317321777344,826900,0.014538567086503829
2024-05-14,59.121046697204484,60.05962759999795,59.006119392681825,59.55202865600586,1394500,0.019651375607464414
2024-05-15,59.52329637645625,59.59991335988768,57.483317587287615,57.952606201171875,2051900,-0.027224819605210185
2024-05-16,57.93345621933239,58.0100732047792,56.6596654983368,56.96614074707031,1480400,-0.01716847269514969
2024-05-17,57.11937655843595,57.64613064713513,56.42022969111188,57.58866882324219,1412000,0.010868757178488484
2024-05-20,58.364434679809236,59.705266636654414,58.1728903889512,59.45625686645508,1940900,0.031915036929288564
2024-05-21,59.27428342490852,60.203288560560225,58.92949786308013,59.83934783935547,1457200,0.006422571740193874
2024-05-22,59.13062777176014,59.13062777176014,57.40669988792522,57.78022003173828,2008900,-0.035016932074343574
2024-05-23,59.85850775486572,60.002169634866746,57.0810715336506,57.799373626708984,1775200,0.0003314355854657077
2024-05-24,57.9717647992736,58.230353983956114,57.42585551610161,58.09627151489258,1488000,0.005123549505306731
2024-05-28,58.09627286683313,59.159360544108935,57.531208410149304,59.14020538330078,1555100,0.017809499033806717
2024-05-29,58.460211977862386,58.64218052023317,57.25346245506126,57.684444427490234,1572900,-0.024923444061150747
2024-05-30,57.799369989732355,58.086693731654805,56.238262836217636,57.75148391723633,2285400,0.0011615014189122021
2024-05-31,57.914300143495105,58.46978515298532,56.90867436768036,57.25345993041992,14545000,-0.00866096853428809
2024-06-03,57.25346007026018,57.35881162062938,55.63488745619404,56.190372467041016,2061600,-0.018742642265007582
2024-06-04,55.73066552884707,56.0084098905542,54.935746420222266,55.06025314331055,2101200,-0.02031733651505668
2024-06-05,55.09855804636219,56.11375965308492,54.21744256592137,56.0946044921875,2078000,0.018611533999549595
2024-06-06,55.97967617501968,56.314882351021524,55.74981790185176,55.922210693359375,1552700,-0.003078001006344378
2024-06-07,55.56784469460856,56.39149826193441,55.56784469460856,55.979671478271484,1132800,0.0010269852275459092
2024-06-10,55.826435243785895,56.343613587734794,55.29010174041595,56.00840377807617,1166900,0.0005131314270624823
2024-06-11,55.7689730624052,56.276572029914654,55.7402421483117,55.922210693359375,884400,-0.0015401166546083263
2024-06-12,56.822483745071224,57.042762606469424,55.72108578460702,55.8455924987793,1479600,-0.0013710246492010193
2024-06-13,55.99882633112257,56.621352552845984,55.33798613824298,55.56784439086914,982900,-0.00498590997727272
2024-06-14,57.751484265821894,59.07316106483406,56.870368835462564,58.9007682800293,4205100,0.05824943871530748
2024-06-17,58.58471498431704,59.571185643276266,58.27823972720542,58.97739028930664,1962500,0.0013000206484146788
2024-06-18,59.21682464851679,59.22640040196136,58.03880603380537,58.09627151489258,1600900,-0.015052666807669675
2024-06-20,58.13458115080093,58.479366726316094,57.80895073542253,58.057960510253906,1817400,-0.0006596575150120033
2024-06-21,58.1250014943055,59.647802010640405,57.64613345336337,59.62864685058594,2202600,0.02669427974891297
2024-06-24,59.62864674850889,59.9447014086568,58.97738957513783,59.1689338684082,1372400,-0.007739472034786592
2024-06-25,59.063584120753234,59.14978051674944,56.8703712065802,56.8895263671875,1243000,-0.039285385102161216
2024-06-26,56.67882104002427,57.15768907608161,55.38587880405873,55.577423095703125,1443900,-0.023334193951441016
2024-06-27,55.357141630777484,55.83600964428503,55.108131871281685,55.701927185058594,1041000,0.0022376863450974675
2024-06-28,55.98925086736339,56.726708094063305,55.61573437733414,56.02756118774414,5116600,0.005828988021618452
2024-07-01,55.970093222523715,56.13291025017745,54.974050511153585,55.0889778137207,1034900,-0.01689407725912458
2024-07-02,54.83039078183041,54.94531808888095,53.74814798447418,54.64842224121094,1091200,-0.008029312507246152
2024-07-03,54.648424509466466,55.03151676669346,53.75772962254049,54.61968994140625,826400,-0.0005259045826451218
2024-07-05,54.265325381546816,54.38983209316383,53.537447578537744,54.19828414916992,1141800,-0.007745189199891838
2024-07-08,54.27490126925382,54.81123478307193,54.169553370595466,54.42814254760742,1122700,0.004232096157501487
2024-07-09,54.08335702179744,54.964472452201,54.07377761515605,54.15039825439453,1458600,-0.0051160182658456866
2024-07-10,54.370678402549956,55.14644595262414,54.23659593417317,54.734619140625,910000,0.010731072218581593
2024-07-11,55.02193662633054,56.24783759727858,54.99320206056121,56.10417938232422,1239600,0.024713908257083538
2024-07-12,56.42023007217554,57.722751673484034,56.32445792939177,57.215152740478516,1107900,0.019608462806722366
2024-07-15,57.46416533799687,57.48332049819299,56.506429249030255,56.994873046875,1222600,-0.0038574541110694568
2024-07-16,57.17684450465355,59.51371921634558,57.01402747182282,59.494564056396484,2019500,0.04292363073820663
2024-07-17,59.3604819890763,59.74357788368594,57.9813433447334,58.1058464050293,1754500,-0.023618662593334578
2024-07-18,57.90472468113869,59.015698429264525,57.310929312349025,57.71317672729492,1038700,-0.006780771787840104
2024-07-19,57.51204990120027,57.51204990120027,56.04671489267972,56.50642776489258,1253700,-0.02113111616822223
2024-07-22,56.96613811521572,58.737951946913164,55.54868924194156,57.320499420166016,3558400,0.014303918333231946
2024-07-23,56.87994399498715,56.966140386489926,55.68277392048928,55.816856384277344,1314900,-0.02658240625681373
2024-07-24,56.199953493863106,57.44500966777073,56.199953493863106,56.90867614746094,2253700,0.019371900623219133
2024-07-25,61.726089119565735,62.36777786397581,57.96218958353211,58.919925689697266,4099000,0.034731520255355045
2024-07-26,59.67653650838756,61.18975761620718,58.6613349475149,61.15144729614258,2088400,0.03717419943258713
2024-07-29,61.505813529863204,62.18580528423693,60.54807742957121,61.96552276611328,1780300,0.01322461613582683
2024-07-30,62.15707524686745,63.01903921067481,61.65904837580245,62.741294860839844,1625200,0.012441695115794781
2024-07-31,62.741290134182655,63.22015815500572,61.46749944512624,61.73566436767578,2244300,-0.016158048504418366
2024-08-01,61.63031515025836,62.83706465433351,61.49623268391072,62.26242446899414,1200400,0.008496312726112565
2024-08-02,61.41004053822881,61.86017036135186,59.9734327540383,60.777931213378906,1630900,-0.02413135567562394
2024-08-05,59.44668113163303,60.605540968879204,57.349240328011774,60.1937141418457,2182200,-0.009658819002536694
2024-08-06,60.356525004917145,62.00382849095189,60.21286313913291,61.00778579711914,1514600,0.01343356143226511
2024-08-07,61.64947638907072,62.2049577828158,60.36610619460862,60.43314743041992,798600,-0.009463739124051965
2024-08-08,60.67257717697232,61.54412048795145,60.5384947148134,61.31425857543945,1093800,0.01447466615966157
2024-08-09,61.218485712555925,61.71651254353265,60.92158987939993,61.55369186401367,1313200,0.0038974132928405888
2024-08-12,61.38130114089462,61.52496301260117,60.04047283668393,60.42356872558594,993800,-0.018530592858437632
2024-08-13,60.5959601774336,61.467499834716605,60.5384946993203,61.36214828491211,876500,0.015413928091429718
2024-08-14,61.50581249119383,62.32946610809135,61.50581249119383,61.88890838623047,977400,0.008547810020533795
2024-08-15,62.607208520175945,63.41170329871184,62.607208520175945,63.2488899230957,1364000,0.021736599201772608
2024-08-16,63.038193336337805,63.83311609747623,62.87537994389653,63.53621292114258,965000,0.004532448741630574
2024-08-19,63.57451663484148,63.75648882332662,63.153117739799455,63.526634216308594,782400,-0.0001507711351969073
2024-08-20,63.65113454573572,63.65113454573572,62.837060396092944,63.095645904541016,846800,-0.006807490368318962
2024-08-21,63.6861445590846,64.45088254066151,63.347338462289514,64.44120025634766,810100,0.021101420018587398
2024-08-22,64.85745648864479,65.21562719069141,64.33472386353071,64.68321228027344,856700,0.003748513585533396
2024-08-23,64.98329464414233,65.89323741362466,64.87681166535528,65.84483337402344,808300,0.017799266907088385
2024-08-26,66.10619453232673,67.01613718014319,65.97067210206707,66.31916046142578,949200,0.007177887262049555
2024-08-27,65.80611594545891,66.64829006617826,65.34146229731579,65.77706909179688,1214800,-0.008207568294526287
2024-08-28,65.77707660220952,65.8448378309862,65.0220208000066,65.55443572998047,734600,-0.0033904062148681605
2024-08-29,65.55443071198889,66.62893538992606,65.12849880061357,65.8545150756836,1184200,0.004567114575749483
2024-08-30,66.00940140751081,66.09651981461357,65.07041918649995,65.98036193847656,1240200,0.0019091594556465944
2024-09-03,65.98035945408955,66.11588189475944,64.90585482776471,65.10913848876953,1359100,-0.013292235829711991
2024-09-04,65.17689783644427,66.08683314259508,65.10913661805624,65.81578826904297,1103600,0.0107948373137219
2024-09-05,65.87387185146791,65.96099024916731,64.91552516426297,65.63186645507812,840200,-0.0027984057133053396
2024-09-06,65.64154967808523,66.08683877766371,64.044319767687,64.37344360351562,1013600,-0.01936016547583813
2024-09-09,64.40247809526986,66.0868336696473,64.09271146796573,65.46730041503906,1091800,0.016849606020656376
2024-09-10,65.46730240767505,65.58346766598194,64.66385004033143,65.43826293945312,890200,-0.0004436400610959241
2024-09-11,65.10913558051459,65.37049816572666,63.734539280889685,65.2640151977539,1055300,-0.0026663321774438218
2024-09-12,65.23498287748863,65.93195969496512,65.08977814294443,65.15753936767578,1628000,-0.0016327953471873336
2024-09-13,65.60282767413824,66.91933778328762,65.55443102015775,66.53213500976562,1235600,0.020877044077996645
2024-09-16,67.50014860709385,69.0489816714129,67.42270510752324,67.5582275390625,2160200,0.015304792063420945
2024-09-17,67.85832415137683,68.44881801800732,67.43239959747777,68.1680908203125,1188900,0.008986722590819398
2024-09-18,68.57465588767869,69.89116603283814,68.45849800661266,68.88442993164062,1251400,0.010453592983252729
2024-09-19,69.93956503952636,69.93956503952636,68.58433323641711,69.5233154296875,1123600,0.00923199831116038
2024-09-20,69.01994133402941,69.44586580545308,68.46816933103771,68.93281555175781,1349900,-0.0085298275206255
2024-09-23,69.24259584945544,69.9492549893341,68.93282917926398,69.18451690673828,974800,0.0036447508670762615
2024-09-24,69.23290505876828,69.83308113965532,68.90378124324316,69.64915466308594,1074700,0.006693469759006502
2024-09-25,69.3297136124263,69.47491095238829,68.21648723172999,68.96186065673828,1146200,-0.009916955553222645
2024-09-26,69.32971816043278,70.09445620454865,69.2522746504267,69.68788146972656,898100,0.010472827971822285
2024-09-27,69.86212615456523,70.47198456827901,69.52332002773517,69.79436492919922,837000,0.001526839191485772
2024-09-30,69.63948624618556,70.1912583418339,68.79730467475609,70.00733184814453,1525200,0.003046702416228871
2024-10-01,70.58814439032929,71.11087702271143,69.71692333635905,70.5591049194336,2136800,0.007850748983683526
2024-10-02,70.27836651151225,70.78174187811902,69.7169122123811,70.0460433959961,1285100,-0.007297937617732121
2024-10-03,70.37518098542584,70.49134625865786,69.32004078222727,69.50396728515625,1148600,-0.00776895443694815
2024-10-04,70.16221180902464,70.24933021173806,68.87474125363148,69.99764251708984,1291300,0.007077728973724742
2024-10-07,69.68787941366072,70.50102147389441,69.68787941366072,70.17189025878906,1944100,0.0024862440218856377
2024-10-08,70.32677924449308,70.64622818372806,68.83602491348279,69.80404663085938,901300,-0.005255824434821769
2024-10-09,69.69756272309827,70.22029532977186,69.49427905140624,69.92988586425781,584700,0.0018011268296907322
2024-10-10,69.82340394728824,70.23965358196189,69.69756378254304,70.02668762207031,808600,0.0013833115635432445
2024-10-11,70.02668607507638,70.49133973961307,69.69756224281996,69.82340240478516,704600,-0.0029071895545070827
2024-10-14,69.50395927015406,69.67820346719864,68.64242056960559,69.28131103515625,766700,-0.00779404378799244
2024-10-15,69.48459012282528,70.71398170581368,69.23290243580566,69.34906768798828,1164800,0.0009775153015006476
2024-10-16,69.34907731251805,70.00733239540384,69.14579363205006,69.32003784179688,1388300,-0.0004186923468581704
2024-10-17,69.34907181670215,69.61044180331909,69.00058342482572,69.51363372802734,1294500,0.002788891333383899
2024-10-18,69.59108005000209,70.65590245252478,68.98122903225115,70.60750579833984,1241400,0.01561355119152728
2024-10-21,70.7139929714757,70.85919032806234,69.290999793567,69.63948822021484,1163200,-0.013804687333618141
2024-10-22,69.5330028255161,69.58139948089453,68.59402056322213,68.76826477050781,1300900,-0.01258939528665536
2024-10-23,68.50689530778394,69.51363880389249,67.9164088408187,68.08097076416016,2174900,-0.010044627320524493
2024-10-24,68.19712566657732,68.35201268325103,63.75390961797723,63.98623275756836,3237200,-0.06202979627497517
2024-10-25,64.63479605782034,66.27075485113045,64.18950702821903,64.29598999023438,2267200,0.0048293181713267
2024-10-28,64.53800545756775,64.85745439349911,62.92141097876779,63.695831298828125,2442900,-0.009378147509753382
2024-10-29,63.14405867284277,64.31536404233584,62.95044990179879,63.5312614440918,1678000,-0.0025870267562220616
2024-10-30,63.13437494689854,65.20594074455926,62.79556883707913,64.51864624023438,1518100,0.015422180057562735
2024-10-31,64.29599947252171,64.53800489726208,63.51190425969713,63.5312614440918,1132400,-0.015422180057562665
2024-11-01,63.79262676079537,63.97654584802622,62.921405818531916,63.71518325805664,1363700,0.0028907989135136727
2024-11-04,63.80231622811388,64.90586041741606,63.753912187097924,63.947513580322266,1210100,0.0036397567105928173
2024-11-05,63.94751219387201,64.84777268514411,63.599023785288,64.81873321533203,1205800,0.013532007822166875
2024-11-06,65.24466232202636,65.58346843093257,60.617516208033884,61.45969772338867,2295600,-0.053213015983625975
2024-11-07,62.088905334472656,62.563233854385146,61.566172780001864,62.088905334472656,1187700,0.010185676493638097
2024-11-08,61.79850295184873,62.495476036341636,61.66298051021705,62.321231842041016,1060700,0.0037348528488689464
2024-11-11,62.621323432510195,62.708441836747305,61.96306840951513,62.09859085083008,1556500,-0.0035788706980957805
2024-11-12,61.97274497461431,62.146989173191905,61.1208885512457,61.39193344116211,1367900,-0.011444847726343355
2024-11-13,61.33384981169117,62.340593172526205,60.63687307069623,60.78207778930664,1824300,-0.009983477026821005
2024-11-14,60.753036142706215,61.43065202524507,60.2883862013763,61.0434455871582,1111100,0.004290861087589296
2024-11-15,60.85952098158487,61.16928761864741,60.15286560999161,60.22062683105469,1168500,-0.013570901386096753
2024-11-18,60.30774843975842,60.47231404151332,59.61077535837113,59.717254638671875,1484100,-0.00839393095432404
2024-11-19,59.242925348917446,59.97862017353515,58.89443696625818,59.78501510620117,1341400,0.0011340449840149332
2024-11-20,59.36399464230134,60.58789357015243,59.2464976559966,60.55851745605469,1570400,0.012855082202249023
2024-11-21,60.607478060370745,60.85225785264196,60.206039350447675,60.61726760864258,1495500,0.0009696682742326418
2024-11-22,60.61726765363225,61.292858536186664,60.5487296105489,61.21453094482422,2107500,0.00980479855087597
2024-11-25,61.75304579542662,63.71128413676894,61.684507752283096,63.006317138671875,2000600,0.028850398332729184
2024-11-26,62.67342090795228,62.71258657162798,61.56701518689488,62.66362762451172,1631200,-0.005453815774672777
2024-11-27,63.13360765932064,63.26089046277597,62.1544847497662,62.55592346191406,1017800,-0.0017202455722520435
2024-11-29,64.62186543434674,64.90581089099895,63.2804694777663,63.789615631103516,1492300,0.019529480640301557
2024-12-02,63.789619551083085,64.79811116628787,62.908410746991116,63.37839126586914,1414600,-0.00646744112220868
2024-12-03,63.28047149013875,64.0931422225987,63.084650637296534,63.9560661315918,1130800,0.009073409361441484
2024-12-04,63.97564573808617,66.09054682203286,63.90710769203716,65.85556030273438,2165400,0.02926748260263571
2024-12-05,66.02200945157567,66.41365863447201,65.25829765347558,65.69889831542969,1666400,-0.0023817066028170336
2024-12-06,65.8457653740444,66.06117279055624,64.5043693976394,64.60228729248047,1559900,-0.016832339773381853
2024-12-09,64.76873273387363,65.32683034598051,63.52524724035146,63.623165130615234,1218700,-0.015272181522792723
2024-12-10,63.55462718720117,64.4847873854474,63.4469234838144,63.9952278137207,1044100,0.00583087952562759
2024-12-11,64.43583103800644,64.62186607319029,62.996524643889714,63.03569030761719,1752500,-0.015107436365874367
2024-12-12,62.36989529460646,63.33922496945605,62.00762222766177,62.712589263916016,2121000,-0.005138865610533212
2024-12-13,62.43842956126396,62.66362652086814,60.15708011541786,60.47039794921875,1971900,-0.0364082579927332
2024-12-16,60.41165183103621,60.59768312347037,58.854852245271374,59.550025939941406,2185900,-0.015337223799212481
2024-12-17,59.21712746724768,59.55982142074732,58.50237091515061,58.894020080566406,1753300,-0.011077172542935505
2024-12-18,58.76673543105974,59.305250249538744,56.83786939219003,56.8966178894043,1660800,-0.03450365904547299
2024-12-19,57.004321401087374,57.425342958711276,55.290862789608866,55.33002471923828,1896400,-0.02792019614210393
2024-12-20,55.27127606094932,56.690999557386,55.251693229993414,56.377681732177734,5977300,0.018757662550046003
2024-12-23,55.819584022536525,56.13290560319151,55.300652041062854,55.59438705444336,1495700,-0.013991122317798378
2024-12-24,55.61397107028901,56.08394784870885,54.92858686778546,55.9566650390625,696100,0.006495308677043051
2024-12-26,55.4475185251565,56.36788918178737,55.2810663273895,55.809791564941406,1029400,-0.002628222511986135
2024-12-27,55.80979489106416,56.162278403772554,55.3789837838891,55.51605987548828,1139300,-0.0052769840476466524
2024-12-30,55.33002465888819,55.33002465888819,54.399864401706246,54.546730041503906,1390400,-0.01761457978110135
2024-12-31,54.5761052416181,55.14399242905033,54.50756346214408,54.7425537109375,1018200,0.0035835879287626077
2025-01-02,55.34960414620058,55.643342878130795,54.61526478646132,55.25169372558594,1675500,0.009257641427327438
2025-01-03,55.53564030443096,56.935781010959744,55.232112018280546,55.61396789550781,1125000,0.006535395253315875
2025-01-06,56.03499189759023,56.83786935037775,55.41814574994599,55.702091217041016,1324700,0.001583299672032784
2025-01-07,56.14269268574054,56.602879885350575,55.565012232947815,55.91749572753906,1983000,0.0038596232757275167
2025-01-08,55.83916440205515,55.976240486608816,54.83067286423044,55.91749572753906,1239500,0.0
2025-01-10,55.67271911909879,56.230816772410165,55.47689452924279,55.848960876464844,1167900,-0.0012263940675328537
2025-01-13,55.71188312595805,56.39726356749036,55.20274070150314,56.20144271850586,1264000,0.006291507989694383
2025-01-14,56.11331966911583,56.15248159636998,55.1537833530912,55.43772506713867,1428500,-0.013682107820734257
2025-01-15,55.73146030198742,56.32872358191746,54.42923377291515,54.98733139038086,1199400,-0.008157499553398338
2025-01-16,55.046082101280405,56.6126713125229,54.58589488639648,56.53434371948242,1503900,0.02774548658268303
2025-01-17,57.07286038921536,57.07286038921536,55.80979569548604,56.142696380615234,1175400,-0.006951707566241867
2025-01-21,56.642043732896255,57.27847270137328,56.38747438653143,56.720375061035156,1135900,0.010236895342382629
2025-01-22,56.446222225127855,56.71058111690904,55.72167238845606,56.05457305908203,948200,-0.01180775959058541
2025-01-23,55.809794782019296,56.45601330904094,55.6139701936702,56.33852005004883,1713300,0.00505275879892104
2025-01-24,56.60288319104077,56.61267273977639,56.01540942073164,56.22102355957031,701800,-0.0020877222736891098
2025-01-27,56.32872222377346,57.660324835109236,56.32872222377346,57.503665924072266,1334800,0.022557929335009143
2025-01-28,57.376385288138614,58.003024731728345,56.99452938668343,57.07286071777344,926200,-0.007519991207670623
2025-01-29,57.18056508020033,57.7680351298766,56.71058455840714,57.327430725097656,739200,0.004450520611532751
2025-01-30,57.48408407167807,58.463203216084274,57.48408407167807,58.31633758544922,1041000,0.017103056748932307
2025-01-31,58.31633787135083,58.31633787135083,56.26018541699143,56.63225173950195,1322700,-0.029303645481866893
2025-02-03,55.31044408701822,56.13290434710544,54.35090400438042,55.45730972290039,1544800,-0.02096511105443139
2025-02-04,55.457312144149064,56.08394784870885,55.2321151712631,55.9566650390625,1226600,0.00896402199056352
2025-02-05,57.49387849097824,58.81568786803184,56.798701046078506,57.67012023925781,2342300,0.030161639999120363
2025-02-06,58.4632056676826,58.80589962362119,57.59179019022601,58.40446090698242,1375000,0.012653079732035265
2025-02-07,58.54153591122955,58.54153591122955,57.42534065807724,57.816986083984375,1104100,-0.010109662919979426
2025-02-10,58.12051652754776,59.08005289894063,57.47429800252629,58.169471740722656,1293100,0.006078067189945278
2025-02-11,58.01281345317835,59.11921921126209,57.993230620685154,58.83527374267578,1345000,0.011380892042810259
2025-02-12,58.09114368397034,58.521954785538895,57.63095646669613,58.472999572753906,943500,-0.006176466695387655
2025-02-13,58.95276243863164,59.2073355062915,58.365292449489516,58.99192810058594,1227900,0.00883552076375951
2025-02-14,58.82547986621417,59.69689530531367,58.82547986621417,59.550025939941406,1170100,0.009416108708917853
2025-02-18,59.5500287128256,60.000422642876075,58.9331825785997,59.97105026245117,2027500,0.0070452187572507055
2025-02-19,59.53044542907239,60.225619150836636,58.9429754147731,59.863346099853516,2049100,-0.0017975505342065524
2025-02-20,62.761535640123114,68.57750574625732,62.42863498174155,67.61796569824219,5552900,0.12180931288300446
2025-02-21,67.33401758378048,67.78441894588833,65.67931137550312,66.14928436279297,3172800,-0.021959640404880486
2025-02-24,66.14929355473974,66.27658383697008,63.897323781701864,65.64994812011719,2109700,-0.007577261602789196
2025-02-25,65.56181846758196,67.71588511511743,65.3855767188753,67.11862182617188,2016200,0.022124718466064536
2025-02-26,67.38298402840941,67.52985340456978,66.47240286031928,66.59968566894531,1291100,-0.0077616711153096814
2025-02-27,66.0611735965244,66.52136081558021,64.51416346823494,64.63166046142578,1906800,-0.029995467098862725
2025-02-28,64.55333142237389,64.77853213312267,62.94757647557533,63.75045394897461,2232400,-0.013728085969425034
2025-03-03,63.75045115886517,64.48287151268757,62.81017454057714,63.037818908691406,1716600,-0.011241458359972811
2025-03-04,63.027924801287725,63.18628626960713,61.15727877687871,61.17707443237305,2325300,-0.029962327861775603
2025-03-05,61.17707336974715,62.671609465074745,60.919733628426,62.39447784423828,1833800,0.019704256813783697
2025-03-06,62.18662772059293,63.27536229977256,61.860005081458,62.85966110229492,1373800,0.0074278646721015786
2025-03-07,62.68150716183247,64.37399597852377,62.325192931869026,63.69105911254883,2190100,0.013139553380634031
2025-03-10,63.3842381379556,65.03713570380673,62.93884533482245,63.27536392211914,1723300,-0.006548135575435953
2025-03-11,63.27536532130762,63.53270506909065,62.008473564945774,62.30540084838867,2106000,-0.015447944829413864
2025-03-12,62.16683150924871,62.91904750302446,60.96921895211245,61.226558685302734,2113300,-0.017467052192700314
2025-03-13,61.06819761074856,61.592769244254896,58.49481914075462,58.692771911621094,2173000,-0.04226447766467925
2025-03-14,59.61325034779327,59.61325034779327,58.43543718845917,59.177757263183594,1902400,0.00822916621916398
2025-03-17,58.95011388202691,60.0388484996284,58.910522571225165,59.603355407714844,1533100,0.007166121890631284
2025-03-18,59.64294321125452,59.910178896915944,59.04908864909705,59.34601593017578,1501000,-0.004326880859222344
2025-03-19,59.50437608461708,60.157617598820956,59.049087345306674,59.9992561340332,1523700,0.010947173964608072
2025-03-20,59.761714935302734,60.9296321365948,59.22724358373482,59.761714935302734,2746700,-0.003966926923106369
2025-03-21,59.425196429384414,60.36546926557523,58.2176879170782,59.94976806640625,5505500,0.0031417752261290437
2025-03-24,60.207107271347304,61.1968673479385,60.13782059240167,60.96921920776367,1175100,0.016862120984724508
2025-03-25,61.10779179668751,61.117687736660905,59.97946208232324,60.41495895385742,1486400,-0.009132394591011882
2025-03-26,60.5436248498785,61.345331907919814,60.37536744144496,60.8603515625,1309800,0.007345181953661765
2025-03-27,60.98901659863044,61.137482124599714,60.17741361477144,60.7514762878418,750900,-0.0017905380697059866
2025-03-28,60.74157803734937,60.97912212950206,59.81120487565814,59.969566345214844,887400,-0.01295417700090245
2025-03-31,59.890383320389915,60.959326064444994,59.27673310193342,60.8603515625,1673300,0.014744715070608448
2025-04-01,60.69208963886128,61.53338422204777,60.315979739910006,61.503692626953125,1165300,0.010515294695134056
2025-04-02,61.06819719920111,62.26580598020153,60.81085746611843,62.048057556152344,968400,0.008811990942036175
2025-04-03,58.197894023191466,58.41564245675578,53.25899316231233,54.426910400390625,4110600,-0.13105049863910972
2025-04-04,52.298925161399886,53.94192681804332,50.59653653802167,53.40745544433594,3044000,-0.01890835674424783
2025-04-07,51.576398417706756,55.00096739132931,50.80438676283932,52.62554168701172,3528200,-0.014748765993884493
2025-04-08,54.43680669135976,54.93168675219031,49.88391164197286,50.19073486328125,3551400,-0.04737114010236417
2025-04-09,49.66616294890594,54.98117371742781,48.49824570936431,54.61496353149414,3401600,0.08447745737027977
2025-04-10,53.25899131640229,53.79345889064522,49.28015533781338,50.47776412963867,2461900,-0.07877497750743263
2025-04-11,50.358996621896004,51.63578432392433,48.5774291377052,51.507118225097656,1826000,0.020187091031586526
2025-04-14,52.279127851903084,53.01155198258666,51.75455621039796,52.8036994934082,1546400,0.024861238339201813
2025-04-15,52.49687814957629,53.14021996806062,51.437835113571616,51.952510833740234,1449000,-0.016251206306375974
2025-04-16,51.95250914600505,52.36820657438574,50.80438758466083,51.3487548828125,1401100,-0.01168935969077761
2025-04-17,51.26957201762961,52.42759328876152,51.26957201762961,52.110870361328125,1446500,0.014732882743941097
2025-04-21,51.378447736465745,51.62588776674647,50.03237336763693,51.012237548828125,1988800,-0.021308015289248125
2025-04-22,51.645684240681206,52.22964287242321,51.21019113971448,51.56650161743164,2149600,0.010806712331299297
2025-04-23,53.11052781279137,54.77332511408207,51.77435316294198,52.15045928955078,3866800,0.011260720284734299
2025-04-24,56.06991081498771,60.93952866339405,56.060011099695636,59.75181579589844,6126900,0.1360665917450665
2025-04-25,61.216661410933305,61.216661410933305,59.23714118712773,60.36547088623047,3857600,0.010217687164443205
2025-04-28,60.45454758503383,61.99857089563225,59.732019403043196,60.711883544921875,2348600,0.005722186540106001
2025-04-29,60.43475342620972,61.60267065323658,60.02895193381124,60.93952941894531,2248900,0.003742597544860756
2025-04-30,60.385261771600426,61.39481752219405,59.42519704629516,61.266151428222656,2265300,0.005345459961477895
2025-05-01,61.07809320295208,61.42451149390735,60.04874182080763,60.08833312988281,1715100,-0.019411813048451187
2025-05-02,61.05830025909255,62.11734328224198,60.42485438830805,61.1176872253418,2499300,0.016985605840998574
2025-05-05,60.66239761771999,61.32553507441087,59.71222882501283,60.563419342041016,1481100,-0.009110234652695597
2025-05-06,60.40505875681072,61.02860868795153,59.939874069063954,60.29618453979492,1532500,-0.004422242489160713
2025-05-07,60.781168700031,61.03850466945131,60.01905295603614,60.80096435546875,1636800,0.008336822855069405
2025-05-08,61.186968323823336,62.17672841159225,60.563418411351094,61.147377014160156,2613400,0.005681316967072508
2025-05-09,61.1869686239786,62.05795856266575,60.82075844688548,60.89004135131836,1335100,-0.004217330187740394
2025-05-12,63.36444036468698,65.39345165696736,63.34464848459458,64.888671875,4201300,0.06360342435894106
2025-05-13,64.99754144275664,65.90811888726098,64.48286953320593,65.1559066772461,2330100,0.004109901102878672
2025-05-14,64.90846552178641,65.10641451015154,64.15624577371315,64.54225158691406,2603300,-0.00946288949278824
2025-05-15,64.59174365016979,65.83883588924569,64.1958381157919,65.78935241699219,2150100,0.01913793516210635
2025-05-16,65.78935394471077,66.57126531666492,65.54191392388745,66.52177429199219,1522600,0.011071319163134606
2025-05-19,65.97741005346553,67.62040784705563,65.88832772028549,67.48184204101562,3027200,0.014329227860273035
2025-05-20,67.38287203157302,68.17467561149537,67.38287203157302,67.66000366210938,1905800,0.0026366625878402796
2025-05-21,67.31999969482422,67.76000213623047,66.25,66.27999877929688,1626800,-0.020607043336742046
2025-05-22,66.16000366210938,66.66000366210938,65.86000061035156,66.4000015258789,1128900,0.0018089053214976197
2025-05-23,64.73999786376953,66.13999938964844,64.73999786376953,65.83000183105469,1341000,-0.008621390167809669
2025-05-27,66.4800033569336,67.44000244140625,66.12000274658203,67.37999725341797,1316900,0.02327250792115275
2025-05-28,67.37999725341797,67.72000122070312,66.1500015258789,66.27999877929688,1182500,-0.01646002307484063
2025-05-29,67.05000305175781,67.61000061035156,66.06999969482422,66.80000305175781,2442100,0.007814952086601698
2025-05-30,66.75,67.19999694824219,66.0,66.70999908447266,2145400,-0.0013482732301617912
2025-06-02,66.55000305175781,66.55000305175781,65.43000030517578,65.55000305175781,1940600,-0.017541596231543364
2025-06-03,65.44999694824219,66.01000213623047,64.8499984741211,65.68000030517578,1113800,0.0019812130246852837
2025-06-04,65.66000366210938,66.0,64.91000366210938,65.43000030517578,1470300,-0.003813596244772068
2025-06-05,65.18000030517578,66.16000366210938,65.05999755859375,65.18000030517578,1445400,-0.003828195454342329
2025-06-06,65.43000030517578,66.69999694824219,65.43000030517578,66.31999969482422,1238800,0.01733882813401295
2025-06-09,66.52999877929688,67.8499984741211,66.30000305175781,67.56999969482422,1677400,0.01867258682216955
2025-06-10,67.69999694824219,69.0,67.69999694824219,68.8499984741211,1883400,0.018766109964653284
2025-06-11,69.25,69.55000305175781,68.7300033569336,69.04000091552734,2498600,0.0027558570236998147
2025-06-12,68.95999908447266,69.70999908447266,68.41999816894531,69.5,2199900,0.006640692534749147
2025-06-13,68.91999816894531,69.44999694824219,67.43000030517578,67.80999755859375,1689600,-0.02461711187862778
2025-06-16,68.66000366210938,69.80000305175781,67.81999969482422,69.7699966430664,1984900,0.02849442914474149
2025-06-17,69.16000366210938,69.52999877929688,67.44999694824219,67.5,2892500,-0.033076471958375875
2025-06-18,67.29000091552734,68.5199966430664,67.11000061035156,67.93000030517578,1993200,0.006350169817230077
2025-06-20,68.36000061035156,68.8499984741211,67.88999938964844,68.62999725341797,2353200,0.010251949204690676
2025-06-23,68.31999969482422,70.83999633789062,68.19999694824219,70.5999984741211,2581700,0.02830040598577532
2025-06-24,70.93000030517578,73.0199966430664,70.76000213623047,72.58000183105469,3272600,0.027659304126832346
2025-06-25,72.44000244140625,72.66000366210938,71.22000122070312,71.68000030517578,1742700,-0.012477654088863187
2025-06-26,71.69000244140625,72.55999755859375,71.37000274658203,72.30999755859375,1247400,0.008750625499658752
2025-06-27,72.80000305175781,73.45999908447266,72.30999755859375,73.12999725341797,4666900,0.011276243301522576
2025-06-30,73.16000366210938,73.97000122070312,72.2300033569336,73.81999969482422,2266300,0.00939105174246875
