DATE,OPEN,HIGH,LOW,CLOSE,VOLUME,LOG_RETURNS
1999-01-04,9.690018331623513,9.891427488631853,9.600503150730916,9.801912307739258,255800,
1999-01-05,9.757158978492425,9.913810613468222,9.757158978492425,9.89143180847168,167000,0.009091408426779088
1999-01-06,9.936189183321867,9.980946792255748,9.846673965454102,9.846673965454102,119000,-0.004535178830691057
1999-01-07,9.757155293431776,9.846670479610049,9.690018903798071,9.734776496887207,102500,-0.01142904983602149
1999-01-08,9.734778039985233,9.757156840077153,9.667641639709473,9.667641639709473,63400,-0.00692028433062084
1999-01-11,9.690019359721385,9.690019359721385,9.55574657413633,9.645261764526367,111200,-0.0023176096034986464
1999-01-12,9.6005047526315,9.712398747417414,9.578125953674316,9.578125953674316,168400,-0.006984833764711401
1999-01-13,9.443851597202022,9.622881959234286,9.443851597202022,9.466230392456055,227400,-0.011751182011336833
1999-01-14,9.48861060677394,9.533368203975705,9.376716613769531,9.376716613769531,100700,-0.009501109569688311
1999-01-15,9.331958646957691,9.354337444672218,9.309579849243164,9.309579849243164,138400,-0.007185699267786902
1999-01-19,9.309583173479353,9.488613619123187,9.309583173479353,9.39909839630127,141000,0.00956980809301647
1999-01-20,9.309581756591797,9.510990977287292,9.309581756591797,9.488612174987793,186800,0.009478591757862457
1999-01-21,9.488611463090065,9.55574786495155,9.488611463090065,9.533369064331055,86500,0.004705816010870998
1999-01-22,9.488611463090065,9.60050546619254,9.488611463090065,9.533369064331055,122400,0.0
1999-01-25,9.488610391055836,9.533367987240062,9.466231592963725,9.51098918914795,55500,-0.0023502903261092265
1999-01-26,9.488614810021568,9.51099361853577,9.443857192993164,9.443857192993164,30700,-0.007083389175880213
1999-01-27,9.466232526216576,9.48861132651496,9.33195972442627,9.33195972442627,86900,-0.011919459362161367
1999-01-28,9.331958646957691,9.376716242386744,9.309579849243164,9.309579849243164,54700,-0.0024010769975993302
1999-01-29,9.309582609509366,9.33196141385915,9.063415761661764,9.108173370361328,426500,-0.021871778321314102
1999-02-01,9.063411092183676,9.30957781320595,8.996274713723057,9.287199020385742,184600,0.019464819587276878
1999-02-02,9.242446756362916,9.39909839630127,9.242446756362916,9.39909839630127,86300,0.011976766827053734
1999-02-03,9.354336416185888,9.466230392456055,9.309578825677821,9.466230392456055,117400,0.007117000744458595
1999-02-04,9.42147720200675,9.533371230534145,9.39909839630127,9.39909839630127,55200,-0.007117000744458654
1999-02-05,9.399096125321423,9.399096125321423,9.309580924127886,9.33195972442627,253900,-0.007168731095417261
1999-02-08,9.309580217966886,9.376716613769531,9.13054982915983,9.376716613769531,130600,0.00478462227018757
1999-02-09,9.331963937259415,9.443857989264924,9.175312264451703,9.220069885253906,301600,-0.016847043278144888
1999-02-10,9.220066547393799,9.220066547393799,9.085793733596802,9.1305513381958,110700,-0.009756536966559055
1999-02-11,9.085794566011545,9.175309783410674,9.0186581529622,9.108173370361328,126900,-0.002453897344397088
1999-02-12,9.041038513183594,9.130553745987392,9.018659704982644,9.041038513183594,56100,-0.007398135391508132
1999-02-16,9.018660433849885,9.242448533945415,8.929145193811673,8.996281623840332,136200,-0.004962708524442685
1999-02-17,8.862003495958117,9.085791463027766,8.862003495958117,9.0634126663208,169600,0.007434384059482304
1999-02-18,9.041036128997803,9.220066547393799,9.041036128997803,9.1305513381958,169800,0.007380357200865632
1999-02-19,9.13055217471111,9.197688587760457,9.085794566011545,9.108173370361328,202400,-0.002453897344397088
1999-02-22,9.152928265241476,9.309579849243164,9.152928265241476,9.309579849243164,194200,0.02187177832131407
1999-02-23,9.220065949897117,9.287202352444911,9.130550746500058,9.197687149047852,161100,-0.012091905688790906
1999-02-24,9.175307273864746,9.220064870322624,9.130549677406869,9.175307273864746,89000,-0.0024361718875595293
1999-02-25,9.152923583984375,9.264817515328927,9.085787225177643,9.152923583984375,98500,-0.0024425380913612625
1999-02-26,9.1305513381958,9.1529301404953,9.085793733596802,9.1305513381958,53700,-0.0024472653092053416
1999-03-01,9.108169488860788,9.26482105255127,9.108169488860788,9.26482105255127,36500,0.0145984648824722
1999-03-02,9.309580095647055,9.399095288874431,9.28720129734021,9.354337692260742,113000,0.009615614825715178
1999-03-03,9.354336416185888,9.488609187710088,9.331957620931854,9.466230392456055,81400,0.011890610106204747
1999-03-04,9.510990039066032,9.712399239893314,9.510990039066032,9.667641639709473,219900,0.021053625379546876
1999-03-05,9.690019359721385,9.712398157318894,9.622882966928858,9.645261764526367,81300,-0.0023176096034986464
1999-03-08,9.60050416933135,9.667640562123875,9.55574657413633,9.645261764526367,116600,0.0
1999-03-09,9.622882966928858,9.667640562123875,9.622882966928858,9.645261764526367,90200,0.0
1999-03-10,9.622882966928858,9.667640562123875,9.60050416933135,9.645261764526367,137900,0.0
1999-03-11,9.634429586459202,9.814934122036892,9.634429586459202,9.724681854248047,145900,0.00820038884404847
1999-03-12,9.724681854248047,9.747244921195259,9.656992653406414,9.724681854248047,82900,0.0
1999-03-15,9.702123073345058,9.724686150259814,9.589307688771278,9.611870765686035,124500,-0.01166830207074092
1999-03-16,9.521616625498577,9.58930584321539,9.363675117492676,9.363675117492676,157800,-0.02616101849845395
1999-03-17,9.318547582626342,9.476489067077637,9.25085837500436,9.476489067077637,192600,0.011976041911705771
1999-03-18,9.363677414664386,9.38624049277201,9.250862024126262,9.273425102233887,61400,-0.02166110231819718
1999-03-19,9.273429761812524,9.341119030146922,9.273429761812524,9.295992851257324,72200,0.002430637318930498
1999-03-22,9.250860401228362,9.341112697825713,9.205734252929688,9.205734252929688,102300,-0.009756852843091593
1999-03-23,9.205734620844652,9.29598692104901,8.889851570129395,8.889851570129395,277900,-0.03491622514038184
1999-03-24,8.889848796465925,8.957538000499929,8.799596524420586,8.86728572845459,463600,-0.002541609432071147
1999-03-25,8.777036194873945,8.980103870333753,8.777036194873945,8.889851570129395,128700,0.002541609432071107
1999-03-26,8.799599839240004,8.957541374816108,8.754473686218262,8.754473686218262,252500,-0.015345504976833286
1999-03-29,8.889849046816552,9.160605870577463,8.844722909523068,9.04779052734375,321800,0.032955739143474196
1999-03-30,9.047794998282253,9.273425796244403,9.047794998282253,9.115484237670898,137200,0.0074539448014540426
1999-03-31,9.138043856620788,9.205733070373535,9.025228500366211,9.025228500366211,171300,-0.009950709582546478
1999-04-01,9.070354918088361,9.070354918088361,8.957539558410645,8.957539558410645,183000,-0.007528236077952185
1999-04-05,8.957539286613464,9.047791571617127,8.957539286613464,9.025228500366211,202400,0.007528236077952164
1999-04-06,8.980105129349262,9.002668207563707,8.754474347204809,8.822163581848145,298500,-0.0227566784975756
1999-04-07,8.84472666006259,8.934978972920371,8.777037425419254,8.822163581848145,181600,0.0
1999-04-08,8.73190975189209,8.77703590048068,8.709346677597795,8.73190975189209,129200,-0.01028304069743244
1999-04-09,8.6642222542876,8.777037648223635,8.551406860351562,8.551406860351562,117400,-0.02088828882058858
1999-04-12,8.370902110368776,8.799600601196289,8.370902110368776,8.799600601196289,356800,0.02861051974350852
1999-04-13,8.777037690033266,9.04779463676951,8.754474611138578,8.98010540008545,247200,0.02030528522202692
1999-04-14,8.889851487713097,9.341112984551325,8.889851487713097,9.138045310974121,141700,0.017434882202288494
1999-04-15,9.070349154670549,9.250853615460011,9.047786097071866,9.228290557861328,134700,0.009827324712628828
1999-04-16,9.228298458135184,9.74724922717457,9.228298458135184,9.611870765686035,181500,0.04072504631908375
1999-04-19,9.7021230645136,10.108258448609519,9.656996910725164,9.837501525878906,366200,0.02320289616940352
1999-04-20,10.018004576365152,10.018004576365152,9.72468462255266,9.747247695922852,385800,-0.009216811290455873
1999-04-21,9.792373657226562,9.837499803112399,9.769810584283645,9.792373657226562,180500,0.004618926919448676
1999-04-22,9.769811254889795,9.950315850823094,9.769811254889795,9.860063552856445,231800,0.006888729635833154
1999-04-23,9.927752699170794,10.175946516650063,9.905189624854497,10.108257293701172,312600,0.024860029547179047
1999-04-26,10.108257671734233,10.130820746894354,9.972879220773507,10.01800537109375,137100,-0.00896863258432031
1999-04-27,10.063130156634605,10.10825630083476,9.860062507733906,9.882625579833984,90000,-0.013605787677525853
1999-04-28,9.905189995293144,10.063131521413991,9.860063844972903,10.01800537109375,130600,0.013605787677525806
1999-04-29,9.972879220773507,10.01800537109375,9.927753070453265,10.01800537109375,163300,0.0
1999-04-30,10.018004233527076,10.15338266911528,10.018004233527076,10.063130378723145,241600,0.004494276035620572
1999-05-03,10.018003514159618,10.333886507849336,10.018003514159618,10.243634223937988,238000,0.017778174213819286
1999-05-04,10.243634223937988,10.288760365893662,10.243634223937988,10.243634223937988,194200,0.0
1999-05-05,10.266195211494178,10.37901054348862,10.266195211494178,10.288758277893066,194000,0.004395408533059568
1999-05-06,10.288764753716482,10.401580156717758,10.288764753716482,10.333890914916992,108200,0.004377004007274713
1999-05-07,10.243639136805678,10.469269954796992,10.243639136805678,10.42414379119873,176300,0.008695760101963948
1999-05-10,10.424144972616167,10.604649647466664,10.424144972616167,10.582086563110352,168600,0.015037990699255986
1999-05-11,10.604644097403746,10.604644097403746,10.491828734665408,10.536954879760742,191100,-0.0042740341387900475
1999-05-12,10.514392177178072,10.514392177178072,10.3338875904454,10.44670295715332,123900,-0.00860216839613057
1999-05-13,10.424139883811735,10.514392177178072,10.401576810470152,10.44670295715332,183300,0.0
1999-05-14,10.356453138055112,10.424142374251552,10.266200823126528,10.31132698059082,79600,-0.01304342428123718
1999-05-17,10.356451699164062,10.356451699164062,10.063131716399067,10.19851016998291,163700,-0.011001349998647249
1999-05-18,10.153387584043353,10.198513751083546,10.040572166442871,10.040572166442871,185000,-0.015607546526467023
1999-05-19,10.040564547505296,10.333884410690843,10.018001481106406,10.288758277893066,125900,0.024417768532777613
1999-05-20,10.356454545801336,10.514396118395256,10.311328382203072,10.42414379119873,73800,0.013072764109238662
1999-05-21,10.469269652007728,10.536958895447434,10.379017327421455,10.491832733154297,98200,0.006472485583899888
1999-05-24,10.446699742685285,10.49182587548306,10.288758277893066,10.288758277893066,115100,-0.019545249693138596
1999-05-25,10.243638592515971,10.333890914916992,10.198512431315459,10.333890914916992,279100,0.004377004007274713
1999-05-26,10.379017076117503,10.379017076117503,10.288764753716482,10.333890914916992,190800,0.0
1999-05-27,10.3338875904454,10.469266030494904,10.3338875904454,10.44670295715332,132600,0.01085754826629934
1999-05-28,10.424139517022406,10.55951795230841,10.424139517022406,10.536954879760742,79300,0.008602168396130575
1999-06-01,10.491827099487699,10.491827099487699,10.446700961425387,10.469264030456543,76000,-0.0064448612951513475
1999-06-02,10.446700961425387,10.536953237550012,10.379011754331918,10.469264030456543,116200,0.0
1999-06-03,10.469269652007728,10.491832733154297,10.424143489714591,10.491832733154297,162400,0.0021533903185853307
1999-06-04,10.469264030456543,10.491827099487699,10.446700961425387,10.469264030456543,46000,-0.002153390318585402
1999-06-07,10.446700785804715,10.536953060412099,10.446700785804715,10.514389991760254,87300,0.004301065088277494
1999-06-08,10.491829103836487,10.491829103836487,10.44670295715332,10.44670295715332,78100,-0.006458372189256722
1999-06-09,10.469269652007728,10.536958895447434,10.424143489714591,10.491832733154297,68100,0.004310697419564612
1999-06-10,10.491827099487699,10.491827099487699,10.42413789239423,10.469264030456543,196000,-0.002153390318585402
1999-06-11,10.390149234688801,10.503827016249947,10.390149234688801,10.458355903625488,60700,-0.001042462339555057
1999-06-14,10.435617583138603,10.549295334588914,10.41288203284854,10.503824234008789,63800,0.004338136719757043
1999-06-15,10.412885137204169,10.685711822021744,10.412885137204169,10.662976264953613,247000,0.015038175490953215
1999-06-16,10.617505953388829,10.662977070962228,10.57203483581543,10.57203483581543,191100,-0.008565287269466069
1999-06-17,10.549292409239001,10.640234585180716,10.458350233297285,10.481085777282715,210400,-0.008640013609489556
1999-06-18,10.458355903625488,10.549298128874407,10.458355903625488,10.458355903625488,118800,-0.002171011331754607
1999-06-21,10.458355903625488,10.526562572562176,10.41288479100103,10.458355903625488,138400,0.0
1999-06-22,10.412883716808627,10.412883716808627,10.367412608874966,10.390148162841797,211800,-0.006543201748865153
1999-06-23,10.412882672823393,10.412882672823393,10.321940466073844,10.34467601776123,122300,-0.004386072202252319
1999-06-24,10.276469096840092,10.344675750137702,10.20826244354248,10.20826244354248,112800,-0.01327455707934984
1999-06-25,10.208263268919804,10.230998821857265,10.140056610107422,10.140056610107422,72800,-0.00670385486834323
1999-06-28,10.185530662536621,10.208266222051211,10.140059543507439,10.185530662536621,111500,0.004474569683206894
1999-06-29,10.162794036008,10.276471821645673,10.11732292175293,10.11732292175293,162200,-0.006719055240932264
1999-06-30,10.094588424478259,10.185530662536621,9.935439507876124,10.185530662536621,178300,0.006719055240932376
1999-07-01,10.14005519709456,10.14005519709456,9.889964149632586,9.912699699401855,91800,-0.027151417703849268
1999-07-02,9.912699607110794,9.95817070622598,9.799021859322826,9.867228507995605,249600,-0.004597718559015738
1999-07-06,9.82176094144513,9.912703172384436,9.708083152770996,9.708083152770996,218400,-0.016260161204571227
1999-07-07,9.685338857038966,9.708074394262061,9.639867782592773,9.639867782592773,227900,-0.0070514601843332725
1999-07-08,9.662609925202284,9.685345477967466,9.594403266906738,9.594403266906738,165600,-0.004727457592993691
1999-07-09,9.594396708146581,9.730809931485158,9.594396708146581,9.639867782592773,145000,0.004727457592993598
1999-07-12,9.61714092183169,9.708083152770996,9.61714092183169,9.708083152770996,121700,0.007051460184333219
1999-07-13,9.66260649437128,9.844490851912386,9.66260649437128,9.776284217834473,344200,0.007000621811647834
1999-07-14,9.753551483154297,9.77628703439708,9.730815931911513,9.753551483154297,103200,-0.0023280016580855215
1999-07-15,9.730813128449196,9.799019762527111,9.708077583756557,9.776284217834473,192200,0.0023280016580855844
1999-07-16,9.753549126216344,9.799020217713856,9.548929214477539,9.548929214477539,188400,-0.023530450957921868
1999-07-19,9.617136860120326,9.708079052651014,9.57166576385498,9.57166576385498,333600,0.002378227259102874
1999-07-20,9.548932695851743,9.571668249889486,9.344312709512062,9.367048263549805,150300,-0.02160922460437691
1999-07-21,9.412518144241107,9.412518144241107,9.230633735656738,9.230633735656738,274800,-0.014670320146915689
1999-07-22,9.276102970507573,9.276102970507573,9.116954145033178,9.25336742401123,152300,0.0024598245391867354
1999-07-23,9.207897464724352,9.344310760498047,9.185161915428736,9.344310760498047,174600,0.009780152176847846
1999-07-26,9.321573863254292,9.367044955270165,9.16242504119873,9.16242504119873,59300,-0.019656797154750494
1999-07-27,9.162426366133122,9.344310760498047,9.162426366133122,9.344310760498047,94600,0.01965679715475051
1999-07-28,9.344313502311707,9.344313502311707,9.207900166511536,9.276106834411621,107000,-0.007325746671474203
1999-07-29,9.230631679222542,9.230631679222542,9.094218403174919,9.16242504119873,157900,-0.012331050483276273
1999-07-30,9.2761041126112,9.344310760498047,9.162426366133122,9.344310760498047,319300,0.01965679715475051
1999-08-02,9.3670490582784,9.3670490582784,9.162429054578144,9.276106834411621,130700,-0.007325746671474203
1999-08-03,9.230633735656738,9.321575939948922,9.230633735656738,9.230633735656738,846200,-0.004914230044560382
1999-08-04,9.253369286729784,9.27610483780283,9.207898184583692,9.230633735656738,182500,0.0
1999-08-05,9.253368236050749,9.253368236050749,9.185161590576172,9.185161590576172,71100,-0.004938395186153253
1999-08-06,9.185160587206667,9.230631679222542,9.16242504119873,9.16242504119873,273600,-0.0024784252525625653
1999-08-09,9.16242798699273,9.23063464694553,9.16242798699273,9.20789909362793,88900,0.004950826667919001
1999-08-10,9.207898184583692,9.230633735656738,9.207898184583692,9.230633735656738,185200,0.0024659937707968544
1999-08-11,9.230633735656738,9.27610483780283,9.207898184583692,9.230633735656738,79900,0.0
1999-08-12,9.230631028527444,9.412515383769366,9.207895484122204,9.298837661743164,116800,0.007361703164380903
1999-08-13,9.298839661906815,9.367046309793663,9.2761041126112,9.344310760498047,105000,0.004878273551653662
1999-08-16,9.321573257446289,9.38977989103736,9.276102168385576,9.321573257446289,88600,-0.002436264392965972
1999-08-17,9.29883697297838,9.412514686584473,9.29883697297838,9.412514686584473,116700,0.009708734553835342
1999-08-18,9.435254397550466,9.594403266906738,9.412518844785284,9.594403266906738,82300,0.019139781984233058
1999-08-19,9.548932905677411,9.571668460214738,9.412519578453448,9.48072624206543,193300,-0.01191901429121651
1999-08-20,9.457985982940528,9.526192612625195,9.457985982940528,9.503457069396973,122600,0.0023947133064817668
1999-08-23,9.480721261253079,9.526192346438945,9.367043548288414,9.389779090881348,68600,-0.012033867506288227
1999-08-24,9.344308801976647,9.412515435567716,9.321573257446289,9.321573257446289,158900,-0.00729034804704538
1999-08-25,9.321573206148404,9.367044294958884,9.298837661743164,9.298837661743164,58200,-0.002442009158687726
1999-08-26,9.298840388875876,9.298840388875876,9.185162633510645,9.230633735656738,61100,-0.007361703164381027
1999-08-27,9.23063187751489,9.276102970507573,9.207896331018548,9.25336742401123,75800,0.0024598245391867354
1999-08-30,9.253366572932684,9.321573206148404,9.253366572932684,9.298837661743164,216200,0.004901878625194247
1999-08-31,9.276098728179932,9.457983016967773,9.230627655982971,9.457983016967773,322200,0.016969738853939976
1999-09-01,9.480721314748129,9.480721314748129,9.389779143863255,9.412514686584473,76300,-0.004818995141417027
1999-09-02,9.367043601142036,9.45798577202691,9.344308058420818,9.412514686584473,87900,0.0
1999-09-03,9.457985982940528,9.526192612625195,9.412514896484083,9.503457069396973,72400,0.009615480999498358
1999-09-07,9.480718553066254,9.526189625263214,9.435247480869293,9.457983016967773,75600,-0.0047964858580812515
1999-09-08,9.435250491686254,9.548928208453558,9.435250491686254,9.526192665100098,86900,0.007185978763948959
1999-09-09,9.48072136798537,9.48072136798537,9.412514739438713,9.435250282287598,54400,-0.009592421884666795
1999-09-10,9.435250439712306,9.548928155853417,9.435250439712306,9.503457069396973,90600,0.007202928978798845
1999-09-13,9.469523991939527,9.515381250980395,9.469523991939527,9.492452621459961,30800,-0.001158612495754635
1999-09-14,9.469526689029435,9.515383961131272,9.446598052978516,9.446598052978516,25700,-0.004842339657931696
1999-09-15,9.469526689029435,9.515383961131272,9.423669416927597,9.446598052978516,80500,0.0
1999-09-16,9.423669416927597,9.492455325080353,9.377812144825759,9.446598052978516,62400,0.0
1999-09-17,9.492448045657232,9.538305282592773,9.400733571786148,9.538305282592773,93400,0.009661144047351999
1999-09-20,9.492452621459961,9.53830988050083,9.469523991939527,9.492452621459961,25900,-0.004818804389420466
1999-09-21,9.492453240185249,9.492453240185249,9.400738716125488,9.400738716125488,90400,-0.009708748946201703
1999-09-22,9.35488439489294,9.377813033115716,9.240241203779055,9.28609848022461,93300,-0.012269778232206052
1999-09-23,9.240242109825862,9.263170750296895,9.125598907470703,9.125598907470703,74900,-0.017434963767652103
1999-09-24,9.125598907470703,9.171456188412767,9.056812986057608,9.125598907470703,96300,0.0
1999-09-27,9.102665901184082,9.148523160132113,9.033880012762035,9.102665901184082,83500,-0.002516204216579642
1999-09-28,9.102671747304955,9.102671747304955,8.965099882106392,8.988028526306152,61500,-0.0126737986542179
1999-09-29,8.942168789446507,8.988026065289823,8.91924015152485,8.965097427368164,75400,-0.00255455361560592
1999-09-30,8.988020468586432,9.240235328674316,8.758734232142901,9.240235328674316,307600,0.030228379276748752
1999-10-01,9.240240262058249,9.240240262058249,8.988025267312242,9.010953903198242,139000,-0.025126416175151947
1999-10-04,9.010953903198242,9.033882539084242,8.91923935965424,9.010953903198242,91300,0.0
1999-10-05,8.98802314141784,9.102666293731843,8.98802314141784,9.079737663269043,55500,0.007604362859999458
1999-10-06,9.010955957823162,9.125599163393431,8.988027316709108,9.05681324005127,160400,-0.002527981814023188
1999-10-07,8.988023423656974,9.05680931720537,8.712879849463395,8.896308898925781,1285500,-0.01788085841549241
1999-10-08,8.896311205486919,8.919239842614463,8.873382568359375,8.873382568359375,110900,-0.0025803873218246806
1999-10-11,8.873381379934457,9.010953184274527,8.873381379934457,8.942167282104492,50300,0.007721912162459915
1999-10-12,8.942164810886727,8.98802206632717,8.919236183166504,8.919236183166504,54100,-0.0025676718608572797
1999-10-13,8.919237419689109,8.942166050588051,8.712879741598615,8.735808372497559,80900,-0.02077982985627331
1999-10-14,8.73580759063402,8.781664848327637,8.712878961787212,8.781664848327637,103400,0.005235524552946301
1999-10-15,8.73580759063402,8.781664848327637,8.689950332940402,8.781664848327637,120100,0.0
1999-10-18,8.73580843083402,8.758737061886077,8.598236644521673,8.62116527557373,58900,-0.01844574961189794
1999-10-19,8.667019867066085,8.689948491053032,8.529448123144402,8.552376747131348,101900,-0.008011031880984829
1999-10-20,8.529456547328405,8.552385193961008,8.483599254063197,8.5065279006958,91500,-0.005375369378126074
1999-10-21,8.506523928345057,8.529452564270516,8.46066665649414,8.46066665649414,111300,-0.005405885543765931
1999-10-22,8.483599254063197,8.529456547328405,8.437741960797991,8.5065279006958,120300,0.005405885543765839
1999-10-25,8.529452564270516,8.529452564270516,8.437738020568682,8.46066665649414,124400,-0.005405885543765931
1999-10-26,8.437734993666979,8.483592249067343,8.391877738266615,8.414806365966797,136800,-0.005435154719806964
1999-10-27,8.414809935801738,8.506524485510749,8.391881298374486,8.483595848083496,91900,0.008141581816181118
1999-10-28,8.460667210656243,8.529453122938001,8.460667210656243,8.483595848083496,151300,0.0
1999-10-29,8.460667481694196,8.850454330444336,8.460667481694196,8.850454330444336,150400,0.042334395861616955
1999-11-01,8.919238648047815,8.965095916161172,8.85045274587778,8.942167282104492,359000,0.010309190620967848
1999-11-02,8.919239432811738,9.217311701774596,8.919239432811738,9.171454429626465,211200,0.025317895969814062
1999-11-03,9.171454807847667,9.423669815063477,9.171454807847667,9.423669815063477,180100,0.027128708627207218
1999-11-04,9.446595978155369,9.538310502215129,9.400738716125488,9.400738716125488,244700,-0.0024363166834756008
1999-11-05,9.400735694184789,9.469521565117848,9.19437808138561,9.240235328674316,101600,-0.017220919209512953
1999-11-08,9.125599163393431,9.194385086735592,9.033884598937215,9.05681324005127,505200,-0.02005003512917569
1999-11-09,9.079739086444562,9.079739086444562,8.942167282104492,8.942167282104492,130100,-0.012739333574857091
1999-11-10,8.916757823285009,9.104974347259361,8.916757823285009,8.98733901977539,417700,0.005038826221458648
1999-11-11,8.963812593429807,8.963812593429807,8.893231391906738,8.893231391906738,747200,-0.010526341683484918
1999-11-12,8.89322906269145,8.91675612370386,8.70501257459216,8.775593757629395,87100,-0.013316037884575532
1999-11-15,8.728541374206543,8.752068439905212,8.634433111411862,8.728541374206543,266700,-0.005376157850506257
1999-11-16,8.72854021222968,8.987337900462904,8.72854021222968,8.94028377532959,240300,0.023969056989156814
1999-11-17,8.893227399663722,8.916754456276589,8.775592116599388,8.846173286437988,107700,-0.010582362391902434
1999-11-18,8.869703048053273,8.869703048053273,8.728540665325633,8.799121856689453,201500,-0.005333041004292577
1999-11-19,8.65795949827204,9.081446647644043,8.65795949827204,9.081446647644043,271500,0.031581574858146035
1999-11-22,8.98733836699297,8.98733836699297,8.752067729113573,8.799121856689453,125600,-0.03158157485814596
1999-11-23,8.775593757629395,8.799120818641805,8.70501257459216,8.775593757629395,310500,-0.002677495742455615
1999-11-24,8.728542250555915,8.752069318616712,8.68148811443432,8.705015182495117,104000,-0.008075114419238878
1999-11-26,8.68148811443432,8.728542250555915,8.68148811443432,8.705015182495117,30700,0.0
1999-11-29,8.657958649016999,8.705012772109482,8.563850402832031,8.563850402832031,225100,-0.016349414897768956
1999-11-30,8.493273074006382,8.634435507369368,8.469746001779217,8.587381362915039,467600,0.0027439399302061833
1999-12-01,8.58738353904993,8.705018929995818,8.58738353904993,8.68149185180664,235300,0.010899543868769717
1999-12-02,8.634431587470758,8.68148571056324,8.563850402832031,8.563850402832031,330700,-0.01364348379897582
1999-12-03,8.610908435142203,8.634435507369368,8.54032721846071,8.587381362915039,152000,0.0027439399302061833
1999-12-06,8.493274619844225,8.563855849372016,8.469747543334961,8.469747543334961,197500,-0.013793140125035463
1999-12-07,8.42269171302312,8.563854143967642,8.42269171302312,8.540327072143555,224500,0.008298603674894647
1999-12-08,8.493266878685912,8.516793933751524,8.446212768554688,8.446212768554688,251200,-0.011081158082849473
1999-12-09,8.49327063427291,8.49327063427291,8.39916237239731,8.422689437866211,247400,-0.0027889599036435685
1999-12-10,8.352110643278468,8.399164787747642,8.281529426574707,8.281529426574707,543800,-0.016901523232262572
1999-12-13,8.222592899177082,8.270122337900649,8.08000458300638,8.103769302368164,620000,-0.021698365284277474
1999-12-14,8.127531355461189,8.151296067026864,8.05623722076416,8.05623722076416,177600,-0.005882697956962086
1999-12-15,8.056238278834778,8.056238278834778,7.961179420087465,8.03247356414795,328200,-0.0029540805618564533
1999-12-16,7.984944870892693,8.127533172158634,7.913650720259723,8.08000373840332,280800,0.00589981431548095
1999-12-17,8.080001442228795,8.745413325706462,8.032472021980391,8.62658977508545,348700,0.06545693247471945
1999-12-20,8.5790621474549,8.721650437994317,8.555297432364998,8.65035629272461,256800,0.0027512423245718135
1999-12-21,8.602827598488396,8.721651184102877,8.555298164242604,8.69788646697998,300900,0.0054795513113385045
1999-12-22,8.650355752309164,8.721649893124898,8.555296897888184,8.555296897888184,386000,-0.0165294499711264
1999-12-23,8.555296897888184,8.57906161149343,8.555296897888184,8.555296897888184,322000,0.0
1999-12-27,8.507767470677694,8.57906161149343,8.507767470677694,8.555296897888184,133100,0.0
1999-12-28,8.53153292513684,8.650356503481364,8.507768209467935,8.602827072143555,324200,0.0055402672127570106
1999-12-29,8.626591577634706,8.769179868174122,8.555297432364998,8.65035629272461,118100,0.005509631447030719
1999-12-30,8.626591577634706,8.769179868174122,8.5790621474549,8.65035629272461,73100,0.0
1999-12-31,8.650354485209652,8.745413325706462,8.62658977508545,8.62658977508545,165100,-0.0027512423245717233
2000-01-03,8.626591577634706,8.721650437994317,8.602826862544804,8.65035629272461,229000,0.0027512423245718135
2000-01-04,8.602826862544804,8.65035629272461,8.5790621474549,8.65035629272461,138400,0.0
2000-01-05,8.626593153223354,8.721652030944824,8.626593153223354,8.721652030944824,236300,0.008208163061054322
2000-01-06,8.67411747379253,9.101882171130242,8.650352768384879,9.054352760314941,285900,0.03743693700748548
2000-01-07,9.078121714023728,9.17318058013916,9.078121714023728,9.17318058013916,185300,0.013038462309618309
2000-01-10,9.173178813179131,9.434590644642785,9.12564938927665,9.363296508789062,163900,0.020513347210687875
2000-01-11,9.315769410744691,9.363298846513796,9.244475257091032,9.268239974975586,146800,-0.010203920505288018
2000-01-12,9.196943826992493,9.339532103379975,9.196943826992493,9.29200267791748,143500,0.002560604014723586
2000-01-13,9.268239339192707,9.315768771701388,9.125651041666666,9.196945190429688,210700,-0.010282718706652734
2000-01-14,9.220710013196877,9.268239446254592,9.125651147081445,9.17318058013916,136000,-0.0025873120134707666
2000-01-18,9.125648900082236,9.125648900082236,9.030590057373047,9.030590057373047,145100,-0.015666362973347694
2000-01-19,9.030591322193095,9.030591322193095,8.888003038158468,8.959297180175781,127900,-0.007925925212917151
2000-01-20,8.888002395629883,8.959296532493225,8.840472971054322,8.888002395629883,116300,-0.007989462325151681
2000-01-21,8.840474769717357,8.864239486840253,8.69788646697998,8.69788646697998,164700,-0.021622260555402985
2000-01-24,8.674115862535393,8.840468769488128,8.674115862535393,8.745409965515137,117200,0.0054489260448237885
2000-01-25,8.721651184102877,8.745415901225773,8.650357032734188,8.69788646697998,275500,-0.005448926044823857
2000-01-26,8.650358488753035,8.792946815490723,8.650358488753035,8.792946815490723,103200,0.01086984055582054
2000-01-27,8.769180618348669,8.769180618348669,8.674121749857084,8.69788646697998,119900,-0.010869840555820586
2000-01-28,8.721650650488078,8.721650650488078,8.57906235647465,8.602827072143555,262300,-0.010989182758369312
2000-01-31,8.602825064961248,8.697883905458056,8.602825064961248,8.62658977508545,153100,0.002758389122458937
2000-02-01,8.62659575299519,8.792948839141102,8.62659575299519,8.769184112548828,366400,0.016394502738692487
2000-02-02,8.721652030944824,8.769181469805558,8.697887311514457,8.721652030944824,98300,-0.005435097353066309
2000-02-03,8.721651184102877,8.745415901225773,8.650357032734188,8.69788646697998,136100,-0.002728611749715716
2000-02-04,8.674121749857084,8.769180618348669,8.674121749857084,8.69788646697998,136900,0.0
2000-02-07,8.650356503481364,8.674121219150269,8.57906235647465,8.602827072143555,129100,-0.010989182758369312
2000-02-08,8.650354485209652,8.674119195333855,8.602825064961248,8.62658977508545,86900,0.002758389122458937
2000-02-09,8.650354485209652,8.674119195333855,8.602825064961248,8.62658977508545,347200,0.0
2000-02-10,8.57906235647465,8.721650650488078,8.57906235647465,8.602827072143555,100900,-0.002758389122458904
2000-02-11,8.602826325098674,8.626591038703918,8.53153218428294,8.555296897888184,116800,-0.005540267212757127
2000-02-14,8.555296897888184,8.602826325098674,8.53153218428294,8.555296897888184,186200,0.0
2000-02-15,8.555297640805746,8.602827072143555,8.555297640805746,8.602827072143555,110500,0.0055402672127570106
2000-02-16,8.555297640805746,8.62659178781246,8.53153292513684,8.602827072143555,92900,0.0
2000-02-17,8.531534275501885,8.721652030944824,8.507769556071517,8.721652030944824,144000,0.013717794508085128
2000-02-18,8.721649893124898,8.721649893124898,8.507767470677694,8.555296897888184,82900,-0.01925806172084209
2000-02-22,8.55529721043691,8.55529721043691,8.484003067016602,8.484003067016602,170000,-0.008368213137743578
2000-02-23,8.484003276556312,8.531532706677075,8.412709131375166,8.436473846435547,337700,-0.005617967606011297
2000-02-24,8.436473846435547,8.46023856149593,8.388944416314784,8.436473846435547,254200,0.0
2000-02-25,8.43646839261055,8.43646839261055,8.341409593820572,8.365174293518066,350900,-0.008487260335407623
2000-02-28,8.365180121527777,8.388944837782118,8.317650689019096,8.341415405273438,364800,-0.002844255433336964
2000-02-29,8.34141329800441,8.38894271850586,8.317648587753684,8.38894271850586,349200,0.005681580840125841
2000-03-01,8.341417424338205,8.412711590358189,8.27012325831822,8.317652702331543,182200,-0.008534407769544398
2000-03-02,8.293883521549983,8.317648230780785,8.246354103088379,8.246354103088379,117900,-0.008608912134420011
2000-03-03,8.246358536311558,8.365182146344866,8.246358536311558,8.317652702331543,393600,0.008608912134419963
2000-03-06,8.270120620727539,8.293885335154917,8.246355906300161,8.270120620727539,144400,-0.005730993639068481
2000-03-07,8.222589592311694,8.270119011920432,8.175060172702954,8.198824882507324,189700,-0.008658257275617556
2000-03-08,8.175062605913947,8.22259203966926,8.056239021525663,8.08000373840332,206200,-0.014598501782899441
2000-03-09,8.05623722076416,8.103766643895513,7.984943086067132,8.05623722076416,175300,-0.002945733753624393
2000-03-10,8.008709058875128,8.032473774183364,7.937414912950425,7.9849443435668945,235700,-0.008888789933385535
2000-03-13,8.045464718835593,8.14152996920975,8.045464718835593,8.117513656616211,172300,0.01646609584114071
2000-03-14,8.093497344022671,8.189562594396827,8.069481031429133,8.117513656616211,336200,0.0
2000-03-15,8.093498359387604,8.18956362181357,8.069482043781113,8.141530990600586,175200,0.0029543373518332453
2000-03-16,8.16554749918263,8.237596447704828,8.09349855066043,8.213580131530762,613100,0.008810653315053164
2000-03-17,8.237594742705857,8.333659987518752,8.237594742705857,8.285627365112305,440300,0.008733472991008212
2000-03-20,8.213579310927281,8.309644566025845,8.213579310927281,8.261611938476562,138900,-0.002902652588356178
2000-03-21,8.261607329969461,8.40570513223637,8.237591029591643,8.309639930725098,217500,0.005796559862387496
2000-03-22,8.33366114517738,8.357677459716797,8.261612201559132,8.357677459716797,175500,0.005764294382663692
2000-03-23,8.285627365112305,8.429725232331648,8.285627365112305,8.285627365112305,209600,-0.008658201656695102
2000-03-24,8.429726403335044,8.429726403335044,8.309644830637964,8.357677459716797,99800,0.008658201656694996
2000-03-27,8.357677193575128,8.42972613489905,8.237595624701921,8.261611938476562,108300,-0.011560854245051199
2000-03-28,8.261609300069232,8.357674524488642,8.261609300069232,8.333658218383789,134100,0.008682803215958827
2000-03-29,8.33366114517738,8.357677459716797,8.285628516098548,8.357677459716797,196100,0.0028780510290924797
2000-03-30,8.40571206756854,8.453744707954646,8.261614146410222,8.381695747375488,216800,0.002869677836105025
2000-03-31,8.285627705710276,8.35767664228167,8.069480895996094,8.069480895996094,223000,-0.03796109545387362
2000-04-03,8.165544075649823,8.357674524488642,8.165544075649823,8.333658218383789,227400,0.03221336658867612
2000-04-04,8.33366114517738,8.381693774256213,8.285628516098548,8.357677459716797,96700,0.0028780510290924797
2000-04-05,8.333658584139563,8.477756427092984,8.333658584139563,8.453740119934082,170500,0.01142838851112627
2000-04-06,8.477757662869571,8.57382290550832,8.453741352209885,8.549806594848633,260300,0.01129970102085966
2000-04-07,8.525790284188947,8.57382290550832,8.501773973529259,8.549806594848633,473900,0.0
2000-04-10,8.525792250112326,8.621857514902324,8.525792250112326,8.573824882507324,139500,0.0028052815130542525
2000-04-11,8.621855804655288,8.693904738956029,8.597839493221707,8.645872116088867,263000,0.00836805130871304
2000-04-12,8.693905764339373,8.789971021403897,8.645873135807111,8.669889450073242,382000,0.0027740448255042225
2000-04-13,8.717922144831874,8.717922144831874,8.645873201486156,8.6939058303833,195300,0.0027662610894674646
2000-04-14,8.693904738956029,8.717921050389608,8.597839493221707,8.645872116088867,187900,-0.005540305914971637
2000-04-17,8.597839830999506,8.76595401763916,8.549807206245319,8.76595401763916,185800,0.013793361418692836
2000-04-18,8.717922144831874,8.741938459280446,8.645873201486156,8.6939058303833,185000,-0.008253055503721072
2000-04-19,8.693905764339373,8.693905764339373,8.645873135807111,8.669889450073242,236800,-0.0027662610894674984
2000-04-20,8.645869100560024,8.669885403617135,8.5978364944458,8.5978364944458,69500,-0.008345438657514906
2000-04-24,8.597839216168008,8.621855526827694,8.477757662869571,8.549806594848633,476000,-0.005601938989756712
2000-04-25,8.54980638412173,8.54980638412173,8.4537411438507,8.477757453918457,212700,-0.00846269856571293
2000-04-26,8.477758334634084,8.838003023074625,8.477758334634084,8.789970397949219,390100,0.03616538035351153
2000-04-27,8.693904738956029,8.717921050389608,8.621855804655288,8.645872116088867,81200,-0.01652934896603099
2000-04-28,8.645869100560024,8.645869100560024,8.5978364944458,8.5978364944458,205300,-0.00557139383201069
2000-05-01,8.64587165354383,8.813985824584961,8.597839033246364,8.813985824584961,323700,0.024829156937478912
2000-05-02,8.789969514436228,8.98209999562609,8.71792058399003,8.813985824584961,1118700,0.0
2000-05-03,8.838002134733694,8.838002134733694,8.71792058399003,8.813985824584961,354900,0.0
2000-05-04,8.813986710511923,8.813986710511923,8.741937772823814,8.789970397949219,338300,-0.0027284141394372397
2000-05-05,8.741937705262067,8.76595401763916,8.69390508050788,8.76595401763916,178300,-0.002735987547338226
2000-05-08,8.693898899641542,8.71791519494442,8.573817423127156,8.62185001373291,214200,-0.016575676036933766
2000-05-09,8.621852797502912,8.621852797502912,8.525787585274468,8.5978364944458,350400,-0.0027890792137698277
2000-05-10,8.57382667165407,8.597842992863185,8.47776138681761,8.52579402923584,183500,-0.00841444110549974
2000-05-11,8.501775933914827,8.573824882507324,8.501775933914827,8.573824882507324,124800,0.005617783628797479
2000-05-12,8.549810350444956,8.57382667165407,8.501777708026724,8.52579402923584,174000,-0.005617783628797397
2000-05-15,8.477754979160245,8.645869100560024,8.477754979160245,8.5978364944458,97400,0.008414441105499706
2000-05-16,8.597833718430033,8.645866309035789,8.597833718430033,8.62185001373291,143600,0.002789079213769726
2000-05-17,8.597841198704824,8.621857514902324,8.525792250112326,8.573824882507324,174100,-0.005585736690472208
2000-05-18,8.549803888331578,8.621852797502912,8.501771282217357,8.5978364944458,219200,0.0027966574767023947
2000-05-19,8.62185001373291,8.645866309035789,8.573817423127156,8.62185001373291,152400,0.002789079213769726
2000-05-22,8.621857514902324,8.669890147297323,8.573824882507324,8.573824882507324,152600,-0.005585736690472208
2000-05-23,8.573817423127156,8.71791519494442,8.573817423127156,8.62185001373291,246000,0.00558573669047224
2000-05-24,8.5978364944458,8.741934312788468,8.549803888331578,8.5978364944458,114200,-0.0027890792137698277
2000-05-25,8.597842992863185,8.6218593140723,8.501777708026724,8.52579402923584,103500,-0.00841444110549974
2000-05-26,8.501771282217357,8.621852797502912,8.477754979160245,8.5978364944458,297400,0.008414441105499706
2000-05-30,8.57382019138869,8.693901706674247,8.549803888331578,8.5978364944458,112300,0.0
2000-05-31,8.597841198704824,8.645873831099824,8.501775933914827,8.573824882507324,86800,-0.0027966574767024116
2000-06-01,8.549803888331578,8.621852797502912,8.549803888331578,8.5978364944458,130000,0.0027966574767023947
2000-06-02,8.57382094082625,8.862016602702763,8.57382094082625,8.838000297546387,184900,0.027550039178219514
2000-06-05,9.126198773827058,9.126198773827058,8.717921460261111,8.789970397949219,150100,-0.005449296380177768
2000-06-06,8.693905764339373,8.86201996420229,8.645873135807111,8.669889450073242,158000,-0.01375530414052683
2000-06-07,8.693904458806756,8.693904458806756,8.501773973529259,8.549806594848633,307300,-0.013947377647271697
2000-06-08,8.525790893868225,8.76595401763916,8.525790893868225,8.76595401763916,118500,0.024966694240460392
2000-06-09,8.741938392871635,8.741938392871635,8.59784050727485,8.669889450073242,55500,-0.011019316593188631
2000-06-12,8.693904273841296,8.813985824584961,8.693904273841296,8.813985824584961,108300,0.01648371827996393
2000-06-13,8.77809827224068,8.923591613769531,8.77809827224068,8.923591613769531,83800,0.012358754700315855
2000-06-14,8.923594358736876,9.384323415302095,8.923594358736876,9.166083335876465,175300,0.02681156505851697
2000-06-15,9.166083692249499,9.311577084189967,9.093336996279264,9.214581489562988,270000,0.005277095980375405
2000-06-16,9.214580354715714,9.238829250386019,9.117584772034498,9.19033145904541,189800,-0.0026351707957789875
2000-06-19,9.214580403292244,9.238829299090382,9.044838132705282,9.069087028503418,187900,-0.013280402396191712
2000-06-20,9.117585483481305,9.287327766418457,9.093336585918856,9.287327766418457,156200,0.02377926452459124
2000-06-21,9.263076782226562,9.311574566426703,9.214578998026424,9.263076782226562,139800,-0.002614605837151178
2000-06-22,9.263075625958221,9.384320071324165,9.263075625958221,9.360071182250977,127700,0.010416636032731552
2000-06-23,9.360073680679003,9.360073680679003,9.2145803074042,9.311575889587402,154500,-0.00519454995309835
2000-06-26,9.360071369535856,9.40856914865262,9.23882692174394,9.384320259094238,111900,0.007781893526965248
2000-06-27,9.335825799386713,9.651061475729641,9.335825799386713,9.578314781188965,199700,0.02046142742744213
2000-06-28,9.602562402941517,9.602562402941517,9.38432234832921,9.408571243286133,451700,-0.017880558203575415
2000-06-29,9.384318923950195,9.432816696166991,9.287323379516602,9.335821151733398,150100,-0.007762370239795812
2000-06-30,9.408570078037167,9.529814537805688,8.923592238963087,9.099396705627441,524200,-0.025650622719639343
2000-07-03,9.117581176757811,9.335821151733398,9.117581176757811,9.335821151733398,65100,0.02565062271963931
2000-07-05,9.384317977611834,9.457064628601074,9.263073559296437,9.457064628601074,177500,0.012903303993383738
2000-07-06,9.457062166564318,9.529808798614814,9.335817779813494,9.505559921264648,153700,0.005114840328370146
2000-07-07,9.457071828478165,9.554067436975377,9.432822926353863,9.529818534851074,171500,0.002548793739515464
2000-07-10,9.52981374731016,9.699555976906014,9.48131596742563,9.651058197021484,131900,0.012641891040225619
2000-07-11,9.651059334738212,9.675308227539062,9.578312656335664,9.675308227539062,125400,0.002509529490598416
2000-07-12,9.72380486684828,9.72380486684828,9.578311527194689,9.651058197021484,227600,-0.0025095294905983757
2000-07-13,9.675310373909866,9.723808170270317,9.55406588300874,9.578314781188965,187100,-0.007565900658123783
2000-07-14,9.626809307079219,9.699555976906014,9.602560417136955,9.651058197021484,164800,0.007565900658123867
2000-07-17,9.723803329467772,9.723803329467772,9.62680778503418,9.699554443359375,87600,0.005012383718702847
2000-07-18,9.651057806990094,9.723804473876953,9.651057806990094,9.723804473876953,110700,0.002496997890098818
2000-07-19,9.699555976906014,9.72380486684828,9.651058197021484,9.651058197021484,148200,-0.007509381608801512
2000-07-20,9.60255889892578,9.699554443359375,9.60255889892578,9.699554443359375,44600,0.005012383718702847
2000-07-21,9.675308012193248,9.796552473498929,9.675308012193248,9.772303581237793,196500,0.007472268571458815
2000-07-24,9.723806343642362,9.893548599017665,9.723806343642362,9.845050811767578,42200,0.007416653901218842
2000-07-25,9.748053923691854,9.845049485121622,9.748053923691854,9.796551704406738,98500,-0.004938416393167414
2000-07-26,9.820795195443289,10.184528350830078,9.772297441391718,10.184528350830078,138000,0.03883928353192367
2000-07-27,10.136034775695068,10.160283662718262,10.08753700164868,10.111785888671875,104800,-0.007168077195356145
2000-07-28,10.08753700164868,10.160283662718262,10.063288114625486,10.111785888671875,46200,0.0
2000-07-31,10.063290630898823,10.160286203244837,9.917797272379804,9.942046165466309,167100,-0.01692881205563221
2000-08-01,9.942041485808616,10.451268000935398,9.942041485808616,10.427019119262695,219300,0.04762757829552457
2000-08-02,10.427020450386566,10.427020450386566,10.281527141776522,10.354273796081543,82600,-0.0070010677979741535
2000-08-03,10.305781029917823,10.354278822999788,10.184536547212907,10.196660995483398,172800,-0.015339048323628436
2000-08-04,10.184531385881188,10.208780270133285,9.869295890603913,9.966291427612305,163400,-0.022851771698103058
2000-08-07,9.990542827266278,9.990542827266278,9.748053923691854,9.796551704406738,163900,-0.01717808475675424
2000-08-08,9.796552841751664,9.869299521269621,9.723806162233705,9.820801734924316,120600,0.0024723052418374495
2000-08-09,9.772302814049295,9.845049485121622,9.772302814049295,9.796551704406738,48700,-0.0024723052418374196
2000-08-10,9.748054905941611,9.748054905941611,9.651059334738212,9.675308227539062,156800,-0.01245336030761453
2000-08-11,9.699556904454385,9.796552473498929,9.626810227670976,9.772303581237793,102100,0.009975122799563222
2000-08-14,9.796552287998484,9.82080117980046,9.699556720790579,9.748054504394531,88500,-0.002484492262940078
2000-08-15,9.699557120339913,9.748054905941611,9.651059334738212,9.675308227539062,122500,-0.007490630536622988
2000-08-16,9.699555584914666,9.845048918688386,9.67530669595238,9.723804473876953,121100,0.004999852118203184
2000-08-17,9.675308012193248,9.772303581237793,9.651059119932112,9.772303581237793,336900,0.004975270681359961
2000-08-18,9.699555584914666,9.74805336283924,9.651057806990094,9.723804473876953,68200,-0.004975270681359934
2000-08-21,9.723806013140761,9.772303798742461,9.675308227539062,9.675308227539062,59900,-0.004999852118203213
2000-08-22,9.699554443359375,9.748052215576172,9.675305557250976,9.699554443359375,87100,0.0025028542281043567
2000-08-23,9.675311947596892,9.723809751845497,9.529818534851074,9.529818534851074,210400,-0.01765427475892842
2000-08-24,9.505566823113826,9.529815718070749,9.38432234832921,9.408571243286133,54300,-0.012804567821473555
2000-08-25,9.408571471770603,9.432820367316404,9.23882920295,9.311575889587402,58200,-0.010362762750831783
2000-08-28,9.311577084189967,9.360074881503456,9.190332590906243,9.214581489562988,113100,-0.010471171575102762
2000-08-29,9.141834438162505,9.2630789267323,9.093336642734588,9.166083335876465,86400,-0.005277095980375372
2000-08-30,9.141833620766798,9.311575889587402,9.093335829675198,9.311575889587402,308700,0.015748267555478087
2000-08-31,9.311571326622596,9.505562395927234,9.311571326622596,9.457064628601074,231400,0.015503696504419755
2000-09-01,9.408571471770603,9.457069262862206,9.311575889587402,9.311575889587402,77200,-0.015503696504419785
2000-09-05,9.117582291519087,9.360071182250977,9.117582291519087,9.360071182250977,103800,0.0051945499530982354
2000-09-06,9.311573404104598,9.384320071324165,9.23882673688503,9.360071182250977,183600,0.0
2000-09-07,9.335820962959819,9.481314276668284,9.335820962959819,9.432816505432129,215100,0.0077418316682487665
2000-09-08,9.432816696166991,9.699554443359375,9.432816696166991,9.699554443359375,412800,0.027885223709886848
2000-09-11,10.01479171762372,10.01479171762372,9.699556142976968,9.796551704406738,203900,0.009950506079510035
2000-09-12,9.748055237267405,9.86929970539262,9.675308556392276,9.845050811767578,92700,0.004938416393167358
2000-09-13,10.023468521040709,10.023468521040709,9.747823136712089,9.873116493225098,95700,0.0028466844789571486
2000-09-14,9.797941509965828,9.823000183904359,9.547354770580512,9.572413444519043,155100,-0.030930195501040064
2000-09-15,9.647586509471632,9.873114505796941,9.522293178179792,9.848055839538574,116600,0.02838869677540543
2000-09-18,9.747822765335144,9.797940106030955,9.434589385986328,9.434589385986328,214400,-0.04289140143080088
2000-09-19,9.34688116388118,9.57240912762094,9.34688116388118,9.422057151794434,420000,-0.001329211534187822
2000-09-20,9.37193982651893,9.472174477069936,9.37193982651893,9.422057151794434,105200,0.0
2000-09-21,9.371938791910807,9.547349411010742,9.346880132039388,9.396997451782227,183000,-0.002663227813724387
2000-09-22,9.29676669907285,9.447118721160281,9.29676669907285,9.434589385986328,160100,0.003992439347912128
2000-09-25,9.396997451782227,9.522290751139323,9.321821472167969,9.396997451782227,107300,-0.003992439347912208
2000-09-26,9.371942897585264,9.572412264378531,9.371942897585264,9.497236251831055,109600,0.010610617193574456
2000-09-27,9.522291127301362,9.822995057637195,9.422056483856084,9.785407066345215,170800,0.029891365619068265
2000-09-28,9.822996520996094,9.822996520996094,9.572409875052315,9.64758586883545,222700,-0.014184486019185701
2000-09-29,9.672649174383976,9.697707851001551,9.5473557912961,9.59747314453125,144800,-0.005207865305257865
2000-10-02,9.597469409306845,9.597469409306845,9.321824073791504,9.321824073791504,83500,-0.02914152409589067
2000-10-03,9.22159405731448,9.422063493343055,9.22159405731448,9.296770095825195,122600,-0.002691287307761712
2000-10-04,9.221589648033962,9.397000320686782,9.046178975381142,9.096296310424805,58000,-0.021799706490022264
2000-10-05,9.021120617110332,9.296765969299814,9.021120617110332,9.196531295776367,52200,0.010959048070496998
2000-10-06,9.196535377810907,9.321828775328767,9.196535377810907,9.296770095825195,111200,0.010840658419525423
2000-10-09,9.321825831645244,9.346884503235689,9.246649816873912,9.271708488464355,84200,-0.002699372753123147
2000-10-10,9.271709369773141,9.321826717717862,9.196533347856063,9.246650695800781,84000,-0.002706266544199752
2000-10-11,9.221589964157229,9.246648632538092,9.196531295776367,9.196531295776367,74500,-0.005435019122202512
2000-10-12,9.146411895751953,9.221587883936216,9.096294570295779,9.146411895751953,138000,-0.0054647200537036806
2000-10-13,9.121358539080171,9.371945312131825,9.121358539080171,9.34688663482666,113500,0.02168164777925856
2000-10-16,9.397004813839484,9.397004813839484,9.271711416321624,9.296770095825195,295800,-0.005376269306029609
2000-10-17,9.271707222109935,9.2967658902778,8.92088586775983,9.171472549438477,67300,-0.013569181572676083
2000-10-18,9.121358242840834,9.146416919332156,8.820654124944982,8.895830154418945,102600,-0.03051521176724016
2000-10-19,8.99605941772461,9.071235401716738,8.9710007563939,8.99605941772461,352000,0.01120399400819141
2000-10-20,8.971003988286952,9.121356010437012,8.971003988286952,9.121356010437012,179900,0.01383183940843229
2000-10-23,9.071239323086209,9.121356667412652,8.971004634433323,9.021121978759766,82300,-0.01104976416049411
2000-10-24,9.04618221336687,9.071240889858192,8.895830154418945,8.895830154418945,60500,-0.013986069256129776
2000-10-25,8.87076710010397,8.895825764228558,8.670297787107272,8.720415115356445,67900,-0.019915803212102887
2000-10-26,8.6452394452962,8.820650100708008,8.6452394452962,8.820650100708008,120100,0.011428733105820127
2000-10-27,8.820647328838747,8.84570598602295,8.745471357286146,8.84570598602295,184000,0.002836567087421675
2000-10-30,8.795588671654547,8.84570598602295,8.745471357286146,8.84570598602295,38800,0.0
2000-10-31,8.820652601453993,9.021121978759766,8.795593929290773,9.021121978759766,106300,0.019636572274990802
2000-11-01,8.996063306596545,9.071239323086209,8.945945962270102,9.021121978759766,116200,0.0
2000-11-02,9.021120792677422,9.046179461545972,8.89582744833468,8.945944786071777,28000,-0.008368381148887426
2000-11-03,8.845710214162837,8.945944890810575,8.645240860867363,8.670299530029297,655600,-0.03129699501395114
2000-11-06,8.670299606982844,8.72041694575153,8.6452409375985,8.695358276367188,259800,0.0028860137646698754
2000-11-07,8.720416868353166,8.720416868353166,8.620182191705428,8.670299530029297,225900,-0.002886013764669926
2000-11-08,8.645239122982684,8.745473779481033,8.620180458858096,8.720415115356445,208200,0.0057635036946060625
2000-11-09,8.67029811035503,8.870767430825667,8.67029811035503,8.820650100708008,263400,0.011428733105820127
2000-11-10,8.795592149554146,8.795592149554146,8.670298814090412,8.745474815368652,217200,-0.00855917222944654
2000-11-13,8.720416868353166,8.770534206677034,8.645240860867363,8.670299530029297,164800,-0.008633064570979516
2000-11-14,8.645240860867363,8.695358199191231,8.645240860867363,8.670299530029297,159900,0.0
2000-11-15,8.64524232639986,8.670300999809713,8.49489028594073,8.519948959350586,496700,-0.01749298792854185
2000-11-16,8.57006492944547,8.695358276367188,8.57006492944547,8.695358276367188,236300,0.02037900169321177
2000-11-17,8.620182764495224,8.620182764495224,8.469830739533098,8.54500675201416,536800,-0.017442245091351866
2000-11-20,8.519948156256426,8.620182840447677,8.519948156256426,8.57006549835205,118700,0.002928268590091084
2000-11-21,8.620183065663213,8.645241737365723,8.545007050555684,8.645241737365723,102000,0.008733706095292407
2000-11-22,8.595123522543494,8.670299530029297,8.57006485338156,8.670299530029297,73200,0.0028942566412985503
2000-11-24,8.595124319542286,8.645241662513378,8.57006564805674,8.620182991027832,49100,-0.005797024957472919
2000-11-27,8.595124319542286,8.645241662513378,8.57006564805674,8.620182991027832,104800,0.0
2000-11-28,8.570065722258194,8.695359080770741,8.570065722258194,8.645241737365723,68700,0.0029027683161743844
2000-11-29,8.695358199191231,8.695358199191231,8.645240860867363,8.670299530029297,87100,0.0028942566412985503
2000-11-30,8.695358580673522,8.79559326171875,8.670299910412215,8.79559326171875,173200,0.014347492280087215
2000-12-01,8.74547410553152,8.845708765766837,8.74547410553152,8.820650100708008,255000,0.002844744520338939
2000-12-04,8.795592772860488,8.945944786071777,8.795592772860488,8.945944786071777,143100,0.014104758213524991
2000-12-05,9.096296544934882,9.196531217606342,9.021120540431289,9.171472549438477,243200,0.02489752365999784
2000-12-06,9.171470558480042,9.171470558480042,9.07123590756769,9.146411895751953,55100,-0.0027361969005529068
2000-12-07,9.146415130512136,9.2967671600548,9.12135645892169,9.271708488464355,156000,0.013606005720105764
2000-12-08,9.271707379299661,9.271707379299661,9.12135536774345,9.221590042114258,165900,-0.005420187098290252
2000-12-11,9.246650695800781,9.271709369773141,9.171474673883703,9.246650695800781,190000,0.002713920554090431
2000-12-12,9.196531373521555,9.371942053670468,9.196531373521555,9.221590042114258,373000,-0.002713920554090487
2000-12-13,9.234748132183622,9.411852890883035,9.234748132183622,9.33595085144043,105200,0.012325152096936241
2000-12-14,9.310650469805744,9.411853192303631,9.310650469805744,9.361251831054688,74800,0.0027063936233807013
2000-12-15,9.335952841826668,9.588959693908691,9.335952841826668,9.588959693908691,242000,0.02403338061437352
2000-12-18,9.588957035479767,9.766061782836914,9.588957035479767,9.766061782836914,222100,0.018300887143853407
2000-12-19,9.816657697237455,9.968461682246282,9.690154376396766,9.86725902557373,283100,0.010308815296483042
2000-12-20,9.791362461030792,9.81666313922467,9.766061782836914,9.766061782836914,89100,-0.010308815296483068
2000-12-21,9.766059536294838,9.867262225790121,9.715458191547196,9.81666088104248,383800,0.005167740122796296
2000-12-22,9.816664457321167,10.019069910049438,9.715461730957031,9.715461730957031,164900,-0.010362422728571057
2000-12-26,9.715461730957031,9.740762412548065,9.664860367774963,9.715461730957031,79500,0.0
2000-12-27,9.690157519173376,9.81666088104248,9.639556174425735,9.81666088104248,124700,0.010362422728571094
2000-12-28,9.89256250015413,10.069667199645378,9.841961157442343,10.019065856933594,56900,0.020408831397970745
2000-12-29,9.917864841176796,10.019067543637783,9.841962814331055,9.841962814331055,149900,-0.01783469928660215
2001-01-02,9.791361808776855,9.917865191319192,9.766061132268389,9.791361808776855,95700,-0.005154615284453756
2001-01-03,9.81666018329089,10.145568900772288,9.81666018329089,9.993764877319336,173800,0.020460837372628795
2001-01-04,9.917865270420577,10.196172714233398,9.917865270420577,10.196172714233398,285600,0.020051039519918445
2001-01-05,10.196171490470867,10.221472164144492,10.069668122102742,10.094968795776367,247100,-0.009975265078580535
2001-01-08,10.069668122102742,10.221472164144492,9.943164753734617,10.094968795776367,247500,0.0
2001-01-09,10.069670324325562,10.120271682739258,10.069670324325562,10.120271682739258,288000,0.0025033489167441635
2001-01-10,10.094968760191504,10.196171454529264,10.094968760191504,10.170870780944824,179200,0.00498731928740384
2001-01-11,10.170872037523143,10.246774067653913,10.170872037523143,10.196172714233398,159500,0.002484596874432564
2001-01-12,10.145571360812886,10.196172714233398,10.145571360812886,10.196172714233398,184200,0.0
2001-01-16,10.196170442244586,10.322673797607422,10.170869771172018,10.322673797607422,122500,0.012330389629842448
2001-01-17,10.322672513636148,10.373273849487305,10.297371845710568,10.373273849487305,143800,0.004889860910589177
2001-01-18,10.347973800399929,10.44917647815445,10.347973800399929,10.42387580871582,118800,0.00486624945401282
2001-01-19,10.423876398758923,10.575680423983568,10.423876398758923,10.550379753112793,294500,0.012062929054236232
2001-01-22,10.52507908224202,10.575680423983568,10.52507908224202,10.550379753112793,117800,0.0
2001-01-23,10.575682640075684,10.575682640075684,10.525081287730824,10.575682640075684,23700,0.0023954202719884666
2001-01-24,10.525080680847168,10.651584054415043,10.499780006133593,10.525080680847168,282100,-0.004796229924204287
2001-01-25,10.600983316248113,10.727486697110264,10.550381963903254,10.575682640075684,206800,0.004796229924204395
2001-01-26,10.575681345803398,10.626282691955566,10.525079999651227,10.626282691955566,58400,0.0047731563707359625
2001-01-29,10.597943502973328,10.597943502973328,10.525077458567907,10.54127025604248,144700,-0.008032377970053448
2001-01-30,10.533174168109102,10.646520665315329,10.533174168109102,10.585799217224121,93000,0.004215352931457799
2001-01-31,10.573658316027972,10.662716413058241,10.525080680847168,10.525080680847168,180600,-0.005752361256344555
2001-02-01,10.606045737809504,10.610093167290211,10.508890443731401,10.516986846923828,514900,-0.00076930028970153
2001-02-02,10.504842173374808,10.52103420634804,10.464360932768566,10.488649368286133,49700,-0.0026980849842368204
2001-02-05,10.488645210766231,10.488645210766231,10.351009510530712,10.448163986206055,269600,-0.0038673920290828666
2001-02-06,10.452210215499997,10.484595034620165,10.326719137923726,10.472451210021973,162700,0.0023218470871045446
2001-02-07,10.444116930794742,10.521031188674282,10.391491873581513,10.484598159790039,31400,0.0011592234110799145
2001-02-08,10.464361528055132,10.504842770964233,10.415783882141113,10.415783882141113,65500,-0.006585001764322166
2001-02-09,10.419826920151477,10.496741166352757,10.342912673950195,10.342912673950195,186800,-0.007020817258313107
2001-02-12,10.342916742555404,10.606044408522136,10.342916742555404,10.444119453430176,60000,0.009737568938448021
2001-02-13,10.464359534043185,10.500792568507416,10.351012229919434,10.351012229919434,170400,-0.008954773367239667
2001-02-14,10.342912722379033,10.43601976700185,10.342912722379033,10.375297546386719,180000,0.002343429953840249
2001-02-15,10.363155244919373,10.525079388785334,10.363155244919373,10.484598159790039,116000,0.010479593497586545
2001-02-16,10.444115376398361,10.45221177541548,10.403634925542988,10.431971549987793,192500,-0.005032060379087923
2001-02-20,10.431970706323481,10.431970706323481,10.241709205383765,10.346960067749023,319600,-0.008182514685598889
2001-02-21,10.322677919822901,10.383399400222286,10.237668001686867,10.241715431213379,80200,-0.010223635147773675
2001-02-22,10.22147439956665,10.302436881874746,10.120271682739258,10.120271682739258,116600,-0.011928618541003964
2001-02-23,10.120268501831609,10.180989958419556,10.019065816813292,10.168846130371094,253100,0.004788235830220428
2001-02-26,10.189090354098049,10.31053331489682,10.189090354098049,10.241715431213379,106800,0.007140382710783562
2001-02-27,10.233617274090124,10.525080771334801,10.233617274090124,10.282194137573242,116400,0.003944546599146798
2001-02-28,10.28219632102192,10.42388028514603,10.28219632102192,10.415783882141113,268100,0.01290866184899156
2001-03-01,10.415779160980941,10.500789809768825,10.383394335755826,10.448163986206055,255800,0.003103931266137616
2001-03-02,10.508887115116114,10.56151294708252,10.464358455892917,10.56151294708252,245900,0.010790271645031295
2001-03-05,10.55746551359593,10.626283379701468,10.525080680847168,10.525080680847168,93700,-0.0034554943420101016
2001-03-06,10.52508002141039,10.553416651775745,10.504839791753787,10.53317642211914,120100,0.0007688900017919216
2001-03-07,10.52508006296735,10.62223455551014,10.52508006296735,10.565561294555664,193600,0.0030698422155994555
2001-03-08,10.52508006296735,10.626282755880498,10.52508006296735,10.565561294555664,99400,0.0
2001-03-09,10.565561914811951,10.622235179093458,10.525080680847168,10.525080680847168,149600,-0.0038387322173912735
2001-03-12,10.565561252838869,10.626282713923953,10.512935420347267,10.53317642211914,166600,0.0007688900017919216
2001-03-13,10.512767699423513,10.67198995131831,10.512767699423513,10.639328956604004,200400,0.010027478756741695
2001-03-14,10.61482906356562,10.659738204941378,10.553589820861816,10.553589820861816,394600,-0.008091344511757343
2001-03-15,10.553594272317742,10.614833540851977,10.410702126604825,10.508685111999512,154300,-0.004264000640237045
2001-03-16,10.508682684005253,10.565839217604784,10.422947883605957,10.422947883605957,263800,-0.008192166173351504
2001-03-19,10.410695013468468,10.512760650855412,10.410695013468468,10.48009967803955,116300,0.005468287500042488
2001-03-20,10.504593224154654,10.610741560384023,10.451519445389405,10.488263130187988,123600,0.0007786447263954818
2001-03-21,10.480102123227022,10.525011263339035,10.471936683443165,10.504597663879395,214300,0.0015561992382233255
2001-03-22,10.516841378653805,10.71688989661339,10.369866639459469,10.488263130187988,598000,-0.0015561992382232676
2001-03-23,10.492348859022432,10.716892971712,10.410696029663086,10.410696029663086,106800,-0.007423092806532767
2001-03-26,10.410693841988916,10.655651499893146,10.410693841988916,10.631155967712402,226200,0.02095519019729846
2001-03-27,10.635245055918343,10.7250633654502,10.614832228497168,10.720980644226074,110000,0.008413697236820363
2001-03-28,10.655655903877483,10.659738624044817,10.56992033776196,10.590333938598633,112100,-0.012260936958952237
2001-03-29,10.590331991581802,10.65973666426804,10.549505576113585,10.594414710998535,229500,0.0003852556872750136
2001-03-30,10.59441755652716,10.921027410598029,10.59441755652716,10.716896057128906,499200,0.011494618612954434
2001-04-02,10.720974412470035,10.818957328796387,10.720974412470035,10.818957328796387,124900,0.009478336792739718
2001-04-03,10.786301120493755,10.810796665719133,10.757722854614258,10.757722854614258,317700,-0.005676001874316358
2001-04-04,10.757721241764921,10.921026149949554,10.757721241764921,10.867952346801758,156900,0.010194405104187
2001-04-05,10.867953003880054,10.900613987491669,10.818961139112993,10.880200386047363,121400,0.0011263522645762916
2001-04-06,10.876113268461207,10.892444143013952,10.859783172607422,10.859783172607422,145100,-0.001878310476877914
2001-04-09,10.900613328438686,10.921026149949554,10.77813406327579,10.867952346801758,78000,0.0007519582123016147
2001-04-10,10.859786946096216,10.965935331475938,10.839373345812099,10.925108909606934,122600,0.005245402945855507
2001-04-11,10.83937128711209,10.859784883519094,10.716892823466393,10.737305641174316,440100,-0.017339523566519372
2001-04-12,10.737306133911295,10.737306133911295,10.659736800102253,10.704645156860352,601500,-0.0030464121367260524
2001-04-16,10.700561018991785,10.778131121217733,10.639321792476148,10.671982765197754,108800,-0.0030558998547287235
2001-04-17,10.737304431618815,10.851618222523363,10.737304431618815,10.827122688293457,119500,0.014432471745754216
2001-04-18,10.827126002094285,11.063918315321118,10.818960561952165,11.04350471496582,251500,0.0197881005736936
2001-04-19,11.043501642084134,11.043501642084134,10.921023188829208,11.002676010131836,295900,-0.003703929675695156
2001-04-20,11.023092481360408,11.043505304105441,10.818961139112993,10.880200386047363,390400,-0.011193857767057582
2001-04-23,10.880197986603905,10.941437220032999,10.880197986603905,10.912858963012695,295600,0.0029971561945251967
2001-04-24,10.900612572551408,10.92102539264678,10.847537994384766,10.847537994384766,108800,-0.006003674010052946
2001-04-25,10.847537878705744,10.929190715614823,10.839372439275003,10.921025276184082,385600,0.00675171439194024
2001-04-26,10.982267967239698,11.080250935116034,10.941441535949707,10.941441535949707,206800,0.0018677000976976632
2001-04-27,11.023090595652317,11.255800161413115,11.023090595652317,11.202726364135742,143700,0.02359961827962765
2001-04-30,11.186396679812518,11.206810279943644,11.04350459369153,11.116991996765137,124500,-0.007682425705530388
2001-05-01,11.116991835890701,11.206810117769445,11.116991835890701,11.133322715759277,168400,0.0014679092981406236
2001-05-02,11.092494063088195,11.202725143926054,11.092494063088195,11.149650573730469,163800,0.0014655010964054122
2001-05-03,11.104742641553838,11.186394691467285,11.104742641553838,11.186394691467285,285700,0.0032901214558344514
2001-05-04,11.165982746001347,11.219056543656501,11.165982746001347,11.194561004638672,168200,0.0007297555693940174
2001-05-07,11.219060081278386,11.219060081278386,11.145572662353516,11.145572662353516,80700,-0.004385687349641559
2001-05-08,11.104741234431538,11.112905893298949,11.023088416165532,11.02717113494873,190700,-0.010680018126675931
2001-05-09,11.031259969311527,11.145573043818757,11.014929085125113,11.125160217285156,165300,0.008846899217234097
2001-05-10,11.076165277202687,11.145569958382765,10.921025813876208,10.945521354675293,433000,-0.016278865612142285
2001-05-11,10.921024703680784,11.010842196613018,10.818959052244516,10.961851119995117,79500,0.0014908011778316038
2001-05-14,10.961854920890161,11.047589724048589,10.937359374087666,11.023094177246094,87100,0.0055713775803865285
2001-05-15,11.055749798889233,11.076162614865384,10.93735406456934,11.002676010131836,459100,-0.0018540257879165352
2001-05-16,11.010846420870395,11.05983829498291,11.010846420870395,11.05983829498291,161700,0.005181858420032303
2001-05-17,11.031256226387558,11.121073722839355,11.00675990841958,11.121073722839355,412100,0.0055214666898097476
2001-05-18,11.145572469506003,11.161903352850915,11.027176680052907,11.10474681854248,63600,-0.0014691837543886397
2001-05-21,10.941441316305255,11.031259619080057,10.941441316305255,11.023094177246094,108100,-0.007380115567536934
2001-05-22,11.023092183584682,11.206810698124128,11.023092183584682,11.153736114501953,117100,0.011781976665595651
2001-05-23,11.153737967840103,11.227225385866769,11.125159700540706,11.219059944152832,160400,0.005839593326886084
2001-05-24,11.22313672661545,11.308872261848572,11.186393037043967,11.304789543151855,221400,0.007612376653215167
2001-05-25,11.255803897101993,11.300713048802534,11.235391071074146,11.272134780883789,244700,-0.0028927576290522046
2001-05-29,11.308872946611212,11.308872946611212,11.186393714390377,11.251715660095215,338100,-0.001813111522459547
2001-05-30,11.268050850210146,11.300711835567885,11.227224423838145,11.280298233032227,77400,0.002537064676422478
2001-05-31,11.26805201877126,11.32520855439993,11.231308309095857,11.276217460632324,201900,-0.00036182648950241857
2001-06-01,11.235389864852408,11.280298233032227,11.231307144345276,11.280298233032227,96000,0.0003618264895024864
2001-06-04,11.268046765004232,11.308873176574707,11.23538579148766,11.308873176574707,107800,0.002529969627134991
2001-06-05,11.300706670715522,11.472176960150039,11.300706670715522,11.447681427001953,281800,0.012199559590787844
2001-06-06,11.443597311449532,11.492588371765402,11.443597311449532,11.476258277893066,87300,0.002493189745025138
2001-06-07,11.476265364075841,11.53342189596942,11.476265364075841,11.513009071350098,159000,0.0031972158316184904
2001-06-08,11.513005995527513,11.541584253839316,11.492592397662555,11.517087936401367,89800,0.00035422040059528793
2001-06-11,11.521169173108483,11.631400251294226,11.521169173108483,11.55383014678955,71700,0.0031851564223708906
2001-06-12,11.574241984666239,11.86002526630927,11.574241984666239,11.811034202575684,284400,0.02201720001284311
2001-06-13,11.848067283630371,11.868637316231487,11.761675500705215,11.848067283630371,174700,0.003130559401944952
2001-06-14,11.827492249000592,11.971479268095564,11.80692301112965,11.872745513916016,287900,0.002080724585602801
2001-06-15,11.848065414637285,11.992052481465574,11.831610175818662,11.880976676940918,123800,0.0006930419820711431
2001-06-18,11.848060543995908,12.024958800406395,11.848060543995908,11.967364311218262,147500,0.007244781695399605
2001-06-19,11.992050203417104,12.136037242893153,11.992050203417104,12.11958122253418,334400,0.012639123333621884
2001-06-20,12.119584985748268,12.197749537391536,12.0990157385789,12.177180290222168,456100,0.0047413047668776595
2001-06-21,12.177181969139003,12.25534653155913,12.136042684461747,12.234776496887207,164500,0.004718696992423003
2001-06-22,12.230653490544563,12.28002075276578,12.185401016896629,12.21831226348877,79800,-0.0013465976464317358
2001-06-25,12.222426605835377,12.226540610120677,12.11957885270112,12.16483211517334,130800,-0.004386656064011952
2001-06-26,12.193633224940664,12.21008924729715,12.053760173575876,12.197747230529785,211500,0.002702105956558894
2001-06-27,12.115466918009522,12.321162446093444,12.033188392909485,12.300592422485352,219100,0.008396144194766577
2001-06-28,12.304704353453243,12.42400811627501,12.300590349424972,12.354071617126465,153700,0.004338268688709938
2001-06-29,12.333506276305453,12.374645547530331,12.197747230529785,12.197747230529785,277500,-0.012734412883476433
2001-07-02,12.20186277088554,12.366419091816837,12.193634758672367,12.34173583984375,140300,0.01173539486552564
2001-07-03,12.300594600559219,12.424012410062941,12.300594600559219,12.4034423828125,118300,0.0049873692822158065
2001-07-05,12.337622050277716,12.47338111551208,12.308824791692615,12.411672592163086,112700,0.0006633223066391638
2001-07-06,12.407558405402895,12.54743147478032,12.395216387046146,12.502178192138672,123600,0.00726551659082516
2001-07-09,12.45280510315986,12.522741600867043,12.21831237104343,12.284134864807129,219900,-0.017594303080375677
2001-07-10,12.238884217772826,12.337617979487353,12.201858959046605,12.214200973510742,73900,-0.005709292396161359
2001-07-11,12.210087494167672,12.210087494167672,12.099011713208705,12.107239723205566,102500,-0.00879569111212497
2001-07-12,12.094895752197184,12.11546577386271,12.06198450219844,12.074326515197754,143000,-0.0027221750657404602
2001-07-13,12.103126088248615,12.115468103621252,12.061986821672734,12.090784072875977,59400,0.0013620926883584474
2001-07-16,12.090782877748492,12.09489688246605,12.020846366882324,12.020846366882324,152700,-0.005801175686270868
2001-07-17,12.020850760698316,12.070218050687402,12.01262353292218,12.037306785583496,114500,0.0013683861072244091
2001-07-18,12.012623280082815,12.210090866549987,12.012623280082815,12.189520835876465,70700,0.01256590879957039
2001-07-19,12.18540724082958,12.275913019019043,12.136039953393064,12.205976486206055,89800,0.0013490729545788836
2001-07-20,12.238884925842285,12.337618693268963,12.136037153356215,12.238884925842285,71100,0.0026924643966644277
2001-07-23,12.238879773156077,12.280019021763732,12.177171292577546,12.259449005126953,134000,0.0016788149081863035
2001-07-24,12.23888579448773,12.337619568921962,12.173063278198242,12.173063278198242,126800,-0.0070714043567398814
2001-07-25,12.173066283854999,12.214205562860217,12.094901732211731,12.177180290222168,297200,0.00033814955908649053
2001-07-26,12.115468772611512,12.214202547045744,12.115468772611512,12.173063278198242,432200,-0.0003381495590865223
2001-07-27,12.197747693462206,12.201861699207463,12.024963375493222,12.115469932556152,170500,-0.004742439824205399
2001-07-30,12.033189715601988,12.2800245333681,11.992050448529929,12.094898223876953,151200,-0.0016994135320216371
2001-07-31,12.05376431220839,12.238890703949904,12.05376431220839,12.144270896911621,118100,0.0040737981628271944
2001-08-01,12.156601275940767,12.259449005126953,12.144260050624604,12.259449005126953,62400,0.009439459550139818
2001-08-02,12.267682873239085,12.461037198679334,12.222429599682213,12.448695182800293,191000,0.01531882581142248
2001-08-03,12.465148655919544,12.465148655919544,12.419896173430608,12.452807426452637,86800,0.00033028076692829774
2001-08-06,12.41166900450807,12.580339285751338,12.41166900450807,12.576225280761719,157400,0.00986205548207364
2001-08-07,12.572116395154586,12.650280952453613,12.54743313983204,12.650280952453613,204100,0.005871275534046186
2001-08-08,12.691423084366873,12.810726165771484,12.670853046423515,12.810726165771484,289300,0.012603377108801843
2001-08-09,12.81071796222659,13.164514541625977,12.753123462200165,13.164514541625977,380000,0.02724211562858195
2001-08-10,13.534764147838244,13.863876624734269,13.287928613167166,13.777484893798828,500800,0.04551081299031052
2001-08-13,13.785717913671347,13.830971195097622,13.575909099906509,13.715782165527344,414200,-0.004488577638571385
2001-08-14,13.6993225915297,13.925587370695284,13.6993225915297,13.822739601135254,320300,0.00776788052249065
2001-08-15,13.82274214071468,14.151856319239128,13.82274214071468,14.090147018432617,339000,0.01916072687687618
2001-08-16,14.007863433505918,14.090141948531656,13.954382163339366,13.98729419708252,423200,-0.007326399911020663
2001-08-17,13.958499147315596,14.007865636361478,13.958499147315596,13.995524406433105,213000,0.0005882330657619512
2001-08-20,13.999633017146884,14.209443272841964,13.987291791281955,14.151848793029785,209500,0.011107679055361915
2001-08-21,14.09014555193049,14.238246602985596,14.09014555193049,14.234131813049316,344200,0.005797456964814814
2001-08-22,14.23413580625599,14.312301143648117,14.213566558801794,14.271161079406738,326300,0.0025980639683927938
2001-08-23,14.221789183451246,14.336978181019564,14.209447953521039,14.275270462036133,131800,0.0002879086762080506
2001-08-24,14.254704772221661,14.29584326178866,14.106603698848016,14.172426223754883,255500,-0.007230440303731921
2001-08-27,14.09013952504138,14.295834992560232,14.077798299176449,14.151848793029785,156500,-0.001452989305683713
2001-08-28,14.049004824904328,14.131281778499524,13.987295540375635,14.061346054077148,129200,-0.006415654084688281
2001-08-29,14.061351562957356,14.090148821864169,13.637619122471769,13.863883972167969,368000,-0.014142434843801618
2001-08-30,13.822742035198665,13.954387077870447,13.66641452785886,13.678755760192871,222000,-0.013443228521492734
2001-08-31,13.67875366183905,13.686981671910427,13.522424609147802,13.641728401184082,190900,-0.0027105948387351766
2001-09-04,13.575908103424023,13.699325135952245,13.50597236041336,13.555338859558105,160800,-0.0063528785179406185
2001-09-05,13.555335610851179,13.63349934654183,13.374322541814651,13.481285095214844,81200,-0.005478047085834202
2001-09-06,13.522428701169932,13.522428701169932,13.267366589102728,13.304391860961914,140200,-0.013208238584509027
2001-09-07,13.308501637346884,13.493627948718366,13.123376110641667,13.287932395935059,127100,-0.0012379111332845043
2001-09-10,13.370204158862725,13.419570627113334,13.26735643456378,13.41134262084961,169500,0.009244528455221014
2001-09-17,13.537869474497029,13.596914496196064,13.343869229637221,13.495696067810059,264100,0.006270011671337614
2001-09-18,13.49570283845672,13.875270124313575,13.49570283845672,13.795138359069824,225100,0.021945412450546854
2001-09-19,13.8077857206272,14.170481226615232,13.8077857206272,14.090351104736328,654300,0.021174007045664446
2001-09-20,14.090354221497153,14.162050964353218,13.968049054092154,14.022875785827637,441200,-0.00480026350145707
2001-09-21,13.917440447244827,13.921657145563334,13.79091858312334,13.875267028808594,311600,-0.010582076049797216
2001-09-24,13.980696844849332,14.233740476461557,13.68547820209362,13.706564903259277,356800,-0.012232996688715738
2001-09-25,13.790913326383778,13.909000140043819,13.685478211669547,13.80356502532959,736700,0.007051985891053885
2001-09-26,13.719216602196235,14.022870247180645,13.664391500927964,13.706564903259277,352900,-0.0070519858910538516
2001-09-27,13.875267946876358,13.917441368103027,13.841527922844707,13.917441368103027,239600,0.015267920170343185
2001-09-28,14.00178647943741,14.136743325746142,13.909003044295464,14.086134910583496,275400,0.01204814566507692
2001-10-01,14.107223464135455,14.275918739713267,14.086136755789818,14.170483589172363,233500,0.0059702068829440525
2001-10-02,14.27591686964655,14.27591686964655,13.917438048291324,14.086134910583496,181800,-0.00597020688294407
2001-10-03,14.043957426233439,14.086132438812054,13.7107820665174,13.78669548034668,192600,-0.021486942416553183
2001-10-04,13.917441817196602,14.297009055736233,13.917441817196602,13.921658515930176,151200,0.009741762571274565
2001-10-05,14.128311397776393,14.128311397776393,13.858397646393112,14.08191967010498,112500,0.011445887574461305
2001-10-08,14.08191660417931,14.128308321750284,14.022873185020803,14.086134910583496,94800,0.0002992922708173613
2001-10-09,14.10721967894642,14.246393203735352,14.052392964908458,14.246393203735352,166900,0.011312792253942657
2001-10-10,14.204220542851932,14.440395808245357,14.170480529733283,14.347612380981445,271400,0.007079777594086015
2001-10-11,14.38978884910871,14.676572586363312,14.347615432552974,14.625964164733887,89300,0.01921477297709996
2001-10-12,14.625961053960808,14.625961053960808,14.334960680468138,14.347612380981445,174000,-0.01921477297709989
2001-10-15,14.398220319626862,14.545830458961206,14.398220319626862,14.482568740844727,112900,0.009362226692215227
2001-10-16,14.46570131741076,14.651268198981915,14.444614610544749,14.592223167419434,173400,0.0075429565810928995
2001-10-17,14.59644102400785,14.676571151152972,14.48257087986738,14.512092590332031,224700,-0.005506453422536782
2001-10-18,14.44461323043726,14.604875083169455,14.212656259448206,14.31809139251709,76500,-0.01345840360822818
2001-10-19,14.339182629990045,14.592226385817625,14.170485720229681,14.254834175109863,131700,-0.004427780459877506
2001-10-22,14.254834290347324,14.275921002034595,13.959615500286594,14.018660545349121,127200,-0.016706751350065694
2001-10-23,13.976476949975078,14.275912255388363,13.91743354990057,14.039738655090332,149500,0.0015024459204305582
2001-10-24,14.081917815355787,14.103004522752835,13.748742368519428,13.866830825805664,147300,-0.012392067186129722
2001-10-25,13.78248307782655,13.959613359410119,13.698134635200347,13.748743057250977,136200,-0.008552311012528041
2001-10-26,13.748744225053441,14.018659586146136,13.748744225053441,13.909006118774414,339400,0.011589146623704017
2001-10-29,13.824657910828881,13.959614789329697,13.81200620622346,13.917441368103027,192100,0.0006062757088177384
2001-10-30,13.87526268868218,13.900566088304004,13.727652552701647,13.824652671813965,163600,-0.006689404351766082
2001-10-31,13.866835089079329,13.879486795644718,13.706573167727452,13.871051788330078,251300,0.003350639446076211
2001-11-01,13.887915114884004,14.107220373013249,13.82887170092851,14.065045356750488,159400,0.013888603389461957
2001-11-02,14.170483154248213,14.309658320920711,14.065048006943352,14.145179748535156,154100,0.0056812455075388145
2001-11-05,14.1789121540071,14.2295221616241,14.039738655090332,14.039738655090332,123600,-0.007482128125174657
2001-11-06,14.081916837879165,14.275917106565984,14.043960123674132,14.267483711242676,151300,0.01609129764482287
2001-11-07,14.212656259448206,14.541613359803142,14.212656259448206,14.31809139251709,120500,0.0035407882446896275
2001-11-08,14.275922702421171,14.592228241843912,14.25061928890778,14.537403106689453,183000,0.01520098275839261
2001-11-09,14.537400044785313,14.613313486962744,14.237962974501972,14.356051445007324,135100,-0.012553295963980115
2001-11-12,14.419313224565608,14.440401545549534,14.339183074790931,14.423531532287598,119100,0.004689450225601389
2001-11-13,14.46569754427047,14.592219361277998,14.46569754427047,14.57113265991211,175300,0.010181349345526362
2001-11-14,14.61331246152971,14.651269179954959,14.512094009458144,14.625964164733887,117100,0.0037559603690165582
2001-11-15,14.668138276015343,14.824183464050293,14.60909484651576,14.824183464050293,123200,0.013461548317975804
2001-11-16,14.71875095826244,14.748272678326206,14.566924050041303,14.663924217224121,216500,-0.010869522479679386
2001-11-19,14.579576975572738,14.67657715086875,14.550055253039744,14.596446990966797,126400,-0.004612200261849239
2001-11-20,14.65548682499693,14.65548682499693,14.512094947104877,14.516311645507812,164700,-0.005505184091164844
2001-11-21,14.5416157228097,14.630180862864375,14.486788994237072,14.625964164733887,122300,0.007525358514717783
2001-11-23,14.625963412597967,14.69765853881836,14.583789998210989,14.69765853881836,63900,0.004889881285533068
2001-11-26,14.697657388472168,14.718745702827764,14.507875429771852,14.528962135314941,117500,-0.01154415208370754
2001-11-27,14.52052084834534,14.668129332089686,14.334955667522188,14.33917236328125,436800,-0.01314892768697463
2001-11-28,14.297009650449104,14.486791668800338,14.297009650449104,14.423531532287598,351700,0.005865888770606122
2001-11-29,14.423533461817993,14.43618516905044,14.347620000796853,14.402446746826172,117500,-0.0014629019017173557
2001-11-30,14.402434061349862,14.402434061349862,14.288563970113447,14.33917236328125,196100,-0.004402986868888792
2001-12-03,14.381357035488623,14.39401035031349,14.233748435974121,14.233748435974121,176400,-0.007379322992365284
2001-12-04,14.297002289773179,14.364480699267292,14.267480586170267,14.30121898651123,382000,0.004728982183622413
2001-12-05,14.30122111635408,14.398221243897076,14.246394397721108,14.351829528808594,233100,0.0035326499310281796
2001-12-06,14.398227897113125,14.663925000695915,14.377141182914242,14.537403106689453,307800,0.012847425386699751
2001-12-07,14.600661518619985,14.75248841695645,14.554269787593514,14.71875,242600,0.012397338454174763
2001-12-10,14.718745666759778,14.731397368292127,14.625962232022538,14.668135643005371,137300,-0.003444693504326019
2001-12-11,14.668136826984947,14.714528548098205,14.63439841723789,14.69765853881836,237800,0.0020107003118484566
2001-12-12,14.804474518317138,14.834382415941361,14.509665770509548,14.646388053894043,141200,-0.0034944421816429368
2001-12-13,14.484028753958354,14.526753848628813,14.398576934759548,14.518208503723145,136700,-0.008790135344302475
2001-12-14,14.526763509802247,14.689121911272313,14.526763509802247,14.637849807739258,347900,0.008207006192225908
2001-12-17,14.69765497873206,14.77456143990038,14.69765497873206,14.706198692321777,345000,0.004658457962057134
2001-12-18,14.727569532566655,14.736114879882184,14.415671689912385,14.548120498657227,202100,-0.010807274728922636
2001-12-19,14.590849530440538,14.659210689859943,14.41567395756215,14.437036514282227,217200,-0.007664925063784426
2001-12-20,14.419944120752342,14.47121457682133,14.231951361927118,14.236223220825195,247500,-0.014007237310580232
2001-12-21,14.240489921562618,14.296032210054321,14.155038115607708,14.219125747680664,338200,-0.0012017055366980746
2001-12-24,14.214858863378588,14.419942291496891,14.214858863378588,14.360126495361328,122300,0.009867430437887507
2001-12-26,14.466938608141891,14.509663704418926,14.321670998998844,14.364396095275879,169600,0.00029727908845290164
2001-12-27,14.36440053083423,14.518213532699923,14.20631566996491,14.231951713562012,267800,-0.009263093988743774
2001-12-28,14.278948283990895,14.390036173289818,14.210587132829406,14.291767120361328,232400,0.004194088073076637
2001-12-31,14.334488647383768,14.415668614634095,14.184949175908953,14.270401000976562,122600,-0.0014961135498826952
2002-01-02,14.462665305138707,14.488301341146805,14.180675428481504,14.454121589660645,390100,0.012792072932806337
2002-01-03,14.475490231337767,14.693390924626124,14.475490231337767,14.659211158752441,151400,0.014089280915389168
2002-01-04,14.719021552329334,14.78310920094436,14.569480445844828,14.740384101867676,135200,0.005522058971470684
2002-01-07,14.783105394091475,14.847194656060692,14.637837812837871,14.684836387634277,100100,-0.003775521766250863
2002-01-08,14.689115099540853,14.740385549439472,14.642116508026195,14.697660446166992,149400,0.0008729046697114466
2002-01-09,14.697665913317833,14.838660110449778,14.697665913317833,14.71902847290039,342400,0.001452782843808721
2002-01-10,14.723289379216427,14.795923983589889,14.573749943532258,14.706198692321777,121600,-0.000872025987740739
2002-01-11,14.761749971596766,14.80447671014154,14.68057161314933,14.783112525939941,138400,0.005216399084819808
2002-01-14,14.761746528153347,14.992465972900392,14.761746528153347,14.99246597290039,274400,0.01406232271246963
2002-01-15,15.018103596070473,15.159097740622778,14.996739414596238,15.124917984008789,451800,0.008795774907488738
2002-01-16,15.12491320857687,15.25309010766155,15.086459975865697,15.210363388061523,172500,0.005633416019767221
2002-01-17,15.18900420255088,15.381270408630371,15.12491655376309,15.381270408630371,228500,0.011173564630474607
2002-01-18,15.381271856142352,15.385543714520333,15.210368183575262,15.338546752929688,199000,-0.002781506349551208
2002-01-22,15.36845724023385,15.38127444738529,15.231734931090216,15.30864143371582,226000,-0.0019515871096179689
2002-01-23,15.308638116764184,15.330000667340746,15.210367450367356,15.295819282531738,155500,-0.0008379269971910016
2002-01-24,15.338545697802008,15.462449140538792,15.261639213422981,15.428269386291504,549400,0.008621959511627012
2002-01-25,15.428273502031121,15.765807425752985,15.428273502031121,15.509451866149902,378800,0.005248134827347445
2002-01-28,15.513727033614494,15.671811919731063,15.488090985923138,15.552180290222168,283400,0.0027512044961808557
2002-01-29,15.594898826930907,15.6547146164487,15.513720488279334,15.599170684814453,359400,0.0030169112261733207
2002-01-30,15.603441208973601,15.752980654365858,15.603441208973601,15.74443531036377,244400,0.009269237601439474
2002-01-31,15.757252117592483,15.757252117592483,15.637618946785445,15.641892433166504,229200,-0.006534261853595791
2002-02-01,15.68462519108339,15.846983525985113,15.68462519108339,15.7999849319458,129700,0.010056258997766023
2002-02-04,15.765805904867642,15.889709368705033,15.714533819977987,15.84271240234375,236200,0.0027006228903602492
2002-02-05,15.872621055387826,15.893983610174473,15.765806651596142,15.808531761169434,419900,-0.0021598300708229315
2002-02-06,15.808527490976676,15.911070008055672,15.69744125817761,15.8726167678833,371400,0.004045629473458879
2002-02-07,15.889708631552686,15.915344672808212,15.795713073332365,15.7999849319458,103100,-0.00458642229299618
2002-02-08,15.808528125332229,15.90679715863646,15.744438845853866,15.821345329284668,230900,0.0013510121434728035
2002-02-11,15.812798246271484,16.043517671218545,15.812798246271484,15.996519088745117,172700,0.011011143115781207
2002-02-12,15.893977237769375,15.979429052514043,15.851250515468141,15.889703750610352,116100,-0.006699805005298341
2002-02-13,15.936712362759462,16.02216423129815,15.868351193900276,15.953803062438965,164000,0.004025900713828753
2002-02-14,15.95379921964755,15.95379921964755,15.876892719473082,15.902528762817383,225400,-0.0032190990589092048
2002-02-15,15.85126049422077,15.992256321788433,15.85126049422077,15.953803062438965,121500,0.0032190990589091094
2002-02-19,15.94952513403388,16.000795583706378,15.829891911653776,15.8512544631958,163100,-0.006448594191567105
2002-02-20,15.851258871161253,16.030707939704037,15.829896313678665,15.983709335327148,184100,0.008321393879706119
2002-02-21,16.064888567203095,16.081979266049135,15.748718787845045,15.757264137268066,107800,-0.014268563004768456
2002-02-22,15.714535536430306,15.91534714953624,15.701718328737096,15.859803199768066,193900,0.006486333530754259
2002-02-25,15.945256387256816,15.945256387256816,15.838441967926393,15.906803131103516,174800,0.002959080056635217
2002-02-26,15.90679516785038,15.90679516785038,15.765801052445157,15.825616836547852,139000,-0.005116941713282861
2002-02-27,15.78289423777545,15.846983525985113,15.701715885253739,15.7999849319458,118500,-0.0016209595252619576
2002-02-28,15.821352475924634,15.821352475924634,15.616268970757217,15.705992698669434,146200,-0.005966646280818099
2002-03-01,15.791440317454093,15.85125611996698,15.680354059909927,15.84271240234375,58300,0.00866726917117836
2002-03-04,15.872622037319834,15.893984593428037,15.752988789368494,15.859803199768066,228200,0.001078198291549074
2002-03-05,15.85979418895363,16.205873268770915,15.778615869920868,16.17169189453125,213500,0.01947449227187051
2002-03-06,16.171701451602416,16.406694463731043,16.009344717588124,16.351150512695312,261600,0.01103596280458741
2002-03-07,16.342596498328042,16.36395904359614,16.218691453972248,16.278507232666016,113300,-0.004452599571396246
2002-03-08,16.287061145573052,16.287061145573052,16.02216185919477,16.06916046142578,94600,-0.012943727259907637
2002-03-11,16.0648883280085,16.099069725191647,15.799989019273989,15.829896926879883,245800,-0.015001573165551283
2002-03-12,15.658992247804456,15.876892914401774,15.650446899918107,15.808531761169434,191200,-0.001350583441974726
2002-03-13,15.786899618551033,15.916654627896698,15.769598510658422,15.895029067993164,116200,0.005456643934156107
2002-03-14,15.916654417454792,16.171839980761266,15.899353309790927,16.158864974975586,386100,0.01646239081733834
2002-03-15,16.21076536266688,16.21076536266688,16.055058705887184,16.063709259033203,460300,-0.0059061694984161184
2002-03-18,16.171845741135794,16.197797411875516,16.01613901654751,16.029115676879883,276300,-0.0021558460883829016
2002-03-19,16.003164291381836,16.10696932626593,15.985863177246976,16.003164291381836,172200,-0.0016203274447914374
2002-03-20,15.938289571399013,16.00316793923093,15.843136721817745,15.972891807556152,117200,-0.0018934475706624172
2002-03-21,15.990189675866874,16.081018052431702,15.972888561304499,16.042091369628906,250800,0.0043229552523074005
2002-03-22,16.042089204248757,16.215097026669522,16.00316252670033,16.176170349121094,313000,0.008323214622725268
2002-03-25,16.154543910877106,16.17184502393631,16.089667211792534,16.14589500427246,139400,-0.001873355144344311
2002-03-26,16.14588639158803,16.22373805897619,16.132909738753277,16.1545352935791,445000,0.0005349953194463892
2002-03-27,16.17617018430173,16.19779574940276,15.592270027024679,16.132917404174805,195800,-0.0013390893878823808
2002-03-28,16.241036723497995,16.241036723497995,15.94260015190724,16.007476806640625,271200,-0.007805830485196657
2002-04-01,16.050739760362283,16.176170349121094,16.00316252670033,16.176170349121094,63200,0.010483279697977214
2002-04-02,16.392426867173366,16.392426867173366,16.219419070452027,16.31024742126465,162700,0.008254393227894919
2002-04-03,16.310242917516053,16.327544022395756,16.215090140526023,16.29726791381836,104800,-0.0007961053148898645
2002-04-04,16.262672470653115,16.262672470653115,16.193469672264477,16.241046905517578,131900,-0.003455683833722513
2002-04-05,16.223746590828725,16.344852731404792,16.223746590828725,16.31890106201172,167500,0.004782213100950339
2002-04-08,16.232389595481557,16.323219571137916,16.228065144223716,16.29726791381836,179300,-0.0013265292672278957
2002-04-09,16.305919748484108,16.50055306887546,16.241041425045555,16.392423629760742,223900,0.005821773177339823
2002-04-10,16.414052675119684,16.824944961043432,16.414052675119684,16.699514389038086,130600,0.018560386206902046
2002-04-11,16.65194218805804,16.80332282070669,16.65194218805804,16.68654441833496,92000,-0.0007769692990978456
2002-04-12,16.73844742486375,16.863878044554212,16.68221962122229,16.84225082397461,74800,0.009287988063366209
2002-04-15,16.79899365212802,16.993627017997586,16.760066978954104,16.889822006225586,144200,0.0028205330889554065
2002-04-16,16.86819760606953,16.898473726189003,16.58706031933178,16.66058921813965,140700,-0.01366518900386806
2002-04-17,16.7038352924626,16.71681194710489,16.362147518802566,16.392423629760742,196500,-0.01622674905625753
2002-04-18,16.414049796268284,16.53948034627443,16.392424237628276,16.448650360107422,168500,0.0034241745749291233
2002-04-19,16.535163147345884,16.556788717629388,16.405408075719606,16.435684204101562,281100,-0.0007885917017714518
2002-04-22,16.435674745436906,16.45730030327499,16.362147518802566,16.392423629760742,251100,-0.002635582873157653
2002-04-23,16.422703115459758,16.422703115459758,16.124264746224767,16.245370864868164,157000,-0.00901125595395089
2002-04-24,16.245377991800872,16.41405976149633,16.24105188749181,16.357831954956055,204000,0.006898802963844386
2002-04-25,16.314570301604203,16.478925861113073,16.266993084405836,16.392423629760742,134600,0.0021124529901064767
2002-04-26,16.39242465821217,16.39242465821217,16.17616576641478,16.20644187927246,154000,-0.011410444225860648
2002-04-29,16.206442196088993,16.219417201874673,16.089662194244564,16.158864974975586,130700,-0.0029399961372638195
2002-04-30,16.184812899714807,16.435673978722086,15.903677361085936,16.422698974609375,279400,0.0161956477575165
2002-05-01,16.41405299351556,16.65193748474121,16.30592352932893,16.65193748474121,121100,0.013862113419743367
2002-05-02,16.651933421263116,16.863867845318605,16.64328286824817,16.807640075683594,194100,0.009306974337605335
2002-05-03,16.80764619819165,16.976327918617965,16.608688356146512,16.846572875976562,100000,0.0023136965179831838
2002-05-06,16.803317661102113,16.855220990580126,16.716815411821383,16.742765426635742,78400,-0.006180995820747669
2002-05-07,16.764398245446472,16.764398245446472,16.53949032005532,16.59571647644043,81000,-0.008821631665686204
2002-05-08,16.638968142888857,16.64761870096042,16.262676291439323,16.565439224243164,185600,-0.0018260678779656394
2002-05-09,16.45730666559156,16.543810580310197,16.310250505547362,16.31890106201172,79200,-0.014994540215436749
2002-05-10,15.895029067993164,16.003158517435292,15.458186818213719,15.895029067993164,348100,-0.026317587270350766
2002-05-13,15.873401394574024,15.877725846009154,15.51441087826137,15.72201919555664,376600,-0.010944196804970047
2002-05-14,15.57064357202206,15.691748049606307,15.3933113084488,15.492790222167969,562900,-0.014687457552981866
2002-05-15,15.4927957759402,15.540373023453459,15.41926850245633,15.462519645690918,266800,-0.0019557604982803696
2002-05-16,15.462512926549495,15.527391263134243,15.440887364329457,15.484138488769531,286600,0.0013971684116255195
2002-05-17,15.419264812602497,15.574969880941763,15.397637596235274,15.52739429473877,146000,0.0027896611446682575
2002-05-20,15.484144551987521,15.570648484665163,15.40196672340267,15.436567306518555,264000,-0.005866642640423745
2002-05-21,15.484133801770842,15.518736010788631,15.224623833833977,15.276525497436523,464700,-0.010421826201107329
2002-05-22,15.22463366063019,15.267884799894896,15.11650416254322,15.241934776306152,386600,-0.0022668729439656392
2002-05-23,15.3111323410846,15.5879434973202,15.276530121592831,15.484138488769531,436800,0.01576568064082851
2002-05-24,15.505763588901905,15.505763588901905,15.350058555603027,15.350058555603027,330600,-0.008696887944040907
2002-05-28,15.350065343650655,15.518747108428357,15.306812551447836,15.510096549987793,190300,0.010371913461207898
2002-05-29,15.549026268885347,15.830162048339844,15.462522317543334,15.830162048339844,239500,0.020425908443224765
2002-05-30,15.830158624700823,15.908011999078473,15.674453525870806,15.869085311889648,131800,0.002455785947804251
2002-05-31,15.86907599339134,15.92097931244842,15.856100988589226,15.890703201293945,107500,0.0013613373233841337
2002-06-03,15.847454015744873,15.998836255642546,15.821504000277896,15.88205623626709,190400,-0.0005443005513783263
2002-06-04,15.981531534757368,15.998832641109727,15.882052648117766,15.890703201293945,402100,0.0005443005513781693
2002-06-05,15.89504102722079,15.951268845214646,15.795562056878248,15.877739906311035,158600,-0.0008161114889077397
2002-06-06,15.847460917205941,15.847460917205941,15.453869561945138,15.674454689025879,232800,-0.012885825074952548
2002-06-07,15.484134552750323,15.56198787689209,15.397630675934556,15.56198787689209,581000,-0.007201031160436061
2002-06-10,15.518745422363281,15.635525473735115,15.484143192360454,15.518745422363281,246800,-0.0027825908748013817
2002-06-11,15.453867866788864,15.851785282813163,15.453867866788864,15.799881935119629,175600,0.0179537922445002
2002-06-12,15.690402030944826,15.896219722177582,15.642231399857405,15.690402030944824,161800,-0.00695327774037328
2002-06-13,15.716683275483184,15.742958633414256,15.637858872194005,15.694787979125977,210600,0.00027949158238614813
2002-06-14,15.677264213562012,15.734193295582159,15.59406145561203,15.677264213562012,91600,-0.001117157862601139
2002-06-17,15.721053278157079,15.756085395812988,15.598436690103988,15.756085395812988,169600,0.00501514146200038
2002-06-18,15.756091141468774,15.786744882034577,15.72105901103796,15.769227981567383,224200,0.0008337799125706497
2002-06-19,15.742953728679181,15.813019657495552,15.646612450117855,15.804261207580566,172800,0.002219155455420835
2002-06-20,15.764845749427531,15.874323844909666,15.742950464431738,15.874323844909668,123700,0.004423351071413492
2002-06-21,15.91811893620769,16.11955995869357,15.91811893620769,16.093284606933594,176700,0.013699128393423594
2002-06-24,16.027592385382697,16.202758004989246,15.799879418598593,15.852428436279297,195300,-0.015079377585800486
2002-06-25,15.961904652139323,16.106414851377725,15.940009369891438,15.983799934387207,655500,0.008253002977787834
2002-06-26,15.983803039667642,16.071385856177436,15.677264017135004,16.0275936126709,348200,0.0027361324049077567
2002-06-27,16.027589110743268,16.080139788190355,15.87869886564881,16.040727615356445,187900,0.0008191263475583037
2002-06-28,16.137073399238766,16.421717164966232,16.02759528480566,16.246551513671875,520400,0.012749707748871589
2002-07-01,16.202755801256238,16.202755801256238,15.97942125361156,16.18086051940918,188100,-0.004051577354183438
2002-07-02,16.202760061916756,16.202760061916756,15.983803844863827,15.992562294006348,162800,-0.011705336821759739
2002-07-03,15.948772478375242,16.01446002170114,15.804262221763329,15.931257247924805,221200,-0.0038407134434924
2002-07-05,15.983800790608566,16.102037325684392,15.82615207717413,15.975042343139648,100600,0.0027446067555078656
2002-07-08,16.018836889276244,16.04073217585278,15.804259071618304,15.891841888427734,374100,-0.005221762074890935
2002-07-09,15.944387830909523,15.944387830909523,15.721053278157079,15.756085395812988,410900,-0.0085792237873347
2002-07-10,15.764845698979844,15.8086362688313,15.567784793641962,15.611577033996582,254300,-0.009213908399334156
2002-07-11,15.567783378680739,15.672883075476113,15.204317004540377,15.31379508972168,309900,-0.019258694569862237
2002-07-12,15.313800243571425,15.545893327705606,15.226217411849834,15.261249542236328,190500,-0.0034371560106696724
2002-07-15,15.21745411662665,15.261244683293425,14.801437051280134,15.103597640991211,528500,-0.010383936192672902
2002-07-16,15.103596311831433,15.515233281984214,15.09483786516824,15.186799049377441,479100,0.005493597095175106
2002-07-17,15.239354852353866,15.366349879828528,15.020398599674921,15.195564270019531,201700,0.0005769940141340015
2002-07-18,15.239352350248485,15.239352350248485,14.58248370006102,14.630654335021973,303300,-0.03788462132511521
2002-07-19,14.586858705602529,14.849605406435726,14.49051746906239,14.709473609924316,264200,0.005372809870294122
2002-07-22,14.818954430556362,14.976603148514902,14.01319561582623,14.4511079788208,371100,-0.017720661113646462
2002-07-23,14.385417453916492,14.661302652766365,14.166461318115616,14.205873489379883,270800,-0.017115583253709096
2002-07-24,14.144568527281457,14.691958963093457,13.956266918973407,14.376663208007812,442100,0.011950776316925748
2002-07-25,14.376661836442299,14.99411812231141,14.210254692090212,14.805815696716309,377900,0.029413774648143667
2002-07-26,14.889018121509883,15.436408493624217,14.889018121509883,15.243727684020996,382500,0.029148062972865176
2002-07-29,15.326934179614454,16.145829909470088,15.326934179614454,16.102039337158203,226900,0.05477781183491893
2002-07-30,16.137071349680415,16.461127262265816,16.01883647115263,16.329753875732422,407500,0.014042904087104156
2002-07-31,16.22026228216139,16.531179428100586,15.931240404013348,16.531179428100586,303300,0.012259425089691307
2002-08-01,16.596881054447312,16.596881054447312,16.215896053900416,16.38230323791504,242200,-0.009046578694680113
2002-08-02,16.312241029907206,16.37792857473917,15.865570068359375,15.865570068359375,134000,-0.03205032451306115
2002-08-05,15.909364607331609,15.970672100380426,15.764852656141771,15.900606155395508,77300,0.002205874638240069
2002-08-06,15.900601883147374,15.931255621435591,15.580925990639203,15.607199668884277,398600,-0.018624906455033566
2002-08-07,15.611583991759822,15.677269875811861,15.528379533255105,15.537137985229492,543300,-0.004499167882021843
2002-08-08,15.602819984921416,15.633473720666576,15.305039405822754,15.305039405822754,325700,-0.015051010046691538
2002-08-09,14.013194569129753,14.100777369287409,12.699457578273838,13.960644721984863,2698000,-0.09193986730555473
2002-08-12,13.851170518850905,13.969407081604004,13.66724725520777,13.969407081604004,356200,0.0006274503153974306
2002-08-13,13.859926912511227,13.960646561286206,13.662866839071262,13.706657409667969,274900,-0.018988072992587847
2002-08-14,13.711038076158511,13.881824493408203,13.640972153531038,13.881824493408203,205000,0.012698736978179833
2002-08-15,13.947511304571202,13.986923490775226,13.767967271975841,13.772346496582031,214000,-0.00791768943605172
2002-08-16,13.684762594716792,14.026333734519886,13.684762594716792,14.008817672729492,523200,0.017024260463598968
2002-08-19,14.013196558732666,14.035091844255044,13.838031768798828,13.838031768798828,199500,-0.012266238280424658
2002-08-20,13.842408839987575,13.90371629811612,13.711034641531658,13.816133499145508,147100,-0.0015837233934354045
2002-08-21,13.803003774813801,14.030718501247092,13.794245323354389,13.99130630493164,493500,0.012599155063511312
2002-08-22,13.991302715381417,14.01319800316068,13.772346496582031,13.772346496582031,423700,-0.015773453853250304
2002-08-23,13.776725368441738,14.100781318635796,13.776725368441738,13.969407081604004,391900,0.014207025450459744
2002-08-26,13.90371896541361,14.056987640138122,13.90371896541361,14.0350923538208,236300,0.004691059936585926
2002-08-27,14.100773446431914,14.100773446431914,13.838025954307165,14.048224449157715,306700,0.0009352240254384364
2002-08-28,13.938751924672303,14.22339482305564,13.938751924672303,14.0350923538208,395500,-0.0009352240254385286
2002-08-29,14.030711271986444,14.118294070950114,13.982540649031277,14.039469718933105,279900,0.0003118385345732636
2002-08-30,14.039473842505323,14.23215472041587,13.969407081604004,13.969407081604004,484300,-0.005002898471159113
2002-09-03,13.969406961331227,14.188364021165722,13.947511672973633,13.947511672973633,624200,-0.0015686124469831391
2002-09-04,14.013194002846415,14.23215015914089,13.96940260453723,14.122672080993652,552600,0.012480337365390068
2002-09-05,14.013198115180307,14.144571513409444,14.013198115180307,14.043851852416992,272300,-0.0055967455911196335
2002-09-06,14.109534194619162,14.148946366634966,14.0131929584688,14.113912582397461,213000,0.004976309445487613
2002-09-09,14.078886484789296,14.319738007582014,14.078886484789296,14.284704208374023,430800,0.012028310139970511
2002-09-10,14.31973583008231,14.31973583008231,14.013196815639548,14.109538078308105,696800,-0.012338300876182966
2002-09-11,14.065131013486583,14.300512417873977,14.065131013486583,14.229454040527344,326300,0.00846301642912473
2002-09-12,14.211684356319376,14.211684356319376,14.082890560240681,14.109538078308105,631900,-0.008463016429124809
2002-09-13,14.113982014693265,14.229452073691608,14.03404113945729,14.19392204284668,631900,0.005962819683629109
2002-09-16,14.16727634003171,14.23389345827717,14.11398298426839,14.207246780395508,88700,0.0009383232506664298
2002-09-17,14.145073821406422,14.25610180989655,14.145073821406422,14.171720504760742,246600,-0.0025037059196662756
2002-09-18,14.167272639990879,14.167272639990879,13.989626755370903,14.09177303314209,137500,-0.00565731088685148
2002-09-19,14.047365046872537,14.229453079493366,13.989630436833703,14.158393859863281,329700,0.004716499585568434
2002-09-20,14.211684162102618,14.300507526948714,14.14506706200924,14.23388957977295,92500,0.005318057492575919
2002-09-23,14.216119767889206,14.322708108547856,14.211679363520354,14.264972686767578,124700,0.002181358612088656
2002-09-24,14.242770274605947,14.242770274605947,14.100653586589237,14.176153182983398,400500,-0.006245870359337453
2002-09-25,14.242776188735291,14.256099104342605,14.047365238029295,14.07845401763916,250900,-0.006915654783839066
2002-09-26,14.091768974215409,14.522561073303223,14.091768974215409,14.522561073303223,116000,0.03105783148412711
2002-09-27,14.522565091981567,14.522565091981567,14.23388957977295,14.23388957977295,275800,-0.020077664953039243
2002-09-30,14.233888710097853,14.251653720814604,14.113978276089123,14.167271614074707,361400,-0.004691222828424268
2002-10-01,14.389327154971388,14.389327154971388,13.94077004136039,14.189475059509277,452800,0.0015660082750511108
2002-10-02,14.100644135047506,14.100644135047506,13.945203794063712,14.06955623626709,209300,-0.008487165877608541
2002-10-03,13.958527542290339,14.06955623626709,13.93632129524596,14.06955623626709,121200,0.0
2002-10-04,14.025159101756495,14.051805778700615,13.807542738033908,13.834189414978027,313200,-0.01687030884415401
2002-10-07,13.856393044494212,13.896363475834828,13.603246696976163,13.607687950134277,238100,-0.016508098597220622
2002-10-08,13.563279359375263,13.6076902041479,13.212427925509989,13.367868423461914,266400,-0.01778097488141145
2002-10-09,13.323453341746042,13.367865022301665,12.861573219299316,12.861573219299316,533700,-0.03860990295228994
2002-10-10,12.86157307236938,13.079190219897654,12.426340471477515,13.06142520904541,572900,0.015419200049654745
2002-10-11,13.039221526205736,13.678746754433096,13.039221526205736,13.203543663024902,287600,0.010822007191088081
2002-10-14,13.207983066562782,13.30124767871085,12.990366767660403,13.123600959777832,170400,-0.006073043628182689
2002-10-15,13.341227199452636,13.501108169555664,13.256845035150844,13.501108169555664,215000,0.028359559453757625
2002-10-16,13.412280986612469,13.412280986612469,13.23463420765128,13.381192207336426,256300,-0.008921614291302405
2002-10-17,13.492213249206543,13.656536170971773,13.43891992388094,13.492213249206543,164600,0.008262568260391052
2002-10-18,13.4922190545751,13.61213035877578,13.43448445278357,13.478896141052246,197800,-0.0009875091931750319
2002-10-21,13.478896141052246,13.563278264054482,13.430043199248452,13.478896141052246,121700,0.0
2002-10-22,13.478890508949917,13.514419675302634,13.2568330074749,13.323450088500977,338700,-0.011599566258420402
2002-10-23,13.279041290283203,13.319011716958585,13.212424194851677,13.279041290283203,125500,-0.0033386977811330635
2002-10-24,13.279042308994221,13.283483561974679,13.101396425187813,13.256836891174316,386600,-0.0016735383045872222
2002-10-25,13.2568330074749,13.438920090917842,13.203538834404753,13.323450088500977,311400,0.005012236085720291
2002-10-28,13.412273468601391,13.45224388675469,13.199097622756414,13.243509292602539,293800,-0.006018079526632545
2002-10-29,13.154693588902381,13.22131070451044,13.00813559573162,13.145811080932617,328200,-0.007404408802311726
2002-10-30,13.150249496876791,13.212425345081394,12.963721105180582,13.101396560668945,311800,-0.003384326688199322
2002-10-31,13.10139277617964,13.190216116884907,13.065863609313965,13.065863609313965,438300,-0.0027158344407748358
2002-11-01,13.070308750410739,13.079191256540879,12.879339104024773,12.990367889404297,330900,-0.0057948465170032035
2002-11-04,13.003692439277325,13.19466125019257,13.003692439277325,13.136926651000977,330700,0.011218941829649462
2002-11-05,13.11027529881454,13.190216136149605,13.034775713229442,13.074746131896973,340500,-0.004744499617457044
2002-11-06,13.123602760777233,13.301249504089355,13.065868162158509,13.301249504089355,190400,0.0171753850268159
2002-11-07,13.301251309220394,13.478897229558637,13.265722125152745,13.367868423461914,189600,0.004995970104392612
2002-11-08,13.301248532132119,13.301248532132119,13.074749713334233,13.234630584716797,432300,-0.010017025302887757
2002-11-11,13.256838828494637,13.34566135983694,13.168015450069817,13.212427139282227,159800,-0.0016790866404012216
2002-11-12,13.172459182310275,13.523310661315918,13.132488739206273,13.523310661315918,348900,0.023257075385920103
2002-11-13,13.523310661315918,13.629898227232363,13.372311397830282,13.523310661315918,223800,0.0
2002-11-14,13.53662670957985,13.745361328125,13.474450872778611,13.745361328125,211700,0.01628649720222181
2002-11-15,13.74535842703391,13.811975501986808,13.678740504998947,13.727593421936035,121100,-0.0012934836334789381
2002-11-18,13.767559094168146,13.767559094168146,13.496648789313507,13.660971641540527,92500,-0.004864943573320508
2002-11-19,13.6343325797944,13.745361343971611,13.616567570926568,13.700949668884277,130100,0.0029221672950588908
2002-11-20,13.745361239749364,13.758684149216974,13.678743304082362,13.754242897033691,106300,0.0038822015147383596
2002-11-21,13.767573421670575,13.789778846420852,13.70983880907026,13.740926742553711,203200,-0.0009686178114668954
2002-11-22,13.74092577440372,13.74536702845739,13.656543641549233,13.732043266296387,584500,-0.0006467066767134586
2002-11-25,13.73204409534737,13.856396675109863,13.589927345380318,13.856396675109863,218100,0.009014953455399618
2002-11-26,13.811978355746936,13.811978355746936,13.700949592191224,13.767566680908203,369400,-0.006431394311160354
2002-11-27,13.772010770290876,13.865274544291594,13.700952414742973,13.811981201171875,233900,0.003220832977324318
2002-11-29,13.78976923279544,13.923004229659446,13.78976923279544,13.81641674041748,93700,0.0003210855217222029
2002-12-02,13.86971454385129,14.100654602050781,13.816421205548233,14.100654602050781,181200,0.02036371798570272
2002-12-03,14.078452071913873,14.100657492912225,13.887482401830994,14.056245803833008,303300,-0.0031543837851761044
2002-12-04,14.034038649335969,14.034038649335969,13.834186496706684,13.860833168029785,441500,-0.01399973311017108
2002-12-05,13.86971665219785,13.914128338923014,13.78977578550905,13.874157905578613,206300,0.0009608612123682675
2002-12-06,13.874157001094275,13.900803672559237,13.789774886525752,13.843069076538086,298700,-0.0022432866100230413
2002-12-09,13.798656382558436,13.923008918762207,13.798656382558436,13.923008918762207,222100,0.005758109813721068
2002-12-10,13.967425491906953,13.989630916433311,13.767573282839132,13.856396675109863,240000,-0.004795809694307819
2002-12-11,13.901450157165527,13.951017141549313,13.833858189748732,13.901450157165527,181000,0.0032461827382534035
2002-12-12,13.901451245805967,13.923981616883115,13.75274856205252,13.896944999694824,155500,-0.0003241307625655767
2002-12-13,13.851890390571807,14.03664227699959,13.842877893799965,13.973556518554688,196900,0.005497691655989635
2002-12-16,13.973560265682403,14.095226426291088,13.955535267305162,14.090720176696777,408300,0.00834971377400336
2002-12-17,14.090713951080446,14.126763072428329,14.027627344112513,14.104231834411621,335300,0.0009584452382722598
2002-12-18,14.104228330841256,14.104228330841256,13.991574747178054,14.036636352539062,290100,-0.0048040885894464576
2002-12-19,13.991572525998798,14.05465910728059,13.97805464817152,14.018610000610352,151300,-0.0012850612097645314
2002-12-20,14.023128151740584,14.12676931397203,14.014115652551965,14.090720176696777,471600,0.005130704560938814
2002-12-23,14.086211610457894,14.42417167965732,14.045656230258146,14.419666290283203,390700,0.023076552229061034
2002-12-24,14.397119920209278,14.419650279980495,14.329527121939364,14.383601188659668,85400,-0.0025042381387838848
2002-12-26,14.392623718401603,14.406141599904798,14.334043366958662,14.338549613952637,115800,-0.0031370639311323473
2002-12-27,14.248417311076105,14.599896596062758,14.248417311076105,14.383601188659668,140200,0.0031370639311323186
2002-12-30,14.451199407923422,14.554840483078303,14.397126177181097,14.487249374389648,362800,0.007180157771858963
2002-12-31,14.446695481899864,14.658483039947386,14.446695481899864,14.559349060058594,685900,0.004964425277503028
2003-01-02,14.784664509642893,14.784664509642893,14.599912606586669,14.685528755187988,168200,0.008629236128777593
2003-01-03,14.676513336019335,14.892808078080206,14.667500840230407,14.775649070739746,203200,0.006117922180615168
2003-01-06,14.775636527039799,15.14063284236175,14.735081189897766,15.046004295349121,408200,0.018131967954153352
2003-01-07,15.095583670067064,15.095583670067064,14.708054978429132,14.87027645111084,407100,-0.011748109122102156
2003-01-08,14.870269410946594,14.870269410946594,14.644962298659525,14.735085487365723,184100,-0.00913293367059594
2003-01-09,14.690029973235417,14.784660311507407,14.352070004627933,14.640463829040527,213000,-0.006442227483620412
2003-01-10,14.57737110148768,14.78014786892922,14.523297869822285,14.568360328674316,103200,-0.004937113965123993
2003-01-13,14.577375606980693,14.6359559621155,14.419661249645722,14.42867374420166,130100,-0.009634617434581936
2003-01-14,14.428673198414824,14.428673198414824,14.257439246244349,14.415154457092285,124700,-0.0009374128846577026
2003-01-15,14.338546287813168,14.374595395923857,14.275460563489098,14.293484687805176,178100,-0.008476228854593324
2003-01-16,14.302499208148628,14.307005454736377,14.086204528808594,14.086204528808594,108500,-0.014607900979752292
2003-01-17,14.05465857199688,14.05465857199688,13.887930922822928,13.91496753692627,219200,-0.012230854204313607
2003-01-21,13.910464740410301,13.969044225119237,13.878921015359277,13.923982620239258,236600,0.0006476597412775376
2003-01-22,13.905957442106155,13.960030676289048,13.865402086729706,13.869908332824707,224600,-0.0038910964810521323
2003-01-23,13.86990812887844,14.018610809912676,13.86990812887844,13.991573333740234,105600,0.008733618385038305
2003-01-24,13.969052940354798,14.01862082259584,13.72121524810791,13.72121524810791,111300,-0.019512050354853705
2003-01-27,13.631084263388095,13.833861067296082,13.61305927660575,13.694169998168945,131300,-0.0019729986260867637
2003-01-28,13.739228870305292,13.820339575720169,13.676143148084167,13.689661026000977,174500,-0.0003293163914674922
2003-01-29,13.689660903920139,13.914968034961788,13.676143026123876,13.901450157165527,126500,0.015352284255873337
2003-01-30,13.878923929091988,13.914973048668376,13.743739945550228,13.748246192932129,130100,-0.01108189617600747
2003-01-31,13.662628483410593,13.946516036987305,13.662628483410593,13.946516036987305,207600,0.014318464250511254
2003-02-03,14.000585421276751,14.09521486618906,13.987067543059652,14.005091667175293,186800,0.004191223385403038
2003-02-04,14.000589822180633,14.081700554893425,13.923985336782861,14.04565143585205,178300,0.0028918875193149683
2003-02-05,14.009600325358964,14.077192306518555,13.946514590873834,14.077192306518555,130700,0.002243079268940101
2003-02-06,14.090711956533347,14.090711956533347,14.01410747707764,14.050156593322754,242100,-0.0019223796468015757
2003-02-07,14.050155404924402,14.072685778367397,13.96904468536377,13.96904468536377,113300,-0.005789753514606749
2003-02-10,13.973549777214519,14.122252464294434,13.973549777214519,14.122252464294434,103900,0.010907954674425754
2003-02-11,14.1673191830351,14.185343314913176,14.036640574133752,14.054665565490723,174700,-0.004797332934346847
2003-02-12,13.996079579768976,14.081696535357946,13.969042963075081,13.991573333740234,149700,-0.004499165710297687
2003-02-13,13.991575338661114,14.077192306518555,13.856391376341929,14.077192306518555,254100,0.006100677131627102
2003-02-14,14.059167856245443,14.194351815458347,13.973550890355321,14.027624130249023,170500,-0.003527383128565476
2003-02-18,13.991574359330412,14.243918998565585,13.991574359330412,14.167314529418945,179000,0.009908980036899365
2003-02-19,14.149289553283854,14.279968119346393,14.059167204479431,14.252930641174316,177000,0.006025026894511999
2003-02-20,14.307005717309869,14.599905734538519,14.270956603424928,14.518795013427734,171200,0.01848147329749267
2003-02-21,14.442185553809793,14.847739043509257,14.442185553809793,14.735085487365723,181600,0.014787399929413844
2003-02-24,14.681021964801516,14.7215756216176,14.5413308440335,14.672009468078613,121100,-0.0042898569963686385
2003-02-25,14.676515273430306,14.775651021237385,14.541331256666675,14.771143913269043,134800,0.006733981141411466
2003-02-26,14.77114169611426,14.77114169611426,14.667500574853452,14.721573829650879,219100,-0.0033615166108385843
2003-02-27,14.708051472990002,14.861260414123535,14.690026487219646,14.861260414123535,183200,0.009443829586647811
2003-02-28,14.865771063073089,14.987435448626705,14.84774607300675,14.87027645111084,157300,0.0006064965497439798
2003-03-03,14.915332398676076,14.982925230154354,14.892802027835687,14.960394859313965,205200,0.006042015040155974
2003-03-04,14.982925230154354,15.005455600994743,14.937864488473576,14.960394859313965,331600,0.0
2003-03-05,14.870272291220969,14.996443748474121,14.856754411931611,14.996443748474121,164400,0.0024067230212555823
2003-03-06,14.996443108867165,14.996443108867165,14.924344890803654,14.960394859313965,239700,-0.0024067230212555793
2003-03-07,14.964898190055578,15.000948153613427,14.847739246406318,14.933355331420898,109900,-0.0018090426992098622
2003-03-10,14.937871420485635,14.955894694147492,14.802685694795304,14.8071928024292,209400,-0.008484260963591169
2003-03-11,14.85224653848799,14.870271522580213,14.757617950439453,14.757617950439453,310000,-0.003353642197666359
2003-03-12,14.734771506276092,14.771323714048945,14.57485908308025,14.684513092041016,229200,-0.004966013399725312
2003-03-13,14.73020967656458,14.963224000999235,14.574865341186523,14.574865341186523,418900,-0.007494914109760519
2003-03-14,14.547451147670982,14.55202017532258,12.907207693223041,13.240738868713379,1819600,-0.09600013842138375
2003-03-17,13.318408526549918,13.980902618397538,13.249874865330145,13.97176456451416,930200,0.05374012153531534
2003-03-18,13.857542499652203,13.857542499652203,13.565131726024973,13.729612350463867,291100,-0.01748349066067973
2003-03-19,13.770738826932135,13.88496194492979,13.683929884700245,13.843841552734375,314200,0.008285494893134956
2003-03-20,13.775303629988905,13.999180768004829,13.665649574927205,13.994611740112305,194900,0.010831899311721663
2003-03-21,13.994614998289103,14.419525105237362,13.994614998289103,14.39668083190918,355200,0.028325302403842522
2003-03-24,14.40124576301049,14.40124576301049,14.003749071453827,14.0494384765625,339400,-0.024415253329044314
2003-03-25,14.003749470081182,14.186506224265266,13.980905202603026,14.16366195678711,337000,0.008097238698378584
2003-03-26,14.20935009155477,14.346417427062988,14.099696048857622,14.346417427062988,151200,0.012820586787050345
2003-03-27,14.255038101099622,14.319002735226801,14.168228332317891,14.22762393951416,157700,-0.008314831663965079
2003-03-28,14.209351363196365,14.38753908959423,14.140817689308953,14.16366195678711,338500,-0.00450575512308518
2003-03-31,14.117977210219392,14.209356053198807,13.843841552734375,13.843841552734375,257600,-0.022839187084898405
2003-04-01,14.163663083243133,14.346419851962118,13.980906314524146,14.209352493286133,266400,0.026059893582256088
2003-04-02,14.323578111515197,14.433232192106173,14.300732966733847,14.39668083190918,281900,0.013097308133307915
2003-04-03,14.396675420817132,14.552018861130712,14.232193926025616,14.47891616821289,226300,0.005695851665435735
2003-04-04,14.437785766434656,14.638818468053417,14.396665421297813,14.583991050720215,342400,0.007230889844717046
2003-04-07,14.55202145091797,14.748484428440618,14.53374533870954,14.65710735321045,163800,0.005000937643512675
2003-04-08,14.629693768193553,14.679952207317578,14.506332620227147,14.56116008758545,285000,-0.00656764544313569
2003-04-09,14.565727285319642,14.615985721134514,14.414952849327998,14.574865341186523,319000,0.0009407772275194052
2003-04-10,14.620554975302754,14.711933792479591,14.369264535245932,14.629693031311035,211500,0.0037547395059971175
2003-04-11,14.634258340069877,14.730207038032448,14.382967948913574,14.382967948913574,107000,-0.017008507454591686
2003-04-14,14.428656051366753,14.542879104614258,14.414948971254066,14.542879104614258,111400,0.011056739981810561
2003-04-15,14.542879344835116,14.62055105718452,14.428656289700863,14.59770679473877,210200,0.003762982323739168
2003-04-16,14.643395793890557,14.734774589538574,14.510897498798988,14.734774589538574,250700,0.009345870926385356
2003-04-17,14.734773593350704,14.986063957214355,14.611412489001905,14.986063957214355,197100,0.016910381280017005
2003-04-21,14.9860681226916,15.077446937561035,14.821586604507804,15.077446937561035,185300,0.00607934729341717
2003-04-22,15.07744653955667,15.251066108934907,15.022619949244655,15.219083786010742,150000,0.009350105569365101
2003-04-23,15.21908092299007,15.283045556805343,15.118564073905754,15.232787132263184,129100,0.0009000003457387668
2003-04-24,15.237360687090534,15.237360687090534,15.07744904588753,15.114001274108887,357000,-0.007828602040663223
2003-04-25,15.168823730532072,15.168823730532072,14.995204179713015,15.045462608337402,153600,-0.004545092978254615
2003-04-28,14.976928511596345,15.054601106186329,14.798740799703571,14.89925765991211,191300,-0.009765067692309675
2003-04-29,14.871844588915893,15.14598102521236,14.849000321617655,14.967791557312012,158100,0.00458927275918918
2003-04-30,14.99519707803382,14.999766974602128,14.629683783288378,14.689080238342285,230800,-0.01879628617450373
2003-05-01,14.666241363234661,14.848998970806878,14.510898791122848,14.839860916137695,152400,0.010212488654837705
2003-05-02,14.794171220074595,15.118564292196137,14.794171220074595,15.02261734008789,167700,0.012240022684135803
2003-05-05,15.05459790782149,15.196233370309379,14.922098755315407,15.091148376464844,275400,0.004551483552697595
2003-05-06,15.091153196330504,15.15968774342049,15.077446984074879,15.10029125213623,93400,0.0006056601515755676
2003-05-07,15.077444615254874,15.08658266962492,14.871842749192995,14.963221549987793,119200,-0.009118738242198532
2003-05-08,14.990638823635667,15.045465418326728,14.871845835081343,15.036327362060547,134900,0.004873803736166598
2003-05-09,15.082009299349293,15.534333300567665,15.082009299349293,15.31959342956543,657100,0.01866352807040283
2003-05-12,15.420111671595466,15.808469342458666,15.420111671595466,15.680540084838867,282700,0.02328783309505021
2003-05-13,15.58002039937038,15.671399170804962,15.516055782237702,15.666831016540527,265800,-0.0008746551108213262
2003-05-14,15.69424799629004,15.6988178947898,15.534336406910557,15.60287094116211,181600,-0.00409087139134134
2003-05-15,15.648569405530095,15.803912937958195,15.62572512724205,15.753654479980469,233000,0.009617436818621086
2003-05-16,15.753643195140256,15.808469772338867,15.602869672117706,15.808469772338867,308900,0.003473489112010356
2003-05-19,15.776497495883266,15.813049732544714,15.580033581094419,15.648568153381348,129000,-0.010166436939882013
2003-05-20,15.621146356528204,15.762783590146597,15.61657820062697,15.662266731262207,298500,0.0008750056525376909
2003-05-21,15.66226050953644,15.767345482577777,15.598295894894324,15.762777328491211,148100,0.0063968686744364164
2003-05-22,15.808468628312196,15.995794351181083,15.7170915872291,15.991226196289062,260300,0.014388913771230067
2003-05-23,15.991224174555294,16.014068431937922,15.863294938888489,15.945535659790039,245000,-0.0028613149872714024
2003-05-27,15.94554399364667,15.968388262968737,15.854165173452374,15.886147499084473,267100,-0.0037313910995931724
2003-05-28,15.968380481671094,16.03234510176571,15.849587550433794,15.854157447814941,267700,-0.002015737539691178
2003-05-29,15.854163038995862,15.927265736728229,15.28304766830369,15.310460090637207,374600,-0.03489550461552939
2003-05-30,15.283047777763095,15.616578947487428,15.283047777763095,15.612009048461914,429000,0.019504168042044245
2003-06-02,15.625710048128814,15.854156096367818,15.625710048128814,15.762777328491211,219200,0.009610866428810712
2003-06-03,15.762781248490935,15.863298092442944,15.698816617941644,15.808469772338867,186300,0.002894562612907764
2003-06-04,15.872435586450429,16.219672887012315,15.872435586450429,16.146570205688477,140200,0.02116179800622079
2003-06-05,16.091742005715684,16.21967124938965,16.068896003997995,16.21967124938965,157000,0.004517124306894755
2003-06-06,16.196831418662214,16.402433289994736,16.196831418662214,16.384157180786133,220900,0.010090062108109399
2003-06-09,16.384157174440332,16.434415603291672,16.311054480539937,16.411569595336914,159000,0.0016717068733869973
2003-06-10,16.333898850371572,16.44812191925529,16.315622741052806,16.429845809936523,335200,0.0011129981007660839
2003-06-11,16.448120170799307,16.539498964773742,16.384155537888862,16.457258224487305,265300,0.0016670620113321151
2003-06-12,16.54980423075952,16.54980423075952,16.06399820354636,16.133398056030273,340800,-0.019875072566562936
2003-06-13,16.193533590584018,16.193533590584018,15.781755447387695,15.781755447387695,309900,-0.02203698247178702
2003-06-16,15.846528666360037,16.281440058607714,15.846528666360037,16.193532943725586,206200,0.0257574072197558
2003-06-17,16.207421793728244,16.23980873689077,16.05474074238435,16.087127685546875,101200,-0.006592531966921496
2003-06-18,16.07787213191799,16.07787213191799,15.77713424936741,15.814148902893066,294600,-0.017114390069939926
2003-06-19,15.906678795419014,15.97607860163447,15.65220930938513,15.721609115600586,397300,-0.005868896689129714
2003-06-20,15.79101179704219,15.8280246766351,15.638329035713525,15.689223289489746,284300,-0.002062080824158388
2003-06-23,15.707733803391797,15.754000353522605,15.53191773597437,15.545797348022461,159900,-0.00918372689333061
2003-06-24,15.592059100013334,15.615192365341354,15.425496765723556,15.490270614624023,252600,-0.0035782105330085545
2003-06-25,15.536550517133438,15.656844645680351,15.434761955700898,15.559683799743652,354400,0.004471072635205267
2003-06-26,15.592064238014808,15.929814964975842,15.555049589328648,15.823400497436523,319600,0.016806691319754933
2003-06-27,15.823398431770729,15.892798241564089,15.684597047228646,15.777130126953125,219000,-0.002928457379449454
2003-06-30,15.823400013103484,15.89279982983241,15.670717239379883,15.670717239379883,364700,-0.006767604311990296
2003-07-01,15.730870705771483,15.832659257477152,15.596695208515131,15.804898262023926,300800,0.008526081752658994
2003-07-02,15.7586342637304,16.1750386735032,15.7586342637304,16.133398056030273,294200,0.020571628212340574
2003-07-03,16.101009125147176,16.38323974609375,16.101009125147176,16.38323974609375,81200,0.015367308780680539
2003-07-07,16.49890008748968,16.53591473199432,16.392485631971926,16.494274139404297,459400,0.006754453261709058
2003-07-08,16.517404849592072,16.540538116344187,16.401736750876378,16.4526309967041,347100,-0.0025278953943636442
2003-07-09,16.471139725346617,16.471139725346617,16.31383101017953,16.332338333129883,238200,-0.007338314224755014
2003-07-10,16.309203398187964,16.309203398187964,15.948319462247792,16.017719268798828,647900,-0.01945152544254722
2003-07-11,16.017720870477685,16.147270365913318,15.985333937857641,16.082494735717773,226100,0.0040358332085533395
2003-07-14,16.1472658131264,16.290693112873697,16.1472658131264,16.276813507080078,225600,0.012010213920218676
2003-07-15,16.26294167521514,16.39711538025207,16.2120474097037,16.369356155395508,180400,0.005669448952363709
2003-07-16,16.387867143786522,16.40637447645676,16.299959961037466,16.355480194091797,143600,-0.0008480385959531924
2003-07-17,16.355462323514963,16.355462323514963,16.244421978733044,16.267555236816406,472000,-0.005390373336536785
2003-07-18,16.25831001534384,16.494273959092943,16.25831001534384,16.323083877563477,155500,0.003407646857470668
2003-07-21,16.286067165927477,16.3369614071107,16.22129331895064,16.276813507080078,107300,-0.002838683877344332
2003-07-22,16.323080834891805,16.355467759964604,16.24905332544612,16.286067962646484,125200,0.0005684052146413212
2003-07-23,16.35546756718083,16.35546756718083,16.18427928453457,16.193532943725586,379400,-0.005698054576168296
2003-07-24,16.26292748532855,16.415608383688447,16.216659209345046,16.392475128173828,135500,0.012210434354035102
2003-07-25,16.346217534273553,16.535913156902314,16.346217534273553,16.522031784057617,76300,0.007872353994149664
2003-07-28,16.475763273115444,16.531283462974283,16.295321332357958,16.350841522216797,144700,-0.01041538461249691
2003-07-29,16.434124088392114,16.734860093602247,16.360096573960604,16.730234146118164,178100,0.02293814521716667
2003-07-30,16.73023455093576,17.007837295532227,16.711727230641273,17.007837295532227,460100,0.01645674471993378
2003-07-31,17.007844310463508,17.007844310463508,16.730241451368993,16.748748779296875,136400,-0.015350699467159754
2003-08-01,16.753366108813825,16.753366108813825,16.5359112948924,16.64695167541504,205700,-0.006096438630300313
2003-08-04,16.646957545414818,16.646957545414818,16.262940260343395,16.56830406188965,192100,-0.004735640822913446
2003-08-05,16.609946913390885,16.609946913390885,16.378610615237562,16.47114372253418,195900,-0.005881491728898668
2003-08-06,16.517409009699705,16.559049606323242,16.36472623376154,16.559049606323242,215700,0.005322771832353906
2003-08-07,17.118886947631836,17.2345551026834,16.993965128381426,17.118886947631836,613800,0.03324959747123292
2003-08-08,17.11425431518945,17.118880263004527,17.086493333433104,17.095746994018555,273800,-0.001352635084791977
2003-08-11,17.100377709036778,17.128138698532265,17.012470556401407,17.07261848449707,219800,-0.0013537968661951456
2003-08-12,17.05410597045056,17.313201400437322,17.05410597045056,17.271562576293945,287000,0.01158544538718845
2003-08-13,17.225292979253428,17.2299206915582,16.980077175753934,17.18828010559082,274200,-0.004833604936681039
2003-08-14,17.18828439504156,17.225297277940978,17.081868164936292,17.13739013671875,148300,-0.0029651281852995596
2003-08-15,17.118885035367104,17.165151586237133,17.003216893236242,17.07261848449707,82600,-0.0037867122652078273
2003-08-18,17.06799444679408,17.123514672788044,16.980087275223962,17.02635383605957,148100,-0.002713552560540912
2003-08-19,17.063357001546276,17.072610660470676,16.98007583618164,16.98007583618164,165200,-0.0027217222679378175
2003-08-20,16.998584560338077,16.998584560338077,16.845901822886347,16.906049728393555,124100,-0.004369117112851848
2003-08-21,16.869032930224733,17.021715648131515,16.85515332494408,17.017087936401367,222500,0.006546481971280718
2003-08-22,17.003213866801186,17.01709347660058,16.84590515090467,16.878292083740234,191300,-0.008189707762304531
2003-08-25,16.864406353472578,16.869032300075027,16.665457115425514,16.725605010986328,104900,-0.009087524765541916
2003-08-26,16.70247334967054,16.83664877259882,16.46188524884386,16.822769165039062,165200,0.005792496841843862
2003-08-27,16.836651202867653,17.09112071294041,16.836651202867653,17.0679874420166,278600,0.014471353311748779
2003-08-28,17.095749067284405,17.114256390699754,16.924560738081187,17.109628677368164,299400,0.0024367560224686662
2003-08-29,17.063361493814014,17.11888169702224,16.975452593365933,17.0679874420166,141000,-0.002436756022468734
2003-09-02,17.114256753359665,17.516781338917934,17.063362495366732,17.51215362548828,171500,0.02569050320230282
2003-09-03,17.46589272810777,17.76200294494629,17.405744788763663,17.76200294494629,135600,0.01416637687074802
2003-09-04,17.757368423438926,17.92393078124945,17.627818942388934,17.785127639770508,271900,0.0013010725594973759
2003-09-05,17.812898643298997,17.836031924909435,17.660215807748862,17.766632080078125,217300,-0.0010404864066789164
2003-09-08,17.11888378789566,17.720357730154916,17.11888378789566,17.706478118896484,380300,-0.003391527751815104
2003-09-09,17.637072721770654,17.724981613960917,17.595432132037182,17.627819061279297,305400,-0.004452285390211168
2003-09-10,17.674093268085013,17.674093268085013,17.345596153200162,17.37798309326172,734900,-0.01427421711263208
2003-09-11,17.495052796261948,17.677682876586914,17.495052796261948,17.677682876586914,136100,0.0170989240691015
2003-09-12,17.672996726949226,17.74323808733251,17.53719426264114,17.691726684570312,147700,0.0007941217507264636
2003-09-15,17.80879719736419,17.80879719736419,17.64489890535576,17.672996520996094,279400,-0.001059257001201733
2003-09-16,17.6542693261015,17.752608326644953,17.537198576971328,17.59807586669922,132200,-0.004248284041577749
2003-09-17,17.598077205013155,17.658952713012695,17.495054366309315,17.658952713012695,167200,0.003453320331537912
2003-09-18,17.72450896384582,17.808800037853775,17.677681383333706,17.79475212097168,176100,0.007660698520769793
2003-09-19,17.75728675295759,18.028891693057858,17.701093305003486,18.005477905273438,484700,0.011772450504325332
2003-09-22,18.005478403023677,18.028892191455355,17.850944183931006,18.010160446166992,148800,0.0002600282063168353
2003-09-23,17.986739658016567,18.188101375610678,17.91649653369979,18.01483726501465,236000,0.00025964297965672345
2003-09-24,18.024202393432795,18.188100628295185,17.897765846671756,18.056982040405273,313000,0.0023367157730805285
2003-09-25,18.052300951030336,18.056984779226422,17.864988909399155,17.935230255126953,257400,-0.00676547741366671
2003-09-26,17.91182096777826,18.01015994828732,17.90245509539299,18.005477905273438,257500,0.003909090454612624
2003-09-29,18.075723082557325,18.23025732998432,18.042943415471214,18.216209411621094,209400,0.011635785053472795
2003-09-30,18.169377181950193,18.380104856042582,18.07572023942495,18.370738983154297,374100,0.00844730141255093
2003-10-01,18.380108622082446,18.572104589737776,18.333281034403765,18.548690795898438,198200,0.009640083387711485
2003-10-02,18.478449144653407,18.707908630371094,18.436303597740284,18.707908630371094,240500,0.008547146342455129
2003-10-03,18.717270427180832,19.059116772601467,18.67044105950544,18.9654598236084,479200,0.013673064888286311
2003-10-06,18.87179979850156,19.10125919681468,18.84370396883368,19.068479537963867,358300,0.005417265107209981
2003-10-07,19.049754303014016,19.10594776790782,18.951415292860343,19.059120178222656,401000,-0.0004909493384776633
2003-10-08,18.98887104862679,19.105941772460938,18.820288920488426,19.105941772460938,209200,0.0024536377165551276
2003-10-09,19.054429974732248,19.32135107665427,19.054429974732248,19.19959831237793,224500,0.00488998334628679
2003-10-10,19.129362381729038,19.199605555622124,18.97951194469137,19.082534790039062,165500,-0.0061158497573126965
2003-10-13,19.12935656948569,19.199599722036172,19.035701414561817,19.194917678833008,107700,0.005872031938685686
2003-10-14,19.148086582925373,19.199597985288456,19.101259009699344,19.180866241455078,271200,-0.0007323075424371461
2003-10-15,19.251106933384204,19.283886587734926,19.10593861671873,19.143402099609375,411500,-0.001955113843066141
2003-10-16,19.143399448414772,19.3072976974699,19.143399448414772,19.185544967651367,293600,0.0021990108390078492
2003-10-17,19.152777963932145,19.185557635386754,18.91863643276602,19.082534790039062,135800,-0.005383621392190219
2003-10-20,19.15277989721125,19.19024161707299,19.05912291801945,19.11531639099121,154200,0.0017164111585676947
2003-10-21,19.171505741229822,19.199603364852603,19.077850568536384,19.12936019897461,226000,0.00073441900242489
2003-10-22,19.082533675966143,19.11999717621743,18.993560542406353,19.07316780090332,164800,-0.0029418178083353004
2003-10-23,18.9560865277723,18.988866179131264,18.651703795673768,18.740676879882812,136100,-0.017586124497767683
2003-10-24,18.623609506446368,18.75472813525917,18.49249087763356,18.590829849243164,188500,-0.008027955394641037
2003-10-27,18.590836487859086,18.824978000838776,18.590836487859086,18.74536895751953,258600,0.008278292689834845
2003-10-28,18.740680221131328,18.792191621409884,18.455027391482847,18.590829849243164,332000,-0.008278292689834852
2003-10-29,18.543999163693123,18.773458534042206,18.543999163693123,18.661069869995117,108900,0.003771088428897902
2003-10-30,18.61424247793177,19.031013910488433,18.61424247793177,18.970136642456055,175100,0.01642645828607915
2003-10-31,18.923313453268747,19.054432104275293,18.675124067761317,18.7313175201416,298600,-0.012669130247243686
2003-11-03,18.778149281037546,19.059120178222656,18.778149281037546,19.059120178222656,237000,0.01734887976648859
2003-11-04,19.035693381232303,19.13871436544378,18.918622700625356,19.077838897705078,214800,0.0009816577639737043
2003-11-05,19.031013476250266,19.19959557688888,18.95608829667279,19.17618179321289,123800,0.005141583048259809
2003-11-06,19.129357219760013,19.429059799320108,19.10594343023313,19.36349868774414,219100,0.009720805529216035
2003-11-07,20.136157989501953,20.52483352442505,20.089330429650524,20.136157989501953,505400,0.03912732106053052
2003-11-10,20.136162861567634,20.60444571881339,20.019092147256192,20.534202575683594,300200,0.019574810282976494
2003-11-11,20.300062070505525,20.32347764351885,20.00504514319773,20.023775100708008,380700,-0.02517159162709821
2003-11-12,20.037821389856543,20.300058613922257,19.995675866509252,20.253231048583984,232800,0.011394016199712215
2003-11-13,20.13617019503735,20.787083317850353,20.117438445199774,20.581039428710938,104400,0.016055897091269263
2003-11-14,20.58103291649689,20.726199465909822,20.520155641966433,20.59039878845215,192700,0.00045465304627286197
2003-11-17,20.609133868612858,20.609133868612858,20.281337200488803,20.37499237060547,470500,-0.01051660423879336
2003-11-18,20.46864430562674,20.506107793568997,20.39371911609965,20.478010177612305,326200,0.005043351476717661
2003-11-19,20.407771072932455,20.627862836669024,20.403087243243256,20.529523849487305,228000,0.002512401693690923
2003-11-20,20.370308830963488,20.492061614990234,20.281335711342315,20.492061614990234,257600,-0.0018264649933597103
2003-11-21,20.45458855705203,20.581025100897868,20.159569954745074,20.20171546936035,309300,-0.014270047828032659
2003-11-24,20.248553078820336,20.37030584500006,20.20640754699707,20.20640754699707,184800,0.00023223437801875795
2003-11-25,20.300060254210216,20.463960318851875,20.211087158335435,20.445228576660156,483000,0.011749774425339012
2003-11-26,20.538898519526803,20.641921380523456,20.27665932169822,20.637237548828125,188400,0.00934755813705281
2003-11-28,20.68405855465187,20.82922692284261,20.571671638804304,20.791765213012695,55300,0.00745991312888623
2003-12-01,20.88541716266402,21.283458709716797,20.847955458606343,21.283458709716797,204300,0.023373179521324623
2003-12-02,21.283459111247232,21.35370047756462,21.12424284669388,21.189802169799805,263900,-0.004410148398054352
2003-12-03,21.124244484070463,21.255363140445546,21.105512737057534,21.236631393432617,252200,0.002207550280212412
2003-12-04,21.18980048533305,21.231946016316186,21.072729764419606,21.110193252563477,204700,-0.005971570130899611
2003-12-05,21.11019919780651,21.13829503546958,20.880739734196467,20.918201446533203,132100,-0.009136353787165295
2003-12-08,20.95565973770875,21.414576764529194,20.95565973770875,21.311553955078125,172100,0.01862970227218425
2003-12-09,21.37712260341791,21.442681946613586,21.260051837323307,21.4239501953125,178700,0.00526009937746531
2003-12-10,21.35371283910064,21.45205366704602,21.194496482377897,21.246007919311523,297100,-0.008340449130026227
2003-12-11,21.198702583458502,21.454109073440726,21.198702583458502,21.43992042541504,147500,0.009085609593150303
2003-12-12,21.392615430145934,21.55342667454384,21.37369603568671,21.491939544677734,114500,0.002423335245946442
2003-12-15,21.236534993339625,21.42572352568007,21.236534993339625,21.260183334350586,548700,-0.010841963623114275
2003-12-16,21.33113749291573,21.4068132991123,21.04735367074197,21.402084350585938,194100,0.006652320527485694
2003-12-17,21.378427787652633,21.40207612970782,21.260184273123862,21.345319747924805,96200,-0.0026558167553485147
2003-12-18,21.26018034779322,21.298017327244995,21.047341700087898,21.160856246948242,257900,-0.008679428561398285
2003-12-19,21.18924303102657,21.18924303102657,20.976404287891427,21.09937858581543,213600,-0.0029094823890075034
2003-12-22,21.07099317825806,21.089912572930007,20.96220936527356,21.04261589050293,182700,-0.0026938796013356507
2003-12-23,20.94802259745219,21.0000500353331,20.79667103502751,20.81085968017578,211300,-0.011074759068842543
2003-12-24,20.692613114395247,20.92437117514765,20.692613114395247,20.820316314697266,124100,0.0004543054313574133
2003-12-26,20.806133455446243,20.853430148297313,20.75410601075816,20.77302360534668,83900,-0.00227405300088725
2003-12-29,20.65477417316269,20.995316038094572,20.65477417316269,20.867612838745117,274500,0.00454312922037318
2003-12-30,20.867614196166624,21.07572392905244,20.834506157617113,21.04261589050293,264600,0.00835137741799911
2003-12-31,21.137210518801997,21.27437343199312,20.5223445892334,20.5223445892334,298300,-0.025035437027669555
2004-01-02,20.62640007623651,20.83923877472526,20.58856128350387,20.81085968017578,335300,0.013960677958826941
2004-01-05,20.810851966177797,21.066258309692344,20.588553651905627,20.749364852905273,376000,-0.0029593137592487505
2004-01-06,20.63112564015131,20.79193687438965,20.560180621790444,20.79193687438965,215500,0.0020496245720685712
2004-01-07,20.744635907693052,20.834500300743453,20.631121375824716,20.749364852905273,300400,-0.002049624572068579
2004-01-08,20.76356329598916,20.900724411010742,20.621669625427643,20.900724411010742,299600,0.007268182474318401
2004-01-09,20.90073186117164,21.118301391601562,20.791947998083483,21.118301391601562,259700,0.010356209885652392
2004-01-12,21.11828959643037,21.160857328146403,20.971667008463463,21.08991050720215,140300,-0.0013452779638823513
2004-01-13,21.089912572930007,21.089912572930007,20.910181932052105,21.04261589050293,301200,-0.0022450415679970445
2004-01-14,20.924376988793128,21.19870105494528,20.86761879227626,21.12775421142578,142600,0.004037832079360868
2004-01-15,21.189238004641158,21.283833179623393,21.07099448697658,21.279104232788086,189000,0.007138027646446501
2004-01-16,21.279099990509923,21.279099990509923,21.004774218177296,21.018962860107422,251500,-0.012300545654930942
2004-01-20,20.900722199283617,21.16558831148346,20.881804608896527,21.104101181030273,158000,0.004042366755412593
2004-01-21,21.094647876863664,21.283838272094727,20.90545928588593,21.283838272094727,190900,0.00848062777394098
2004-01-22,21.212887115330098,21.529780692355704,21.17031937525958,21.411537170410156,216100,0.00598187872938564
2004-01-23,21.283835626837018,21.65748561864001,21.089916307740403,21.629106521606445,275900,0.010110034875305379
2004-01-26,21.62910282205798,22.215591430664062,21.543967349772377,22.215591430664062,343600,0.026754427323155357
2004-01-27,22.12098703107871,22.324365929540413,21.969635544444703,22.18247413635254,536600,-0.001491835287445653
2004-01-28,22.111535202862495,22.253427046522308,21.945995019301495,22.04058837890625,300700,-0.006416843892390913
2004-01-29,21.94599636984391,22.234509021197578,21.75207708391621,22.215591430664062,256700,0.00790867917983661
2004-01-30,22.16828810119703,22.527749306604075,22.040584920664454,22.470991134643555,308400,0.011430835399524013
2004-02-02,22.51829488549019,22.83045768737793,22.470996397778215,22.83045768737793,285900,0.015870313504719992
2004-02-03,22.830444456007964,22.830444456007964,22.348010986456778,22.45679473876953,332300,-0.016502278604736242
2004-02-04,22.48519235296665,22.51356964829077,21.9649196862342,22.045326232910156,207600,-0.018492612165970465
2004-02-05,22.021672266105558,22.229780197143555,21.922346345056404,22.229780197143555,161400,0.008332223059974985
2004-02-06,22.196669799779357,22.820995330810547,22.040587514895254,22.820995330810547,232100,0.026248119823324072
2004-02-09,22.820990490504524,22.962882298506955,22.608151876374762,22.84463882446289,124800,0.0010355049788484034
2004-02-10,22.844646331565112,22.962889844465813,22.546672173864554,22.83045768737793,407300,-0.0006209570914406978
2004-02-11,22.877754931241864,23.15208075393263,22.655458348435168,23.057485580444336,328800,0.00989496278367568
2004-02-12,23.057491332292557,23.057491332292557,22.400057509139515,22.702760696411133,246300,-0.015503937079124765
2004-02-13,22.820996835120557,22.87302426684479,22.442617973834388,22.839916229248047,180500,0.0060231833852462885
2004-02-17,22.839923107383818,23.0196519929613,22.839923107383818,22.95343589782715,230900,0.00495792056451126
2004-02-18,23.057481490531192,23.057481490531192,22.891941319479677,22.920318603515625,234300,-0.0014438451975333961
2004-02-19,22.89194366097228,22.906132304441535,22.655456647136837,22.839916229248047,840900,-0.0035140753669778203
2004-02-20,22.891950043149603,22.891950043149603,22.702759657634687,22.726408004760742,161400,-0.004982120510381512
2004-02-23,22.702756130726605,22.797351308788556,22.551404567528664,22.693296432495117,134400,-0.0014580270189648245
2004-02-24,22.702749526804038,22.702749526804038,22.418965879419957,22.669641494750977,269500,-0.00104291921859926
2004-02-25,22.669652648069132,22.75005739282733,22.537220454701128,22.702760696411133,229100,0.0014598833626992382
2004-02-26,22.63181629343103,22.797358357285045,22.537222890375602,22.57505989074707,179700,-0.005640781407363248
2004-02-27,22.56087124113946,22.75005985150382,22.518303488063115,22.57505989074707,194300,0.0
2004-03-01,22.504107880624165,22.77370296533631,22.371673909636254,22.693296432495117,287800,0.005223817263263168
2004-03-02,22.693298626391098,22.891948699951172,22.58451479259161,22.891948699951172,307700,0.008715694054124014
2004-03-03,22.89194602735028,23.260865229708486,22.89194602735028,23.175729751586914,220200,0.012320336113101064
2004-03-04,23.223022534004787,23.38856451552778,23.043293714183406,23.284509658813477,150900,0.004682718271913669
2004-03-05,23.279779682738006,23.648698806762695,23.100049066615902,23.648698806762695,160200,0.015519776713133484
2004-03-08,23.17572498251274,23.317616815432718,23.033833149592763,23.260860443115234,423000,-0.01653595588117991
2004-03-09,23.260860642315148,23.34126535343243,23.232481553787103,23.336536407470703,116400,0.0032480797641995965
2004-03-10,23.336544565893007,23.412220357504715,22.854110717773438,22.854110717773438,250500,-0.020889217284336844
2004-03-11,22.90662614394998,22.90662614394998,22.558109537889113,22.572431564331055,169400,-0.012401681902703176
2004-03-12,22.591524471417326,22.992557525634766,22.591524471417326,22.992557525634766,209000,0.01844125834318767
2004-03-15,22.96390619562711,22.96390619562711,22.667906242095906,22.720422744750977,101400,-0.01190637731894568
2004-03-16,22.83977759513552,22.96390601946634,22.63926020664648,22.682228088378906,168400,-0.0016824861403990745
2004-03-17,22.772946571835227,23.216947555541992,22.706108027400017,23.216947555541992,244900,0.023300795809469463
2004-03-18,23.21215693537476,23.36970638950235,23.09280195056751,23.302867889404297,352400,0.0036939283073169366
2004-03-19,23.34584557106384,23.388813456506075,23.154876786606508,23.31719970703125,328800,0.0006148347189237196
2004-03-22,23.26945773279667,23.38403754310911,23.116681617024675,23.188295364379883,196300,-0.005543631890197871
2004-03-23,23.068943646893732,23.11191153723675,22.749072990839547,22.973459243774414,220900,-0.009308037510092085
2004-03-24,22.901852370434575,23.059400122380268,22.73952939560979,22.844560623168945,279100,-0.005626561821649457
2004-03-25,22.916171008725804,23.279009581696627,22.844557245838082,23.18352699279785,328800,0.014728941181750919
2004-03-26,23.18353249141278,23.379274759022785,23.068950807858936,23.107145309448242,221200,-0.0033000926048835353
2004-03-29,23.145326181110107,23.274229826386442,23.059390417592553,23.154874801635742,236800,0.0020634424959434456
2004-03-30,23.226497855460583,23.226497855460583,22.987787710270705,23.140562057495117,270500,-0.0006183220450076912
2004-03-31,23.11669766211314,23.302893170230636,23.059407717192496,23.231279373168945,489900,0.0039126085401770755
2004-04-01,23.35062393112806,23.60365607625028,23.202623000675494,23.5988826751709,581400,0.0156997471939756
2004-04-02,23.65617162000442,23.775526675424437,23.403139485302347,23.680042266845703,380800,0.003433228293313126
2004-04-05,23.54637203882349,23.608437195640732,22.367143165366553,22.763402938842773,539700,-0.03947848284074861
2004-04-06,22.763400555411753,22.796819831457086,21.18791389465332,21.18791389465332,946100,-0.07172319229017343
2004-04-07,21.140165604030035,22.243006907624224,20.949198619189772,22.075910568237305,1072100,0.041056074682825086
2004-04-08,22.032943122249694,22.109330281968916,21.483909159683474,21.555522918701172,260800,-0.023854926838496535
2004-04-12,21.436160527549905,21.436160527549905,20.552932360695877,20.91099739074707,651800,-0.03035685611939885
2004-04-13,20.91100792330474,21.14494466210226,20.213974750811147,20.543394088745117,547300,-0.01773577779686973
2004-04-14,20.424044407164914,20.839401472091854,20.29036727613426,20.328561782836914,604200,-0.010512552179947773
2004-04-15,20.409719015003564,20.743913608731805,20.295137334988674,20.64365577697754,565700,0.015381164358014914
2004-04-16,20.57204115284899,20.82029993165459,20.514751225805835,20.60068702697754,403500,-0.0020836198433261703
2004-04-19,20.600680596508056,20.78209894571759,20.147131081057463,20.758228302001953,378700,0.007618286684878292
2004-04-20,20.600684845237918,20.667523389911977,20.0611994441757,20.07552146911621,538400,-0.03344147720734659
2004-04-21,20.070741045398155,20.42403089255371,19.73654661774414,20.042095184326172,507700,-0.0016664146733351673
2004-04-22,20.089846581641513,20.457458600521395,19.956167662653144,20.17100715637207,569800,0.006411463236564863
2004-04-23,20.290368236491027,20.299916863618634,19.956173571882413,20.185335159301758,373300,0.000710074437352863
2004-04-26,20.08984381401604,20.457455782252804,20.08984381401604,20.190101623535156,321500,0.00023610713024242548
2004-04-27,20.285580203653616,20.38583798436636,20.08028942150099,20.314224243164062,333600,0.006128876632748718
2004-04-28,20.314230158540077,20.328554003679404,20.061198022713278,20.228294372558594,168000,-0.004239006465976433
2004-04-29,20.228294518575158,20.361973420629983,19.521712800793154,19.98003578186035,409400,-0.012348771735985021
2004-04-30,19.975263776228505,20.14713536143764,19.750875670959495,19.951393127441406,465000,-0.0014345922554562024
2004-05-03,19.95139433685552,20.457458678188193,19.779522741227872,20.4335880279541,438000,0.023881047012456587
2004-05-04,20.33810403887375,21.154494135488918,20.33810403887375,20.87281608581543,590800,0.021267627760729362
2004-05-05,20.87280819914421,20.934871503381352,20.6579687812108,20.672290802001953,263500,-0.009653451684884
2004-05-06,20.672294960046155,20.844166528963285,20.190101343885175,20.68661880493164,136200,0.0006928617625101166
2004-05-07,20.591130356155485,20.595903756038037,19.85112953186035,19.85112953186035,738200,-0.04122614781551709
2004-05-10,19.812943963412994,19.93229904752994,19.26868507123397,19.66016960144043,679800,-0.009666167474363533
2004-05-11,19.664934247528826,19.994355298591685,19.459643448557642,19.54080581665039,276300,-0.006089856306584822
2004-05-12,19.636292683642896,19.645841305871325,18.858097273553938,19.283000946044922,607600,-0.013280957303042686
2004-05-13,19.2352586202553,19.574226495649732,19.21138797657645,19.26390266418457,296300,-0.0009909114161900483
2004-05-14,19.28777855436474,19.559907947300097,19.144551024429333,19.43577766418457,198000,0.008882560714538808
2004-05-17,19.316422231193577,19.741325948073577,19.049068065721393,19.545583724975586,279400,0.005633787395347656
2004-05-18,19.473976237836812,20.161460876464844,19.473976237836812,20.161460876464844,413900,0.03102354019588124
2004-05-19,20.099392298683856,20.43358684627622,20.051651000976562,20.051651000976562,546400,-0.005461410137291552
2004-05-20,20.05164799021043,20.476551668132632,20.05164799021043,20.443132400512695,219900,0.019335507600676816
2004-05-21,20.443134761385924,20.86326508725834,20.314231076588236,20.37152099609375,285800,-0.0035091062617764305
2004-05-24,20.467011946005368,20.83940109475619,20.44314129035559,20.801206588745117,210900,0.020873098209356143
2004-05-25,20.920553492592898,21.249972782424294,20.796425039112734,21.221328735351562,268500,0.019995754249442128
2004-05-26,21.240433877973217,21.91359655266479,21.011270488908032,21.822885513305664,383100,0.02795246498626475
2004-05-27,22.247786675902724,22.247786675902724,21.6557864858804,21.717851638793945,307900,-0.0048246348188855795
2004-05-28,21.71784432791564,22.066360833362218,21.71784432791564,21.956554412841797,1033100,0.010931122938812543
2004-06-01,21.961331684090183,21.961331684090183,21.460040781630873,21.770362854003906,319600,-0.008516158731011607
2004-06-02,21.88971922723418,22.290752337439432,21.84197792746297,22.252559661865234,436000,0.02190750025453237
2004-06-03,22.324175658089075,22.581983094498028,22.080692071178962,22.491273880004883,366300,0.01067036345222943
2004-06-04,22.49126618320843,22.935267120231927,22.49126618320843,22.83978271484375,541800,0.015376464951471257
2004-06-07,22.65359246644284,22.72520441513352,22.395785080243243,22.62494659423828,268400,-0.009450742274402915
2004-06-08,22.581978240714292,22.70133330733669,22.362365355220398,22.69655990600586,244000,0.0031602379046238556
2004-06-09,22.62971146384925,22.696549980534307,22.262097800868453,22.333709716796875,651400,-0.016116183440420546
2004-06-10,22.42919354853786,22.42919354853786,22.118871611282568,22.18093490600586,217100,-0.0068640516809608705
2004-06-14,21.790457512611997,21.790457512611997,21.525308512504825,21.722965240478516,489400,-0.02086312494255843
2004-06-15,21.73741791109193,22.152015218870673,21.73741791109193,22.06523895263672,285900,0.015633465201914942
2004-06-16,22.065233807915288,22.094159836257454,21.91096533480759,22.050771713256836,298200,-0.0006558725360758527
2004-06-17,22.002569969483712,22.23879469252951,21.944719729992762,22.22915267944336,214000,0.008057011551178458
2004-06-18,22.22915656981694,22.32557487852687,22.079708099365234,22.079708099365234,251300,-0.006745609981185819
2004-06-21,22.296650065457754,22.624471229758488,22.296650065457754,22.537694931030273,253800,0.02053023649400348
2004-06-22,22.537697051631568,22.730533697844386,22.513592930611605,22.581085205078125,276700,0.0019233803437693326
2004-06-23,22.658208949554428,22.754627227783203,22.513582451724115,22.754627227783203,170600,0.007655901321073264
2004-06-24,22.682321765256283,22.884800411154387,22.6582176462039,22.725709915161133,271200,-0.001271640376277727
2004-06-25,22.658209122580946,22.730523291561166,22.3544921875,22.3544921875,489000,-0.016469585374080036
2004-06-28,22.306291061263956,22.84623102054127,22.306291061263956,22.711246490478516,176000,0.015832948314061897
2004-06-29,22.61000079409228,22.658209013830575,22.012208938598633,22.012208938598633,344500,-0.0312629907225935
2004-06-30,22.012213797395063,22.330392899366892,21.997751696086468,22.180944442749023,499400,0.007636310658940746
2004-07-01,22.27736670424759,22.335218797822357,22.031501743147352,22.325576782226562,232600,0.006499400295901821
2004-07-02,22.412350084565013,22.759453404435536,22.412350084565013,22.744991302490234,280600,0.01861199649086764
2004-07-06,22.744997924653337,22.744997924653337,22.262908103171114,22.672683715820312,212200,-0.00318411929859155
2004-07-07,22.899259142499357,23.12101994756571,22.754632610457218,23.106557846069336,326200,0.018955627347857773
2004-07-08,23.130657566569035,23.130657566569035,22.812478520922344,22.875150680541992,293900,-0.010065268411587827
2004-07-09,22.995693417255207,23.068005813994265,22.287020527242515,22.653409957885742,419900,-0.009740807652851723
2004-07-12,22.677494028534593,22.899254791464696,22.53768761054683,22.875150680541992,208800,0.009740807652851648
2004-07-13,22.875155513543437,22.908901643770168,22.6100065593222,22.701602935791016,186900,-0.007615662361598173
2004-07-14,22.754638196226274,22.961936950683594,22.65821987152087,22.961936950683594,151400,0.011402393950855924
2004-07-15,23.05834494794274,23.260821684014232,23.05834494794274,23.17886734008789,151600,0.009403043189280324
2004-07-16,23.299394085060978,23.381348444298155,23.140303614975494,23.16440773010254,156300,-0.0006240219506571514
2004-07-19,23.16440257772716,23.362059220246636,23.019776080107537,23.347597122192383,99400,0.0078771207518418
2004-07-20,23.419915398221615,23.6223921625971,23.1644066406191,23.241540908813477,259300,-0.004552837895632905
2004-07-21,23.337963264789487,23.337963264789487,22.846231529850645,22.99085807800293,142000,-0.01084457190586087
2004-07-22,22.942646036313803,22.942646036313803,22.45091438293457,22.45091438293457,221900,-0.023765318934711677
2004-07-23,22.36895538393092,22.51358187807614,22.127910614013672,22.127910614013672,152900,-0.01449160769353392
2004-07-26,22.127905359953022,22.229143697914033,21.809726412771845,21.91578483581543,186100,-0.009632589465295906
2004-07-27,22.007398968987843,22.23880184035331,21.89651670237117,22.04596519470215,227600,0.005922454829827283
2004-07-28,22.065241400765785,22.542509078979492,21.81937467281554,22.542509078979492,274800,0.0222732183593708
2004-07-29,22.54251392169824,22.730530452473463,22.315933009629,22.32075309753418,215400,-0.009885941268445714
2004-07-30,22.39306699380232,22.720888137817383,22.344856920255243,22.720888137817383,162700,0.017767805789033676
2004-08-02,22.609993182025434,22.802827835083008,22.465364893450896,22.802827835083008,247400,0.00359987246221234
2004-08-03,22.82694930531577,23.140308383621235,22.764278960875863,23.092100143432617,156100,0.01260601778061514
2004-08-04,22.995678181952247,23.333141326904297,22.875155761542672,23.333141326904297,196100,0.010384150595723776
2004-08-05,23.275291900713114,23.275291900713114,22.879978463718714,22.971576690673828,192500,-0.015617068854574407
2004-08-06,22.92336290077988,23.395810545569162,22.92336290077988,23.16440773010254,246900,0.008359295449430513
2004-08-09,23.212609535075142,23.212609535075142,22.89925063290936,22.93299674987793,332800,-0.010040171535963831
2004-08-10,23.01977835098902,23.169226788720152,22.947464175532634,23.140300750732422,355400,0.008998939128331203
2004-08-11,23.159584776057574,23.169226788720152,22.99085231300129,23.140300750732422,198700,0.0
2004-08-12,23.092090419626718,23.111372604166775,22.88961185023759,22.94746208190918,98600,-0.008368372962304662
2004-08-13,22.97157265862206,23.014960800872945,22.87033243401927,22.97639274597168,123500,0.0012599407431321422
2004-08-16,23.014958100208013,23.390987396240234,23.014958100208013,23.390987396240234,237700,0.017883507697488567
2004-08-17,23.44403056849152,23.612761285045018,23.44403056849152,23.593477249145508,217300,0.00861949191538659
2004-08-18,23.59346925567842,23.98396257472337,23.516334977240362,23.94539451599121,166400,0.014805723501111872
2004-08-19,23.863438813903766,23.921289059737422,23.574185745709336,23.636856079101562,237100,-0.012968817466506213
2004-08-20,23.767035506604426,23.983976364135742,23.738111284951795,23.983976364135742,490400,0.014578763759123776
2004-08-23,23.983962862294195,24.35517215642391,23.839336318367025,24.33106803894043,393300,0.014368097981530697
2004-08-24,24.29731909201872,24.716736572529424,24.29731909201872,24.697452545166016,358100,0.014946048635208731
2004-08-25,24.65888963129277,24.73120198504907,24.44194889197124,24.51426124572754,243100,-0.007445062628435615
2004-08-26,24.44194889197124,24.52872518769985,24.32142646335109,24.51426124572754,246100,0.0
2004-08-27,24.44194272860824,24.639599388142457,24.41783861676765,24.427478790283203,286100,-0.0035463612995117327
2004-08-30,24.48051393827926,24.51426006955168,24.38409747123018,24.446767807006836,272300,0.0007893325858939913
2004-08-31,24.49979914278154,24.51426124572754,24.359992684215854,24.51426124572754,326300,0.002757028713617758
2004-09-01,24.49015171932896,24.649242172706167,24.249106915321732,24.605854034423828,219600,0.003729343643839033
2004-09-02,24.62996683942167,24.98189215679051,24.62996683942167,24.919219970703125,194800,0.012655008585972728
2004-09-03,24.846905405486755,25.054204138844252,24.764949194169738,24.977069854736328,196900,0.0023188060738179297
2004-09-07,24.904747919674325,25.3530913814249,24.904747919674325,25.32416534423828,168500,0.013800893645267572
2004-09-08,25.251858194103594,25.391662804976733,25.068663599029506,25.0927677154541,330100,-0.009179426021049309
2004-09-09,25.020446902501924,25.020446902501924,24.55281947813927,24.57210350036621,503600,-0.020967870372181018
2004-09-10,24.451583034277625,24.697447900330136,24.306954695278325,24.62031364440918,278500,0.0019600646715845368
2004-09-13,24.56193805351518,24.756488800048828,24.56193805351518,24.756488800048828,336100,0.005515768301872541
2004-09-14,24.737045532653244,24.741908468792627,24.25553321838379,24.25553321838379,224900,-0.02044286308277135
2004-09-15,24.255539560239956,24.576547235225515,24.226358225025248,24.4841365814209,211900,0.009380656058425604
2004-09-16,24.5619548542779,25.16506109676761,24.51331806206287,25.16019630432129,260200,0.027237812672156424
2004-09-17,25.208832788427262,25.228286390418905,24.98996353149414,24.98996353149414,292100,-0.006788948518495228
2004-09-20,24.9218731608037,24.999693140747773,24.630046844482422,24.630046844482422,212300,-0.014507171463365637
2004-09-21,24.751635951734162,24.814865253166996,24.605723749128966,24.737045288085938,181100,0.004334815219151067
2004-09-22,24.615456950547586,24.683549203213737,24.391724733108887,24.42090606689453,115800,-0.01286235780694156
2004-09-23,24.31876543979864,24.416040872632745,24.036666870117188,24.036666870117188,229600,-0.01585912074594406
2004-09-24,23.98316804536826,24.245809311897087,23.98316804536826,24.075578689575195,205400,0.0016175436207380915
2004-09-27,24.197183547691864,24.26041288852765,23.842129619787876,23.915084838867188,126100,-0.006688569702580566
2004-09-28,23.842117960739973,24.1290794683592,23.81293477415385,24.070714950561523,175100,0.00648652968402509
2004-09-29,24.070719061705883,24.09503746032715,23.93939748270119,24.09503746032715,156600,0.001009950457144269
2004-09-30,24.075578989062866,24.323629592585334,23.988031280672665,24.099897384643555,280800,0.0002016778048776272
2004-10-01,24.19716730363462,24.8537731114328,24.124210278157385,24.527902603149414,269300,0.017603768689088174
2004-10-04,24.557092205583263,24.91700892510029,24.547364475951085,24.644638061523438,227800,0.004748002690055998
2004-10-05,24.610590181543685,24.80514104957252,24.265264153398363,24.712730407714844,144300,0.0027591580143699578
2004-10-06,24.664100920085033,24.873242531483132,24.664100920085033,24.868379592895508,125900,0.006278588619526325
2004-10-07,24.882966010784614,24.90242147256014,24.479275383504735,24.56195831298828,165000,-0.012398264630912611
2004-10-08,24.62519055812069,24.858650561004712,24.5668241658683,24.70301055908203,137600,0.005726285218574202
2004-10-11,24.60572899836944,24.673821250419973,24.571682872344173,24.644638061523438,146900,-0.0023657672215578137
2004-10-12,24.610588939491237,24.975370407104492,24.479269243880015,24.975370407104492,222700,0.013330801571851427
2004-10-13,24.926738936325243,24.93160187389909,24.60573125057976,24.668960571289062,122900,-0.012344359194404209
2004-10-14,24.596000299420954,25.043466567993164,24.552226445488614,25.043466567993164,185100,0.015067181518053805
2004-10-15,24.921866826817123,25.286648237977143,24.921866826817123,25.23314666748047,198700,0.007545496294407497
2004-10-18,25.233150539329326,25.486065912519923,25.145602838787408,25.447154998779297,205200,0.008445474722595011
2004-10-19,25.393661254487203,25.71466897038622,25.18938446044922,25.18938446044922,153500,-0.010181294684049765
2004-10-20,25.116422449177886,25.34015466196653,24.85377931831746,25.16019630432129,203800,-0.0011594201562070128
2004-10-21,25.25747237659389,25.500660054508042,25.16506172692142,25.3887939453125,156200,0.009044659378783721
2004-10-22,25.34015405860185,25.456884954663057,24.960781893308564,25.11155891418457,196400,-0.010979638776291144
2004-10-25,25.18452189377121,25.18452189377121,24.917015749432576,24.99970054626465,120800,-0.004464407995771926
2004-10-26,25.048337936401367,25.077521133971107,24.844061119539,25.048337936401367,479700,0.0019436288383207466
2004-10-27,25.048335349515174,25.383933737719282,25.048335349515174,25.145610809326172,217600,0.0038758853259747528
2004-10-28,25.145601850536742,25.486064910888672,25.062917089774764,25.486064910888672,454100,0.013448467898857409
2004-10-29,25.364468231583885,25.631974229045742,25.340147986508455,25.413105010986328,169900,-0.0028668424253075167
2004-11-01,25.534708796160018,25.77303356128915,25.486071997745878,25.68548583984375,140500,0.010661092769588078
2004-11-02,25.62711551024023,25.734118676729118,25.330428116986347,25.437429428100586,145900,-0.009704390180800134
2004-11-03,25.777884144695278,25.865431824182657,25.6368348993685,25.826520919799805,126900,0.015180217710551844
2004-11-04,25.753570147809427,26.264263794970088,25.714659236792745,26.166988372802734,190900,0.013096723962458496
2004-11-05,26.142680577119737,26.142680577119737,25.267205133519123,25.948129653930664,327000,-0.008399098525359036
2004-11-08,25.94812602502312,26.132949190667272,25.89948922871538,26.05026626586914,296500,0.003928457464352489
2004-11-09,26.050276703584277,26.069730316677056,25.85086279022245,25.875181198120117,203800,-0.006743735098773338
2004-11-10,25.982166644328274,26.094034591790646,25.899483737061992,26.006486892700195,197400,0.005061748388735406
2004-11-11,26.094030623736156,26.55608558654785,26.094030623736156,26.55608558654785,233500,0.02091293094652928
2004-11-12,26.556084327770304,27.334285736083984,26.556084327770304,27.334285736083984,265600,0.02888286827000144
2004-11-15,27.285655056099458,27.747711987037786,27.246745994800506,27.718530654907227,251000,0.013959364247392574
2004-11-16,27.4802048835525,27.72825547410118,27.4802048835525,27.57748031616211,594100,-0.005101657142830837
2004-11-17,27.50452052827558,27.626114343038402,26.419903923236127,26.594999313354492,345000,-0.036276306721052996
2004-11-18,26.60473640997461,26.847924125138224,25.991902328752282,26.27886390686035,667000,-0.011958240026293494
2004-11-19,26.303183130342717,26.303183130342717,25.70980453491211,25.70980453491211,417700,-0.021892543787694677
2004-11-22,25.58820583952729,25.787619646180843,25.544431986585067,25.568750381469727,456800,-0.005501500946753564
2004-11-23,25.55902367276334,26.084309929039573,25.549295943346223,26.069717407226562,232100,0.01940347050288321
2004-11-24,25.972442521392452,26.468543709165207,25.972442521392452,26.264266967773438,251200,0.007434956809479316
2004-11-26,26.14267824614804,26.366410489104158,26.07458598571574,26.215635299682617,84500,-0.0018533449915106583
2004-11-29,26.215623838603165,26.312897393622794,25.797340872671874,25.923797607421875,255100,-0.011194626551633592
2004-11-30,25.938400565080077,25.977309631673855,25.729258997935762,25.962718963623047,267000,0.0015002496245075665
2004-12-01,25.972442123958363,26.580411257427667,25.82652804762609,26.53177261352539,211900,0.02168135834523898
2004-12-02,26.483133193243937,26.58040861600722,26.19130692495409,26.269126892089844,229800,-0.009948614139893005
2004-12-03,26.322626911235666,26.9743697932332,26.322626911235666,26.911142349243164,209400,0.02414604735746481
2004-12-06,26.993840082165647,27.35375876629298,26.993840082165647,27.212709426879883,240200,0.011143707940457373
2004-12-07,27.40724127769661,27.40724127769661,26.774953900310027,26.80900001525879,246300,-0.014946469905654701
2004-12-08,26.93060194981149,27.324566641588635,26.92087422040499,27.29538345336914,387400,0.01797993101269785
2004-12-09,27.18838429103312,27.679622604978967,27.023016588792718,27.64557647705078,251000,0.012748148803950152
2004-12-10,27.548302219808974,27.888765369161998,27.548302219808974,27.70880699157715,187800,0.0022845721717279317
2004-12-13,27.708797624395633,27.870578377715564,27.566625355921545,27.674480438232422,173800,-0.0012395998624591695
2004-12-14,27.674485391572084,27.84607135309958,27.42936152073468,27.65977668762207,203000,-0.0005314520053277745
2004-12-15,27.527411535455418,27.787242240967863,27.267578959796243,27.698997497558594,262300,0.001416968387616965
2004-12-16,27.60094738683562,27.8999988074468,27.355823516845703,27.355823516845703,188900,-0.012466789250316591
2004-12-17,27.360718526449368,27.64015950165979,26.93910530205578,27.60093879699707,583300,0.008920354664406816
2004-12-20,27.6401654853436,27.792141073446764,27.439164005798663,27.718605041503906,153600,0.004254063348799035
2004-12-21,27.600940411412203,27.99313813024891,27.600940411412203,27.895090103149414,217600,0.006346841497326813
2004-12-22,27.89999982547217,28.257880464298328,27.89999982547217,28.130416870117188,190700,0.008400750431301614
2004-12-23,28.16473692322604,28.21376095593174,27.733318328857422,27.733318328857422,167400,-0.014216923673876497
2004-12-27,27.733319057996066,28.01276016608868,27.62546393903154,27.74802589416504,137800,0.0005301805808095595
2004-12-28,27.698997497558594,27.8117542541045,27.56172872787605,27.698997497558594,237900,-0.0017684775984509566
2004-12-29,27.576435561728687,27.757826703115864,27.56663038244469,27.698997497558594,137700,0.0
2004-12-30,27.816655094166176,27.934313493925217,27.72350683503151,27.909801483154297,91100,0.007581713658688747
2004-12-31,27.87058395881654,28.042171794139534,27.311701820646213,27.33131217956543,543200,-0.020944923561120883
2005-01-03,27.57644217115464,27.73332133700543,26.84107037992385,27.110706329345703,374300,-0.008104293841489514
2005-01-04,27.061666759600666,27.184228654462856,26.64495519498156,26.76751708984375,395700,-0.012739613865501336
2005-01-05,26.64496211642608,26.713598366300968,25.24775690010971,25.811542510986328,699900,-0.03636732747718733
2005-01-06,25.78702661509765,26.341007004144856,25.78702661509765,25.88507652282715,458100,0.002844830583046638
2005-01-07,25.983130732517523,26.095887490524046,25.787030884590767,26.00764274597168,243000,0.0047238399833410905
2005-01-10,25.885085379068357,26.017452519268893,25.762523420010126,25.909597396850586,301200,-0.003776990664686162
2005-01-11,25.90958403605484,26.140000998712257,25.79682731628418,25.79682731628418,540700,-0.0043619438007621355
2005-01-12,25.762519428171956,25.983131294322924,25.345809580000967,25.791934967041016,376900,-0.00018966724694658842
2005-01-13,25.762517556922628,26.4390599405963,25.762517556922628,25.94390869140625,340500,0.005875004667608441
2005-01-14,25.99783277932202,26.179225759803945,25.77231930483501,26.100786209106445,334700,0.006028587279749756
2005-01-18,26.620458522208995,26.997949600219727,26.522408575817725,26.997949600219727,459700,0.033795485558852305
2005-01-19,26.767511558624992,27.27736938473012,26.551803341493923,26.845951080322266,819900,-0.005645910557694292
2005-01-20,26.841063302297105,27.03225961837767,26.571427423974598,26.743013381958008,293700,-0.0038417545852054693
2005-01-21,26.743019785140746,26.93421614700018,26.58614062309469,26.718507766723633,322200,-0.0009167571899991696
2005-01-24,26.718498744852898,26.860671021871678,26.55181445769383,26.61554718017578,372300,-0.0038609745519700756
2005-01-25,26.59594149594395,26.767527467213892,25.983131784055843,26.06647300720215,426800,-0.020845596038878113
2005-01-26,26.061570682617425,26.2576705334408,26.002741475429126,26.20374298095703,425200,0.005252332967519418
2005-01-27,26.032144351564472,26.14490293463595,25.737996567423743,25.8409481048584,503300,-0.013941892826076649
2005-01-28,25.96351409385528,26.130198363232786,25.91939173225105,26.071369171142578,374000,0.008877375991724862
2005-01-31,26.056653163308006,26.30177689252014,25.37520762517594,25.74289321899414,479300,-0.012679148075793237
2005-02-01,25.885090488560834,26.007652471811735,25.831162916706848,25.97333526611328,484400,0.008911847558469249
2005-02-02,26.032152689711754,26.757720947265625,26.032152689711754,26.757720947265625,401000,0.029752620157828816
2005-02-03,26.75772689996498,27.012654120508834,26.74301819367232,26.76262855529785,263900,0.0001833922271284448
2005-02-04,26.865581183300545,27.135217120521702,26.865581183300545,27.086193084716797,321800,0.01201766032259473
2005-02-07,27.061661473549744,27.20873534462669,26.90968408035432,26.963611602783203,220400,-0.004535879188102443
2005-02-08,26.98814223582787,27.13031455308929,26.978337054967046,27.105802536010742,258900,0.005259582086480553
2005-02-09,27.105796541022197,27.32640838623047,26.96362425520502,27.32640838623047,325500,0.008105754087788684
2005-02-10,27.2577784355068,27.27248714201807,27.046971720266743,27.26268196105957,224000,-0.002334768860004013
2005-02-11,27.1646207854983,27.488184142704736,26.929302150270555,27.453866958618164,204100,0.006988224929407769
2005-02-14,27.27738080682208,27.522504648537083,27.22345326242134,27.44406509399414,274900,-0.00035709413311912756
2005-02-15,27.488194058311695,27.64997673034668,27.380338943621705,27.64997673034668,285000,0.0074749496790248665
2005-02-16,27.635257825408207,27.944114349756997,27.453866729585823,27.899991989135742,247000,0.009001515310319865
2005-02-17,28.022550405016148,28.02745205774319,27.895086862506822,27.944110870361328,359800,0.0015800733880760754
2005-02-18,27.944117447421487,27.949019101302206,27.625455710927394,27.772531509399414,344900,-0.006159018060562657
2005-02-22,27.748025571022193,27.752929096452757,27.213655378057332,27.287193298339844,476200,-0.017629974853544967
2005-02-23,27.33131918472155,27.46368633613249,27.243074417114258,27.243074417114258,378000,-0.001618143196453678
2005-02-24,27.208748099184636,27.213649753455112,26.76752440897705,26.83616065979004,532300,-0.01504908256790741
2005-02-25,26.836169892289178,27.154829893604656,26.811656002063387,27.09600067138672,539900,0.009635883884410154
2005-02-28,27.110685920475678,27.154808269540194,26.532193730583444,26.74790382385254,735200,-0.012930031747108755
2005-03-01,26.792041148621855,27.277385389474272,26.77243078915492,27.23326301574707,333800,0.01798302260696642
2005-03-02,27.13521385336374,27.350924073286205,26.899895143568486,27.24797248840332,353900,0.0005399830924372141
2005-03-03,27.20875363601085,27.59604985732268,27.135215715962836,27.512706756591797,174200,0.009668847584110619
2005-03-04,27.821549797268098,28.816751773067242,27.811744621380164,28.409847259521484,727300,0.032087857728891084
2005-03-07,28.43437044239183,29.164840436966152,28.43437044239183,28.782445907592773,395700,0.013029864654523774
2005-03-08,28.782441374748043,28.7971500771189,28.54712270842606,28.654977798461914,216400,-0.0044385109975443844
2005-03-09,28.65497428779988,28.659875941225295,27.89999249033848,28.022554397583008,378800,-0.022317473093671956
2005-03-10,28.174538188164107,28.50790680064356,28.01765906113221,28.336318969726562,414700,0.011134637550573681
2005-03-11,28.43513726657084,28.43513726657084,28.133739328812595,28.14362144470215,347900,-0.006823600425238959
2005-03-14,27.96575258208267,28.54384422302246,27.817524584474423,28.54384422302246,296600,0.01412056170187312
2005-03-15,28.573492745977283,28.97370818142465,28.53890438858195,28.7810115814209,454300,0.008274550655917328
2005-03-16,28.781000703590994,28.88476008209676,28.682181440090925,28.741472244262695,394900,-0.0013747439524763472
2005-03-17,28.805705157918858,29.151571639075414,28.805705157918858,29.126867294311523,653000,0.01331991728731753
2005-03-18,29.102172414913323,29.200989826108863,29.003353118896484,29.003353118896484,396300,-0.00424957484813836
2005-03-21,28.929242577055557,28.934184579260005,28.445030026207,28.583375930786133,257500,-0.014586160425254197
2005-03-22,28.632774292637794,28.825470830188344,27.92621906507192,27.985509872436523,306100,-0.0211384159990559
2005-03-23,27.96080481782648,28.45489926459152,27.60999821298028,28.03491973876953,489400,0.001763995009971251
2005-03-24,28.054689407348633,28.59819457155487,28.01516282139651,28.054689407348633,297500,0.0007049316156322353
2005-03-28,28.113969095504462,28.46477562948359,28.02008996329853,28.029972076416016,310600,-0.000881429320565679
2005-03-29,28.064558751347338,28.242433019224798,27.945977162642613,28.01515007019043,265000,-0.0005289311898499892
2005-03-30,28.01515550854195,28.11397477485911,27.916336242224798,28.03491973876953,362700,0.0007054288947834852
2005-03-31,28.039852692319467,28.42030554533642,27.916329112177092,28.133729934692383,365000,0.003518343361504347
2005-04-01,28.410424324755187,28.43018855055537,27.629754369030774,27.807628631591797,368100,-0.01165881577808244
2005-04-04,27.6198763367395,27.84221729779664,27.323418580629212,27.78786849975586,230700,-0.0007108537089376062
2005-04-05,27.684111208620426,27.98056900713838,27.545765366871148,27.90645408630371,240500,0.004258450780907694
2005-04-06,27.955870022738285,28.069511540941964,27.837286503626867,27.931163787841797,152800,0.00088505577751381
2005-04-07,27.931153050439246,28.089263091925794,27.842215916500514,28.01515007019043,200700,0.0030023906723109406
2005-04-08,28.1139806433252,28.1139806433252,27.876813600729875,27.896577835083008,193300,-0.004241414719424711
2005-04-11,27.965743512582243,28.000329971313477,27.83233967737356,28.000329971313477,119600,0.0037122717321015886
2005-04-12,27.876809089329225,28.484546945998368,27.763167587421407,28.46478271484375,190300,0.016451334163439094
2005-04-13,28.509256651251423,28.726657580353343,28.395615127983064,28.489492416381836,247400,0.0008677031893216807
2005-04-14,28.31160542108007,28.410424666449178,28.000325457854498,28.04973602294922,170200,-0.015556111170422575
2005-04-15,28.05468473596377,28.232559055183557,27.866930185517035,28.113977432250977,211100,0.002287649208573898
2005-04-18,28.16338417935112,28.252321332808418,27.866928257707315,27.985509872436523,211000,-0.004579998518776933
2005-04-19,27.985503137172767,28.262196646317136,27.985503137172767,28.188081741333008,182400,0.007212383655718652
2005-04-20,28.188081566766524,28.188081566766524,27.85209726660777,27.936094284057617,168000,-0.008979700669826821
2005-04-21,27.866920434048243,28.193022610231306,27.802687644624534,28.133729934692383,284800,0.007049655385583863
2005-04-22,28.15350235009018,28.18808881180607,27.861986540755638,27.96574592590332,700500,-0.005988808568550411
2005-04-25,27.965740920761217,28.410426612979517,27.965740920761217,28.311607360839844,349700,0.012291473181682881
2005-04-26,28.31160711796256,28.459835052490234,28.138674841817018,28.459835052490234,242700,0.0052219222263051816
2005-04-27,28.41043728955126,28.692071038853292,28.316560001390975,28.62289810180664,155800,0.005713233541953483
2005-04-28,28.642659749034884,28.677246214433655,28.469725537220043,28.538898468017578,155700,-0.002939015191758497
2005-04-29,28.509258523633584,29.018175353611554,28.509258523633584,29.003353118896484,388600,0.016143432863201804
2005-05-02,28.953938269863826,29.00334885301547,28.55866302875578,28.904529571533203,260300,-0.003413132675854652
2005-05-03,28.73159608328483,29.10216696027567,28.568543992694806,28.983583450317383,325800,0.002731266362000205
2005-05-04,28.95887656892955,29.54684829711914,28.91934810746095,29.54684829711914,204200,0.019247499773890182
2005-05-05,29.645677130661763,30.040952448772977,29.546857829928612,29.675323486328125,245500,0.0043387598557652835
2005-05-06,29.398630608774884,29.685206400095723,29.181229649195295,29.240520477294922,442600,-0.01476040650353692
2005-05-09,29.151572067850363,30.01129722595215,29.151572067850363,30.01129722595215,226900,0.026018450070051064
2005-05-10,29.769205087949935,30.040956790626637,29.630859177821065,30.02119255065918,246200,0.00032966564716786794
2005-05-11,30.139767276142802,30.376932431809326,29.84825141889874,30.357168197631836,547300,0.011129123432869046
2005-05-12,30.23857638603619,30.36209998084449,30.13481701875413,30.273162841796875,343600,-0.0027710688083001814
2005-05-13,30.28798268653276,30.37691981858151,29.937176157240657,30.040935516357422,342300,-0.007700636479567889
2005-05-16,30.065637660548887,30.460914611816406,30.06069754682713,30.460914611816406,303900,0.013883404901648523
2005-05-17,30.3868081735327,30.71291042975827,30.263284563071185,30.663501739501953,250400,0.006628705240231268
2005-05-18,30.663500986730927,30.856197512748988,30.495508805234547,30.58444595336914,327800,-0.0025815013568301283
2005-05-19,30.57949754485597,31.32558103286631,30.55479320551171,31.029123306274414,349600,0.014434647408601746
2005-05-20,31.004438453250458,31.137844231339436,30.846328320290517,31.127962112426758,156100,0.003180293567286066
2005-05-23,31.00442392725299,31.310761930736646,31.00442392725299,31.211942672729492,141600,0.0026942810193388194
2005-05-24,31.127942930754507,31.167471382046987,30.693139390638727,30.737607955932617,312100,-0.015313879820838235
2005-05-25,30.53503035073508,30.673378049949427,30.139755249023438,30.139755249023438,222100,-0.019641847030877912
2005-05-26,30.139762222261723,30.535037415425588,29.74448702909786,29.793895721435547,245000,-0.011541541729126224
2005-05-27,29.77412096757832,29.976699550279253,29.719772179143543,29.86305809020996,288500,0.0023186701747746224
2005-05-31,29.838361714842236,30.04094035159926,29.709897994995117,29.709897994995117,934700,-0.005141945027984017
2005-06-01,29.75930437319425,30.28304509614827,29.75930437319425,30.263280868530273,401400,0.018454868991838454
2005-06-02,30.28797848629238,30.51032128558046,30.115046245079466,30.19904136657715,219900,-0.0021249440560854533
2005-06-03,30.199050939758333,30.614090335058012,30.065645217895508,30.065645217895508,296200,-0.004427016022325616
2005-06-06,30.090366225830532,30.73268892133703,30.090366225830532,30.604223251342773,226000,0.0177548491588267
2005-06-07,30.604206143855816,31.241588365681338,30.5202110014304,30.99454116821289,298800,0.012673083446333664
2005-06-08,31.103251032953736,31.53805474699864,31.103251032953736,31.325593948364258,262300,0.0106243638127406
2005-06-09,31.226770266619063,31.226770266619063,30.841375305923037,30.974781036376953,152000,-0.011262102997314019
2005-06-10,30.930314214228847,31.058779836688945,30.638798390733573,30.856201171875,127500,-0.0038356178616438977
2005-06-13,30.7815318884628,31.458377534196835,30.731764608011794,31.453401565551758,250000,0.0191693945999293
2005-06-14,31.45342210080617,31.980964351107968,31.368815390601508,31.97598648071289,364500,0.01647806342912952
2005-06-15,31.97597628087904,32.100396422049776,31.552948560298816,31.717182159423828,226600,-0.008126640616218138
2005-06-16,31.607692697083305,31.662437864464376,31.438481224496698,31.483272552490234,183900,-0.007402183292392592
2005-06-17,31.60769187003441,32.010813811428115,31.43350443156221,31.56290054321289,387000,0.0025260227275831853
2005-06-20,31.48326558737324,31.727129852165316,31.48326558737324,31.617639541625977,224700,0.0017327807592612023
2005-06-21,31.727127080853002,31.752010722392857,31.134888058803803,31.264284133911133,298500,-0.011238814159637405
2005-06-22,31.353888715232994,31.42854159062224,31.219514678633246,31.27923583984375,209100,0.0004781216734754008
2005-06-23,31.22945755328583,31.50318150273797,31.03536242364705,31.2244815826416,198700,-0.0017520324699493803
2005-06-24,31.08014798570722,31.279219049047338,30.85619137826168,31.254335403442383,355200,0.0009556462338092079
2005-06-27,31.30409781607284,31.30409781607284,30.955721157522735,31.144840240478516,116300,-0.0035095103170355206
2005-06-28,31.154799296966136,31.27921942498677,30.677026461007028,31.22945213317871,189500,0.0027130390223171355
2005-06-29,31.115002171889493,31.333981028662333,31.115002171889493,31.27923583984375,288600,0.0015928575308584022
2005-06-30,31.254335854532084,31.47829246520996,30.960704275754534,31.47829246520996,468700,0.00634369447892211
2005-07-01,31.45340597431729,31.617639541625977,31.254333027609455,31.617639541625977,239300,0.00441699800723999
2005-07-05,31.60272911493445,31.971011824136635,31.508170451436914,31.96603775024414,191700,0.010958840703304351
2005-07-06,31.856538533553227,31.95109527231329,31.781885678846503,31.821699142456055,320700,-0.00452559884296436
2005-07-07,31.3538716558972,31.941134800697217,31.328988010473562,31.931182861328125,132900,0.0034346314412693835
2005-07-08,31.911298009871878,32.817077020346225,31.821713404971348,32.80712127685547,418500,0.027062552429971094
2005-07-11,32.79716790475189,33.29484874155539,32.747400580472224,32.97135543823242,197900,0.004993563574369324
2005-07-12,32.97134949382345,33.284886997560704,32.81209180663906,32.9365119934082,362000,-0.001057338051682516
2005-07-13,32.946469877590864,33.021122762512086,32.69762945918911,32.97135543823242,413500,0.0010573380516826468
2005-07-14,32.96636053168438,32.96636053168438,32.294492508581044,32.38407516479492,540900,-0.017972372788717675
2005-07-15,32.324349856745776,32.41891037527122,32.1003951304501,32.408958435058594,367900,0.0007680847802458766
2005-07-18,32.42389281684606,32.64286970541865,32.199934261962724,32.483612060546875,124500,0.002300838381094351
2005-07-19,32.47365515823303,32.75733291348237,32.47365515823303,32.71254348754883,234100,0.007022879370744007
2005-07-20,32.58813844869428,33.215213484251926,32.54832307586438,33.21023941040039,132600,0.01509964710626271
2005-07-21,33.120664664968125,33.1455464312032,32.25469718470416,32.46372604370117,311900,-0.022734900072217807
2005-07-22,32.46371533930565,32.647854777342815,32.394036544612895,32.53836441040039,209600,0.0022964922814203014
2005-07-25,32.43881840360591,32.66775100098499,32.43881840360591,32.66277313232422,281500,0.0038161565148504325
2005-07-26,32.647847930871535,33.00617858499237,32.503520095350545,32.986270904541016,174600,0.009855448632952476
2005-07-27,32.9862699756614,33.08580837511523,32.498545107843576,32.846920013427734,258500,-0.00423346027415169
2005-07-28,32.84692427840116,33.39437225697407,32.76729354849853,33.289859771728516,186400,0.013394857823114366
2005-07-29,33.195287338648974,33.25003249659674,33.095752758926224,33.22017288208008,216700,-0.002095530925753938
2005-08-01,32.47366636203362,33.250047055418456,32.249711561096454,32.64785385131836,1792500,-0.01737818673188911
2005-08-02,32.64785434056053,32.742414892018914,32.31440917078971,32.344268798828125,1433100,-0.009342278668146922
2005-08-03,32.36915175560591,32.7772497597217,32.125289286525096,32.48859405517578,740400,0.00445223266103093
2005-08-04,32.349240563790936,32.49854626980917,32.160123293569434,32.244728088378906,567700,-0.0075345158378385775
2005-08-05,32.12528877701528,32.12528877701528,31.129925538213197,31.328998565673828,845000,-0.028810419368476708
2005-08-08,31.329002518121264,31.329002518121264,29.711540136074113,30.333641052246094,994000,-0.032286778005995324
2005-08-09,30.333636092828495,30.856200397275703,30.29382072942249,30.53270721435547,707500,0.006541114344835188
2005-08-10,30.83130140205129,31.03535029171523,30.577483332896104,30.65711212158203,833400,0.004066201861218828
2005-08-11,30.65712019232525,30.88107681274414,30.65712019232525,30.88107681274414,339600,0.0072789168447403504
2005-08-12,30.866148935130603,31.105035379021405,30.71684514501144,31.0054988861084,272400,0.0040209767497980204
2005-08-15,30.90596937811022,31.58281540468867,30.856202069656383,31.368812561035156,347200,0.0116495966162012
2005-08-16,32.349240285532396,32.85189877466809,32.27458743316542,32.61301040649414,3141900,0.03889713218666935
2005-08-17,32.48859904388275,32.911626925776496,32.324363483628986,32.757347106933594,1627700,0.0044159750837197
2005-08-18,32.75733326752969,32.96635818481445,32.438818023000174,32.96635818481445,15560100,0.006360316465945971
2005-08-19,32.93649608958362,32.96138163372224,32.747378863933285,32.8021240234375,2710600,-0.0049943224243696165
2005-08-22,32.82203446431385,33.07087476744588,32.7473854109756,32.846920013427734,838300,0.0013647113251962883
2005-08-23,32.846918029394075,32.99622372105554,32.787194993329194,32.87677764892578,672600,0.0009085805763833554
2005-08-24,32.96138414306113,33.21022441538773,32.88175343335603,33.09077835083008,701000,0.006488081886946834
2005-08-25,33.090773280574815,33.66310657863181,33.075843474043,33.37942886352539,784200,0.008685164053155302
2005-08-26,33.54367211343603,33.62329903241728,33.1405482585259,33.19529342651367,737000,-0.005531706335962934
2005-08-29,33.09576324360096,33.264972842135094,32.817063294484974,32.95641326904297,524300,-0.0072222232122207105
2005-08-30,32.90663847631936,32.99124325633669,32.712543370632,32.89668273925781,699600,-0.0018140543052887004
2005-08-31,32.89669545949531,33.77261460654798,32.876787774675634,33.60340118408203,871600,0.021255463469114184
2005-09-01,33.593456735005645,34.47435015204204,33.53871153878832,33.97666931152344,1093600,0.011046804792627
2005-09-02,33.991593790360284,34.200618775917974,33.71786788284249,33.82735824584961,614300,-0.004404201708997655
2005-09-06,34.066239043408245,34.93718018269043,34.001541925696586,34.822715759277344,653100,0.02900003488753331
2005-09-07,34.862534346146646,34.862534346146646,34.31010846867691,34.43950271606445,742700,-0.011065685217449453
2005-09-08,34.2901881847996,34.61865534970253,34.22051321657773,34.419586181640625,568000,-0.0005784722190792768
2005-09-09,34.43950404180985,35.061604937052095,34.434529968489734,35.021793365478516,730700,0.017344767199945814
2005-09-12,34.8177405002794,34.8276962403674,34.354897308247715,34.42955017089844,794300,-0.01705532306585066
2005-09-13,34.37940776813858,34.38441805126456,33.94327218363061,34.073612213134766,806500,-0.010391962899268537
2005-09-14,34.148834048067165,34.32428970467219,33.833010041531644,34.053585052490234,822400,-0.0005879343940524024
2005-09-15,34.0535645291332,34.163851968144606,33.78286004009906,33.878108978271484,744800,-0.005166261993436946
2005-09-16,33.627471476667964,34.259111729840534,33.50214548323194,33.98841094970703,2206600,0.003250559146828562
2005-09-19,33.75278568138454,33.9482938568886,33.38683222552251,33.40187072753906,813400,-0.017407703870985433
2005-09-20,33.38683185522194,33.52719630534554,33.02589251225018,33.091064453125,560300,-0.009348618381355077
2005-09-21,33.03592173545246,33.060984631083436,32.6699682725105,32.679996490478516,732000,-0.012500127238069751
2005-09-22,32.71509148807852,32.77524550445009,32.01326530813191,32.619842529296875,634100,-0.0018423928481364695
2005-09-23,32.569700815479344,32.89053486583021,32.32907336539441,32.669960021972656,390800,0.0015352321667714698
2005-09-26,32.72010982463796,32.93567069385204,32.499538669256665,32.81034469604492,438500,0.004287850820656489
2005-09-27,32.83539750840929,32.885527121355864,32.474458175763075,32.7100715637207,526500,-0.0030608233687617254
2005-09-28,32.710078631039856,32.83540460280629,32.33911482551184,32.639896392822266,530300,-0.0021476735204734145
2005-09-29,32.60982577541465,33.21138902794934,32.32909294287202,33.11112976074219,691100,0.014334116561563533
2005-09-30,33.09107060554401,33.883127839167244,33.06098977160734,33.58736038208008,670500,0.014280344678371979
2005-10-03,33.53723740683,33.78287528891168,33.060996325647764,33.6024055480957,552000,0.00044784100848679377
2005-10-04,33.66255530204,33.78788126829878,32.785273538228466,32.80031204223633,626800,-0.024159629272116883
2005-10-05,32.7601992821744,32.76521339057239,32.27894814135787,32.28396224975586,418800,-0.01586744668365491
2005-10-06,32.2839642341245,32.50453529682049,31.99320712347487,32.193729400634766,610200,-0.0027988876684868027
2005-10-07,32.24386581044006,32.459426634512205,31.762614538600076,32.088462829589844,617200,-0.00327514235244363
2005-10-10,32.0082472229655,32.06840505651016,31.757595320162885,31.822765350341797,698000,-0.008314626944863
2005-10-11,31.797702535484227,31.983184419733224,31.597180235745256,31.732532501220703,659700,-0.0028395086735130497
2005-10-12,31.557070092478614,31.582134896439968,30.920414127786028,31.135974884033203,803200,-0.018978517155039377
2005-10-13,30.980574796195857,31.45681379386625,30.760001810220693,31.120941162109375,627500,-0.00048295749840547526
2005-10-14,31.431744071509588,31.742551846860206,31.40667926761908,31.682395935058594,513800,0.017880251498435827
2005-10-17,31.682403700561032,31.86788558959961,31.542037322190218,31.86788558959961,372500,0.005837588027669056
2005-10-18,31.632264414955618,31.99320371040921,31.537017395242902,31.682395935058594,400600,-0.005837588027669003
2005-10-19,31.557078219085206,32.33911292539465,31.311438487433872,32.33409881591797,724300,0.020361170924454036
2005-10-20,32.28396028468741,32.29398467622913,31.42672947140369,31.491899490356445,492000,-0.026392010549914493
2005-10-21,31.491910791714677,31.983188383404485,31.406690046773768,31.918018341064453,363100,0.013440334883355672
2005-10-24,32.18370616570845,32.614827789720344,32.13859065430123,32.60981750488281,287500,0.02144270488490803
2005-10-25,32.53460941624041,32.7000405476361,32.21878565182253,32.63486862182617,417500,0.0007679129033050426
2005-10-26,32.50954659119078,32.760198459780746,32.268922939145035,32.51456069946289,476800,-0.003693295869847214
2005-10-27,32.43435921759196,32.63488153273705,31.78266647417675,31.832796096801758,1013400,-0.02119092839004537
2005-10-28,32.334102710194294,32.9857993334362,32.334102710194294,32.825382232666016,1472500,0.03070498254467009
2005-10-31,33.0860543881352,33.43696555633323,33.00083365080781,33.18631362915039,908400,0.010935486161732021
2005-11-01,32.92563234157084,33.14119311942098,32.35414633976244,32.7100715637207,757100,-0.01445452147047974
2005-11-02,32.63487521408915,33.11612638247219,32.51456337815446,33.106101989746094,373800,0.01203458616417641
2005-11-03,33.1111208393243,33.38683566217866,32.77524435292211,32.81534957885742,409900,-0.008821234646874478
2005-11-04,32.78527204971686,33.0208854675293,32.319059323415274,33.0208854675293,391100,0.006243873340499798
2005-11-07,33.14621521249357,33.59738566233666,33.06600475274222,33.35676193237305,469000,0.010120254172558445
2005-11-08,33.0359210963215,33.542239003863926,32.74014986629968,33.40187072753906,544200,0.0013513998185350747
2005-11-09,33.361764039725,34.284161047143975,33.361764039725,33.68259811401367,488600,0.008369419330602437
2005-11-10,33.73774885180237,34.50975337431411,33.59237028402831,34.34432601928711,499400,0.019455496084063512
2005-11-11,34.34432382893159,34.690220844332224,34.26411338645675,34.6751823425293,495100,0.009587401168242514
2005-11-14,34.670171093733906,34.73533920794824,34.364375483434394,34.69021987915039,427900,0.0004335745595075117
2005-11-15,34.74034798714014,35.266714578070314,34.64008495221745,35.03110122680664,576200,0.009778474029458275
2005-11-16,34.991005305279586,35.041134918252475,34.44959630602605,34.569908142089844,629700,-0.013252676619381818
2005-11-17,34.615035644057926,35.39205439021229,34.615035644057926,35.25168991088867,875000,0.019529872070372798
2005-11-18,35.39204746851796,35.39204746851796,34.96594000400734,35.141395568847656,534600,-0.003133672335740638
2005-11-21,35.11633035111247,35.25669479370117,34.890741361542716,35.25669479370117,565600,0.0032756379428630533
2005-11-22,35.041138269796434,35.48228426065373,34.95090342795691,35.44719314575195,675600,0.005388637557772355
2005-11-23,35.377022258023416,35.722923233413525,35.29180149803179,35.507362365722656,506000,0.001695993554170213
2005-11-25,35.59258068717071,35.72793107172855,35.412110957996504,35.68281555175781,119900,0.004929150239805269
2005-11-28,35.717896867556505,35.76301237513875,35.46223085065667,35.617637634277344,574000,-0.0018282614688406192
2005-11-29,35.091256668639396,35.9234225911817,35.091256668639396,35.78305435180664,501200,0.004633484882982099
2005-11-30,35.94348517700243,36.10390225897054,35.331897681442385,35.392051696777344,507300,-0.01098717262675518
2005-12-01,35.492302671214475,35.93344854016755,35.492302671214475,35.838199615478516,424600,0.012527086311996784
2005-12-02,35.75800028358927,36.02870478933566,35.55246389371641,35.86327362060547,264400,0.0006994000267328622
2005-12-05,35.793091132775146,35.87831185859346,35.422127401543825,35.432151794433594,487300,-0.012094102211141641
2005-12-06,35.4421850598905,35.472265895378946,35.131379082123985,35.17649459838867,475500,-0.0072415582603610595
2005-12-07,35.191532804390306,35.191532804390306,34.74537263233513,34.86568832397461,368300,-0.008874889429872069
2005-12-08,35.016071940238916,35.382025420860295,34.890745982095865,35.026100158691406,481400,0.0045902993718429635
2005-12-09,35.02610468692503,35.382029995108546,35.01607646717608,35.25168991088867,480800,0.006419966444545475
2005-12-12,35.26172421576452,35.3369205864336,34.69023791811356,34.980995178222656,522100,-0.007708549737221141
2005-12-13,35.04662772110333,35.39502118069434,34.91534696048676,35.31423568725586,324800,0.009481240797838544
2005-12-14,35.294040135528185,35.77371437999119,35.19810374573629,35.59699249267578,265200,0.007974993842282192
2005-12-15,35.5464864216045,35.970618776318304,35.18799249733545,35.19303894042969,372600,-0.011412848073160625
2005-12-16,35.3950161276732,35.5212465731016,35.142555236816406,35.142555236816406,486800,-0.0014355096554760946
2005-12-19,35.24353305817244,35.571729052109156,35.09710531596003,35.17789077758789,482800,0.001004986337495939
2005-12-20,35.18799622422917,35.253634661625945,34.895140699387454,34.986026763916016,372900,-0.005469035898255032
2005-12-21,35.09205799718057,35.369766471869944,35.051663336817235,35.21828842163086,219400,0.0066167586564230135
2005-12-22,35.21828543452507,35.294024453220665,34.88503529316307,35.17789077758789,261500,-0.0011477227581680653
2005-12-23,35.30414842839416,35.59700413875643,35.17287147043823,35.49602127075195,170600,0.009002830964713797
2005-12-27,35.546509903779715,35.73332858009211,35.07188198660926,35.19811248779297,256000,-0.008428154659628664
2005-12-28,35.21323999911391,35.28897902826222,34.76385997234685,34.986026763916016,282400,-0.006043712203340082
2005-12-29,35.00117251858815,35.09205857979116,34.39526801206606,34.55684280395508,409400,-0.012343160746498234
2005-12-30,34.486161546829564,34.587144369051785,34.19330596923828,34.19330596923828,351600,-0.010575692693638637
2006-01-03,34.33467196711116,35.41015368750754,34.19329452242955,35.324317932128906,495100,0.03254172700569604
2006-01-04,35.445504324435554,35.516193059292064,35.19304345644884,35.460655212402344,285800,0.0038521579598200027
2006-01-05,35.54650586692823,36.445266316928254,35.53135882486623,36.0766716003418,608500,0.017222662411758245
2006-01-06,36.228133616740124,36.32911642041759,35.89488343055983,36.32406997680664,445500,0.006834165893523247
2006-01-09,36.30387730592021,36.75325738879144,36.24328530458737,36.748207092285156,357900,0.011608831576502537
2006-01-10,36.67246231739029,37.25817334858187,36.505841081220964,37.03095626831055,444700,0.007664780878802136
2006-01-11,37.08145367013937,37.4298470498191,36.81384576536829,37.11174774169922,486800,0.00217935146672935
2006-01-12,37.01075600934996,37.01075600934996,36.56642252164448,36.940067291259766,342100,-0.004636773803650019
2006-01-13,36.83909294206829,36.88453790585089,36.04636589433787,36.17764663696289,344600,-0.020855364520215105
2006-01-17,35.19305819240377,36.12716687688011,35.19305819240377,36.0766716003418,325100,-0.0027949914916922656
2006-01-18,35.571729084498024,35.89992893098009,35.29402448535668,35.69291305541992,636200,-0.010694285168902699
2006-01-19,35.59698581422462,36.18269693343818,35.59193551774933,36.17764663696289,332700,0.013489276660594908
2006-01-20,36.162502301001474,36.3190268331998,35.44551038560601,35.4909553527832,386700,-0.019163546661021724
2006-01-23,35.4909635232837,35.899949060793475,35.4909635232837,35.80906295776367,212300,0.008923131388168075
2006-01-24,35.80399751306244,36.07665182522264,35.748455821114014,36.01606369018555,269100,0.005764035935616288
2006-01-25,36.10189855732859,36.42504811036132,36.016062799983196,36.10694885253906,395300,0.002520283256524004
2006-01-26,36.20288480843915,36.36950989609252,35.970621285761844,36.10190200805664,554300,-0.00013978465051000822
2006-01-27,36.101918049697865,36.91484266640941,36.101918049697865,36.682579040527344,463600,0.015956405662763448
2006-01-30,36.642180005351925,36.66742763978808,36.29378268182344,36.364471435546875,190300,-0.008709718293990877
2006-01-31,36.24327377533647,36.6674099452505,36.15238772837248,36.64216232299805,598900,0.007607314906787661
2006-02-01,36.59168032741619,36.8491915019836,36.57148299487685,36.71791076660156,512300,0.002065114368993185
2006-02-02,36.55634436929497,36.64723046050909,36.40991656388064,36.47050857543945,473000,-0.006760718040537481
2006-02-03,36.00092334024714,36.3998081441192,35.48085068706163,35.89993667602539,528200,-0.015768418165050927
2006-02-06,35.89994779967691,36.67247772216797,35.88985105624992,36.67247772216797,592300,0.021291016305340405
2006-02-07,36.738095770820486,37.2278703268641,36.60681507949274,36.80878448486328,680200,0.003709977617269052
2006-02-08,36.79365431955887,37.051161673506044,36.531092816547,36.98552322387695,648900,0.004790046344593245
2006-02-09,37.036001581534585,37.55102381239889,36.753246695410745,37.32380676269531,622300,0.009104802203951016
2006-02-10,37.66714921115329,37.75298495547314,37.111736241927375,37.47023010253906,658600,0.003915379702415856
2006-02-13,37.54093271686486,37.78834330479624,37.41975257105626,37.60657501220703,317500,0.003632148687035344
2006-02-14,37.60657536849147,37.9802164020855,37.288472185890036,37.86913299560547,289700,0.006957444969881785
2006-02-15,37.793402232499474,38.161996902667774,37.66717176154774,38.136749267578125,672800,0.007042017536736428
2006-02-16,38.071109992332644,38.41445702004168,38.02061857548536,38.384159088134766,421400,0.006466485774975606
2006-02-17,38.384136874300005,38.80827300530534,38.247809742483334,38.75273132324219,620500,0.009556388340577952
2006-02-21,38.82848368801629,39.000155235452205,38.34375926600945,38.52048110961914,453000,-0.006011162359010967
2006-02-22,38.646735537370986,39.28798486858153,38.37407715844889,39.1062126159668,518000,0.015091268086076295
2006-02-23,39.16677878768228,39.3788449916146,38.99005695107201,39.27281188964844,387500,0.004251125237442815
2006-02-24,39.272805637634626,39.33339762293243,38.863820330552336,39.08598709106445,430200,-0.004768453703177324
2006-02-27,39.212224039303564,39.383895581219996,38.90422147080912,39.32835388183594,393200,0.006181715221295608
2006-02-28,39.36874197694008,39.570711408980145,39.232410973108266,39.393985748291016,381000,0.0016674271107763562
2006-03-01,39.41923397471644,39.5353676518956,39.02034539970499,39.505069732666016,396400,0.0028158526638074333
2006-03-02,39.41418480579065,39.696943563949766,39.16172396772692,39.52021789550781,397800,0.0003833750811159068
2006-03-03,39.520213620232404,39.69188897471226,39.48486926081688,39.56565856933594,468500,0.0011491477583572638
2006-03-06,39.585866476781526,40.2877074100788,39.510127442863315,40.1210823059082,687000,0.013940405274298445
2006-03-07,39.818136180215596,39.818136180215596,38.894128298462995,38.96481704711914,3283100,-0.029242827476172698
2006-03-08,39.63636110548479,40.691645813227126,39.58081939957755,40.681549072265625,1704300,0.0431155379399962
2006-03-09,40.69669709933738,42.18116845286525,40.69669709933738,41.676246643066406,1565100,0.02415669172911739
2006-03-10,41.65602768574582,41.89839172363281,41.32277761518192,41.89839172363281,1166900,0.005316100866875652
2006-03-13,41.81712580367457,42.04063937892263,41.41581910066079,41.654571533203125,832200,-0.005836319216496315
2006-03-14,41.63426871961091,41.97461625644734,41.502192109942634,41.68506622314453,795500,0.0007318172270325528
2006-03-15,41.62919293944822,42.447045636664114,41.62411590138962,42.401329040527344,829800,0.017036766524340115
2006-03-16,42.426721296825804,42.98550547132851,42.10161261835213,42.11177444458008,1395200,-0.006852327437856343
2006-03-17,42.11177328757199,42.16257079051264,41.84254303394561,41.8831787109375,1322600,-0.005443096030031115
2006-03-20,41.8577657523757,41.908563235723335,41.03483256998566,41.456459045410156,1007000,-0.010240586740466696
2006-03-21,41.375177726029875,42.00507888727263,40.76560020774262,41.41581726074219,837800,-0.0009808295303976645
2006-03-22,41.476794588734,41.92889895099598,41.39043844663925,41.603790283203125,625700,0.004528408390353989
2006-03-23,41.49203345197413,41.73078597767224,41.38027662074514,41.603790283203125,602100,0.0
2006-03-24,41.52758026275506,41.558057980554096,41.11611557006836,41.11611557006836,539600,-0.011791124717427723
2006-03-27,41.09580512889066,41.09580512889066,40.181434631347656,40.181434631347656,848900,-0.022995087116219972
2006-03-28,40.08490830296158,40.851959228515625,39.6734397669257,40.851959228515625,1041600,0.016549717826195322
2006-03-29,40.892613144086525,41.92381755110211,40.892613144086525,41.801902770996094,643300,0.022987077645631078
2006-03-30,41.95938166643799,41.97970144504119,40.93833507633577,41.2786865234375,907300,-0.012595557379991521
2006-03-31,41.26342010498047,41.55296997442824,40.831631880289116,41.26342010498047,906000,-0.0003699062031414552
2006-04-03,41.248192088444306,41.34979094986035,38.64224233382727,40.08491516113281,901800,-0.02897631273025977
2006-04-04,40.05442449836042,40.22714058587228,39.60232032529616,39.648040771484375,959500,-0.010958549235829602
2006-04-05,39.622650222489135,40.00363724385922,39.602330449610676,39.83092498779297,541000,0.004602086535470256
2006-04-06,38.84035509322943,39.77504523602358,38.84035509322943,39.39405822753906,578700,-0.011028621794323309
2006-04-07,39.013063757582586,39.20101483210406,38.484761408452876,38.50508117675781,706200,-0.022824787321407383
2006-04-10,38.327292135672955,38.6422427964327,37.84471013387044,38.09870147705078,630900,-0.010610011617732385
2006-04-11,38.10378651613978,38.76924266715635,38.0377462793758,38.449214935302734,725400,0.009158078351054923
2006-04-12,38.327298110543616,38.73876678604814,38.327298110543616,38.550811767578125,592000,0.0026388793766208493
2006-04-13,38.44411930852611,38.46951998611353,37.854857693771464,37.910736083984375,463000,-0.016742811354718612
2006-04-17,37.38752235883229,37.82946866065889,37.3011662382593,37.570396423339844,495300,-0.00901793483467182
2006-04-18,37.59071622400293,39.10450623126059,37.539918733955375,38.875911712646484,730500,0.034158411516772444
2006-04-19,38.799718917494324,39.63281027166263,38.65748437540714,39.31786346435547,561900,0.01130413404072207
2006-04-20,39.25181982220062,39.43469389632121,38.52032740131853,39.39405822753906,446600,0.0019360418433601227
2006-04-21,39.521056468320516,39.72932736453026,39.211186704544595,39.43977737426758,369400,0.001159886526011043
2006-04-24,39.317859108811206,39.317859108811206,38.78955667129682,39.1705436706543,371400,-0.006849857696796161
2006-04-25,39.140066677546926,39.394058015167346,39.00799009681624,39.2518196105957,1108800,0.0020727753064365487
2006-04-26,39.19593543963004,39.44484580409777,39.007980500811954,39.079097747802734,491700,-0.004410063064539625
2006-04-27,38.860665137954676,39.68359826550358,38.672710198934446,39.216251373291016,507300,0.0035034971379219225
2006-04-28,39.216257595134834,39.5820057098509,39.01814467893029,39.05370330810547,342500,-0.004153529909005708
2006-05-01,39.013065346566876,39.272133682907594,38.38316413025691,38.46444320678711,378300,-0.015203445338475252
2006-05-02,38.14950240379417,38.1799840031272,37.66692035856216,37.885353088378906,541500,-0.015169686140745112
2006-05-03,37.88533130070863,38.59650749174131,37.656736877377526,38.58634567260742,514400,0.018333899494118996
2006-05-04,38.83527158632528,39.5362901154792,38.68796003008279,39.414371490478516,440800,0.021232033598466763
2006-05-05,39.87663006405613,40.12046339264143,38.96225992636036,39.282291412353516,899700,-0.003356691307340209
2006-05-08,39.3686453368943,40.00870439786187,39.3686453368943,39.7902717590332,525600,0.012848637118090683
2006-05-09,39.78012738130392,39.81060898130559,39.216266226282535,39.48550033569336,424400,-0.007688929840312757
2006-05-10,39.51089137323459,39.968076550437395,39.272138898717564,39.7242431640625,432900,0.006028135953525143
2006-05-11,39.546457411544246,39.546457411544246,38.291739364074154,38.3425407409668,426300,-0.03540165626520312
2006-05-12,37.99711231861701,37.99711231861701,37.18941770809438,37.5145263671875,857500,-0.021831776336249848
2006-05-15,37.13354499321957,38.07839338984925,36.86431470692429,37.8955192565918,820400,0.010104651919739215
2006-05-16,37.97170890658718,37.97678981903383,37.392608906889286,37.39768981933594,645700,-0.013223946703265757
2006-05-17,37.08273562339261,37.22497015363286,36.53411339909424,36.645870208740234,517600,-0.020308192882379835
2006-05-18,36.828742751014516,36.986216134999225,36.402039178049435,36.54935073852539,868000,-0.0026373177076418823
2006-05-19,36.65095727780056,37.13862026723396,36.14805542551,36.8947868347168,1300300,0.009406840487645157
2006-05-22,36.80841344197698,36.86429182999587,36.31059273584398,36.7220573425293,1232500,-0.004692670844374065
2006-05-23,36.85414168704283,37.23004775144389,36.295357688554844,36.381717681884766,424100,-0.009311205048985225
2006-05-24,36.259795000939555,36.80841711499836,35.92452851496995,36.650943756103516,723500,0.007372791528259473
2006-05-25,36.803351519150624,37.377374551204234,36.67127878442067,37.133541107177734,1126200,0.01308145564659828
2006-05-26,37.13353774016619,37.54500639742672,36.81859091987383,37.41801071166992,574200,0.0076315241783757575
2006-05-30,37.428170288322576,37.45357097681845,36.85922819618314,36.8947868347168,1438200,-0.014081895459874302
2006-05-31,36.899899380636576,37.26818289633748,35.93827323600217,36.664608001708984,768500,-0.0062583327336636334
2006-06-01,36.65948773656487,37.68761178492766,36.64925937448877,37.67738342285156,499500,0.027248075088097734
2006-06-02,37.67738954584428,38.28096056805864,37.621123789118165,38.08147430419922,513000,0.010667919917083928
2006-06-05,37.95360248400071,39.02264807735372,37.66204530444381,37.6876220703125,791900,-0.010396211649913183
2006-06-06,38.32698363013965,38.8436036112427,37.0431078741659,37.288631439208984,826700,-0.010643220455273984
2006-06-07,37.263059170385695,37.68760835350072,36.95104147218936,37.380706787109375,700600,0.0024662169708777903
2006-06-08,37.39094171391425,37.621120855974915,36.54184710105262,37.22726058959961,757800,-0.004113405558830282
2006-06-09,37.268176106750126,37.65692018055294,37.114723369009084,37.56996154785156,344100,0.009163531653025886
2006-06-12,37.62111001431938,37.62111001431938,36.674824762658055,36.894771575927734,844000,-0.018134986807237602
2006-06-13,36.93059592444964,37.24772988392175,36.736225763624844,36.82829666137695,949400,-0.0018033685834201495
2006-06-14,36.8282800447718,36.905006408691406,36.47534111222061,36.905006408691406,719200,0.0020807361611768454
2006-06-15,36.956155426648195,37.70806675660899,36.905005819007414,37.59553527832031,522300,0.01853808387178023
2006-06-16,37.33978572472343,37.656919556314016,37.27840385015149,37.575077056884766,532300,-0.0005443143618260963
2006-06-19,37.600661854439565,37.97405760615665,37.44209295350188,37.63646697998047,1666900,0.0016324604823673274
2006-06-20,37.51880665676849,37.67225937291698,37.09937365542257,37.12495040893555,773200,-0.01368418553234209
2006-06-21,37.08913474975438,37.52391211859975,37.04821351675483,37.477874755859375,522500,0.009461491007891494
2006-06-22,37.21192642308254,37.32957409312068,36.90502471761235,37.073822021484375,522600,-0.010839637677134837
2006-06-23,36.905018721723245,37.027778603473365,36.64926669163849,36.93059158325195,546800,-0.003870866887475292
2006-06-26,36.961279392364574,37.46255111694336,36.86409238552214,37.46255111694336,525800,0.014301549345818282
2006-06-27,37.401159637277054,37.55460843734272,37.078909742456915,37.18632507324219,380500,-0.007400708987214403
2006-06-28,37.19657249967829,37.498357994569695,37.16076737481887,37.35002136230469,493900,0.004392395390309393
2006-06-29,37.67225865677013,38.48554789048842,37.47788469968178,38.4702033996582,526200,0.029550520450231377
2006-06-30,38.45999463513973,39.13006375922074,38.45999463513973,38.82316207885742,581900,0.0091330253361568
2006-07-03,38.95102496970835,39.600633242384674,38.95102496970835,39.55459976196289,216400,0.01866496058840411
2006-07-05,39.42674087300758,40.045660427065755,39.23748293235827,39.83082962036133,605100,0.006959236106342043
2006-07-06,39.83081202369736,40.12236910469547,39.80523526647471,40.11213684082031,705400,0.007037726869462269
2006-07-07,40.112129680552584,40.43437959318729,39.897299007105815,40.009830474853516,500100,-0.002553767087742357
2006-07-10,40.020058650135866,40.43437940697751,39.87683820183092,40.4036865234375,333000,0.009795845593387179
2006-07-11,40.408811323912175,40.55714793504263,40.04052786213522,40.4599609375,532300,0.0013918348952604743
2006-07-12,40.521342711534494,40.894738401988434,40.45996083390704,40.8845100402832,672100,0.01043839741248018
2006-07-13,40.69013739324308,40.90496809775199,40.06098587007827,40.18886184692383,832700,-0.017161374941970616
2006-07-14,40.10191318262854,40.10191318262854,39.57506470276031,39.61598205566406,368400,-0.014357264644684791
2006-07-17,39.51879182666402,39.687585145313165,39.13004777567949,39.2528076171875,614000,-0.00920965078700447
2006-07-18,39.2528119240494,39.493219404293065,38.792457589802524,39.1505126953125,1179300,-0.0026094553014668277
2006-07-19,39.18631443138216,39.708046696826806,39.15562544590456,39.636436462402344,985900,0.012335289886389983
2006-07-20,39.79500513377081,40.07632993837186,39.44206619262695,39.44206619262695,609400,-0.004915891289754788
2006-07-21,39.69782081262295,39.69782081262295,38.58785820732668,38.66969680786133,664200,-0.01977665152503473
2006-07-24,38.87430333010973,39.5136833190918,38.649240325199,39.5136833190918,373500,0.021590759973087598
2006-07-25,39.42673025927496,39.784781507394435,39.39603736481764,39.66202163696289,372000,0.003747070935861044
2006-07-26,39.590403389253645,39.984259682617896,39.554598271675076,39.95868682861328,453900,0.007451995096243329
2006-07-27,40.20419736356392,40.592941339071764,40.03540017522265,40.26557922363281,463000,0.007650899338760674
2006-07-28,40.53667445395251,40.904957798937886,40.42414299826652,40.864036560058594,519500,0.014753384093855584
2006-07-31,40.82824183054288,41.288596128800584,40.557145383364755,41.06864929199219,674800,0.004994664953867683
2006-08-01,40.869156039107374,41.19651817203554,40.59294350773715,40.966339111328125,727800,-0.002494307263266901
2006-08-02,41.12491559110751,41.31416954228511,40.792437265503786,41.22721481323242,692100,0.006347859788349332
2006-08-03,41.227211421415205,43.08908520865903,41.150485059901314,42.659423828125,1331000,0.034149614808209224
2006-08-04,43.22207535363928,43.87679965767876,42.99190018197264,43.851226806640625,827800,0.027554488959914598
2006-08-07,43.7233551575056,43.810309884050056,42.91006192595108,42.96632766723633,583600,-0.020385964351173486
2006-08-08,42.97144944028424,43.0686325405184,42.16327223432935,42.16838836669922,586400,-0.018745881925361297
2006-08-09,42.505969042494925,42.505969042494925,42.009809684908056,42.12234115600586,416100,-0.0010925807745352928
2006-08-10,42.12234019299719,42.53154482354941,41.63641310887294,42.424129486083984,353400,0.007139023297405995
2006-08-11,42.41902660506879,42.56736323241691,41.83079622833403,42.050743103027344,411800,-0.008840233865523928
2006-08-14,42.53154343649896,42.89982681149248,42.4087836123226,42.66453552246094,503500,0.01449096715764054
2006-08-15,43.176071869235564,43.47274134261766,42.935664268201236,43.365325927734375,645500,0.016292154713320427
2006-08-16,43.81031765345215,44.05072515385707,43.59548691360911,43.94330978393555,800200,0.013240209172831398
2006-08-17,43.93818996803699,44.31670179733482,43.80008171652553,44.040489196777344,536400,0.0022090306053103546
2006-08-18,44.05583369084186,44.34227855575263,43.99956794429503,44.040489196777344,725600,0.0
2006-08-21,43.99443939431219,45.191356316918295,43.96374651510364,45.063480377197266,853400,0.0229627509486915
2006-08-22,45.26809317605537,45.380624653542775,43.73358154296875,43.73358154296875,5049100,-0.02995590740088869
2006-08-23,43.96377258363138,43.96377258363138,43.349969269998454,43.63129806518555,1476100,-0.0023415249920736856
2006-08-24,43.72334973258898,43.87168241124767,43.58524151112802,43.69777297973633,1111700,0.001522400881962542
2006-08-25,43.63129064741349,43.74893437633377,43.40622764952686,43.56479263305664,489700,-0.003047823512550329
2006-08-28,43.575027864355526,43.96376810221279,43.575027864355526,43.800086975097656,1088500,0.005386487384940265
2006-08-29,43.80006902739578,43.97909847952369,43.621043477732165,43.953521728515625,534700,0.003496948149321999
2006-08-30,44.14278941558712,44.710559073307,44.01491343686579,44.42411422729492,810400,0.010649683970358518
2006-08-31,44.1223292739298,44.44969147084449,44.1223292739298,44.321815490722656,726900,-0.0023054303945476678
2006-09-01,44.46502652671164,44.68497332193783,44.26042422144889,44.33715057373047,639000,0.00034593417544691833
2006-09-05,44.347390554850236,44.57756967201721,44.15813659241819,44.531532287597656,826900,0.004374589959012902
2006-09-06,44.424110097693536,44.61848406485893,44.21439554136722,44.296234130859375,1407100,-0.0052978638679132785
2006-09-07,43.98933558049794,44.21439854621024,43.769388746496844,43.84611511230469,890700,-0.010213545141839721
2006-09-08,43.96375511110625,44.403648741953795,43.45225125221047,44.36784362792969,728400,0.011828844470511982
2006-09-11,43.989346375039396,44.577576787291854,43.989346375039396,44.37297439575195,585300,0.00011563490042684424
2006-09-12,44.61849493947818,44.82309341430664,44.20929018488974,44.82309341430664,750800,0.010092885271681482
2006-09-13,44.78194253586729,45.46614382045965,44.69448487216689,45.28609085083008,532900,0.010276455499697608
2006-09-14,45.01342417545651,45.3426649068654,44.704761480368056,45.327232360839844,605300,0.0009080676302030726
2006-09-15,45.646191600066906,45.877687668384176,45.48157121429784,45.72335433959961,2013400,0.008701195507635234
2006-09-18,45.20890834966027,45.43011732775069,44.920823699071434,45.039146423339844,681100,-0.015077171115821783
2006-09-19,45.11632104993383,45.836536791209475,45.064877909455575,45.80567169189453,567600,0.016875887393226208
2006-09-20,45.7850644378909,45.91367416945801,44.84878574907665,44.920806884765625,1186700,-0.01950682710546822
2006-09-21,44.807669848397204,45.02887894192837,44.16462061427881,44.48871994018555,601000,-0.009665419865825975
2006-09-22,44.50928926149857,44.720211271474895,44.1749068357088,44.65333557128906,879700,0.003693336826981585
2006-09-25,44.653341285253894,44.658482853330305,44.01543360627804,44.42698669433594,949800,-0.0050819161479021425
2006-09-26,44.24177701049543,44.35495427733711,43.95369227661489,44.08230209350586,629000,-0.007788704395708731
2006-09-27,43.95371236329277,44.47329343507957,43.74279028326813,44.37040710449219,719600,0.006514351735563976
2006-09-28,44.44757220525055,44.49901536868129,44.10289869291661,44.21607208251953,446300,-0.003484395802557033
2006-09-29,44.344661256324876,44.58644832894686,44.236629486083984,44.236629486083984,655800,0.00046482252254649884
2006-10-02,44.293215398207565,44.56072598655006,43.81478677372935,44.10801696777344,340900,-0.0029116107049417007
2006-10-03,44.17490015623836,44.66361587761988,44.09258799166124,44.59159469604492,632200,0.01090382495197663
2006-10-04,44.591598971315435,45.810821533203125,44.49899973971814,45.810821533203125,690000,0.02697495969310263
2006-10-05,45.743940706719265,46.09375958077515,45.61533088427019,46.04231643676758,680600,0.005040554929680331
2006-10-06,46.02174673812235,46.02174673812235,45.234655110008774,45.38898849487305,453700,-0.014291364695183184
2006-10-09,45.41983800817034,45.77480231657371,45.01343056409421,45.697635650634766,513100,0.006777028788911324
2006-10-10,45.65650293382548,45.949733274546844,45.08547480849518,45.52789306640625,730700,-0.0037213876972571835
2006-10-11,45.52788596241797,46.17608069203044,45.43528671533048,45.94972610473633,914100,0.00922271550544923
2006-10-12,45.944559761000974,46.140049152167926,45.584453921787045,46.03715896606445,513100,0.0019009859414382585
2006-10-13,45.83652119467846,45.95998547478779,45.476415409001795,45.73363494873047,850000,-0.006614852310672725
2006-10-16,45.7336677726046,46.14521697663151,45.7336677726046,46.06805419921875,449500,0.007285720619887622
2006-10-17,45.84168136949338,45.89312450894682,45.332387616642364,45.58960723876953,657600,-0.010439963196583158
2006-10-18,45.91368260833198,46.09373548064791,45.6358850661053,46.032005310058594,518100,0.009657143050903637
2006-10-19,45.92396808607953,46.04229078374628,45.54842981168572,45.67189407348633,379800,-0.00785382279355362
2006-10-20,45.77479614220394,45.77479614220394,45.280931116753884,45.399253845214844,416000,-0.005987429586622942
2006-10-23,45.28094677396251,45.89313081469488,45.08031575512527,45.785099029541016,402300,0.008463019697973095
2006-10-24,45.527864585170704,45.85710532580919,45.3735312708705,45.615318298339844,397700,-0.0037151017783199794
2006-10-25,45.74390620240566,45.882806903800585,45.31692097198029,45.72847366333008,392800,0.002477572267201608
2006-10-26,45.77479589763412,46.088600158691406,45.55358691288746,46.088600158691406,315100,0.00784447439001437
2006-10-27,45.882834178087435,45.882834178087435,45.34781693124356,45.455848693847656,614500,-0.013824137884230054
2006-10-30,45.55874282803642,45.91370719846728,45.07002706645626,45.90856170654297,463200,0.009910132748881341
2006-10-31,46.22237367126022,46.29954035682707,45.61019352878076,46.150352478027344,472000,0.005252969353753746
2006-11-01,46.21720967793848,46.4795747338954,45.64104036271901,45.913692474365234,460600,-0.005141215011119097
2006-11-02,45.707914652397676,45.882825992690755,44.40123882732435,44.725337982177734,665500,-0.026223197306650726
2006-11-03,44.96198201087971,45.06486826982827,43.88166059248305,44.401241302490234,949900,-0.0072727599516464346
2006-11-06,44.601872207247936,45.23977957159774,44.51956398514876,45.16261291503906,546700,0.017002170354567143
2006-11-07,45.167770955972536,45.35811098019897,44.75621795654297,44.75621795654297,592400,-0.009039212847298294
2006-11-08,44.73563663605499,44.82309036644595,44.092587574603776,44.76136016845703,653100,0.00011488719930610634
2006-11-09,44.88995069925312,45.0494255420389,44.45267831025906,44.483543395996094,454300,-0.006225961568058102
2006-11-10,44.58645531776371,44.853965964457515,44.2880795675516,44.751075744628906,281600,0.005996173968860995
2006-11-13,44.73051887796777,45.05975988757468,44.689366695413725,44.91057586669922,362800,0.0035578262825100952
2006-11-14,44.78192606568421,45.399251427330405,44.77163508557005,45.3426628112793,749900,0.009575063501649399
2006-11-15,45.3478225975544,45.73365205143343,45.20892179623625,45.50729751586914,676600,0.0036243248585554637
2006-11-16,45.476415409001795,45.84166668443347,45.172894311195435,45.73363494873047,749500,0.0049613236300179615
2006-11-17,45.65649002586121,45.92399674752479,45.62047943015918,45.862266540527344,529100,0.0028086775557957574
2006-11-20,46.85513231583192,49.566225695835286,46.813976229927036,48.305850982666016,1395700,0.05190999243276117
2006-11-21,48.2286856247264,49.2884293542317,48.18752953769345,48.907745361328125,746600,0.012383084106020011
2006-11-22,48.82028544766808,49.35015724542891,48.65051955376607,49.12894821166992,434100,0.004512661895525041
2006-11-24,48.8717402245904,49.59710162133072,48.861453164113506,49.47877883911133,146000,0.0070954296502303855
2006-11-27,49.473617926198116,49.70511792581264,48.511619114582615,48.64537048339844,902300,-0.01698722286944602
2006-11-28,48.64536838616754,48.79970171259016,48.3058405628411,48.66080093383789,737500,0.00031715255762416203
2006-11-29,48.64536911525875,49.442751438960855,48.38300795121139,49.118656158447266,576300,0.009365128107544182
2006-11-30,49.12893904741287,49.63823270925792,48.88715201784079,49.53020095825195,549400,0.008343678768768447
2006-12-01,49.483919547393135,49.741139207916255,48.583650735562216,49.087799072265625,542700,-0.008972091374123303
2006-12-04,49.54565430792451,50.41505809635801,49.45305506463064,50.276161193847656,521300,0.023920519714811204
2006-12-05,50.14754099319172,50.22984923419513,49.58165466503037,49.59194564819336,872600,-0.01370259781660355
2006-12-06,49.36045182179452,49.669118557670934,48.67110500802119,49.09294509887695,565300,-0.010113094283394061
2006-12-07,49.206112966668336,49.28327963587715,48.578496480231074,48.799705505371094,519000,-0.005991062021409211
2006-12-08,48.76884706011671,49.25756282367113,48.69168038038171,48.964332580566406,292900,0.0033678484241031117
2006-12-11,48.8460123419661,49.38617520319528,48.68653740716117,49.33473205566406,442800,0.007536210634765095
2006-12-12,50.363601134213596,50.404757214361155,49.55593170440197,49.699974060058594,774700,0.007376073998277852
2006-12-13,49.953367979722785,50.05162120976973,49.306973456317266,49.6689567565918,569200,-0.0006242857645595264
2006-12-14,49.67411770939753,50.42393761257582,49.67411770939753,50.21709060668945,596400,0.010975293682601616
2006-12-15,50.29465635856633,50.53252902328622,49.46727231926273,49.725830078125,895400,-0.009830901113307018
2006-12-18,49.953362928480736,49.96887576422917,49.550013417906705,49.69480514526367,750800,-0.0006241145773950304
2006-12-19,49.46211124509289,49.57587731596462,48.955336187194966,49.33283233642578,946600,-0.007310573697657472
2006-12-20,49.46211016065373,50.03093655726187,49.338003515732474,49.829261779785156,456700,0.010012567707324076
2006-12-21,49.880967215002215,50.21192086289432,49.265598426603454,49.38453674316406,424900,-0.008965043610028575
2006-12-22,49.513822817134354,49.513822817134354,48.66575347823868,48.67609405517578,610100,-0.01444932605630179
2006-12-26,48.61404044288043,49.32248631587371,48.61404044288043,49.043243408203125,301600,0.007514399712151119
2006-12-27,49.301793754566035,50.098152160644524,49.234570154578066,50.09815216064453,1135600,0.021281696934692593
2006-12-28,50.20160502589379,50.496360887087974,49.86030668910019,50.418792724609375,432300,0.006379852708484171
2006-12-29,50.51187373052757,50.7032080052707,50.330883981597914,50.418792724609375,442000,0.0
2007-01-03,50.847970143667254,51.39093907373041,50.6980061690941,51.28751754760742,948300,0.017083422812197494
2007-01-04,51.013447608208956,51.194437253889255,50.59975360784395,50.90485382080078,834400,-0.0074891209630837735
2007-01-05,50.72903463381712,50.72903463381712,49.93267621388804,50.186065673828125,742300,-0.014220866999443003
2007-01-08,49.66895256301226,50.496336694058975,49.6534357817262,50.36705780029297,583600,0.0035999343566040305
2007-01-09,50.65148620589951,51.35993620470055,50.37741548925738,51.09103775024414,737800,0.014271749031047134
2007-01-10,51.03929589170834,52.39413985882632,50.8169360792668,52.254520416259766,1130300,0.022517306911066345
2007-01-11,51.94426625576579,53.37150657618818,51.94426625576579,52.91127395629883,966500,0.012490032177871688
2007-01-12,52.86990268627432,53.44390137051909,52.657887322382436,53.25257110595703,644500,0.0064296526795589596
2007-01-16,53.34048317945885,54.519506298578825,53.34048317945885,54.22475051879883,640600,0.01809136874646764
2007-01-17,54.05927914356382,54.41609026144263,53.50596546765549,54.007568359375,589100,-0.00401326430357873
2007-01-18,54.1161542792007,54.18337789429162,53.573181261388505,53.69211959838867,421200,-0.005857949433921537
2007-01-19,53.38184279956223,54.5608656849804,53.268076741271216,53.84207534790039,751900,0.002788989061361813
2007-01-22,53.743810042517275,53.82137815075601,52.91642609361914,53.05604553222656,800600,-0.014706413469881257
2007-01-23,53.13359779408024,53.474895790431965,52.7819592275103,53.28356170654297,763600,0.004279055140069208
2007-01-24,53.3456489696476,53.90413083786974,53.164655347385484,53.883445739746094,672900,0.011195428764038326
2007-01-25,54.1471877178871,54.88666337100523,53.70246787361858,54.24026870727539,1004200,0.0066002960541420375
2007-01-26,54.2402408665192,54.7987265161861,53.84723200801903,54.6953010559082,875700,0.00835420416149949
2007-01-29,54.684949688170725,55.1141563867269,54.22988958860675,54.819400787353516,638700,0.0022663584427513052
2007-01-30,55.19690482552441,55.6416244506836,54.715987274841936,55.641624450683594,591200,0.014887402097035353
2007-01-31,55.69335556656423,56.57762682594398,55.37791469515494,56.24150085449219,697000,0.010723371384409281
2007-02-01,56.23635085774738,56.587989807128906,55.84851395528016,56.587989807128906,620700,0.006141834724168887
2007-02-02,56.77929541440033,56.83100618621547,56.350088512304595,56.686214447021484,725000,0.001734281254214556
2007-02-05,56.65000922273264,57.05852702920114,56.65000922273264,57.00164794921875,551700,0.005549129079791055
2007-02-06,57.19297638382258,57.86005588576425,56.929246360897196,57.761802673339844,956800,0.013247525009618576
2007-02-07,57.813521856540014,60.16639531465769,57.46188311385113,59.60274124145508,1643700,0.031373863181713604
2007-02-08,59.46830303909838,60.585274798610406,59.38556263678807,59.61826705932617,1355900,0.000260454397763409
2007-02-09,59.494155597054714,59.773394569104966,56.49488332524577,58.12379837036133,2222300,-0.025386830899780034
2007-02-12,58.294445765227714,58.294445765227714,56.10704494969913,56.58279037475586,1504800,-0.026870308504413687
2007-02-13,56.72757147762315,57.48773193012502,56.003612899315044,57.33259963989258,1226800,0.013164509093515022
2007-02-14,58.201379541133505,58.201379541133505,56.753453855545146,57.04303741455078,899700,-0.0050633657908371625
2007-02-15,57.26537191098406,58.118613312969494,56.99130131504509,57.720436096191406,566600,0.011805263957193671
2007-02-16,57.5549570284432,58.17549405357,57.053354359581235,57.89107894897461,856100,0.002952006582329588
2007-02-20,57.89106762289293,58.434040372607775,57.14125186878902,58.320274353027344,790700,0.007386496125824445
2007-02-21,58.08759702122653,58.27375895517672,57.36880664386069,57.5808219909668,619500,-0.012760231243895869
2007-02-22,57.63253780792535,57.658395168623905,56.72241710147016,56.8516960144043,1009800,-0.012743507816959088
2007-02-23,56.48971955132764,56.665540945815664,54.58673356402082,55.00559997558594,1884200,-0.033011055111175934
2007-02-26,55.09863798433367,56.313858176551186,54.043722276093376,54.99521255493164,1413500,-0.00018886079922891697
2007-02-27,54.778045015509456,55.207251826927234,52.74578094482422,52.74578094482422,1345000,-0.041762349919296365
2007-02-28,53.769680474893036,54.338506831565944,52.192476356352,52.36829376220703,2939600,-0.007182459751022966
2007-03-01,51.34957206413305,52.776808040666836,50.279143109093575,51.98044967651367,1686900,-0.007433647189297418
2007-03-02,51.71155249508459,51.94942516312857,50.50667237508231,50.511844635009766,1606600,-0.02865982412114777
2007-03-05,49.912008750703976,50.51703715596872,48.841579342546275,48.91914749145508,1212000,-0.03203897192533996
2007-03-06,49.38455922075994,50.77042973157259,49.38455922075994,50.594608306884766,1328100,0.03367613133411602
2007-03-07,50.506662437078944,50.57905828070474,49.32763990342732,49.787872314453125,1191100,-0.01607358886543979
2007-03-08,50.20672499674708,51.25130016231561,50.20672499674708,50.50665283203125,981700,0.014333640301939314
2007-03-09,50.64629540603261,51.33405605077927,50.548042194520946,51.28751754760742,829100,0.01534233305763298
2007-03-12,51.1840946673616,51.504703757027826,50.53252802324529,51.03929901123047,1329700,-0.004851495074003423
2007-03-13,50.493576794744975,50.77424151187469,49.272168389630764,49.32414245605469,1367300,-0.03418223866298083
2007-03-14,49.42808437229624,49.97902051012609,48.62767116086162,49.76072311401367,1461100,0.008812314186118015
2007-03-15,49.62559076970479,50.73265369725379,49.62559076970479,50.659889221191406,1202900,0.01790847750018744
2007-03-16,50.65468010469099,50.78461720858114,49.68794773451904,49.78670120239258,1334000,-0.01738655362024756
2007-03-19,50.29086100107229,50.467573570235494,49.86986206122198,50.23368835449219,803900,0.008937980141836319
2007-03-20,49.318932734174126,49.843879806979736,49.08504750534398,49.776309967041016,1440300,-0.009146717006405576
2007-03-21,49.89588587692903,51.01854521253693,49.402126092419415,50.826236724853516,1324900,0.0208735248461539
2007-03-22,50.82621102305857,51.01851941349549,50.358436536432784,50.56113815307617,683700,-0.005229431696655015
2007-03-23,50.62349257304254,51.1796231762818,50.493555479151446,50.66507339477539,637700,0.0020535250037358654
2007-03-26,50.71705794020774,50.71705794020774,49.33452507157818,49.80229949951172,957300,-0.017175627874397685
2007-03-27,49.48006566195422,49.677572669897174,48.72643177005753,48.99150466918945,859600,-0.016414248672153534
2007-03-28,48.7004331819214,49.381306417817385,48.04035432737155,48.73162078857422,1176900,-0.005318792088649584
2007-03-29,49.18381018086659,49.506055750818824,48.622484688394685,48.79399871826172,821300,0.001279211319222573
2007-03-30,48.79398426753451,49.438475216567866,48.68483756617389,49.204586029052734,1245800,0.008379502914914105
2007-04-02,49.33454008163737,50.04139855105095,48.93433537258888,49.93745040893555,770600,0.01478439933646998
2007-04-03,50.20771826033102,50.71707367664899,50.056990677597824,50.7066764831543,1113700,0.015286357522176833
2007-04-04,50.7066686217316,50.7534480544702,50.07777333529923,50.592323303222656,1092000,-0.0022577365768244053
2007-04-05,50.51954209977759,50.70665183806581,50.12973080590472,50.22328567504883,557700,-0.007321074191247002
2007-04-09,50.155728920157834,50.20770297570651,49.80749838607884,49.98421096801758,566600,-0.004771602298195656
2007-04-10,50.15574001376608,50.41041571804095,49.885472485914576,50.20771408081055,589900,0.004461506921251936
2007-04-11,49.32932106704441,50.17650950608939,48.92911259044959,49.04865646362305,730000,-0.02335588736388813
2007-04-12,48.85636970705657,48.91354237181549,48.22747436007576,48.54452133178711,831400,-0.01033145200211883
2007-04-13,48.44056969368502,48.92393606786027,48.253459873658,48.84077835083008,745800,0.0060842433901602405
2007-04-16,49.16819226112619,49.370893796868835,48.47692601597042,48.59646987915039,933100,-0.0050146938278620165
2007-04-17,48.596478535130935,50.192106067455896,48.51851547702814,50.06736755371094,1825100,0.0298185576025541
2007-04-18,49.178615275700274,50.301270219755004,49.173416679258345,49.98942184448242,1078500,-0.0015580297042272898
2007-04-19,49.89586347517236,49.97902515100712,49.407298543060534,49.698360443115234,734700,-0.005839476448859165
2007-04-20,50.207696780626314,50.26486942428525,49.59439348394786,49.745121002197266,728200,0.0009404450014986349
2007-04-23,49.73993394979001,50.717063747891785,49.71914749760489,50.46758270263672,527700,0.014418814989904206
2007-04-24,50.66508413848764,50.691069183556834,49.68795444738892,49.91664505004883,451600,-0.010976688204464539
2007-04-25,50.27006592146641,51.642201381301895,49.589196785855066,50.02578353881836,533900,0.002184028018787466
2007-04-26,49.921863351838816,50.20252415542782,49.58922450686061,49.807518005371094,384800,-0.0043726066920594135
2007-04-27,49.66196247547227,49.7815023899229,49.42807331027486,49.5372200012207,493100,-0.005441630358371974
2007-04-30,48.65884816916621,49.63597376443174,48.502922058105476,48.50292205810547,758000,-0.021100261492304224
2007-05-01,48.62246634507276,48.66924179956254,47.18795959356631,47.603755950927734,1103400,-0.01871238009278068
2007-05-02,47.655750594488175,47.81687139221839,47.15159381600279,47.63496017456055,1003600,0.0006552844477298325
2007-05-03,47.894814142532894,48.10271428818096,47.3438781617607,47.65053176879883,676400,0.00032684082454349886
2007-05-04,47.608957519996274,47.624549339133694,46.40833986202267,46.72018814086914,1185000,-0.019717424429141796
2007-05-07,46.72019130038302,47.115201261830144,46.72019130038302,46.964473724365234,863300,0.005215072185449424
2007-05-08,46.725386468888814,47.120396401367266,46.71498927927924,46.80854415893555,732500,-0.003325683926287817
2007-05-09,46.647448009141684,46.88133334894558,46.13289788235227,46.68383026123047,1205600,-0.002667896124175521
2007-05-10,46.548678348508886,46.63703861469944,45.66510740953694,45.68589782714844,966200,-0.021608188818363166
2007-05-11,46.20045484230239,46.20045484230239,45.52997864190217,45.72748565673828,1291900,0.000909884983446685
2007-05-14,45.73786891919224,46.47591085233671,45.73786891919224,46.23162841796875,1130700,0.010964607849338349
2007-05-15,46.335594575134465,46.735799304990614,45.56636480123697,45.59235382080078,1238500,-0.013924138556873205
2007-05-16,45.81582864833074,45.836619063076675,44.63599739503784,44.79192352294922,929500,-0.0177121784289609
2007-05-17,44.55806467706452,44.56845790790772,43.11315973701231,43.52376174926758,1499100,-0.028720808597624523
2007-05-18,43.518533021655244,43.58090028858942,42.75450227878839,43.232669830322266,1288700,-0.006710580553229633
2007-05-21,43.08715963217913,44.57883557285121,43.08715963217913,43.975929260253906,1558600,0.017045966445781352
2007-05-22,44.105866857639505,44.37093975601218,43.59651148090056,44.204620361328125,1927900,0.005186894724029249
2007-05-23,44.52687255512697,44.708783816767784,43.73685623370055,43.8148193359375,1240800,-0.008857215521045252
2007-05-24,44.07466307299057,44.07466307299057,42.26073841852791,42.666141510009766,1413500,-0.026566434344516856
2007-05-25,43.5549304365216,43.5549304365216,42.55181556810712,42.9156379699707,1232700,0.005830614140096196
2007-05-29,43.69525630354873,44.51126129118835,43.23787905037759,44.2202033996582,1055500,0.02994549418291256
2007-05-30,44.99982826879436,46.51749301086881,43.96552584846084,46.465518951416016,1973800,0.04952873445933002
2007-05-31,46.63703811029168,47.894828621933485,46.30439539747209,46.517494201660156,1542700,0.001117951632130271
2007-06-01,46.439532045208445,46.81375163482731,45.789846359166454,46.38755798339844,785500,-0.0027971848661993834
2007-06-04,46.50710152929562,47.1204049707193,46.2940027225707,46.61104965209961,710600,0.004806353656771219
2007-06-05,46.64743243972575,47.13079875064064,45.76905611985422,45.84701919555664,1542200,-0.01652744552510624
2007-06-06,45.37404341135349,45.628719053563586,44.641196158910816,45.24410629272461,1695200,-0.013237770508171518
2007-06-07,45.244112091184206,45.244112091184206,42.593391359147134,43.58611297607422,1405700,-0.037333824091450855
2007-06-08,43.64846897359077,44.012291239078145,43.211878289640616,43.78879928588867,895700,0.004639470716032307
2007-06-11,43.44057200228335,43.658865377483025,42.868849558270384,42.88444137573242,890900,-0.020868972354691793
2007-06-12,42.567412024664314,43.003998954432575,42.18799379395571,42.26595687866211,990800,-0.01452712815584563
2007-06-13,42.42806386116775,43.46353423855354,42.26594631330517,43.20728302001953,1334200,0.022027109364591013
2007-06-14,43.20728570202192,43.45307542246138,42.668629448139335,42.79414367675781,772900,-0.009607806223629913
2007-06-15,43.22298442624605,43.71979873405942,43.1968346248245,43.43217086791992,1146500,0.014799167500122019
2007-06-18,43.22823033285112,43.562927160856326,43.139323370802146,43.222999572753906,1166300,-0.004827679649262973
2007-06-19,43.222981257448566,43.332803233548596,42.63726006168248,43.243900299072266,940000,0.00048343879002037555
2007-06-20,43.24389553348753,43.24389553348753,42.01492691040038,42.01492691040039,1202300,-0.028831232112865757
2007-06-21,41.79004874790137,41.83711358553403,40.65521400957123,41.5651741027832,1574400,-0.010762302109922114
2007-06-22,41.3664511341342,41.65931368395281,40.864406178600554,41.34030532836914,1359400,-0.0054247156497080635
2007-06-25,41.01608792781186,41.601809347605965,40.32577524979416,40.587257385253906,1821000,-0.01838378017371414
2007-06-26,40.71274924299562,40.88009757425531,40.21593500672749,40.55586242675781,1044000,-0.0007738169332265128
2007-06-27,40.555858912386775,41.81096929312329,38.845764435300595,41.63316345214844,1606500,0.026216705137505788
2007-06-28,41.612262272229465,42.04109276732865,40.853965759277344,40.853965759277344,1121200,-0.018893150437912818
2007-06-29,40.979460209303596,41.39783301394214,39.912613148384196,40.174095153808594,1564100,-0.016781508852808543
2007-07-02,40.268233646237775,41.4030647277832,39.72435053118899,41.4030647277832,1320600,0.030132516580919484
2007-07-03,41.277548378813435,41.68022890032375,41.13111909826423,41.44489669799805,826100,0.0010098491996648287
2007-07-05,41.94172593993261,42.94058944602673,41.837134699144784,41.99925231933594,1001700,0.013287061672146555
2007-07-06,41.99923929373056,42.26072130450442,41.62793531721953,42.0881462097168,716100,0.0021143221232078607
2007-07-09,42.17703866302393,42.286860601491725,41.633155736875416,42.187496185302734,789700,0.002357739882743605
2007-07-10,41.45536398367305,41.66455042938467,40.147953685349954,40.22117233276367,1233700,-0.04773034628551573
2007-07-11,39.975371586932674,40.15840819879797,39.384419681611845,40.03289794921875,831400,-0.004691967106000708
2007-07-12,39.9283017286354,40.59246826171875,39.65636219651778,40.59246826171875,936600,0.013880973784551939
2007-07-13,40.52969820537265,41.204322047836875,40.0171918789627,41.18340301513672,869900,0.014452797152121201
2007-07-16,41.1311074283351,41.753431694100186,41.06311957458522,41.18340301513672,990600,0.0
2007-07-17,41.314159001873534,41.418750213513626,40.40942946058076,40.765045166015625,1009800,-0.010210357680543864
2007-07-18,40.04859321580912,40.2943869902778,39.35304997952533,40.22117233276367,1104100,-0.013431446150128515
2007-07-19,40.4565013075653,41.01607271024388,40.32052953040155,40.848724365234375,720400,0.015482061604410676
2007-07-20,40.268230836181246,40.63430406600513,39.48378478093096,39.8184814453125,1137200,-0.025544431097144556
2007-07-23,40.10087711970257,40.262994672586,39.117706298828125,39.117706298828125,656700,-0.017755951427417323
2007-07-24,39.091562916851935,39.849859196871364,38.28096703967329,38.495384216308594,1392800,-0.016036867383815146
2007-07-25,38.49015140543844,38.95036230053633,37.2977940679555,37.8782844543457,1206300,-0.016160365284533816
2007-07-26,37.00493558598437,37.72662450528727,35.995614856507004,37.010162353515625,2019700,-0.023185445200584635
2007-07-27,36.12635688931533,37.63249189017535,36.12635688931533,36.450592041015625,1782400,-0.01523483226106287
2007-07-30,36.529046849919624,37.3657887324928,36.38784827813229,37.04155349731445,1120400,0.016082649096053624
2007-07-31,37.444225484061135,38.20252575661734,36.60748379529144,36.65454864501953,1222900,-0.01050281897019294
2007-08-01,36.63886787784224,38.192072075877846,36.42968540516263,37.75801086425781,1615600,0.02966013050625435
2007-08-02,37.9044200802846,39.06539642911435,37.65862644227874,38.81960678100586,1432700,0.027727786893944874
2007-08-03,38.516297891086964,39.42102334134767,37.475600688974325,37.611568450927734,1839800,-0.031613773758802054
2007-08-06,37.91489067566395,38.41170488855797,36.7068450909035,38.38555908203125,1564400,0.020369648649302408
2007-08-07,38.945129844888456,39.17000452521486,37.36577632541501,38.54767608642578,1528800,0.004214491799256041
2007-08-08,38.54243658414691,40.74411804285868,38.54243658414691,40.268218994140625,1535500,0.04366673217807252
2007-08-09,37.84166036794826,41.49194540751854,37.44943752333013,39.65634536743164,1751500,-0.015311577504254697
2007-08-10,39.24846319328958,39.34259690501775,37.30303581084073,37.43377685546875,1629600,-0.057677548437539056
2007-08-13,37.914892489395456,38.12407890110984,36.889883460883816,36.926490783691406,1018400,-0.013644220435391622
2007-08-14,36.74868900797658,37.208900012799056,36.17342924184831,36.3983039855957,1472100,-0.014407021136476801
2007-08-15,36.131568971061206,37.71615272184005,36.10542317359261,36.21001434326172,1431200,-0.005186459864106942
2007-08-16,36.48718529989482,38.396004110664784,35.60860589057618,38.076995849609375,1989700,0.05027459641644245
2007-08-17,40.785973199770375,41.44490915011771,38.8510074284693,39.311214447021484,2387200,0.031899516748106815
2007-08-20,39.19615587474659,40.0851971973079,38.809163575930086,39.66682434082031,1132900,0.009005346358886382
2007-08-21,39.546542058444146,39.938765087623736,39.14385751414301,39.923072814941406,939200,0.006439243388888798
2007-08-22,40.26823213932932,41.20433827434318,40.090426276203324,40.493106842041016,994600,0.014177335392428603
2007-08-23,40.54540720067544,40.64477165930092,39.24845842971973,39.59361267089844,812800,-0.022463949134128004
2007-08-24,39.421017324131974,39.73479885587914,38.861446111033146,39.41579055786133,622700,-0.004501297466328878
2007-08-27,39.311206861283885,39.47332843065906,38.495384216308594,38.495384216308594,550000,-0.02362816797423455
2007-08-28,38.35417477200685,38.411701126589875,36.80620193481445,36.80620193481445,854700,-0.04487198180830046
2007-08-29,37.02585869421329,38.37510299682617,36.900344441491704,38.37510299682617,782400,0.041742528047633363
2007-08-30,37.98810547936575,38.68887932958209,37.70570443434413,38.490150451660156,600600,0.002993486278488178
2007-08-31,38.997402398999874,40.18975897978768,38.83528493105482,39.63018798828125,875500,0.0291887746376573
2007-09-04,39.69297551933857,41.12589601924872,39.410574429884846,40.62908172607422,996600,0.024892958083726192
2007-09-05,40.18455657956824,40.25777521890196,39.180466538837656,39.43672180175781,797400,-0.02978670119681076
2007-09-06,39.56221539985953,40.25252751091111,38.91896811938313,40.15839385986328,660600,0.018134073391207883
2007-09-07,39.53606467317904,39.546526184101246,38.76730720618961,38.81960678100586,939300,-0.03390603265372319
2007-09-10,38.94071373216803,39.109196921253776,37.8929590255709,38.27730941772461,634500,-0.014068171179469674
2007-09-11,38.37208989401121,38.877539572329155,38.208872898490185,38.54057312011719,809000,0.006854256441075811
2007-09-12,38.50372201763624,38.96178772483014,37.9982722805382,38.81436538696289,792600,0.007078886376336185
2007-09-13,39.1039349518734,40.615021605793686,39.01442912662983,40.25172805786133,960000,0.03636251601890997
2007-09-14,39.909488344445336,40.45705560381442,39.377711736781734,40.3254280090332,778500,0.0018293018845889843
2007-09-17,40.22540953371931,40.757186349797514,39.84105503886112,40.51498794555664,595800,0.0046897404401351536
2007-09-18,40.80456220416164,41.84178849258041,40.42020778626173,41.56800079345703,1124700,0.025658681194094497
2007-09-19,41.910246199821046,42.700012160936865,41.689112694778395,41.999752044677734,1113600,0.010333054991433771
2007-09-20,42.07871481226963,42.09450948328653,41.05202102661133,41.05202102661133,818800,-0.0228236465898893
2007-09-21,41.552219426521425,41.75229604385703,40.86775799346518,40.894081115722656,1151200,-0.0038547313985181175
2007-09-24,41.015163002063034,42.284051040316626,41.015163002063034,42.047122955322266,891700,0.02780562788700718
2007-09-25,41.694378686289994,41.831268559887285,41.15733558632182,41.24684143066406,782500,-0.019216425995280426
2007-09-26,41.43110962019562,41.65750927997096,40.878272027245856,41.15732192993164,824400,-0.002172694492538621
2007-09-27,41.331068380013875,41.920761502367824,41.073079396402164,41.42057418823242,437600,0.006375874476856298
2007-09-28,41.42058932746043,41.48377204768457,40.604500280257476,41.41006088256836,817200,-0.0002538506607255853
2007-10-01,41.41005124557078,42.59996608931823,41.41005124557078,42.59469985961914,759600,0.028205961299388436
2007-10-02,42.552575896432124,43.70036887824995,42.552575896432124,43.674041748046875,771900,0.025024086171236082
2007-10-03,43.479250138720204,43.926783384716614,43.17387299977397,43.5582275390625,784100,-0.0026553081325997262
2007-10-04,43.90572006101652,44.14791446297124,43.35288230599653,44.02155303955078,907600,0.010580748660170626
2007-10-05,44.17422573009272,45.0587634101614,44.10051459149998,44.99031448364258,1011700,0.021767877114492944
2007-10-08,44.100529785914496,44.29533614061864,43.57401917630171,43.76882553100586,487400,-0.027525414803777574
2007-10-09,44.068935970526006,44.279541015625,43.06856903598076,44.279541015625,708300,0.011600924182309227
2007-10-10,44.279540708001875,44.36378433223906,43.66352426935659,44.1637077331543,553300,-0.0026193824930376133
2007-10-11,44.205810282427926,44.679670419883024,43.42657718257317,43.56873321533203,664900,-0.013563594785959213
2007-10-12,43.77938016346612,43.83203044769914,43.137036251729306,43.5161247253418,717000,-0.0012082122571938695
2007-10-15,43.674039828772884,43.71616162846429,42.363029944785964,42.4893913269043,555900,-0.023877123816126042
2007-10-16,42.4946656393009,42.4946656393009,41.36266716324358,41.404788970947266,739500,-0.0258578791655018
2007-10-17,41.73648091994104,41.7838689484814,40.109565584246496,41.236297607421875,612900,-0.004077671385165985
2007-10-18,40.962532520625714,41.7312376315755,40.178028715027665,41.13101577758789,463000,-0.002556399689234976
2007-10-19,40.96252699188733,40.978321667446075,39.741022539539365,39.84105682373047,1205000,-0.03186451962907103
2007-10-22,39.54620588225304,40.388621919461315,39.20397323736816,40.30438232421875,1127700,0.011562246512408817
2007-10-23,40.47286327409811,41.0256968847308,40.21487023884655,40.78876876831055,640500,0.01194656265137191
2007-10-24,40.52551396862738,41.00990266624216,39.52514321175765,40.915130615234375,821200,0.0030931681015581923
2007-10-25,40.841399177612146,41.441620530171626,40.23064938770703,41.07832717895508,863000,0.003980726843692321
2007-10-26,41.42057563459149,41.87337493745106,40.67819799792093,41.32054138183594,655800,0.005879083166092572
2007-10-29,41.436377957263325,41.81546618938062,40.78350601137056,41.26789474487305,923800,-0.0012749156313639405
2007-10-30,41.61539665580921,42.15770190959139,41.27843020652791,41.67331314086914,553400,0.009776120585432736
2007-10-31,41.778597760620634,42.63154602050781,41.39950964511523,42.63154602050781,1156900,0.022733544847461745
2007-11-01,42.12085270685806,42.173502969350125,40.14117150488762,40.49919891357422,1356700,-0.05131230213616621
2007-11-02,40.346506722744984,40.541317095150944,39.061823561910046,39.893707275390625,1466600,-0.015063594943435654
2007-11-05,39.09339575982547,39.883161330731035,39.01441839934383,39.24081802368164,1077800,-0.016501117902870847
2007-11-06,39.2724261126551,39.45144181635252,38.308914708984766,39.10394287109375,839900,-0.0034941785586402405
2007-11-07,38.91965759467875,38.91965759467875,37.31906509399414,37.31906509399414,1131300,-0.04671897800678264
2007-11-08,37.64549910769482,38.30890343350122,37.19269977609193,37.88242721557617,1165200,0.014983018112443467
2007-11-09,37.008424896259264,40.393887697191666,37.008424896259264,39.53041076660156,2106800,0.04258292581114235
2007-11-12,39.6778199083959,41.025685105757155,39.5672532180144,40.120086669921875,1512200,0.014806854841669206
2007-11-13,40.557116306198786,41.61540387865967,40.37810460636714,41.49430465698242,1258100,0.03367905727897601
2007-11-14,41.536406223065136,42.04185573827529,40.425468928597645,40.60448455810547,1011200,-0.021677663033677637
2007-11-15,40.07271269427468,41.03622783049552,39.68309606634917,40.293846130371094,1179400,-0.007679761790991019
2007-11-16,40.646596955778776,40.73084053896918,39.19343129834052,39.588314056396484,1318100,-0.017664780688917178
2007-11-19,39.43037733778729,39.97268259691579,39.03022816896203,39.19871139526367,1071200,-0.009890101437738871
2007-11-20,39.125001325444174,40.2043496601544,38.15622375144387,38.94072341918945,1761900,-0.006603296123605965
2007-11-21,38.43527854641249,39.46197273641719,38.177289445301135,39.340877532958984,1346600,0.010223541528669637
2007-11-23,39.56727014553245,40.40968625428246,39.55147547114289,40.14643096923828,467100,0.020269424927785044
2007-11-26,39.030222011587625,39.725215712559894,37.66656174148814,37.82451248168945,1356400,-0.05957617321326166
2007-11-27,37.94561518616971,38.99337005615234,37.76660352726955,38.993370056152344,2132800,0.030434262312172417
2007-11-28,39.08813972634772,40.314910197193306,39.08813972634772,40.114837646484375,1630800,0.02835464887718805
2007-11-29,39.90424190237919,40.55184774032233,39.135536849730045,40.014808654785156,1090800,-0.0024966800248506634
2007-11-30,40.41492967636181,41.48374488773685,40.41492967636181,40.72030258178711,1662800,0.01747720103471451
2007-12-03,40.39916361030034,40.66768114738654,39.85685427100821,40.141170501708984,1001400,-0.014324299581034258
2007-12-04,39.98318931045967,40.41492755089458,39.11971282958984,39.119712829589844,877300,-0.025775999041307222
2007-12-05,39.41457613294008,40.83615286827986,39.41457613294008,40.83089065551758,1050500,0.04281241446337424
2007-12-06,40.76769563060865,42.289310186019634,40.435995563783955,42.215599060058594,950100,0.03335087986653555
2007-12-07,41.9523536314267,42.64208104889586,41.56799922800162,41.71015930175781,947900,-0.012045071240970134
2007-12-10,41.710169164582,43.073829650878906,41.65751890950095,43.073829650878906,721400,0.03217088454134393
2007-12-11,43.43935436882051,43.96910259283052,40.636985778808594,40.636985778808594,1378600,-0.058236980321996694
2007-12-12,41.6329126221838,42.883118803345006,40.186702177092194,40.76412582397461,1370000,0.003123793915085534
2007-12-13,40.562831653945096,41.02371418089726,39.641070641700004,40.546939849853516,919800,-0.00534211398728449
2007-12-14,40.133717693761376,40.49394656797025,38.67161178765978,38.676910400390625,1055300,-0.047217520118772206
2007-12-17,38.43321538100989,39.22783730584133,37.977631820774036,38.671600341796875,1313400,-0.00013730215491259052
2007-12-18,39.08482436619795,39.84236450846058,38.369665052987656,39.47154235839844,1155200,0.020474476292698284
2007-12-19,39.55630072584568,40.0330749575905,39.06893330746582,39.84236526489258,927700,0.009350834414963101
2007-12-20,40.05956199479834,40.16021140863107,39.09542039261332,39.99599075317383,709000,0.0038484178669709766
2007-12-21,40.26085531078879,40.99190622854073,40.22377310572146,40.78001022338867,964300,0.01941279792261721
2007-12-24,40.790617098571545,42.27391388245576,40.790617098571545,42.23153305053711,374100,0.03497515484889949
2007-12-26,41.850107759425974,41.91897357036232,41.034295047217945,41.1031608581543,719900,-0.02708214562184998
2007-12-27,40.859498911258044,41.140269001366235,39.57220993991964,39.71524429321289,858500,-0.03434992384597401
2007-12-28,40.18668870950922,40.38269694941064,38.39614169699615,38.756370544433594,1149900,-0.024439957789853483
2007-12-31,38.555065320936585,39.30730663829795,38.555065320936585,38.88880920410156,923400,0.0034113846741104987
2008-01-02,38.96827615448243,39.789387478107436,38.671618456910664,39.222557067871094,1067100,0.008545488594073228
2008-01-03,39.53510078856258,39.672836431593744,38.22132771269702,38.44382095336914,1348700,-0.020054037087780637
2008-01-04,38.1577542194063,38.1577542194063,37.034690856933594,37.034690856933594,1579100,-0.03734291550552711
2008-01-07,37.29428188300273,37.4638011807667,36.298352472187915,37.040000915527344,1258400,0.00014337038672154075
2008-01-08,37.07706229170655,38.21072271599529,35.217649676395254,35.37657165527344,1516500,-0.04594865110112683
2008-01-09,35.51431335628252,36.93933704853519,34.783262428188884,36.80160140991211,2517200,0.039491577407652814
2008-01-10,36.45196519072938,38.60803977968252,36.30363637052145,37.99883270263672,1785900,0.0320140801011369
2008-01-11,37.7127691693753,38.65042154388495,36.600294907257556,38.06769943237305,1638700,0.001810697730502122
2008-01-14,38.300801287884035,38.830549554429275,37.230707526133884,38.69811248779297,1392700,0.01642468728764768
2008-01-15,37.956456153941424,38.70869756483354,37.453192981168314,38.020023345947266,1550800,-0.01767787481710516
2008-01-16,37.95645868528222,39.12190308856728,37.876995648317795,38.242523193359375,1747400,0.005835117992407065
2008-01-17,38.50208619683414,39.04242739808518,37.83460256098328,38.15774917602539,1846500,-0.0022192081126613306
2008-01-18,38.231932685940784,39.00007012272913,37.421418458093406,38.152469635009766,2126900,-0.00013837048579622618
2008-01-22,36.56851981095485,39.68873657432916,36.13942503633427,39.4344596862793,2485400,0.033049554883254395
2008-01-23,38.76167070248122,43.13209288777509,38.44912123771039,42.61823654174805,2756600,0.07764220412518001
2008-01-24,42.713599733553814,42.713599733553814,40.58931217143959,41.73356628417969,1818400,-0.02097649763473145
2008-01-25,42.05671653645923,42.30040026553631,40.48336346412836,40.74823760986328,1923600,-0.023893161957696564
2008-01-28,41.214433298874866,42.34279610458555,40.033092411915476,42.326904296875,1055800,0.03801032934066491
2008-01-29,42.43282510669374,42.469907314740944,41.495172679410146,41.65409469604492,1101700,-0.01602324344413702
2008-01-30,41.802432501761515,42.60764798935371,40.63698403398524,40.81180191040039,1324900,-0.02042837371883516
2008-01-31,40.811790136276166,41.99312602095388,39.392065204809484,41.40510940551758,2037700,0.014432986716807207
2008-02-01,41.60643090237031,43.0950222939493,41.05549219946872,42.946693420410156,2513900,0.03655536993902693
2008-02-04,42.81425607861016,42.93080134755791,41.7441663250746,42.6076545715332,937100,-0.007925736835706782
2008-02-05,41.65940235091456,42.48580833342091,40.8329963684082,40.8329963684082,1256200,-0.04254343283134905
2008-02-06,41.02898708504436,41.50576116428006,40.29263757886921,40.361507415771484,1636700,-0.0116139450414041
2008-02-07,40.22378551684859,40.89126945567126,39.7046304440624,40.86478042602539,1387500,0.012392033759796767
2008-02-08,40.44627615514856,40.7959119235125,38.61864639625183,39.06363296508789,1641000,-0.045076646816501705
2008-02-11,39.12191000893986,39.36559373485409,38.279612176431456,38.48091506958008,1392200,-0.015029525073015786
2008-02-12,38.82524203732864,39.74170406497502,38.77226803115296,39.513912200927734,1583100,0.026490411605707222
2008-02-13,39.9430151310905,40.2396728300775,39.07952297750499,39.858253479003906,1108900,0.008676679927486258
2008-02-14,39.77348873367048,40.09133678866086,38.96826934992707,38.973567962646484,885600,-0.022445825632982155
2008-02-15,38.883522100073385,39.31791550052187,38.33788205286278,39.206668853759766,1241000,0.0059631843379424595
2008-02-19,39.614574258994466,39.87944838914731,38.41204748643027,38.655731201171875,1064400,-0.014151807471298319
2008-02-20,38.2902066502212,40.1920051574707,38.263721660096884,40.1920051574707,1417200,0.0389730504904481
2008-02-21,40.250260938837556,40.78530359020418,39.63045261292973,39.75759506225586,1239800,-0.010867205569327461
2008-02-22,39.92711919739384,40.76941680908203,39.07951893092678,40.76941680908203,1116700,0.02513131871862863
2008-02-25,40.7164514020409,42.42753601074219,40.13372912701871,42.42753601074219,1439000,0.039865373346533846
2008-02-26,42.104392001104195,42.835443119175,41.7441630353175,42.64473342895508,1485500,0.005106197155980309
2008-02-27,42.385150111038314,42.962573647702065,42.07789521768045,42.634132385253906,1095400,-0.0002486206554123831
2008-02-28,42.95729488831522,44.00089986044348,42.94140308332394,43.328121185302734,1436300,0.01614671205108916
2008-02-29,43.03144166383958,43.83665702974245,42.75067176460851,43.10030746459961,1434600,-0.005271743380377064
2008-03-03,42.39574960685533,43.91612846067277,42.39574960685533,43.773094177246094,1810900,0.015489209605710683
2008-03-04,43.3016364550168,43.396991336105785,42.18386692067473,43.047359466552734,1534500,-0.016718447879948303
2008-03-05,43.22744471193676,43.85254763970497,42.44871434817853,43.00495147705078,1613400,-0.0009856328661046459
2008-03-06,42.77717226407275,42.85663531190428,41.12965484177702,41.21441650390625,1756600,-0.04252714940051555
2008-03-07,41.05547883248993,42.353360095047634,40.769414365948535,41.80772018432617,2213900,0.01429290558910572
2008-03-10,41.76534881468796,42.35336967756526,41.59582954153061,41.956058502197266,2012700,0.0035418285866969045
2008-03-11,42.86722463767693,45.198117594720486,42.761276611216914,44.9968147277832,2204900,0.06996885896937366
2008-03-12,44.95950606434059,45.74331214873324,44.6449194416255,44.68224334716797,2050300,-0.007015521294920355
2008-03-13,43.97838479915642,46.38311644065968,42.96530290265741,45.95122528076172,2642600,0.028004331825673152
2008-03-14,45.95123627269951,46.575080112447125,44.18101011974142,45.33805465698242,2752900,-0.013433775478502556
2008-03-17,44.074373813273354,45.44469951169337,43.97306437391977,45.08745193481445,2508400,-0.005542758303521676
2008-03-18,46.03655183548761,47.94541153964492,45.80194626646196,47.63082504272461,2733500,0.05487615638920829
2008-03-19,48.03071579006345,48.44127850288164,47.454858108605755,47.721458435058594,2225400,0.0019010225308342158
2008-03-20,47.780117046304646,49.21442829091799,47.42820261697997,49.04913330078125,2105500,0.027441357039660434
2008-03-24,49.50236255415745,50.64341606022994,48.63857982268129,50.38747787475586,1767300,0.02692017319492625
2008-03-25,48.771866801562176,48.771866801562176,47.28956956352864,48.100032806396484,2481000,-0.04645983018419639
2008-03-26,47.82809460251993,48.34529986145788,47.35354637005062,47.49751281738281,1626400,-0.012605511226785321
2008-03-27,47.6681412890011,48.15868493502344,47.108278951520205,47.161598205566406,1639700,-0.007097383828490625
2008-03-28,47.428190232184804,47.75344291326513,46.921651305517464,47.028289794921875,1276700,-0.0028306329370467774
2008-03-31,46.99098317548859,48.67589958929121,46.99098317548859,47.252254486083984,1340700,0.004751035627845714
2008-04-01,48.36130931382226,50.44079317780782,47.46553183708998,50.398136138916016,2012400,0.0644538262301102
2008-04-02,50.39812782360605,50.39812782360605,48.62790168166133,48.995811462402344,1706500,-0.028219378924944527
2008-04-03,48.526599712951295,49.48102951049805,48.36663786630148,49.48102951049805,1723000,0.009854539808582401
2008-04-04,49.459696657610976,49.481025173161285,48.13202402359346,48.39329528808594,1419700,-0.022228076885261246
2008-04-07,48.905182872570606,49.58767931331477,48.44129666612746,49.18244552612305,1057400,0.01617548455993273
2008-04-08,48.91050390557621,48.99581390553911,48.19067967814625,48.26532745361328,1120200,-0.018823316809311874
2008-04-09,48.39863287792557,48.7345519719236,47.61483115059475,47.726802825927734,972100,-0.011220300578983653
2008-04-10,47.67349261891766,49.278424338268856,47.50286443208976,48.921180725097656,1248000,0.024717302170922842
2008-04-11,48.281340059541606,48.590593470244535,47.7907921709788,47.87610626220703,909000,-0.02159389182529208
2008-04-14,47.73747531102851,48.96383899242698,47.5455226640618,48.09471893310547,814500,0.004555823055012231
2008-04-15,48.60124608166729,49.53968048095704,48.60124608166729,49.53968048095703,1168200,0.029601596728708233
2008-04-16,50.00356429013022,51.22992760814145,49.63032540273486,51.20859909057617,1500000,0.03313349460894313
2008-04-17,50.81403931600722,50.984663414152074,50.35548628949303,50.73405838012695,1278900,-0.009310020944030625
2008-04-18,51.48586693198856,51.58717638375257,49.896930857369576,50.366146087646484,1558900,-0.007278203214539053
2008-04-21,50.01421748210905,50.23282761089218,49.47568374164689,49.85425567626953,1118500,-0.010215382374159046
2008-04-22,49.800947831467184,50.32881540278826,49.31573322587003,50.17418670654297,799800,0.00639682301551077
2008-04-23,50.54743278976932,50.88868094475182,49.88626092999169,50.3554801940918,758300,0.003606769815760653
2008-04-24,50.147535719288,51.80045734785163,49.87560217847295,51.784461975097656,1065200,0.02798268716754281
2008-04-25,52.02973820953839,52.259014730223974,51.3259132733872,51.6085090637207,906100,-0.003403579169211066
2008-04-28,51.41656180311492,51.67782909924856,50.79271774034684,50.920684814453125,926400,-0.013417340798613325
2008-04-29,50.926003004706075,50.98465541061109,49.47036321778873,49.48102951049805,1107600,-0.028679868522931758
2008-04-30,49.85424926587052,50.067530290233044,48.33996172209129,48.36128616333008,1668500,-0.02288973291112507
2008-05-01,48.61725811183771,49.79029846191406,48.40397693873291,49.79029846191406,1098100,0.029120534055654318
2008-05-02,50.78204205426862,50.88868465297093,48.96382947738564,49.107791900634766,1182500,-0.013802438327169507
2008-05-05,48.766543183542645,50.01956421149651,48.627909840756516,49.758296966552734,1184600,0.013159506172759107
2008-05-06,48.990473941550675,50.37679887700791,48.96381635002148,49.97156524658203,1257300,0.004276925694874231
2008-05-07,49.7582682453238,50.302130940791024,48.64921027919819,48.71319580078125,1386400,-0.025504194204501927
2008-05-08,48.95315170288085,49.29973294838352,48.601241379692254,48.95315170288086,853200,0.004913798684035621
2008-05-09,47.98805415154121,47.98805415154121,45.780603986010135,45.9938850402832,1865100,-0.06235529932523281
2008-05-12,44.78885605118998,46.39379119873046,44.26098852962618,46.39379119873047,1324300,0.008657186160901666
2008-05-13,46.884344475348406,47.748131198402604,46.884344475348406,47.737464904785156,1387200,0.02855087747397514
2008-05-14,47.88143407752941,47.9347533446092,46.47911335213494,46.84169006347656,1387100,-0.018942897673550438
2008-05-15,46.863016100217365,47.742798198403996,46.67639664132908,47.726802825927734,922900,0.018719524485755673
2008-05-16,47.57217416506758,47.99340326874202,47.31623600116445,47.73213195800781,1004400,0.00011165287141906756
2008-05-19,47.59883523003623,47.796120997163975,46.90567660747816,47.268253326416016,917600,-0.009765903937838837
2008-05-20,47.0283180913383,47.16161831729787,46.22851673558085,46.4951171875,1016200,-0.016491592767086425
2008-05-21,46.36181351293125,47.188276479604454,45.535354614257805,45.53535461425781,1057700,-0.02085825164044028
2008-05-22,45.38604723694532,46.175182032917384,45.21009002114121,45.87125778198242,952700,0.007349680093811365
2008-05-23,45.748614350237936,45.98855299955823,45.41269535959211,45.63663864135742,697100,-0.005127855931617586
2008-05-27,45.865938863404935,46.38847752661321,45.583343041996365,46.38314437866211,797200,0.016225252652224496
2008-05-28,46.724377020734394,46.724377020734394,45.508680045843455,45.91391372680664,869900,-0.01016792309880126
2008-05-29,45.67929186852153,46.79368317549594,45.556658015465395,46.75102615356445,831600,0.01806800286820226
2008-05-30,46.64974146476267,47.433547369129755,46.29249786976532,46.990989685058594,975000,0.00511966920036378
2008-06-02,46.71374744610727,46.80972380425845,45.50337870342294,45.54603576660156,1059000,-0.031232284955413397
2008-06-03,45.87125740631873,46.575082195772474,45.64731407967406,46.35647201538086,1348100,0.017637326273688202
2008-06-04,46.404465564623365,47.2895808565453,46.16452682876465,46.84169006347656,1132600,0.010412703885733034
2008-06-05,46.92166172046494,48.02538700957866,46.73504228858552,48.02005386352539,791300,0.024845092774846953
2008-06-06,47.54551158984341,47.625492518783844,45.471360924116176,45.7113037109375,1452600,-0.04927309919432502
2008-06-09,45.785954786755866,46.468451169211406,45.3753878870604,45.583335876464844,1431200,-0.0028034048627628328
2008-06-10,45.05546498594388,45.796613729503505,44.57558348018609,45.56200408935547,1475100,-0.00046808289939689256
2008-06-11,45.39027319558614,45.70153402551729,44.84288289545176,45.041446685791016,1152800,-0.011491022187800508
2008-06-12,45.56736130683976,45.69615731319462,44.10229189253009,44.45648193359375,2343300,-0.013072326731460152
2008-06-13,44.89656280569061,46.082569957893064,44.424303748064006,46.071834564208984,992400,0.03569102278194176
2008-06-16,43.76956194709894,45.89471435546874,43.243642562739005,45.89471435546875,994100,-0.0038518446067804185
2008-06-17,46.09328064593356,46.120115023791335,43.90909576416016,43.909095764160156,1121200,-0.044228463356171144
2008-06-18,43.812528323030534,43.941324419092275,42.78215136582848,43.1256103515625,1099600,-0.018004463094051168
2008-06-19,42.93240093154273,44.612129644022325,42.79823717863166,44.483333587646484,1290900,0.03099756456838683
2008-06-20,43.994982201383294,44.58530192947359,43.07729847534976,44.08084487915039,1896100,-0.009089261288618738
2008-06-23,44.27941382837117,44.365276516046066,43.055840844940874,43.09877014160156,1185600,-0.02253086990592041
2008-06-24,43.0772842653122,44.134495005766006,42.433300064256414,43.76420593261719,1290400,0.015321805424026603
2008-06-25,43.79640280972037,45.2775713480123,43.764204828785196,44.633583068847656,1116900,0.01967029215358755
2008-06-26,44.11304482495152,44.730198970246704,43.39929669827334,43.447593688964844,1608400,-0.026931090256290643
2008-06-27,43.20071443497999,43.426108484170314,42.626493922413324,42.71235656738281,1589700,-0.017067209685116658
2008-06-30,43.60857840364605,43.93593822081898,42.31523812688876,43.35634994506836,1126600,0.014964914013238111
2008-07-01,42.65871261583398,43.64616012573242,42.385021463645835,43.64616012573242,1871800,0.006662135433560549
2008-07-02,43.683713751160106,44.322330357533986,42.92166470476473,43.1148567199707,1654100,-0.012247667595227848
2008-07-03,43.630043161050494,43.82323924442141,42.67479404022683,42.9645881652832,724700,-0.0034913958270443393
2008-07-07,43.15779380015465,43.41538999977657,41.53172981720231,41.54246520996094,1921300,-0.0336600832293383
2008-07-08,41.70343736074204,45.2077919903452,41.13458467372423,44.268646240234375,2277200,0.06356050452042661
2008-07-09,44.16132822470586,44.46185363137682,40.91456473513668,40.99506378173828,2157100,-0.07682500276792882
2008-07-10,41.05410267756535,42.3850087227452,40.89310455873596,41.85908508300781,1887800,0.020857196296954237
2008-07-11,40.791148622840076,43.5388196648576,40.791148622840076,42.06838607788086,2012100,0.004987673901627307
2008-07-14,42.733831950408195,43.12559186318523,40.51744849353654,40.69990921020508,2181200,-0.033070672348832826
2008-07-15,40.53353771153493,42.803589391122465,40.249111313350134,41.15605926513672,2492400,0.011145302786026733
2008-07-16,41.29557635966578,44.214979155314516,40.286667026157915,43.81785583496094,2247100,0.06267023724886188
2008-07-17,44.07010824455175,45.33124662332949,42.937765914008736,45.009254455566406,2198800,0.02682672142100233
2008-07-18,45.02536260261029,45.44395291522909,44.38137404182082,45.28832244873047,1566600,0.006181093474153947
2008-07-21,44.00569633634976,44.38135308196826,42.83042094107673,44.1130256652832,1862800,-0.026294111268218973
2008-07-22,43.59783344938322,45.60492528688144,42.66942296709996,45.45465850830078,1800400,0.029960207402950113
2008-07-23,45.53518031566829,46.683621798702404,44.83216350816835,45.878639221191406,1906700,0.009284319497296729
2008-07-24,46.1147593516294,46.37235552542615,42.55137086261341,42.819698333740234,1770400,-0.06900139414896962
2008-07-25,43.24363993013957,44.23108268641229,42.315225428461844,43.98958969116211,1514200,0.02695476984474942
2008-07-28,44.02717523930818,44.20963596800132,42.325979928058175,42.771400451660156,1610800,-0.028083342509238624
2008-07-29,42.98067053520741,45.771277274531684,42.937741273333344,45.36341857910156,2081600,0.0588363565929521
2008-07-30,45.64786553471806,45.64786553471806,43.28121950029587,44.91801452636719,1706700,-0.009867093401194923
2008-07-31,44.2740380431856,44.778495059567504,43.50125352351165,43.946678161621094,1529600,-0.021861889619908852
2008-08-01,44.02716978235241,44.12913552654429,42.819696221835365,43.640777587890625,1166800,-0.006985060015264148
2008-08-04,43.426110198875435,44.338425915602386,42.76065932026813,43.77493667602539,1406100,0.0030694525485840513
2008-08-05,44.41891718134433,46.17378071707038,43.89299775612861,46.018150329589844,1650800,0.04997445945591944
2008-08-06,45.74983753598622,45.82496890644432,44.971689444376175,45.24001693725586,1675600,-0.01705386541368709
2008-08-07,43.91447164780843,44.826783344184456,42.325973627962576,42.991424560546875,2737100,-0.0509813586540851
2008-08-08,43.136326425658986,47.86425965017339,43.06656275124385,46.68898391723633,3993900,0.08250757944462589
2008-08-11,46.46358886308256,47.92865465656526,44.547730760130364,47.37053298950195,2018000,0.014492122072779248
2008-08-12,47.25247296595469,47.64422881132957,45.884001119389744,46.393821716308594,1790300,-0.020834070797060622
2008-08-13,46.36699287993433,46.68898506148784,45.02535537816744,45.76593780517578,1210000,-0.01362619931887452
2008-08-14,44.85897599936175,47.6549513118758,44.85897599936175,47.1397590637207,1457000,0.02957668803363145
2008-08-15,47.134390287327264,47.91253808021181,46.54407084848199,47.46175003051758,1205600,0.0068073377115544405
2008-08-18,47.51542969244838,47.944751195187564,46.66751389008641,47.22563552856445,2131700,-0.004987253369794394
2008-08-19,46.356251935913356,46.49578336580696,45.2131783952582,45.55126953125,1909900,-0.036098376281718386
2008-08-20,45.669349148231284,46.34553573482124,44.971699960222594,46.216739654541016,1611200,0.014503568171192008
2008-08-21,45.572729319782766,45.85715573793529,45.089739131244706,45.35806655883789,1669600,-0.018754028500025315
2008-08-22,45.89473052690791,47.73545720946698,45.749835488751856,47.32760238647461,1906200,0.04250565111392468
2008-08-25,46.871435997735986,47.010967415168786,45.59419883703356,45.798126220703125,1215500,-0.03285050718924358
2008-08-26,46.055711292470896,46.742628729474426,45.1648665208416,46.45820236206055,1318700,0.014309856358212046
2008-08-27,46.68897546806444,47.31686070723189,46.01278915969464,46.82313919067383,864600,0.007824473456219581
2008-08-28,46.989519358248636,48.36335920169648,46.989519358248636,48.159427642822266,1141200,0.02813940855113001
2008-08-29,47.64959021959331,48.10574607680162,47.14513329114888,47.397361755371094,1033600,-0.015950348454435746
2008-09-02,48.78195042163278,49.2488377479396,48.23455991543045,48.86781311035156,2216200,0.030552393175024076
2008-09-03,48.62092231870724,49.254175123787476,48.288198975015774,49.16294479370117,1489800,0.006021223977640239
2008-09-04,48.368721168652755,49.16834019045274,47.660336622693634,47.76230239868164,1614700,-0.02890350953529724
2008-09-05,47.493956966834624,47.64958737364138,46.404548213539115,47.50468826293945,1384600,-0.005408269157529024
2008-09-08,49.36690554133128,50.19872265212437,48.411660040278356,49.96259307861328,2466000,0.050446180562745746
2008-09-09,49.84987920939996,49.908911582906434,46.7802121644732,47.4456672668457,2833300,-0.05168937767066674
2008-09-10,47.960848908719825,48.04671156190548,45.48150184732381,46.2811164855957,2312900,-0.02485118271933013
2008-09-11,45.63300537599859,48.03645061151555,45.34135115296221,47.9770393371582,2028300,0.035988522705659054
2008-09-12,47.26950225412818,48.37670777964064,46.972450027730254,48.344303131103516,1413900,0.007625840012952441
2008-09-15,46.853625274569495,48.40911014031514,44.126121520996094,44.126121520996094,2848100,-0.09129645749693006
2008-09-16,44.49880667374891,49.505532381248955,44.288168154858155,49.31109619140625,3402900,0.11109719876260522
2008-09-17,48.04724932129061,49.55952951590297,46.464757677596225,46.90223693847656,2599800,-0.050083760368324716
2008-09-18,48.3497116020131,54.004554748535156,47.112887215205625,54.004554748535156,4629400,0.14100301997118106
2008-09-19,54.350224851119904,55.34941247356221,51.89277398133355,54.425838470458984,4296600,0.007770622779548695
2008-09-22,54.06934854671531,54.28538911998575,49.11123613903066,50.12122344970703,2312200,-0.08239447284279708
2008-09-23,50.2400655176369,51.385078210924185,48.95462988810952,49.52173614501953,2467000,-0.01203285290600997
2008-09-24,49.70535478057368,50.14283404337204,48.48472879474067,49.132850646972656,1422400,-0.007883820204270892
2008-09-25,48.67915408452656,50.79634671832958,48.284883857245795,50.407474517822266,1533400,0.02561160097761178
2008-09-26,49.30027200856246,53.140379028271134,49.04642463416618,52.75150680541992,1467900,0.045452868973432564
2008-09-29,51.547095599773066,52.47066521448417,49.01402772439493,49.95920181274414,2320100,-0.05438562837644784
2008-09-30,51.109593673598994,54.279977948653816,49.22464832945711,53.4752311706543,2643300,0.06801186932259995
2008-10-01,52.9027284431274,53.76689067935862,51.952156576282555,53.36721420288086,2634700,-0.0020219867525017887
2008-10-02,53.107999676719146,53.107999676719146,49.51093402282075,50.08884048461914,2327300,-0.0633983527119844
2008-10-03,51.039396957100564,51.83874593945374,47.32891232980774,47.53955078125,2151900,-0.05223622585367734
2008-10-06,46.491764005078345,46.50796633009976,44.41238184114611,45.35215377807617,2812600,-0.047104344824348506
2008-10-07,45.52498938055872,45.859852568926115,41.47424294983596,41.933326721191406,3424100,-0.07837676986752248
2008-10-08,41.096168692193764,43.56442734588923,40.75050534424068,42.37080383300781,3473700,0.010378638291591781
2008-10-09,43.078346101105204,44.082931706608775,38.077022552490234,38.077022552490234,4153100,-0.1068485186141863
2008-10-10,36.634942914686214,59.27590854119684,35.86800276351474,45.80043029785156,7178300,0.18468246863221893
2008-10-13,46.967043550700105,47.84740409341856,44.12611953954491,47.485538482666016,3878700,0.03613172546326557
2008-10-14,47.47472395451442,47.841991602032046,41.047542183270956,44.720218658447266,2941300,-0.059999493353815485
2008-10-15,43.56981523037212,43.56981523037212,38.55229158382601,40.24820327758789,3896700,-0.10536035453297235
2008-10-16,40.71269032012874,42.14395452020915,38.07700679425178,41.60385513305664,3367700,0.03312747063910991
2008-10-17,41.08536216558603,43.31057322967979,39.57308216154071,41.62546157836914,2064200,0.0005192027677648622
2008-10-20,41.938719764794854,42.862289256005404,40.55066445405645,42.727264404296875,1507400,0.026125189903708063
2008-10-21,42.93791150427983,43.08913870939625,40.57767513690626,40.75590896606445,1755800,-0.04723639263584863
2008-10-22,39.967358852710724,41.10696900910747,37.24525716069894,38.40106964111328,2628100,-0.059515520033757936
2008-10-23,39.270628583138986,39.94575286242682,35.457527972323405,39.78912353515625,3265200,0.03550828248894635
2008-10-24,36.42970763187852,39.77292467240829,36.3216893860464,37.877174377441406,2063200,-0.04924492544493673
2008-10-27,37.871780674583306,39.6000975290642,35.641166969787676,35.911216735839844,1748000,-0.053298980898001544
2008-10-28,36.8725816373769,43.148537708386975,35.668162367451,43.04591751098633,3212700,0.1812177044519262
2008-10-29,42.630057436313685,43.76966781085014,39.870148419759424,41.18259048461914,2422700,-0.04425178904252361
2008-10-30,42.2627893870495,43.09994532987026,40.83152476898458,42.824493408203125,1934800,0.03909460879447836
2008-10-31,42.18177659170483,45.84905325331899,41.51205426282349,44.01811599731445,3127800,0.02749106160061742
2008-11-03,44.16933255348743,44.65002073642409,42.35459806395709,43.00271987915039,1475400,-0.023337909696889945
2008-11-04,43.69403725186896,45.59518510783529,43.353772031853325,45.265724182128906,1997900,0.05128673882425709
2008-11-05,44.36916229650712,44.4339715811132,40.46424219438122,41.133968353271484,2641800,-0.09571584475090175
2008-11-06,41.24740335724186,41.26900783331986,38.158033328840006,38.68193054199219,2408700,-0.06146168083083613
2008-11-07,39.853938551522,41.93332059119329,38.962773642910946,41.04755783081055,3550500,0.0593587616392019
2008-11-10,41.6362637427495,42.45181504879237,38.53609411903842,39.04378890991211,2148100,-0.050047532747043016
2008-11-11,38.309262253313946,38.433486966157616,36.786181647103895,38.071617126464844,2915000,-0.025214761627911697
2008-11-12,37.32627798228953,37.53691646445387,35.317107117984506,35.51154327392578,4710000,-0.06961124093018858
2008-11-13,35.54394746680195,39.37865728779294,34.59337529519324,38.525299072265625,4408700,0.08145733797263732
2008-11-14,37.077825765500336,38.34705857010278,34.43673788824632,34.8148078918457,3172100,-0.1012723338374277
2008-11-17,34.560964518741706,36.24607421642854,33.51857242124647,34.53936004638672,3228100,-0.007943265760045112
2008-11-18,34.59337113527955,36.70515782462402,32.58420053855864,34.8850212097168,3311500,0.009958000732188499
2008-11-19,34.51236248410325,34.92823732952541,30.33739109932506,31.039522171020508,4534700,-0.11679624415892885
2008-11-20,30.41300197146102,32.611206654887766,28.366024480701363,29.068153381347656,6174500,-0.06561811184202772
2008-11-21,29.82969654345725,33.36194793438699,29.43542413711548,32.40597152709961,8135200,0.10869952282826334
2008-11-24,32.98927907700014,38.249847153373594,32.411370705507146,37.29387283325195,6239100,0.14048633374348293
2008-11-25,38.37947462118744,39.843143980311716,35.776194824996885,38.19584274291992,5566600,0.023897635019487568
2008-11-26,37.688122240810756,39.459646991546734,36.4999056262332,39.37863540649414,3534200,0.03049673969694693
2008-11-28,39.23823852512553,39.34625680172018,37.57473069351595,37.747562408447266,1686700,-0.04230251901931482
2008-12-01,36.613358445827906,36.856401657850434,30.22397813006521,30.69926643371582,4977100,-0.20668214200808074
2008-12-02,31.520213342632623,35.62496952499443,31.41759309886786,34.98765182495117,8146400,0.13075643459725983
2008-12-03,33.37273578204668,36.5755247517804,32.94605684644492,36.192054748535156,5435800,0.03384441841965138
2008-12-04,35.26309900829981,37.64493580638828,34.5717722652776,35.22529220581055,4717600,-0.027075259497196604
2008-12-05,34.30711263619539,37.97438583611468,34.05326526998618,37.54230880737305,5155700,0.06370417870085679
2008-12-08,38.36327458466544,41.58226776123047,37.44510689721903,41.58226776123047,4284400,0.10220528879375983
2008-12-09,40.91252747986802,41.13936822743857,37.89337396453717,38.2768440246582,4263000,-0.08282870196565627
2008-12-10,38.67651757900687,40.96653783477166,38.24983856718728,40.82611083984375,3197000,0.06447672959133272
2008-12-11,40.17347058717851,40.64513214656299,34.95777587244498,35.402015686035156,6443000,-0.14255308947826836
2008-12-12,34.56838931082648,38.188115173477435,33.7073332784664,37.72193908691406,5265700,0.06347310503609895
2008-12-15,38.14422644908764,38.14422644908764,35.79140460568828,36.98701095581055,3657400,-0.019675068076728214
2008-12-16,37.2831817995487,41.95043182373047,36.92669277538546,41.95043182373047,5119900,0.12592193087057502
2008-12-17,41.43489577684517,44.18807948701749,40.34349052371614,42.22465133666992,4317500,0.006515478755184522
2008-12-18,42.09851851637309,42.77858719244632,38.933997607780036,39.50437927246094,3301900,-0.06659267196835093
2008-12-19,39.69084412087564,41.39101755657588,38.91753704005906,41.30326461791992,2977500,0.0445300098627704
2008-12-22,40.639648546250015,41.303264451065814,39.147882069448386,40.68901062011719,2769600,-0.014983496625984905
2008-12-23,41.237444703701016,41.88460783383865,40.16249655579756,40.45317077636719,2008100,-0.005813018674128175
2008-12-24,40.63964684445455,40.96871198072455,40.07475092673786,40.38736343383789,596300,-0.0016280782334796948
2008-12-26,40.22281369741813,41.177107674494096,39.90471988934814,40.99612045288086,647900,0.014960489378664843
2008-12-29,40.266702932542366,40.321546421395034,38.52813881174381,39.38370895385742,1710400,-0.040125186657131384
2008-12-30,38.95593426672764,41.36908607809441,38.95593426672764,41.17164611816406,1764500,0.04439756595136008
2008-12-31,41.10581260388527,43.82609432230926,41.10581260388527,43.60123062133789,2410500,0.057335556795685146
2009-01-02,43.601244172719476,43.80965112908727,41.42392351121166,41.45134735107422,1928000,-0.05056498870955087
2009-01-05,40.941275225733534,41.55552877438691,39.32336568974606,39.53725814819336,3061600,-0.04727691491734505
2009-01-06,40.06927042874568,40.8370919674216,38.95044547541061,40.628684997558594,3653500,0.027230872578613664
2009-01-07,39.630501658104244,39.921175846877716,37.842575886641704,37.985172271728516,2763800,-0.06727846396675115
2009-01-08,37.85904610281725,37.85904610281725,36.52632851321327,37.102195739746094,2759000,-0.023519727979876122
2009-01-09,37.4531882994094,37.83161546324862,35.73107690939778,35.983360290527344,2643000,-0.03061953477159428
2009-01-12,36.44405379044864,36.59213581725267,34.66161524664884,34.9577751159668,2890500,-0.028915709535664722
2009-01-13,34.16252639079737,36.054653699517864,33.54278500785105,35.550086975097656,2925400,0.01680169488861478
2009-01-14,34.49709335620849,35.14973820720237,34.04736990091135,34.513545989990234,2871600,-0.02959071843670728
2009-01-15,34.431261760911276,36.22467328135765,33.098544682009496,35.42394256591797,3122000,0.026036050825978745
2009-01-16,36.37276052703701,37.085738511108,34.69452322795264,36.93217086791992,2935100,0.041695075262001446
2009-01-20,35.67623720721475,37.10218890513145,32.75851701897911,32.86272048950195,4319300,-0.1167441109648085
2009-01-21,34.35997938426907,36.61408206266532,32.59947450394017,36.520843505859375,4277600,0.10554425306404655
2009-01-22,35.33071772077859,36.186292146521644,33.69635687589493,33.88831329345703,4120800,-0.07481293820995016
2009-01-23,32.939482721216315,35.237457816298104,32.90657539265192,35.029048919677734,3067200,0.03310747204542372
2009-01-26,35.40749189025214,36.32887663979686,34.338029316802725,35.16069412231445,3165100,0.003751128050788757
2009-01-27,35.742050913230436,35.96142908271067,34.678071603185415,35.85722351074219,2366500,0.019616224937581486
2009-01-28,36.88281407974882,38.59944020269215,35.92852385359905,38.38554763793945,4574100,0.06813598577829293
2009-01-29,37.83710219932821,37.83710219932821,34.74388231357509,34.91938400268555,5094300,-0.09463893458381777
2009-01-30,35.5062177999176,36.060146700299136,33.246632006931435,33.932186126708984,4851100,-0.028678083355997704
2009-02-02,33.23564823404336,35.056479005869704,32.632361711528254,34.87001037597656,3641700,0.02726315103323251
2009-02-03,34.71645049234303,34.8480777670507,33.29049915909015,34.250274658203125,3446300,-0.01793257435552793
2009-02-04,34.55740584411701,35.561055833480374,33.976057378764345,34.32706069946289,3075700,0.0022394009026135944
2009-02-05,33.78411330026904,35.08940920500427,32.55011562480579,33.855411529541016,3959000,-0.013835130282270913
2009-02-06,34.35998149814519,35.92304442640533,33.83347421881146,35.6543083190918,3910000,0.051771135509851254
2009-02-09,35.59946350838826,36.164359547343004,34.83163981062928,36.06015396118164,1928400,0.011318497325690367
2009-02-10,35.506218580230495,36.06014749278562,32.90111495996912,33.12049102783203,3541600,-0.08503633222284886
2009-02-11,33.23565783216631,34.124137342534,32.440416847959966,34.01993179321289,2917400,0.02679442693636129
2009-02-12,33.37276829213676,34.29963865046853,31.80970598983881,33.95960235595703,3952900,-0.0017749298770375291
2009-02-13,33.707329145490505,33.838956475332004,31.469681275348364,31.546463012695312,3409000,-0.07371017684639163
2009-02-17,30.180820509797844,30.690872715997912,29.374610645275325,29.615924835205078,4841100,-0.0631492574910355
2009-02-18,30.208261805274727,30.647016082576144,29.051045960542268,30.241167068481445,2838000,0.02089192625243838
2009-02-19,30.608620636282403,30.811544066908056,27.976091181901044,28.27773666381836,4663300,-0.0671293393795264
2009-02-20,27.48249736583232,30.268588573225678,27.175368328137726,30.202775955200195,6098400,0.06585903448135748
2009-02-23,30.04920360686402,30.619585040333746,27.970603364522955,28.173526763916016,4017200,-0.06955106941377467
2009-02-24,28.50260281563802,30.877361537090025,28.233864641839954,30.61959457397461,5107300,0.08325737979021043
2009-02-25,30.274064882083778,31.058338820887,28.77132960229345,29.63238525390625,4270200,-0.03277228992084047
2009-02-26,30.285036126598854,30.817024642248885,28.667128163829386,28.754878997802734,4096300,-0.030060402541868644
2009-02-27,28.217409279101766,31.540974464826125,28.003516718691216,30.427635192871094,6486200,0.05654379075473903
2009-03-02,29.47882432507349,29.802405922281025,27.301503979856097,27.586694717407227,7092000,-0.09801766684024313
2009-03-03,28.255791268443787,28.299665632418957,26.764025234685565,27.45506477355957,5876000,-0.0047829210402829895
2009-03-04,28.27225730495806,28.27225730495806,26.928570534980963,27.39474868774414,5144300,-0.002199318696695366
2009-03-05,25.864586965603337,27.3124770000315,25.864586965603337,26.35270118713379,5696000,-0.0387805597150598
2009-03-06,26.45141982873327,27.1808504142634,24.8719025556053,26.780487060546875,6527600,0.016102745992304938
2009-03-09,26.018146706948496,27.679931156676314,25.870066780211666,27.586694717407227,4683000,0.029660053459733174
2009-03-10,28.431299129652704,31.491611480712887,27.603150714559753,31.49161148071289,8631800,0.13238762713615557
2009-03-11,31.776793176130848,31.776793176130848,29.55011547898024,30.11501121520996,6028900,-0.044697449258904606
2009-03-12,30.181487032956554,32.491635011191015,30.09284838830679,32.170318603515625,6439800,0.06602048603973996
2009-03-13,31.94872787668352,32.059526734896814,30.12055411275779,31.450136184692383,4310200,-0.022640931614134316
2009-03-16,31.804695924826135,32.070611959061594,29.139992363040413,29.261871337890625,4867800,-0.07211796428840357
2009-03-17,29.090134633864405,31.666199664512508,28.9183983740298,31.632959365844727,5208700,0.07791424588853431
2009-03-18,31.195311105638268,32.81296781113693,30.281222850101756,32.50273132324219,6041400,0.027124531585511837
2009-03-19,32.99023192453267,32.99023192453267,30.55266774621178,30.851821899414062,4693100,-0.05212832120489395
2009-03-20,30.851819404138134,30.851819404138134,28.552753448486325,28.552753448486328,5499500,-0.07744243083373634
2009-03-23,30.181495382315244,32.83511857849745,29.544405608061602,32.79079818725586,6808700,0.1383945584780787
2009-03-24,32.09830515396525,32.779715260656886,29.655199800387948,30.148252487182617,5457100,-0.08402097208977417
2009-03-25,30.259040567774356,30.907212266414767,28.25359024413369,30.491718292236328,5425900,0.011328154470665448
2009-03-26,31.361505563799984,31.79916000366211,29.300653457766078,31.79916000366211,4969300,0.04198475911811785
2009-03-27,31.06235432637322,31.11221372791288,29.898971108198996,29.993148803710938,2853700,-0.05847089208668285
2009-03-30,29.06796529792987,29.627496372415735,28.464113842373557,28.663551330566406,3929600,-0.045342655206617954
2009-03-31,28.840837737133043,30.67455076017352,28.840837737133043,30.60807228088379,5064900,0.06563744703333785
2009-04-01,29.799237994151827,30.707784774047685,29.538861009677166,30.331069946289062,3973500,-0.009091176288671272
2009-04-02,30.829680058564666,32.82959098706141,30.392025524802342,32.342079162597656,5115800,0.06419654491500588
2009-04-03,32.00413937574675,34.67992141616924,31.23962931563468,34.40846633911133,5391700,0.061933505782753265
2009-04-06,33.732583402805815,35.07878456530938,33.31155027710226,34.497093200683594,4825800,0.00257241682781275
2009-04-07,33.63840967133259,33.74920642928281,31.450139888812732,31.53323745727539,4855200,-0.0898329185168614
2009-04-08,31.882262357870715,32.945928870149395,31.58864706065256,32.5692138671875,4020400,0.03232533536354796
2009-04-09,33.776904653705245,36.1479905613958,33.28385194049973,36.0261116027832,6240300,0.10087651555485566
2009-04-13,35.39456533740582,36.352973811907056,34.48047937163806,35.70479965209961,4881800,-0.008958874051343213
2009-04-14,34.84056924372676,35.16742472742122,32.41962391284791,32.657840728759766,5677900,-0.08920015206107629
2009-04-15,31.954256040692172,35.60506098476366,31.738199516999305,35.35576629638672,5432000,0.07937652743990352
2009-04-16,35.67710821910772,37.56068305621651,34.015131167534,35.78236389160156,4994400,0.011993644135009859
2009-04-17,35.44996397442721,36.65766509998988,34.78517287113515,35.91531753540039,5153800,0.0037087334917237287
2009-04-20,35.20621312651905,35.67156678117451,32.69108737127852,32.84620666503906,4889600,-0.08932761295586854
2009-04-21,32.513815202000686,36.15908432006836,31.937664676558057,36.15908432006836,6554800,0.09609194836148405
2009-04-22,35.145281495580626,35.71589517607749,33.51100540161133,33.51100540161133,7175100,-0.07605430786497802
2009-04-23,33.63841625240155,35.68264938153526,33.46113886902316,35.4056510925293,3897800,0.054997538450134685
2009-04-24,35.54414820552753,37.86537308205428,35.07879247294911,37.15072250366211,5303100,0.048111776474730306
2009-04-27,36.40282604205635,36.86264057091717,34.823949156969434,35.738037109375,4622300,-0.03876763242732009
2009-04-28,35.372411075972764,35.815606651306716,34.55804374991985,34.95691680908203,3053400,-0.02209923189065172
2009-04-29,35.743575705775065,36.90142162823072,35.24498398230351,36.78508377075195,3678500,0.05097607575071509
2009-04-30,36.9069638552441,37.56621173432195,36.369590716305446,37.039920806884766,3948100,0.006903841043610901
2009-05-01,36.90141953758402,37.15625543380816,35.42225931446784,35.821136474609375,3024600,-0.0334581482273325
2009-05-04,36.73523237439719,38.1479145959426,35.472130458327854,38.08697509765625,4628300,0.06133423922568148
2009-05-05,37.3556909928584,37.3556909928584,34.70760918153519,35.45549774169922,4606700,-0.0715940373850993
2009-05-06,35.35023691204194,36.30310189373515,34.197932321494775,36.10366439819336,4426000,0.018116041716648518
2009-05-07,37.12856021503786,37.13410132121382,34.026204336719026,34.790714263916016,3839600,-0.03704384738461862
2009-05-08,35.33362751154585,36.818327014937,33.727051141643365,36.74076843261719,5218500,0.05453647531270184
2009-05-11,35.94855621995466,36.120292462333694,34.740852964179446,34.86273193359375,3676000,-0.05246858924898201
2009-05-12,35.167424736880584,36.28648923875732,34.319817343899395,35.621700286865234,3628600,0.021536605030776382
2009-05-13,34.89044256953344,35.32255598349295,34.037293730365825,34.131473541259766,3667700,-0.04273507441542973
2009-05-14,34.23118159531774,35.483205262332625,33.8433865981013,35.13972854614258,3444700,0.029112421447344005
2009-05-15,34.57465652189549,35.08986948769145,33.494371202861615,34.0151252746582,3432900,-0.03252707109012176
2009-05-18,34.54141537757437,36.95128078035856,34.22563996930093,36.57456588745117,4337800,0.07254779101564153
2009-05-19,36.197852515739356,36.83494446492424,35.499825305985134,35.83776092529297,2695700,-0.020350965757372122
2009-05-20,36.31972668256479,37.25043373233361,35.48320151748314,35.654937744140625,2618500,-0.005114468556246573
2009-05-21,34.92920721327551,36.1590684400102,34.64667212577649,35.654937744140625,2444400,0.0
2009-05-22,35.76020384636807,36.408373808309264,35.42780720590273,35.48320770263672,2280100,-0.004828081306200096
2009-05-26,35.621704594204154,37.521898246304794,35.22836847702075,37.311378479003906,3783300,0.05023877107693543
2009-05-27,37.38894090600307,37.477581706961864,35.76020634133254,35.90978240966797,4284500,-0.03828858429151817
2009-05-28,36.31973442020175,36.56903349519078,35.045552532350904,36.3141975402832,3141200,0.011199032721338292
2009-05-29,36.41944586011741,36.92358078834451,35.60507665398136,36.90142059326172,2887500,0.01604126715104018
2009-06-01,37.05100156008957,38.20884760423722,36.40283161745879,37.1562614440918,4086700,0.006882253122302388
2009-06-02,36.79617097242984,37.11194644372143,36.075983451451854,36.2864990234375,2994700,-0.023686557530575896
2009-06-03,36.00948795634072,36.77953666835405,35.931929397333946,36.64657974243164,2618100,0.009874357447304357
2009-06-04,37.339089417193904,37.926320021441626,36.47485838029674,37.73796463012695,3212400,0.02934650531002758
2009-06-05,38.147898872696416,38.147898872696416,36.56348102354612,36.82939910888672,2195200,-0.024370192055367123
2009-06-08,36.3197207726449,37.128548732544864,35.95408818399459,36.71305465698242,2184900,-0.0031640105274341815
2009-06-09,36.95681194218457,37.034370496917965,36.30864220907365,36.87925338745117,1650800,0.004516749574435715
2009-06-10,37.18950458779577,37.25598519076247,36.0926021119152,36.75185012817383,3047100,-0.003460586093079088
2009-06-11,36.98646031643272,37.332808410370596,36.62894162809121,36.65128707885742,2424000,-0.0027400221859558067
2009-06-12,36.656892911399225,37.87469288684663,36.42226769153496,37.796485900878906,2282000,0.030767586889290332
2009-06-15,37.338399842278825,37.500401199727264,35.992119165767164,36.27143096923828,2933500,-0.04118572695604625
2009-06-16,36.52840113389409,36.88591993873792,35.696053065925845,36.098262786865234,1676700,-0.0047856638292914895
2009-06-17,36.036803847763565,36.39432255344806,35.22679933152112,35.52286911010742,2076600,-0.016068052575269477
2009-06-18,35.67370648944167,36.17088119502653,35.467016336430234,35.91950225830078,2066700,0.01110369702830023
2009-06-19,36.41109048536809,36.41109048536809,35.52287877692123,36.148536682128906,2472700,0.006356082343112994
2009-06-22,35.77984407401693,35.87480906524131,34.517353516820116,34.545284271240234,2615900,-0.04536541781006689
2009-06-23,33.89728252884313,35.44467026202729,33.89728252884313,34.751976013183594,1990800,0.005965383163360326
2009-06-24,35.014537347187016,35.84130238488652,35.014537347187016,35.70722961425781,1938500,0.027116744403610806
2009-06-25,35.56757246238386,36.14854166275689,35.159777388366386,36.13737106323242,1631300,0.011974360900336111
2009-06-26,36.07591074611184,36.405496602766924,35.40556204385689,36.120601654052734,3760100,-0.0004641538878031675
2009-06-29,36.20439513107095,36.20439513107095,35.578737278828726,36.06473922729492,1663900,-0.0015477502004544964
2009-06-30,35.986537922518345,36.902680454433856,35.72957153058698,36.57868194580078,1927500,0.014149974915512753
2009-07-01,36.94737187127727,37.39427254445869,36.684818045430234,37.1540641784668,1835900,0.015607554117248356
2009-07-02,36.53957156516152,36.9920553153954,35.31618452257683,35.47818374633789,2468500,-0.0461551991151717
2009-07-06,35.23797353508126,36.913844136486354,35.092730222944205,36.85798263549805,2628300,0.038154255074654655
2009-07-07,36.701571722389126,36.701571722389126,35.29384201414359,35.40556716918945,2274600,-0.04020314784948649
2009-07-08,35.818956665717536,36.081506250233026,34.74081051828815,35.42791748046875,2693200,0.0006310662854322632
2009-07-09,35.472609518618135,35.82454096063857,34.930743777916014,35.059226989746094,1880100,-0.010461307687037751
2009-07-10,34.91398031586819,35.349706108296544,34.27156222566412,34.86928939819336,1539400,-0.005432349160493934
2009-07-13,35.21004976988788,36.2826062096139,34.67935898015815,36.17088317871094,2629900,0.036647981224104224
2009-07-14,36.182053987005744,36.57309312135645,35.494949245239965,36.29378128051758,1308400,0.0033919489051818822
2009-07-15,36.65688444395692,37.61213034787531,36.38315579433788,37.18198776245117,2643800,0.024178032073857925
2009-07-16,37.05351380643975,37.60096268655752,36.41668308191692,37.37192916870117,1546800,0.005095421542622906
2009-07-17,36.986473848901305,37.26019826250849,36.41667956274506,36.902679443359375,1970100,-0.01263570357355937
2009-07-20,37.22668337951645,37.72944556666887,37.1205435116841,37.65682601928711,1696800,0.02023007773436922
2009-07-21,37.74061414803473,37.84675401019323,36.897095466751146,37.595375061035156,1179500,-0.0016332006513829222
2009-07-22,37.349570842560894,38.075783161345356,36.86915424926523,37.712677001953125,1020400,0.0031152587955985624
2009-07-23,37.500391031515775,39.62874929499522,37.45011696626351,39.193023681640625,2204700,0.03850246572327201
2009-07-24,38.84669411114815,39.07572762078249,38.46124237942019,38.94724655151367,830000,-0.006290685709148511
2009-07-27,38.67911033946955,39.43325160968424,38.62324881240945,39.24890899658203,1162800,0.007715569632545762
2009-07-28,38.8690358745883,39.42207211301866,38.69585963923145,39.27682876586914,1315100,0.0007110985839588768
2009-07-29,38.801997630708215,39.556138694410244,38.723790661847865,39.181861877441406,1094200,-0.0024208136543508838
2009-07-30,39.51144834213049,40.80745489868637,39.37737561210213,40.13710403442383,1796600,0.024087261633010348
2009-07-31,40.09800866322731,40.807463151740926,40.053317744179395,40.53932189941406,1354700,0.009971220040532115
2009-08-03,40.857717686186916,41.22641119894802,40.410817233499266,41.10909652709961,1244100,0.013957009526652244
2009-08-04,40.76276080289144,42.34366645975331,40.086826824174686,41.980560302734375,2318500,0.020977237493906994
2009-08-05,42.02525574633038,43.611744741315846,41.762701969648724,43.511192321777344,2296500,0.0358115385531444
2009-08-06,43.63967855489947,44.3267832180653,41.96380770157405,41.969390869140625,2692800,-0.03607763599581681
2009-08-07,42.4889161908895,43.885475405809196,41.95263796379559,43.22629928588867,2449500,0.029508526027071873
2009-08-10,42.68444352488103,42.93582251196433,41.896781977954184,42.22636795043945,1994300,-0.02340423092083903
2009-08-11,42.08111868665071,42.23753261970934,40.27676250295858,40.600765228271484,2301600,-0.03925794444689005
2009-08-12,40.78511789824298,41.33815417288256,40.35497525866502,40.6622200012207,2036800,0.001512491437304514
2009-08-13,40.69014842375,41.2096686372903,39.885733190690644,40.53932189941406,1571200,-0.0030269916745340976
2009-08-14,40.2823528454612,40.50021573396987,39.31034886119482,39.936004638671875,2374600,-0.014994125280221747
2009-08-17,38.913725027930155,38.92489562553078,37.63447637366959,37.75736999511719,3096600,-0.05609760060104983
2009-08-18,37.908201109008814,38.13165142068792,37.3272320034272,37.84675216674805,2266600,0.002364479891252191
2009-08-19,37.3160620054355,37.7294423184112,37.13730260561139,37.6233024597168,1731800,-0.005921563488297167
2009-08-20,37.70709441856396,38.729376667893206,37.394266554622334,38.53385925292969,2430500,0.023913711207957822
2009-08-21,38.835510192371906,39.63434209841872,38.461233409066836,39.28799819946289,2528900,0.019381766998295327
2009-08-24,39.7013863808083,39.90807868511519,39.2377276846921,39.41090393066406,1905200,0.003123444617291676
2009-08-25,39.857801197861264,39.86897605885506,39.02545305617344,39.65669631958008,2371700,0.006217292035943733
2009-08-26,39.27683131364383,39.6566956033184,39.17069570788403,39.550559997558594,3020900,-0.00267996621726275
2009-08-27,39.338278716137204,40.131523322766704,38.93048581443013,40.08124923706055,1979800,0.013328771536486204
2009-08-28,40.20414209476089,40.44435041874109,39.55613665817806,39.91924285888672,1706300,-0.004050140077569911
2009-08-31,39.500281506877435,39.896903824363136,39.13159207931127,39.41090393066406,2398500,-0.01281595727759727
2009-09-01,39.16509221059563,39.27681520091873,37.69032657614446,37.72384262084961,3162700,-0.043750202709559295
2009-09-02,37.69032468833966,38.21543209286661,37.5339108049381,37.81880569458008,2524200,0.0025141592430203527
2009-09-03,38.24896167415772,38.54503152424189,37.600956199893346,38.50592803955078,1465300,0.01800572043555595
2009-09-04,38.51152354466226,38.96959485936346,37.97524524417996,38.908145904541016,1373500,0.010391430494302365
2009-09-08,39.15393886836922,39.444425621957755,38.908147302211106,39.34946060180664,2663400,0.011278632076053934
2009-09-09,39.12600382530841,39.54497159351808,38.94724441468404,39.51145553588867,1801800,0.004108376363652722
2009-09-10,39.232136452398585,39.8019306367786,38.880200864377045,39.7907600402832,1413800,0.00704408211718385
2009-09-11,40.1510679740043,40.584553499632506,39.23342732903141,39.34601974487305,2525800,-0.011239905864615957
2009-09-14,39.09266997616142,41.040547245336974,38.99133512192113,41.0292854309082,2029200,0.04189127085061089
2009-09-15,40.899832379124355,42.36355570388784,40.58456578808372,41.986366271972656,2627400,0.023058862481971573
2009-09-16,42.059526578222524,43.50636062714636,41.98634195765993,43.47258377075195,2137600,0.034785528241627325
2009-09-17,43.320592002138234,44.637945623585786,42.797029099212025,43.37126159667969,1603900,-0.002333434675026491
2009-09-18,43.45570078944765,44.30015666614815,43.123545911147275,43.748443603515625,3060100,0.008658990814216332
2009-09-21,43.47259631996298,43.66400428828379,42.81392165938789,43.22488784790039,1272200,-0.012039600439957483
2009-09-22,43.53452312752151,44.73928002284747,43.35999929839226,44.67735290527344,1627700,0.03305028986231423
2009-09-23,44.5816496690761,44.649203402016205,43.191111397719766,43.21925735473633,2031200,-0.033180558792820176
2009-09-24,43.675270488062175,43.78786291658888,41.96383894467614,41.997615814208984,1961200,-0.02867331767983511
2009-09-25,42.05953555301546,42.594360232419625,41.665457827244026,41.76116180419922,1360100,-0.005646086174572793
2009-09-28,41.87938703723079,44.058085036814425,41.87938703723079,43.93423080444336,2087500,0.05072699704471011
2009-09-29,43.99614622515091,44.28326238794848,42.98279758887954,43.0222053527832,1247100,-0.020977375257648093
2009-09-30,42.898353733666895,43.331843457805604,41.93567461886614,42.35790252685547,1747000,-0.015561381867852478
2009-10-01,42.30160974160955,42.95465768693797,40.95047946809795,40.98988723754883,2816900,-0.03282962055057292
2009-10-02,40.3706367588176,41.43465125899914,39.89211242354506,40.3537483215332,1871600,-0.01564109793105646
2009-10-05,40.80974138133238,41.153153822834796,40.30306693525297,40.66899871826172,1506900,0.007781814345231328
2009-10-06,41.03493622510998,41.55849917656805,40.128553004896276,40.708412170410156,1114700,0.0009686583733698855
2009-10-07,40.53388790233028,40.93922746857363,40.27492191170265,40.798484802246094,931500,0.0022101851953120195
2009-10-08,40.871670040732944,41.316417388252795,40.52263097201195,40.635223388671875,1599900,-0.0040096818857455665
2009-10-09,40.584556580833826,40.956119312546114,40.04973612229414,40.80411911010742,1108100,0.004147773260288739
2009-10-12,40.950480892857634,41.16441247314101,40.58454913801096,40.73092269897461,663000,-0.0017954594533147123
2009-10-13,40.66336449016913,40.80973373986537,39.83579709905247,40.286170959472656,1087800,-0.010979317749906481
2009-10-14,40.9786412581021,41.54161200604395,40.68026744891307,41.440277099609375,1646600,0.028245027003522303
2009-10-15,41.67106460409166,42.11018509750268,41.55284134263898,41.85684585571289,1441500,0.010002079643770445
2009-10-16,40.96736339580794,41.57537259633017,40.96736339580794,41.22633361816406,1683500,-0.015178146673640685
2009-10-19,41.524723070076185,42.16087846133369,41.10249501421148,41.834354400634766,1633900,0.014640659923523465
2009-10-20,41.74427024566128,42.02575554159275,41.074333866904475,41.82308578491211,1763400,-0.00026939901019715706
2009-10-21,41.63165779990298,42.20588999162645,40.8885370715903,40.98424530029297,1773600,-0.02026074669028351
2009-10-22,41.00677264450694,42.09330597368289,40.40439433010106,42.042640686035156,1364400,0.025496625801875467
2009-10-23,42.02012702594215,42.35790854127047,41.78931130359906,42.082054138183594,1818700,0.0009370246183857263
2009-10-26,42.20589973239148,42.83642395337455,41.75552160729718,41.86811828613281,1945400,-0.005096745104548991
2009-10-27,41.811828789550795,42.115833459629606,41.48530907291081,41.654197692871094,1691500,-0.005122488727117567
2009-10-28,41.47967880319486,41.99197987530196,40.15669859837944,40.19047546386719,2013000,-0.03577210968387402
2009-10-29,40.67463724869334,42.09332166841169,40.50574430331271,42.037025451660156,1841200,0.044920749518462096
2009-10-30,41.70485909972847,41.896267023806146,40.49447156618777,41.43463134765625,2763600,-0.01443375117469695
2009-11-02,41.44589743853085,42.205906895379094,40.545141035470124,41.64856719970703,2025700,0.0051499299165414306
2009-11-03,41.220697234414054,42.35789565902743,41.04617776851452,42.341007232666016,2225400,0.01648908752135456
2009-11-04,42.66755340022301,43.607713516214645,41.98072840215095,42.04828643798828,2269000,-0.006937419569350045
2009-11-05,42.380426606612275,43.26429028777376,42.35790726691789,43.174217224121094,1366800,0.02642485855858949
2009-11-06,43.162956235525336,43.534518904930124,42.44235453196752,42.77450942993164,1711500,-0.009301142468251703
2009-11-09,43.10665880939951,44.64357044221759,43.10102790074638,44.55912399291992,1897100,0.04087458528395544
2009-11-10,44.38461314055334,44.55350608844477,43.84416172047728,44.3057975769043,1342900,-0.00570139708127106
2009-11-11,44.84623649189314,45.364168371881924,44.30015436609267,44.78430938720703,1856300,0.010742301882241062
2009-11-12,44.69986918685135,45.15587402583122,44.19882566633333,44.3564567565918,1282700,-0.009599556627652935
2009-11-13,44.53661283098347,45.30225333364835,44.485943234051284,45.00387954711914,1301700,0.014490413659146871
2009-11-16,45.43171514295977,46.1748359904427,45.26845748661306,45.696311950683594,1790700,0.015268895133213672
2009-11-17,45.46550842034168,45.8652170446564,44.97572243527296,44.98698425292969,2086800,-0.015644384236763145
2009-11-18,45.11646611882452,45.52743657016666,44.654830372246735,45.42610168457031,1568500,0.009713657704104112
2009-11-19,45.00386869968644,45.08268423580546,44.440898130193744,44.457786560058594,2529700,-0.021546744490226106
2009-11-20,44.33393145862476,44.45215476043282,44.19318881907357,44.24948501586914,2249600,-0.004696388996035466
2009-11-23,44.95318802721589,45.35852742449317,44.55911044382048,44.834964752197266,1442600,0.01314456490982247
2009-11-24,44.902534676602116,44.902534676602116,44.26074855882389,44.362083435058594,1385400,-0.010603170332094061
2009-11-25,44.75054182324025,44.75054182324025,44.20445953160323,44.36772155761719,1058200,0.0001270852013400339
2009-11-27,43.5964484321927,43.7597104358147,42.97717728220402,43.033477783203125,780000,-0.03053384722976997
2009-11-30,43.174216194907565,45.01512814600885,42.8870999895547,44.80120086669922,2122700,0.040256578245880636
2009-12-01,45.21216906456477,45.21216906456477,44.75616423734128,44.98698425292969,1530100,0.004138264986978182
2009-12-02,44.930674197066125,45.41482917031513,44.728004473607285,45.02638244628906,1909100,0.0008753854526277667
2009-12-03,45.26847360576019,45.65128953778108,43.75408113004376,43.91734313964844,1845800,-0.024939292367461112
2009-12-04,44.47467453906258,45.2177955114546,44.136893059816124,44.93067932128906,2063500,0.022811540321626418
2009-12-07,44.84624014372375,44.941944115077455,43.5851829048138,43.951114654541016,1277200,-0.022042856828066625
2009-12-08,43.81039363365138,44.08062154543757,43.33750015693422,43.523277282714844,1314200,-0.009782080765812806
2009-12-09,43.46697519343358,43.70905281057998,43.23615939762034,43.33186340332031,1226200,-0.004407665171544654
2009-12-10,43.42756452561448,43.63023434489116,42.91526336225616,43.241783142089844,1146100,-0.002081009575857153
2009-12-11,43.39486737673453,44.080974140542104,43.309811889662136,44.058292388916016,1120500,0.018706353955659477
2009-12-14,45.15266757372068,45.15266757372068,43.995924055373536,44.82946014404297,1063400,0.017351931672600077
2009-12-15,44.39852811909287,44.86349335650461,44.32481132189997,44.39285659790039,920100,-0.009786946742958833
2009-12-16,44.79542234408982,45.28874057793362,44.341796083582835,44.959861755371094,1196500,0.012691561684924597
2009-12-17,44.72171744964822,45.21503144050032,44.562945203451854,44.99956130981445,926200,0.0008826103073550078
2009-12-18,45.1186372498857,45.135647480452825,44.319126130521234,44.99956130981445,1338500,0.0
2009-12-21,45.19803730152968,45.69135579411649,45.03359780400074,45.645992279052734,962100,0.014263069781273063
2009-12-22,45.58928395449481,46.53622449283582,45.42484447894599,46.45684051513672,1280900,0.017607909787118944
2009-12-23,46.59292682044476,47.34707893637858,46.34910336665045,46.97850799560547,1054500,0.011166499817541163
2009-12-24,47.33573715069933,47.72131830084099,47.16562616565663,47.70430374145508,431500,0.015331398574040941
2009-12-28,47.67029210663824,48.2543332967988,47.35842335164821,47.55121612548828,628300,-0.003214254627591409
2009-12-29,47.81771337519452,47.88575430956554,46.72334364433857,46.84809112548828,644100,-0.014897100916627513
2009-12-30,46.84242179440238,46.98417951576878,46.49653260818016,46.97850799560547,793200,0.0027799569701778726
2009-12-31,47.01253461175322,47.636267744708405,46.14497368945547,46.18466567993164,1081200,-0.017042389134919
2010-01-04,46.3604392697727,46.570237896390914,45.084619973887854,45.43617630004883,1579100,-0.016339208757188847
2010-01-05,45.288764981670255,45.88981642353152,44.92586550815745,45.81043243408203,1131000,0.008203225039367561
2010-01-06,45.77641628581524,46.16766474904212,45.37382045343296,45.5325927734375,832400,-0.006083453375442158
2010-01-07,45.294428501446156,45.7934184816163,44.75575085587442,45.470211029052734,1284100,-0.001370985322413148
2010-01-08,45.158337447980976,45.36246890413777,44.341811623353806,44.64234161376953,1281100,-0.018374636684445455
2010-01-11,44.931521871725394,45.43051177209481,44.39284431230142,44.94853210449219,1356700,0.006835331996677522
2010-01-12,44.489243942879476,44.88049664865449,43.95056631773913,44.217071533203125,1694800,-0.016407155902119854
2010-01-13,44.27945078734774,45.164022130527805,44.08666231484782,45.09030532836914,1346400,0.019556315644411102
2010-01-14,44.993890453229106,45.10729920218158,44.54026843572349,44.86347579956055,785100,-0.005043256808944752
2010-01-15,44.73306742838161,44.93719889880507,44.37016799787378,44.7784309387207,1438600,-0.00189743590803936
2010-01-19,44.73872481113099,45.77072055166816,44.71037154460316,45.72535705566406,1330800,0.020926431784025767
2010-01-20,45.4815636124578,45.56661914193165,44.85783027315609,45.22072982788086,1262300,-0.011097396796166642
2010-01-21,45.322766768019214,45.50421642996068,44.47222066652462,44.64799880981445,1944300,-0.012746119383700492
2010-01-22,44.63667447646817,45.03926590838829,43.94489606558195,44.041290283203125,2070100,-0.013681877420022833
2010-01-25,44.55161790757427,44.959880850203064,43.701071552465095,44.65935516357422,1502600,0.013936198107305916
2010-01-26,44.30779390376595,45.112976738483106,44.25676319961317,44.415531158447266,1222900,-0.005474598378280812
2010-01-27,44.52892474299077,45.36246064960345,43.95622246598114,45.339778900146484,1669900,0.020595559443922863
2010-01-28,45.51557670909345,45.708369499694626,43.99026625271437,44.540287017822266,1664300,-0.017790662727211724
2010-01-29,44.665002994243984,45.55524095360358,44.53458836561647,44.89748764038086,1834300,0.007987732770714672
2010-02-01,45.084629566317616,45.96352489481986,45.050604769438934,45.62897872924805,1303200,0.016161174499658405
2010-02-02,45.75938566885341,46.15630984046875,45.31143512581756,46.008880615234375,1392000,0.008291421583806875
2010-02-03,45.765058848858295,45.799079315107555,45.21503823861791,45.254730224609375,1056900,-0.016527234675960532
2010-02-04,44.95419856416675,45.260395697809834,43.41754570306823,43.47991943359375,2768200,-0.04000799073491321
2010-02-05,43.59333868756716,44.26810691494178,42.96960549621308,44.018611907958984,2080000,0.01231333308995896
2010-02-08,43.97891427410206,44.29078299283787,43.020635015454694,43.10568618774414,1531600,-0.02095762387026195
2010-02-09,43.530959548195256,43.65003984213751,42.720105201959775,42.986610412597656,1472800,-0.0027662370683539813
2010-02-10,42.92990699063947,43.60467511566883,42.37988635018048,43.12269973754883,1105000,0.0031608530603594166
2010-02-11,43.06032444557523,43.54797132619924,42.674743291735375,43.513946533203125,1133900,0.009031962159171953
2010-02-12,42.975267210064125,43.4685855905392,42.74278249277412,43.406211853027344,1325000,-0.002478935550652788
2010-02-16,43.70672347077457,44.36447677415653,43.55362277290168,44.27375411987305,1662100,0.019789482569659327
2010-02-17,44.52325989664532,44.857810343646754,44.336143006260194,44.65367889404297,1244300,0.008544654283873566
2010-02-18,44.51191359345355,45.52122762989323,44.506242074681055,45.3341064453125,1244600,0.015122952891421711
2010-02-19,45.44752084498986,46.570239439964155,45.31710185360304,46.326416015625,1650700,0.02165268782698901
2010-02-22,46.43983181231222,46.62128152819449,45.91816441991351,46.122291564941406,1215600,-0.004415957512859991
2010-02-23,46.00886927456208,46.4001218302016,45.46452033799015,45.54957580566406,1645700,-0.012495070233449162
2010-02-24,45.77640792100289,46.25838333616006,45.53825164756655,46.23003005981445,1282600,0.014828277279111981
2010-02-25,45.799099073330105,46.490877692852465,45.55527553245097,46.445518493652344,1091800,0.0046503921595272045
2010-02-26,46.547564384323,47.19398358866873,46.29807373071665,46.604270935058594,1707600,0.0034122075162678804
2010-03-01,47.307390472551475,48.31103331112705,47.09758747189888,47.98215866088867,1846800,0.029137059348695062
2010-03-02,48.2656579012909,49.025477012506904,48.14091044694769,48.27699661254883,1310000,0.006125939353140939
2010-03-03,48.19761292363092,48.560512251320745,48.05585523856141,48.07853698730469,1071400,-0.0041193255533009815
2010-03-04,48.04452326250187,48.75331178721297,48.04452326250187,48.67392349243164,1099300,0.01230757373482917
2010-03-05,48.98009667695167,49.6378541824196,48.8610207822238,49.56980895996094,1430700,0.01823852329815637
2010-03-08,49.64355418875579,50.03480254564978,49.428079690362665,49.66056442260742,1161100,0.001829187674255585
2010-03-09,49.55282754559931,50.06315619549213,49.33168585166279,49.722938537597656,1242500,0.0012552208630605478
2010-03-10,49.75697225979527,49.94976073105289,49.34303770959012,49.790992736816406,1106400,0.001367732315591514
2010-03-11,49.96810285713676,50.3622735726129,49.49395610639982,50.35655975341797,1339200,0.011294794831961115
2010-03-12,50.562185482870085,51.00776724768034,50.41365677514513,50.836387634277344,1129300,0.009483496417864267
2010-03-15,50.87064766126306,51.03630904001023,50.310811571774686,50.78495788574219,698600,-0.0010121840576477973
2010-03-16,50.89924784103978,51.9675052472321,50.727872514266,51.841827392578125,1122100,0.02059709592573092
2010-03-17,51.92750783347501,52.56160645197485,51.71614017451985,52.40736389160156,1175100,0.010849811684566274
2010-03-18,52.13313718816773,52.55015413447198,52.0303103156718,52.453041076660156,890000,0.0008711999150005195
2010-03-19,51.93321228027344,52.68727477724564,51.89321992427993,51.93321228027344,1352200,-0.009959799816745456
2010-03-22,51.698987764958126,52.60728833091322,51.63614886762439,52.4359130859375,1188800,0.009633206973645071
2010-03-23,52.19598429683322,52.727255828690765,51.756112022501156,52.6301383972168,1072700,0.0036972081806051138
2010-03-24,52.612996536237766,53.41847448433445,52.46446785307224,53.08714294433594,1541000,0.008645840833118923
2010-03-25,53.26992894598132,53.81262352969993,52.52729012349663,52.612979888916016,1660400,-0.008971914570427954
2010-03-26,52.727267894618784,52.950058811377474,52.235984242698265,52.6358642578125,1428800,0.0004348621487036296
2010-03-29,52.8415289548866,53.03004572581462,52.55589906864397,52.921504974365234,1015800,0.005412060111784076
2010-03-30,52.98431789317341,53.43561341494375,52.87006773809709,53.218536376953125,1271600,0.005596986287411034
2010-03-31,52.92719665318738,53.229963508619754,52.51017527603048,52.55016326904297,1493800,-0.012638559553140142
2010-04-01,52.812965128733076,52.93293351837485,52.413085024481354,52.78440475463867,1014500,0.004447578342364524
2010-04-05,53.01859334128524,53.78408334544506,52.875778464828066,53.572715759277344,1050700,0.014824121544899605
2010-04-06,53.24139622280392,54.36677840075732,53.11572276416805,54.09828567504883,1199400,0.009762593140674753
2010-04-07,53.93832583383627,54.235383241450265,53.092864137873825,53.22996520996094,1316700,-0.01618100366871699
2010-04-08,53.17284158797737,53.39563247062931,52.9157721675881,53.155704498291016,974700,-0.00139606629228829
2010-04-09,53.275673314551,54.121135110403465,53.110007501955515,54.05829620361328,951900,0.016837596272706586
2010-04-12,53.9497488708967,54.13826119457504,53.55557841905593,53.65840530395508,886100,-0.0074248975543313184
2010-04-13,53.704094623753,54.53813278141085,53.566989236855704,54.372467041015625,1177900,0.013219779139087113
2010-04-14,54.463877134916046,54.578131646781365,53.98402126017366,54.366764068603516,1055300,-0.00010489263827122077
2010-04-15,54.14969671161923,54.4467497788325,53.2471055192037,53.28137969970703,1160300,-0.02016609137018379
2010-04-16,53.281384002191274,53.818369451383816,52.43020837016287,52.47591018676758,1690500,-0.015232710454951002
2010-04-19,52.12744469039601,53.212838930965006,52.11602141471998,52.818668365478516,1123200,0.00651048504327106
2010-04-20,53.081450868499715,53.54988365337619,52.6701431825856,53.54417419433594,932500,0.013642303336390662
2010-04-21,53.32708485392989,54.25824082735135,53.28138303815208,53.91548156738281,1235600,0.006910665181891733
2010-04-22,53.48703330641264,54.943746989653135,53.18998024027148,54.78950881958008,1134500,0.016081066459651076
2010-04-23,54.71522942802544,55.21794053341831,54.332486642502204,54.92088317871094,1088200,0.0023949312281467848
2010-04-26,54.863762446336324,55.9263054561612,54.70381048500597,55.532135009765625,1394900,0.011068200420184237
2010-04-27,55.126531810457074,55.343608812306115,54.138251135967984,54.189666748046875,1501600,-0.024471622511750737
2010-04-28,54.34390907186864,54.869471070124405,54.14396913912312,54.338199615478516,1272900,0.0027372317386861835
2010-04-29,54.93803814195167,56.708942141680055,54.68097304912656,56.680381774902344,1469200,0.04220067881595405
2010-04-30,56.41185956506075,56.93170765407954,55.27505470404063,55.36074447631836,1639500,-0.023557391289736166
2010-05-03,55.57784515314008,57.4572896974528,55.57784515314008,57.18879699707031,1581100,0.03248726337938345
2010-05-04,56.6803754475896,56.903166332064934,55.53785630325879,56.13767623901367,2011900,-0.018550844682967076
2010-05-05,55.71493164941331,56.3775946818793,55.046559160654866,55.40074157714844,1228600,-0.01321419829302951
2010-05-06,55.137986128818454,55.68639929410822,50.86496587381519,53.84122848510742,2581900,-0.028553477125474028
2010-05-07,53.64698537062414,54.20681727785869,50.87637312127417,53.104286193847656,2680100,-0.013781858135512142
2010-05-10,54.54387930747761,56.26336790534963,54.18969671645428,56.21767044067383,2071900,0.05697348386062259
2010-05-11,55.5607065885013,56.54327373898825,55.395040791420165,55.90346145629883,2068600,-0.005604827593293732
2010-05-12,56.30333623025575,56.70892996165244,55.766355251497835,56.32618713378906,1782100,0.007533262055801671
2010-05-13,56.063413687554295,56.53184635925296,55.51500502495814,55.703521728515625,1519900,-0.011116190936585378
2010-05-14,55.36073807291964,55.4064355022676,53.01286211924061,53.60696792602539,2159000,-0.03836431341076797
2010-05-17,53.92117624456304,54.49243566392136,52.53301568118778,53.74408721923828,1401400,0.002554597485735273
2010-05-18,54.21253443226483,54.25823624418223,51.93320995285181,52.08744812011719,1862200,-0.03130965499927298
2010-05-19,51.85893751196223,52.85292783694063,50.962060257473254,51.870365142822266,1911200,-0.004176372819183804
2010-05-20,50.933498460447446,51.213414391524665,49.61959988390986,49.716712951660156,2254800,-0.04240647464721161
2010-05-21,49.09403820956149,51.79038349342816,48.89980773147091,51.68184280395508,2707800,0.03876536354227148
2010-05-24,51.72182288581414,52.03601291823995,50.767820802310624,50.78495788574219,1709200,-0.017506310684447374
2010-05-25,49.74526693193921,51.43619414231137,49.00262800839517,51.36764144897461,2146600,0.011408224295513721
2010-05-26,51.49332629028588,52.40734053534631,51.07059551913863,51.97318649291992,3905400,0.011719510803277815
2010-05-27,52.92149393937705,53.846936146845316,52.16743137126541,53.76696014404297,2117200,0.033931213575627714
2010-05-28,53.60129363118129,53.78409654357007,52.82438016393767,52.95005798339844,1506500,-0.015309987693578426
2010-06-01,52.28738104412141,53.18997209506167,51.40764089605656,52.09315490722656,1442000,-0.016315610717008343
2010-06-02,52.33878227070954,53.08713061101732,51.57900630292489,53.0528564453125,1897300,0.018255151619139987
2010-06-03,53.304233416235604,53.304233416235604,52.25883163049023,52.493045806884766,993600,-0.010608008005782097
2010-06-04,51.167726542270444,52.16171711032711,49.87667851630657,50.110897064208984,1854800,-0.046442209291230274
2010-06-07,50.333672357820866,51.05916996858954,49.42536753223261,49.4710693359375,1866500,-0.01285044985867237
2010-06-08,49.52251043885266,50.57934013277783,48.5799309546187,50.39082336425781,1980300,0.01842104154073709
2010-06-09,50.756390400768915,51.6189932060445,49.95662647021714,50.18513107299805,1547200,-0.004090293334793196
2010-06-10,50.83640487497362,52.036049500549126,50.44794806343463,51.98463821411133,1596800,0.03522946691858572
2010-06-11,51.48897068466571,52.68773000516284,50.97604081717764,52.601280212402344,1325700,0.011792202109059007
2010-06-14,52.86064820241008,53.304417512532844,52.38806081888089,52.739620208740234,1857000,0.002626521613435027
2010-06-15,53.039308400309224,54.01330124911915,52.676224416188816,53.961429595947266,1645600,0.02290254491278807
2010-06-16,53.817319176371605,54.38788507034331,53.41965723462513,54.00174331665039,1381600,0.0007468050723073244
2010-06-17,53.93836170131824,54.27263192009149,53.684781187955366,54.08244323730469,1418300,0.0014932792339601689
2010-06-18,54.34178152856318,54.34178152856318,53.73087734794368,54.07090759277344,1702000,-0.00021332015118270792
2010-06-21,54.67607227469467,54.75099310338252,53.28135942443098,53.5003662109375,1005800,-0.010607789824834273
2010-06-22,53.51763790682624,53.99598958854522,52.82604839849962,52.92978286743164,2148000,-0.010722315340294263
2010-06-23,52.93555729006212,54.180423915014224,52.7453686006356,53.70207214355469,2010300,0.014485404571105783
2010-06-24,53.35051677899907,53.63291538911997,52.47450287949302,52.54365921020508,1291900,-0.021807160163139352
2010-06-25,52.831815352837566,53.94412496111363,52.49754514170355,53.759700775146484,2301200,0.022879702250450704
2010-06-28,54.042100285472735,54.042100285472735,52.681974638509494,52.8548698425293,910100,-0.01697427758178205
2010-06-29,52.26125408949492,52.416860211231985,51.13165539271419,51.563899993896484,1885600,-0.024728037556039223
2010-06-30,51.54087015073015,51.95582586243755,50.48042728780886,50.66485595703125,1772300,-0.017589321273699998
2010-07-01,51.19504244756501,51.20080254202816,49.742698385453544,50.774322509765625,1480100,0.002158270539674559
2010-07-02,50.87808043686527,51.10284732167763,49.78305968697255,49.95595932006836,1101500,-0.016248960703785217
2010-07-06,50.906904995709915,51.11438282305806,49.010790871735495,49.43727111816406,1444100,-0.010437187889202356
2010-07-07,49.54676053357414,51.88087883652447,49.54676053357414,51.869354248046875,1923300,0.04802352305937273
2010-07-08,52.347706832879524,52.61281634220395,51.73679810554786,52.607051849365234,1595900,0.014122037479516458
2010-07-09,52.49179115426623,53.28711972435392,52.37076318036288,53.24101257324219,1022400,0.01197883604268406
2010-07-12,53.194911782460814,53.65597011953501,52.78571629751656,53.540706634521484,886400,0.005613223881505969
2010-07-13,53.91532801511314,55.22358680305159,53.91532801511314,55.021873474121094,1424600,0.0272885694412949
2010-07-14,54.687590916168695,55.45410579152245,54.393663332946616,55.03915023803711,1266900,0.0003139488163059067
2010-07-15,55.06221033172465,55.16018473872461,53.89226875031712,54.583858489990234,1126400,-0.008306547525125444
2010-07-16,54.09399081743946,54.34181132040577,52.405354459325125,52.66469955444336,1886700,-0.03579281356239727
2010-07-19,52.66470126880571,53.37358462730365,51.98463598715724,53.17763137817383,976400,0.009692451682810044
2010-07-20,52.37075722575923,54.48010858355657,52.163279466366774,54.43976593017578,1321900,0.023457033069323816
2010-07-21,54.95847945130101,54.95847945130101,53.27560761469579,53.558006286621094,1298400,-0.01632958197539805
2010-07-22,54.17465746734916,55.753789868742594,54.08820766645481,55.373416900634766,1464200,0.033334343048812276
2010-07-23,55.07371755720013,55.736493413674694,54.42823517623203,55.707679748535156,1026800,0.0060183751677494795
2010-07-26,55.52326629791529,56.94679277441918,55.361895658752445,56.87187194824219,974800,0.020682862623875434
2010-07-27,57.021699597679216,57.48852228133883,55.96702189302279,56.92948532104492,759900,0.0010125253179281174
2010-07-28,56.8488150437955,57.3732739873938,56.42233489425636,56.86610412597656,950100,-0.0011139482985306447
2010-07-29,57.36174835913515,57.86315375683697,56.60676241290035,56.87187194824219,1168200,0.00010142298060237055
2010-07-30,56.341640295965846,57.286814740299576,56.065001835591,56.54911804199219,1441300,-0.0056912706803039035
2010-08-02,57.22917813222602,58.693042419833205,57.22917813222602,58.62388610839844,1081500,0.03603261993665275
2010-08-03,58.226223207271225,58.88323458725577,57.94382465900184,58.422176361083984,1110800,-0.0034466763382588546
2010-08-04,58.70458576510486,59.01580243375652,57.99570262033942,58.773746490478516,821600,0.005999716977357332
2010-08-05,58.38760370320623,58.98121896319664,58.02451979388719,58.24928665161133,891200,-0.008963420895297808
2010-08-06,57.776709697917745,58.122504587279224,56.324369403791316,57.25225067138672,1069700,-0.017264891347619625
2010-08-09,57.39633634689318,58.4337254861959,57.24649466889903,58.329986572265625,881100,0.018649355863698622
2010-08-10,57.915006705180595,58.577782578382774,57.39055225740745,57.943824768066406,734000,-0.00664230783429408
2010-08-11,56.96407041928537,57.63837530755916,56.497247678727504,56.73930358886719,1025000,-0.02100684714753901
2010-08-12,56.116882819779654,56.76812983290512,55.90364054610961,56.38199234008789,888000,-0.006317332809229487
2010-08-13,56.28400721688479,57.11967827605953,56.08805406277005,56.57217025756836,958000,0.0033673499552354423
2010-08-16,56.324348216993435,57.062044876013644,56.12263057680788,56.74506378173828,603400,0.0030514980319784825
2010-08-17,57.26374834152451,59.03306888151106,56.912189150453926,58.97543716430664,1393400,0.03855236721297661
2010-08-18,59.02730143009225,59.02730143009225,58.393343778604276,58.479793548583984,851500,-0.008439752827440986
2010-08-19,58.22623747205688,58.33574086122111,56.318599085367104,56.808475494384766,1305300,-0.028995754098445584
2010-08-20,56.31283814566868,56.745082839200386,55.78838353730081,56.33589172363281,900700,-0.008353690609733472
2010-08-23,56.566412005645034,56.83728599729178,55.91516064776595,55.92092514038086,569100,-0.007393198649209538
2010-08-24,55.1774562208058,55.90362829372464,54.900822171992196,55.37916946411133,1097600,-0.009735121193204256
2010-08-25,55.25239336892902,56.72778700696626,55.17746815020315,56.456912994384766,963800,0.01927422476064831
2010-08-26,56.675907608259,56.91220342418436,55.6961549790048,55.915157318115234,1255800,-0.009642251355598755
2010-08-27,56.12262844535101,56.491476760852784,55.033372576600655,56.43960952758789,1008300,0.009335714598826672
2010-08-30,56.0188816473495,56.90642415488347,56.0188816473495,56.10533142089844,833600,-0.005940366343806369
2010-08-31,56.04771262345714,56.7047240186441,55.661575195886044,56.49148178100586,1067300,0.00685901959447295
2010-09-01,57.183064417649966,58.10518510590004,56.87761235188759,57.99568176269531,1629300,0.02627869355911188
2010-09-02,58.203168368812186,59.067657470703125,57.89771625633375,59.067657470703125,1480900,0.01831496828950434
2010-09-03,59.378894507238925,59.718929290771484,59.038864120726835,59.718929290771484,1089400,0.0109655199917372
2010-09-07,59.21753535858042,60.093549518733305,59.10227184175181,59.17719268798828,1193500,-0.009112834678689443
2010-09-08,59.41344718037051,59.741957232295384,58.79101842166604,59.015785217285156,1184000,-0.0027312548325974513
2010-09-09,59.58635637049746,60.03012993908747,58.093673850922116,58.37030792236328,695600,-0.01099761962240292
2010-09-10,58.572034395536534,59.148360637575934,58.19166136224108,58.87749099731445,609900,0.0086515268197624
2010-09-13,59.899805597814776,60.207668505120736,58.88327478900765,60.18443298339844,937400,0.021954869184715342
2010-09-14,60.08570479967627,60.48650549195514,59.57453201967854,60.12055587768555,804200,-0.0010619195815620877
2010-09-15,59.78943284791533,60.61427385553795,59.568702058075004,60.486480712890625,841100,0.0060680697971350365
2010-09-16,60.213491176810905,60.39937095802032,59.71393843386243,59.9753303527832,667700,-0.008486563889603102
2010-09-17,60.004393075729766,60.35291721147409,59.47579466499975,59.66167449951172,1145200,-0.00524347081901415
2010-09-20,59.504824861929265,60.44583934287445,59.16791636374519,60.31224060058594,1165800,0.010845232100661226
2010-09-21,60.32964824484486,60.48067691160311,58.639300697236905,58.69158172607422,1490400,-0.027238773438999626
2010-09-22,58.58122173453545,59.25503861873044,58.53475068768277,58.743865966796875,1914800,0.0008904337694348521
2010-09-23,58.25014591891119,58.616100015442655,56.76310729550298,56.78053283691406,1658000,-0.03399320326077602
2010-09-24,57.494988901328554,58.761296126021065,57.33815022561673,58.65092849731445,1223900,0.032409870893742185
2010-09-27,58.662558586724685,58.66836857697148,57.373015518828275,57.51823425292969,933100,-0.019501391155977963
2010-09-28,58.06424840487931,58.06424840487931,56.30419835086822,57.134849548339844,1695000,-0.006687759645368577
2010-09-29,56.72242982079691,56.91992514198457,56.09508392104189,56.356475830078125,1073600,-0.013717099883220299
2010-09-30,56.90249148913133,57.26844099592827,56.18801800942452,56.36808776855469,1713000,0.00020602321529449006
2010-10-01,56.78051655507698,56.925735267494055,55.973100868575905,56.914119720458984,1130000,0.009640281431518676
2010-10-04,56.710796536141494,57.00123389213638,56.397123659860334,56.61785888671875,1221200,-0.005218996618140169
2010-10-05,57.14646611494759,57.58793224157805,56.67595890486775,56.914119720458984,1886200,0.005218996618140146
2010-10-06,56.606250397451824,56.71661803327722,55.83369024184382,55.967288970947266,1622800,-0.01677606554410071
2010-10-07,56.310027838652495,56.60046535887377,56.025395877993745,56.42039108276367,1185600,0.008063242634779522
2010-10-08,56.55398094883237,56.85603394863799,56.20545689314162,56.73405075073242,1060400,0.005543935637922582
2010-10-11,56.83859474658975,57.094181060791016,56.565582898551625,57.094181060791016,699700,0.00632763078067014
2010-10-12,56.96056650118985,57.96548159106649,56.774686791306074,57.87253952026367,897600,0.013540794211969433
2010-10-13,58.13394175770672,59.3014967282888,57.85511994830481,58.83679962158203,1025800,0.016524505236496137
2010-10-14,58.8194014230742,59.78946157123459,58.709033759271435,59.34218978881836,1053500,0.008553013538166074
2010-10-15,59.73136005972854,59.90561985035746,58.54056488100951,58.64512252807617,887300,-0.011816107298917347
2010-10-18,58.430190473442984,59.202754974365234,58.430190473442984,59.202754974365234,819700,0.009463668246640458
2010-10-19,58.52316623382973,59.19117348413414,58.1514065249469,58.55221176147461,932700,-0.011049212604440278
2010-10-20,58.63932195049647,59.946290532736874,58.40116553556247,59.6093864440918,894000,0.01789418741176898
2010-10-21,59.95789839701165,60.18443921761714,59.36540361102569,59.748783111572266,467300,0.002335771927073753
2010-10-22,59.84752995727065,60.41097922255672,59.440919369808036,59.8765754699707,743300,0.002136543765070352
2010-10-25,60.230896637230444,60.335454256291534,59.27245253445743,59.41767120361328,822600,-0.0076936908997175864
2010-10-26,58.854228392460264,59.16209129512919,58.55217547806506,59.01106262207031,681300,-0.00686674873766584
2010-10-27,58.54059101099816,58.993672873282094,57.94229037584245,58.10493469238281,1202500,-0.01547433368283351
2010-10-28,58.41278307336952,58.679985016364725,57.40206190956605,58.01778793334961,866400,-0.0015009426824177997
2010-10-29,58.00620117062649,58.19208106807352,57.617015827804,57.63444137573242,1124300,-0.0066293224756068065
2010-11-01,58.0875111166029,59.82432645810621,58.052660028085064,59.644256591796875,1072500,0.03427752921735054
2010-11-02,60.004352779776944,60.25993461076677,59.85332413074533,60.015968322753906,635000,0.006212806751156721
2010-11-03,60.33547445947207,60.33547445947207,59.10401813726051,59.30732345581055,812700,-0.011877868736017204
2010-11-04,59.9520931198461,60.96281412442305,59.56290803147244,60.933773040771484,1189200,0.02705478974110076
2010-11-05,61.00926687194818,61.64242257702747,60.184425890764246,60.84081268310547,663900,-0.0015267615187681217
2010-11-08,60.80016104490387,60.92214421466194,60.31222836587156,60.4922981262207,795900,-0.005744771778195675
2010-11-09,60.747905940194215,60.747905940194215,58.41278605927144,58.80778121948242,1702500,-0.028241873420239493
2010-11-10,58.86585823462627,59.93467031873388,58.86585823462627,59.824302673339844,1213700,0.017137797804598627
2010-11-11,59.342173723751806,59.85334196980505,59.069161849343615,59.52224349975586,713000,-0.005061894595790734
2010-11-12,59.13305482609099,59.66745856413889,58.6799687716004,58.761295318603516,863700,-0.012866687736001133
2010-11-15,58.96461411172308,59.5164435106156,57.79124429669891,57.84933090209961,972800,-0.01564150779690993
2010-11-16,57.262642045560796,57.442711825465786,55.06112589880594,55.24119567871094,1997400,-0.04613291402166659
2010-11-17,55.36897601275854,56.05440833337858,54.95074552129922,55.49095916748047,789300,0.004511136131701407
2010-11-18,56.18222616807501,56.32163491592424,55.76980548321639,55.868553161621094,902000,0.006781557019347334
2010-11-19,55.93244703839932,56.45523535704168,55.55487745095072,56.37971878051758,945000,0.009107831124521366
2010-11-22,56.65274615585473,57.05355138141786,56.15900322147598,56.93156814575195,1041500,0.009740489996274776
2010-11-23,56.1357413747022,56.612058542404064,55.93824606620969,56.22868347167969,877100,-0.012422978982616772
2010-11-24,56.53077292773175,57.18135473151316,56.44945075622483,57.17554473876953,867600,0.0166992586752874
2010-11-26,56.62370506072961,57.28009230932959,56.62370506072961,56.93156814575195,415400,-0.00427627969267068
2010-11-29,56.542342541673115,56.73403226093408,55.82786912511479,56.6120491027832,849000,-0.005628143512332488
2010-11-30,55.89178742879551,56.42619130991403,55.76399423293584,56.112518310546875,1574800,-0.008862913801165712
2010-12-01,56.90249553172548,57.09418528154732,56.17640202336068,57.04771423339844,1062900,0.01652907905610775
2010-12-02,57.01868464783067,57.72154277382666,56.38552867638782,57.675071716308594,1366600,0.010937038032157537
2010-12-03,57.44274790098217,57.66928887336948,56.79797607750256,57.611202239990234,785000,-0.001108015389185754
2010-12-06,57.390441479962575,57.64021786243525,56.867653187377485,57.471763610839844,1195200,-0.00242327257304086
2010-12-07,58.087479235405596,58.197846864104214,57.634397606445106,57.94807052612305,1180700,0.008253514184922773
2010-12-08,57.92486242658519,58.05846121031281,56.93156659320025,57.268470764160156,1195700,-0.01179704990297338
2010-12-09,57.663441099403876,57.82027978166574,57.35557815565232,57.494991302490234,1259500,0.003947612391936969
2010-12-10,57.67507177165718,58.43601650441904,57.56470411787683,58.31984329223633,859500,0.014244564437384826
2010-12-13,57.96265325494812,58.64773903996633,57.76357162785053,58.161739349365234,1089100,-0.0027146616036571114
2010-12-14,58.161760910938646,58.952239991121395,57.84556838540131,58.09735107421875,813100,-0.0011076687680114307
2010-12-15,57.94508502101931,58.57746980782495,57.464942008960065,57.517642974853516,868400,-0.01002833520758677
2010-12-16,57.681599803575146,57.83969378363748,56.82085449564078,57.037506103515625,866600,-0.008382681822216378
2010-12-17,57.13706298990098,57.828001199572896,56.926267978996265,57.50009536743164,1597500,0.008077553103621704
2010-12-20,57.65819406702952,59.11618917493988,57.63477190269782,58.69459915161133,823400,0.020561108596481924
2010-12-21,59.01662037441804,59.040042527656084,58.448645443522494,58.82339096069336,589300,0.002191866292498445
2010-12-22,58.805824368070525,59.391364786166484,58.717992411892354,59.075172424316406,566200,0.004271160549557209
2010-12-23,58.92294598004749,59.326970403089994,58.65359785379249,58.706298828125,407900,-0.00626371530775343
2010-12-27,58.68286319714015,59.4030754315552,58.51305593466108,59.37965774536133,364900,0.011404679018982547
2010-12-28,59.38551617858519,59.62558992685046,58.9463608055024,59.561180114746094,390400,0.0030523159846860787
2010-12-29,59.7309885788563,59.9300702076193,59.41479616789193,59.5787467956543,393200,0.0002948915865747698
2010-12-30,59.61387874526674,59.812964844517275,59.397231612556006,59.40308380126953,364000,-0.002952772219678689
2010-12-31,59.39723043219486,59.88908231353436,59.28011965045721,59.38551712036133,353600,-0.00029576375005629024
2011-01-03,59.83639143294993,60.70884561908123,59.81882593086916,60.62101364135742,923300,0.020591215609121444
2011-01-04,60.62102475096813,60.85524191204839,58.97565690050761,59.133750915527344,1004600,-0.024839749838287694
2011-01-05,59.057636110529025,59.73100881755773,59.057636110529025,59.719295501708984,853500,0.009853333023923152
2011-01-06,59.649007906365135,59.95934363351033,59.19228259778935,59.590450286865234,586400,-0.002159844765068711
2011-01-07,59.906676005438676,60.00622133359059,59.227451021002096,59.57291793823242,567200,-0.0002942573547636124
2011-01-10,59.31525541109761,59.49091488359088,58.53062880520509,59.20985794067383,552600,-0.0061130264968704984
2011-01-11,59.50263556828705,59.602176395099015,58.636033541055525,58.99321365356445,465400,-0.0036656328261585936
2011-01-12,59.40309317327324,59.50263847226354,58.90538454760304,59.31526565551758,596200,0.005444289357950548
2011-01-13,59.39137547916169,60.257977419589544,59.285978006235595,59.93592834472656,453000,0.010409426904077847
2011-01-14,59.783669414598506,60.73224639892578,59.64899763450587,60.73224639892578,559900,0.013198668432051306
2011-01-18,60.679558081664055,61.39391817906254,60.503898618786614,61.3880615234375,601500,0.010740579355374449
2011-01-19,60.872799154917125,61.013327645562654,60.43950036948997,60.6737174987793,796200,-0.011704764355875594
2011-01-20,60.462933662530425,61.28269153232963,60.462933662530425,60.87281036376953,652300,0.003275997209453013
2011-01-21,61.218269017759226,61.78623962402344,60.70884710832053,61.78623962402344,756500,0.014894068493646983
2011-01-24,61.59885323781455,61.83307031007967,61.048448255408466,61.5520133972168,825600,-0.003798116199020264
2011-01-25,61.282666701472024,62.50058746337891,61.21825689347224,62.500587463378906,607100,0.01529339244544012
2011-01-26,62.65870394717758,63.04515843923099,62.18441300000777,62.65284729003906,646000,0.002433171763589329
2011-01-27,62.90462107257636,63.71266541829783,62.65283845895505,63.5428581237793,770900,0.014105481442399854
2011-01-28,63.60724838882739,63.75363348041594,62.27221706831065,62.34248352050781,832300,-0.019071497458357584
2011-01-31,62.52401447555034,63.84148061319993,62.43618250624313,63.81220626831055,769400,0.023301381011288775
2011-02-01,64.12837979417829,64.34503134079065,63.314479031712416,63.759490966796875,794600,-0.0008264420033061957
2011-02-02,63.378890014161485,63.97614370849027,63.378890014161485,63.900020599365234,765800,0.0022016328843616974
2011-02-03,63.67753143720417,64.4153137419468,63.513580806665736,64.29235076904297,653300,0.006120978813663024
2011-02-04,64.43286604322985,64.43286604322985,63.65409624038896,63.88831329345703,896300,-0.006304208465139253
2011-02-07,64.16934772375762,64.93640841576426,63.876577626722906,64.57337188720703,466400,0.010665671821649472
2011-02-08,64.61441552638301,65.04771439470565,64.40947717429266,64.53244018554688,536500,-0.0006340799437983597
2011-02-09,64.36262018641321,64.85447660200701,64.27478820498716,64.76078796386719,483900,0.0035322502038083385
2011-02-10,64.50900038968005,65.22336056513419,64.4445905727247,65.01256561279297,623900,0.0038802721497789346
2011-02-11,64.86619587998108,65.39904004362371,64.80178604773151,65.205810546875,765500,0.0029680154466802224
2011-02-14,65.26435087053451,65.55126449667434,64.80762994438378,64.99500274658203,476300,-0.0032381976605223243
2011-02-15,64.77837879864764,64.88963298311523,63.45505977233212,64.52659606933594,1052900,-0.0072329051460325484
2011-02-16,64.69638360602393,65.24093657607247,64.35091677517664,64.91889190673828,645200,0.006061192932267699
2011-02-17,64.667088562771,65.1589403952046,64.60267875604958,64.63780975341797,495100,-0.004339144030995644
2011-02-18,64.72564480649193,65.41072609182022,64.51484987757256,65.37559509277344,657400,0.011349495227605949
2011-02-22,64.67878498626831,65.9084187985527,64.6729283320585,64.91300201416016,942600,-0.007101082255124382
2011-02-23,64.80178560271564,65.05942492994461,63.71853624454418,63.818077087402344,1468300,-0.017011452700557483
2011-02-24,63.6599895101484,64.38020211347343,63.31451815302366,63.80051803588867,1058500,-0.0002751801429487948
2011-02-25,64.01129179168858,64.89545925983849,63.98201297769773,64.74321746826172,817200,0.014667635565561788
2011-02-28,64.87790420571476,66.19537063569913,64.49730189914405,65.72693634033203,1207400,0.015079885858921076
2011-03-01,66.0548190153456,66.16021647867697,64.27477544981548,64.3040542602539,1117100,-0.021886149912171176
2011-03-02,64.14597922939598,64.86619171860686,63.823930088808616,63.86491775512695,1166100,-0.006852488813534609
2011-03-03,64.35090891569294,65.19994094707462,64.35090891569294,64.70223236083984,1185500,0.01302551146902912
2011-03-04,64.7432017399346,64.97741879300267,63.59554309395162,63.88831329345703,837200,-0.012659250069617411
2011-03-07,64.10499908224926,64.52658464212165,63.689261245701566,63.9644660949707,790500,0.0011912578026635797
2011-03-08,64.08156877199367,66.20122301981344,64.08156877199367,65.920166015625,1037500,0.03011669213555074
2011-03-09,65.63909147010366,66.37687377695758,65.38730886753635,65.76205444335938,821900,-0.0024014122437700926
2011-03-10,65.25849943015507,65.48685991148334,64.4855860008932,64.66710662841797,861600,-0.016790317890876986
2011-03-11,64.63760623970205,65.5046320928897,64.43117258416123,65.33948516845703,596500,0.010343852966941272
2011-03-14,64.90301370128635,65.1507340455864,64.43116156935874,64.67888641357422,564100,-0.010161709169336456
2011-03-15,63.115894625413254,64.7850621074877,63.115894625413254,64.28372192382812,615400,-0.006128376769141852
2011-03-16,64.13036832131989,64.34859624746491,62.44350281154017,62.97433090209961,939900,-0.02057924356833504
2011-03-17,63.81184867780813,63.91211577446632,63.068683285105614,63.64670181274414,730000,0.010620308743284197
2011-03-18,64.41936965947588,64.55502411494965,63.42258435658641,63.475669860839844,1078300,-0.0026908254282801093
2011-03-21,64.10678759283903,64.87354192664293,63.72930756698423,64.41938781738281,952000,0.014757960188434407
2011-03-22,64.40168950691941,64.5373439908621,63.428497057247846,63.752891540527344,441500,-0.010400100359494057
2011-03-23,63.47567626812938,63.693904196767186,62.944843671590284,63.198463439941406,669500,-0.00873455231028418
2011-03-24,63.404883743201644,63.50515085146708,62.750191095255374,63.340003967285156,569500,0.0022371155471440406
2011-03-25,63.404894886646474,63.83546033886297,63.32232143004319,63.72929382324219,657600,0.0061272247607754345
2011-03-28,64.01237237784645,64.12443823216134,63.56411346050069,63.6171989440918,360200,-0.0017604710685845807
2011-03-29,63.475691971759005,64.36630657637544,63.33413357771691,64.32501983642578,587100,0.011064809108496249
2011-03-30,64.53143283532611,65.17432674918217,64.24242126862593,65.05636596679688,651700,0.011305396296088042
2011-03-31,64.82044064641012,65.5223149595181,64.79094820051745,65.41615295410156,646800,0.005515152190623758
2011-04-01,65.79955510112566,65.8644349091248,65.23923439558843,65.4692611694336,700100,0.0008115223319921365
2011-04-04,65.49873775689282,66.22420525249146,65.44565224506674,65.89981079101562,606400,0.006554832986680022
2011-04-05,65.62850334558573,66.02957644390156,65.19794229146129,65.5813217163086,668900,-0.0048446448788551115
2011-04-06,65.76416081995504,65.98828817856419,65.22153384653275,65.3335952758789,485600,-0.0037845455934119843
2011-04-07,65.26281971850919,65.45155972849831,64.32501455956053,64.87944030761719,837200,-0.006975596687132468
2011-04-08,65.10356745157554,65.12126562425927,63.87675964059351,63.994720458984375,600300,-0.01373019606333264
2011-04-11,64.20113813778136,64.68478457249275,64.00060389652047,64.13036346435547,551800,0.0021173536343331925
2011-04-12,63.8708643012759,64.08909677905079,63.729310410244196,63.80598449707031,629100,-0.005070953916681015
2011-04-13,63.99467887412305,64.04775985793096,63.39896677854474,63.56411361694336,469200,-0.003797927055755479
2011-04-14,63.340025349639504,64.7909649646518,63.233858816837795,64.67300415039062,736400,0.01729480812845362
2011-04-15,64.79097625796408,65.93521525539252,64.66121663970921,65.74647521972656,819900,0.016462192876485454
2011-04-18,65.05047316848531,65.39256577194438,64.82044646958737,65.22151947021484,448000,-0.008016593094240214
2011-04-19,65.41619237928039,65.93522644042969,65.3336143809957,65.93522644042969,475700,0.01088337485045179
2011-04-20,66.66067663890082,66.66067663890082,66.05316984714246,66.2655029296875,660800,0.004996601425303866
2011-04-21,66.56040983657857,66.56040983657857,65.92930997680457,66.23601531982422,750000,-0.00044509090521607954
2011-04-25,66.3598893387396,67.53361643425754,66.24782338241207,67.16793060302734,731600,0.013971557380932984
2011-04-26,67.49820987966332,68.27086356950468,67.04405129104028,68.09391784667969,665900,0.013691986624381754
2011-04-27,68.20595051529301,68.83705001911306,67.94053656038264,68.7603759765625,603200,0.00973975137732843
2011-04-28,68.67192815738288,70.11696821556808,68.4890875663246,69.98721313476562,704500,0.017684907405544518
2011-04-29,69.90461383309128,69.96949360364331,68.50086093369619,69.1909408569336,686000,-0.011442614278124612
2011-05-02,69.42099785041256,69.69821071853585,68.48909660214535,68.94915008544922,617900,-0.003500663952898527
2011-05-03,68.87835569022684,69.35610274051133,68.04672176936435,68.60114288330078,674400,-0.005060082929395023
2011-05-04,68.37112083446772,68.78988751807388,68.10570678849295,68.62474060058594,691100,0.0003439251680318084
2011-05-05,68.44190047504533,69.30302690769571,67.95235460924943,68.39471435546875,701700,-0.0033575737297624635
2011-05-06,68.41832622273492,69.59795253692,68.0762335116411,68.43601989746094,774100,0.0006037465701312369
2011-05-09,68.70729630586823,69.5212409030501,68.29442911883021,69.38558197021484,697100,0.013779800630748113
2011-05-10,69.4976573014753,70.77755025527854,69.40328507450884,70.69497680664062,721200,0.01869542762873867
2011-05-11,70.49444251335916,70.61830719403132,69.89283527826863,70.27621459960938,874400,-0.00594112080070248
2011-05-12,70.04029710172587,70.39418401867765,69.19686429136739,69.32072448730469,845000,-0.013689484027881962
2011-05-13,69.55076150924212,69.55076150924212,68.5480810127225,68.61296081542969,544700,-0.010262466083044921
2011-05-16,68.56576199760293,69.1437807238684,68.25906121422192,68.96683502197266,572400,0.00514428713591482
2011-05-17,68.82527413248371,69.25583506325964,68.64832844865633,69.03170776367188,618400,0.0009401946595735784
2011-05-18,69.2027442190349,69.53893737057551,68.63062502257287,69.41507720947266,548000,0.005538162922930221
2011-05-19,69.59791314495733,69.77485879190193,68.73088757477532,69.1909408569336,558800,-0.0032341531923831116
2011-05-20,69.16737434701442,69.16737434701442,68.4301080350103,68.46549987792969,754100,-0.01053997460566291
2011-05-23,67.95236574083758,67.96416452262255,67.06764610346893,67.0794448852539,885200,-0.020452305468977777
2011-05-24,67.321260709264,67.63976029408838,67.12662132410748,67.13842010498047,701000,0.0008787984151936392
2011-05-25,66.94379300373132,67.97596602361263,66.51912681270767,67.4569320678711,622800,0.004732890880865259
2011-05-26,67.25048444131129,68.58936263374568,67.0027640312287,68.1764907836914,537400,0.010610444703549386
2011-05-27,68.35930989933958,68.53035616503958,68.09979080656511,68.40059661865234,476300,0.0032817515786335233
2011-05-31,68.62476541514903,69.82208549980096,68.565784994707,69.79849243164062,1241700,0.020230864049132536
2011-06-01,69.58612921802663,69.58612921802663,67.82848476332721,67.95824432373047,777900,-0.026718948629604874
2011-06-02,67.96415560451574,68.59525534969718,67.68694276786213,67.86388397216797,702600,-0.001389469712006615
2011-06-03,67.10302537331218,68.64833710724511,67.10302537331218,68.37112426757812,786800,0.007446582870325067
2011-06-06,68.35343610984589,68.59526162775421,67.45102283553749,67.4923095703125,614000,-0.012936916567186455
2011-06-07,67.78129417989629,68.97861359024009,67.69872073779776,68.22955322265625,619500,0.010864143602806462
2011-06-08,68.04673834495195,68.9196592050191,68.04673834495195,68.5539779663086,580800,0.0047436317688792345
2011-06-09,68.63653076490078,68.63653076490078,67.67513283033398,67.82258605957031,682000,-0.010726167273820498
2011-06-10,67.52769350237818,67.63386002928046,66.11214131032004,66.1888198852539,1053500,-0.02438370242198787
2011-06-13,66.09957885098528,66.94426278381881,65.71292634872538,65.95086669921875,765400,-0.003601543932721534
2011-06-14,66.70633170013247,66.78366039599301,66.09363827587289,66.56951904296875,931300,0.00933677991584198
2011-06-15,66.09366124993348,66.26616797451044,65.05862544080868,65.26087188720703,985900,-0.019854149470605934
2011-06-16,65.4274046881887,66.30778272668913,65.1418798648025,65.84974670410156,841100,0.008982930338637295
2011-06-17,66.3375091740153,66.8490792968288,65.86163305073984,66.48622131347656,1103500,0.009619146276621093
2011-06-20,66.2007191915229,67.11678682855074,66.2007191915229,66.736083984375,623900,0.003751068010936462
2011-06-21,66.85504637495602,67.08108725170287,66.54572704160056,66.82530212402344,587300,0.0013359872268201853
2011-06-22,66.7122895538387,67.12868187182865,66.3910706778168,66.43865966796875,511300,-0.0058026721664515375
2011-06-23,65.48095327301931,65.54638700036871,64.14848876911881,64.70169830322266,1309000,-0.02649166091802444
2011-06-24,65.37386639785574,66.1590664205721,65.29653317017556,65.86759185791016,1258300,0.017859092919797454
2011-06-27,66.06389659775576,66.42675467566605,65.84380547853297,66.08174133300781,744000,0.0032459377845132694
2011-06-28,66.34942708355693,66.68254091604672,65.92708503498292,66.53382873535156,599600,0.006818040346368586
2011-06-29,66.92048788747954,67.6045648935521,66.6765977087772,67.53913116455078,817500,0.014996629757862933
2011-06-30,67.4736893567538,68.02689883858656,67.08108702975322,67.8187026977539,658800,0.0041308570442648365
2011-07-01,67.93172792872481,69.03814700741297,67.78301573576496,68.88943481445312,696200,0.01566481749167135
2011-07-05,68.8180243401904,69.93633788513769,68.37783318308301,69.8768539428711,801000,0.014231638003063695
2011-07-06,69.67464500011204,70.37656683304154,69.31178683420478,70.25759887695312,530800,0.005434008030438402
2011-07-07,70.8524044679131,70.92973313831601,70.42411282619335,70.73343658447266,464300,0.006749925803685985
2011-07-08,69.82930075309305,71.08443209286237,69.82335099431768,71.02494812011719,650100,0.004112800059971247
2011-07-11,70.04346086969298,70.96547851813207,69.96613214329851,70.42416381835938,789700,-0.00849475696639089
2011-07-12,70.37057320299553,72.08373509917406,70.30513951065883,71.22120666503906,795500,0.011254180161360735
2011-07-13,71.42944739460165,71.49488112786837,70.29923372893752,70.35276794433594,1019600,-0.012268492367922665
2011-07-14,70.67398126984668,70.86433269567857,69.73412365761563,70.09697723388672,763700,-0.0036424557827831605
2011-07-15,70.30516052952457,71.07846101999718,69.86496927886932,70.90000915527344,669300,0.011390890328585895
2011-07-18,70.72752766578763,70.8167558990539,69.72223167843819,70.24569702148438,746200,-0.009271508692818231
2011-07-19,70.43011307513561,71.48894342719504,70.18027761779652,71.46514892578125,561600,0.01721084928241587
2011-07-20,71.32238378867777,72.13732387452565,70.85840237430135,72.0005111694336,522000,0.007463315309263464
2011-07-21,72.51205597757153,73.45191799384706,72.33359955583074,73.13069915771484,750300,0.015575021148274018
2011-07-22,73.31510237460951,73.57088749749045,72.91655483426852,73.30320739746094,423500,0.002356125348403804
2011-07-25,72.541796968396,73.48760875896699,72.38118981666491,72.88681030273438,473200,-0.005696671049846333
2011-07-26,72.85707418310851,73.20803275413492,72.20273695181243,72.9522476196289,591600,0.0008973908940197071
2011-07-27,72.8511119215961,72.8511119215961,70.85242017601315,70.90000915527344,1120400,-0.02853452223971221
2011-07-28,71.07845783447179,71.8577125853466,70.28136289009248,71.00112915039062,602400,0.0014252177740251945
2011-07-29,70.45389145569416,71.4056486027845,69.94232113819511,71.16175842285156,736000,0.00225979288349526
2011-08-01,71.75066976709259,72.0956786502177,69.9958629403499,70.66804504394531,1177400,-0.0069620821724545616
2011-08-02,70.19215167341,70.84648438303735,69.16306135116092,69.24039459228516,1089400,-0.02040906195426813
2011-08-03,69.35936804471163,69.84714387124808,67.3844702423523,69.6448974609375,1143700,0.005825008630186757
2011-08-04,68.8240109983581,69.46049909435837,65.9152004482102,65.92115020751953,1333800,-0.054950103843050546
2011-08-05,67.05136286530241,67.05136286530241,64.52920502079468,65.6177749633789,1685400,-0.004612714930723112
2011-08-08,64.36264260741504,64.69576104354613,60.680531377616745,60.71622085571289,2105400,-0.0776357267758729
2011-08-09,60.87683391828978,67.41422656152886,60.5377702286574,67.08110809326172,2745000,0.09969156352101641
2011-08-10,65.4452723491785,68.52658975587578,64.89206270443994,65.20733642578125,1962600,-0.02833047132950604
2011-08-11,65.52257175777075,71.14388900311315,65.43929331993861,69.9006576538086,1816700,0.06950307322031347
2011-08-12,70.34087354316202,71.67928339916298,69.23445436580097,69.5794677734375,1061800,-0.0046055371274750425
2011-08-15,70.13858393049549,71.35207079228118,69.91253861169861,71.27474212646484,1734100,0.024072496220835217
2011-08-16,70.59665024098207,72.44068046900998,69.93636776158567,71.5424575805664,1507600,0.0037490689948264247
2011-08-17,71.91718890783875,73.20205938562518,71.36992934393591,71.5959701538086,1351600,0.0007477038358219197
2011-08-18,69.88282915985731,70.75725296026692,68.17561171095794,68.89537811279297,1415100,-0.0384496949365922
2011-08-19,67.6402499626758,69.78170452793269,67.63430020451699,67.78301239013672,1209300,-0.016277485843511883
2011-08-22,69.02029659659074,69.24039225787935,67.71163122145705,68.5860595703125,1320100,0.011777691985951409
2011-08-23,69.04404243670332,71.08437230015745,68.6157509318579,71.07842254638672,1237100,0.035694509568992096
2011-08-24,70.48957209100894,71.70901376108212,69.62704327738143,71.4056396484375,1120300,0.004593042509581121
2011-08-25,71.64360123094602,72.2562948569546,69.3712786695822,70.05535125732422,880800,-0.019091191066239518
2011-08-26,69.76980020677513,71.50675721300952,68.22913981013669,71.44727325439453,1045000,0.019674078825261055
2011-08-29,72.57751061573032,73.33296667040014,71.2866851415257,72.83924102783203,971800,0.019295094430301665
2011-08-30,72.7618934028223,73.9159013426113,71.80418662485346,73.36863708496094,880400,0.007241721547875959
2011-08-31,73.65415828357034,73.87425391375348,72.86300850467049,73.60062408447266,1044900,0.003156948471227634
2011-09-01,73.68986918942157,73.99324335424552,71.91722227130639,72.11946868896484,1156200,-0.020329473841026832
2011-09-02,70.79889120498717,72.26816823937645,70.41224317558829,70.54310607910156,1051800,-0.022100074551557956
2011-09-06,68.38380955284472,70.85838245154308,68.38380955284472,70.72156524658203,839700,0.002526594381188702
2011-09-07,71.84581993366,73.59467643427789,70.67396735540025,73.5411376953125,968900,0.03909439508588823
2011-09-08,72.92248657509553,74.2430511729377,72.67860101277702,73.6719970703125,1031500,0.0017778224704620852
2011-09-09,73.05337338873942,73.44002598313122,71.29262163687052,71.77445220947266,1193900,-0.02609417472635808
2011-09-12,70.97703372717508,72.38602567123833,70.65926263318707,72.32606506347656,706000,0.0076559829041115395
2011-09-13,72.45797009584608,72.50593675166209,71.32478415471725,71.97831726074219,909000,-0.004819652325000374
2011-09-14,72.45194710172662,73.45323124131374,70.97101487363634,73.09349060058594,1149800,0.015374390413950565
2011-09-15,73.81897513939914,73.8909205290589,72.96159084259742,73.69905853271484,789100,0.008250709875905557
2011-09-16,73.88492758857413,74.16072892040263,72.53589665012015,73.71105194091797,1439200,0.00016272165038142165
2011-09-19,72.38601464536659,73.05752943623251,72.17616169886955,72.26609802246094,1008500,-0.01979763427188176
2011-09-20,72.74573521031782,73.30333477287313,72.29605829130062,72.33802795410156,893300,0.0009948531839942124
2011-09-21,72.21812557501063,73.11148719011317,69.85582547282782,70.065673828125,1211600,-0.03191696559577006
2011-09-22,69.2023053633017,69.84384449685359,67.75734535614454,68.77061462402344,1558000,-0.018656459084128423
2011-09-23,68.54877507021462,68.77061283509668,67.18774988181929,68.1710433959961,1345900,-0.008756649625793434
2011-09-26,68.62672657780887,68.85456134820221,67.70938594587598,68.77661895751953,1127900,0.008843955394780079
2011-09-27,70.04768923505631,70.39544056074946,68.74062785085722,69.08238220214844,1449300,0.004435890923845561
2011-09-28,69.25025481381935,69.78387112998644,67.6434088914424,67.76332092285156,1004300,-0.01927867815012064
2011-09-29,69.08838886405091,69.15433729431466,67.32565323951088,68.12907409667969,1060400,0.005382995228931957
2011-09-30,67.46351102375327,68.21297237547371,66.66608762202803,66.76201629638672,1130800,-0.020269753948947537
2011-10-03,66.07255066940891,67.09781844051497,63.38048515602432,63.422454833984375,1514800,-0.05131632457090449
2011-10-04,62.65500140773465,66.0845390587911,62.007465367111806,65.89867401123047,1800000,0.038300344150962534
2011-10-05,65.79675151812366,66.30638464625582,62.98477385023358,65.92865753173828,1418300,0.00045489081321615897
2011-10-06,65.59889417616088,67.16976317060148,65.0952534713523,67.00188446044922,1110300,0.016147534377185958
2011-10-07,67.40356436913343,67.40356436913343,64.80143639112727,64.89137268066406,1444100,-0.03200606289837918
2011-10-10,66.32435699320163,68.74062051773414,66.11450408068137,68.70464324951172,1058000,0.05710210190110809
2011-10-11,68.23101311250437,68.45884788302617,66.97191346274298,67.19975280761719,731500,-0.02214721520925936
2011-10-12,67.55946538883892,69.23826117115652,67.01985213206893,68.56674194335938,878800,0.02013803678728075
2011-10-13,67.97318220018596,68.65669092686286,66.95990848504591,68.0511245727539,691300,-0.007548351207235578
2011-10-14,68.81854508868855,69.09434634389163,68.1050563490081,68.89649200439453,692100,0.012346007774260735
2011-10-17,68.62669313578068,69.29821231641768,68.03911785527971,68.26695251464844,1056400,-0.009179470703794684
2011-10-18,68.3089330402047,70.66524065869982,68.09308771833103,70.323486328125,883800,0.02968003847820741
2011-10-19,70.15558847499719,70.49134573976474,68.95045318631414,69.15430450439453,980400,-0.01676552522140267
2011-10-20,69.32819532050661,69.77187988841236,68.05711135394056,69.56202697753906,845700,0.00587852407756751
2011-10-21,70.42543587717,71.78646126093601,70.28154047194866,71.74449157714844,947300,0.030892250199507205
2011-10-24,71.77444051783,73.8909194197626,71.39671350473449,73.82496643066406,909000,0.028585893666217138
2011-10-25,73.48321220549116,74.32860711718547,72.60184459946117,73.4172592163086,1364900,-0.005537925748518855
2011-10-26,74.20868486076257,75.01810701647942,73.62110955105673,74.76029205322266,1035400,0.018127841957291013
2011-10-27,77.39239714887263,79.26305021508468,76.03137243790405,78.42964935302734,1514800,0.04791514726379927
2011-10-28,77.53032467773056,78.92133020319187,77.53032467773056,78.85537719726562,1026600,0.005413469969283094
2011-10-31,77.65621846953553,78.90931611362103,77.28447928159565,77.37442016601562,1063700,-0.01895926919567197
2011-11-01,76.00141098414922,77.56029035666194,75.61768697166458,75.7076187133789,1411900,-0.02177743827620027
2011-11-02,76.91875516442083,77.15858841633613,75.68964062522794,76.36715698242188,1160800,0.008673922432650026
2011-11-03,77.00269137174288,77.00269137174288,74.86223343441489,76.30120086669922,1144500,-0.0008640443999699896
2011-11-04,75.56970916802914,75.56970916802914,73.38128048054925,74.8382339477539,1248600,-0.01935977349512457
2011-11-07,75.00012317745282,75.45579713621164,73.86693754168023,75.2459487915039,798300,0.00543316209957821
2011-11-08,75.40783502921859,76.12732099280294,74.35259626825666,75.98941802978516,1061900,0.009832028619856622
2011-11-09,74.46651655157329,75.084076866917,72.79971437606169,73.07551574707031,1183000,-0.0391007253922182
2011-11-10,74.07081657684851,74.85025418221532,73.45925312522836,74.39458465576172,916100,0.017889783555405988
2011-11-11,75.35985188309898,75.93543774839083,74.6463630933545,75.34186553955078,792600,0.012652811260356136
2011-11-14,74.8022873605469,75.07808876414691,73.3513257859876,73.759033203125,901400,-0.02123249173585285
2011-11-15,73.44123884258687,75.5817009605399,73.28535412540747,74.98812866210938,949400,0.016526344673255245
2011-11-16,74.17872422162425,75.68364464210651,73.98086522892372,74.42454528808594,714200,-0.007544019285907538
2011-11-17,74.22069404143473,75.07208146252866,73.65110038626662,74.01683807373047,1123900,-0.0054931883594614575
2011-11-18,74.49647036073846,75.19796520110025,73.95086021311275,75.01210021972656,916900,0.013356827928617162
2011-11-21,74.02883325244119,74.3526012716889,73.05752919469806,73.8549575805664,893000,-0.015546299654664196
2011-11-22,73.83696339255673,75.13203075771725,73.71704678277737,74.29862976074219,850600,0.005989372440350497
2011-11-23,73.64510886789125,74.19671160582355,72.78172748723104,73.08750915527344,1230500,-0.016435030805382698
2011-11-25,73.10547402949753,74.6343773462271,72.9555817268515,73.32731628417969,321400,0.0032757248812946772
2011-11-28,75.76158807756245,75.76158807756245,74.3705872832419,75.47978973388672,1050900,0.028931731129263002
2011-11-29,75.88748518523208,76.14530016403711,75.1799932369544,75.91146850585938,873900,0.005702838419150843
2011-11-30,77.37443128230515,79.17913184504661,77.12261323741352,79.08319854736328,1639600,0.04093267127074851
2011-12-01,78.8013904575388,78.87933739585421,77.05064916050486,77.64422607421875,806000,-0.018363255985580394
2011-12-02,78.3937140710295,78.9812896339781,77.50035220031924,77.67423248291016,745700,0.00038638561499361083
2011-12-05,78.67550304814688,78.80740905751288,76.69692205636052,77.03868103027344,1026600,-0.008215927336057693
2011-12-06,77.02666546679116,77.75814071395597,76.74486717573417,77.4163818359375,630900,0.004890763067582833
2011-12-07,77.21250220798933,78.28573594022416,76.44505454911754,78.01592254638672,581200,0.007714531239185767
2011-12-08,77.63824163027225,77.7341657772187,76.21726056534165,76.45708465576172,645700,-0.020183342537331832
2011-12-09,76.91874334542806,78.32174249462035,76.52902695041456,78.04593658447266,626800,0.020567985378614758
2011-12-12,77.41176351970027,77.5808764135006,76.05281469854371,76.8259048461914,790300,-0.01575569794355516
2011-12-13,77.0493710809633,77.74998223555215,75.43071200355827,75.76290130615234,834900,-0.013933141804361011
2011-12-14,75.55150240028871,77.18828459504138,75.29179663941682,76.7051010131836,946900,0.012359468040393942
2011-12-15,77.38763285940934,77.50239004833934,76.43938384853676,76.7474136352539,782100,0.0005514751353485888
2011-12-16,77.20640620222487,78.23316559398326,77.05541190296744,77.54463195800781,1026800,0.010333979491033925
2011-12-19,77.84059122716357,78.39020352263735,77.17017150047731,77.20641326904297,802100,-0.004371139813541033
2011-12-20,78.28756357721709,79.21164845007159,77.85874469685486,79.0364990234375,977600,0.02342723171328011
2011-12-21,79.12103196654273,79.54985993527819,78.72240470816264,79.4411392211914,709000,0.005106601556726651
2011-12-22,79.57401044115888,80.80612009619209,79.42301611394605,80.44977569580078,916300,0.01261672503165659
2011-12-23,80.84237163988665,81.313473233605,80.64909446504684,81.2409896850586,485000,0.009786833561329778
2011-12-27,81.23493516504756,82.54556461160924,81.05374015791847,81.96575164794922,599900,0.00888157831243607
2011-12-28,81.96579420657837,81.96579420657837,80.86655068427932,80.8967514038086,665700,-0.01312782963152696
2011-12-29,81.30138570306839,81.98388300941507,80.78800130548618,81.65773010253906,490000,0.009362821015738222
2011-12-30,81.90537814564213,82.24360402567179,81.20476212788698,81.21080780029297,592300,-0.005488149273852321
2012-01-03,82.56369768564626,83.62670366557957,81.0416722608997,81.65169525146484,889000,0.0054142423200571905
2012-01-04,81.23493566299356,81.53692427140618,79.27200970831157,79.33844757080078,1052400,-0.02873973351563269
2012-01-05,78.95795717156325,80.43769985061098,78.9036014213529,80.34710693359375,959900,0.012633237626878496
2012-01-06,80.39540619037176,81.09602196056167,79.8699489707097,79.89410400390625,789300,-0.005654027872574229
2012-01-09,80.03907417112548,80.46789289208648,79.48945261770463,79.79747772216797,472000,-0.001210161393433817
2012-01-10,80.5222259835986,81.33758948422087,80.31686677927225,80.70945739746094,550100,0.011363863982776091
2012-01-11,80.46184917209715,81.17453789625951,80.05113985393267,81.06582641601562,596400,0.004405735988785706
2012-01-12,80.83630603716743,80.93898105499939,80.06321596034748,80.7879867553711,836000,-0.003433220733062214
2012-01-13,80.08135899730621,81.51279166182076,79.9182917393957,81.5007095336914,737200,0.00878345044067846
2012-01-17,82.53955984609117,82.5757970182371,81.34972354215594,81.45843505859375,668700,-0.0005188352718928518
2012-01-18,81.27720746630027,82.4187238826109,81.01749250599696,81.86910247802734,657700,0.005028769686462011
2012-01-19,82.0503269345883,82.2858777331695,81.53694249913447,81.9355697631836,789700,0.0008115432593562522
2012-01-20,82.03219444124792,82.26774519988717,80.83631285188423,82.0382308959961,1196100,0.0012521652338785346
2012-01-23,81.97179156236581,82.33418159192048,81.34365007326589,82.12882232666016,616800,0.0011036494604864263
2012-01-24,81.41614642898958,82.17715455173338,81.41614642898958,81.89933013916016,835400,-0.002798206695533029
2012-01-25,81.62751925681142,82.27377931901678,81.4765249487404,82.0865478515625,930800,0.0022833404441503957
2012-01-26,82.13488262702876,83.0589672294326,81.95368757997717,82.53350067138672,831100,0.005430127400424151
2012-01-27,82.37041864901633,83.324703790757,82.06238435949041,83.05895233154297,808400,0.0063463450685266555
2012-01-30,82.24355112139425,82.87772884648845,81.84492406951125,82.84149169921875,764500,-0.002621581372366014
2012-01-31,83.02874296956315,83.94074518590308,82.85963009787045,83.86827087402344,1081400,0.01231832068660135
2012-02-01,84.29710363398695,84.6413658514307,83.4394478856333,83.66292572021484,868400,-0.002451427087230571
2012-02-02,83.88640387059829,84.41790682496585,83.73540955092223,84.10383605957031,655800,0.005256242056567526
2012-02-03,84.90109401393738,85.45070635623239,83.78373231558683,85.36614990234375,1128800,0.014897472038558476
2012-02-06,85.00979149086636,85.14266721306679,83.47569344722622,83.89847564697266,858400,-0.017342206432907493
2012-02-07,83.63877269648343,84.30315140312135,83.35490263237105,84.18235778808594,491800,0.003377927218058403
2012-02-08,83.9951324348753,84.51454409585367,83.5723409274402,84.27295684814453,510400,0.001075645122738844
2012-02-09,84.1823498002916,84.68365201028561,83.14350822082763,83.46361541748047,572000,-0.009650223569869817
2012-02-10,82.90796221143951,83.56025876720885,82.70864860695762,83.17371368408203,515900,-0.003479436779688422
2012-02-13,83.75957290710733,84.78029608406258,83.41531061634959,84.6111831665039,531300,0.017135089995272523
2012-02-14,84.29710363398695,84.42393368716486,83.30053570778483,83.66292572021484,606300,-0.011270509648730019
2012-02-15,83.89850860687747,84.01326579531168,82.37648287389491,82.66638946533203,615200,-0.011982832707348835
2012-02-16,82.7932276335525,84.4179284031122,82.7932276335525,84.27900695800781,745800,0.019319701964304648
2012-02-17,84.26084738775624,84.42392379583937,83.35488167878732,83.79579162597656,955600,-0.005750019247018559
2012-02-21,84.00115605106492,84.00115605106492,82.53953222911674,82.73884582519531,1044400,-0.01269357544812275
2012-02-22,83.04688635909972,83.13144282020865,82.06844599255888,82.27379608154297,767900,-0.005636549654911156
2012-02-23,82.08657309309122,83.5965166381074,81.63962648601938,83.58443450927734,876500,0.015804650811165305
2012-02-24,83.5119162309871,84.41183621213442,82.14088563296825,82.81733703613281,839000,-0.009219888707018637
2012-02-27,82.49124963212591,82.54560539633286,81.71815915463124,81.91747283935547,1005300,-0.010925112281305932
2012-02-28,82.0563406209921,82.59387994633715,81.36780699958427,81.55503845214844,715200,-0.0044342009331886836
2012-02-29,81.6214858557726,82.06843234212955,80.80007642049806,80.97523498535156,1440000,-0.007134743750634454
2012-03-01,80.93295903137226,81.21079264724965,80.70344470590669,81.02355194091797,1145300,0.0005965101086972877
2012-03-02,80.93296198273676,80.93296198273676,79.84580094873134,80.57057189941406,1144200,-0.005606407179126119
2012-03-05,80.03302536671981,80.73364121732493,79.16330583240794,80.63096618652344,1121200,0.000749301658683726
2012-03-06,79.80352510560455,80.2685809998967,79.14518283203711,79.32637786865234,1125500,-0.016312064355592154
2012-03-07,79.44716839247425,79.72500199992152,78.36001664706313,79.14517974853516,1303500,-0.0022868229707240723
2012-03-08,79.26597040340197,79.38676399923096,77.9372132014012,78.118408203125,1631800,-0.013058154767712403
2012-03-09,78.29357132755543,79.36260438989454,77.96741846219412,78.951904296875,1069200,0.010613131203706966
2012-03-12,78.99455129594581,80.09702598401954,78.69608754903878,79.28083038330078,882000,0.00415750332415781
2012-03-13,79.46356526148767,81.05941182185181,79.46356526148767,80.72440338134766,911200,0.018044561837925126
2012-03-14,80.59040693837304,81.16905286129466,80.23103844135754,80.68177795410156,746200,-0.000528175908559996
2012-03-15,81.3273915457094,81.61975822654158,80.41982521654322,81.51012420654297,1003400,0.010214485970870494
2012-03-16,82.24718016230293,83.1791070406747,81.85126691641801,83.15474700927734,1758300,0.019976057793172994
2012-03-19,83.08161752089012,83.83690833259678,82.77706612338807,83.39835357666016,1077400,0.0029252741647222565
2012-03-20,83.09989678169788,83.72728126343755,82.89890102147831,83.53236389160156,663400,0.001605580396016904
2012-03-21,83.53234986966818,83.95263224973958,83.1668845059095,83.40443420410156,863100,-0.0015326724125832916
2012-03-22,82.83192636210272,82.89892806876038,82.24718334998357,82.53346252441406,861700,-0.010497658405077052
2012-03-23,82.78318443881224,83.76992824693927,82.45426363998759,83.48974609375,796200,0.011520005582513695
2012-03-26,84.27547587797437,84.5922119818115,83.6481006474449,83.98919677734375,900500,0.005964357735176997
2012-03-27,83.98918307738198,84.1841004307715,83.32526326896951,83.61763000488281,694100,-0.004433797695474823
2012-03-28,83.42273075634209,83.84910089419895,82.71616921693817,83.47145080566406,839600,-0.0017497162089070944
2012-03-29,82.9050018791227,83.84911329887427,82.75881382701381,83.79429626464844,593000,0.00386027462946468
2012-03-30,84.2145765603138,84.37903697097619,83.81257564805722,84.15975952148438,939500,0.004351950084585104
2012-04-02,83.93436896536262,84.62264881971205,83.71509158228699,84.55565643310547,723700,0.0046930819690332755
2012-04-03,84.25110689547323,84.53737667149905,83.8125521196038,84.27546691894531,709100,-0.0033191720321721586
2012-04-04,83.6724643929182,83.95874350627452,82.9963597860386,83.21563720703125,557300,-0.012655524158171979
2012-04-05,82.96591976616364,83.32528828843814,82.76491467044049,83.05728149414062,410600,-0.0019047691230266103
2012-04-09,82.06442040911091,83.04507632194866,81.69286731681409,82.58824920654297,509500,-0.005663099259350335
2012-04-10,82.63090111900325,82.83799387308454,81.7659761218056,81.82079315185547,1012900,-0.00933600266773686
2012-04-11,82.58823743642702,83.41052984463632,82.26541373108148,83.33744049072266,739300,0.018366507551217402
2012-04-12,83.34355636998886,84.05620569426992,82.8745445039639,84.03793334960938,651900,0.008370370535418403
2012-04-13,84.00138435361019,84.17802010766393,83.31309509277342,83.31309509277344,527500,-0.008662543591294532
2012-04-16,83.70290252984857,84.61046901380327,83.67244553215356,84.00745391845703,562400,0.008299791218473235
2012-04-17,84.29373159772001,84.79928800989651,83.67854114862772,84.43382263183594,493500,0.005062531378716409
2012-04-18,84.06225612469974,84.69572810611315,83.70288778006916,83.81861877441406,513900,-0.007312899521209201
2012-04-19,83.99526189911248,84.56781994658412,83.57498882676944,83.92217254638672,646500,0.001234688167529411
2012-04-20,84.05618613276194,85.45712442714219,83.98918445320811,85.10384368896484,681300,0.013982349236251166
2012-04-23,84.519096647494,84.78710335218233,83.7881751855435,84.43382263183594,741500,-0.0079041378825714
2012-04-24,84.60437748060845,86.28550720214844,84.4277417532872,86.28550720214844,916700,0.0216935854919081
2012-04-25,86.89460776216622,86.89460776216622,86.21850328174918,86.79106140136719,638100,0.005841988215135227
2012-04-26,86.51695806070316,87.11388549952935,86.21240665916086,86.90069580078125,480700,0.001262402036113336
2012-04-27,87.35143918522222,88.02144672251943,87.02861542847042,87.65599060058594,450300,0.008653916719619176
2012-04-30,87.36972178555027,87.36972178555027,86.53525378360548,87.26007843017578,524700,-0.004526889367154833
2012-05-01,87.24790622913395,88.77675122333855,86.81543906341258,88.34428405761719,523300,0.012348433592766751
2012-05-02,87.97272899564791,88.85593565214822,87.40626774948487,88.62447357177734,641800,0.0031665447849129062
2012-05-03,88.73407053537287,89.22745149422674,88.01533386192297,88.3016128540039,586600,-0.003649671822555123
2012-05-04,87.10172102060213,87.56463591229173,85.1464964802838,85.5728759765625,721400,-0.03139000955906931
2012-05-07,85.42664919838496,86.0966658509419,85.32919054089137,85.70684051513672,604600,0.0015642782302004608
2012-05-08,85.27438265638118,85.95657474349778,84.92718963722139,85.67029571533203,764000,-0.00042648396585950237
2012-05-09,85.01247569156986,85.54239211250892,84.77491669551259,84.83583068847656,776200,-0.009788172505422514
2012-05-10,85.4632526892151,85.4632526892151,84.38513762236002,84.72014617919922,488800,-0.0013645585294606956
2012-05-11,84.37900335451619,85.44493316879169,84.1170936327817,84.92110443115234,718700,0.002369215567927786
2012-05-14,84.09881094620856,85.04900963381093,83.36788029958896,83.4227066040039,676800,-0.017802108551497338
2012-05-15,83.5384467943275,83.72117949642534,82.39333982991228,82.69789123535156,852900,-0.00872643101057335
2012-05-16,83.02680028605067,83.02680028605067,81.46141093989179,81.58931732177734,802700,-0.013495764510979183
2012-05-17,81.75379352284729,81.9365262551269,79.52447463621625,79.554931640625,890400,-0.025250591138061346
2012-05-18,80.01784743641157,80.79141074534462,79.25646878821804,79.4940185546875,1185700,-0.0007659665636380218
2012-05-21,79.53664618998133,81.20559123832307,79.50618919059158,81.12030792236328,1022300,0.02025155519886469
2012-05-22,81.14467203886154,81.27867539225086,80.16401620406005,80.51119995117188,771300,-0.007537031147707191
2012-05-23,80.1640307121669,80.57212852801177,79.04328363932373,80.46858215332031,632000,-0.0005294801407987708
2012-05-24,80.39546012625152,81.2360154423778,79.12242855574395,80.9558334350586,568500,0.006036915292616547
2012-05-25,80.73049733163812,81.33351257136012,80.67568029916514,81.18732452392578,631400,0.002855393333462314
2012-05-29,81.42486937023492,82.18624797802438,81.08377324101282,82.10707092285156,726600,0.011265005424509755
2012-05-30,81.41876535588214,81.61977038332064,80.46247884928509,80.69393157958984,948200,-0.017360763315362834
2012-05-31,80.8584041235428,82.02179280895362,79.987391500778,81.29695892333984,985100,0.0074452350676714515
2012-06-01,79.98128315385176,80.98630829975114,79.95082615655106,80.40156555175781,923100,-0.011074962205049506
2012-06-04,80.59649612223902,81.13859730411724,80.18838902096047,80.8035888671875,807100,0.0049877331816393896
2012-06-05,80.44425616524737,81.89391531848392,80.17015231689184,81.41881561279297,608300,0.007585015117982145
2012-06-06,82.18623654842833,83.16080474853516,81.60759074581478,83.16080474853516,687500,0.021169743722048384
2012-06-07,83.84908625741058,83.94654492738592,82.9597921586836,83.17906951904297,468000,0.00021960784401987266
2012-06-08,82.80144517679238,84.56783977235143,82.80144517679238,84.48866271972656,535300,0.015621608466522757
2012-06-11,85.55081398547183,85.55081398547183,83.29140263806354,83.32823944091797,944600,-0.013829855747505318
2012-06-12,83.3282297064043,84.61142815440672,82.94757029675814,83.84396362304688,464700,0.0061699948766664155
2012-06-13,83.18702961531254,84.40882731144953,82.94143531243381,83.30982208251953,562700,-0.006391041116703589
2012-06-14,83.51855618007718,84.6175705928056,83.19315198084686,84.2798843383789,520100,0.01157676220868286
2012-06-15,84.72194047139456,84.78947771895619,83.64749022193584,84.59300231933594,842600,0.0037083317041605945
2012-06-18,84.26152381354181,85.82100862991612,84.14486763021063,85.48332214355469,669500,0.01046974597739356
2012-06-19,85.78413242108665,86.56387915550044,85.21927954345679,85.74114990234375,445700,0.0030115783167516536
2012-06-20,85.93763562627053,86.01130924610234,85.04737836892609,85.52627563476562,520600,-0.002509226487704892
2012-06-21,85.79643936646987,85.95606869282234,84.6667239150428,84.82636260986328,602600,-0.008217271778057063
2012-06-22,85.10265210259556,85.34210078762065,84.15713942462861,84.72199249267578,763800,-0.0012311547382168142
2012-06-25,83.9729257374833,84.7772272967999,83.69664030108338,84.57461547851562,569400,-0.0017410514381175119
2012-06-26,84.62987352508948,86.22005829242522,84.56848196409341,85.98675537109375,878100,0.016559108938606584
2012-06-27,86.2139279294376,86.2139279294376,85.53856450081686,86.08499908447266,592500,0.0011418925129797913
2012-06-28,85.38504750116772,86.57000836705954,84.85703147255913,86.55158996582031,442900,0.005405482349172209
2012-06-29,87.87165206238491,88.66981737639688,86.9138574329575,88.66368103027344,851000,0.02410969501330154
2012-07-02,88.57769457414292,89.14868372470792,88.25842668574454,89.11184692382812,623200,0.005041940790391914
2012-07-03,89.38200465442092,89.63987165414169,88.82942448204925,89.09343719482422,466500,-0.0002066126059105778
2012-07-05,89.0381990876234,89.30220248263434,88.1172413252687,88.51631927490234,776500,-0.006498741539213826
2012-07-06,87.81021779731299,88.9644779945627,87.63830650477658,88.78643035888672,714900,0.0030468934464725358
2012-07-09,88.1663351596321,89.00747334580976,87.82864886897035,88.93379974365234,529300,0.001658442805954636
2012-07-10,89.19781174026824,89.6030353284798,88.18476213820438,88.50402069091797,670100,-0.004844287335749471
2012-07-11,88.65751676184178,88.76190020336674,87.49711053157733,88.44876861572266,1101300,-0.0006244838208814044
2012-07-12,88.15407328108233,89.46797257493049,87.66903030661804,88.90925598144531,787400,0.005192755179928512
2012-07-13,89.12413745626459,90.29682569427294,89.12413745626459,90.05123138427734,591700,0.012762492102333399
2012-07-16,90.0266710256053,90.57924179383657,89.64600221095775,90.4932861328125,656300,0.0048969155970929185
2012-07-17,90.7266274686549,91.62302116847546,90.16177446241254,91.46952819824219,770800,0.010730230084288125
2012-07-18,91.1809471633084,91.1809471633084,90.47488335217115,90.79415130615234,548000,-0.007411021055652517
2012-07-19,90.80030916936016,90.8064455160668,88.8233187875073,89.73199462890625,805000,-0.011767480310811547
2012-07-20,89.19781936241563,89.62759773430564,88.80487779833535,89.49252319335938,700000,-0.002672308241826721
2012-07-23,88.5777193138124,89.56621434351699,88.5777193138124,89.31448364257812,500000,-0.00199141647489034
2012-07-24,89.25922109565451,89.541642870396,88.43649178377159,89.10572814941406,658200,-0.0023400441724186643
2012-07-25,89.46182457580682,89.46182457580682,88.59612219121645,89.01361846923828,670500,-0.0010342468702576513
2012-07-26,90.22312972887232,90.67132639845427,89.81790620206273,90.28453063964844,544600,0.01417676046711015
2012-07-27,90.64678539295922,92.07734064098115,90.42575519651666,91.70895385742188,809100,0.01565388243202378
2012-07-30,91.70280292696968,92.31063821262346,91.58614681844854,92.04048919677734,586600,0.003608562764689403
2012-07-31,91.80107931285261,92.03438225972432,90.75732897699248,91.45111083984375,894800,-0.00642405847147915
2012-08-01,91.69669555618255,92.73430006803567,91.19937050980339,91.24848937988281,693100,-0.002218084142387912
2012-08-02,90.86779680760002,91.43264955543168,90.44415490461047,91.3651123046875,537900,0.0012772645584314957
2012-08-03,93.50177858631237,93.74122725784255,90.39508220290664,90.80644226074219,731100,-0.006133469044402274
2012-08-06,91.33446781033861,91.70285474346018,89.75656470304838,89.83023834228516,860300,-0.010808584601668416
2012-08-07,90.06964888425563,90.23542387078399,89.17325542502948,89.35130310058594,595500,-0.005345822771912149
2012-08-08,89.35130292314905,89.51093219638146,88.45490946570298,89.0811538696289,536100,-0.003028030235753319
2012-08-09,88.95837554357257,89.33289872395807,88.09267303946517,88.25231170654297,435900,-0.009347905043939772
2012-08-10,88.16636010133828,88.93382490246948,87.8348100609082,88.75576782226562,533900,0.005688525345136149
2012-08-13,88.52246336766703,88.66368364888301,88.0681301609634,88.2768783569336,485300,-0.00541019573244845
2012-08-14,88.35055032865874,88.74349195953971,87.74272415953502,87.86551666259766,389700,-0.004670794241858001
2012-08-15,87.9760365706651,88.84173926837408,87.9330634057798,88.30758666992188,418500,0.005018597354585606
2012-08-16,88.30754417666176,89.09956348871447,87.79794657929354,89.00133514404297,416300,0.007825348067346867
2012-08-17,89.08731027461971,89.60304432861982,88.90311686434367,89.2653579711914,528200,0.002962112726519099
2012-08-20,88.71278848046371,88.71278848046371,87.03663872634853,87.54010009765625,919500,-0.019516508752006556
2012-08-21,87.6076316040406,88.09266517049252,87.45413866461757,87.4725570678711,488400,-0.0007718645523409015
2012-08-22,87.39888345485701,87.65060475547696,86.70509237075596,87.4725570678711,348500,0.0
2012-08-23,87.4356973850675,87.67514593318052,86.58841358322309,86.75418853759766,406600,-0.008246410144708054
2012-08-24,86.75419643673828,87.83478317329833,86.6743771239452,87.60147094726562,588900,0.00971908892127932
2012-08-27,87.68130289997423,88.0435439790082,87.33748022370706,87.47869110107422,388700,-0.0014025560050012207
2012-08-28,87.1839753496341,88.19088849301806,87.11643809258244,88.17247009277344,501700,0.007899550390652075
2012-08-29,88.06198101822658,88.52860563631063,87.78569554978944,88.20320129394531,403000,0.0003484743813161335
2012-08-30,87.94529229408627,88.92764119879959,87.72426215104478,88.78643035888672,600900,0.006590568843706558
2012-08-31,88.94608607406813,89.47410216359864,88.68821905850191,89.3697280883789,1097400,0.0065481858031777645
2012-09-04,89.12413093712978,90.06350685404632,88.78644464087708,90.03280639648438,636800,0.007392106576445784
2012-09-05,90.11262839357224,90.33365857874446,89.60916710627706,89.91615295410156,762000,-0.001296517180700403
2012-09-06,90.21699763221476,90.6038027776934,89.98983111488367,90.54853820800781,722000,0.007008438474043374
2012-09-07,90.69591191801236,90.85554120786004,89.83020946143247,90.14334106445312,572600,-0.004484958863594716
2012-09-10,90.1124116472021,90.34748514798044,89.07933987990832,89.2092514038086,852200,-0.010416332359626588
2012-09-11,89.34533923425391,90.27324905664258,88.89375909699707,89.097900390625,532400,-0.001248979937575804
2012-09-12,89.11646016495078,90.0938596694903,88.70817756700635,90.08767700195312,578900,0.011047615467133233
2012-09-13,89.84022381893976,91.4300471337961,89.62371719668658,91.29395294189453,732400,0.013301167542678216
2012-09-14,91.64654029127054,92.46310532270965,91.12073048089098,92.03008270263672,639900,0.008030956929552989
2012-09-17,92.0239112721089,92.69200750997295,91.20116338953156,91.36200714111328,677200,-0.0072857942495414075
2012-09-18,91.36200222177402,91.36200222177402,90.00725237676113,90.10623168945312,552900,-0.013840388882049382
2012-09-19,90.26084796961844,90.62582342311988,89.07930766504617,89.09168243408203,718000,-0.011323347156310616
2012-09-20,88.51019538497788,89.01744767038818,87.5080561446228,87.87303161621094,1096900,-0.013773029146699615
2012-09-21,87.99676599868083,88.13904283676133,87.48332152131144,87.53899383544922,1376800,-0.0038086121368741963
2012-09-24,87.32249258479433,87.75551523098646,87.03792945204765,87.18020629882812,647500,-0.004107024765114496
2012-09-25,87.19260244397293,87.69986441041345,86.39460404604125,86.45645904541016,854800,-0.008336389591485725
2012-09-26,85.89969924014987,86.84616643301838,85.63988564202775,86.20281982421875,721300,-0.0029380338584056487
2012-09-27,86.48737500166762,87.08124140690485,85.85021104893258,85.9863052368164,695700,-0.0025148475716691428
2012-09-28,85.65843854105897,86.56159870010275,85.28108821729805,86.09146118164062,729100,0.0012221911069933374
2012-10-01,86.45023507219759,86.58014655542162,85.08930302687627,85.96154022216797,601900,-0.0015102437400876002
2012-10-02,85.98628610400242,86.31414672753762,85.45428424406495,86.1285629272461,441800,0.001941108227204309
2012-10-03,86.28941993704345,87.24825241462426,86.14713365266608,86.41313934326172,433500,0.0032986422448764807
2012-10-04,86.79049569656898,86.88947500409341,85.73267440567247,85.9986801147461,463000,-0.004807791347082562
2012-10-05,86.20280008383381,86.62344787803124,85.88112213350497,86.10382080078125,372800,0.001221838131998283
2012-10-08,86.0357737235806,86.40074921075497,85.53470408200498,86.10382080078125,337700,0.0
2012-10-09,86.2337534202374,86.60492114367092,85.54091707162797,85.79454803466797,514100,-0.0035983250092745315
2012-10-10,86.00486499009615,86.09765219379135,85.20686672075787,85.7388687133789,378400,-0.0006491950583176608
2012-10-11,86.3698663572119,86.45028825054371,85.06460581357173,85.07698059082031,443700,-0.007749766054372169
2012-10-12,85.12642908038586,85.68317107778466,84.35317106222932,84.46451568603516,455100,-0.007224987185762261
2012-10-15,84.61917394593739,85.14499321531949,84.26039050377292,84.90991973876953,536900,0.005259413303148657
2012-10-16,84.88516185765612,85.7697643839578,84.88516185765612,85.25013732910156,269900,0.003998800300679288
2012-10-17,85.05838655651719,85.206855502068,84.2047066381743,84.872802734375,601500,-0.004436029771913628
2012-10-18,84.8357108147298,85.53473931031216,84.67487649291618,85.19450378417969,605200,0.0037832248901150177
2012-10-19,84.63152526353174,85.9738997839191,84.63152526353174,85.38004302978516,746600,0.0021754631302878494
2012-10-22,84.99033634247084,85.2501499082359,84.12429112325397,84.67485046386719,482800,-0.008293752608071945
2012-10-23,83.5551855490584,85.05221216540589,83.5551855490584,84.817138671875,538800,0.0016789966553531154
2012-10-24,85.0645607518594,85.56563985349968,84.73051745661691,85.33056640625,609000,0.006035101002344365
2012-10-25,85.65224797505574,85.8996867642289,84.32843063069129,84.85424041748047,585000,-0.005597764471033728
2012-10-26,84.87279829219351,85.13880395915133,83.8953990233073,84.47689056396484,453400,-0.004456953378645844
2012-10-31,84.7490917702264,86.07909198948612,84.41504840846162,85.7574234008789,899900,0.015044640062383863
2012-11-01,86.11620499197298,86.93276056852692,86.11620499197298,86.53067016601562,841600,0.008976266914860075
2012-11-02,86.32033465277317,87.86685068412643,86.32033465277317,86.79048156738281,522500,0.0029980368047679987
2012-11-05,86.68534332620172,87.0998086032958,85.76979878894365,86.6296615600586,413900,-0.0018546871260042186
2012-11-06,86.70388084772519,87.57611819304596,86.64201642808543,87.2420654296875,1117400,0.00704434714790846
2012-11-07,87.00079295174211,89.59275495724614,86.79665173230325,88.67102813720703,1410800,0.016246592107965023
2012-11-08,88.15758564169224,88.77619197836894,87.6070263796173,87.79261016845703,1013300,-0.009955877968612461
2012-11-09,87.61322036246189,91.12071723391647,87.28535975212868,90.13094329833984,1155400,0.026286208036111033
2012-11-12,90.16190060570923,90.4402716528467,89.46287221512189,89.87115478515625,523800,-0.002886507394388945
2012-11-13,89.47520697674271,91.65888626834979,89.41953468004822,90.84233093261719,958800,0.010748345574051786
2012-11-14,90.90420999307716,91.18258098953018,89.3762514063952,89.69792938232422,816600,-0.01267769167913787
2012-11-15,89.81549286813616,90.40316724443511,88.75148877161725,89.23400115966797,840700,-0.005185539113440917
2012-11-16,89.32678785127403,89.54330393352403,88.16381388031857,88.99274444580078,1383400,-0.0027073025477170154
2012-11-19,89.7226597192448,90.76810594782982,89.35150157743585,89.66080474853516,678300,0.007478870917004924
2012-11-20,89.33915657643314,89.46287599826084,88.49166862576732,89.4072036743164,934500,-0.00283245729934519
2012-11-21,89.61751327117186,89.6793776917633,88.86900475361615,89.25872039794922,432200,-0.0016621335189976644
2012-11-23,89.62989385971109,90.0876660599133,89.1411988863917,89.8649673461914,183500,0.006769057412063836
2012-11-26,89.50617930655838,90.30417756783851,88.88757278367298,89.88352966308594,477000,0.00020653654711299283
2012-11-27,88.98652666578135,88.98652666578135,87.58847028246083,88.2874984741211,985800,-0.017916199933929625
2012-11-28,88.20092391688411,88.44218009623788,87.35961862287331,88.04627227783203,650700,-0.0027360198303634587
2012-11-29,88.83186915617202,88.91847366128763,86.82139866531811,87.39669799804688,1116500,-0.0074049960165269895
2012-11-30,87.52044353122616,88.28133630987051,86.99463367842398,87.00081634521484,1583200,-0.00453999971618898
2012-12-03,87.27917577067653,88.49164848264427,87.23587823052661,88.16378784179688,800100,0.013278808130342774
2012-12-04,88.51021347294007,89.14737737191793,88.05863339989038,88.15142059326172,766200,-0.00014028566979792142
2012-12-05,88.20711319290677,88.20711319290677,87.3905573859118,87.56376647949219,609700,-0.00668873663669963
2012-12-06,87.60085032473359,88.07717988288998,87.37815164915773,87.63178253173828,614500,0.0007764587176687939
2012-12-07,87.60704512977209,88.27514124907468,87.40290386227528,88.04007720947266,674300,0.004648387209212943
2012-12-10,87.74708495275144,88.61987630883064,87.58499784739739,87.90917205810547,515400,-0.0014879878836117143
2012-12-11,88.10865549411749,88.51387793490596,87.78447183386041,88.12735748291016,630600,0.0024788665977301524
2012-12-12,88.31438811139654,88.34556126405455,87.21715401918235,87.82811737060547,532800,-0.0034013195786665247
2012-12-13,87.80315045641291,87.82809277663911,86.43784856162031,86.98646545410156,806800,-0.00962915571576203
2012-12-14,87.65977830632387,87.65977830632387,86.84932400847896,87.34183502197266,585300,0.0040770208755491946
2012-12-17,87.67225572255272,88.78818222240785,87.41664920428806,88.77571105957031,801000,0.016283530544787445
2012-12-18,88.53883783998218,89.6422934486681,88.34557757561501,89.63606262207031,1145000,0.009644635147350679
2012-12-19,89.43655507271453,90.22206715153877,89.33680478923222,89.71709442138672,840800,0.0009036005405833378
2012-12-20,89.75449919593117,91.16343628995578,89.5487678016899,91.10733032226562,761500,0.015376941430558887
2012-12-21,91.15717966478141,91.40031496866968,90.4402449133106,90.53998565673828,1067900,-0.006246682009399432
2012-12-24,90.50257701596814,91.48758934085627,90.09111436518434,90.93897247314453,258500,0.0043970657905253105
2012-12-26,91.03249475304203,91.08236988009745,89.74824114766578,90.01007843017578,543800,-0.010267002761069746
2012-12-27,89.87295417447679,90.34052294472214,89.01885541885181,90.00386810302734,460400,-6.899828897148108e-05
2012-12-28,89.62356619803381,90.27193346454685,89.24327660307223,89.4365463256836,346900,-0.0063232540946054246
2012-12-31,89.2495219817399,90.42155446974363,89.08742539960105,90.37168884277344,407600,0.010401647595512735
2013-01-02,91.38162298299535,91.38162298299535,90.2719274220185,91.07614135742188,636300,0.0077648330466008825
2013-01-03,91.01383340623539,91.61855651181163,90.58366856693763,90.7395248413086,568600,-0.003702837140092921
2013-01-04,90.65223853673105,91.2756635848961,90.50261310059537,91.15721130371094,444100,0.0045925749455314295
2013-01-07,90.92652430241033,91.41279495714895,90.8205336995875,90.98886108398438,442300,-0.0018485193280071196
2013-01-08,90.94523868003274,91.03251779629589,89.99139922633181,90.37168884277344,446000,-0.006806051524032148
2013-01-09,90.61480830139709,90.72078938735314,90.20334560577348,90.70208740234375,411400,0.003649329384940149
2013-01-10,90.90782520460378,91.20082616145673,90.42154502170821,91.19459533691406,561200,0.00541526245252914
2013-01-11,91.48762268901469,91.68088292530184,90.87666882626893,91.67465209960938,515100,0.005250285350593735
2013-01-14,91.68086365476243,91.93647014509183,91.0512079345766,91.21329498291016,731900,-0.005045254241152092
2013-01-15,91.45644186958938,92.1858479483327,90.88912285966342,92.06116485595703,572300,0.009252526757692094
2013-01-16,91.78688952004437,92.32927591261638,91.44400375754796,92.24199676513672,585800,0.0019623316889115006
2013-01-17,92.52872942075128,92.72198963213845,92.12973783548782,92.322998046875,596400,0.0008777535200692426
2013-01-18,92.94641342615104,93.76933883695006,92.51001791104949,93.67581939697266,899700,0.014546815129939989
2013-01-22,93.43895290127189,94.11225312103174,93.38907775395134,94.08731079101562,725100,0.00438309749536918
2013-01-23,93.80052238646768,94.2431487749066,93.65712779847436,94.02495574951172,579300,-0.0006629556374440732
2013-01-24,94.13718750933373,94.67956428733959,93.91275409900167,94.59228515625,631200,0.006015686741172455
2013-01-25,94.76059539056655,95.32791439602101,94.38653660367763,95.19699096679688,703500,0.006372413333410443
2013-01-28,95.38401669715641,95.95756650570564,94.87280367555464,95.6583251953125,651200,0.004834396403453798
2013-01-29,95.41521655359193,96.24437310502199,95.19078312980099,96.14462280273438,608400,0.005070815172740062
2013-01-30,95.82665602730101,96.26928242751153,95.33414497540976,95.89523315429688,703200,-0.002597271148631092
2013-01-31,95.88277499354307,96.13214120950143,95.30298474800837,95.96381378173828,925000,0.0007149064008974515
2013-02-01,96.13214952391392,97.17326831028848,95.96382208159223,96.9426040649414,864200,0.010147912068206394
2013-02-04,96.53732842633279,97.87145703962157,96.51862644444566,97.49739837646484,1088800,0.005706601626656974
2013-02-05,97.98368657152339,98.13331196626542,97.39766566633632,97.84030151367188,764500,0.003510878746152879
2013-02-06,97.47250413864558,98.30789136916694,97.2418304162548,97.89019775390625,1115200,0.0005098463601936133
2013-02-07,98.03981512451502,98.28295050156824,96.99246565804296,97.27923583984375,638200,-0.006260856513592526
2013-02-08,96.94260184272667,98.24555800244941,96.94260184272667,98.12710571289062,379700,0.008678072444507646
2013-02-11,98.16449215765874,98.46996428053906,97.69068312999237,97.7842025756836,421400,-0.003500599229001067
2013-02-12,97.90264764872528,98.30163922678773,97.4911944211084,97.9587631225586,794500,0.0017835695145126517
2013-02-13,98.01486508850428,98.08344220909676,96.96750629333819,97.30416107177734,737000,-0.006704851991595088
2013-02-14,97.04233817313818,97.1857232601556,96.06979669126248,96.13213348388672,889800,-0.01211811809274806
2013-02-15,95.27803711760704,95.27803711760704,93.51374335151657,94.29925537109375,1676000,-0.019250342342567846
2013-02-19,94.04990170394261,95.22817464639115,94.04990170394261,95.20947265625,694200,0.009606146313608784
2013-02-20,95.00374947624645,96.23189766962648,95.00374947624645,95.04739379882812,634800,-0.0017037902457873598
2013-02-21,95.1096931245015,95.22191454355588,94.26807528878074,94.76680755615234,642600,-0.0029564326066717174
2013-02-22,95.11594747784713,95.91393063848622,94.7730618589687,95.01619720458984,531000,0.002628157271519435
2013-02-25,95.3154119405115,95.4587969729038,93.5012435913086,93.5012435913086,461600,-0.016072637310022873
2013-02-26,93.98759789760852,94.38658972223521,93.38287457568309,94.22450256347656,562800,0.007705523249842711
2013-02-27,94.08106983605484,95.40895862874551,93.8940404319164,94.66085052490234,514000,0.004620249590632091
2013-02-28,94.87281809077247,95.22194410410626,94.13095028330504,94.26810455322266,1259100,-0.004157610857041895
2013-03-01,94.09974498357425,94.95383395317083,93.78179223342059,94.72940063476562,428700,0.004881514146013632
2013-03-04,94.57355897138567,95.62714861389998,94.57355897138567,95.22815704345703,579400,0.005251252552568295
2013-03-05,95.47756631444302,96.11969351439957,95.16585371202862,95.99501037597656,494900,0.008020549536822755
2013-03-06,96.20695777814709,96.39397768199836,94.86658822004145,95.12842559814453,434300,-0.009068387789155795
2013-03-07,95.07232775727351,95.24065519784577,93.66962128216619,93.80054473876953,899900,-0.01405716363279183
2013-03-08,93.86286102961071,93.96261130687115,92.74693452997835,93.80675506591797,749800,6.62056024170438e-05
2013-03-11,93.75017298254735,94.09592131649013,93.51128394391372,93.61186981201172,602900,-0.0020796793731055305
2013-03-12,93.5993064749118,93.79418562470181,92.36715340985582,92.41116333007812,975100,-0.012909403063547487
2013-03-13,92.43000657592692,92.54316807163657,91.85793526278528,92.20997619628906,767100,-0.0021794602063722906
2013-03-14,92.30429810277029,92.7820666694163,92.27914683524271,92.56832885742188,776900,0.00387873576717749
2013-03-15,92.48031049529656,93.24097799672785,92.06540094906131,93.19696807861328,1713000,0.006768127645585148
2013-03-18,92.87004843040457,93.51127126207224,92.72546225986996,93.28495788574219,860400,0.000943681948840139
2013-03-19,93.45472029003153,94.61142914820627,93.2158312199572,94.20281219482422,960400,0.009791162819073353
2013-03-20,94.3474150786492,95.0389215521563,94.01423268118502,94.98234558105469,529200,0.008241003757043692
2013-03-21,94.69940835823294,95.88126809558213,94.5045292722646,94.78113555908203,653800,-0.0021206408753588557
2013-03-22,94.92574221688902,95.24006586661382,94.34110483275124,94.74343872070312,593200,-0.0003978042321875919
2013-03-25,95.01373449867799,95.38463403308259,94.25935980038541,94.45423889160156,490000,-0.003057120552317468
2013-03-26,94.82515058041632,95.54810068625817,94.69942304665129,95.20862579345703,375400,0.007955072084743227
2013-03-27,94.6240151298584,95.16465231066987,94.49199494711664,95.0514907836914,366400,-0.0016517917503680367
2013-03-28,95.22121537074945,95.83100407083587,94.86288177502145,95.75556945800781,484400,0.0073800400159004425
2013-04-01,95.66756325140074,95.8435933604108,94.99491547557861,95.7995834350586,400500,0.00045954365790328597
2013-04-02,96.10760216413756,96.45335050475471,95.78070288270678,96.13274383544922,579700,0.0034716479473990056
2013-04-03,96.42192880952604,96.63566659570381,95.44752354708437,95.69269561767578,595000,-0.004588014925874819
2013-04-04,95.86242468241046,97.15114389891109,95.51666676894122,97.05056762695312,611200,0.014090188695488948
2013-04-05,96.2207734837757,97.71066481375075,96.12648020683999,97.50321960449219,500500,0.00465324063581246
2013-04-08,97.41519420197864,98.60962028864218,97.07571927299631,98.52789306640625,646500,0.010454287386638568
2013-04-09,98.18841987846046,98.92393604257941,97.88667187091335,98.79191589355469,541100,0.002676092036637996
2013-04-10,99.08737079360078,99.67201769062197,98.55302641717843,98.75418853759766,394100,-0.00038196001408737
2013-04-11,98.974262605586,100.33842651117769,98.69137315286505,99.6783447265625,708700,0.009314630575769362
2013-04-12,99.59030514810385,99.7286083229304,98.99937514518986,99.64688110351562,354300,-0.00031570136872711735
2013-04-15,99.21308821611443,99.53369477832615,97.44658183795491,97.47173309326172,726300,-0.022070328681809352
2013-04-16,97.77978867317645,99.26339656124055,97.34603012993546,98.25127410888672,772800,0.007965799717109362
2013-04-17,97.66035375374229,98.70390089456022,97.04427254455595,98.25127410888672,598400,0.0
2013-04-18,98.39585712495371,98.61587787765448,97.84892756761226,98.38956451416016,397700,0.0014065280542979502
2013-04-19,98.70392416377032,99.9800776098845,98.54676231481639,99.82920837402344,551300,0.014526062827603247
2013-04-22,99.85433398453874,100.0932230260834,98.94908034541844,99.13139343261719,367300,-0.007014633011801307
2013-04-23,99.38913784269803,100.15608828426431,99.08109722521776,99.7348861694336,324100,0.006069350626919823
2013-04-24,99.92347576795844,100.39496119271357,99.63430341251677,100.21894073486328,327100,0.004841672885344424
2013-04-25,100.06174627558681,100.33206948561659,98.99304824667982,100.01774597167969,380200,-0.0020095701162567096
2013-04-26,100.16237862340346,100.96704642542466,99.98635814123612,100.56471252441406,375800,0.005453796035580623
2013-04-29,100.86015912258532,101.8659888953238,100.47040092498372,101.83456420898438,387800,0.01254815103273799
2013-04-30,101.62712691746879,103.93426140499386,101.58940961347385,103.726806640625,872700,0.01841100663877975
2013-05-01,102.97870198721185,104.0976932976491,102.97870198721185,103.66392517089844,555200,-0.0006064058032318163
2013-05-02,103.94683174655965,104.7954998204413,103.52562962699614,104.28001403808594,399300,0.005925545819809408
2013-05-03,104.79549921332736,105.1852670481047,104.35544803767183,104.65719604492188,509700,0.0036104858145570196
2013-05-06,104.62575144460834,105.41156046378275,104.35543774636206,104.83320617675781,471100,0.0016803650323345108
2013-05-07,104.99668236366749,105.12240991432682,104.67606607822935,104.91495513916016,504200,0.0007794963829842417
2013-05-08,104.9275339918404,104.98410995251366,103.80854244955871,104.05999755859375,673900,-0.008182438513694436
2013-05-09,103.87137495888118,104.41830454986292,103.31187933032842,103.48789978027344,494200,-0.005512936865277169
2013-05-10,104.98410306755807,105.0532546568673,102.97243355001238,103.26789855957031,502000,-0.002128127051336628
2013-05-13,103.14220085664205,104.03487916357963,102.7901501958613,103.94686889648438,445100,0.006553324120407687
2013-05-14,103.88398648053118,104.40576499185403,103.36220796920833,103.5005111694336,460400,-0.004303341076091576
2013-05-15,103.36220024850024,105.15384910424551,103.1421794226844,105.09098052978516,773900,0.015249904687078916
2013-05-16,104.7263661784675,105.55618533587959,103.3936367840276,103.85254669189453,804700,-0.011854383402497696
2013-05-17,103.88392331631402,105.39267237472252,103.88392331631402,105.2669448852539,779300,0.01352738332550235
2013-05-20,105.10984674226057,105.39273616287977,104.33033008032305,104.94010925292969,486900,-0.003109656781388793
2013-05-21,105.22300687207365,105.55618923298462,104.64465240422068,105.4367446899414,677500,0.004721397342622965
2013-05-22,105.10982606510348,106.02765533872463,101.89743799602421,102.46322631835938,688600,-0.02860723011945362
2013-05-23,101.3882349520174,101.84714479141405,99.94863686738013,100.62128448486328,1033500,-0.01814015589722254
2013-05-24,100.47043037140571,102.31236261787107,100.0052278500182,102.21177673339844,875800,0.015683092672938277
2013-05-28,103.07930293020782,103.38105096116385,99.99893486622254,101.09906768798828,678300,-0.010945999053628471
2013-05-29,100.46409187758651,100.6904052180963,98.35812984044746,98.8673324584961,889400,-0.02232202904956196
2013-05-30,98.86738269768104,99.01825193975567,96.63568243214264,96.805419921875,1075000,-0.021075891609165832
2013-05-31,96.59795728372265,97.6477972417016,95.29036960158184,95.42867279052734,1503700,-0.0143238969866055
2013-06-03,95.69896360407103,97.92438013436455,95.08289201441032,97.74835968017578,1114400,0.02401733130225822
2013-06-04,97.76094370232806,98.00611577950724,95.22749570734422,95.26521301269531,715200,-0.025731700037033036
2013-06-05,94.96977468800326,95.55441221099541,94.43542051960065,94.85661315917969,699300,-0.0042983016819236755
2013-06-06,94.90061149486682,96.79911965172235,94.27196412288609,96.75511932373047,570700,0.019816827176572967
2013-06-07,97.01286054998965,97.29574992995205,95.34693937039422,96.67338562011719,743400,-0.0008451051048711649
2013-06-10,96.6670520490597,96.6670520490597,94.99382262826359,95.3614273071289,460800,-0.013663967540561196
2013-06-11,94.89873076300158,95.55154302261441,94.0114159453743,94.42972564697266,573700,-0.009818256859394218
2013-06-12,95.04454044892269,95.04454044892269,93.301592499252,93.61849212646484,713700,-0.008627984488254713
2013-06-13,93.40935029200391,96.77482325690686,93.20019534823457,96.55933380126953,632500,0.030929748017677183
2013-06-14,96.48961238513726,97.76354554240822,95.43750318824135,96.21073913574219,499600,-0.0036166925726366455
2013-06-17,97.12972797083177,98.232542066876,96.3121312532704,97.186767578125,654300,0.010093581302735785
2013-06-18,97.23745064963828,97.44660550001271,96.50224141880808,96.59097290039062,483400,-0.006149277555730776
2013-06-19,96.6733881226456,97.15507201773787,94.47410419502638,94.56283569335938,1137500,-0.02122074711069616
2013-06-20,94.13185091022095,94.21423822207424,91.92622294154661,92.4712905883789,1012100,-0.022366317179604724
2013-06-21,93.2064776497617,95.7163258980721,92.94661774357958,94.89871978759766,1777200,0.025911991079247416
2013-06-24,94.09383048974554,96.87620850226845,92.95299003188704,94.56283569335938,1137200,-0.0035456738996427423
2013-06-25,95.19030926238918,96.29945793075125,93.88468437727869,95.5769271850586,836300,0.010666901986654678
2013-06-26,96.248706958067,96.65433789090011,95.64659990212783,96.05223083496094,789700,0.004960671220523813
2013-06-27,96.64802487020515,97.82689154193541,96.00154710286755,97.66844177246094,702100,0.0166863806161686
2013-06-28,97.06633867215089,98.11211310153921,96.09029220906292,97.18042755126953,955200,-0.005009166779488075
2013-07-01,97.37057065238838,97.66211285802943,95.87480420790249,96.19170379638672,685100,-0.010226213718900198
2013-07-02,96.06492036854027,98.37194837283488,96.03322848391151,98.03602600097656,770400,0.0189919085425502
2013-07-03,97.47831195206582,97.73182774560782,95.40578600778308,97.13605499267578,675600,-0.00922239884364978
2013-07-05,97.14239569472795,97.49098715161986,94.72762254854256,96.88887023925781,802000,-0.002547970440937812
2013-07-08,96.96492718961385,97.95998674152335,96.73675912818767,96.88253021240234,573300,-6.543821062297744e-05
2013-07-09,97.42759861043962,98.82195469888248,97.00928888260471,98.39097595214844,474000,0.015449876172026051
2013-07-10,98.23252196021596,99.03110531188874,97.45928631626023,98.40364074707031,460700,0.0001287107864207796
2013-07-11,99.41774292854086,101.21773033603661,99.3543591401186,101.00857543945312,490900,0.026127615742283835
2013-07-12,101.06562248126644,101.55998507279524,99.87407691655186,100.82477569580078,485300,-0.0018213025094814248
2013-07-15,100.7740584354941,101.54095961342234,100.41913248144716,101.22406005859375,255000,0.003952360141798907
2013-07-16,101.31913877722742,102.23181115708064,101.19871538391233,101.62335968017578,477700,0.0039369506187869815
2013-07-17,101.92759195477338,103.18884617294063,101.6867451641247,102.4853286743164,516700,0.008446226619740264
2013-07-18,102.48532367075863,103.39166151115515,102.29518198589852,103.27757263183594,515900,0.007700590023097992
2013-07-19,103.20150734782203,103.45502311631012,102.31418281610041,103.0177001953125,487800,-0.0025194234499278864
2013-07-22,103.0810687576962,103.77825152464104,102.57402762455499,103.54373931884766,344700,0.0050933055266305614
2013-07-23,103.74024543948241,103.74024543948241,102.74518575293702,103.271240234375,307600,-0.002635198308687116
2013-07-24,103.21420621307102,103.77194294696824,100.16562385990065,100.85012817382812,803000,-0.023723391905338984
2013-07-25,100.56487492418194,101.72472812500625,99.79163945696574,101.37613677978516,696100,0.005202190648665307
2013-07-26,101.1670408854666,102.06070021698426,100.36845725128624,102.04168701171875,252600,0.006543700000641779
2013-07-29,101.69303192025225,101.76909436479616,100.77402544629497,101.14796447753906,232800,-0.00879698637368214
2013-07-30,101.82615636385076,102.18108227985329,100.65362426826556,101.11629486083984,363300,-0.0003131508953842531
2013-07-31,101.0719477067905,102.1367255996517,100.20364599623055,100.91349792480469,916000,-0.002007595031923726
2013-08-01,101.30012458849576,102.71349405883026,100.65364671389553,102.21913146972656,868000,0.012855162944459783
2013-08-02,102.08603586967625,102.92264573626612,101.40786612289567,101.87053680419922,691000,-0.0034160965371303814
2013-08-05,101.57262730766122,103.00501928010516,101.56629279903295,102.78952026367188,461800,0.008980644773747253
2013-08-06,102.6501259633061,103.13814439975515,102.26984256276609,102.78321838378906,338200,-6.131046291688788e-05
2013-08-07,102.61211520474446,103.30296387521764,101.98466001134766,103.10014343261719,611600,0.003078687819728489
2013-08-08,103.29025259803531,103.5881389847579,101.73744654935865,102.33955383300781,491400,-0.007404538507524778
2013-08-09,102.21912607750566,104.10784483549989,102.17476516595598,103.40432739257812,545200,0.010350568477227297
2013-08-12,103.09375824904505,103.32826080840742,101.81348142967575,102.59939575195312,293100,-0.007814768828507079
2013-08-13,103.01137613746678,103.01137613746678,101.00223397178122,101.51560974121094,422000,-0.01061946615105537
2013-08-14,101.64235409164421,101.85150894594499,100.88179713937271,101.13532257080078,279500,-0.0037531297040148907
2013-08-15,100.14023887183238,100.74234596882279,98.96137238181744,99.77896881103516,450000,-0.013502019753411212
2013-08-16,99.36703231405508,99.73463699027245,97.50366122161192,97.57337951660156,681500,-0.022352722392388107
2013-08-19,98.10577448932435,98.4353527831436,97.09170156596961,97.186767578125,777500,-0.003970139189752571
2013-08-20,97.19308386480435,99.49376773773437,97.19308386480435,99.13250732421875,682700,0.019822846847257346
2013-08-21,98.90436366519896,101.19871359493146,98.15014109598644,99.56985473632812,759600,0.004402042470116811
2013-08-22,99.81701897332552,100.00715095743944,98.42899746325601,99.70927429199219,520500,0.0013992391384986885
2013-08-23,99.75997598782706,100.39377509746004,99.34167592543456,99.93743896484375,504200,0.0022856852333201683
2013-08-26,100.00085343679488,100.37479270520733,98.30227594372894,98.51142120361328,516100,-0.01437188709878692
2013-08-27,97.68746239122476,97.92196497313715,96.21070926703133,97.4846420288086,720700,-0.010477644818580947
2013-08-28,97.45297591582177,97.53537291872425,96.2424266148461,96.74945831298828,589700,-0.007570114881292624
2013-08-29,96.59099297658915,97.04732916843513,95.81775718879504,96.8508529663086,452300,0.001047463838471963
2013-08-30,97.12337032186541,97.4466043571954,96.40717429755888,96.76210021972656,633100,-0.0009168059402862619
2013-09-03,97.55435017971962,98.11843095642416,95.36141084732019,96.59097290039062,712500,-0.0017701023444489574
2013-09-04,96.60366868670212,97.45295725658845,96.12198479729075,96.68606567382812,854700,0.0009840049476327604
2013-09-05,96.5212893609507,96.84453318743319,95.73538443289682,95.86847686767578,343200,-0.008492074076727885
2013-09-06,97.00932598998531,98.12481902423623,96.41355305960322,96.98397827148438,538100,0.01156857291528915
2013-09-09,97.00292653312026,99.45572525609136,96.77475853533197,99.44304656982422,668700,0.02503929159809524
2013-09-10,99.79168208349455,100.1402735776183,99.0121117755511,100.05787658691406,494500,0.00616370043678018
2013-09-11,100.51143652332684,100.51143652332684,99.5212055976639,100.3836669921875,404800,0.003250730226362786
2013-09-12,100.39644805804423,100.96503081951342,99.24011759075675,99.6234359741211,529900,-0.007602076806606178
2013-09-13,99.46373711481179,99.82788086241538,99.21458305123261,99.68094635009766,264700,0.0005771110188554244
2013-09-16,101.39943892337956,101.52082337905303,100.16643917427439,100.68392181396484,492700,0.01001157389048067
2013-09-17,100.82447836205012,101.64221504458328,100.74780884618187,101.2844467163086,353200,0.005946739842930358
2013-09-18,101.45061108512365,105.87789054521468,100.49232447490182,105.81401062011719,957400,0.0437500735687855
2013-09-19,105.66700516481244,107.5196973878851,105.35397129215816,106.05032348632812,767500,0.0022307951473518267
2013-09-20,106.49754224035634,106.95752041563337,104.66402435302734,104.66402435302734,962500,-0.013158279438310206
2013-09-23,104.68317740908604,104.68317740908604,103.39268268899886,103.64823150634766,753600,-0.0097526753178965
2013-09-24,103.64829818207758,103.75690284374343,102.39613254204166,102.51751708984375,762200,-0.010969094154326847
2013-09-25,102.68997569993228,104.15934040379342,102.55581131268046,103.66742706298828,559300,0.011154276082483663
2013-09-26,103.98043761110925,104.35737092450898,103.45018474477936,104.14015197753906,335700,0.0045496485946866895
2013-09-27,103.86547925161486,104.69599615700707,103.37355612525117,103.87186431884766,418500,-0.002579541434523478
2013-09-30,103.46297728966502,104.10183483359403,102.25553692156689,102.5685806274414,658200,-0.012626411520319111
2013-10-01,102.8497347221488,105.21350695405687,102.46003102120898,103.97412109375,609100,0.013610378402813242
2013-10-02,103.62270582307863,104.62571698311899,103.23300227814867,104.58738708496094,489500,0.005880929458805544
2013-10-03,104.20405800407637,104.68958624499827,102.4024749884108,103.48854064941406,558900,-0.010562073785890703
2013-10-04,103.5268472919245,104.65762765952863,103.04130941185979,103.98043060302734,527000,0.004741825944561671
2013-10-07,103.36716787685043,105.17513616390198,102.37693658736505,104.3957290649414,512500,0.0039860511149807645
2013-10-08,104.33825485313362,104.78545333896959,103.27135380723055,103.39273834228516,380900,-0.009654034461931464
2013-10-09,103.48215502665384,104.5554409021742,103.0860664198824,103.5204849243164,348400,0.0012347842853701804
2013-10-10,104.66403998308762,106.29951385133288,104.02518239404223,106.25479888916016,375800,0.026070457704671902
2013-10-11,105.85232563741101,107.62834912538096,105.65428132553002,107.59001922607422,300800,0.012487912503199194
2013-10-14,107.29614215580841,107.48141633638446,106.42091028014595,107.05338287353516,451700,-0.005000269893249866
2013-10-15,106.51669008269818,107.67941521356693,106.38892055412329,106.89362335205078,400600,-0.0014934497471751822
2013-10-16,107.58999035690006,109.23184900854915,107.29611162741331,109.09769439697266,664400,0.020409594019410306
2013-10-17,108.40773117150646,110.50318300009408,108.12024724498649,110.24124908447266,525100,0.010427378110871608
2013-10-18,110.92486223221447,110.92486223221447,109.48743245047294,109.9857406616211,578100,-0.0023204107524764715
2013-10-21,109.85795931304557,109.97294900413999,108.26081528211046,109.07855224609375,587400,-0.00828244155618306
2013-10-22,109.0146701437587,109.56408811842024,108.12027332370235,109.51936340332031,685800,0.004033082872061628
2013-10-23,109.09128306809642,109.57042610471555,108.24799639270556,109.54487609863281,381800,0.00023292432836925415
2013-10-24,109.53849715535618,110.10068505430276,109.28294833929813,109.80681610107422,421800,0.002388311886944184
2013-10-25,110.02405113473655,111.32731628417969,109.41713839480866,111.32731628417969,651200,0.013752052924439309
2013-10-28,111.07815937424893,111.07815937424893,108.75271827641589,110.119873046875,650300,-0.010905130084317496
2013-10-29,110.19654977203464,110.19654977203464,107.90304360357798,108.36302185058594,547400,-0.016082623443154198
2013-10-30,108.36302573965067,108.70801431138463,106.79144146279828,107.09170532226562,735100,-0.011801377485858907
2013-10-31,107.09169226013893,107.41112102927546,105.80758236936687,106.6700439453125,935000,-0.0039451578713409026
2013-11-01,107.33447610988722,112.87337106711288,106.45924420116621,107.96056365966797,634400,0.01202564052914258
2013-11-04,107.82640942363771,108.50999188993676,106.1398253667281,107.74335479736328,546700,-0.0020139544731059365
2013-11-05,106.77229191567726,107.16199550769754,105.25180745038585,105.55845642089844,625400,-0.020487165904830937
2013-11-06,105.9864680540452,106.56783078829218,105.04734663662867,105.20067596435547,743200,-0.0033951629632899016
2013-11-07,105.21983394572746,105.48815294034057,102.30026008314314,102.97744750976562,1160700,-0.021359717760296718
2013-11-08,102.48553524186039,102.55580996793873,100.44757793378177,102.15972137451172,995600,-0.007972523663038647
2013-11-11,101.99361280402444,102.95829402703352,101.90417312919513,102.14694213867188,609100,-0.00012509857130221514
2013-11-12,101.84668854744959,102.07029263115234,100.64563300883029,101.655029296875,671500,-0.004827370349815237
2013-11-13,101.11200318242125,102.43443345131163,100.9267290045891,102.3833236694336,685200,0.0071388290972385455
2013-11-14,102.69000565366692,104.28075532709789,102.46640152575512,103.9229965209961,961400,0.014926362276752694
2013-11-15,103.92933570638407,104.14655466978674,102.79856492521535,103.75685119628906,633500,-0.001600014271757079
2013-11-18,103.60989169025251,103.68016639637591,101.6613843579219,101.89775848388672,623700,-0.018080249784762924
2013-11-19,101.38669274575683,102.03833018595844,100.07703279910781,100.26869201660156,878300,-0.01611643993544684
2013-11-20,100.2495092546207,100.7094873955872,98.3521018601817,98.73542022705078,743200,-0.015409753226705522
2013-11-21,99.31041159974826,99.69373005759512,98.41601486236337,98.85043334960938,755100,0.001164183907568836
2013-11-22,98.90791404176733,99.09956347618699,98.09016754608263,98.93346405029297,496100,0.0008396103692243081
2013-11-25,99.17625811857883,99.44457714292005,98.07742225802332,98.19880676269531,517500,-0.007453479693432605
2013-11-26,98.29464379206311,98.60768756702508,97.48968661841117,97.52162170410156,620300,-0.006919949707720448
2013-11-27,97.8857623645211,98.65238953576481,97.36189445278532,98.50545501708984,399900,0.010037813042580501
2013-11-29,98.7545906458949,99.04207456289036,97.5088205067868,97.55353546142578,289800,-0.009710618559462996
2013-12-02,97.71962827190521,98.09015697062915,96.65912269089557,97.6174087524414,649500,0.0006545369092031419
2013-12-03,96.87639212472408,97.77078910595553,95.97560032692927,96.09698486328125,807300,-0.01569790538630861
2013-12-04,95.20254707971412,97.81547190692034,94.87672351689731,97.06161499023438,1058000,0.009988042438108769
2013-12-05,97.06798859978377,97.44491210169281,96.1927571381534,96.56328582763672,600700,-0.005147377850495508
2013-12-06,97.36828254523095,98.5246131630167,97.07440377997732,98.38406372070312,859500,0.0186802318045536
2013-12-09,98.38405350329317,99.24651501444936,97.98157016499472,99.15068054199219,910500,0.007761881819809462
2013-12-10,99.13790192149274,99.59788010019103,98.46710934673354,98.83125305175781,1107600,-0.0032268375361880564
2013-12-11,99.03112045446304,99.05046042395873,97.0067883371031,97.05836486816406,1186500,-0.01810138394144879
2013-12-12,96.91655160372419,97.43230718214795,96.49105251373311,96.516845703125,835200,-0.005594937244832081
2013-12-13,96.76180909026182,98.03830619020435,96.30408333032959,96.4072265625,749700,-0.0011363968335781653
2013-12-16,97.11637135916841,97.72882659542292,96.36852651793197,97.35490417480469,917200,0.009781944132673094
2013-12-17,96.60062917248932,96.89073855174925,95.5755714417361,96.39433288574219,867600,-0.009915694884626885
2013-12-18,96.25891409272592,98.25100904215573,94.85993431413536,98.08983612060547,1036300,0.017436341474282607
2013-12-19,97.65147490800712,97.75462796451826,96.94230994101412,97.45162200927734,652600,-0.006527683527134428
2013-12-20,97.45161439533379,97.9415766196554,97.34846134688205,97.87711334228516,806000,0.004356675992904106
2013-12-23,98.20588453998887,98.83767963032913,97.60631616379348,97.7030258178711,619400,-0.0017802172668221021
2013-12-24,97.65148505995755,97.82555463126447,97.34847907321581,97.73529815673828,291500,0.00033025599589872113
2013-12-26,97.79972704897038,98.27680243922813,97.18082853766707,97.44514465332031,311100,-0.0029731843312036273
2013-12-27,97.76106953522556,98.16077532529961,97.05190458133606,97.42582702636719,361800,-0.00019826069372866706
2013-12-30,97.58696567370698,98.42506673256867,97.29041304250583,97.71591186523438,403500,0.0029730702840924115
2013-12-31,97.82554154092132,97.95447793910277,96.75535074530363,97.03901672363281,794400,-0.006951278431312563
2014-01-02,97.01970190909259,97.01970190909259,95.44019865091371,96.02687072753906,665500,-0.01048507617907349
2014-01-03,96.13645544075749,97.16152306428013,95.63359653286393,96.77470397949219,517900,0.0077575818918934536
2014-01-06,97.1550563572773,97.3484658728123,96.12999871332339,96.72311401367188,398100,-0.000533235646559745
2014-01-07,96.72312946764964,97.66438401379379,96.4136800956812,96.61353302001953,633100,-0.0011335771781282452
2014-01-08,96.71665065886486,97.12925294941071,95.89788945331398,96.78756713867188,655900,0.0017997226022423488
2014-01-09,97.664349353605,98.70874676161272,96.90360803085747,98.6700668334961,978800,0.01926307882897946
2014-01-10,98.66363992282645,99.66936750804321,98.66363992282645,99.45016479492188,644400,0.00787503614919665
2014-01-13,98.97308605347042,99.9917002590308,98.97308605347042,99.25675201416016,594700,-0.0019467147389628276
2014-01-14,100.06904555520534,101.02963972090782,99.42435386104074,100.39783477783203,713500,0.011430693444520978
2014-01-15,100.3591771941363,100.63639979969957,99.7144853564373,99.95301818847656,854900,-0.004440383593485287
2014-01-16,100.04974972176919,100.73956502344068,99.95949323826397,100.5783920288086,487600,0.006237186154891666
2014-01-17,100.72022153116677,100.79113803981531,99.7854201624132,99.90791320800781,541400,-0.006688549819809544
2014-01-21,100.50099903308877,101.48093327207134,99.61132124787989,99.94656372070312,843900,0.000386786563615001
2014-01-22,99.99169668780667,100.78466480434756,99.30187177738335,100.13352966308594,649300,0.0018689115307858025
2014-01-23,99.46309764406206,100.15936630123016,99.03115511213035,99.57914733886719,640500,-0.005551813299991458
2014-01-24,99.27610991574208,99.27610991574208,98.08986933517193,98.2639389038086,663100,-0.013295666122229233
2014-01-27,98.36709357596499,99.0440220541916,97.89001801744325,98.39933013916016,693200,0.0013768840251674609
2014-01-28,98.69587951731994,100.07551977455604,98.69587951731994,99.753173828125,754000,0.013664876583434984
2014-01-29,98.82484874392692,100.1593661271516,98.64433574096236,99.61137390136719,715000,-0.001422519222042855
2014-01-30,100.14000536274267,101.79685861826668,100.14000536274267,101.09414672851562,638700,0.01477587462244798
2014-01-31,100.26247786775055,102.33193316853998,99.98525526076502,101.59698486328125,984300,0.004961629671500676
2014-02-03,101.44227631425673,101.48095625503184,99.92724638577873,100.48168182373047,802500,-0.011038417686298548
2014-02-04,100.97808653362254,102.38351002972982,100.32049809923357,102.22879028320312,978800,0.017237902937992818
2014-02-05,101.91936042998205,102.35775612473928,101.37137810806009,101.79686737060547,745100,-0.004234012161177432
2014-02-06,101.79039074000016,102.19009651920955,101.38423174679292,102.1256332397461,848500,0.003224422542898191
2014-02-07,102.39640553323436,103.37633987876634,101.93867000111621,103.3118667602539,872700,0.011548492405192918
2014-02-10,103.27961402331562,104.67215053243727,102.95726815567905,104.47229766845703,734300,0.011169695979343038
2014-02-11,104.19509373764647,106.25166231484909,103.95656090085318,105.32975769042969,733200,0.008174036186223784
2014-02-12,105.5167349256224,105.52317830400767,104.44010050214679,105.41358184814453,543200,0.0007955094791508693
2014-02-13,105.02032763584451,106.49667789175308,104.62706510449111,106.06473541259766,614700,0.006158131298484899
2014-02-14,105.85194082243218,107.08330443535606,105.77458095974478,106.85765838623047,460800,0.007448034234270419
2014-02-18,106.63850703529083,107.68290493672748,106.25814111281937,107.60554504394531,711500,0.006974526887925264
2014-02-19,107.57973701493806,108.22442893177661,107.038198165726,107.30896759033203,642700,-0.002759959187863238
2014-02-20,107.48305928485783,108.13419471348539,106.76745071638915,107.47661590576172,686100,0.0015610763697160176
2014-02-21,107.36699167320516,107.97945688777091,106.06472103339404,107.30252838134766,1213100,-0.0016210844224733565
2014-02-24,107.38634291494412,108.19220785305633,107.38634291494412,107.47014617919922,868800,0.0015608860133258025
2014-02-25,107.50236310547567,108.7853033939795,107.40566326545488,108.08903503417969,776000,0.005742186920851558
2014-02-26,107.30251655036807,108.74662004514722,106.92215070752657,107.73445892333984,929200,-0.0032858001077875217
2014-02-27,107.81826603124512,108.58544105166472,106.88345500068318,107.36697387695312,680100,-0.003416856867312775
2014-02-28,107.48949590903506,109.33976866422391,107.48949590903506,108.95294952392578,1315900,0.014663504311205259
2014-03-03,108.43716447664467,108.94002332002637,107.64419627549918,108.75306701660156,759800,-0.0018362612725642052
2014-03-04,108.75308925006972,110.27456268236119,108.75308925006972,110.1714096069336,617700,0.012957550082151797
2014-03-05,110.08109836539205,110.9578793959344,109.5975796317227,110.35186767578125,733200,0.0016366354731540873
2014-03-06,110.30032641852432,110.51307590980467,109.08185921371285,109.1656723022461,751600,-0.01080739989392882
2014-03-07,108.83688120363088,108.83688120363088,107.44434446762115,108.01811981201172,818700,-0.01056766859545752
2014-03-10,108.03743610062911,108.19860902538171,107.05750196371321,107.68285369873047,665500,-0.0031086218834552584
2014-03-11,108.30825354923022,108.42429338473926,107.6055416460636,108.18576049804688,620200,0.0046593870167261475
2014-03-12,107.87369313360321,108.57581927866106,107.82169260728335,108.43930053710938,617100,0.0023408201583173614
2014-03-13,108.73187804205857,109.01793060885792,107.91923321364258,108.66686248779297,745200,0.002096320351750553
2014-03-14,108.19872851437646,109.622483186199,108.19872851437646,109.3299331665039,990000,0.0060833254137139135
2014-03-17,110.19461236777003,110.30513084759399,108.9984018473454,109.28445434570312,687600,-0.00041606430367547594
2014-03-18,109.1934412601908,110.5196729710528,108.67984428354902,109.45348358154297,615700,0.0015454956838875428
2014-03-19,109.7004975384883,110.25959728820824,107.86066940766541,108.4977798461914,896600,-0.008769941001729157
2014-03-20,108.237706531572,108.97883762239898,107.04148676675085,108.95282745361328,667500,0.004185302375732454
2014-03-21,109.90855523102526,110.51966555718501,108.95939189378066,110.10359191894531,1454500,0.010506654446945339
2014-03-24,109.99954824977601,110.10356911778894,108.90735889556817,109.1543960571289,667000,-0.008658309787311403
2014-03-25,109.56399759134462,109.99307633204009,108.79686583068752,109.79154205322266,774000,0.0058201380683203146
2014-03-26,109.96704940831295,110.37012782456407,108.64081795348902,109.10890197753906,775300,-0.006237011456181002
2014-03-27,108.99834028900185,109.22587470602609,108.12718811416488,108.95282745361328,672000,-0.0014314712717732052
2014-03-28,109.25843242405715,110.0385692048689,108.9658823712499,109.23892974853516,507700,0.0026224864088483235
2014-03-31,109.60300000071375,110.22711541767946,108.86837602863402,109.53799438476562,663000,0.0027339704468143035
2014-04-01,109.66799304258065,110.26609815450705,108.83584593729384,110.1880874633789,606800,0.005917321876813429
2014-04-02,109.93453697855605,110.60415516189997,109.53796611968463,110.48712921142578,545100,0.00271024481681268
2014-04-03,110.41565160409917,110.41565160409917,109.59650936734892,110.07759857177734,442500,-0.003713477802008346
2014-04-04,110.74070648646489,110.80572202476695,109.85654873344014,110.22711944580078,506200,0.0013574007704152643
2014-04-07,110.26611422190199,111.12426170928423,109.8045277521899,110.37663269042969,604100,0.0013554916094900783
2014-04-08,110.27913668181174,111.46884968214009,109.74603701085388,111.41033172607422,620600,0.00932161656492378
2014-04-09,111.38433154949428,111.40383422820537,109.92806871253181,110.60419464111328,547900,-0.007262052992183952
2014-04-10,110.91624348654699,111.403830276989,109.92156722764358,110.07759857177734,734000,-0.004772455952645133
2014-04-11,109.48596069354235,110.79268936039284,109.47945318934462,109.53146362304688,682700,-0.004973711641224879
2014-04-14,110.1880870940666,110.33111330730615,109.35593999156886,110.18157958984375,692300,0.005917881383969039
2014-04-15,110.35710746205703,111.3387783077596,109.98653686097917,111.104736328125,784100,0.008343598563313747
2014-04-16,111.49483915177913,112.17095509438151,110.90973900760358,111.86540985107422,682800,0.006823123965961102
2014-04-17,111.50785347953557,112.0864560860289,111.01375917288136,112.00193786621094,505400,0.0012197226031861296
2014-04-21,112.22945230312753,112.62602319154756,111.79387606830164,112.57401275634766,680100,0.005094722974191349
2014-04-22,112.3984690971561,112.83404529446771,111.65084023549704,112.67151641845703,412800,0.0008657545262430698
2014-04-23,112.77553727989795,112.77553727989795,112.00189824289099,112.67151641845703,772700,0.0
2014-04-24,112.80154440104522,113.12660217285156,112.32046524755644,113.12660217285156,383400,0.004030913751006609
2014-04-25,113.17209598617238,113.26311175016964,112.58048856020302,112.84703826904297,514300,-0.0024743067013531916
2014-04-28,113.29569928741624,114.16685220198518,112.82110754382373,114.16035461425781,752300,0.011570821383052028
2014-04-29,114.61537705925939,114.88842440846297,113.88074329022686,114.38783264160156,644400,0.0019906358058898684
2014-04-30,114.29033811293345,114.3748464054415,113.34767236435249,114.10179901123047,527700,-0.002503691547998242
2014-05-01,113.94575626808782,114.7388980399389,112.66502782927792,114.54386138916016,751900,0.003866794829772154
2014-05-02,112.07991229208702,112.15142539647658,110.18808365773704,110.87069702148438,1231800,-0.03259318794280569
2014-05-05,110.64315840740377,111.81986587388054,110.57164530568542,111.77435302734375,971400,0.008117503333408712
2014-05-06,111.2152563333476,111.67033517065524,110.56514087434391,111.07872772216797,575900,-0.006242925268221627
2014-05-07,111.40381102394679,112.6975446555261,111.21528186234849,112.60002136230469,870500,0.013602696758607804
2014-05-08,112.03440908532122,112.37247193432019,110.643162265181,111.49481201171875,744500,-0.009863844649303283
2014-05-09,111.46879941028735,112.30744397591204,110.90969972654607,111.5858154296875,463000,0.0008158792097780978
2014-05-12,111.74188958585817,112.19047100563506,111.2738054886978,111.73538208007812,564000,0.0013394758260396632
2014-05-13,111.8458731226091,112.89255953867523,109.40793984791866,110.79918670654297,708700,-0.008413981718012019
2014-05-14,110.98126099478588,111.76789547546144,110.44166374672984,111.59236145019531,670300,0.007133167725321841
2014-05-15,111.34533483675246,111.69639300078687,109.83056384605221,110.87725067138672,558000,-0.00642886221595815
2014-05-16,110.69517289933064,112.12542506620075,110.2725918573169,112.06040954589844,801700,0.010614357230439202
2014-05-19,111.67034208664228,111.96289207731725,110.851190208782,111.77435302734375,444700,-0.0025559628986915723
2014-05-20,111.94341982622447,112.22296480528654,110.54566517098019,111.04625701904297,495300,-0.006535289527866924
2014-05-21,111.08524728761766,111.50132086691555,110.5911630121941,110.72769165039062,335500,-0.002872885563606035
2014-05-22,110.90971317711715,111.20226318107105,110.27259281653448,110.33760833740234,469800,-0.0035291266234464503
2014-05-23,110.83172911148623,111.54036281068373,110.59768704715968,111.41033172607422,420100,0.00967523537313737
2014-05-27,111.61835396591316,112.13844845327499,111.42331729315532,112.07343292236328,507100,0.005934239950432509
2014-05-28,111.96289945139047,111.96289945139047,110.63016060612206,110.80569458007812,653700,-0.01137613942279214
2014-05-29,110.89023662085206,111.35831078543004,110.42215253629604,110.51316833496094,742200,-0.0026434838098495428
2014-05-30,110.51964681897012,112.17744350524993,110.49364656097876,112.06692504882812,1299200,0.013961553605236
2014-06-02,111.9564522906847,112.34001825247275,111.63139437324119,111.9044418334961,498000,-0.0014509287155647043
2014-06-03,111.9954061968434,112.2684535316456,111.03973556504775,111.17625427246094,494200,-0.006528490901241894
2014-06-04,110.8837265334339,112.04743913210136,110.66268958753408,111.87840270996094,737900,0.006295773118913294
2014-06-05,111.89144650609657,113.62725474636423,111.65090680058563,113.51023864746094,580600,0.01448044978355132
2014-06-06,113.53618947575475,113.77023149162231,111.975915983289,112.35948181152344,423700,-0.010189650834188263
2014-06-09,112.24247836657374,113.01611768315428,110.9617495671886,111.38433074951172,583800,-0.00871673031120895
2014-06-10,111.16975642314078,111.95640058484243,111.16975642314078,111.55982971191406,663100,0.0015743762769055809
2014-06-11,111.36977909881564,111.802387305921,110.89128365690658,111.38288116455078,648100,-0.0015873906244703749
2014-06-12,111.46805972381813,111.65814963484868,110.55696636144161,111.05511474609375,455300,-0.00294703838107383
2014-06-13,111.02233578720325,111.43527071201433,110.26199624076035,111.12065124511719,556700,0.0005899518395432407
2014-06-16,111.0289431349248,111.92037374460821,110.56355972773771,110.76676177978516,478600,-0.0031898137940654307
2014-06-17,110.32756762395347,111.33042549255073,109.98672396878317,111.28453826904297,473600,0.0046635838436521505
2014-06-18,111.08788931386614,112.24151083241627,110.48486442988481,111.992431640625,621300,0.006340965158852435
2014-06-19,111.99904024545931,112.87736889902416,111.4484533294304,112.32022094726562,555800,0.0029226130241085694
2014-06-20,112.5626909836148,112.98218702576807,111.92689088825485,112.81832122802734,1017300,0.004424840710522986
2014-06-23,112.83141410252176,113.38856172071334,112.18906308506666,112.26771545410156,529100,-0.004892412521920681
2014-06-24,112.0841743816754,112.76585150938698,111.84165626918877,112.05139923095703,461400,-0.0019286478595508165
2014-06-25,111.77614475550655,112.30706837603715,111.00925397012067,111.23210906982422,702500,-0.007338596963750646
2014-06-26,111.38941405084667,111.55983087653124,110.93059182663868,111.00269317626953,492700,-0.0020646268966874105
2014-06-27,110.93060974504611,113.00842715439374,110.93060974504611,112.85111236572266,658800,0.01651489637669347
2014-06-30,112.27428532830363,112.81832097577535,111.63849523593981,112.3136215209961,606000,-0.004774210031658879
2014-07-01,112.6413147995823,113.17223820222387,111.83508814961364,112.79206848144531,496100,0.004250871498641754
2014-07-02,112.5365109565401,112.7069278372619,111.5729789737373,112.49718475341797,394900,-0.002617824793651012
2014-07-03,112.44472075306106,112.44472075306106,111.2714359533015,111.9990005493164,248900,-0.004438249328835828
2014-07-07,112.09075210914135,112.52991122896593,111.61881783079198,111.8678970336914,401100,-0.0011712632106703684
2014-07-08,112.0842500880745,112.6217349184943,111.62542767282498,111.7696304321289,506700,-0.0008788024890119473
2014-07-09,111.87448719251651,112.07768924580984,111.12070829068527,111.7892837524414,367800,0.00017582229216687127
2014-07-10,111.78925014453124,112.47748850105506,111.43529441759915,112.25462341308594,575800,0.004154010128480881
2014-07-11,112.3201439258506,112.51678483289783,111.57946750998727,112.28736877441406,399000,0.0002916635880998629
2014-07-14,112.51025558493271,112.90353751012621,112.13664675741622,112.83143615722656,382300,0.0048336116768876785
2014-07-15,112.87733911604417,113.36893659027048,112.45128197076897,112.857666015625,410000,0.00023244240208336345
2014-07-16,112.9035294155896,113.19848583755063,112.39881998147683,113.05428314208984,430600,0.0017406531778568083
2014-07-17,112.57581637806308,113.30338100624634,112.41195056091888,112.72657012939453,401400,-0.002902932096178182
2014-07-18,113.07395127417165,113.60488485924326,112.6020169773799,113.53278350830078,406600,0.007126483639438033
2014-07-21,113.2771539602339,113.89984199406724,113.0542888731315,113.32958221435547,417000,-0.0017914064118987685
2014-07-22,113.5852158109366,114.04404806142118,113.35580968726921,113.48690032958984,483100,0.0013871843765226838
2014-07-23,113.46722110897576,114.5946184755584,113.46722110897576,114.05058288574219,477200,0.004954644846350694
2014-07-24,114.35867212240056,114.87648368058056,114.03749153468428,114.80438232421875,768100,0.0065875972041988815
2014-07-25,114.41110035110573,115.18454210465498,113.77530026481382,113.83428955078125,484500,-0.008485866252056856
2014-07-28,114.19481104866894,115.26977040527913,113.94573180698433,115.02725219726562,467800,0.010425285456627855
2014-07-29,114.90926054043916,115.21732906748394,114.24068522625949,114.39144897460938,415900,-0.00554274649077845
2014-07-30,114.33902824514956,115.2632339679845,114.00473553601775,114.87650299072266,510300,0.004231334869645219
2014-07-31,114.41766925288229,114.55532094321343,112.27430151379671,112.48405456542969,966600,-0.02104618989359595
2014-08-01,112.62167036431805,113.67040528353326,112.48401871785516,113.19847106933594,653800,0.0063311848206114955
2014-08-04,113.16570927221096,113.5721032278087,112.20873867049553,113.2247085571289,418200,0.0002317562005241463
2014-08-05,112.7396525219091,113.27057602946405,111.97931293010471,112.162841796875,546700,-0.009422655467777355
2014-08-06,112.18908644124787,113.93262099603527,112.14976024854326,113.26404571533203,732200,0.009770020693260927
2014-08-07,113.34924457643604,113.95227951225185,112.74621964219476,112.92974853515625,428600,-0.002955849648138993
2014-08-08,113.32303453351216,113.73597955834461,112.46437932444617,113.60488891601562,474700,0.0059606105924420215
2014-08-11,113.27712694037953,114.33897386061588,113.27712694037953,113.85392761230469,452900,0.0021897484529444333
2014-08-12,114.00471377710092,114.9616944850651,113.72942042314342,113.94572448730469,497400,0.0008059439873833389
2014-08-13,114.31283055821544,115.6368696304975,114.0375370880224,115.17804718017578,447000,0.01075693339645404
2014-08-14,115.74827330825809,115.94491431821503,114.33903107312496,115.00760650634766,602100,-0.001480897721011662
2014-08-15,115.32876834230343,115.74826446408906,114.07683100953291,114.71263122558594,501300,-0.002568127612912232
2014-08-18,115.40746340612628,115.45334065036882,114.81098921991841,115.17804718017578,491900,0.00404902533392389
2014-08-19,115.21731499498173,116.12185736829952,115.04689817168494,115.66958618164062,307700,0.004258564293337826
2014-08-20,115.71546890628453,116.54790997057421,115.03379157910123,116.17430114746094,521500,0.0043539277135558364
2014-08-21,116.60035828815434,116.84287649253318,115.7744781856064,115.80724334716797,334600,-0.0031645457608534015
2014-08-22,115.65648630596114,115.68271043635448,114.22758124835693,114.66674041748047,423900,-0.009897101795589171
2014-08-25,115.18454404888105,115.18454404888105,113.7818532166129,114.0440444946289,460400,-0.005445282886203313
2014-08-26,114.57501321251415,114.67332872951334,113.61148113960793,113.75568389892578,402700,-0.0025317040696918114
2014-08-27,113.87362098742122,114.23412775423205,113.48034906127977,113.96538543701172,250800,0.001841740845265174
2014-08-28,113.63767143385074,114.20793131753152,113.63767143385074,113.95230102539062,342700,-0.00011481699238483852
2014-08-29,114.05061662303943,114.85028266615467,113.91952596056962,114.82405853271484,494900,0.0076210822514644755
2014-09-02,115.03379297279244,115.21077083934539,114.48320627859977,114.90270233154297,394200,0.000684672535358549
2014-09-03,115.45328040488992,115.630258258228,114.36520916077295,114.9813461303711,332700,0.0006842040795984152
2014-09-04,114.82404088612293,115.03379391510015,113.55900168541937,114.22101593017578,425300,-0.0066345999436516695
2014-09-05,114.26035167041931,115.85967350293063,113.9129469673589,115.78102111816406,695800,0.013565350380802288
2014-09-08,115.78758626868601,116.10221584926757,114.99448128804656,115.35498809814453,360100,-0.0036864312396701062
2014-09-09,115.40740053606181,115.74168313885188,114.44386891449614,114.85680389404297,380900,-0.004328057893640037
2014-09-10,114.55535781878898,114.5619088531703,112.87081183592218,113.13300323486328,562300,-0.01512202260285853
2014-09-11,113.40385675758009,113.516195478701,112.58443245348795,113.11969757080078,360100,-0.00011761772593621238
2014-09-12,112.87521029162285,112.95450584972893,109.49179870093786,109.74951934814453,1062000,-0.03024585618931275
2014-09-15,109.73630660501601,110.3839105626813,109.07548335909073,109.87508392333984,672900,0.001143447382542222
2014-09-16,109.76277282494613,111.11084814946275,109.70990574195419,110.4698486328125,529000,0.005398500859975598
2014-09-17,110.83987062460658,111.6262518325492,109.90811759183308,110.08653259277344,510500,-0.0034759042004721876
2014-09-18,110.06011001751965,110.3706977395918,108.88384548500215,109.11512756347656,747000,-0.008863175467991148
2014-09-19,109.81559444066987,110.2319162829843,108.96313695008898,109.0093994140625,1104500,-0.0009694293361623037
2014-09-22,108.99623442597617,109.1019686105654,107.99838444438639,108.07769012451172,758500,-0.008583790149216376
2014-09-23,108.13710616159446,108.81114863719817,107.70757512241893,107.74722290039062,658200,-0.003062366413144246
2014-09-24,107.69439095975474,109.41253584355185,107.3838031531963,107.79351043701172,685800,0.00042950152962686986
2014-09-25,107.84633721784611,108.28908752308251,107.27802889942781,108.04458618164062,795600,0.0023265203114002306
2014-09-26,107.99176112782126,109.20106918569083,107.8265552742877,109.02925872802734,643600,0.009072297959623138
2014-09-29,108.31553257418662,109.71647452429605,108.03798804161939,109.64378356933594,618600,0.005620504956551658
2014-09-30,109.68343434134296,110.48963946986345,108.77150516183644,109.5909194946289,770800,-0.00048226010748106385
2014-10-01,109.51826204166544,110.48306866686302,109.1482025416001,109.5380859375,624300,-0.00048221419203267146
2014-10-02,109.59092685211587,110.23854090595445,109.06888091418756,109.62397003173828,584600,0.000783749707537247
2014-10-03,110.15260060472802,111.0711442808107,109.41908658401739,110.75395202636719,543400,0.010255037228888717
2014-10-06,110.81347638645234,111.4082134068115,110.24516786513291,110.2649917602539,550900,-0.004424607732170319
2014-10-07,110.35748369623074,110.45660315123558,109.38607270373264,109.3992919921875,431900,-0.007882066535491679
2014-10-08,109.63719445363434,111.92363739013672,109.35303519561211,111.92363739013672,653200,0.022812411509080116
2014-10-09,112.0888527540007,112.9545297241708,111.73861718718933,112.0029525756836,641500,0.0007084034895178658
2014-10-10,112.35980876180791,112.67700118984986,111.28927801506292,111.35535430908203,584100,-0.005798755285061632
2014-10-13,111.36855699069821,112.4787454483095,111.01832142620134,111.22317504882812,682400,-0.0011877091305569796
2014-10-14,111.17030110260703,113.46335876371967,111.04474306208034,112.86862182617188,806500,0.014685734802315263
2014-10-15,112.08886061692841,112.9743716262969,110.98528676138083,112.26068115234375,1047100,-0.005400826489775136
2014-10-16,111.30246890076701,112.63073025062862,110.8332899820173,112.27388000488281,862900,0.00011756633354115248
2014-10-17,112.85538569875085,113.74088636995646,111.7055496965692,113.34439849853516,742900,0.009489714525863975
2014-10-20,113.3378349454772,114.46124296306725,113.00081859022004,114.42158508300781,573300,0.009458783956406341
2014-10-21,114.93037637910079,115.9150066340409,114.1439951122955,115.83570098876953,612500,0.012283074375417667
2014-10-22,116.450261523173,116.87979255659566,115.86212929662612,116.44365692138672,674900,0.005234708123548691
2014-10-23,116.9723502980819,117.48118715636362,116.19258350013806,116.78071594238281,894700,0.0028904290878594874
2014-10-24,116.52299968863403,117.04504577539284,115.69697037939403,116.28510284423828,840500,-0.004252994692891465
2014-10-27,116.27187045146964,118.33364623171873,115.98772124112197,118.32042694091797,741700,0.01735146791685701
2014-10-28,118.33363965044413,118.80942317580167,117.70584941437842,118.7763900756836,478600,0.0038462236870830256
2014-10-29,118.51206619137362,120.3227259382311,117.6596084416558,118.34025573730469,596000,-0.0036786521563267594
2014-10-30,117.89752384155538,119.2522140422664,117.84465675119871,118.80284881591797,842400,0.0039013882882144675
2014-10-31,121.51881647968726,121.89549066345865,118.80283186084763,121.8161849975586,1012000,0.025047841628153083
2014-11-03,121.80295019102766,123.38231740590561,121.1949839081472,123.28980255126953,733400,0.012024474179684861
2014-11-04,123.19068008820587,123.64664978488145,122.34482705911854,123.34266662597656,527200,0.000428687071843896
2014-11-05,123.15106296567399,123.76562395621731,122.52988728703924,123.6070327758789,763100,0.0021410534334155257
2014-11-06,123.6466426810479,124.09599766546236,123.07172966176384,123.28980255126953,749700,-0.0025697405052592733
2014-11-07,123.455012467771,123.67307528115344,122.34482409191686,123.10476684570312,718600,-0.0015019465794523707
2014-11-10,122.99907753070376,124.31410980224611,122.76118067462399,124.3141098022461,484800,0.009775750369953803
2014-11-11,124.1488729389086,124.47267999320829,123.43518254883986,123.80525207519531,527600,-0.004101722949989109
2014-11-12,123.81186743787732,124.23479399281617,122.78098459042418,122.88671875,509500,-0.0074468379892648345
2014-11-13,123.32282015601616,124.0034672331977,122.89989371889986,123.6003646850586,530400,0.005790550313516279
2014-11-14,123.27659640275024,124.14887797038796,122.35805236118185,122.66202545166016,388100,-0.007620682752480493
2014-11-17,122.75452424034842,123.70611134105357,122.4769796832032,123.0452880859375,378500,0.0031196706324792996
2014-11-18,123.28979300832334,123.92417765290699,122.84703257751832,123.21710205078125,450800,0.0013953733871107194
2014-11-19,123.21711682199317,123.54091378529195,121.41967664125968,121.53861999511719,727400,-0.013715784496791915
2014-11-20,121.49237740874031,121.8624368728577,121.06283617953224,121.57827758789062,531100,0.00032624300095515884
2014-11-21,122.6091515691403,122.74792889986581,121.84920880175972,122.56950378417969,653200,0.008119931600001812
2014-11-24,123.04530422866956,123.57396491879175,122.34483309968738,122.37126159667969,442900,-0.0016186952831433834
2014-11-25,122.50340761735542,122.8470284201419,122.20602911169844,122.51661682128906,1119400,0.0011871166724830794
2014-11-26,122.7148664354489,123.67967274579584,122.31176387941764,123.32943725585938,529800,0.00661245834761966
2014-11-28,123.85148757869449,125.68197073468286,123.71932495041047,123.99026489257812,437200,0.005343926938392597
2014-12-01,123.55414998087505,124.38678382189921,122.89332659116438,123.0849609375,604900,-0.007328197341154087
2014-12-02,123.28320398937282,123.28320398937282,122.32501213745684,122.8999252319336,669900,-0.0015044480443340649
2014-12-03,122.84044510074573,123.38232505676078,122.08050232506595,122.9990463256836,568000,0.0008061936858928112
2014-12-04,122.17963050177568,122.91314483395806,121.53202643298175,122.58273315429688,561600,-0.003390427181213421
2014-12-05,122.25892397085353,122.54968785728178,121.20161266418107,121.96155548095703,483300,-0.005080298647139058
2014-12-08,121.97472102826951,123.2633239722955,121.97472102826951,122.60250091552734,514600,0.005241546214500106
2014-12-09,121.71704371507028,123.111381263932,121.65757203882274,122.8536605834961,442200,0.002046473423936238
2014-12-10,122.53649515825828,123.56738827476875,121.9153295464309,122.68849182128906,685600,-0.0013453395720572367
2014-12-11,123.29436648527454,123.67390254741457,122.51533000822371,122.82827758789062,452700,0.0011387065905307577
2014-12-12,122.40212602987584,123.34096867924224,121.2235790904579,121.27684783935547,618200,-0.012711331935380115
2014-12-15,121.53659233961794,121.98937187002,119.52573916161627,119.89862060546875,736300,-0.011429373360063876
2014-12-16,119.83196959579936,120.18486617398312,118.7999091562161,119.08622741699219,701400,-0.006798726567361278
2014-12-17,119.76536160050776,121.76289367675781,119.13946659102031,121.76289367675781,972400,0.022227828386180707
2014-12-18,122.82828104992433,123.4541762268996,121.55651618266403,123.40756225585938,705400,0.013416732811422385
2014-12-19,123.96691214154903,124.08676942314491,122.74842576519966,123.1479263305664,1209900,-0.0021061061974602183
2014-12-22,123.58069817456776,125.63148954553674,123.38759765043282,125.51164245605469,511900,0.019012236984714086
2014-12-23,125.67142474345601,126.32394914600933,125.19201615709744,125.5848617553711,472900,0.0005831965014537173
2014-12-24,125.61818247420219,126.26405222919657,124.59277660834468,124.79918670654297,218000,-0.006275780205097523
2014-12-26,124.80581968573112,125.83121512898187,124.65267838757785,125.15206146240234,229500,0.002823550535424129
2014-12-29,125.13874827426321,126.49706583837067,125.1320833305335,126.07759094238281,393700,0.0073680288787663925
2014-12-30,126.07094614186346,126.51040577928066,125.37180765687734,125.59153747558594,337500,-0.0038626435763435734
2014-12-31,125.68474180996657,126.31730189913692,122.95478681029093,123.081298828125,525000,-0.02018977186458515
2015-01-02,123.41421269001847,124.93233648292505,123.21445742043075,124.6659927368164,415300,0.012792999764537304
2015-01-05,124.39301857562984,125.78463051808652,123.96021374875744,125.251953125,481900,0.0046892307783705876
2015-01-06,126.37059964866867,127.70895334679417,125.97109911906226,127.38935089111328,642800,0.016920818006783446
2015-01-07,127.7088846023925,130.1924799431452,126.95647761134413,129.9993896484375,734100,0.020281603769991136
2015-01-08,130.38560669377927,132.2100131674881,129.64651927881698,131.7705535888672,893900,0.013532424291078395
2015-01-09,132.10350122961734,132.3498705222661,130.259119887224,132.1700897216797,611900,0.0030274718813017645
2015-01-12,132.18342682013727,132.689464882378,131.79057092131458,131.9370574951172,403500,-0.0017646798997447632
2015-01-13,132.33656049079727,133.4351995705032,131.97034407756925,132.4497528076172,766700,0.003878377704004239
2015-01-14,131.82383134600585,132.82259764202664,131.17796166178096,132.38314819335938,608400,-0.0005029935133461683
2015-01-15,132.68943721635148,133.9279078893815,132.20337377370376,132.7959747314453,720600,0.0031135699299292157
2015-01-16,133.0490257763137,134.93335638685687,132.21005537475105,134.66702270507812,609500,0.013991307313371178
2015-01-20,135.40610704633744,135.68576045336334,134.3807112205758,134.88674926757812,555200,0.001630298916309872
2015-01-21,134.31410827685207,134.56046740797984,133.28870240139003,133.8413543701172,558100,-0.007780356105623225
2015-01-22,134.1409909724364,136.7977031047336,133.8679923836108,136.64456176757812,765700,0.020727938834523084
2015-01-23,135.8854517143417,137.2704085246298,134.61368717066713,134.9998779296875,532600,-0.012109240570861561
2015-01-26,134.986569540987,136.17177120856533,134.1942134481732,136.0918731689453,516000,0.00805632145642879
2015-01-27,135.59251683606257,137.2571273895204,135.21964569768426,136.27833557128906,443000,0.0013691837468987186
2015-01-28,136.83097797657584,137.77647548597602,134.9532925260943,135.00656127929688,468000,-0.009376000090558188
2015-01-29,134.93998419121723,136.10521150823806,134.2275260405932,135.95872497558594,333300,0.007027967519956969
2015-01-30,135.41939940610516,135.74565656836728,133.6615710886918,133.7281494140625,1259800,-0.016542343283063376
2015-02-02,133.84133232785956,134.58708470355364,131.71729796987762,134.3340606689453,628600,0.004520684109790953
2015-02-03,134.4139586603809,135.2063148442312,133.20878234443074,135.18634033203125,663200,0.006324437784637957
2015-02-04,134.54043096023827,135.36608114067528,133.50837077468515,134.93994140625,679600,-0.0018243244791552545
2015-02-05,134.97996107470684,137.70326189929162,134.8800884909115,137.6699676513672,639500,0.020029481124131047
2015-02-06,137.24376490178238,137.27705913447397,135.13970553931694,136.14512634277344,1871600,-0.011137859857244218
2015-02-09,135.9986631614131,136.25168718127756,134.693604199977,134.9000244140625,781300,-0.00918747805264742
2015-02-10,135.59916611196812,135.89880412739893,134.30743690934162,135.619140625,657700,0.005316576403820953
2015-02-11,135.9520297104027,136.4447579521568,134.3739826042055,135.0531463623047,737100,-0.0041821428706020815
2015-02-12,134.95994512412292,135.94539156828264,134.2874360664402,135.69236755371094,459200,0.004721942534690111
2015-02-13,135.47267945637645,135.47267945637645,133.90128657496052,134.90670776367188,447600,-0.005806834312172958
2015-02-17,134.99989042111943,135.89211907108213,134.47387805583534,135.25291442871094,724500,0.002562980002303683
2015-02-18,135.35281675905358,135.5525720637347,133.72815518228,135.27291870117188,508200,0.00014789177259667976
2015-02-19,134.58708644747998,134.866739781998,132.06353133270215,132.3631591796875,748900,-0.021745006870048492
2015-02-20,133.0822252577588,134.30738583097363,132.36311258216716,133.28863525390625,950300,0.006967615786907811
2015-02-23,133.54172647766876,134.30745349167847,132.78931919398354,133.8413543701172,611600,0.004138209309666756
2015-02-24,133.26207393565113,133.7681119314017,132.02360316712446,132.1700897216797,571100,-0.012565524344900322
2015-02-25,131.95033156754516,133.06229005846498,131.44429368041241,132.02357482910156,498600,-0.0011091477749670758
2015-02-26,131.93699745359143,132.22997046787128,130.5254112865784,131.011474609375,452100,-0.007695592026819678
2015-02-27,131.23121655331275,131.664021331852,130.09262878571772,131.31777954101562,626200,0.0023352719225718244
2015-03-02,130.47216659758791,132.9491077895748,130.47216659758791,131.5375213623047,635800,0.0016719607458835052
2015-03-03,131.4109997803795,131.4908978259288,130.1858490020725,131.11802673339844,473900,-0.003194259467452077
2015-03-04,130.97817754577775,131.3710230668905,129.6864385618055,129.9594268798828,597800,-0.00887558418616371
2015-03-05,129.98609645388638,131.05145116343408,129.20039506960043,130.23912048339844,499300,0.002149848368294034
2015-03-06,127.8753469868785,128.10173151690276,125.06548438959943,125.27854919433594,1066200,-0.0388324975158118
2015-03-09,125.85118963917688,127.03639132396235,125.13207679223267,125.15206146240234,749400,-0.0010101619954353673
2015-03-10,124.94566754306844,125.49166469653083,123.85368339612045,124.27982330322266,876000,-0.006993826914762753
2015-03-11,124.14665271906175,125.32519983261017,123.31434744451725,123.7538070678711,1021700,-0.004241497599850184
2015-03-12,124.59241856226522,126.4105456284684,124.52532469625079,126.28307342529297,776300,0.02023183641260023
2015-03-13,126.4642332993917,126.92715441200257,125.20965770910668,126.68563079833984,643700,0.0031826681018656414
2015-03-16,126.8936158722527,128.49706128551077,126.8936158722527,127.9871826171875,624900,0.010221453427595716
2015-03-17,127.79260883430405,128.36287605359104,127.06133269631985,127.59805297851562,495700,-0.0030450110972597066
2015-03-18,127.57789278375107,130.3889554254158,126.37698032146578,129.97299194335938,671800,0.018441562584610636
2015-03-19,130.04011500634948,131.08000858942063,129.65769836653294,130.315185546875,587300,0.0026293457041364917
2015-03-20,130.90556609644958,133.78372318534414,130.3084675066436,133.5891571044922,983500,0.0248130781174722
2015-03-23,133.38788215549437,135.98425291103888,132.63646978983607,135.22613525390625,1158000,0.012179354606855139
2015-03-24,135.16578482896878,136.06478545229493,133.76361083984375,133.76361083984375,699400,-0.010874309131149604
2015-03-25,133.82396492720687,134.33384349343373,131.99241707410698,132.05279541015625,637600,-0.012872336037078467
2015-03-26,131.28128710773228,132.64992446214927,131.08673123446428,131.88510131835938,447000,-0.0012707088784148016
2015-03-27,131.8649615758508,132.73713074301887,131.4825449249273,132.4888916015625,606700,0.004567705970780152
2015-03-30,132.4754885493511,133.9246200659191,132.1735763395231,133.63613891601562,483700,0.00862192044974006
2015-03-31,133.40802767219526,134.0319576939071,132.00584353155259,132.2607879638672,739700,-0.010345085474997268
2015-04-01,132.43526344870244,132.87805859343987,130.6909347600899,131.46246337890625,532400,-0.006054278637900957
2015-04-02,131.415453293763,132.911552395624,131.06658360070256,132.3748321533203,456600,0.006916174677916926
2015-04-06,132.82433424686107,134.13258281754054,132.52913759766423,133.7568817138672,405800,0.01038630056161987
2015-04-07,133.783712656377,133.783712656377,132.08634229634248,132.2003936767578,438500,-0.011704931217919155
2015-04-08,132.25405957165935,132.50899372235895,131.84481158778118,132.16683959960938,492200,-0.0002538444489717966
2015-04-09,132.08636300505358,132.54928412801988,129.81201985763983,130.24139404296875,499000,-0.014675455008089958
2015-04-10,131.02632799985287,132.03937988126134,129.49668200278523,129.94618225097656,452800,-0.0022692237875215683
2015-04-13,129.95961012937212,130.1071982190598,128.44337463378906,128.44337463378906,689100,-0.01163223917057151
2015-04-14,128.89962723932473,129.81875416087388,128.3830329481132,128.859375,545600,0.0032335505879570467
2015-04-15,129.16794510586547,129.79859063913705,128.06096789505472,128.10792541503906,472900,-0.005848617514940765
2015-04-16,127.81274375513178,129.0002357977785,127.34983284489597,128.5507354736328,452800,0.0034505790408172515
2015-04-17,128.0542806332102,128.43669735519777,126.98085012091104,127.51757049560547,533700,-0.008069492087032585
2015-04-20,127.69198019204434,128.59768608468275,127.22235377692576,128.5373077392578,871500,0.00796503188562138
2015-04-21,128.71172431628915,129.21489757751453,127.80600835124898,128.57083129882812,511100,0.00026077400649948446
2015-04-22,128.95994677020016,129.51007751850028,128.6446240565445,129.35577392578125,459800,0.006086576834864403
2015-04-23,129.3557824566751,130.00655403738554,128.6312117203041,129.5100860595703,493800,0.0011922170971160352
2015-04-24,129.89924432713812,130.76470832562381,129.1545472704108,129.88583374023438,376600,0.002897099875465142
2015-04-27,130.02673393840985,130.67750578833036,129.29545760795173,129.60406494140625,398700,-0.0021717138971714426
2015-04-28,129.11427352865113,129.57048933461644,128.46350187409678,129.15452575683594,384600,-0.003474587147981475
2015-04-29,128.42325249193615,128.6916177475947,126.00802661353585,126.51119995117188,815700,-0.020678720155135305
2015-04-30,126.29650794121254,127.02778406946909,125.05534294496312,126.06840515136719,889600,-0.003506183749421756
2015-05-01,126.37030077801217,129.27528926806664,126.37030077801217,127.55779266357422,1029200,0.01174488003039631
2015-05-04,127.85299948817105,128.67148539135312,127.74565338257442,128.2421112060547,518200,0.005350433402314534
2015-05-05,127.6852633942673,128.07437507667026,125.40420492523073,125.82687377929688,730500,-0.019013026596033725
2015-05-06,126.51791328111037,126.90031971872172,124.96814094067118,125.69941711425781,677000,-0.0010134660316871446
2015-05-07,126.41054787317354,129.29541013254814,126.22269732950141,128.6848907470703,729600,0.02347323023024077
2015-05-08,129.7113215212083,132.46871068392443,129.7113215212083,131.8514862060547,761100,0.024309475983960188
2015-05-11,131.82468261736136,132.23393059236227,129.81869496332655,130.26148986816406,1058400,-0.012132293979688107
2015-05-12,130.4627781288807,132.2540738539301,128.9264165820615,131.62342834472656,660900,0.010401139280027751
2015-05-13,131.96560485606508,132.75726964120233,129.18808817057956,129.63758850097656,542100,-0.01520225338592426
2015-05-14,130.3151952357956,132.53586536491238,130.23468053679733,132.42181396484375,576300,0.02124961137842822
2015-05-15,132.8042669317628,134.3406291988223,132.35476646677583,134.22657775878906,670900,0.013536862847279835
2015-05-18,133.69649572229508,134.58208561920824,133.3744676857297,133.83067321777344,715400,-0.0029538826309886647
2015-05-19,133.56229372942266,133.70989201850304,132.09973165683115,132.2674560546875,872500,-0.011749313310511654
2015-05-20,132.27418606926406,132.8176115399021,131.59657287597656,131.59657287597656,1030500,-0.005085078303941407
2015-05-21,131.49601595653456,132.20716624163015,130.09384150859393,130.7244873046875,886900,-0.006649018447504182
2015-05-22,130.69763217505465,131.66372689183882,129.73153745827048,130.88548278808594,495600,0.0012308055665115004
2015-05-26,130.7847902197873,130.81833714988167,129.6442662561798,130.0467987060547,604000,-0.006428387973977247
2015-05-27,130.04678606022654,131.8380813925519,129.84551473631797,131.61668395996094,431100,0.01199941294555593
2015-05-28,131.978994861156,132.12659317244336,130.56340032078083,131.17391967773438,417800,-0.0033697148608997697
2015-05-29,131.51612058814328,131.83144343466412,129.3155761935446,129.8455810546875,1443200,-0.010178167429993263
2015-06-01,129.79187966112656,131.9454556468183,129.48996749223357,131.7106475830078,668800,0.014261546356711072
2015-06-02,131.1068332890627,131.495955201272,130.20112749497957,130.93240356445312,514200,-0.005926266031824609
2015-06-03,130.563413827083,130.8384843663087,128.75199191772788,129.49668884277344,566200,-0.011025874669802675
2015-06-04,129.19482463100198,129.73825033881675,128.42999113159996,128.60443115234375,724600,-0.006914043959989297
2015-06-05,128.3964148837365,128.3964148837365,126.09523027413599,126.26295471191406,821300,-0.018374593600265367
2015-06-08,126.26299898104412,126.59174267970154,125.41767120361328,125.41767120361328,842800,-0.006717137510962801
2015-06-09,125.82684197513913,126.28304741138308,124.56555126091368,124.74669647216797,596500,-0.005364283863846661
2015-06-10,124.94798521963229,126.75269134517517,124.60582085763907,125.61216735839844,579400,0.006913870118757738
2015-06-11,126.07261289875684,126.96630734424421,125.94397263571214,126.51945495605469,646700,0.007196967246754388
2015-06-12,126.37048670223722,126.8308828258004,125.7340728707582,126.41788482666016,419400,-0.0008031248762342976
2015-06-15,126.09966691692397,126.09966691692397,124.96900268682529,125.65959167480469,599200,-0.006016368060220972
2015-06-16,125.65956597481075,127.38602259532833,125.51061523667303,127.04073333740234,518800,0.010931172449285863
2015-06-17,127.06782689863662,128.0156962930377,125.81529958834484,127.8735122680664,777600,0.006533819962479743
2015-06-18,128.13758503868968,130.8254556071482,128.11050777327935,130.30413818359375,945500,0.01882965258144521
2015-06-19,130.09424726157965,130.35829450925286,128.80109861988797,129.32919311523438,1254900,-0.007510204071078397
2015-06-22,129.4239357179562,129.82338982261274,127.35217949419841,127.51466369628906,812200,-0.014129671079090252
2015-06-23,127.3454059960484,127.7854914944326,126.19443143184542,126.3907699584961,491500,-0.008852910801834648
2015-06-24,126.47204085597185,127.25741573900504,125.22628021240236,125.22628021240234,493700,-0.009256114077526894
2015-06-25,125.17212965085567,126.04551348142674,124.20394956723199,124.31904602050781,483100,-0.007271129479025235
2015-06-26,124.42055284590904,125.69339032170717,123.9466234490222,125.5579833984375,634500,0.009916457975246656
2015-06-29,125.54450105391751,126.0590620774318,123.83835439006064,123.8857421875,761500,-0.013407964132906104
2015-06-30,124.68463142524669,125.91008143603148,123.90602334092013,124.8268051147461,801800,0.007567510593687176
2015-07-01,124.14301151780322,126.66838728691246,123.27639446570852,126.65485382080078,900900,0.014538482948225387
2015-07-02,127.8261551441646,128.4287250499936,126.45175400692663,126.76996612548828,604900,0.0009084533442984703
2015-07-06,126.15381874028498,127.609461619287,125.9236258783673,127.54176330566406,567600,0.006069712564251457
2015-07-07,128.02923626869057,130.71710622039302,127.5417629560314,130.4530487060547,908600,0.022569515693668666
2015-07-08,129.8640414106637,131.69883849419588,129.32918023486312,130.8592987060547,799700,0.003109308314884349
2015-07-09,131.61082328335795,132.2201598646544,130.7848272672687,131.16397094726562,611200,0.0023255368038322607
2015-07-10,131.75975264950037,133.8856739361871,131.27904606348105,132.7888641357422,718800,0.012312152011955494
2015-07-13,133.54716635672008,134.61689901768727,132.33525998835205,133.17478942871094,681200,0.002902092512689481
2015-07-14,133.43880274686143,134.14293536474915,132.70759287331063,133.8382568359375,546800,0.004969560715874864
2015-07-15,133.43881627764998,134.94863428886768,132.707606329954,134.56271362304688,445500,0.005398330305670355
2015-07-16,134.96218142454984,135.80172115270443,134.7658428712541,135.5376739501953,427400,0.007219275546508746
2015-07-17,135.06374698706384,135.1856101609163,133.7096566239585,134.3257598876953,464300,-0.008981744525525694
2015-07-20,134.32576755379958,135.9168279536076,133.5877907432036,135.5038299560547,426400,0.008732011596592228
2015-07-21,135.72047438530285,136.43136352322404,135.14498187938764,135.97097778320312,660700,0.0034415590317663264
2015-07-22,136.0115849839167,136.80372648359324,135.99127445809586,136.41781616210938,679400,0.0032808895935618533
2015-07-23,136.18766785528436,136.81732540208608,135.09085769549756,136.15382385253906,572600,-0.0019370495925494166
2015-07-24,136.01835786722086,137.4672339830002,135.60535993870536,136.71571350097656,435100,0.004118381612504102
2015-07-27,136.64127329116246,137.81932537971105,136.39075953103185,137.38601684570312,504600,0.004890919003517729
2015-07-28,137.6026922335386,138.05631135057567,136.83086099500082,137.71778869628906,436800,0.0024119768956026673
2015-07-29,137.6365590303159,137.6636466324445,136.7157768449161,137.392822265625,689900,-0.0023624430963822595
2015-07-30,137.44016103877013,137.7312854850995,135.62568505383368,137.45370483398438,561800,0.0004430295699760631
2015-07-31,138.28652095878564,139.96559063395839,137.7110282447151,138.91616821289062,618900,0.010583476510166496
2015-08-03,138.91612856864148,139.61349462600532,138.65208135503374,139.14633178710938,496200,0.0016554812445736164
2015-08-04,136.70894828875532,140.37853156987012,136.4584449022589,139.05152893066406,466100,-0.0006815498859010688
2015-08-05,139.7150653604818,140.09420906696184,138.85521495628447,139.2208251953125,595900,0.001216766833107777
2015-08-06,139.22082838504176,140.6561611155705,138.4489971560548,140.48013305664062,528300,0.0090047340449588
2015-08-07,140.805094312771,141.8883707900714,140.28376660411726,141.37380981445312,574000,0.006341438715068384
2015-08-10,142.1794699885837,142.81589403099852,140.0535488029423,140.4530029296875,494500,-0.006534581663067096
2015-08-11,140.31084026414504,142.51800372866123,140.31084026414504,141.5701446533203,547700,0.007922382089819935
2015-08-12,141.2654061393994,142.57887482290508,141.00813611717712,142.5382537841797,490000,0.006815095106012711
2015-08-13,142.22689087082642,144.4408212482292,141.69878610763033,143.9059600830078,739300,0.009549619972229632
2015-08-14,143.67574810868857,144.86734378955478,142.7549663409183,144.70484924316406,465900,0.005536114204597013
2015-08-17,144.88086934910012,145.8761263673374,144.23766830739848,145.80165100097656,368800,0.007550997780082782
2015-08-18,145.80170806091232,146.95944972728643,145.42933108337718,146.81727600097656,537400,0.0069416499382815074
2015-08-19,146.01159857224653,147.58911543328483,145.63922157399426,146.8240509033203,553100,4.614406573059058e-05
2015-08-20,146.1063530278268,147.1760856601165,145.59179207532128,145.77459716796875,515300,-0.007173363530030457
2015-08-21,145.44284344119075,146.06572373674044,143.8720937412827,143.8788604736328,784700,-0.013089874903734153
2015-08-24,139.47128497623194,142.17946526703258,136.1469911898611,136.90528869628906,1494700,-0.049682335449357795
2015-08-25,140.30409305163167,142.92426535823006,133.11387535221715,133.35084533691406,1017000,-0.026305773526789405
2015-08-26,135.585077363097,137.9005708667297,134.29192879358598,137.57559204101562,783200,0.031189936499710084
2015-08-27,138.26612686989637,142.76847186196042,137.65001345766842,140.83212280273438,876700,0.02339503626654291
2015-08-28,140.63583981338715,140.7712467968787,139.18696339515733,139.57965087890625,979100,-0.008933150248532641
2015-08-31,139.43062777577265,140.1144394027939,136.11987864185528,136.26882934570312,1182500,-0.024005791332395287
2015-09-01,135.00961622042144,136.7902384724763,133.63521498132815,134.73202514648438,1045100,-0.011341814225552728
2015-09-02,134.6101229767151,137.50787542011903,134.6101229767151,137.00009155273438,623500,0.016693787293881664
2015-09-03,137.73806100223686,138.5302025537152,136.99330723714334,137.6094207763672,710300,0.004437794004119196
2015-09-04,136.90526642058657,137.39272928919922,134.46113369258558,135.1043243408203,622600,-0.018372135201995283
2015-09-08,137.1016696877891,138.4015953903071,136.27567361677902,138.03599548339844,505600,0.02146723508325226
2015-09-09,139.4645273670037,139.71503075440404,135.32100422604697,135.57151794433594,795200,-0.01801517919587501
2015-09-10,135.4090397175878,136.99332300287,134.82001370070105,135.5512237548828,654400,-0.00014970481165715874
2015-09-11,135.58533245955095,138.09820063741878,135.58533245955095,138.06405639648438,594200,0.018368150272724655
2015-09-14,138.0777368172744,138.30306591853397,137.25831658979556,137.7158203125,375200,-0.002525465405429826
2015-09-15,138.02315240872096,139.62782829397037,137.07400041262466,139.2454376220703,411400,0.011045825494606169
2015-09-16,139.21124912966036,140.7203372867751,138.6444879855567,140.30380249023438,378200,0.007571974972967169
2015-09-17,140.25597292075201,143.86138376698545,139.3887696588036,141.6284942626953,679600,0.00939730237544827
2015-09-18,140.2696700203488,143.90922607484262,140.0101862310714,141.3280792236328,1148400,-0.002123401115851877
2015-09-21,141.58071697542164,143.46537101409322,140.92519329016633,143.06932067871094,485300,0.012245282224381706
2015-09-22,142.89863766447544,143.24005935594354,141.04812751219865,141.51246643066406,448800,-0.010941457606694112
2015-09-23,141.4714197713382,142.8644254446582,140.9183185613922,142.3044891357422,644000,0.0055812363956095476
2015-09-24,142.3728048704665,142.69374200276408,139.73020506390057,140.43353271484375,646000,-0.013234751506635247
2015-09-25,140.83647521161308,143.57467396051345,140.44042472190628,142.89183044433594,606300,0.017353613487836483
2015-09-28,142.74839412552666,142.93958941621432,140.54281318121852,141.4646453857422,642200,-0.010038083629894936
2015-09-29,141.3281233768101,143.2742315656621,141.1027837661477,142.89183044433594,881700,0.010038083629894862
2015-09-30,144.12090615115847,144.83789370460903,143.06933204696307,144.5101318359375,706100,0.011261708043274152
2015-10-01,145.2543899338878,146.17623231752776,144.10720806937232,146.0942840576172,590000,0.01090257289181275
2015-10-02,145.60266235065853,147.7604495075315,143.9911518741708,147.63754272460938,626600,0.010508039828593345
2015-10-05,148.52523203860247,150.47133947516346,147.64436882776232,150.30062866210938,673200,0.017877245138956565
2015-10-06,150.28010884534245,150.57372637342988,147.9789309609112,148.2793731689453,474900,-0.013539328539163594
2015-10-07,148.40235051486664,149.48124428733612,146.8044995333482,148.23846435546875,894700,-0.0002759281807641039
2015-10-08,148.1906587419495,149.50171665291577,147.07762080728372,149.37879943847656,549300,0.007663135188135542
2015-10-09,149.48804727990628,149.48804727990628,147.24832218992535,148.29989624023438,670500,-0.007248808451311165
2015-10-12,148.3954933295062,150.21184837302772,148.3954933295062,149.72703552246094,423400,0.009577323649779352
2015-10-13,148.97591297933766,149.8567866207357,147.58291731162896,148.21795654296875,416200,-0.010130003352416294
2015-10-14,148.61399559815436,149.23538541902505,147.76044158685744,148.21112060546875,664800,-4.6121909274029606e-05
2015-10-15,148.80520239060414,149.93190002441406,148.34769865543086,149.93190002441406,457800,0.011543443299421682
2015-10-16,150.73768077366358,151.72780162126003,150.19823907138306,151.1200714111328,528200,0.007893504569131415
2015-10-19,151.1610204453222,154.26795959472656,151.1610204453222,154.26795959472656,642700,0.02061639200125553
2015-10-20,154.2406344517933,155.681434105588,153.7216669207789,155.10101318359375,589400,0.005385514874743051
2015-10-21,155.77020527706728,156.35745091304955,155.09419710009152,155.29904174804688,567400,0.0012759571924928154
2015-10-22,156.2823620640202,157.8324194641349,155.62000314755826,157.074462890625,685600,0.011367419030325643
2015-10-23,156.7125388422143,157.94165887779033,155.94775767312785,156.9856719970703,615800,-0.0005654388192384759
2015-10-26,157.4772531459938,158.12596234721647,156.21399981696334,157.47042846679688,472400,0.003083144852400977
2015-10-27,157.22464308818917,159.09563716298786,156.97881912521825,159.06149291992188,610400,0.010053190505568833
2015-10-28,159.16392939995936,159.59412397829826,155.12832332330095,158.14649963378906,807900,-0.005769059073841551
2015-10-29,156.01603299439637,157.0676175026642,154.82105722914042,156.30282592773438,815500,-0.011726498886886988
2015-10-30,156.80813323175377,156.89690619395122,155.14199393139336,156.6852264404297,1062500,0.002443548244578451
2015-11-02,156.56913096478272,160.69351020761414,156.07749338937813,160.6457061767578,919900,0.02496249173073514
2015-11-03,160.21552042925038,160.61839545955056,157.64802305516324,159.55316162109375,788100,-0.006824188999277712
2015-11-04,159.5668506763121,159.92876728672962,157.66854673930428,158.18067932128906,493700,-0.008639248700588097
2015-11-05,157.7572829830758,158.59035262265115,157.36123262824805,158.48793029785156,461000,0.0019405211861570325
2015-11-06,156.61695278342182,157.94849524574286,153.68755936631553,155.1078643798828,772400,-0.021557666758734773
2015-11-09,154.8687951896481,155.60626688333184,152.06913470914643,155.08047485351562,816200,-0.0001765993299817174
2015-11-10,155.2102838283012,157.0471339683094,154.7937489994541,156.62376403808594,680300,0.00990234717904149
2015-11-11,156.00238271390788,157.31344058119117,156.00238271390788,156.26185607910156,502600,-0.002313357323665808
2015-11-12,156.1116144381696,157.13587927352324,155.3195242175436,155.98187255859375,507200,-0.0017933656939641347
2015-11-13,155.8317210182692,157.05400630893553,154.08363289143355,154.5001678466797,666900,-0.009544616226651887
2015-11-16,154.5001169327231,156.59645080566406,154.2201591063645,156.59645080566406,553100,0.013476936500163161
2015-11-17,156.59645410514315,159.05468371572184,156.32331053550433,158.0167694091797,503800,0.00902904367248079
2015-11-18,158.91810607910156,159.61460910899828,156.5418144951352,158.91810607910156,591400,0.005687850530862783
2015-11-19,159.157145307204,160.46820342100088,158.80206381199952,159.99703979492188,641600,0.006766300353944899
2015-11-20,160.91201344742805,162.20942192042762,160.4681694868049,161.61534118652344,789100,0.010063760885119266
2015-11-23,161.7997068861318,162.51669438641468,161.3626876205226,161.8611602783203,459500,0.0015198577825789202
2015-11-24,161.24659753925488,162.61910866035933,160.63204280905543,162.40060424804688,761700,0.003327216011224462
2015-11-25,162.51669420185135,164.3876884659015,162.51669420185135,163.43170166015625,573500,0.006329027756085233
2015-11-27,163.2814527192573,165.6440946320833,163.20633955505116,164.4286346435547,291900,0.0060814679030976385
2015-11-30,164.82466719970893,165.6509014977593,163.02878655187467,163.92330932617188,1175700,-0.003077951725936523
2015-12-01,165.1797519175857,166.02648116481723,164.18963144534462,166.00599670410156,687800,0.012625220034457466
2015-12-02,165.24802029676326,166.7434482632404,163.8481899417827,163.98475646972656,818900,-0.012250437278658044
2015-12-03,163.4590567119953,165.29590712830506,160.75499225874748,161.71780395507812,1246400,-0.013920609771787766
2015-12-04,162.62592190421236,165.83528252271188,162.62592190421236,165.17974853515625,1056200,0.021181400635702924
2015-12-07,165.58262615294296,166.52494254056026,164.9475766553934,166.03329467773438,684400,0.005154072579975702
2015-12-08,165.8421281600014,168.49156316627437,164.50376129451547,168.11599731445312,1301800,0.01246586275755742
2015-12-09,168.53939675663239,168.53939675663239,165.2617466684425,165.7670440673828,830300,-0.014070747601894985
2015-12-10,166.0538455494727,166.83912167580624,164.3194279759245,164.49696350097656,755400,-0.0076913426740310795
2015-12-11,164.3594119239897,166.48439092375116,163.5479353454708,166.40187072753906,913800,0.011513659602483588
2015-12-14,166.22307214831648,171.6214816402796,166.22307214831648,171.2982635498047,1148500,0.029000497706305264
2015-12-15,172.50859948427137,173.12064869501268,169.62715066858192,169.7303009033203,953500,-0.009195556376138739
2015-12-16,170.4867317513733,172.41915598967444,170.00534661088335,171.81398010253906,1051700,0.012201668519557007
2015-12-17,170.80996382285895,171.84150799186392,169.6477557135011,170.2460479736328,901100,-0.00916764884348876
2015-12-18,169.87474815828213,171.74528299094902,168.9394807419487,171.05758666992188,1734900,0.004755532278783072
2015-12-21,172.27476240048443,172.92808215152294,171.40826901079592,172.36416625976562,722700,0.007609220341829667
2015-12-22,173.0931343386162,173.89086446238764,170.69308127622642,170.88563537597656,1020600,-0.008614950517795487
2015-12-23,171.15390349030807,171.88973326814892,169.68223344121085,170.9819793701172,819500,0.0005636333629480062
2015-12-24,171.35329092794623,171.60086202307457,170.1223191312943,170.72061157226562,310800,-0.0015297972901144334
2015-12-28,170.41112012256426,173.16190491713863,169.87471792709516,172.72865295410156,509600,0.0116935132523407
2015-12-29,173.80145738315608,174.6266907230271,172.70114976113175,173.44386291503906,689300,0.004132107234362999
2015-12-30,173.43009839612512,173.60889562228988,171.86215197157017,172.24038696289062,516300,-0.006962890642529926
2015-12-31,172.26791307627727,172.50172728618543,170.31485821690524,170.3423614501953,517900,-0.011080796928942515
2016-01-04,167.74289164790414,169.50339261672042,166.52566617594388,168.05235290527344,1220900,-0.013534747479428996
2016-01-05,168.34802913492163,173.48512050527975,168.0454411328715,172.79742431640625,776000,0.027844395387912783
2016-01-06,171.92404315775144,174.53729071243143,171.67647211586785,173.07249450683594,589800,0.0015905994332184594
2016-01-07,170.87879050428387,173.21696445046214,170.81690034961153,171.27078247070312,633700,-0.010464722843465099
2016-01-08,172.0616085883333,172.8799688472855,169.72344541425207,170.01914978027344,600600,-0.007334750799748514
2016-01-11,170.68621392878492,172.9349836937326,170.61056691854472,171.69712829589844,818100,0.009820966165235374
2016-01-12,172.00656768166218,172.79742459619393,170.54865511678125,172.04095458984375,856000,0.002000513912956602
2016-01-13,172.2610700111138,175.12876265662538,171.17450847145815,171.4770965576172,849400,-0.0032828466320087182
2016-01-14,171.76590178887344,173.06564733073304,169.4689882521176,171.73838806152344,1070400,0.00152260935823675
2016-01-15,170.36986289029284,174.2484690960324,169.37957866867228,170.92689514160156,1273900,-0.004736367976156752
2016-01-19,172.00661668997733,173.83589159496051,170.4249233970783,172.2266845703125,901600,0.007575591348888892
2016-01-20,171.05756248180268,171.8621658044212,164.7101187810147,165.24652099609375,1336500,-0.04137311711320563
2016-01-21,165.8792380170761,168.25866146609903,165.1365247141205,165.7760772705078,748700,0.003199520086782681
2016-01-22,166.96575517950933,171.38764718615607,166.83510171644537,170.36297607421875,778500,0.027293368604247692
2016-01-25,170.5349185266415,172.94873915621454,169.4346107879132,170.21170043945312,918000,-0.0008883552133867033
2016-01-26,169.7578180975694,174.3584970489224,169.43460003090144,174.31036376953125,983600,0.023794451121917616
2016-01-27,174.00092830399652,174.61985080345067,169.84036341002758,170.67247009277344,978900,-0.021091069892921626
2016-01-28,171.17446817284844,173.66392512458285,170.1910571243503,171.27761840820312,736700,0.0035393992721235563
2016-01-29,173.15502815956762,176.02960384135505,171.28450407843928,174.37225341796875,978900,0.01790666192828931
2016-02-01,174.08346787392568,176.36661448630397,173.0450500780247,174.7299041748047,675800,0.00204897548860314
2016-02-02,174.70233749281616,176.13274684361986,173.19629163392023,175.51382446289062,774600,0.004476434739782104
2016-02-03,176.21528738831665,177.41189318191897,172.02034639262587,174.06280517578125,708600,-0.008301628297796697
2016-02-04,173.7877220945065,173.87711547052953,168.89820138960383,169.32456970214844,930500,-0.027598779530473773
2016-02-05,169.00136397986378,169.00136397986378,162.79834047976166,163.07342529296875,1188600,-0.03761684254432837
2016-02-08,161.6086077884065,162.26880076072817,154.5322184729853,157.4686737060547,1418200,-0.034974019920682865
2016-02-09,156.87727828213292,161.83557327546018,155.3849785543231,160.17822265625,1061000,0.017060545539822718
2016-02-10,161.82865419504478,164.297480719963,161.34725852167182,162.20687866210938,856000,0.012585462384672742
2016-02-11,161.41603696569368,162.9289663576289,158.81654642583317,161.49168395996094,1388100,-0.004418900474171519
2016-02-12,163.1009222492604,163.3347364614266,158.06010735714167,160.65272521972656,1040700,-0.0052085997027330215
2016-02-16,162.44763795396412,164.61387733000745,160.96221127092156,163.79551696777344,838400,0.019373752979108913
2016-02-17,167.08267773671463,171.5458194755999,166.6631826240124,169.24891662597656,1093900,0.03275170863837363
2016-02-18,168.82945139854297,170.40427139937452,168.2036452109886,169.66844177246094,528300,0.0024756793971184026
2016-02-19,169.37271863556805,174.8949296282506,167.83915881090968,173.27883911132812,1084800,0.02105589359339726
2016-02-22,174.21407721241292,175.32814168321985,173.10688592588352,174.42726135253906,520100,0.006605730619571946
2016-02-23,174.2140682063942,176.593501519809,174.06277421282047,174.48226928710938,521200,0.0003153134563291466
2016-02-24,173.61580345946774,174.97743912429056,170.44552326209,171.86904907226562,589800,-0.01509028356823066
2016-02-25,172.78367036255145,175.5344551643433,172.1028473464799,175.43130493164062,756000,0.020514697146384667
2016-02-26,175.19751953416028,176.0502667915608,174.20036191859393,174.70237731933594,907000,-0.004163716330905497
2016-02-29,174.67487098467535,175.32130722553327,171.43581659458988,171.5733642578125,953700,-0.018072869994177173
2016-03-01,171.73834411172686,175.36250549681577,171.73834411172686,175.29373168945312,741400,0.021452078606051802
2016-03-02,175.29375716988775,176.58662938368533,174.9911796563752,176.16714477539062,556400,0.004970196926071687
2016-03-03,176.05022908069247,176.71041156343472,171.93780869891586,174.13156127929688,587900,-0.011622117773551039
2016-03-04,173.87029385557443,174.22789894596775,170.78941671291858,171.8897247314453,824400,-0.01295797690571078
2016-03-07,171.6283590442657,172.3710617639358,170.32172986640526,172.31605529785156,561200,0.0024771855044553224
2016-03-08,172.2060065564931,174.00089404359653,170.82373048997903,171.18133544921875,751800,-0.006606885564946757
2016-03-09,171.67651036677836,172.97625600290834,171.1332348864545,171.8484344482422,511900,0.0038894574089319983
2016-03-10,172.54986309275964,174.20721352072434,170.47301754596177,171.92405700683594,736600,0.000439957016301465
2016-03-11,173.43011409502017,176.82045147545224,173.03812220669295,176.61415100097656,679700,0.02691456492217253
2016-03-14,176.75259464403678,180.14475589305223,176.52414141591927,179.79168701171875,932500,0.017831471125655935
2016-03-15,179.24479165518198,182.9900004411466,178.78095567869443,182.42234802246094,739700,0.014525705859368366
2016-03-16,181.667749527301,185.9667934816543,180.58086711461206,185.55142211914062,819200,0.017007459633853236
2016-03-17,185.03219771479795,187.38594040320194,184.6445234426685,186.74212646484375,603700,0.006396610471474492
2016-03-18,186.98452292877553,188.16831385515383,185.24689624248776,186.5345458984375,1100900,-0.0011122076635018234
2016-03-21,185.56529513085746,187.6075257250263,182.6438782025449,182.9415740966797,753100,-0.019449619996279227
2016-03-22,182.15240615893296,183.9108003391841,181.47398641248964,182.6923828125,575700,-0.0013630644421986516
2016-03-23,183.0039049861335,184.95613627233004,182.19392949448266,183.59234619140625,605600,0.004914019715473573
2016-03-24,182.61620782722198,184.92148664842176,182.36697650438782,184.61688232421875,568500,0.005564981524307082
2016-03-28,185.03224390804914,187.8844286764758,185.03224390804914,186.8183135986328,473700,0.01185378809474564
2016-03-29,186.92216069825815,190.12741415345423,186.0914178869184,190.03741455078125,680100,0.017084411937011348
2016-03-30,190.37665127625718,190.44588337478262,188.75672157877966,189.13746643066406,548000,-0.0047468851716054705
2016-03-31,189.62899912656442,191.643511640555,189.2690006656881,190.95123291015625,623200,0.009543984076653887
2016-04-01,190.79890532543843,191.60195108091656,189.24127838955425,190.73660278320312,709600,-0.001124637096099199
2016-04-04,190.65354976864478,191.80273494592936,189.53206165482965,191.25582885742188,575800,0.0027185166562583934
2016-04-05,190.4666364946858,191.62273005865947,188.92977698093875,189.5805206298828,524600,-0.008798104679064401
2016-04-06,189.580552374998,189.73976297689444,187.16448501254055,189.4974822998047,549400,-0.00043810683165232135
2016-04-07,189.35203046118863,190.1274002207306,188.0020999000199,189.56663513183594,678100,0.0003648608750780525
2016-04-08,189.85739726973176,190.92351217989406,189.08897820006837,189.71893310546875,450500,0.0008030781794612954
2016-04-11,190.265853707895,190.41815584961964,188.14055327049485,188.4728546142578,383000,-0.006589688305305022
2016-04-12,188.99211445064105,191.65046253628452,188.3483002300568,191.17971801757812,604100,0.014259928510189082
2016-04-13,192.13501992172309,192.176554950046,187.06753519964818,188.23748779296875,631300,-0.015509519112940622
2016-04-14,187.6144676583374,188.38981646509473,184.13921487042583,184.9422607421875,625300,-0.017660726296420914
2016-04-15,185.22614267119846,186.0568858102885,184.333096965678,185.4892120361328,987300,0.002953051949488884
2016-04-18,185.4891431408961,188.81207220968727,184.9283991246209,188.7151641845703,576300,0.017242086267270244
2016-04-19,188.92981062761703,188.92981062761703,182.04162808834909,182.40162658691406,921600,-0.03402781519229706
2016-04-20,182.69929906434447,183.35004282085464,180.80937035107488,181.9239501953125,911300,-0.002622251610974513
2016-04-21,182.2008144023576,182.70618540808667,176.43413214424564,176.59335327148438,968300,-0.029739093413658997
2016-04-22,177.08491758774207,178.02641716995535,175.52729030150707,177.87411499023438,785000,0.007226430671411245
2016-04-25,176.2056802964648,179.08556195612476,175.2295648849454,178.9470977783203,745000,0.006014138082738362
2016-04-26,179.30022631800978,179.53559859728037,176.5380298394985,177.7841339111328,919100,-0.0065201355187566945
2016-04-27,175.94956163360584,176.1018637967465,170.30056475530273,171.83050537109375,1244200,-0.03406152643736893
2016-04-28,171.42202575868382,174.19114019433442,171.30433966276865,172.38429260253906,801200,0.003217686819443846
2016-04-29,171.42204704797132,171.9066505850608,167.37222302087557,169.47674560546875,883900,-0.017010520544210976
2016-05-02,169.77444200364954,175.60342772696086,169.60829130324566,174.84884643554688,997900,0.031206142695280784
2016-05-03,174.32275775205875,177.13340855124318,173.81047809828598,175.31964111328125,915500,0.0026889624746306955
2016-05-04,174.66191569558427,179.96476243576217,174.3434628501422,178.2479248046875,1081900,0.01656458866677843
2016-05-05,177.58332407468714,180.5116705739713,176.63490563832394,180.03399658203125,788100,0.009970285779512793
2016-05-06,180.19323093540802,182.83081112443222,179.5286281641032,182.28390502929688,743700,0.012419686455585251
2016-05-09,182.58858920571197,183.7654719754345,181.76477549224194,183.3016357421875,734500,0.005567689246179158
2016-05-10,184.24998964961023,185.07380307264336,182.13854786049453,183.41233825683594,632100,0.0006037540200825807
2016-05-11,183.63383713091463,183.64767509798804,177.99174936507578,179.49400329589844,568800,-0.021595033130570002
2016-05-12,180.22784112680748,183.9661420246771,178.19946952850705,183.2392578125,830200,0.020650919104896946
2016-05-13,183.4954152641634,183.4954152641634,181.18320662971436,181.3009033203125,500700,-0.01063461844275632
2016-05-16,181.30780458676753,184.02154664517357,180.996291818076,183.43310546875,428200,0.011691952966551532
2016-05-17,183.44692915822162,183.88999767476557,178.28946542909594,178.7740478515625,826900,-0.02572734721605857
2016-05-18,178.17175312500765,178.67019459906686,173.66502290733408,175.71417236328125,1074300,-0.01726405173669614
2016-05-19,173.9350613769206,175.10501432566943,172.07282957692036,172.93125915527344,1183700,-0.015964484612229594
2016-05-20,173.99037528204832,175.38878095935013,173.055794981756,174.71726989746094,784900,0.010274897235888052
2016-05-23,174.9249407183999,175.53414922884733,173.82422034793169,174.36419677734375,508400,-0.002022870156232841
2016-05-24,174.75883854081403,177.1887330003566,174.75883854081403,176.10877990722656,680400,0.009955675076350834
2016-05-25,176.10182682787107,176.47565260952626,174.07344511549672,175.38185119628906,624700,-0.004136268127865997
2016-05-26,175.17418870622004,176.78719926292473,174.45422354264124,175.93569946289062,488900,0.0031529806831037672
2016-05-27,175.9149891582433,177.53492978895966,175.9149891582433,176.69033813476562,373800,0.004280114021405129
2016-05-31,176.91183662911638,177.33412708903987,174.39194240230572,175.63804626464844,1306000,-0.005973376234394984
2016-06-01,175.1672437412098,178.00559007144633,174.66188334855767,177.7702178955078,696100,0.012066483539750589
2016-06-02,176.91871641785738,178.62864539614807,176.0187521298097,178.5940399169922,602900,0.004623491110407203
2016-06-03,178.80173545098634,181.0308736310124,178.80173545098634,180.17245483398438,759000,0.008799177873112822
2016-06-06,180.34554653077979,181.88931464453287,177.43796728806868,178.19947814941406,714600,-0.011010888055264822
2016-06-07,178.0125405109763,179.4663087608337,176.85642588072366,177.00872802734375,845900,-0.006704544330919472
2016-06-08,176.58648952511453,177.86029063147635,170.32136384834766,174.4542694091797,1502900,-0.014536401372997792
2016-06-09,173.31199622384221,174.99422858326474,169.17909107587502,169.90597534179688,1524300,-0.026417443057106235
2016-06-10,168.91603399708026,169.32447597031504,166.58997671294767,167.38609313964844,1837500,-0.014942118841867507
2016-06-13,167.79057518274186,169.47845343998978,167.4836862918675,167.6371307373047,919200,0.0014986283143879383
2016-06-14,167.7418176888663,168.1045056800038,166.0051106307432,166.0818328857422,1081800,-0.009321071211083012
2016-06-15,167.37911196014375,170.69908121456646,166.1445957731197,169.78538513183594,1282800,0.022054563021735824
2016-06-16,169.3180513897182,172.24743802177935,168.92746934346007,170.4130859375,1038400,0.003690207754358711
2016-06-17,170.20388156588444,170.33640278539067,166.76535395162892,168.3276824951172,1166600,-0.012312836146612978
2016-06-20,169.28320467343156,170.97108335173365,167.79758791862818,168.05564880371094,953100,-0.0016174032741698675
2016-06-21,169.0390774942329,169.76444267514296,168.13236303617296,168.17420959472656,734700,0.0007052365693772456
2016-06-22,168.14629889116233,168.25789679803302,166.032962751649,167.48370361328125,866500,-0.004114349332103709
2016-06-23,168.6485246978449,170.09228443136416,167.54651901354293,168.09054565429688,894800,0.0036167417722863305
2016-06-24,163.89171639444453,171.15936221871107,163.89171639444453,168.31369018554688,1362600,0.001326645387924698
2016-06-27,167.80454302678888,175.28841441645585,167.72782079214207,174.51422119140625,1454000,0.03617679328952328
2016-06-28,175.06525823755499,177.2901929036236,174.47240350442567,176.55784606933594,970900,0.011642327327325692
2016-06-29,177.19948749628455,179.11055129988117,176.3276487121435,177.16461181640625,696400,0.0034307481963948847
2016-06-30,177.39476285540704,178.3642470719919,175.5325166541639,178.2666015625,880100,0.006200880708583887
2016-07-01,178.9292159772568,179.2361049195136,175.58832393344466,177.04603576660156,656700,-0.006870403519618674
2016-07-05,176.95537875923443,181.3424668317832,176.95537875923443,181.16111755371094,1009000,0.022976999712355884
2016-07-06,180.87514517847518,181.92135167913418,179.46626142023302,180.03819274902344,946200,-0.006217777223904072
2016-07-07,179.5220931155337,179.5220931155337,176.00683288082575,177.00421142578125,703300,-0.016995484665058274
2016-07-08,177.6389340494633,179.74528932091994,176.99726184995677,179.4872283935547,912800,0.013930528729375637
2016-07-11,180.03124478902944,180.42880844182346,177.5970773549613,178.9431915283203,652300,-0.003035664680133246
2016-07-12,178.8943472931138,179.73830261008686,176.48110335938233,178.41310119628906,625700,-0.0029667350575500492
2016-07-13,178.93618515338255,179.27097891215124,177.7365447667666,178.866455078125,672600,0.0025378117342156016
2016-07-14,179.5220910214772,179.5220910214772,175.81153977729696,177.20648193359375,636600,-0.009323849120030715
2016-07-15,177.20647802307892,177.45058650950554,174.6397789780003,175.49766540527344,662200,-0.009689876979258005
2016-07-18,175.95801844663583,176.18121431999242,174.52820048031967,175.2396240234375,716700,-0.0014714228350971373
2016-07-19,175.52558366541533,175.88826098320996,173.64241378009913,175.86036682128906,714700,0.003535992371476624
2016-07-20,175.94403150786832,176.0905051013279,174.90480652391554,175.70689392089844,379500,-0.0008730785103001974
2016-07-21,175.55344562421612,175.61621545894724,174.19337932556212,175.51856994628906,659500,-0.0010723823414372708
2016-07-22,175.602284319172,178.00158636676917,175.15590328537928,176.97630310058594,636800,0.008270993855317977
2016-07-25,177.46451198053919,177.9736627991705,174.2979878763053,175.7347869873047,417500,-0.007039876406577929
2016-07-26,175.52560659828558,175.90921789084643,173.8586508383992,174.66770935058594,593600,-0.006090601217230582
2016-07-27,174.5282066890561,174.5282066890561,171.3686631620876,173.098388671875,914700,-0.009025211715379573
2016-07-28,170.70605867363253,170.70605867363253,164.81242976724377,166.43055725097656,1647000,-0.03928200463073955
2016-07-29,166.35383530800738,170.14110907628879,166.03997542816558,166.63980102539062,1365100,0.0012564540598824178
2016-08-01,166.54211565507111,166.90480353566437,164.81239064715012,166.6746368408203,933300,0.00020902674231293463
2016-08-02,165.72612956304164,165.97024873609868,162.950197212096,163.45237731933594,900500,-0.019521951963843716
2016-08-03,163.64763685662516,163.64763685662516,161.24833472730745,162.82461547851562,1073400,-0.003848034825025585
2016-08-04,162.9012938772377,162.9012938772377,159.6789818796211,160.80191040039062,1145000,-0.012500405593008444
2016-08-05,160.9693193599812,163.6336635552136,159.7975732469901,162.3433380126953,964600,0.009540225710013258
2016-08-08,162.16201666378925,163.2709930622425,160.5159845850693,160.76707458496094,816600,-0.009756887248858863
2016-08-09,160.57177579137092,162.25268346940376,159.37212481010428,161.70167541503906,731800,0.005796552050145679
2016-08-10,161.45060929581592,162.38522867001896,161.18557751139824,162.00161743164062,847700,0.0018531915434360977
2016-08-11,161.31813002799097,162.4829164480868,159.720925456159,160.99729919433594,833100,-0.006218729675174691
2016-08-12,161.01119686097095,162.78276865307083,160.1114532426597,160.5369110107422,525600,-0.002863698378646189
2016-08-15,160.71126808711466,160.97631047528148,159.26750863737473,159.78363037109375,686700,-0.0047033014180806925
2016-08-16,159.1699060082399,159.5814114588532,158.0121012709456,158.7025909423828,544200,-0.00678863641851679
2016-08-17,159.10710355065999,159.65113015597018,157.77494184115474,158.9536590576172,645400,0.0015807538338362805
2016-08-18,158.94666441252062,159.02338664757065,157.14718797071689,158.1445770263672,544700,-0.005103048172221047
2016-08-19,157.60059576447992,158.09579435265175,155.41053663983428,156.2544708251953,1224300,-0.012023757611260557
2016-08-22,156.84028281879816,158.3677458407323,156.25440979855435,158.17245483398438,786100,0.012200022591526742
2016-08-23,158.6885679578324,158.80015520350753,157.78185374039938,157.98411560058594,683200,-0.0011914302803740994
2016-08-24,157.97021183752292,157.97718271625396,155.5918331549969,156.18467712402344,757900,-0.011455359003424578
2016-08-25,156.5403834050524,159.13497621837303,156.477613573092,157.4470977783203,688900,0.008050379925061206
2016-08-26,157.50292297036918,158.514253898715,154.49681370298742,156.2335205078125,655600,-0.007737700416906697
2016-08-29,156.64499979165316,157.8655739672855,156.16374312816532,157.4470977783203,629500,0.00773770041690662
2016-08-30,157.5866312152322,157.71217091211318,154.71305352148514,156.0731201171875,729700,-0.008764898586037488
2016-08-31,155.98937784992256,157.6842378375309,155.08964498327393,156.191650390625,1004200,0.0007591652362031614
2016-09-01,156.40787318016956,159.11406409053467,155.83594184650974,157.70516967773438,770300,0.009643493783429812
2016-09-02,157.69825815873608,159.85344182546774,156.6311279687013,158.17950439453125,665300,0.0030032167575351973
2016-09-06,158.08879182364862,158.08879182364862,154.48983862692793,156.4915771484375,1208700,-0.010728303518255709
2016-09-07,156.449751028211,157.99813782345674,155.84992541705668,157.57965087890625,728400,0.006928861904491677
2016-09-08,157.0007038896093,157.18204249233642,155.20819856769367,155.5360107421875,1401200,-0.013053765154251449
2016-09-09,154.66419840502445,155.63368269536693,152.32069535636415,152.45321655273438,1017600,-0.020019512865826636
2016-09-12,152.43910838748525,154.9497595557456,151.74288568742568,154.01441955566406,1260900,0.010188459230140497
2016-09-13,152.81891011994992,153.8597353886492,151.0044919773264,151.0255889892578,1183800,-0.01959694554600156
2016-09-14,151.15217972537323,152.1648792798591,150.85681081047025,151.27174377441406,812600,0.0016285611077702334
2016-09-15,150.99746945963605,151.55304201501826,150.13948850251495,151.06076049804688,909400,-0.001395703787287594
2016-09-16,150.6036576962137,151.98908565773542,150.44191032843824,151.17330932617188,1266500,0.000744779259287322
2016-09-19,151.15217380655798,152.36178592361318,150.9130671797041,151.9539031982422,1036600,0.005150283876093627
2016-09-20,151.89058584921736,153.38150919574673,151.15215830115798,152.49539184570312,850700,0.0035571717671973426
2016-09-21,152.33368219625746,153.3745076344897,149.5768946352242,152.98068237304688,794900,0.0031772762357174795
2016-09-22,153.24790659433967,156.588402873032,153.24790659433967,155.9835968017578,886500,0.01943919859294011
2016-09-23,154.61225067991737,156.85564883434955,153.3885701794636,156.20864868164062,623800,0.0014417521390897412
2016-09-26,156.0258048086291,158.08635859959858,155.8218634233704,157.49562072753906,600100,0.008205047821176868
2016-09-27,158.2339967513988,158.3957440545288,156.60242327849366,156.7852783203125,649100,-0.004520437729394918
2016-09-28,157.29165579152263,159.0146463591852,156.6587132539988,158.81773376464844,1009000,0.012880000913699365
2016-09-29,158.0300771593163,159.7460281682437,156.60948429962392,158.22698974609375,1171400,-0.00372657015494559
2016-09-30,159.1975452382804,160.18211927917866,156.83458256343394,156.92601013183594,1298900,-0.008256224785335812
2016-10-03,156.54618734034787,156.54618734034787,152.25628315312989,152.29847717285156,742300,-0.029932160232564863
2016-10-04,153.95117617905382,153.95117617905382,148.6696686316933,149.5557861328125,856400,-0.01817278636894252
2016-10-05,150.13950685641979,151.09594423385548,146.49660172363767,146.9044952392578,985000,-0.01788679122980257
2016-10-06,147.3475623215411,149.88634038123826,145.61753184620954,148.5571746826172,889100,0.011187215454049975
2016-10-07,149.06352474609994,150.96233135659418,148.36026224362547,149.12681579589844,713100,0.00382715783718406
2016-10-10,149.06351335325806,149.56985244388102,148.40244493450768,148.8032989501953,425000,-0.0021717641611089414
2016-10-11,148.08599766405968,148.88067703435527,147.00296734704594,147.48822021484375,526400,-0.00887698287700094
2016-10-12,147.95939528701385,149.99885222177616,147.27020104940186,149.63316345214844,686100,0.014438412162234128
2016-10-13,148.64858106712296,151.27175773973937,148.47276545409719,150.659912109375,546300,0.006838337224027894
2016-10-14,151.01857692271048,151.70777109416167,149.95664379376055,150.63880920410156,599100,-0.00014007962075606936
2016-10-17,150.65287495789502,151.6726033104675,150.223884456766,151.27877807617188,541600,0.0042393676784962175
2016-10-18,151.67964518159235,152.2352285451559,150.2731202341476,151.78514099121094,611400,0.003341627652595131
2016-10-19,151.84135639709083,151.84135639709083,149.9917732283453,151.3350067138672,671200,-0.002970007844320958
2016-10-20,151.602273808302,152.2211373950579,149.6893993090227,150.58253479003906,572900,-0.004984629101743813
2016-10-21,149.84416213295043,150.69510384009703,148.32511239424,148.42356872558594,847000,-0.014441200762521625
2016-10-24,148.16330994408463,149.80191254265273,147.5022523348037,148.739990234375,1020400,0.0021296125910191255
2016-10-25,147.70620979759934,149.38700660431888,147.51632593364585,149.33778381347656,704900,0.004010996005705215
2016-10-26,149.12676592856866,150.3223096368039,148.31097912306956,149.9917755126953,782600,0.0043697170524936374
2016-10-27,147.76952075141358,148.30400714700943,141.1096236715657,142.23484802246094,2070600,-0.05310091188258562
2016-10-28,143.24752423238508,146.90448667493757,143.24752423238508,146.10276794433594,1185100,0.026830713328545613
2016-10-31,147.045130710512,150.40672407991426,146.27857727999736,150.30123901367188,1183300,0.02833127620525214
2016-11-01,149.97774992178083,149.97774992178083,144.168805804689,144.67515563964844,1332600,-0.03815061708142961
2016-11-02,145.05490120579896,146.15902834325695,144.26022197743865,144.3516387939453,758500,-0.002238664283351406
2016-11-03,144.38682724809104,144.38682724809104,142.6075739188421,143.29676818847656,811900,-0.007334477151384941
2016-11-04,143.4725397674642,144.73138530964573,142.26996722863453,144.47821044921875,933400,0.008210921630425461
2016-11-07,146.47549546296298,148.9931762054029,145.37137904753888,148.90174865722656,610500,0.03015798001416693
2016-11-08,149.08459928521702,152.79782387996468,148.32507460934602,152.1719207763672,1059900,0.021724255964323258
2016-11-09,148.1281589055592,153.82457775931547,145.3291668998538,152.9314422607422,1517700,0.0049787917494927125
2016-11-10,152.98066729868452,153.6135991592166,148.57120909545134,151.01856994628906,1786700,-0.012586922140850611
2016-11-11,151.4053929950558,153.56441422184952,150.0973241940733,150.62477111816406,1218500,-0.002611024333973832
2016-11-14,150.4559608539891,152.8611169947556,146.70054218143784,152.2211456298828,1111600,0.01054258426021509
2016-11-15,152.4461865830327,154.16917723920366,148.62746634302937,149.17601013183594,1097200,-0.020207484116058595
2016-11-16,149.00727231594465,149.17604845990624,145.4417260416677,146.42630004882812,811600,-0.018604654305239356
2016-11-17,146.69349725875875,147.0029344228868,143.68353513103887,143.89451599121094,578700,-0.017441727227649192
2016-11-18,143.85232095545481,144.99160256908038,141.84801889428985,143.44442749023438,860000,-0.0031328079907217885
2016-11-21,143.44444228612247,144.86503543484346,141.8831987940773,142.00978088378906,771400,-0.010051760624369825
2016-11-22,142.96622166762717,144.34462081947507,141.15884271418741,144.2391357421875,1231300,0.01557665238060374
2016-11-23,143.8804314378759,144.47820868548223,142.67785891372674,143.99998474121094,553800,-0.0016593934609042537
2016-11-25,143.90150743768405,146.5176436712062,143.8804104302306,144.68212890625,324800,0.004725927949093907
2016-11-28,144.8931388596301,147.94529483576002,144.8931388596301,147.32643127441406,1060000,0.01811162419722757
2016-11-29,147.7343330525489,149.64016808960952,146.01133163989252,147.41082763671875,753900,0.0005726888071302593
2016-11-30,146.45438245465286,148.98613117361256,145.84957641239757,147.19281005859375,1655300,-0.001480074174440005
2016-12-01,146.39108031970957,148.22659531904955,144.87203120351148,146.1800994873047,1110400,-0.006903940758356871
2016-12-02,146.60206190331823,151.10996503311605,146.60206190331823,147.3193817138672,1004100,0.007763475043197723
2016-12-05,147.0662161893861,149.7104894390853,144.8228076218332,149.4080810546875,1258500,0.014078466618017108
2016-12-06,150.04807371917954,151.8413950765086,149.11976215315198,150.9974822998047,1084800,0.010581801870640915
2016-12-07,151.6655767663425,155.85701479939172,150.7372652168486,155.4280242919922,1108900,0.028919595009488902
2016-12-08,154.4575053258885,155.94841799639798,153.7190777506325,155.46316528320312,1016500,0.00022606617709952594
2016-12-09,156.12425568752496,157.81208118636832,153.52921566658037,154.10589599609375,894700,-0.008768821912921998
2016-12-12,154.33297680086244,155.31951506973576,152.8354248127394,154.48912048339844,803700,0.002483673836825159
2016-12-13,155.09952921071815,155.25567292529942,153.12645226803818,154.99307250976562,864400,0.0032567461598958726
2016-12-14,155.26278830514477,155.26278830514477,152.2534962832661,152.73611450195312,899800,-0.014668731939544058
2016-12-15,152.5302249842391,155.78792896341747,152.19664632007684,153.50965881347656,1005900,0.005051798418389282
2016-12-16,154.85821539543937,156.93774897542107,153.0057930471304,155.24147033691406,1353700,0.011218288921172602
2016-12-19,156.68934385637417,158.01655453833402,155.2414678126218,156.4054412841797,804800,0.0074698404904897054
2016-12-20,156.33450741797898,157.13650663635923,153.623294126195,154.60983276367188,810400,-0.011546882877331941
2016-12-21,154.69501366233888,155.59637612228272,152.6864471435547,152.6864471435547,923400,-0.012518281952688736
2016-12-22,152.60125029918564,154.97179101212396,151.86312518955694,154.1981658935547,720200,0.00985211322800014
2016-12-23,154.64525894180426,155.92279319677178,153.6445228729319,155.23434448242188,467300,0.00669730831232202
2016-12-27,155.23435784261315,156.9164384390534,154.44654588672822,156.2421875,450200,0.006471412330580429
2016-12-28,156.53317106022664,156.53317106022664,154.22651588495398,154.92205810546875,489300,-0.008485147851611814
2016-12-29,155.0569188560655,157.25001314247888,153.86454986932733,156.4267120361328,552000,0.009665467082780278
2016-12-30,156.28479299350627,158.8540599330368,155.7028116493734,158.62693786621094,891500,0.013967536012951401
2017-01-03,159.45735609215683,160.05353536067852,157.5268615590389,158.6411590576172,938100,8.964778717849557e-05
2017-01-04,159.17341596988683,160.33028497380445,158.7972545815896,159.80508422851562,723300,0.007310058626753123
2017-01-05,158.10171370344355,161.77817335350818,156.00798240321805,161.5084686279297,956600,0.010602729588044339
2017-01-06,160.33031114914127,162.3743664455038,159.9399626924905,162.06918334960938,697200,0.0034657231702657277
2017-01-09,162.06919426976214,162.60149946990833,160.4722786693235,160.9619903564453,601700,-0.006855049413333021
2017-01-10,160.90520097463664,161.41620394084853,159.62766648466774,159.9044647216797,1166900,-0.006591710957675618
2017-01-11,159.18759477999646,159.19469911171814,155.12078723052656,155.97247314453125,1468200,-0.024897003933881896
2017-01-12,155.46856182476458,156.00086686810678,151.60048067576608,154.2265167236328,1514200,-0.011257127944404888
2017-01-13,154.21944919514286,154.21944919514286,151.83472159868418,151.96957397460938,997600,-0.014742079943866476
2017-01-17,152.39541247166918,154.63108970904287,152.3031427826467,154.5033416748047,842200,0.016535395477365985
2017-01-18,154.4323804577381,154.75886574219362,151.9128003706837,153.02000427246094,1056000,-0.009647065342397745
2017-01-19,152.5657230162715,153.3322327255166,151.9056591508221,152.8283233642578,601100,-0.001253437838160916
2017-01-20,152.87804971151775,154.93630299084145,151.64310857370057,154.70208740234375,1040800,0.012186028829331555
2017-01-23,154.72336650246524,156.99453301911498,154.64529464580963,156.32028198242188,733800,0.010405741456399931
2017-01-24,156.1428177101305,158.2436531135129,155.9086021839924,157.83909606933594,798500,0.0096691426462297
2017-01-25,157.73266837976377,158.00946662884238,155.12081877199216,155.36923217773438,792000,-0.015771707621992852
2017-01-26,155.50407081143024,156.93773811343814,153.78649012248573,154.90078735351562,516900,-0.0030195968070974967
2017-01-27,155.12793080977872,155.75959919570383,152.7928793351125,153.7084503173828,573200,-0.00772720206278588
2017-01-30,153.30393109520259,154.2265958094166,152.26061180886677,152.58709716796875,508300,-0.007322066340886362
2017-01-31,152.80702511943161,154.3116704632929,152.054702447501,152.59410095214844,540100,4.5899185297507144e-05
2017-02-01,152.6438100002498,153.658733154898,150.81977272709386,151.38046264648438,675500,-0.007985173101700065
2017-02-02,151.30952669492072,153.3393842573944,151.30952669492072,152.6083526611328,658900,0.008078564939321372
2017-02-03,153.75815610381844,154.80147533296574,152.87807413038476,153.68008422851562,747600,0.00699821352883234
2017-02-06,153.68005677942492,154.2478511502325,152.27477410475328,153.08387756347656,545700,-0.0038870759932021722
2017-02-07,153.0980847931104,154.18398658512535,151.67149985984474,153.6445770263672,666700,0.003656003080527662
2017-02-08,153.77231098587544,156.5473977066505,153.6729477932281,155.92991638183594,688000,0.014764658717399542
2017-02-09,155.92989254442014,155.92989254442014,154.16974018812817,155.05691528320312,391000,-0.005614407447123615
2017-02-10,154.91499239478307,156.02218534477615,154.1058890213438,155.99378967285156,442000,0.006023951772665691
2017-02-13,156.1995616001498,156.98026900782406,155.09236906687863,156.18536376953125,464600,0.0012273344880038316
2017-02-14,156.1854392828337,156.4480397124963,152.5941553137943,153.94265747070312,513400,-0.014463352169407534
2017-02-15,153.01999158813655,155.0427446620717,151.84182025594143,154.07040405273438,640900,0.0008294881309518447
2017-02-16,154.7020864663633,158.50629472088713,154.7020864663633,156.5970916748047,822600,0.016266544586320233
2017-02-17,156.8454888556387,160.25933744480218,156.14284216716715,160.23094177246094,1151400,0.022939948927743318
2017-02-21,159.47863821581112,161.89176165759378,158.29337325175487,161.629150390625,833000,0.008688355268677658
2017-02-22,161.89177271315697,163.03445507135382,159.57801231904403,160.5716552734375,817100,-0.006564222657404672
2017-02-23,162.53048350744496,164.29774026176875,157.7042486434524,161.1606903076172,1146900,0.003661650439583214
2017-02-24,161.48718055387644,163.16926129687465,160.10318938370224,162.11175537109375,757600,0.005884001684201046
2017-02-27,162.42403496150104,162.4950024774571,161.11101137390062,161.84913635253906,487400,-0.001621301106343367
2017-02-28,162.00528345869765,162.88536514731948,160.70645767886495,161.4375,1039700,-0.0025465734039593203
2017-03-01,161.84915378983732,163.7228675233935,159.74832881906812,162.7647247314453,793100,0.008187680680415593
2017-03-02,162.7646934386982,163.41765301109143,160.91936490340595,161.08970642089844,815600,-0.010344358982178767
2017-03-03,160.43677573302728,161.44460552597897,159.17343903272328,160.834228515625,617800,-0.0015871945585957106
2017-03-06,160.81294299823819,162.06208190731127,159.69155213257847,161.7639923095703,423900,0.005764237421769411
2017-03-07,161.07555787899707,161.827880859375,160.35872407934548,161.827880859375,667600,0.00039487116910066417
2017-03-08,161.23170372313285,161.23170372313285,158.66954078991108,158.8540802001953,861300,-0.018547260332521763
2017-03-09,158.98180598347133,159.97543793895758,157.32101650225454,157.8036346435547,675900,-0.006634604878418436
2017-03-10,157.80365331839565,159.52832785281964,155.14923156756234,156.1925506591797,767100,-0.01026189614968221
2017-03-13,156.52200566701936,157.1523087376458,154.45204500545782,155.61236572265625,894000,-0.003721465414030122
2017-03-14,155.426108368216,157.46742337971415,154.65971632061783,157.1092987060547,667900,0.00957365342465188
2017-03-15,157.05919220771617,160.217855180444,156.65093566877255,159.81675720214844,742700,0.017086158190721127
2017-03-16,159.62332785512749,160.0387537825324,157.38863341856074,157.9616241455078,798000,-0.011675773056714276
2017-03-17,158.55616098404903,161.60739109242252,158.32696680887173,159.35836791992188,1477800,0.008803433946913587
2017-03-20,159.5159305661026,160.48286083129247,158.0404474192447,160.18203735351562,722000,0.005155349647586783
2017-03-21,160.27517379693674,161.51428252735295,159.55175471649088,160.6404571533203,955000,0.002857780359190193
2017-03-22,160.71210079643888,162.09445738212725,159.27960148902176,161.7076873779297,758500,0.006621624117808869
2017-03-23,161.02725643034566,163.1187041601236,160.755078057799,161.81512451171875,843000,0.0006641704002938775
2017-03-24,161.944017355746,162.7175572030775,159.5947198550724,159.6591796875,635600,-0.013413060509017128
2017-03-27,158.7853276979629,161.0844821004577,157.93298918229166,158.22665405273438,576200,-0.009012891925174665
2017-03-28,158.20521068949333,159.24377039442217,156.7583834780945,159.12200927734375,760100,0.005642737492100295
2017-03-29,158.68508134803028,158.9071169477845,155.93468584877155,157.53907775878906,703500,-0.009997721655253465
2017-03-30,156.9159169633516,158.14786678291043,155.562206059535,157.14511108398438,923700,-0.0025038873550211646
2017-03-31,157.20963079711044,158.57050068415583,156.19255766263726,156.79420471191406,1004500,-0.002235505402170506
2017-04-03,156.85863762549835,157.7109762635349,154.75286238543157,157.08067321777344,856400,0.0018253680402262379
2017-04-04,157.04487182458462,158.8641517952323,156.10658666616982,157.79693603515625,745100,0.00454947593447325
2017-04-05,157.58203999373202,160.06026793780964,157.46027889684348,159.215087890625,667100,0.008947050639373455
2017-04-06,158.88561423965587,160.16053736574327,158.5561346891719,159.4657745361328,550400,0.0015732773867069036
2017-04-07,159.76661574640497,160.56165314859865,159.4443056491049,160.1533966064453,435000,0.004302765248581357
2017-04-10,160.1605335738843,161.87952781379224,159.8310540312009,161.7577667236328,518900,0.009967864329577636
2017-04-11,161.8652380012183,162.73906331716512,161.61454628976938,162.1374053955078,505400,0.0023442081167427084
2017-04-12,161.48563730329005,162.45256769192855,160.0173234585782,160.65478515625,637700,-0.009186285845204345
2017-04-13,160.0889277281356,162.08727002729938,160.06744111666933,161.8509063720703,441100,0.00741770909283971
2017-04-17,162.55998939095247,165.61120829010335,161.70765074745705,165.5897216796875,694600,0.022837592442118262
2017-04-18,164.79468217586896,166.32029707026504,163.52691753222854,165.58255004882812,604300,-4.331057562923723e-05
2017-04-19,165.9406616995712,165.9406616995712,164.28612727486637,164.73020935058594,453300,-0.005160821468518783
2017-04-20,164.90930565262676,165.02389727821117,163.43382235152774,164.30764770507812,752400,-0.0025684696684664826
2017-04-21,164.2216748837807,164.9021096831763,163.54124008438512,163.56988525390625,819800,-0.004500239401095849
2017-04-24,163.97104412911867,164.04267347318617,159.41570637475755,162.20907592773438,976400,-0.008354236478853966
2017-04-25,162.20896414735358,162.40951305761746,160.94119994889587,161.5428466796875,526400,-0.0041156832868244975
2017-04-26,161.60020335390027,161.60020335390027,159.93851025192967,160.38973999023438,731900,-0.007163683755487751
2017-04-27,160.38974367817997,160.38974367817997,151.14297103216467,152.56114196777344,2272400,-0.050041281606038095
2017-04-28,151.78046398818046,152.5396868586884,149.30940491351328,149.96835327148438,1423400,-0.017141152985231525
2017-05-01,150.64875298229737,151.5082501641614,146.83830053959736,148.42837524414062,1152500,-0.010321773347118954
2017-05-02,148.2708298717905,150.70608513676,147.6763413758183,148.45706176757812,1035000,0.0001932497856110963
2017-05-03,149.03717730183573,149.36664590739383,145.8283830319336,147.2107391357422,997500,-0.00843061036679924
2017-05-04,146.93861302248155,149.0372302043464,144.66094435515163,148.7149200439453,1232400,0.010166025256928153
2017-05-05,148.8294560184964,150.412371980042,147.76225142145142,149.158935546875,858200,0.0029812339918683047
2017-05-08,149.37386016847302,149.53143595891808,148.23502589770334,149.30223083496094,1009100,0.0009602274281331444
2017-05-09,148.94411768048118,149.1948094382882,148.0989483102339,149.0300750732422,803400,-0.0018245146893324515
2017-05-10,148.8939754385816,151.61571526840387,148.80085949008387,149.6388702392578,683600,0.0040767278870926646
2017-05-11,149.03004813262936,149.91103201317705,148.39974503546966,149.31654357910156,912900,-0.002156353557456673
2017-05-12,149.10165532172613,149.9539939651966,148.5358230322919,149.43829345703125,766100,0.0008150487930335544
2017-05-15,149.2448792912791,150.455342487901,149.20190607728512,150.21897888183594,834100,0.005210533920898376
2017-05-16,150.18320446458588,150.43389618551424,148.3710939283469,149.08018493652344,999200,-0.007609773621020949
2017-05-17,148.52865604868185,153.40631341903156,148.52865604868185,152.52532958984375,1665300,0.022846362797255142
2017-05-18,152.8261814198414,154.82452402567478,152.11710127443777,154.79586791992188,1651900,0.01477658984938701
2017-05-19,154.45206800456762,154.8460074823698,153.13417132346757,153.6212158203125,2114300,-0.007617332770087805
2017-05-22,153.79309780401346,155.2327554046932,153.2487521033063,154.42340087890625,938100,0.005208251197634309
2017-05-23,154.58099520699216,156.02781154210376,154.0724531779468,155.5694122314453,839900,0.007393826727437063
2017-05-24,155.4261137155308,156.85145390020844,155.13961833838565,155.83438110351562,773600,0.0017017707663672453
2017-05-25,155.9704558253793,156.3787232042592,154.92473788593225,155.49057006835938,1018500,-0.0022086965637095573
2017-05-26,156.02062831311065,156.12806136538035,154.65258915901026,154.98922729492188,976200,-0.003229473952409448
2017-05-30,155.02505032833943,155.2972286475897,153.27739972302825,153.52809143066406,711400,-0.009472056834189923
2017-05-31,153.67849574638012,154.5594795986057,153.4063174306111,154.2443389892578,2060000,0.004654405533668042
2017-06-01,154.14405957870483,154.2085194106685,150.62727191357496,152.0382843017578,1251100,-0.014405602341759126
2017-06-02,152.56112934726949,153.50658384552997,152.1600314131344,153.22007751464844,1063800,0.007742943454239875
2017-06-05,153.0696827231026,153.14847060386106,151.02120875248255,151.37933349609375,918900,-0.012086473974589418
2017-06-06,151.37934914864994,151.37934914864994,148.72921702862473,148.9082794189453,1355000,-0.01645828698592959
2017-06-07,148.8725041571588,150.31932067871094,148.75790158245078,150.31932067871094,1303200,0.009431293895022931
2017-06-08,150.3192577135321,151.644323471935,148.07740452879483,151.0641632080078,1858400,0.004942832541217614
2017-06-09,150.12590429174398,151.04986136699006,148.22783649960687,148.6647491455078,1276000,-0.016010903324127506
2017-06-12,148.66474746035436,150.6825326358227,148.39716022883297,149.735107421875,1489800,0.007174017302227274
2017-06-13,149.60492249492242,150.7403693699743,149.14929148174207,150.7186737060547,1431700,0.00654722862174732
2017-06-14,150.46557166787346,152.55567214326294,150.10396251271658,151.7890625,1104400,0.007076799255135394
2017-06-15,151.45635378368297,153.86467170859126,151.15260346460906,153.8140411376953,855100,0.013252537364387324
2017-06-16,154.04551562579672,154.84828847258808,152.83774225007224,154.52284240722656,943800,0.00459758501754756
2017-06-19,154.92060377567475,154.92060377567475,152.42549170156582,153.16317749023438,726600,-0.00883806009689585
2017-06-20,152.98958354550956,153.32226879565746,149.78573199928823,153.14146423339844,937300,-0.00014177556533344931
2017-06-21,153.40906057447663,154.34201835104162,152.95344055459253,153.53924560546875,585900,0.002594109002476921
2017-06-22,153.18489444956057,153.43078606814956,151.78184892458955,152.72926330566406,631900,-0.005289372982689233
2017-06-23,152.76536165069837,155.46297320593644,152.76536165069837,154.12501525878906,703800,0.00909722742420107
2017-06-26,154.9205872825997,155.94031663537368,153.30780262819243,153.67665100097656,573900,-0.0029133342933821966
2017-06-27,153.31502685803656,153.98761447240773,151.5865358390274,152.0710906982422,777300,-0.010502612723883907
2017-06-28,152.43991960156487,152.93171367820713,151.41295116071652,151.47080993652344,627400,-0.003955180770773332
2017-06-29,150.88503307194804,151.42020753570415,149.63385750382412,150.11842346191406,669700,-0.008968460339899662
2017-06-30,150.94292920147262,151.87587615655593,150.08952568273665,150.812744140625,620900,0.004614489860163753
2017-07-03,151.8251762444262,154.43599412672654,150.74034905292356,153.85018920898438,562900,0.01994036937553264
2017-07-05,153.48865917643937,153.5103548486059,150.43667622337836,150.47283935546875,756100,-0.02219673309145718
2017-07-06,149.71340148787797,150.39322838824143,147.45696414661575,148.5200958251953,1028900,-0.01306232399420415
2017-07-07,148.8021865992999,150.21246027978788,148.39718605879435,149.7279052734375,509600,0.008099407516683846
2017-07-10,149.72786819199507,149.84358575646306,146.92177794853544,147.0808868408203,700100,-0.01783699596176822
2017-07-11,147.51483260487169,147.84750683191206,146.45892906656135,147.0013427734375,669000,-0.0005409648140044912
2017-07-12,147.96321748301358,149.60492598228345,147.51482570431043,149.27947998046875,648400,0.015378532325008755
2017-07-13,149.2722682170627,150.06058463290952,148.06449485481235,148.1295928955078,740600,-0.007732735277009766
2017-07-14,149.11312495756832,150.7620726258357,149.08420108481425,150.1979522705078,566200,0.013866587586758109
2017-07-17,150.25578877056134,151.6877685568109,149.67722311780096,150.13284301757812,660500,-0.0004335836016233219
2017-07-18,149.9375866615651,151.23214224704432,148.5128460754304,149.8580322265625,917900,-0.001832128178320557
2017-07-19,150.03889609972674,150.74040780438287,149.74960211464656,150.26309204101562,887500,0.0026993105626256283
2017-07-20,150.16901671845238,150.99348497074655,149.11311336038918,150.08946228027344,703600,-0.0011561731544183264
2017-07-21,149.90867747264548,151.2610920642548,149.85081868858805,151.10922241210938,439500,0.006771371059156698
2017-07-24,151.0947748753075,151.34066646339028,149.86530589945747,151.1526336669922,643600,0.0002872426957500416
2017-07-25,151.33340587967302,151.33340587967302,148.99741422172664,150.2268829345703,871800,-0.006143441030692697
2017-07-26,150.14733751029448,152.78707964157323,149.80019584903332,151.91921997070312,964400,0.011202227779372303
2017-07-27,143.2261733594924,146.09012320464123,138.96641723816072,143.39974975585938,3807200,-0.05771274893049605
2017-07-28,143.52265840776917,147.1459888752366,142.98024472441747,146.6975860595703,1490300,0.022737046982256225
2017-07-31,146.87113423789742,149.1420386485032,145.89478538097563,148.6719512939453,1367700,0.01336897947187669
2017-08-01,149.0552645662556,149.41687363988996,146.36489217558133,146.69033813476562,726900,-0.013418387945835409
2017-08-02,146.3070500668044,147.73901907160467,145.38133161567754,146.2491912841797,933800,-0.0030118651787511756
2017-08-03,145.38132046405696,146.7843654876401,143.33461170686888,144.8895263671875,870000,-0.009340391501621215
2017-08-04,144.8823166040407,146.07562232919508,144.37606602474597,145.72125244140625,672200,0.005724002038262678
2017-08-07,145.73569165553408,146.01051809560568,144.7810493952035,145.42471313476562,534700,-0.002037049756786911
2017-08-08,145.17160013227715,145.7284812896582,143.47204382038333,145.13543701171875,717400,-0.0019911623701743663
2017-08-09,144.99802041758,145.996054026228,144.47730243244456,145.2800750732422,646000,0.0009960767759532975
2017-08-10,144.99080847995907,145.69233114662669,144.0650898954683,145.11375427246094,590500,-0.0011454845259093094
2017-08-11,145.2222450239412,145.2222450239412,142.82115483573688,143.65286254882812,630300,-0.010118234603241195
2017-08-14,144.6508749065877,145.2728430288022,144.24587446150557,145.0341796875,807300,0.009569724152934113
2017-08-15,144.88232355932345,145.8948247665195,144.1374095921502,145.78634643554688,651200,0.005172732717510731
2017-08-16,146.0901000811282,146.5384919064734,143.77580367306876,143.92767333984375,876500,-0.01283126441915104
2017-08-17,143.86258467823737,144.71598802114278,143.001953125,143.001953125,728700,-0.006452616540213521
2017-08-18,142.40891308821705,143.00194633491378,140.6659543980707,141.96051025390625,793800,-0.007309366261720922
2017-08-21,142.48119581648305,145.46809014082467,142.15574987421087,144.9112091064453,993000,0.02057228174540401
2017-08-22,145.06311738566637,146.075618517838,144.2603446896465,145.79356384277344,796900,0.006070470993542089
2017-08-23,145.69231448149878,149.3662645214522,145.54044482860655,148.56349182128906,966300,0.018820746358908583
2017-08-24,148.54903391381382,149.54707869584755,147.78966352967734,148.02108764648438,727600,-0.003657673507464087
2017-08-25,148.01385349482945,148.5490279508957,146.81330852049246,147.4425048828125,569300,-0.003916445327630379
2017-08-28,147.42806347457514,148.0644881116272,145.93099620918204,147.75350952148438,613500,0.0021071067261431674
2017-08-29,147.7823850783739,149.47471279730132,147.76068941803632,148.6719512939453,527500,0.006196800429840756
2017-08-30,148.33205928861355,148.93955993652344,146.59632896331283,148.93955993652344,519500,0.0017983761017556599
2017-08-31,149.0842072912383,149.70617541796705,147.84749924741172,148.50563049316406,858100,-0.002917712339344873
2017-09-01,148.85277261485882,149.63383854600184,148.38990238094627,148.8961639404297,408200,0.0026263033986312296
2017-09-05,148.6792043630149,149.6772490471581,148.23804080332897,149.4602813720703,656300,0.0037815043900190064
2017-09-06,150.06779881709704,151.50700722188287,150.05333136102402,150.349853515625,964400,0.005934254053402614
2017-09-07,150.77655342833958,155.6293532486164,150.68254255010973,154.97122192382812,1413600,0.030274499528900146
2017-09-08,154.94950840711687,159.05738272622224,154.89164962348283,157.88577270507812,1319800,0.018632379330522624
2017-09-11,156.229632691745,156.229632691745,152.1217466823323,154.3347930908203,1583900,-0.02274759015909632
2017-09-12,153.67771931605517,153.69232364369591,151.15901308017297,151.5459442138672,1240100,-0.01823538273273762
2017-09-13,151.57517734078561,152.43665463657823,150.45818552035806,152.39285278320312,646200,0.005572903292307445
2017-09-14,152.48771590094728,156.21832508149416,151.55323945735148,155.181640625,803100,0.018134561404908336
2017-09-15,155.10132209459292,156.46654255028082,154.64868823368775,156.34242248535156,1032100,0.007452311843569687
2017-09-18,156.24022226720822,157.98506617843609,156.24022226720822,157.5835418701172,796500,0.007907124559192968
2017-09-19,157.68576690947228,158.07269807225313,156.86809159769487,157.4886474609375,763100,-0.0006023661577398473
2017-09-20,157.66386400612865,158.12379452714825,155.2400578985538,156.31324768066406,704900,-0.007491384185381379
2017-09-21,156.2402201284711,158.2697871224572,155.78028965764005,156.86807250976562,672000,0.0035431577413479547
2017-09-22,157.24772119471874,157.875573632562,155.59048084020714,156.02122497558594,500200,-0.005413094080341628
2017-09-25,155.86058613230654,157.2914981616407,155.1889319557036,156.38623046875,530000,0.002336728223924737
2017-09-26,156.70020775745365,157.5835859907283,156.21106848905356,156.327880859375,675400,-0.00037318181647993373
2017-09-27,155.90440946848562,155.90440946848562,153.18128714157558,154.75820922851562,730200,-0.010091643453675508
2017-09-28,154.56836654613787,155.50284283253617,153.07903730605327,155.32032775878906,548400,0.003625656593370675
2017-09-29,155.32033762146725,156.5541413807167,154.23254370251973,156.22561645507812,909700,0.005811606673713931
2017-10-02,156.63448212457723,157.2988398515337,155.80221360218135,156.43736267089844,771200,0.0013544695875699754
2017-10-03,156.75855355934303,157.3060988019898,155.11591783140267,155.44444274902344,573800,-0.006367304916445046
2017-10-04,155.21815881309215,156.26213995045057,154.50270266316207,156.13803100585938,527200,0.0044520437500467505
2017-10-05,156.6052342354351,157.35719546905892,155.78027365417807,155.99928283691406,680700,-0.0008890201326816639
2017-10-06,155.5028395203927,156.24750412457396,154.49535277002016,155.80946350097656,847100,-0.0012175371064207833
2017-10-09,155.65619177420356,156.99950031421454,154.54649678296747,156.10882568359375,635500,0.0019194916419626746
2017-10-10,156.18181781883087,157.59813679347315,154.50268779141396,155.51747131347656,807600,-0.0037952835537089988
2017-10-11,155.50288906288515,157.11632769600592,154.51730291570578,156.72938537597656,783400,0.007762577089995149
2017-10-12,156.6709811704643,158.3647156665539,156.57606974470525,158.28440856933594,541600,0.009872810995668986
2017-10-13,158.7881190470406,160.27014060029273,157.9339498123955,159.56198120117188,1057600,0.008038974506042025
2017-10-16,159.83211888590563,160.23365433603624,158.0580774514708,158.83193969726562,768100,-0.004585783429580615
2017-10-17,158.23329060415116,158.98525190356872,156.45923808991247,157.60543823242188,723300,-0.007751976804317936
2017-10-18,157.6054084330168,158.42307233840322,156.40080235115084,156.72203063964844,516400,-0.00562095270826222
2017-10-19,157.2550046078038,157.7660557961113,156.32783592695043,157.11630249023438,686600,0.0025125806275845953
2017-10-20,156.92647851448834,157.10899361188592,155.80948700960204,157.0286865234375,845000,-0.000557805931227811
2017-10-23,157.22577392297896,158.10915171597952,156.24749587375106,156.80233764648438,752800,-0.0014424891025368273
2017-10-24,156.29864291446563,156.78048549688813,153.31269827402332,153.39300537109375,1070800,-0.021982725691451842
2017-10-25,153.99160327365888,154.38584204719268,151.9985419091702,153.31265258789062,1062400,-0.0005239732815901109
2017-10-26,146.79327326764394,150.39246626362623,144.63228923921977,149.08566284179688,2974400,-0.027958258147345438
2017-10-27,148.6038187506483,151.5897635572036,148.24608509109902,151.0495147705078,1041400,0.013086636306364693
2017-10-30,150.7939701380944,152.54611055257502,150.3924347106568,152.4001007080078,796600,0.008901608615150602
2017-10-31,152.40009846244416,152.40009846244416,150.91807683924182,151.3050079345703,682100,-0.007211584450220454
2017-11-01,151.90369070812065,151.90369070812065,150.31944965003586,150.7720947265625,691400,-0.003528329397831765
2017-11-02,151.0860188009329,153.4149135868452,150.88160275137062,152.093505859375,811700,0.00872611161619039
2017-11-03,152.02043563400815,152.99141705791175,151.23196926407513,152.56068420410156,759600,0.0030669442676948397
2017-11-06,152.94033205534103,155.18161132204764,152.5898951002872,152.81622314453125,764300,0.0016735974065221271
2017-11-07,152.5972169692485,154.98450628513572,152.4366028015951,154.4004669189453,882200,0.010313618164154418
2017-11-08,154.5976092428096,156.18183920919915,154.24718331794537,155.6416015625,760300,0.008006276563707521
2017-11-09,155.32763438212146,155.91899261671298,154.05733651630356,154.31285095214844,532500,-0.008573896838423965
2017-11-10,154.12306633244032,154.91882957151537,152.7140438320286,154.42239379882812,736600,0.0007096232331030431
2017-11-13,154.52461596540144,156.15264784407682,154.42240793579492,155.68540954589844,609500,0.008145701057000103
2017-11-14,155.0867091801531,155.7145615039815,154.36395658935467,155.44444274902344,640900,-0.001548979265587272
2017-11-15,155.3349626722861,156.15992339298518,152.96226624634414,153.3491973876953,795700,-0.013570729734948479
2017-11-16,152.86000532150376,156.78042495588647,152.77239052408945,155.99195861816406,938600,0.017086801914079717
2017-11-17,155.32033413830015,156.04309787036593,154.52457105763884,154.6632843017578,681500,-0.008554064021080767
2017-11-20,154.6340716023474,154.96990424457206,153.8748137857784,154.12303161621094,358400,-0.0034992045239956564
2017-11-21,154.44426268289465,154.44426268289465,153.24696420555696,154.27635192871094,683700,0.0009942972217975206
2017-11-22,153.78724778552603,154.5319126530139,152.8089693387289,154.25448608398438,512000,-0.00014174171310730546
2017-11-24,154.69979502640336,155.71457854154818,154.38587440005966,155.34954833984375,257000,0.007073982898289466
2017-11-27,155.816759560176,157.7733268950897,155.30571959428516,156.91184997558594,957800,0.010006454080714575
2017-11-28,155.65618399220006,156.13071879994365,150.39244356586613,152.89654541015625,1566800,-0.02592266365007848
2017-11-29,152.4876734126453,154.59025039480468,151.65540521384636,153.50245666503906,827700,0.003955052337679616
2017-11-30,153.83104734347378,155.87520775834304,153.1447887156939,155.59048461914062,1257700,0.013510885809408115
2017-12-01,156.2110084756114,156.40812788231898,154.48076907183506,154.8238983154297,809800,-0.004939125918503021
2017-12-04,154.1887272411241,155.51013455126483,152.7578153461015,153.29075622558594,1133000,-0.009951845656554882
2017-12-05,154.91152258511724,155.23275095287804,153.2834909646983,154.07925415039062,676100,0.005130621907412692
2017-12-06,154.1887902564661,155.67812005854674,153.80185904530126,154.6268310546875,821300,0.0035475651749089904
2017-12-07,154.37127263970632,154.47348065228957,151.84526984021866,152.1007843017578,815100,-0.016471316808845626
2017-12-08,152.36357480163497,154.48075625020255,152.03504991094698,153.9259033203125,691000,0.011927983614928648
2017-12-11,153.64118303138468,154.56106610968823,152.75050860246245,154.53915405273438,721100,0.003976149166391325
2017-12-12,154.53918932815148,156.55127297666843,154.50971331597376,156.042724609375,759700,0.00968235693272308
2017-12-13,155.7110331150256,156.98608123625482,155.54150953105875,156.6617889404297,730400,0.00395942567496387
2017-12-14,156.31538886255737,156.9787170888557,155.09192654733104,155.5267791748047,525800,-0.0072713409934504125
2017-12-15,156.75761477399047,156.77235840086652,154.90767759122517,155.92477416992188,1158900,0.0025557439510526265
2017-12-18,156.24911547368868,158.79184647156492,156.04274961709032,156.31544494628906,823300,0.00250237449444548
2017-12-19,156.32281863355377,156.65447723469205,153.2051985430056,153.45579528808594,713500,-0.018463501606353346
2017-12-20,153.3009774104462,153.9274522492625,151.10464924837558,151.20045471191406,801500,-0.014806075879373952
2017-12-21,151.75325249501137,151.75325249501137,150.06547231208867,150.14654541015625,645000,-0.006994684521545945
2017-12-22,150.91302089575197,152.2470437003001,150.64769182225146,151.80482482910156,500800,0.010983862001060064
2017-12-26,152.2470560948891,153.99379941075068,152.2323124656907,153.32310485839844,331700,0.009951842570409142
2017-12-27,153.7063451786932,154.4359916829448,153.50734556567326,154.24436950683594,379300,0.005990668587705051
2017-12-28,154.1264542583995,154.7602953440368,153.37469788057598,154.21490478515625,666700,-0.00019104448609582721
2017-12-29,154.5760493045316,155.18041441758479,153.76532960533382,154.03802490234375,620100,-0.0011476283609380608
2018-01-02,154.81188615862203,154.90032543570712,151.51738813408318,152.0627899169922,812300,-0.0129059597788265
2018-01-03,152.08487577136285,153.05037521437995,151.63529077353525,152.39442443847656,580000,0.0021785304273227984
2018-01-04,151.75320626675136,152.5713031903656,149.29892674200016,149.69691467285156,799600,-0.017859376388529843
2018-01-05,149.8590917966239,150.38237254065191,148.66511651117438,148.81988525390625,644600,-0.005875930216051317
2018-01-08,148.9451686884851,150.4634362396884,148.83461959343364,150.00648498535156,768600,0.007941775468054309
2018-01-09,150.40451593347984,150.50032142069463,148.07551704050448,148.2523956298828,659300,-0.011762329258003232
2018-01-10,147.1616000047824,147.45641639105187,143.94080830169307,144.5377960205078,1133200,-0.025375159633089846
2018-01-11,145.0463482624208,145.46644616052595,143.72706879710915,144.545166015625,1093600,5.098878928651351e-05
2018-01-12,144.47148210829465,144.82525056381834,142.54047112009818,142.65103149414062,957400,-0.013190717718378013
2018-01-16,143.13005943172882,146.24766782201107,142.6288885067692,142.79840087890625,1034200,0.0010325429385763956
2018-01-17,143.57227480991,145.2084689595191,143.30694572494383,144.2282257080078,737900,0.009963094180533231
2018-01-18,143.8081325312828,144.22086420993563,141.95083997734517,142.42990112304688,1241000,-0.012546988964447621
2018-01-19,142.91636445613534,143.35120603244044,142.02456023124992,142.6584014892578,646100,0.001603015017086187
2018-01-22,143.08585524317752,143.43962365465336,141.88450238729502,142.82052612304688,909600,0.0011358081843326066
2018-01-23,142.98267496922284,146.33613686333862,142.65838256682463,145.99710083007812,982000,0.021997984249645223
2018-01-24,145.7980972337727,145.93812235104502,143.21113572253714,143.6607208251953,687000,-0.016132349971296287
2018-01-25,142.98264981377574,143.55752760921584,140.63891899330358,141.9287109375,855500,-0.012129518323887603
2018-01-26,142.44461950490313,142.74679077215293,140.55046258799703,142.13507080078125,1083200,0.0014529124291722795
2018-01-29,141.87710968378389,142.19402458261527,140.14509891128495,141.90658569335938,1121900,-0.0016088144219691797
2018-01-30,141.9065960651356,143.1963880656211,140.22618224419057,142.68785095214844,1535500,0.005490389977822677
2018-01-31,142.60676419197424,144.27980041503906,141.4201552154323,144.27980041503906,2749400,0.011095088844704355
2018-02-01,144.5303750102546,144.88414329350454,140.55781708651998,140.75680541992188,1125600,-0.02472085574811874
2018-02-02,140.10826226878595,141.47174987607545,138.8479463221498,140.26303100585938,974000,-0.0035141641849344325
2018-02-05,139.6439591012622,141.3096295422206,135.07441186586755,136.334716796875,1088800,-0.02840643780689311
2018-02-06,134.86062959211105,137.88979826015114,133.34972835328125,136.64422607421875,1566400,0.002267643113556288
2018-02-07,136.09151120761726,139.0174981205898,135.43556013307233,136.60743713378906,1021700,-0.0002692678260037491
2018-02-08,136.60738836902922,137.0495959743403,133.0180742234409,133.02545166015625,1213700,-0.026570914485618772
2018-02-09,133.95411876826125,139.07643357785622,133.1876187178138,137.94142150878906,2002100,0.0362886374394459
2018-02-12,138.2878658125901,138.980670417919,134.82384278594563,138.4279022216797,1405600,0.0035205152929316053
2018-02-13,138.5236662379375,140.24093360276584,138.19200766875136,139.4449462890625,1054500,0.007320244597039822
2018-02-14,138.42049562424378,138.67108112135804,136.12098401101576,137.66136169433594,963800,-0.01287310446643301
2018-02-15,138.2067663397529,141.0295700731418,137.82351064786812,140.3883514404297,931900,0.01961575255879353
2018-02-16,140.0198176292394,140.74210925291706,137.83823286744934,139.11328125,1112600,-0.009123946959175431
2018-02-20,138.28778776308914,140.21878664001312,137.02010584883772,137.31491088867188,1377200,-0.013011666573302685
2018-02-21,137.80137626813826,143.1448001940155,136.91694972962554,140.5873260498047,2526900,0.023551925751480424
2018-02-22,141.2359137186833,143.25535229548066,140.60207262435202,142.34881591796875,1466500,0.012451662165706055
2018-02-23,142.48890122963232,144.265132391485,142.12775529441197,144.2209014892578,778200,0.01306566667535922
2018-02-26,144.49356360983415,145.49591674241415,142.4741137151393,144.36827087402344,879900,0.0010213092637436768
2018-02-27,144.85468389841574,145.73912164575341,141.89185568155108,142.18666076660156,979400,-0.015226764698040969
2018-02-28,142.84999452768963,144.9578723338057,142.33406874002594,143.30694580078125,1152600,0.007848097179841858
2018-03-01,143.15956455874561,146.2919169690017,142.30461390770697,144.5377960205078,1195900,0.008552233499441612
2018-03-02,144.58936371276488,145.64331388649865,142.12034004691583,143.7196807861328,950600,-0.005676296345195578
2018-03-05,143.7860092389003,146.66777577351272,143.7860092389003,145.45169067382812,1146900,0.011979267458351203
2018-03-06,145.04632246786846,146.72673625364095,144.02922577002434,146.04867553710938,711800,0.0040959516152006305
2018-03-07,145.43693945661056,146.60143866358453,144.75150132546378,145.9381103515625,583900,-0.0007573300996818448
2018-03-08,146.03392658869112,147.7659373884333,145.28953643970252,147.26475524902344,756600,0.009049392802788313
2018-03-09,147.46374444574195,147.69958624766792,145.68751413341576,147.37530517578125,884100,0.0007504066608325928
2018-03-12,147.37527498239362,147.7069334228903,146.34343497784943,146.96990966796875,1004300,-0.00275455990924983
2018-03-13,147.40922357496896,148.15371460312537,146.48605061044364,146.9625244140625,1022200,-5.025137107357464e-05
2018-03-14,147.3198644251241,147.76655215364818,143.6867451609739,144.8853759765625,1903300,-0.014234699022366584
2018-03-15,145.01197132156142,145.45121833134792,144.22281259617355,145.3023223876953,675900,0.002873634550353893
2018-03-16,145.56288120381328,147.55811159951344,145.3767584567503,147.41665649414062,1136300,0.014446421520248767
2018-03-19,147.4390058702928,147.4687918745827,145.58523038438594,146.45628356933594,840200,-0.006535997111289375
2018-03-20,146.59027062274168,147.89312984844926,146.30737177283766,147.43154907226562,886800,0.00663701572260534
2018-03-21,147.5953099746991,148.60037715914362,146.03187465668069,147.79632568359375,1108300,0.002471154170374847
2018-03-22,147.6474681912411,148.8237540351086,145.629892478723,145.689453125,1045900,-0.014357825178690223
2018-03-23,145.70430152951786,146.88058701334882,143.4336022853602,143.7239532470703,850400,-0.013582854512809885
2018-03-26,144.63970901510692,146.620057780209,144.0738999508053,146.37437438964844,703800,0.018273079427433506
2018-03-27,146.66469809550907,148.7716085734856,144.62478906792055,147.483642578125,921700,0.007549723970695167
2018-03-28,147.90056923727496,151.74214511980858,147.424095501769,150.47650146484375,1249500,0.020089663697307778
2018-03-29,150.45418529988612,151.05722119964122,148.34727438096755,149.1885528564453,986800,-0.008595974208152094
2018-04-02,149.67987249692902,150.30524202115126,147.4240663588199,148.4589080810547,762700,-0.004902754652308174
2018-04-03,148.46636968717195,150.14147416447284,146.87315966094027,149.35975646972656,694600,0.006049662048530815
2018-04-04,149.15876748199474,152.4345231422607,148.66740072494574,151.9059295654297,896200,0.01690357608007252
2018-04-05,151.57090185849674,151.57090185849674,148.43660148450533,149.9106903076172,863300,-0.013221725992998033
2018-04-06,150.0893919520199,151.01255353272055,148.01225567538086,148.36216735839844,724200,-0.010383357533971776
2018-04-09,148.60038651008173,150.0893682933089,147.99733934544997,148.76417541503906,806500,0.0027059754997840243
2018-04-10,148.86093939892191,150.53604376881233,148.65248287502672,149.23318481445312,701500,0.003147744572702157
2018-04-11,148.82373088418186,150.067040721754,147.78144813655067,147.9154510498047,581900,-0.008869247532900856
2018-04-12,147.92290832742052,148.05691124529278,145.46608592615584,146.15101623535156,718200,-0.012000388927592844
2018-04-13,146.47114884376006,146.9103957636116,145.46608154983394,146.8731689453125,654700,0.004928973160082301
2018-04-16,147.59531685852735,148.0047891142517,146.18078873151157,146.73170471191406,755600,-0.0009636368946008168
2018-04-17,147.40923752624585,148.57809400389084,146.56051812822332,147.83360290527344,778300,0.007481555394571571
2018-04-18,148.28020746680343,148.43655550811454,147.1113630056729,147.34959411621094,596400,-0.003279381941199689
2018-04-19,146.93270952143232,147.03693778242126,143.13580177392552,144.27487182617188,734500,-0.02108764242696172
2018-04-20,144.7513495181553,145.019366676715,143.09859029373732,143.5006103515625,970000,-0.005381023685579542
2018-04-23,143.9398617583955,143.99198157199325,142.9571397194022,143.60484313964844,786500,0.0007260941329944257
2018-04-24,143.26237398829812,144.8258093737916,142.97947517989752,144.25254821777344,998400,0.004500187875419143
2018-04-25,143.97708949903634,145.25761470961183,143.08370272329344,144.21533203125,748600,-0.0002580265553155233
2018-04-26,146.29246020206784,151.2209862693403,145.6670905795195,148.76417541503906,1829300,0.031054792828381347
2018-04-27,148.3398145753734,151.31033741106063,147.6921111155738,150.72218322753906,748000,0.013075959250759798
2018-04-30,151.39221420543083,151.86123570159347,150.06702144225216,150.22335815429688,896500,-0.0033150551277502005
2018-05-01,150.26804919257387,153.10455786749438,149.40443697237936,152.24839782714844,1253200,0.013390142315721821
2018-05-02,151.33270137435446,153.3651587930849,149.72459795380567,152.38987731933594,858500,0.0009288360255526167
2018-05-03,152.75463967641522,154.29574131510293,151.80169221907366,153.29812622070312,1156500,0.005942343588753707
2018-05-04,153.0524215760848,154.90620777645512,152.6801761723177,154.3999481201172,495100,0.007161738734874863
2018-05-07,154.36276077274877,156.5217914826015,153.4321470254065,156.32821655273438,851000,0.012411447721652431
2018-05-08,156.34309891964315,156.96846858891445,155.7251700702333,156.3654327392578,1118000,0.000238036089210183
2018-05-09,156.70045018427254,157.51939476392502,155.74750268796615,157.48960876464844,549800,0.007163694599820884
2018-05-10,158.12244862258788,159.2615189840325,157.4598520635774,157.72042846679688,653900,0.0014645456434873936
2018-05-11,158.33837272255877,158.68828447273077,157.28864883207623,157.53433227539062,698200,-0.0011806084233827992
2018-05-14,157.4374936167274,158.34577343555802,154.8615500702015,155.92617797851562,658700,-0.01026074005171952
2018-05-15,154.70521358818635,155.49437213629454,152.85142713006124,153.29812622070312,957300,-0.016998114313943345
2018-05-16,154.07986049709177,154.45954681289388,152.42708958825517,153.06735229492188,598800,-0.0015065272402548908
2018-05-17,152.33772102359003,153.06733026901009,151.36243978331657,151.75701904296875,597700,-0.008597352746051593
2018-05-18,151.95055935116267,152.63548944519894,150.26800306622243,151.57086181640625,784100,-0.0012274325024588778
2018-05-21,151.95063509170745,153.26837613379433,150.67010951586892,152.5462188720703,563200,0.006414374343223602
2018-05-22,152.43452735917842,152.81421366738508,151.41457835711316,151.9580535888672,616100,-0.0038631051703186866
2018-05-23,152.52386657316148,154.71267191696654,152.4717581107062,153.86395263671875,571700,0.012464267997118052
2018-05-24,154.06494076955698,154.69775118611503,153.34278372475683,154.21383666992188,563900,0.0022714015471175094
2018-05-25,154.9434332464737,155.83683136129878,154.28828901830528,155.21890258789062,439700,0.006496206283259318
2018-05-29,155.2040137513434,156.29841624732154,154.45208205656786,156.23141479492188,883200,0.00650194087168118
2018-05-30,156.0601893230851,158.47978491088426,155.65072838855878,158.00331115722656,506800,0.011277653269229478
2018-05-31,157.09506843861766,158.33836725607878,156.2389081875621,157.71299743652344,1553200,-0.0018390801781607525
2018-06-01,157.7948777487136,157.91399904461085,156.3431224550658,157.5491943359375,559800,-0.0010391548342993245
2018-06-04,158.20434351885706,159.35830688476562,157.33329037892173,159.35830688476562,582000,0.011417414825535136
2018-06-05,159.55186030223706,160.36335274502676,158.36812236899,158.48724365234375,810700,-0.005481060921933405
2018-06-06,158.24899271251948,159.7305337757611,157.85441342231474,159.0232696533203,695700,0.0033764331431668762
2018-06-07,159.47742859932217,160.4675916727955,158.65104310128612,160.1697998046875,834300,0.0071839597537369
2018-06-08,160.34845991576725,161.37584967291903,159.55930134866878,161.21951293945312,769700,0.0065323694715731144
2018-06-11,161.26421097652812,161.80768627631164,160.39315778864528,161.2865447998047,767700,0.0004156936572708914
2018-06-12,161.181325537349,162.79689134682482,160.63278624130544,162.24835205078125,813300,0.005945634265155412
2018-06-13,162.78188159748083,163.42811025635817,159.37039142182022,159.54322814941406,701600,-0.016813290295558794
2018-06-14,159.68595142456877,162.00787253173286,159.68595142456877,161.1512451171875,634700,0.010028426294998819
2018-06-15,161.59458756917937,162.87201282759216,160.6177289130234,160.82061767578125,1313900,-0.00205376677795746
2018-06-18,160.74547768100038,162.0229029981305,159.90388198329237,161.31655883789062,627300,0.0030790705953165107
2018-06-19,160.41485245422106,164.07431475302056,160.36976860701267,163.11248779296875,1145400,0.01107143345272244
2018-06-20,163.16509488208894,164.6378989823772,162.67667121030684,164.20957946777344,757400,0.0067034636085753566
2018-06-21,164.01421549195675,166.83958103564802,163.75872122249234,166.69680786132812,1002000,0.015033105012345376
2018-06-22,166.66676550339733,170.010618468496,166.21590402828767,169.79270935058594,1176300,0.018401695697494856
2018-06-25,169.33430367404392,170.0105842848466,167.8840416778862,169.55972290039062,1137700,-0.0013731240130343738
2018-06-26,169.69500078421135,172.61805548963002,168.7256521623842,172.0770263671875,1732200,0.014736992029121236
2018-06-27,172.06948870770975,172.89605256506076,170.4464015998445,170.72442626953125,1251500,-0.007891489996587312
2018-06-28,170.41640387923965,172.54294715406363,170.41640387923965,172.0244598388672,817700,0.007585960780141384
2018-06-29,171.3706903068461,172.4302066775274,169.78517656039912,170.46897888183594,1237800,-0.009083336940216511
2018-07-02,170.46897763031618,171.8440924163613,168.07943033240542,170.07823181152344,710700,-0.0022948198048440625
2018-07-03,170.25856912468916,173.53479588478393,169.2967421369441,172.40765380859375,578000,0.013603234562382244
2018-07-05,172.40012789389868,175.03012600613914,171.97933003048132,174.8648223876953,717500,0.014151479050800003
2018-07-06,175.19546857178736,176.51046783417956,173.79781175426658,174.4891357421875,933300,-0.0021507515892346487
2018-07-09,174.62441109224932,174.62441109224932,170.4690137743276,172.5579833984375,1002000,-0.011129164713594394
2018-07-10,173.07642266847358,174.5567368317232,172.04696991776328,173.36196899414062,882000,0.004648399364223624
2018-07-11,172.94871096378816,173.89550633358073,172.1672192433604,172.50537109375,818000,-0.004953342235787877
2018-07-12,173.02380756186315,173.21166456230785,172.03943871407398,172.46775817871094,757300,-0.00021806286922945164
2018-07-13,172.7833836900831,173.3770068596978,171.08514880128064,171.38572692871094,500600,-0.006293580657985561
2018-07-16,169.8227279649555,170.37126719439553,167.95166811762434,169.47706604003906,842700,-0.011199115167264783
2018-07-17,169.92795752066544,170.16842002682495,164.88586970376065,165.10379028320312,1525100,-0.026143305905278656
2018-07-18,164.98358249359435,165.82517845307515,163.64604114404023,164.66798400878906,972900,-0.002643079621091613
2018-07-19,164.66795760802415,167.86152711511232,164.5552479764802,167.16270446777344,953100,0.015036387824696195
2018-07-20,167.16267501575612,167.16267501575612,165.48698234948463,166.9071807861328,590900,-0.0015297621410992797
2018-07-23,166.5615361100621,167.0800232735628,165.28411078116395,165.78004455566406,561800,-0.006775977297632319
2018-07-24,165.5846971799365,166.2459575794363,164.41998132750228,164.8182373046875,890500,-0.005818602317908111
2018-07-25,165.29162332728956,165.62976364485334,164.4274856861952,165.06619262695312,1085000,0.001503286281274688
2018-07-26,165.8852420539811,166.53147059612903,164.21707096764294,164.6228485107422,853200,-0.002689469943652703
2018-07-27,165.29164451755983,165.29164451755983,161.17382162931372,161.8275604248047,1127500,-0.01712576445720967
2018-07-30,162.51887661632853,162.97724823871224,160.88076878065516,161.18133544921875,1116300,-0.004001288175209311
2018-07-31,161.78999161937304,163.84890885871494,161.40676739419763,163.68359375,2450300,0.015405219598476594
2018-08-01,158.55882253256172,163.7436827553253,158.08543067628332,163.42056274414062,2014200,-0.0016082404171886978
2018-08-02,151.07460403923002,159.37788586134886,151.07460403923002,157.9576873779297,2055000,-0.033999821739475924
2018-08-03,158.40106745622268,161.9327777164913,158.35598359859253,160.7906036376953,1604800,0.01777572419225146
2018-08-06,160.79055110029196,162.714204836531,160.414837121624,162.17318725585938,790100,0.008561901384172229
2018-08-07,162.18822441830332,163.3905138613656,161.44431800137872,162.94717407226562,680800,0.004761241500819245
2018-08-08,162.9997737561035,164.45754603023576,162.33851339277368,163.22520446777344,857200,0.0017048069127771535
2018-08-09,163.443153298314,163.93909869138972,161.67730380364995,162.15069580078125,675000,-0.006604745908842282
2018-08-10,161.69984905620623,163.23275766116416,160.97847288182965,161.35418701171875,526700,-0.004924255804954025
2018-08-13,161.35413382525115,162.69167476949764,160.95587789611494,161.70730590820312,499300,0.002186079398820956
2018-08-14,161.49693633137338,162.7367996561716,161.21891158545662,162.25587463378906,670500,0.003386614793507888
2018-08-15,162.5790060945933,164.92345841360506,162.05300864685148,164.7205810546875,831900,0.015076028018172366
2018-08-16,164.66044842821663,166.4864132653251,164.38993384502837,165.96792602539062,710000,0.007543962730290914
2018-08-17,166.47889247207772,168.192147567481,166.02803104028422,167.9967803955078,1388100,0.012150261933892797
2018-08-20,167.921637056871,169.28923022547548,166.839578767141,167.17771911621094,695100,-0.004887382010655583
2018-08-21,167.06500361884977,167.35054995357473,165.87023574336752,165.9604034423828,635800,-0.0073082064732257765
2018-08-22,161.9477811369277,162.9246399227936,157.77735304803866,158.5813751220703,1547100,-0.04548135714437478
2018-08-23,158.5513692505157,159.265223833111,158.33346009132225,159.05482482910156,657200,0.0029810837538507507
2018-08-24,159.05474040110593,160.86568437124086,158.92699903547,160.27957153320312,451800,0.00767065949229684
2018-08-27,160.74549927162002,161.28652842592422,158.45364125212072,160.0466766357422,769900,-0.0014541108624662026
2018-08-28,160.06920267493211,161.33911788425013,158.8744233893262,161.30154418945312,712700,0.007810056822951077
2018-08-29,161.39923443191378,161.4292979764129,159.6634373782775,159.813720703125,673000,-0.00926666711759281
2018-08-30,159.90386763690006,160.13680846333924,158.5437849024929,159.0397186279297,886200,-0.004854917651835097
2018-08-31,159.30277197025507,160.44494599860252,158.85943210196132,159.7386016845703,973000,0.004384766038621267
2018-09-04,159.98657556702358,160.89579723831022,159.61086147934517,160.1293487548828,1090500,0.002443178593814835
2018-09-05,159.7836401017309,162.27838641921937,159.01718037618096,162.0830078125,805000,0.012126679559221865
2018-09-06,162.31598169095184,163.01481579455336,161.33913432199688,161.3691864013672,715300,-0.004413774788086843
2018-09-07,160.43736642268183,160.58013955788567,156.92068936260281,157.13108825683594,972600,-0.026614409104196463
2018-09-10,158.34093615106107,159.66344552947194,158.0854533391891,159.08485412597656,867700,0.012357319599830953
2018-09-11,158.48550300426461,159.7827042131635,157.92413911455603,158.04551696777344,699000,-0.006554660001512449
2018-09-12,157.96972243777597,159.99516835849994,157.17319589979314,159.13037109375,759400,0.006840736621840281
2018-09-13,159.68415738330373,160.2227646224504,158.88763076777005,159.24417114257812,843800,0.0007148816163208079
2018-09-14,158.76621832044515,158.9179464620045,155.82287989295241,156.71043395996094,1009100,-0.016038959129428664
2018-09-17,156.93046720566127,158.34904703312824,156.23256153597168,157.95457458496094,997000,0.007907756340792516
2018-09-18,158.03797953711123,158.6751960824577,155.63323657472827,155.84564208984375,700600,-0.013441445449190825
2018-09-19,156.1035652016537,156.1035652016537,154.16156525911984,154.82913208007812,864900,-0.006543908432588112
2018-09-20,155.10979409061406,155.63322606581625,154.0325914580557,155.5270233154297,660000,0.004497364718120816
2018-09-21,155.27666231322834,156.22490514666666,154.54840672404654,154.92770385742188,1308200,-0.0038609185175212607
2018-09-24,154.9656851217969,155.19326578917543,152.4850778403146,153.1829833984375,893800,-0.011325404667615812
2018-09-25,153.69878858594666,155.03391036080333,153.32707321911928,153.50914001464844,668500,0.0021269326094062705
2018-09-26,153.8809287536678,154.34367195128596,152.44718533403707,152.59130859375,722600,-0.005996947575626408
2018-09-27,152.84920494127488,153.55469224694272,151.07408507252293,151.33201599121094,771800,-0.008286957316860698
2018-09-28,151.5368039876469,153.03882914273032,151.27130290888618,152.95538330078125,937400,0.010670062020615604
2018-10-01,153.39537415447688,153.39537415447688,151.07406563632756,151.1044158935547,639600,-0.012175172626531386
2018-10-02,151.48369550838444,152.34849253532585,151.12715526633377,151.9009246826172,576500,0.005257403200824474
2018-10-03,152.16650318081335,152.71269227319343,148.41146185212756,149.96658325195312,1166100,-0.01281600606919938
2018-10-04,148.99552731861954,150.12582555461069,147.76659653235723,150.01962280273438,879200,0.0003536132679664039
2018-10-05,150.3154733535389,151.6657704381732,149.7237706569118,150.96786499023438,1307500,0.006300895307333755
2018-10-08,151.11958373619723,153.6229358008566,151.05130144834408,152.62159729003906,986900,0.010894638071915022
2018-10-09,152.8188553352001,152.8188553352001,151.5292470371645,152.43197631835938,849700,-0.0012431979986922703
2018-10-10,152.13612409336685,153.31194784324964,150.62651692284808,150.71754455566406,675700,-0.011310920340385996
2018-10-11,151.62786316912477,151.71889079953002,148.1762560883889,148.44175720214844,1177800,-0.015214845348925695
2018-10-12,148.83622187078075,149.76170798286816,147.569370587075,149.32931518554688,1154900,0.005961362228849342
2018-10-15,148.94238602160775,151.90091041769097,148.91962912108033,150.40647888183594,669100,0.007187452114476873
2018-10-16,150.55064995875446,151.55198854924112,149.9892859347699,151.04373168945312,840700,0.00422792046266567
2018-10-17,151.0285523502775,151.3395788241622,149.22310559686605,150.30030822753906,742500,-0.004934061216781381
2018-10-18,150.27755316323052,151.47612211222273,149.31413504767252,150.30789184570312,807300,5.045516498769351e-05
2018-10-19,150.543037530034,152.21194268618558,149.40514607239925,151.6885223388672,1182600,0.009143420563566429
2018-10-22,152.09058605889047,153.36501901631252,149.01068326132477,149.1168975830078,819100,-0.017098677348265385
2018-10-23,148.9500302377115,151.06650373613047,147.23559931098214,149.91343688964844,1376000,0.005327494229009226
2018-10-24,150.30786871114375,154.29048864232524,149.52651753637798,152.25746154785156,1066500,0.015514873798717733
2018-10-25,151.61265189569627,154.22221804738507,150.9450852312466,153.03121948242188,776100,0.005069035568402756
2018-10-26,153.22091849096887,153.82021464617787,150.59618792392246,152.34095764160156,1003300,-0.004520798344693541
2018-10-29,153.36506961462823,156.80909559696562,153.0767999611966,156.3008270263672,1333400,0.025661377551660293
2018-10-30,156.2704558749495,159.45655023308154,155.5725503736621,157.56765747070312,1984500,0.00807240857996167
2018-10-31,157.93938334696418,160.44274768259044,155.30705932657858,155.86842346191406,1885900,-0.01084272526120052
2018-11-01,156.14150682021966,158.53866821054098,155.38291232266735,156.35391235351562,883800,0.003109894630793228
2018-11-02,156.27045317677764,156.27045317677764,149.98171042116394,151.134765625,1797700,-0.03395018027105834
2018-11-05,151.24100390579144,153.98712426904,151.24100390579144,152.93267822265625,1212200,0.01182588657482176
2018-11-06,153.17540491647833,154.32847183417002,153.0692021461142,153.8429718017578,1051700,0.0059346056357773205
2018-11-07,154.37399713738347,154.88225411730886,152.7581869767844,154.34365844726562,1120800,0.0032492459884276
2018-11-08,153.9036505443613,155.58013784928244,153.5243533074718,155.54220581054688,845700,0.007735450228563532
2018-11-09,155.68634651063084,157.71938579649955,155.58773709646232,156.53598022460938,839700,0.006368774349466184
2018-11-12,156.9380271366162,159.41104093352155,156.9380271366162,157.65110778808594,775100,0.0070985237047343636
2018-11-13,157.60556084013092,158.47035795176657,156.42974883654446,158.07589721679688,664200,0.002690866972377252
2018-11-14,158.5082779058503,160.09373722715688,158.11380562571006,158.63723754882812,808000,0.0035447909051325153
2018-11-15,158.11384277955048,158.74347759044002,156.9987195370344,157.29457092285156,901900,-0.00849977541676992
2018-11-16,157.14286144008173,160.38206351348944,156.74080724171145,160.34413146972656,828100,0.019202031903905698
2018-11-19,160.59444398503882,161.65648316834628,159.28207881751098,160.86753845214844,731200,0.003258956598924923
2018-11-20,161.46684601590619,163.0902378036163,159.60069842898568,160.2379150390625,892900,-0.003921604028544992
2018-11-21,159.56274364755282,160.56409381373265,158.3034741628959,158.3186492919922,677700,-0.012049910032229785
2018-11-23,158.47034311833642,158.47034311833642,157.02901859226762,157.52969360351562,336600,-0.004995798440097348
2018-11-26,157.91656077617586,158.09103420945468,156.48281813262676,156.77108764648438,802500,-0.004827270407245385
2018-11-27,157.07455781073492,158.43244829651778,155.89873415174324,158.25038146972656,671000,0.009391770667861243
2018-11-28,158.0379826737459,160.13929253487856,157.75730643217955,159.58551025390625,657600,0.00840142143887131
2018-11-29,159.57791348906423,161.67922315284332,158.33381917472641,160.71580505371094,865100,0.007057726194610176
2018-11-30,161.4364668779982,161.80058893645133,159.78273669879863,161.77783203125,1703900,0.006586367572300667
2018-12-03,161.77027507483754,162.63507233086838,160.0027485232099,161.14064025878906,1355900,-0.003946461129585789
2018-12-04,161.23922039304807,163.93223246663052,160.1013289457792,160.6778564453125,1086200,-0.002876056766263903
2018-12-06,160.10132519626507,164.38737825050796,159.29721711106382,164.0308380126953,2026100,0.020652977927790094
2018-12-07,163.61363433347302,163.62122768560744,161.23164838488506,162.44540405273438,1486700,-0.00971247655286656
2018-12-10,162.53644538077273,162.8778221491105,160.30618738404536,162.293701171875,774500,-0.0009343062751245834
2018-12-11,163.12835555091962,164.23104170593047,161.351814722429,161.37478637695312,1623000,-0.005678138584288286
2018-12-12,161.62745329607904,162.56166098660253,156.38204180626389,156.43563842773438,1619400,-0.0310848560595886
2018-12-13,154.8735333107294,157.1325021642777,152.02493141717926,152.42312622070312,2154500,-0.025984290743265418
2018-12-14,152.4767095596739,156.26719565909426,152.27761801749804,155.8077392578125,1598700,0.021962427919774805
2018-12-17,155.83840746358015,156.44335894923856,152.50738852583177,152.82135009765625,1642900,-0.019353213773253174
2018-12-18,153.64831888131113,157.10187203209804,153.64831888131113,156.32080078125,1515600,0.02264071824469416
2018-12-19,156.1064225880207,157.44649047142659,154.8735596679087,155.63931274414062,1186900,-0.004369078556076318
2018-12-20,155.17986191613429,157.1019096860286,153.96231728454123,155.39427185058594,1364100,-0.0015756558544680092
2018-12-21,156.12937323702232,160.29507128070847,154.88885715947723,155.67758178710938,2540500,0.00182150851350298
2018-12-24,155.48615504193933,156.22127140726715,150.57002199262757,150.60064697265625,829300,-0.033155473765599866
2018-12-26,150.66188521126344,153.66363521969038,149.88081397053912,153.45687866210938,1014400,0.01878799546986587
2018-12-27,153.45686070309324,154.5825182850757,149.85782478014843,154.4600067138672,1036100,0.006515599814216895
2018-12-28,155.34062716150842,157.04825278430815,153.96993466990753,154.60549926757812,1208400,0.0009414998545129077
2018-12-31,154.82759664234052,155.29470642675463,153.23482904441147,154.99606323242188,1215100,0.002523011633860837
2019-01-02,153.8397774367117,154.0695056801906,148.47185295922327,149.36778259277344,1222700,-0.03698811394829626
2019-01-03,149.41371250905678,153.6559904136433,149.37543420896196,152.231689453125,1217000,0.018992028891799913
2019-01-04,151.94836053920642,153.41861656564384,150.18713800581244,150.5470428466797,978500,-0.011128020638448248
2019-01-07,150.39389156162483,151.94836928958605,149.42139361894522,150.12588500976562,732700,-0.002801436866002395
2019-01-08,149.7583377312863,152.83665674667338,149.7583377312863,152.82135009765625,1135600,0.017795417206437132
2019-01-09,153.6100755211362,153.64835382831183,150.36327819213278,151.75694274902344,713100,-0.006989412619483951
2019-01-10,152.10147284328258,154.9271023672023,151.84877303302977,153.85504150390625,964500,0.01373069006512544
2019-01-11,153.9086746085745,154.67442748385272,153.22715501695535,153.6865997314453,829100,-0.0010954080145203218
2019-01-14,153.78616514356182,155.53208092110103,152.9668038849509,153.8780517578125,741300,0.0012449548422940884
2019-01-15,154.14608358192498,156.3667626419229,154.0005886401974,156.2212677001953,484500,0.015112967973424651
2019-01-16,155.74648224316084,156.8491682913619,154.39109633520854,156.4509735107422,556900,0.001469307610951122
2019-01-17,156.19064453861887,157.224415790162,155.3330048946188,156.9334259033203,483100,0.0030789839865877915
2019-01-18,156.97933261560263,156.97933261560263,155.00368888103677,155.54737854003906,669700,-0.008871306228922399
2019-01-22,155.73117043129662,155.83072205173357,153.0816718232492,154.30686950683594,919400,-0.008007091519953624
2019-01-23,154.02356943905085,154.666799202749,151.94072018896364,154.55194091796875,918200,0.0015869481736859624
2019-01-24,154.85821208036518,156.68836111944623,154.11543080198234,155.16452026367188,630800,0.003955748055278072
2019-01-25,155.3253260421492,157.50006162243656,155.3253260421492,157.4694366455078,884500,0.014745411324412512
2019-01-28,157.70681963547085,159.6518386954479,156.72665678229572,159.4297637939453,919200,0.012372086461691377
2019-01-29,159.69015486725934,161.19868948963813,158.9167484013331,161.1144561767578,845200,0.010511547487035129
2019-01-30,160.53244772894192,162.31665350189135,160.31038451493984,160.9995574951172,753800,-0.0007134038361383136
2019-01-31,160.86174614078095,162.9752203171462,160.1649080726245,162.7378387451172,848300,0.010738938261277378
2019-02-01,162.7454622769217,163.21257201150542,158.9090444690688,160.42523193359375,652900,-0.014312565384194825
2019-02-04,160.02705803632568,160.6626344259511,159.22301505260853,160.18020629882812,854700,-0.0015285185667614988
2019-02-05,160.18020209148762,160.4099303214389,158.84013438197883,160.0270538330078,1139300,-0.0009565834168518638
2019-02-06,160.43293651150472,160.43293651150472,159.08521518851745,159.69015502929688,868700,-0.002107480730259957
2019-02-07,159.69011150160617,160.7927975946053,158.90905192278385,160.6855926513672,1286300,0.0062142083639284956
2019-02-08,160.6013570540221,162.7224959195404,160.23379892312389,161.24459838867188,1148300,0.003472841719682892
2019-02-11,160.8387797921017,161.68111289583732,160.4176249246992,161.1986846923828,748400,-0.00028478618726772957
2019-02-12,160.98427825233935,161.053204914663,158.80954215384682,159.0775604248047,1013900,-0.013245785865041288
2019-02-13,158.74060240291436,159.73608365966157,157.89826941232894,159.24600219726562,608600,0.0010583054976819868
2019-02-14,159.5140180448371,159.98112787877395,158.28115515096863,159.39149475097656,454900,0.0009132168386690348
2019-02-15,160.02708683386916,160.07303015244122,158.648728854379,159.0775604248047,641800,-0.001971522336350993
2019-02-19,159.2766328650723,159.44509946920593,158.48790816593026,159.2077178955078,774600,0.0008178667806772715
2019-02-20,159.13111764045337,159.13111764045337,156.45098233279307,157.45411682128906,898000,-0.011075657424676961
2019-02-21,155.52443876168343,155.8460536191092,152.7906949468692,153.51815795898438,1306300,-0.02531524113005888
2019-02-22,153.7861627720613,155.08794041987665,153.00509150958712,154.02354431152344,780200,0.003286622944044071
2019-02-25,154.19198040981001,154.68971504354772,152.8365947161404,154.2302703857422,945500,0.0013412719995931392
2019-02-26,154.62847613138484,155.60865058448752,153.74021165537167,155.21810913085938,818700,0.006384535619193876
2019-02-27,155.60098172069056,161.15269005935923,155.20278695440575,160.50946044921875,1908600,0.0335216009553671
2019-02-28,160.43288229985066,163.1436540487821,159.77433435313765,161.94908142089844,1813900,0.00892908916746608
2019-03-01,161.60451732207648,162.91396016894646,160.23382451399317,162.3396453857422,1001500,0.002408743329001066
2019-03-04,162.74546541363202,163.0287902519763,160.40226337298708,162.60763549804688,1048100,0.0016494378554861822
2019-03-05,162.01803438775147,163.81754707419066,162.01803438775147,163.2202606201172,595000,0.0037604259873783036
2019-03-06,163.44997807881245,164.21573109083263,162.56936678877474,163.26620483398438,838400,0.0002814463632149149
2019-03-07,163.74858190295578,164.69046629402186,163.4269671173945,164.00128173828125,1025500,0.004492216126632145
2019-03-08,164.27701254611762,165.39501721966502,163.08243957281206,164.1162109375,1057700,0.0007005368898905587
2019-03-11,164.43013214208707,167.600348973702,164.43013214208707,167.57737731933594,956700,0.02087041858157029
2019-03-12,168.10292893041822,169.07667278328267,167.41512320585235,168.6825408935547,1415900,0.006573293417974354
2019-03-13,169.0457520181308,170.22042368048244,168.4197612417747,169.35487365722656,836100,0.003977865297041099
2019-03-14,169.82626938641755,170.12766707200106,168.69795314753162,168.9143524169922,1518100,-0.0026045614280590904
2019-03-15,168.94529834833233,169.0225846616205,166.92052429632835,168.18020629882812,1677900,-0.004355734970458246
2019-03-18,167.94833155679055,168.72114733949124,167.35326010228576,168.28836059570312,833200,0.0006428790754403026
2019-03-19,166.5727111797245,168.17244553482058,166.37950723107426,168.0719757080078,970900,-0.0012866256463147398
2019-03-20,168.34246191129478,170.25131782150845,167.36871827867992,169.1307373046875,1213900,0.006279694884629784
2019-03-21,169.0766540170025,171.65785617620568,168.52022565077215,171.58058166503906,783000,0.014381010817891716
2019-03-22,171.90515890417933,174.70274849697927,171.58057766348713,171.65785217285156,1197600,0.00045024392084458723
2019-03-25,172.05200011423642,173.84492679236521,171.6733160944871,173.29623413085938,739800,0.00949920202698796
2019-03-26,170.80001820368815,171.85878388384748,169.76444784672174,170.1894989013672,1109300,-0.018089950484444582
2019-03-27,170.11226498499715,170.61460249234483,168.2961543446275,169.40127563476562,1262100,-0.004642203152889839
2019-03-28,169.7567195776812,170.28996436053157,168.97616808129834,169.2466583251953,959500,-0.0009131449201893429
2019-03-29,169.2621288964159,169.57897442931304,168.11062904744975,168.3038330078125,1043700,-0.00558629179016758
2019-04-01,167.97151288580767,168.8911537496949,167.00549317009043,168.71340942382812,777900,0.0024305974062446122
2019-04-02,168.89889435252977,169.7335368261821,167.30689570161692,169.57896423339844,695900,0.0051172108255700555
2019-04-03,169.45530763906828,170.12765354755973,167.6932887261559,169.17709350585938,577200,-0.002372627186323443
2019-04-04,169.62528732194966,169.62528732194966,167.66232924436193,168.2574005126953,734300,-0.005451104062091108
2019-04-05,168.14153662911315,169.0379939809557,167.85558676887942,168.9143524169922,679100,0.003896843255269629
2019-04-08,168.79841237221396,168.82159590101568,167.43826091617407,168.4738311767578,604900,-0.0026113628869641483
2019-04-09,170.08904624196376,170.64547462562567,169.25440366647092,169.55580139160156,791200,0.006401651249633353
2019-04-10,170.31318423208825,170.31318423208825,168.83710292533914,169.6331024169922,563000,0.0004557992661960585
2019-04-11,169.67943003666645,170.83865370165614,168.93753349472348,169.7412567138672,450700,0.0006373746137652045
2019-04-12,169.33165123311844,171.4027916822927,168.37335550444007,171.37960815429688,553400,0.009605768551909397
2019-04-15,171.5728388141225,171.93606319895824,169.50942195538124,170.4445343017578,513600,-0.005471095038950572
2019-04-16,170.51410045133258,170.97005900419379,167.07507203971318,168.0410919189453,685600,-0.014201387534523973
2019-04-17,168.40427716624563,168.5356544241948,166.73499237307016,167.46144104003906,673100,-0.00345542223209897
2019-04-18,167.716507693894,168.81390484226117,166.92823218453023,168.04881286621094,866300,0.003501367957674544
2019-04-22,167.6237934052385,167.77063033876084,164.33932525392882,165.6531219482422,920200,-0.014358514753689282
2019-04-23,166.15537643432617,167.16776312026195,165.35937720222864,166.92819213867188,1026700,0.007667757529819875
2019-04-24,167.51557395325696,168.95301203081985,166.68093134768156,168.64389038085938,640200,0.0102256014811992
2019-04-25,167.9560692259199,168.17245671942075,166.81230507566764,167.5387420654297,821100,-0.006574713800012593
2019-04-26,168.1415300854502,169.687161601056,167.04412133220535,169.2080078125,699500,0.009914153115898683
2019-04-29,168.99941935197137,169.9654394784818,167.50016602110693,167.84793090820312,677800,-0.008070377228067912
2019-04-30,168.01788934911482,171.43373384000276,166.37178788788827,170.931396484375,1018300,0.018203889533317832
2019-05-01,170.75366253115496,173.60535495171027,170.34407106724024,171.57284545898438,859400,0.0037456454315595356
2019-05-02,172.00563940346427,176.73526890715783,171.74287303707652,175.32101440429688,1122700,0.02161073026364173
2019-05-03,175.8155890047353,176.51885419089015,174.27768136559993,175.23597717285156,462100,-0.00048515496855848234
2019-05-06,173.88355442722832,176.29473594177125,173.0257284203647,175.2900848388672,712200,0.0003087226446721439
2019-05-07,175.3441933340498,175.49103023699615,170.9391452068309,172.052001953125,691400,-0.01864546117019752
2019-05-08,174.52500255856782,175.22053209765951,171.53420903134608,171.8046875,972700,-0.0014384742443938477
2019-05-09,172.18337908897493,173.14939893149358,171.21735924645625,172.2529296875,978600,0.002605624283325185
2019-05-10,172.70886437907632,174.61772026773787,172.59294673087126,174.27767944335938,731700,0.011685967960228368
2019-05-13,173.78310986616773,177.0057507950204,173.6980996443989,176.7429962158203,763500,0.014046792566610174
2019-05-14,176.29473502677197,177.3766842129325,175.2591646936939,175.97015380859375,622500,-0.004382278596653903
2019-05-15,175.86968905759355,177.5235143207123,175.4214544994468,176.5497589111328,595200,0.0032883567929752485
2019-05-16,176.44932266428583,177.18349537220993,175.88515859656061,177.06756591796875,640600,0.0029286312664888628
2019-05-17,176.64247721813143,178.04127164550025,175.98557920455016,177.84033203125,671700,0.004354748592317191
2019-05-20,178.1340705789504,179.22374386251988,177.593101790303,178.16497802734375,738100,0.0018238272121880257
2019-05-21,177.68581462523477,179.20053884408463,177.57762088047647,178.4663543701172,466900,0.00169012864062406
2019-05-22,178.81414133029025,179.89607884081235,178.0722329000505,179.10780334472656,431600,0.0035877853521651625
2019-05-23,179.1232615320144,182.0290449600669,178.99188424908954,181.1712188720703,724200,0.011454666864715005
2019-05-24,181.8358375854924,183.13417435564722,181.8358375854924,182.56228637695312,535700,0.007648865264549814
2019-05-28,183.54375737485776,183.89925784088237,180.27474975585938,180.27474975585938,781500,-0.012609335333383802
2019-05-29,180.71525893709537,181.14031002104676,178.0645061819487,178.9145965576172,634200,-0.007573496895078327
2019-05-30,179.03826953827638,180.70755481870526,179.03826953827638,180.2670440673828,526400,0.007530751845213155
2019-05-31,180.30564390292548,184.3474670443734,180.30564390292548,183.83741760253906,1026900,0.01961243739069332
2019-06-03,184.06157110189042,185.86223365801132,183.5437858369135,185.42945861816406,1073400,0.008622765714621738
2019-06-04,184.74162455775758,185.3366960423626,182.25315666820956,183.6983184814453,1184700,-0.009379694165809112
2019-06-05,184.56388161203049,189.28577499823282,183.71377948475708,189.25486755371094,1297000,0.029799773650747458
2019-06-06,188.98439164717593,189.67219731429338,187.53922971331033,189.12350463867188,759800,-0.0006943468758831193
2019-06-07,190.0122315117664,191.37239497087216,189.2935184230442,189.50218200683594,641200,0.0020002736622511236
2019-06-10,189.64901780528396,189.64901780528396,187.0678155204078,188.35069274902344,736500,-0.006094926884936605
2019-06-11,189.05193797479615,189.2857033670746,186.16107535601785,187.67274475097656,699100,-0.0036058855114665415
2019-06-12,188.5766357213512,190.33765819138364,187.9454774303336,188.51429748535156,487800,0.004474126132618767
2019-06-13,188.35065514233446,188.92727486243413,187.38443039536247,188.77142333984375,427700,0.0013630300862605925
2019-06-14,188.68571307757819,190.0259553447798,187.86755201859526,189.589599609375,549900,0.004324851108819048
2019-06-17,190.05713062516753,191.19477066667156,189.21558232457167,190.28309631347656,654000,0.0036512099025856966
2019-06-18,190.851951411837,191.755838110807,187.02603830929752,188.17147827148438,735200,-0.011159278269997035
2019-06-19,187.9844614218128,189.6052200703815,185.42865290786327,188.81822204589844,680600,0.0034310985597147525
2019-06-20,189.62082262652677,190.76626266655353,188.73252340056774,188.94290161132812,631400,0.0006600974115590041
2019-06-21,188.40520018668315,188.40520018668315,186.12212035726765,187.4000244140625,1237200,-0.00819936145716582
2019-06-24,187.7896357159738,188.41300617929855,186.44160556051838,186.90133666992188,666400,-0.002664633854200617
2019-06-25,187.66495332942824,188.11689660384664,185.53771313432634,185.77926635742188,630000,-0.006021637262129597
2019-06-26,185.4909980726256,185.639049919048,181.07287748474658,182.42869567871094,772900,-0.01819984089955049
2019-06-27,183.08321762383392,184.74292711791173,183.08321762383392,184.70396423339844,555100,0.012394962002275009
2019-06-28,184.5715274743708,186.63644176361163,184.5715274743708,185.58450317382812,1327300,0.004755970966939531
2019-07-01,186.51952432212582,186.51952432212582,182.15595474417893,184.24423217773438,686300,-0.007248094783092733
2019-07-02,185.84160415802168,190.24413635594908,185.84160415802168,188.9662322998047,1525900,0.025306107764367928
2019-07-03,189.82339880807686,193.18179289443202,189.37924328343664,192.92465209960938,941400,0.020731375031844544
2019-07-05,190.90645370486408,192.59733801090246,188.84155192071157,191.077880859375,833800,-0.009618610920247732
2019-07-08,191.35062335274637,193.31422417624412,190.7895911489464,192.1843719482422,919800,0.0057740836983802175
2019-07-09,192.58958826217753,193.5324259085664,191.95063021636378,192.8623046875,646900,0.003521305238566574
2019-07-10,193.43114776809108,194.71683986503277,192.19999420342114,194.46749877929688,706800,0.008288560638437456
2019-07-11,193.99217191446422,195.1064367663101,192.41036430824195,193.7350311279297,944100,-0.003773641149424825
2019-07-12,194.19475169074587,194.31942816647313,192.76879571034863,193.7739715576172,421800,0.00020097819430620907
2019-07-15,194.55318744643358,195.79992846094862,193.44671044370813,194.5142364501953,568800,0.003812970747955027
2019-07-16,194.5687990606233,195.3246339621298,193.5402477026774,194.0077667236328,603400,-0.0026071625766907985
2019-07-17,194.98954799517674,194.98954799517674,192.4649028835013,193.80514526367188,516200,-0.0010449444674734728
2019-07-18,193.1740098090459,194.06230899030203,191.90389333706048,192.89349365234375,767900,-0.00471505823166286
2019-07-19,194.0233491728915,194.3428282238779,190.11951016263407,190.18963623046875,922800,-0.014116530392803344
2019-07-22,190.75064631822892,190.75064631822892,188.84937165763225,189.04417419433594,701100,-0.006040946181966386
2019-07-23,189.30132021227843,190.70390089335035,188.56107293026378,190.345458984375,759800,0.006859912761264638
2019-07-24,190.74286534093474,190.74286534093474,188.28057007141817,188.73251342773438,695900,-0.00850988666129075
2019-07-25,187.7896384064152,189.01300399857482,186.36368246393872,188.6467742919922,722400,-0.0004543923845714801
2019-07-26,188.91953311065794,189.34031332705936,185.67801543906933,186.56631469726562,952000,-0.011089596694956018
2019-07-29,187.3455162924531,189.77666037818022,186.99487405493434,189.15328979492188,1138000,0.013770992780137594
2019-07-30,189.14547873952728,190.8987016015739,187.65718447863708,189.42599487304688,952600,0.0014406764254515194
2019-07-31,190.11952426016094,192.69870843563638,188.63901756497725,189.1610870361328,1166600,-0.0013994554637880414
2019-08-01,189.10652643670835,193.10387859062018,188.56886949322265,191.97401428222656,886300,0.014761056179913546
2019-08-02,192.76099181532965,195.87003239957554,191.98956956212317,194.44407653808594,736200,0.0127845769015879
2019-08-05,194.46746342706504,195.39471342555407,189.22337108047438,191.49087524414062,740600,-0.015304438859911187
2019-08-06,190.922051910644,196.34534726087355,189.95582715753324,194.86485290527344,805800,0.017466097631202927
2019-08-07,194.9038233841723,199.50895786413702,193.89863571098084,198.09078979492188,1256400,0.016419203656589065
2019-08-08,197.3973238871895,199.78949304872003,196.36876070308608,199.47781372070312,714400,0.006977560808070278
2019-08-09,200.02325494394094,201.5894511747376,198.65962529213462,200.29595947265625,890400,0.0040930493644981665
2019-08-12,199.93752179031452,202.04139862566294,199.47000285230598,201.57386779785156,637500,0.006359833686545146
2019-08-13,200.95054541275402,201.9401338825266,198.87004355503757,201.25442504882812,838800,-0.001585999899492774
2019-08-14,201.78425238108335,202.72711377733683,198.87780187096018,199.19728088378906,997400,-0.010274209001656712
2019-08-15,199.38427341974906,202.82836855908133,198.86220410773345,202.5556640625,695200,0.016719038156545796
2019-08-16,202.5946651669286,203.42062613024038,201.5427265726399,201.64402770996094,699500,-0.004510829260360931
2019-08-19,202.0102399913074,203.93489009496435,200.71674823366357,203.4206085205078,810200,0.008771894870004624
2019-08-20,204.47256123361726,204.90891706415823,202.75828919962825,203.01544189453125,611100,-0.001993754047044361
2019-08-21,203.58423600068699,204.8076016953969,201.95568957137846,203.4206085205078,461100,0.001993754047044336
2019-08-22,203.553101196402,204.54268964851826,203.0232201564283,204.0673828125,522400,0.003174448567240866
2019-08-23,204.269965303335,206.14786488716786,201.28560046471569,202.20506286621094,768600,-0.009167902032958572
2019-08-26,201.916680853577,203.8101553503422,201.8387551016128,203.5997772216797,375300,0.006873845303673458
2019-08-27,204.1374576191837,206.20235949737665,203.7634282342341,204.33226013183594,727800,0.0035912045650000335
2019-08-28,204.37906684936064,205.8361862386346,203.49075573398565,204.10633850097656,615400,-0.0011062698513630898
2019-08-29,204.16864543883844,204.97903069479094,203.1634814149788,204.34007263183594,604400,0.001144503415882208
2019-08-30,204.76084071336905,206.72444171582313,204.44136170073847,206.2880859375,781300,0.009488038649092275
2019-09-03,205.80500361133102,207.86213004742146,204.09075536086488,204.26995849609375,1221900,-0.009831222276947852
2019-09-04,204.2621519067032,205.85952313801195,203.140087433536,205.76602172851562,1153600,0.007297261427546349
2019-09-05,205.1582413010688,205.1582413010688,200.9037368800086,201.2388153076172,990200,-0.022247367765862162
2019-09-06,201.4414075284455,202.0881652955671,199.7349353288653,200.64662170410156,831500,-0.002947078831880718
2019-09-09,200.7557151581208,200.98946869209078,198.09080597282957,198.550537109375,1579200,-0.0105015970782825
2019-09-10,198.3089971923828,198.49601192193106,193.32205663580447,194.80255126953125,1613700,-0.01905717474403293
2019-09-11,194.9753428769708,196.15358400531332,193.03517152677844,196.13002014160156,972800,0.006791319379725021
2019-09-12,197.7795601797334,199.4291026341712,195.34453558709808,196.0436248779297,952300,-0.00044059699659418605
2019-09-13,195.13248412102328,195.53308188183354,191.1971621632205,191.22857666015625,1225700,-0.02486776140299392
2019-09-16,192.7995157557932,194.40978098533466,191.5034553434996,194.29196166992188,972600,0.015892535842826676
2019-09-17,194.80256265894573,197.18260913902841,193.85997201095986,197.0255126953125,1091800,0.013971241608565646
2019-09-18,197.5910413569741,197.8581064718473,194.6925662380642,196.74270629882812,1059500,-0.0014364107181246205
2019-09-19,197.49677920982896,198.55720105735992,196.1771548522419,196.67987060546875,707100,-0.00031943105242253914
2019-09-20,196.75054985761722,197.88951385364362,194.59044118092675,194.6454315185547,1251300,-0.010397781104836934
2019-09-23,194.77897857459362,195.15601239751567,192.62672036343903,192.79953002929688,922500,-0.009528658978900923
2019-09-24,193.23939473553435,195.09316124788293,192.713115139047,194.6375732421875,1364600,0.00948828590187394
2019-09-25,194.95962138315173,195.28952744683417,193.1451320400541,193.23153686523438,619800,-0.007250087718713177
2019-09-26,193.84422450917626,194.47262215866186,192.30466285290922,193.60072326660156,974300,0.0019087679674509772
2019-09-27,193.77353950558089,194.2212649055376,192.00617779828545,192.4539031982422,847600,-0.005941249570160123
2019-09-30,192.65027947796918,194.23698092277183,192.367501121328,192.65814208984375,893100,0.0010606726704517624
2019-10-01,190.86721297341984,191.44847092835525,186.32705809850995,188.69139099121094,1208200,-0.020804505211321902
2019-10-02,189.50828674611435,191.1421157787217,189.15481682717203,190.3094940185547,1350500,0.00853883419740424
2019-10-03,190.30952672061665,193.60074921359939,190.30952672061665,193.12159729003906,840100,0.014668365483557674
2019-10-04,193.31793483807493,195.17955184061353,192.28893958374877,193.87564086914062,783900,0.0038968987836653654
2019-10-07,193.09801656875018,194.5433228401329,192.43034178765086,193.7185516357422,707000,-0.0008105861493151755
2019-10-08,193.99346017853384,195.03030605825703,192.3596311693847,193.87564086914062,1065400,0.0008105861493150816
2019-10-09,193.87566269325768,195.61159797072847,193.74211814666242,194.27626037597656,505400,0.002064241591022807
2019-10-10,194.05631505164686,194.98319231382632,192.9330522835861,193.78138732910156,555400,-0.0025505144303642384
2019-10-11,194.00920756487847,194.7397113830763,193.01947724901078,193.2001495361328,481100,-0.003003958456295114
2019-10-14,193.60860527544457,193.60860527544457,192.50891819985694,192.70529174804688,523000,-0.002564659662129815
2019-10-15,193.05092354534594,193.8049913069798,190.08960689190422,190.7886962890625,1161200,-0.009995522621346313
2019-10-16,190.86718093458762,190.8985954191669,189.01341471655945,190.12881469726562,1417700,-0.00346469895908573
2019-10-17,190.498048412815,191.41707514835906,189.01346491913773,189.0605926513672,659800,-0.005634254813409509
2019-10-18,188.9270412918498,190.1995378782492,187.46602180959215,189.73609924316406,1609300,0.003566595602982725
2019-10-21,190.07384788949295,191.55058054688814,189.30406707232842,191.49559020996094,931700,0.009230625409659961
2019-10-22,191.77051714268546,192.90948111956303,188.86419155095675,188.94273376464844,774100,-0.013420807538483306
2019-10-23,189.31191884284956,190.0502851760123,187.1361089291368,188.84848022460938,822500,-0.0004989715933271036
2019-10-24,188.98988946293792,190.07386319480884,188.1886821071028,189.59471130371094,523800,0.003943693864582484
2019-10-25,188.56569493162388,188.74635520253855,183.7427620666587,183.80560302734375,1246100,-0.031010001636410968
2019-10-28,184.32404854692012,184.32404854692012,182.7059326171875,182.7059326171875,837000,-0.006000759065148888
2019-10-29,182.76090150821108,184.87388244739395,182.76090150821108,184.35545349121094,886200,0.008987771748628807
2019-10-30,177.96941092347248,177.96941092347248,171.42624337728074,175.36941528320312,2101700,-0.04997101302494459
2019-10-31,175.89567870858727,178.04008611727835,174.77242795843415,175.05520629882812,1204500,-0.0017933047464698342
2019-11-01,175.77000274427698,176.32769679452844,171.74041452818972,172.2274169921875,1399500,-0.016285593437145824
2019-11-04,172.0860232744771,172.0860232744771,169.18754855881411,169.76095581054688,1194400,-0.014424490089063921
2019-11-05,169.39969555448084,169.4546739203052,167.78942991895937,169.09335327148438,1607200,-0.003940356577787409
2019-11-06,169.75311785016657,170.22441906951434,167.51445503679648,168.48062133789062,919500,-0.003630212353940853
2019-11-07,168.0250452670705,169.6431611901552,166.579739004285,168.4649200439453,1166900,-9.31978140579237e-05
2019-11-08,167.70299827435267,168.2057140426796,165.62929423179293,166.01419067382812,999200,-0.014654267778025813
2019-11-11,166.32838161086113,167.5537505328814,166.0456032453419,166.1084442138672,822400,0.000567582770149039
2019-11-12,166.52475338602943,167.56946200357353,163.90905652899448,164.3018035888672,1347300,-0.010935851064458801
2019-11-13,165.69996915842563,167.44376692625602,164.9066244745954,166.27337646484375,961700,0.011928277570678344
2019-11-14,166.72900315017088,167.7658613006163,166.2577137973519,167.27099609375,636900,0.005981948345457521
2019-11-15,167.278769976683,167.82075064708633,166.2654762320792,167.4751434326172,1159500,0.0012197145243572093
2019-11-18,167.8993492791519,169.2896770712806,167.03530104998993,167.73439025878906,758500,0.0015467750872393165
2019-11-19,165.88063508458228,168.62201375554162,165.67641093737026,167.89151000976562,763300,0.0009362791270202387
2019-11-20,168.16641863408853,168.6062933852839,166.07700158022254,167.69512939453125,885600,-0.0011703722055165723
2019-11-21,167.43593863680192,167.43593863680192,165.15799837302606,165.61358642578125,943800,-0.012490342624957934
2019-11-22,165.62144621033113,165.62144621033113,163.2413998962878,164.18399047851562,746800,-0.008669590085670828
2019-11-25,165.0872839462417,165.4014887593599,163.5869874260336,163.70481872558594,826900,-0.0029227718701773276
2019-11-26,163.42202609699845,166.64254424646307,163.42202609699845,166.6111297607422,1681000,0.0175976125240751
2019-11-27,165.77063787434474,166.74465468683962,165.15795355242125,166.6189727783203,638100,4.707268352891699e-05
2019-11-29,166.6582903645576,167.09816516556148,165.37008045346502,165.48789978027344,420000,-0.006811526437371663
2019-12-02,165.2679412367826,165.9670304530188,164.05828568877507,164.1918182373047,725000,-0.007862711288254415
2019-12-03,164.89094420345165,166.901807476494,163.51632932696043,166.47764587402344,992000,0.013825673646236759
2019-12-04,165.2130050193513,167.36526355286654,165.2130050193513,167.27099609375,830200,0.004754186919490991
2019-12-05,166.86253027382912,167.83654741489542,166.63474222527236,167.67160034179688,1165600,0.002392078184935549
2019-12-06,167.8286899785688,168.70058900093014,166.9253644769081,167.97793579101562,1068700,0.001825329704327658
2019-12-09,167.95433483735016,168.06430351923495,165.91204561870438,167.59300231933594,1121000,-0.002294201295763156
2019-12-10,165.94348709236374,167.83653083937972,164.9773326597036,166.01419067382812,829600,-0.009465164215326161
2019-12-11,166.4069247155071,166.5090307950703,164.23895339594054,164.8909149169922,1001400,-0.006789137141689569
2019-12-12,165.14468050097437,165.7949749885202,161.67111880349103,161.98040771484375,1602200,-0.017808745661331348
2019-12-13,161.98043620841025,163.1382943449068,161.00498825501364,162.91622924804688,1394000,0.005760749818666944
2019-12-16,163.23344141812754,164.0106268321012,160.8622181651205,163.51100158691406,1447500,0.0036441383615436903
2019-12-17,163.61410571725875,163.85994922423396,162.16282310084594,162.7655487060547,964800,-0.004569462177264148
2019-12-18,162.80520953383655,165.6681201724783,162.51971108424135,165.1209259033203,1078000,0.014367275844933644
2019-12-19,164.95435841336476,166.7545848477849,164.26440895962233,166.6356201171875,693100,0.009131423370463717
2019-12-20,168.1027606048513,168.2455037548878,166.8180238506063,167.7300262451172,1658700,0.006546187073996571
2019-12-23,168.2375980207257,168.91962138924734,165.9932654487415,166.72286987304688,1095000,-0.006022728032325275
2019-12-24,167.3096985050846,167.3096985050846,165.86634222253176,166.42941284179688,401200,-0.0017616995132437889
2019-12-26,166.56426079090272,167.62694469691849,165.3905503887507,167.6190185546875,916700,0.007122384839883134
2019-12-27,168.0631785519179,168.34867707673422,167.16702805160855,167.84112548828125,542700,0.0013241928735381588
2019-12-30,167.48421190751995,168.1979519839049,166.4135896919613,167.5000762939453,621800,-0.002034043595654554
2019-12-31,167.53969931247022,168.89581981854334,166.78630440953174,168.8878936767578,764900,0.008251337032074813
2020-01-02,169.56990690059712,169.8395409170025,167.0162856841012,167.6665802001953,862200,-0.007257778056436919
2020-01-03,167.44452599403022,169.61748669475088,167.14316321264394,169.4747314453125,773400,0.01072647296172039
2020-01-06,168.72925936618728,170.4501758604785,168.54686131313693,170.07745361328125,1134300,0.003550104093045765
2020-01-07,169.09406192394377,170.22811721277688,167.94414225246885,169.40335083007812,1164300,-0.003971380180367668
2020-01-08,168.92756844019172,169.85543544576112,168.22175445641764,169.7126922607422,1262100,0.0018243991858741702
2020-01-09,169.50649740062906,170.3153996213234,169.01479821244317,169.7840576171875,1063500,0.0004204185019275134
2020-01-10,170.14093653351725,171.60015768616307,169.673039951894,171.1560516357422,1013200,0.008048342728323967
2020-01-13,171.35425411284902,172.82138879405468,171.0925462603038,171.9173126220703,812500,0.004437897633878404
2020-01-14,171.58428687552149,171.87771148335543,170.0536941865626,171.5446319580078,1134900,-0.002170143249962953
2020-01-15,172.05216265689978,173.43999989536448,171.94907440499478,173.0831298828125,827700,0.008928521237722496
2020-01-16,173.25758682407857,174.55818798238772,173.17827700549486,174.48681640625,691700,0.008077189468811455
2020-01-17,174.47096274906215,175.30366749146958,173.67791291838458,175.0657501220703,996100,0.0033124302357029423
2020-01-21,175.494037524222,177.04049477857663,174.76443294163093,176.5725860595703,834600,0.0085704259508175
2020-01-22,177.23871285410826,177.25456513818068,174.47096455996322,175.25608825683594,1199400,-0.007483778573219193
2020-01-23,175.50193811930265,177.1752738239705,175.06575827192844,177.00872802734375,895000,0.009950776525864038
2020-01-24,177.1990440972368,178.27759227792416,176.794580966367,178.01588439941406,644600,0.005673742262514449
2020-01-27,177.60350646519453,179.08651787142594,177.4607633047015,177.84934997558594,636800,-0.0009359410242892783
2020-01-28,177.62728123730597,178.4599859025989,176.60425237490307,177.4686737060547,774000,-0.002142736308377228
2020-01-29,177.64319897267015,177.64319897267015,174.66926148986875,176.12054443359375,785600,-0.007625435029096586
2020-01-30,175.77153504034095,177.82553085929763,175.01814024546636,177.72244262695312,609500,0.009054350068960819
2020-01-31,178.00002612525122,178.20622681896182,176.48529809505575,177.45281982421875,1301500,-0.001518252440587819
2020-02-03,178.01591043495335,178.753441026911,177.41319687267674,177.78591918945312,838900,0.0018753555075886762
2020-02-04,178.01587135432018,178.63444916693095,176.0253209164038,176.9690399169922,1268400,-0.004605323732665967
2020-02-05,176.82630832325566,176.9690514734973,174.59784040396968,176.16807556152344,960700,-0.004536287429866332
2020-02-06,176.22360206207563,178.31725305811108,176.1760089090692,177.6669464111328,482900,0.008472195921993423
2020-02-07,178.57898216721244,179.18963401778987,177.5242363811904,178.61863708496094,426100,0.005342303934629382
2020-02-10,179.07064515541302,179.61785144713795,178.49964833804611,179.5623321533203,478300,0.005269388007708712
2020-02-11,179.54650243992228,181.0057235332929,178.89620777850234,179.51478576660156,744800,-0.0002648254908140667
2020-02-12,179.41960505079746,181.8383974479747,178.61069080366357,180.2205810546875,883700,0.00392397444794116
2020-02-13,179.97475394611666,182.052540900744,179.97475394611666,181.25949096679688,521500,0.005748105375907279
2020-02-14,181.60048092511374,184.78060631696283,181.33083479211257,184.6378631591797,607600,0.018466753922810164
2020-02-18,184.85199903432076,185.07405203914027,182.9169553343383,183.7972412109375,643100,-0.004563210166198219
2020-02-19,183.47206385703512,183.47206385703512,173.23378871634085,173.519287109375,2025300,-0.05754444197110565
2020-02-20,173.50344466375537,176.53290088960233,173.130710267361,176.35842895507812,1110500,0.016229694175626995
2020-02-21,175.93015268918208,180.3236550570912,175.88257164059468,179.04684448242188,1379200,0.01512902034241823
2020-02-24,178.61861880985074,180.57745295658822,177.69869015750922,179.6020050048828,1636000,0.0030958469079440756
2020-02-25,179.43543806976723,180.15711627059807,173.94753506865064,175.16883850097656,1644600,-0.02499301928453355
2020-02-26,174.37579822424158,182.36974185876517,173.67791051060684,180.9977569580078,1829700,0.03273433844630026
2020-02-27,180.3871232308021,181.63220519606514,167.48419885274194,167.57936096191406,1764900,-0.07702760284543332
2020-02-28,165.54913527932516,168.68167937100165,162.09936402712492,165.84255981445312,2460300,-0.010418132391477921
2020-03-02,166.81012732683212,174.31238534683288,166.49291218009733,173.87620544433594,1548300,0.04730467958612899
2020-03-03,173.0196812853366,175.36711412456305,169.6730100090029,172.66281127929688,1764300,-0.0070029581972533405
2020-03-04,174.4709945662162,179.48307621858993,173.81276163459853,179.29273986816406,968000,0.03767926341464756
2020-03-05,177.71454693816725,182.0683951904318,175.77157712794758,181.656005859375,964300,0.013094932671854067
2020-03-06,178.42830726230818,182.43319970906228,176.39808928629543,181.56085205078125,1084000,-0.0005239504097803755
2020-03-09,175.02606682123587,180.6487863045034,174.47093444999967,177.294189453125,1697100,-0.023780430379396363
2020-03-10,179.89540479429508,182.36972827608818,173.31308936097196,182.314208984375,1511500,0.02792118137156591
2020-03-11,179.26894168586955,180.81538665150848,174.51856818020676,174.81993103027344,1575500,-0.04197514287894869
2020-03-12,167.341437876775,173.35275695425207,159.55369495015125,159.80746459960938,2334400,-0.08978673425482324
2020-03-13,165.18219450492,170.97342015455015,162.41874739226083,169.28330993652344,2419500,0.05760395712751636
2020-03-16,159.95169087997235,165.00599889041828,149.6268014382936,149.76296997070312,2003900,-0.1225198574386601
2020-03-17,153.279352819607,164.83777637458564,152.58248676560729,158.8863525390625,1744200,0.059135338681674136
2020-03-18,152.74265490271065,162.92335558855768,149.8350216969218,152.15792846679688,2085800,-0.04327019822225349
2020-03-19,152.17393402193218,155.05753810444102,147.43201681469617,150.26756286621094,1939000,-0.012501526986623709
2020-03-20,149.19421785356846,152.1899614956643,135.48911083209376,137.14718627929688,2396600,-0.09136275601235382
2020-03-23,136.42632041360434,138.71716858863846,124.45136111442328,128.6486053466797,2143000,-0.06397000353797704
2020-03-24,130.56294917977107,136.52238881568945,127.42303186862505,135.08859252929688,1876900,0.04884610617399483
2020-03-25,133.94318159270676,149.85103740400217,132.17296673541873,141.4084930419922,1549800,0.04572201144065793
2020-03-26,141.4084672667713,151.66126482763562,139.37393361366424,150.40370178222656,1575500,0.061670208521684755
2020-03-27,148.0247662985285,158.55790883754136,147.0154987227143,153.40748596191406,1750000,0.019774663889107934
2020-03-30,156.8838275244713,162.59496023558123,152.4462938346932,161.50559997558594,1238600,0.05144212881729021
2020-03-31,159.75145566925437,161.5376824003498,153.8721180978987,159.0866241455078,1619000,-0.015090957019043503
2020-04-01,154.0002393665487,157.8850938459556,152.3021234566828,157.4925994873047,1563900,-0.0100703900343881
2020-04-02,155.50613447326958,157.1321634428089,147.968721784105,154.48886108398438,2148500,-0.01925647258462471
2020-04-03,153.09509143020816,157.79695621439888,152.9589229346671,155.45803833007812,991400,0.006253848040962744
2020-04-06,160.03175695432174,164.1088555383731,157.7969727185009,163.1876983642578,1296300,0.04852521678308663
2020-04-07,162.13039052795182,170.05227894430516,157.76494357568706,158.00523376464844,1234500,-0.03227290444792372
2020-04-08,158.84627989304454,161.52161648556083,154.83327500427015,159.45504760742188,1363300,0.009133891749101628
2020-04-09,160.64850883663155,167.82547201608335,160.43223548063642,167.08053588867188,1613200,0.046713897681409135
2020-04-13,165.71887828967198,166.5038548142771,160.37621011811856,161.3454132080078,771500,-0.03492845649980874
2020-04-14,164.98990968898318,168.42620514035255,161.58566106910408,164.10079956054688,988700,0.016933379980632064
2020-04-15,162.45874693614448,163.7803914051077,154.00819859738397,156.4352264404297,1214200,-0.04783883473724643
2020-04-16,158.76620348024517,160.19998799499314,155.20976179119006,155.36195373535156,1097200,-0.0068844557446930766
2020-04-17,157.95713762910165,158.7100792990139,155.44199907219704,157.3804168701172,859600,0.012908331915417676
2020-04-20,155.99472817224466,157.56469333037296,154.12039136786316,154.84930419921875,813500,-0.016213498892486605
2020-04-21,152.87078743221917,154.3286004333449,150.37166022384207,152.91082763671875,891500,-0.01259748744378237
2020-04-22,154.64903766207487,156.27506628259624,153.77593858882557,154.60096740722656,766700,0.0109924680394405
2020-04-23,153.94419195556642,155.0415580444336,149.9231685333252,150.1875,1055700,-0.02896288012235068
2020-04-24,150.61999929852402,152.0217489697832,149.6748253868871,149.97119140625,603000,-0.0014412951374619613
2020-04-27,151.3008532591473,155.03351529814427,150.25154546612976,154.56092834472656,1131600,0.030145158458104566
2020-04-28,155.8745919705421,158.54191099386824,152.7186502765298,152.99899291992188,1051100,-0.01015703766929046
2020-04-29,154.96941592596983,155.13761902173442,149.53062101358168,149.5626678466797,1002900,-0.022715851228980375
2020-04-30,148.44930934049785,149.1381697267157,144.55644943183196,148.54542541503906,1572900,-0.006824681401889037
2020-05-01,144.42823615752258,149.55464093930826,140.97592983142084,147.6722869873047,1570100,-0.005895265002332057
2020-05-04,147.59222277823216,147.59222277823216,143.09861328863505,145.0530548095703,979800,-0.017895970779186497
2020-05-05,145.7259120662898,146.94343538771253,143.33093008687482,143.73143005371094,1227200,-0.009153081637989901
2020-05-06,144.02772337652073,144.99693818456723,140.81571966474863,141.04800415039062,720600,-0.018846201693825927
2020-05-07,142.57798059636747,147.56020089611349,141.93717823911712,146.99148559570312,1256500,0.04127437657974188
2020-05-08,148.7937448482196,153.51163401841586,148.13693125127142,152.4623260498047,1126700,0.03654285924755122
2020-05-11,151.2447974450021,152.422255979229,149.23428000054992,149.73089599609375,700500,-0.0180778670207727
2020-05-12,149.73890663323505,150.4598015742651,140.0307928344421,142.95443725585938,1333900,-0.04631369730916917
2020-05-13,142.48188301970848,144.1639756758106,141.0881386284039,141.45660400390625,1081500,-0.010532974340266944
2020-05-14,140.17495309840368,143.3789520263672,137.86006436184147,143.3789520263672,1023400,0.013498154772840238
2020-05-15,141.56870807845192,141.67282974058074,138.7011273474979,140.95193481445312,1404400,-0.017072194911817586
2020-05-18,144.17197221709404,148.5454246996931,143.92365198857803,146.871337890625,1083400,0.04113800665499723
2020-05-19,145.92615446329305,147.75244546162634,145.39750382349254,147.0475616455078,725100,0.0011991319801292735
2020-05-20,148.00072465970865,148.51336400191522,145.24528361199106,147.3198699951172,949500,0.0018501260534624776
2020-05-21,146.6871031041118,147.64029485949018,145.5897250234244,146.39874267578125,561000,-0.006272195900382572
2020-05-22,147.39997978326903,149.43451380312095,146.58295660291424,149.3624267578125,622000,0.02004173360030052
2020-05-26,152.45427761635722,154.76116071264647,151.26880145733557,154.17642211914062,1100600,0.031721798082555784
2020-05-27,154.79321368130118,158.38168941710595,154.79321368130118,157.77293395996094,885600,0.02305932764105067
2020-05-28,159.03049565259235,161.24926853113476,157.79696133267117,161.1531524658203,756900,0.02119829784334474
2020-05-29,160.25603115997995,163.50808829718525,158.71810083340205,162.3946990966797,1202900,0.007674615787149353
2020-06-01,162.0022287950937,165.19822277678588,160.74465309300194,164.020751953125,1236800,0.009963169954148737
2020-06-02,166.05523725316039,167.4650044744259,163.08353536451378,166.39967346191406,1193400,0.014399609898179134
2020-06-03,167.13659454290774,171.1015404760378,166.20743198976115,166.57589721679688,1189600,0.0010584786804431223
2020-06-04,165.71085963458128,166.19947005189172,159.3429007896518,160.71261596679688,901200,-0.03583326870801594
2020-06-05,164.99793554862663,166.3356036048329,162.9473660132993,165.30230712890625,1135400,0.028158185962935813
2020-06-08,165.47056652029602,168.96292669373491,164.28509004961717,165.5506591796875,1161500,0.0015012837889768235
2020-06-09,163.9406309454285,169.55563525800997,161.8980789692817,169.3073272705078,901700,0.022438322263501013
2020-06-10,168.4903192413555,169.6037085169037,164.5173547041095,164.58143615722656,879000,-0.02831006766989983
2020-06-11,161.0410231961934,162.2745575943513,155.8665587581718,156.9398956298828,1306500,-0.0475425986676815
2020-06-12,160.49254392816349,161.0509232853961,155.0462120202865,158.9954071044922,916900,0.013012414000612597
2020-06-15,155.8473525578896,162.20003860588102,155.04618040262739,161.19656372070312,1108300,0.013749197308483063
2020-06-16,165.50186724541734,166.100724485553,159.73993619889632,160.92955017089844,875600,-0.0016578203346086645
2020-06-17,161.29370866465635,162.07060417978016,159.36766471858704,160.0393524169922,698600,-0.005546955042979906
2020-06-18,158.9387373250546,159.48904081716464,155.9849418098819,158.8335418701172,766900,-0.007562990245024325
2020-06-19,160.88909186401935,160.88909186401935,154.1317735169629,154.23696899414062,3654200,-0.0293665679154073
2020-06-22,154.5687841607566,155.47515213735167,151.412672564872,153.97802734375,976700,-0.0016802667903230409
2020-06-23,155.19187818745087,155.7664461853431,152.18951651886022,152.33518981933594,630900,-0.01072662349822672
2020-06-24,151.33172148863605,154.50402133429805,150.8137952352287,153.3144073486328,1174000,0.006407473712213902
2020-06-25,153.12825818860458,154.68203671856548,151.27504490534338,154.593017578125,827700,0.008305207835051912
2020-06-26,154.2855017261483,156.4219488461508,152.6508044881044,153.17681884765625,1370100,-0.009203037844260317
2020-06-29,154.37450029871798,155.15948382800732,153.0554143218535,154.649658203125,772300,0.00956935614421875
2020-06-30,154.80347063323822,156.6728731837586,153.0230996001283,155.28903198242188,1064900,0.004125813952970626
2020-07-01,155.1109521641509,161.9492006378151,154.74678742381795,161.1723175048828,678500,0.03718598473858769
2020-07-02,162.66942692896933,163.4948759862334,159.85320422271585,161.3341522216797,895900,0.0010036061014078487
2020-07-06,163.66482762652345,164.75732175675637,158.36416954057725,159.0439453125,871800,-0.014297144143881751
2020-07-07,157.53874272445438,158.72026850775606,157.06128198495892,157.36880493164062,635000,-0.010588423065714843
2020-07-08,157.166498852126,157.86246342793072,156.211564969819,156.47862243652344,869400,-0.005672723780075337
2020-07-09,155.98496598813725,158.86593147760598,155.41848609105108,158.105224609375,555800,0.01034138710183618
2020-07-10,158.12948127666547,159.327195590187,156.97224480218273,157.34449768066406,630400,-0.004823135667372669
2020-07-13,157.54683754913836,158.08095247439084,155.86358647592272,156.0982666015625,525800,-0.00795193118514678
2020-07-14,156.23582797755955,159.35957395797234,156.1468088298664,156.86705017089844,588700,0.004912909351023891
2020-07-15,158.31562975531367,158.31562975531367,154.69013395759018,156.02542114257812,982400,-0.005379682384711083
2020-07-16,155.69361626180094,157.59538324373554,152.36755534442526,152.448486328125,621300,-0.023192205603453617
2020-07-17,152.70744598550172,156.17107975856828,151.6149517759838,155.62078857421875,837900,0.020595461069967482
2020-07-20,155.62078068500026,155.798818964637,151.9467314761339,151.97100830078125,479500,-0.02373243769153686
2020-07-21,153.09587583629252,153.33865642483573,151.09701401801004,151.20220947265625,581400,-0.005071691237729599
2020-07-22,150.07734510774208,153.11207173710463,149.06576956462123,152.39183044433594,698900,0.007836959254339951
2020-07-23,152.86933254024626,153.759524198626,150.0531089229849,151.34793090820312,534200,-0.0068736713402663616
2020-07-24,151.89821398237936,152.33522162671872,149.76176646654508,150.00454711914062,518700,-0.008915756702735792
2020-07-27,149.92360311306467,151.08894026576155,148.27271704563466,150.1744842529297,472500,0.0011322386588213465
2020-07-28,150.49008582702558,156.92370423889426,150.49008582702558,156.89132690429688,800500,0.04375553393127594
2020-07-29,157.13412136881809,160.13648347806992,155.9202305294715,159.2948455810547,806500,0.015203479359142555
2020-07-30,157.57920798929763,160.4925507737692,156.79422430426877,159.9989013671875,1001800,0.004410089041538665
2020-07-31,159.44860734464706,161.85211219866412,156.64047221013334,161.7550048828125,1761600,0.010915926235624152
2020-08-03,160.91337754544617,161.04286220730418,158.20236189718975,158.485595703125,658400,-0.020419164647833027
2020-08-04,159.06826059242226,163.47064020537005,158.65554213433467,162.96890258789062,1018900,0.0278956905932762
2020-08-05,163.29256502186973,163.45441463467864,158.52602168689364,159.4000244140625,905500,-0.022142481417889954
2020-08-06,156.1710819172112,158.979216733715,150.70857374911336,158.67979431152344,1593700,-0.004528620120079157
2020-08-07,157.490179640158,163.3573180133666,157.490179640158,161.24514770507812,966500,0.01603756407338967
2020-08-10,161.9330400321369,164.92730157967796,161.57696341651894,163.86717224121094,645100,0.016130310827317067
2020-08-11,165.23479570049548,165.46139999100436,159.92604902955605,161.0347442626953,653500,-0.01743602972272347
2020-08-12,161.47173649651143,161.92492037248567,158.016190919706,160.5410919189453,509700,-0.0030702103577390553
2020-08-13,159.7884984049869,161.6740770305601,158.94687283845934,159.6671142578125,554500,-0.005458822194802659
2020-08-14,159.8775312487466,164.182803812688,159.8775312487466,162.04635620117188,642000,0.014791331665691113
2020-08-17,161.09950632583553,161.98159737657406,159.78849581591226,161.86830139160156,816600,-0.0010993934564592798
2020-08-18,161.87640858205293,163.6729682323467,160.46020242923905,162.6128387451172,594000,0.004589102835721893
2020-08-19,163.27642369167364,163.27642369167364,158.9630629614066,159.77232360839844,769900,-0.017622328676230894
2020-08-20,159.55381345027615,164.619780062121,159.47288245571417,164.49029541015625,584400,0.029101749605612105
2020-08-21,165.37238513900363,167.2822403785755,164.2475135581754,167.1527557373047,752600,0.016056525344807112
2020-08-24,166.20592145560914,167.1689434032481,164.6764196412222,167.1608428955078,483800,4.838067154768522e-05
2020-08-25,167.18512007090612,167.3631583648748,165.5585109469212,167.32269287109375,469900,0.000967760567627673
2020-08-26,166.68337549648962,168.8845649033662,165.25098104570324,168.7388916015625,645400,0.00842825945758323
2020-08-27,169.29728283530415,171.91119061837784,168.9816717552942,170.9724578857422,499900,0.013149978495025832
2020-08-28,171.5389626438687,172.89851446343374,169.15973461129363,172.72857666015625,589900,0.010218962878141499
2020-08-31,172.29154734508077,173.70775315296112,171.174776304877,171.8869171142578,869900,-0.0048846394580714676
2020-09-01,171.29616507196286,172.8661323857902,168.4799420467306,172.69618225097656,478800,0.004697076705611137
2020-09-02,171.7817316528772,173.41642898977906,170.1874874627452,173.3112335205078,1053800,0.0035551371982158572
2020-09-03,173.92624379967745,176.98524712580658,171.36897797040888,172.31581115722656,997200,-0.005760111257832527
2020-09-04,172.75281621215916,174.7031367130738,169.5157746564503,171.67649841308594,557600,-0.0037170219358364657
2020-09-08,171.78172941809407,174.1528567507247,169.5643512075267,173.1412811279297,849100,0.008496032471204833
2020-09-09,174.6627084234932,179.69631010253988,174.4280159456529,175.38294982910156,1033000,0.012863952717327163
2020-09-10,175.17255262908614,177.64078754828824,172.99563966768864,176.5321044921875,830600,0.0065308871189078774
2020-09-11,177.08235804269938,179.955222444309,176.30546266321727,178.51473999023438,666500,0.011168419814197183
2020-09-14,179.60093142402224,184.11708702517154,178.70260757027694,183.53726196289062,703000,0.0277465345617955
2020-09-15,183.71690937027978,185.05623907441952,180.28690741897887,180.49107360839844,663700,-0.016736386491323443
2020-09-16,181.8549280556183,184.8194255341437,180.93210522222807,183.34942626953125,717300,0.015712442501009387
2020-09-17,182.16527280893084,184.6561032763955,179.74795165395875,181.4711151123047,749600,-0.010297269704803642
2020-09-18,180.03374333790907,181.47108128666457,178.88224303886705,180.49107360839844,1218700,-0.005415172796205697
2020-09-21,179.7887710748704,182.90843694522798,175.1582826303839,176.63644409179688,970200,-0.021587690791771474
2020-09-22,176.54661609110855,179.8704482906706,176.54661609110855,179.1517791748047,771600,0.014139742838254605
2020-09-23,178.498471200697,178.63730275235926,173.59848130585513,173.8761444091797,830100,-0.02989014288896373
2020-09-24,174.57846120478516,177.77978615488345,174.37429497739637,175.28895568847656,595200,0.00809255558042198
2020-09-25,173.87612379406025,178.51477436310938,173.5249514133466,178.41677856445312,602100,0.017686478377718987
2020-09-28,180.34412460665789,182.1979575549705,179.4947860699455,180.58912658691406,582800,0.012102166037778707
2020-09-29,180.6054306801067,182.03459419994894,178.41677481400905,180.40943908691406,557300,-0.0009955026525060005
2020-09-30,181.4302581986203,182.50824927398634,179.02109948786176,181.88758850097656,863500,0.008159921298233955
2020-10-01,181.8794445575792,184.82760533199303,181.30776916105359,184.77859497070312,854000,0.01576947376223787
2020-10-02,183.39844452270304,189.43359769936274,181.92844519482352,188.31475830078125,826500,0.018956484704411858
2020-10-05,189.30292396931105,189.9889194861045,185.0562690341343,189.596923828125,585600,0.006785556031301672
2020-10-06,187.2286131895107,188.36377703969734,184.30495099765676,186.4364471435547,1007700,-0.016809950130450422
2020-10-07,187.08975617591676,189.08242049617817,186.25676696241777,187.86558532714844,585500,0.007636320428066001
2020-10-08,188.51891867945375,190.3645892910448,188.086087288189,189.4825897216797,596800,0.00857041003038703
2020-10-09,189.8337471024016,191.30374636502592,188.37192246374437,191.1077423095703,426600,0.008540219383892277
2020-10-12,191.40174509033105,193.01057591052253,190.09508875125448,191.98158264160156,636600,0.0045620788191553805
2020-10-13,192.11224646626417,192.8717388058726,189.5642436252069,192.2347412109375,606600,0.001317792036700836
2020-10-14,192.1367540205799,193.15758514296806,189.85825197707175,190.69125366210938,664900,-0.008061588550552683
2020-10-15,190.5850771195439,193.95790702726046,189.46625023294496,191.3772430419922,827600,0.0035909274014440684
2020-10-16,190.84639865369437,192.23472631814224,189.60506467146664,190.28289794921875,1677000,-0.005734673204416211
2020-10-19,190.68309559171647,191.2220849653042,188.57609861452806,188.8047637939453,817600,-0.007798416015787006
2020-10-20,189.60509123556199,192.28375115159716,188.06159504942391,190.38092041015625,501000,0.008313424053727324
2020-10-21,190.32375023325727,192.03873898155223,189.6214179473888,190.29107666015625,670900,-0.00047202711184225586
2020-10-22,190.11143478484138,192.56142971934656,189.29476980667297,192.006103515625,439000,0.008972278371976694
2020-10-23,192.82278659265464,193.39444963876662,191.02612596430853,192.50428771972656,473100,0.002591266682091821
2020-10-26,191.4098627041367,193.5658568597144,190.60136022280253,192.92068481445312,980800,0.002160717578788402
2020-10-27,193.7455804225977,195.50956709102422,191.57324885326437,191.59774780273438,785500,-0.006881034142619184
2020-10-28,189.44175926604427,191.74474782137477,187.097934973145,188.74758911132812,1037900,-0.014987495657214895
2020-10-29,189.57243099431668,191.18942403930208,188.35559578304532,188.53526306152344,908100,-0.0011255537907311464
2020-10-30,187.70226357253318,189.66226687142535,185.55444329117648,187.0734405517578,1009300,-0.007783791357151153
2020-11-02,188.91911638595982,191.62227554845316,187.9962809461855,190.12777709960938,804600,0.016195087197278277
2020-11-03,191.17306394235106,192.97789867015942,189.6132311518054,192.3082275390625,719400,0.011403079417167283
2020-11-04,192.18574307829624,196.6120651259609,191.7365749128479,192.12857055664062,892200,-0.0009346503580843348
2020-11-05,191.4997456026554,192.96973236698017,186.88558171276168,188.37191772460938,945200,-0.019746491867140958
2020-11-06,188.92722954463954,194.0967191611559,187.66957125090696,188.9190673828125,668000,0.0029004140749217143
2020-11-09,196.60393118919583,196.60393118919583,180.41762535208514,181.36495971679688,1464900,-0.04080735526063794
2020-11-10,181.48743743892854,191.2465805124787,180.49927988717138,191.1322479248047,1035700,0.052454232779064205
2020-11-11,192.20207351384127,193.54956550434497,189.72758006569106,192.58590698242188,776700,0.007576738255406575
2020-11-12,193.26373590041848,193.26373590041848,186.8447495437124,189.3110809326172,580100,-0.01715073135719259
2020-11-13,190.0378784990935,192.23470859718725,189.00888543446155,191.140380859375,561900,0.009616543543325171
2020-11-16,193.4026317729071,193.4026317729071,186.8121385431954,190.84646606445312,581600,-0.0015388742062260354
2020-11-17,190.0624268403132,193.28008867814145,188.51893061155963,191.54058837890625,616500,0.0036304737243821484
2020-11-18,191.1159198907011,193.27191468880446,187.6614184547527,187.80026245117188,920600,-0.019720771645061603
2020-11-19,187.62876086744407,188.34742996741974,185.53810071622482,186.84475708007812,931700,-0.005100868251506479
2020-11-20,187.02440201942133,187.1632335405515,182.1734235578728,182.638916015625,1252800,-0.022767028908796953
2020-11-23,183.24325504618963,185.1379109357494,178.2860936412553,178.9557647705078,1560700,-0.020372416003025907
2020-11-24,179.42943623953536,181.88759290487573,177.4040984781824,181.3567657470703,1323700,0.013327521595715848
2020-11-25,182.0018868687871,183.39021430037596,181.15256110423243,182.36122131347656,596800,0.005523279879931582
2020-11-27,182.41845396135207,182.41845396135207,179.05379820617168,179.6907958984375,377400,-0.014751879374327323
2020-11-30,179.72346555519425,184.2396218329873,179.51112468819244,183.30862426757812,1465900,0.019933630538152895
2020-12-01,183.6515974276762,184.51726018416102,181.47110375012,184.03543090820312,614000,0.003957094602631723
2020-12-02,183.22695085499066,186.6651158182748,182.3857869434132,183.3576202392578,551300,-0.003689843538726552
2020-12-03,183.2922664072205,185.07258985201017,182.68792991408023,184.5989227294922,652500,0.006747031533352391
2020-12-04,184.47642648514912,185.63608910204357,182.18160020048836,183.3412628173828,752700,-0.0068362459959081644
2020-12-07,182.93295504647045,184.9991164436166,182.90845609403937,183.48828125,641300,0.0008015627032583215
2020-12-08,183.56990672002016,183.74141180536822,181.11175023880153,181.2015838623047,559300,-0.012540668524891654
2020-12-09,181.33232105093728,182.55731875315706,177.657327944278,179.37232971191406,714600,-0.010146434753020316
2020-12-10,178.92310005641298,180.48293291987542,176.56293912437496,176.87327575683594,929800,-0.014030179800862224
2020-12-11,176.84881179220673,180.4257960903118,176.84881179220673,179.71530151367188,1537900,0.01594042051218833
2020-12-14,186.25905514039565,189.34139978365508,183.34155157987158,184.39646911621094,2271500,0.02571422248842918
2020-12-15,184.825025297085,185.58324650913184,180.94326166934474,185.5667724609375,1347800,0.006326613656457768
2020-12-16,185.56676289109757,187.90736032613668,184.89919928098368,186.22608947753906,699300,0.0035466937385235948
2020-12-17,187.7425531999435,192.24243345672005,187.14916046214285,191.66552734375,932900,0.028790337443755226
2020-12-18,191.79739862558966,191.9787137751427,187.66838561209994,188.67384338378906,1421900,-0.015731979869800343
2020-12-21,187.56128461634498,189.72056770762927,186.3497751905416,188.49258422851562,707800,-0.0009611627968870747
2020-12-22,188.7068149835437,191.49246355175754,188.04748831599125,191.360595703125,783100,0.015100918603113536
2020-12-23,190.8166121800188,191.82208231787325,186.89363878314273,187.08319091796875,720800,-0.022606194606712718
2020-12-24,187.44583321769036,188.7150265063388,187.14089986259353,188.60789489746094,154600,0.008116840713389627
2020-12-28,189.37438265813688,190.05019596488265,187.2645473380894,188.846923828125,569900,0.0012665301951809184
2020-12-29,189.62987896403027,190.59413910004864,186.60523069747413,187.74256896972656,677400,-0.00586504958435924
2020-12-30,187.37992626264457,190.28919310464053,187.37992626264457,188.67384338378906,559200,0.004948117476275144
2020-12-31,188.90462340541916,190.44578964177487,186.68764385274258,190.32215881347656,495700,0.008698381054146444
2021-01-04,189.81941664372883,191.17926758562066,181.2729193462259,181.4789581298828,911800,-0.047578495186994675
2021-01-05,180.7619407259238,182.6410133596618,178.1411209521678,179.14659118652344,1094800,-0.012935297951215043
2021-01-06,178.30598262247554,179.58341312250474,174.90221762090135,176.2208709716797,1506100,-0.01646625891329223
2021-01-07,176.45984939153962,180.09437640949122,175.58624699552053,179.2125244140625,1224300,0.01683423185112309
2021-01-08,180.069681878055,184.30583928424056,180.069681878055,183.4734344482422,805500,0.02349749681294675
2021-01-11,182.91298360223908,183.5475865458859,179.5586663328574,182.3443145751953,738900,-0.006173147485290892
2021-01-12,181.45424058042514,183.67945700358564,180.51470419839694,183.16024780273438,690200,0.004464702588673732
2021-01-13,183.16849215749536,185.95414074183614,183.16849215749536,185.2618408203125,785400,0.01140873947349919
2021-01-14,185.2453357697039,185.2453357697039,182.00639985486274,182.32781982421875,773100,-0.015963905519244967
2021-01-15,182.37727362450744,185.74807748697833,181.39653963472773,184.93215942382812,1864200,0.014182777335513125
2021-01-19,186.11895759125895,186.11895759125895,180.59712064417192,181.82510375976562,1145000,-0.016943795310406608
2021-01-20,180.9349905998116,186.25903765179862,180.1438088096488,185.41839599609375,1326600,0.019569614791599514
2021-01-21,183.95968584661912,185.55029933008237,182.47620398664682,182.93772888183594,1284000,-0.013469055890310878
2021-01-22,183.66298526449881,184.4871404371901,182.61630467401008,183.613525390625,1079100,0.0036873275789456907
2021-01-25,184.14922453688575,186.67113722638982,182.91299184002224,186.1107177734375,830000,0.013508610286570095
2021-01-26,186.14368896440882,188.4760496266996,185.70688772621546,187.7755126953125,825900,0.008905414474247392
2021-01-27,187.35521560884996,188.71506674921486,185.34427477476012,187.9486083984375,822000,0.0009213979388240812
2021-01-28,187.96507750230293,189.6793092061844,185.80578238430354,187.5035400390625,791600,-0.0023708404370588396
2021-01-29,186.80302579223496,189.629872169756,185.28658320063863,187.59420776367188,1052400,0.00048343519472622223
2021-02-01,188.83868407501902,191.83860848529707,186.49807376102248,191.77267456054688,763700,0.022029523262718013
2021-02-02,191.0803910928413,191.747954803024,189.4155940420329,189.80294799804688,949800,-0.010324265714005689
2021-02-03,188.84691229566903,191.85507359044578,186.918392245172,190.62709045410156,703300,0.004332695434136281
2021-02-04,191.3193495314063,194.48410185112638,189.80290728349138,190.25619506835938,1165800,-0.0019475546293207348
2021-02-05,190.8001645303721,190.8001645303721,188.52550072102338,189.01174926757812,777100,-0.006562380424451184
2021-02-08,188.5090228399611,191.7891697202974,187.54476272684875,191.62432861328125,523100,0.013727654972576456
2021-02-09,192.59682738923894,195.11050322114937,191.98694802450342,194.80555725097656,680300,0.016465085246996185
2021-02-10,195.85225753567173,195.8934678142258,190.66832642921932,192.93475341796875,697100,-0.009649852227850905
2021-02-11,191.9786865037945,192.97590710906664,190.88255873742793,192.08583068847656,853200,-0.0044097595828013125
2021-02-12,191.5995493422155,191.98690319515754,189.14357098308233,191.0885772705078,617500,-0.005205231084964741
2021-02-16,190.87432881106832,191.03915731820976,186.70409338429695,189.51446533203125,566300,-0.008271720073185064
2021-02-17,189.51444588296314,193.29731443753838,189.25072281372346,192.90997314453125,879000,0.017758263872220632
2021-02-18,192.34135567759895,194.57480935588717,192.34135567759895,193.67648315429688,622800,0.003965534755568832
2021-02-19,194.21215936822463,195.21762967436308,192.65450661127403,193.42921447753906,761500,-0.0012775255538759495
2021-02-22,193.3385708087297,196.4703631722773,192.23420582769467,195.95114135742188,711500,0.012953720477674771
2021-02-23,197.39339322686615,202.9152427301844,197.39339322686615,199.7257537841797,794300,0.019079845104552053
2021-02-24,199.28896130724783,201.90978130901703,198.7862261463317,199.9482879638672,803200,0.001113578463642407
2021-02-25,200.48398570128663,203.17073965177747,198.01152014720657,200.56640625,816500,0.0030866222179068694
2021-02-26,200.87134567106685,201.7779214316744,192.72870075340018,192.80287170410156,1110900,-0.039477118356495804
2021-03-01,194.50061983691245,196.8577041227062,191.03917064307242,191.1792755126953,778500,-0.008456673723841387
2021-03-02,190.5941251079883,194.52534889362315,189.74524626657424,193.20669555664062,917000,0.010548974195685953
2021-03-03,192.0116367434186,192.83579177932117,190.14905088949752,190.25619506835938,1025100,-0.015389018279357496
2021-03-04,190.82488336283166,193.2149409116471,188.8469159764278,190.66830444335938,1003400,0.0021637334238712265
2021-03-05,191.03916244235486,194.11325756884852,189.14360312036226,193.71766662597656,667900,0.01586647996397857
2021-03-08,194.69019239810493,198.4730745766145,193.28913097950675,196.6846466064453,628400,0.015199895098718177
2021-03-09,196.70110893765724,199.70103319277632,196.1571635183091,197.82196044921875,584400,0.00576576905521107
2021-03-10,198.3411880377104,198.3411880377104,195.4896055902573,197.66537475585938,625700,-0.000791862027442061
2021-03-11,196.89889088193794,199.2806985323034,196.5280236153899,196.65164184570312,615400,-0.005141726584665457
2021-03-12,196.49507069127182,200.4015706560789,196.49507069127182,200.3109130859375,599000,0.01843687697322476
2021-03-15,201.3663335252212,202.41338067954055,199.13926454498272,201.49928283691406,887300,0.005915097366668723
2021-03-16,201.98952885007228,204.3412285133775,200.81782536216946,203.86756896972656,512900,0.01168478906560461
2021-03-17,203.6847648774273,203.6847648774273,199.2971213409083,200.81784057617188,751800,-0.015072379962228702
2021-03-18,199.78739686332347,201.3579736082155,198.10048156991908,201.10867309570312,570900,0.0014471927598578816
2021-03-19,201.57402590070973,201.93134688907574,194.00367736816406,194.00367736816406,1336400,-0.03596830973194802
2021-03-22,194.00368080716223,197.53540195733328,193.62141835055388,196.6960906982422,647100,0.013782736370839533
2021-03-23,197.29441197363363,202.1723381966366,196.71271924618063,201.84825134277344,723600,0.025856333348932788
2021-03-24,200.76797414385624,201.76516350722972,199.57964720354022,200.38571166992188,656200,-0.0072721164929220065
2021-03-25,201.42442571522992,201.51583546738215,197.37749320074698,200.51864624023438,594800,0.0006631735103978907
2021-03-26,201.07542637708778,203.45206744525325,199.29710142957586,203.25262451171875,836500,0.013542419944411617
2021-03-29,202.71246301071105,207.88124121338086,201.06710018926674,206.07798767089844,823200,0.013805017001259943
2021-03-30,206.32728975520172,206.81758536500814,204.3661453558247,205.28024291992188,652900,-0.00387859384703521
2021-03-31,205.25532061854122,207.723371439565,203.22769517959034,205.05587768554688,1105400,-0.0010935681528774206
2021-04-01,206.3189897154991,209.51000054536894,205.5960296924684,209.3604278564453,844300,0.0207747857870001
2021-04-05,209.11943573498377,212.39355100351128,208.2302795959393,212.1276397705078,1162300,0.013130866027449442
2021-04-06,211.32988020701538,212.20242560937947,209.41028792978435,212.16087341308594,744600,0.00015665586794571043
2021-04-07,212.35201678916073,213.00849589993678,210.95595416778582,212.50160217285156,760700,0.001604704217919704
2021-04-08,212.4018438998078,215.29368369107317,212.4018438998078,213.3657989501953,566800,0.004058530713057284
2021-04-09,214.22176821220998,215.59290207437687,213.91430475122803,214.2965545654297,539000,0.00435276604141063
2021-04-12,215.1275377701158,217.13852724434474,214.08047815433778,216.77288818359375,524100,0.011489382514340788
2021-04-13,217.37119381892973,222.09954723666877,217.0305089178093,221.83364868164062,819400,0.023077563479344688
2021-04-14,221.2436258294426,221.2436258294426,218.39332518343434,219.12460327148438,508500,-0.012287237993726838
2021-04-15,220.68686926288026,222.92224299007492,220.17995022590873,222.49842834472656,871900,0.015279505234717376
2021-04-16,223.204787410034,223.32111327548165,221.55109363197028,221.708984375,672500,-0.0035543972399231147
2021-04-19,221.70895979806662,224.80025529591208,220.70346519857628,224.68392944335938,548500,0.013329015855128884
2021-04-20,224.78367826409823,229.59513637096737,224.49282554926228,227.1686248779297,846400,0.010997926006272519
2021-04-21,227.87498144280687,229.11315333215384,226.1880660752116,227.32652282714844,564900,0.0006948279046260132
2021-04-22,227.38466528299932,230.17679016290063,226.39578138139285,229.79454040527344,512000,0.010798196616652732
2021-04-23,230.04389138860282,230.80009842455868,228.61458172853676,229.99403381347656,489900,0.0008677615404448505
2021-04-26,230.80836471667857,231.66428671095287,227.91649920830605,228.6228485107422,556500,-0.005979672538495862
2021-04-27,228.9386829500311,229.24614645212492,227.47612644287545,228.5730438232422,481100,-0.00021787023257258115
2021-04-28,228.88043101706947,229.70313145801094,226.8860525830828,227.05226135253906,526700,-0.006675608668222769
2021-04-29,228.1657923229134,232.6116106897376,227.37633869669207,232.2459716796875,734300,0.02261681557832425
2021-04-30,232.23766357319434,234.4148616335625,230.58399527052828,233.6420440673828,635200,0.00599318513983522
2021-05-03,233.9162756103889,234.38994783667616,229.3956704217438,231.04104614257812,611500,-0.01119483425831614
2021-05-04,232.31244091229638,235.22923495793748,231.3069463105399,232.137939453125,691100,0.00473637792401664
2021-05-05,231.12417687973718,231.70585698963365,227.24342690471306,228.20738220214844,744500,-0.017076974982510734
2021-05-06,228.76414075681302,229.97738381092384,227.69215235480806,228.69764709472656,653500,0.002146026194936897
2021-05-07,228.64773783840974,230.68368100119585,227.85830963888347,230.40943908691406,577800,0.007457083439397532
2021-05-10,230.7252938524056,232.5285605435057,229.8943005193446,230.318115234375,619200,-0.000396433219062127
2021-05-11,230.04381381257045,230.04381381257045,226.27112331409086,227.95803833007812,693100,-0.010299893418053669
2021-05-12,228.06610725041972,228.9469580652525,223.99422004385534,224.12718200683594,675100,-0.01694790205761903
2021-05-13,224.4429572107734,229.13806386242197,224.08563621021852,227.65060424804688,612100,0.015598348515560417
2021-05-14,227.0439850965977,228.73090044149765,226.0218542320899,227.23512268066406,463200,-0.0018267518997676074
2021-05-17,228.30708078711547,230.91641180369584,227.2849753047431,229.8361053466797,711400,0.011381205301495627
2021-05-18,228.25718434521184,229.90255985403277,227.5009775620622,228.9967803955078,882500,-0.003658525417146802
2021-05-19,228.32371995040248,229.81117965089248,224.7255048744703,229.80288696289062,652600,0.0035139842254606414
2021-05-20,229.27097982985688,232.57834133313915,228.7142286820536,232.0880584716797,1126800,0.009894933756059442
2021-05-21,231.5396363821525,233.2930198387473,228.7474860790784,229.96075439453125,719800,-0.009208200732200732
2021-05-24,230.70867036056822,232.45376133549965,229.72810436814385,231.3900909423828,533900,0.006196330343896143
2021-05-25,231.23217080516372,232.76119521597417,229.47876200500704,231.6559600830078,422700,0.001148348719325749
2021-05-26,231.7972485764076,234.1905130844725,231.4399275816355,232.32907104492188,707200,0.0029014359902240026
2021-05-27,232.25430211634924,233.4093949403664,230.2682413779435,232.57008361816406,980200,0.001036838171961082
2021-05-28,234.42318642242165,235.2126147452372,233.20994345310623,234.7389678955078,1507500,0.009282507341890707
2021-06-01,235.4702512363964,237.3981617945025,234.04096709424203,237.29844665527344,515700,0.01084449564533881
2021-06-02,238.59477370738333,240.75536119155672,237.00757358446864,239.31773376464844,1002500,0.008473481490412466
2021-06-03,239.20141640296617,240.472835084024,238.25407190811038,240.03240966796875,800000,0.002981855508565222
2021-06-04,241.42842918379026,241.81899696304055,239.05180104274618,239.916015625,828200,-0.0004850273034212861
2021-06-07,240.7304428811005,243.53920419672204,239.77480569073094,242.00186157226562,783300,0.00865649136982333
2021-06-08,242.73311925047412,244.4283524824482,242.20127142871758,243.8134002685547,592000,0.007457761148249689
2021-06-09,244.3120085902871,245.33413938844336,243.6804456229807,244.17904663085938,476500,0.0014985741400562688
2021-06-10,243.80511458537308,245.90752643134695,243.71369214342602,245.5335693359375,483800,0.005531922663172133
2021-06-11,245.10976698393222,246.06540416919827,243.75524390085948,245.8161163330078,575000,0.0011500853117643807
2021-06-14,245.97513412487274,246.6360948656787,244.33530704648348,246.50222778320312,528500,0.00278726926423781
2021-06-15,246.05037362557576,246.552368687584,244.50256615627092,245.29739379882812,451400,-0.0048997044401111614
2021-06-16,245.70732382057955,247.26350583116306,244.3854282811295,244.47744750976562,744900,-0.003348261225082071
2021-06-17,244.44397695798548,247.38060031767463,242.97146517778296,247.34715270996094,625000,0.011669760992048063
2021-06-18,248.1252332590554,250.71885270317674,247.5395681956158,249.62281799316406,2007000,0.00915822412990953
2021-06-21,250.48458628931903,254.7514796799662,249.62281251708222,253.96502685546875,734200,0.01724551743433921
2021-06-22,253.9065482734819,255.67186749757727,252.944380358515,253.0447998046875,495600,-0.0036300206145221435
2021-06-23,252.00728992799262,255.11962833891158,251.47184730991847,254.14076232910156,640500,0.004321748535678382
2021-06-24,253.93159448240897,254.90211133538634,251.5136642522925,252.5343780517578,643300,-0.006340905766438609
2021-06-25,252.6180256621559,255.21999410952122,251.81484905728905,254.96900939941406,718500,0.009594615858058849
2021-06-28,255.18655673454842,255.3036744264528,253.1200307633985,254.75985717773438,475100,-0.0008206411177848188
2021-06-29,254.72640992364043,255.7053014968316,253.72244540840921,253.90650939941406,624100,-0.0033552388557489122
2021-06-30,253.5969133630563,255.8893512200279,251.13718639499845,251.57223510742188,716000,-0.009235960604528144
2021-07-01,251.44678967026056,253.36269972223275,250.47627263908282,251.27944946289062,689700,-0.0011645011306574697
2021-07-02,251.97383289862626,253.8060724808706,250.68538505036892,253.2706298828125,945200,0.007892936058118864
2021-07-06,252.90255847132642,258.12324624915635,251.47189413461945,257.63800048828125,735500,0.017096900418786875
2021-07-07,257.7717986666823,259.14389100949904,255.17817927898113,257.85546875,1021000,0.0008437285342955445
2021-07-08,256.7009849733381,259.3531514421495,256.3077584124454,257.0021667480469,684800,-0.0033147135223887516
2021-07-09,257.39539105510084,261.0599224771756,256.39977542097427,260.76708984375,517300,0.014543117054607573
2021-07-12,260.767042746231,263.1933224245516,260.6833726471449,262.49053955078125,693400,0.006587408735141502
2021-07-13,262.5574814798071,262.9758064357564,259.1857833561572,259.5957336425781,622700,-0.011089491231415454
2021-07-14,259.36141935887736,263.24348640747326,259.36141935887736,261.8546447753906,630100,0.008664008529773407
2021-07-15,262.2561998844419,263.1681449659696,260.8171614226456,262.27294921875,687900,0.0015961935107665225
2021-07-16,262.96745435801085,264.32282324652283,262.0973312257751,262.65789794921875,689200,0.0014666648056635252
2021-07-19,261.9886360949981,262.3400148542365,255.86435096577077,258.123291015625,867800,-0.01741507425980139
2021-07-20,260.0391142946787,262.6996544490147,260.0391142946787,261.1936950683594,756400,0.011824915850868634
2021-07-21,260.5244057414084,261.0096514139393,257.78016975700297,257.9307861328125,751000,-0.01257098065402054
2021-07-22,257.6797608472979,259.47020365486924,257.2865344243984,258.73394775390625,741100,0.0031090268615842735
2021-07-23,259.52879144125677,263.00923231856956,258.7172400724657,262.54071044921875,549400,0.01460585244336178
2021-07-26,261.6538853484826,262.79174250589176,259.9136647655693,262.4236145019531,607200,-0.00044611012079148385
2021-07-27,262.6494881232901,263.68695132642887,260.8757944802993,262.6243896484375,698900,0.0007647878086704028
2021-07-28,263.07614607543064,264.297647545736,260.94269945316563,261.8713684082031,609000,-0.0028714121937352868
2021-07-29,262.1140751165641,263.5363647398931,260.70848376832095,260.8758239746094,491400,-0.0038088990306952403
2021-07-30,262.04713952677713,265.1762278909989,261.3862044097564,261.4364013671875,1041500,0.0021465230206032847
2021-08-02,262.75828461832856,263.55311229401633,260.13121701861155,260.2065124511719,770800,-0.004715452514994477
2021-08-03,260.97620321778027,261.90489790518376,256.9686684874727,259.01007080078125,1425800,-0.00460865005722149
2021-08-04,259.9470928875567,262.3900959096187,254.8518733365791,256.4415283203125,1487300,-0.009966265485113573
2021-08-05,257.52085966687605,258.4495544433594,254.7264517320832,258.4495544433594,1163500,0.007799848824556292
2021-08-06,258.2905564516182,260.223215665313,254.90213459190096,254.95233154296875,596800,-0.013623935125475401
2021-08-09,254.8352137701985,259.65432581455184,254.4503619293742,259.17742919921875,744300,0.016436289421566018
2021-08-10,260.8758350938163,263.4276073870288,259.328027483534,260.1981506347656,835500,0.003930576597395449
2021-08-11,260.7419269603874,262.4821729887462,259.66264147864274,261.0347595214844,505700,0.0032101181212669722
2021-08-12,262.0805406358507,263.96300261966763,260.5913050655098,263.544677734375,578500,0.00956933187926931
2021-08-13,263.921140388459,264.6155483586057,262.05540249080354,263.2685546875,560600,-0.0010482769040982786
2021-08-16,264.1386826901731,266.5398633626226,262.8335111362805,266.1466369628906,688300,0.010872791994108004
2021-08-17,265.82041317813,267.81999320681354,264.62400992225247,267.3180236816406,706600,0.004391625866968233
2021-08-18,266.1885514833262,268.66502818926386,265.9208173711896,267.91204833984375,1087900,0.0022196992775814148
2021-08-19,267.8702100693885,270.83193233586064,267.6610475941136,269.79449462890625,574800,0.007001789374735699
2021-08-20,269.4264361624874,273.11606624244763,267.9957716114939,271.30889892578125,645700,0.005597481993262968
2021-08-23,271.2836921964666,272.37132670159195,268.5478565971735,268.75701904296875,633100,-0.009450323710314505
2021-08-24,268.6148952813886,268.91610261249247,263.4276541351879,265.9125061035156,749300,-0.010640366218683694
2021-08-25,265.1678016517518,266.47297335620044,264.2307579185607,264.69927978515625,643600,-0.004572941894064097
2021-08-26,265.5777556590741,267.1255629875048,264.56541649005766,264.60723876953125,627300,-0.00034777964497408737
2021-08-27,265.61959876971997,266.5733663045704,263.9964960474488,265.7952880859375,473600,0.004479810118298947
2021-08-30,265.32684242781386,268.33878780497747,265.32684242781386,268.18817138671875,696500,0.008962447340888472
2021-08-31,267.32636548845915,271.38412258920255,265.11762304067554,270.7482604980469,832500,0.009500594935700024
2021-09-01,270.87381560781677,276.3622376348627,269.6773866879099,275.83514404296875,630300,0.01861392196062133
2021-09-02,275.985738367977,277.1737926322227,273.81044320666626,276.9646301269531,572900,0.004086425894230434
2021-09-03,276.2618247485168,276.9562329753315,272.43832833473965,276.7303466796875,431100,-0.0008462546024838024
2021-09-07,276.9478037750571,277.49999569932527,271.22512228608514,273.33349609375,520200,-0.01235090730458875
2021-09-08,272.60560782897676,278.5625761741622,272.60560782897676,276.5378723144531,524600,0.011655134923702725
2021-09-09,276.8307414466098,276.8307414466098,270.81522622210304,271.2168273925781,573500,-0.019429179929568288
2021-09-10,271.4175996501042,273.5677960409318,269.8279699318087,270.43035888671875,524700,-0.0029039901931842463
2021-09-13,271.5597885506212,273.5175716067629,268.59806655805073,268.73193359375,601700,-0.006300258510860999
2021-09-14,269.6496554178275,269.6496554178275,265.1455270847267,267.2334289550781,543500,-0.005591811143134669
2021-09-15,268.0499441757448,271.21543989222886,267.28381954995376,268.99285888671875,457700,0.006562290158037539
2021-09-16,268.98447905412917,270.64300722967477,265.98734575606244,267.2080993652344,456200,-0.006657079161213815
2021-09-17,265.24654942991253,267.797481719677,261.1970500803608,261.8621520996094,1409000,-0.02020952492067575
2021-09-20,261.3401222430446,265.7516280389579,259.7741897851222,262.7881774902344,574200,0.0035300706014221544
2021-09-21,263.0323046317564,265.7431978297649,262.5271643062416,262.6113586425781,510000,-0.00067308340480557
2021-09-22,264.2362482748206,264.2362482748206,258.82288811302783,260.30462646484375,786400,-0.008822630044531252
2021-09-23,260.3719400456771,261.61794950501115,256.67604737737474,257.13067626953125,856500,-0.01226816178612677
2021-09-24,257.4589669494946,259.03330073490145,254.57971096027518,255.83412170410156,650800,-0.005055151275967348
2021-09-27,255.83416551602897,257.0043821294454,249.7557037625628,249.8230438232422,622800,-0.023776429839010595
2021-09-28,248.0466291352155,253.48524393383985,246.10186078771588,252.16346740722656,983300,0.009324714867744445
2021-09-29,252.5928275530933,256.22137961289235,251.73410705819373,254.52076721191406,581700,0.009304875311509909
2021-09-30,256.0362176158856,256.0362176158856,249.53680967075132,250.1261444091797,975200,-0.01741706446581354
2021-10-01,250.90062850028426,251.8014590487146,247.32258772974626,250.21029663085938,691500,0.0003363825441067338
2021-10-04,249.61255384002493,252.0540612231927,248.93905050898186,250.9259033203125,1023600,0.0028559388681953343
2021-10-05,252.07937734508914,252.2561675156522,248.25717950986828,248.5771026611328,889800,-0.009404619964382233
2021-10-06,248.35817902342336,254.32719115820728,247.07008508873105,253.7631378173828,929300,0.02064823397512593
2021-10-07,254.50389933923003,257.1727078436771,252.81171416928157,253.85565185546875,550000,0.0003645020278695903
2021-10-08,253.86411296176612,254.45342192789633,251.83515022190184,252.3318634033203,359300,-0.00602066629113625
2021-10-11,252.5507644093329,254.95013598882545,251.052197718569,254.3355712890625,339900,0.007909402477067092
2021-10-12,255.87624895804785,263.66375055347874,255.21957417553884,262.08941650390625,582300,0.03003118802356776
2021-10-13,261.69373052303,267.6964251518202,261.0033728526556,267.1492004394531,505100,0.01912157556904274
2021-10-14,268.47935841249085,274.5999298040032,266.89659731368164,274.35577392578125,755700,0.02661840365005139
2021-10-15,275.1808286331108,275.3323887314463,266.48409488741385,268.91717529296875,972800,-0.020022275469780703
2021-10-18,269.8179925067202,272.62990905428666,268.2099755030879,271.27447509765625,655600,0.008727697906685207
2021-10-19,271.81328252786506,272.7057118285795,269.48967770485325,270.24737548828125,387300,-0.003793386508441947
2021-10-20,270.89560727694436,271.9143151996625,269.3802117990689,271.4596862792969,501000,0.0044758981394045876
2021-10-21,272.54578632668745,272.79834372374177,269.6159920582952,271.5186767578125,425900,0.0002172848229818339
2021-10-22,272.79827771835295,275.4502325158146,272.53729324037295,274.734619140625,451900,0.011774682414079179
2021-10-25,275.2313411059694,277.748589938405,272.8992838468191,276.5699462890625,354000,0.006658148847909805
2021-10-26,275.97221921279095,276.9067328008806,273.02559687229586,275.19769287109375,411400,-0.0049740367133690065
2021-10-27,275.9638140781316,275.9638140781316,270.92086301182536,271.4596862792969,421200,-0.013676079371601818
2021-10-28,272.4951465899119,279.6933116355816,272.4951465899119,279.18817138671875,746700,0.028072360707485016
2021-10-29,277.24347238353187,282.6315764321465,276.38475173113767,279.6596984863281,1358900,0.0016874975710716102
2021-11-01,280.06382933609393,281.02357297090475,272.30158313899364,279.2051086425781,527000,-0.0016268333171475817
2021-11-02,280.7878086240719,286.81575838495297,278.3547541212155,284.3153381347656,838800,0.018137299577205147
2021-11-03,284.99729978149406,287.04311707734024,277.8328155985764,280.13116455078125,460400,-0.014826029421019115
2021-11-04,280.35011422411935,283.8608161483879,278.65790261035187,279.97125244140625,528600,-0.0005710102612259164
2021-11-05,281.57920725635273,281.57920725635273,269.2118110124865,271.8301086425781,647500,-0.029509657473182405
2021-11-08,272.46152284293925,273.5896550844409,268.50462000949574,272.3183898925781,520200,0.001794662237862038
2021-11-09,272.52891160586415,275.1387825139726,271.76278663555587,273.6149597167969,499300,0.00474992877022007
2021-11-10,273.6822953522322,277.1172297940562,273.6822953522322,275.4250183105469,467300,0.006593564126070951
2021-11-11,277.1088092263715,277.20143072738585,273.72441187155323,276.9993591308594,219300,0.005699766870466562
2021-11-12,276.6962585637588,278.68311157223735,274.0274493223619,277.134033203125,425700,0.00048607095973746177
2021-11-15,277.16775662103333,279.28931575790017,274.37266829527204,279.2809143066406,356800,0.007716873053228176
2021-11-16,279.7859300646862,280.1984745757919,275.07135587349944,276.2920837402344,449500,-0.01075955602995174
2021-11-17,274.9367585191829,282.05073262317404,272.4700203904591,280.80474853515625,647100,0.016201002185736967
2021-11-18,281.5287273175257,284.1638538343899,278.11064727432756,282.7494812011719,593300,0.006901697415856115
2021-11-19,284.1470099674354,284.1470099674354,279.2724475304045,279.2892761230469,518800,-0.012313203497680442
2021-11-22,279.2892705831105,280.8888860901789,276.569975606109,277.1424560546875,506700,-0.0077164208889238285
2021-11-23,277.3276812577955,279.5418616036821,275.9385644237151,278.1443176269531,325000,0.0036084513690812065
2021-11-24,278.4137479057939,282.79999887048206,277.72339016760606,282.0759582519531,242700,0.014036283027072634
2021-11-26,279.71865679351157,282.35378323919235,275.3155517578125,275.3155517578125,368800,-0.024258489397868156
2021-11-29,278.34633854120216,281.99174541489003,275.29869350676006,279.4155578613281,441600,0.014782227610080585
2021-11-30,278.05164568934856,280.6110044168841,274.43994771449957,275.61859130859375,1471700,-0.01368213394133002
2021-12-01,277.55491559191495,283.43975744733825,273.9600464260641,274.145263671875,644800,-0.005359869153056588
2021-12-02,276.8899299434139,285.0899515115009,276.1490607181433,282.02545166015625,721200,0.028339195689846823
2021-12-03,282.86735419015696,283.9197194480953,279.00307204610874,282.32012939453125,623700,0.001044316713193774
2021-12-06,283.87758855543075,286.748443591333,281.20037794453316,285.8223571777344,788100,0.012328851397616815
2021-12-07,287.05998602721615,289.9645244100608,285.5024803102199,286.4622497558594,673000,0.00223627487807127
2021-12-08,286.49589873598535,289.6361658184318,283.47350889120935,289.11419677734375,588800,0.009214990653296628
2021-12-09,289.1815412654641,290.43597810443373,287.1778337345359,288.1796875,1022900,-0.003237554109163379
2021-12-10,289.1899099678829,293.42462581685936,288.3059336205292,292.9784240722656,692400,0.01651476781454227
2021-12-13,292.5911644073299,300.8080131803203,292.27966846585207,299.0484619140625,811400,0.020506671910245054
2021-12-14,301.33446378300556,301.681597138066,294.23098105084085,298.2695617675781,968600,-0.002607992918632618
2021-12-15,301.41066580491446,307.4388749869347,300.7163990814378,306.0672912597656,833900,0.025807336535593813
2021-12-16,305.5084933563759,308.3786803595106,303.24792783024924,307.3372802734375,891400,0.004140793490070462
2021-12-17,307.95531591332724,312.3918012163515,305.7793958805447,306.27044677734375,1369500,-0.003477252726820252
2021-12-20,306.60917431667724,310.833995445862,302.8161318085711,309.85186767578125,603700,0.011625812449653657
2021-12-21,310.07200456533144,312.70510224493097,305.3899802764907,306.3128356933594,733700,-0.011487418480062126
2021-12-22,307.67593624412973,310.31750871215576,307.1086890712841,309.3946533203125,481600,0.01001073860201904
2021-12-23,308.6496681377734,308.85288395979285,304.3486498352723,306.8717041015625,530200,-0.00818789889657528
2021-12-27,307.76908584205484,312.2563691470393,306.90547694480256,312.2478942871094,420100,0.01736764701422304
2021-12-28,311.64677168659574,313.88196430409795,310.9948534254847,313.788818359375,497800,0.00492280134065299
2021-12-29,314.4492219584691,316.074818992456,312.2563777293117,315.4821472167969,440600,0.005381888049140564
2021-12-30,315.80385233018336,316.7097837913356,312.976013964836,315.3466491699219,435600,-0.00042958739275984845
2021-12-31,315.7530501666075,319.4952689589865,315.4651891701157,317.1246337890625,437100,0.005622355830794118
2022-01-03,316.0070696344621,316.13408918408686,304.47557553406995,309.2676696777344,769900,-0.025087716298671334
2022-01-04,309.0559997558594,311.452033868979,307.8029348665108,309.0559997558594,780900,-0.0006846573747932366
2022-01-05,308.1246547637388,309.4539158152796,302.8245861146814,306.2958679199219,668800,-0.008970966017265075
2022-01-06,308.18393076667917,310.55456605276663,304.30624322629615,309.3184509277344,642400,0.0098198082918566
2022-01-07,308.1838799176057,309.50466590735687,301.1312217266651,301.33441162109375,722900,-0.02615068162946228
2022-01-10,301.16517530342537,306.16893491574945,301.038181574786,304.64495849609375,536600,0.010926377940226634
2022-01-11,305.2460107585365,307.90453279111125,302.0710390662495,307.21026611328125,570100,0.00838539100616444
2022-01-12,306.5075828951654,312.22253302866267,306.5075828951654,311.0880126953125,521200,0.012543452110221334
2022-01-13,311.08797643439965,312.2224966355084,307.70981457296443,308.50567626953125,545400,-0.008335628409603078
2022-01-14,307.6674955654373,308.81046480195226,303.2733323007401,306.3128356933594,676300,-0.007133324166168413
2022-01-18,305.6439428509523,305.9826013319435,301.25825480285033,304.5686950683594,892900,-0.0057102573132120716
2022-01-19,304.94966431520623,308.72578245351787,302.1472247991226,302.2911682128906,691400,-0.007505975221590835
2022-01-20,301.8424716069272,306.93935055326546,297.65149834354804,298.379638671875,748300,-0.013024055064620146
2022-01-21,300.4285059531914,301.63922224093443,296.33067909145626,299.1669921875,829000,0.002635288797986603
2022-01-24,298.4642778750314,298.8114112312986,288.7107736504511,298.13409423828125,935200,-0.003458553825815231
2022-01-25,296.1698419452823,300.4878088763023,292.3683505432878,298.4473571777344,837600,0.0010501934564047825
2022-01-26,298.3203751649735,302.9008045510034,292.64774817309467,294.789794921875,742900,-0.01233101665453384
2022-01-27,294.9930327199148,299.4125951203286,290.57347031950104,293.16424560546875,923800,-0.0055295255962485015
2022-01-28,293.9262338864696,305.30533648860114,288.67693610204935,305.2799377441406,881800,0.040496167164082636
2022-01-31,304.8311980875179,307.684435574299,301.393763661771,303.552734375,947100,-0.0056738348048734144
2022-02-01,304.4924558516574,304.56017720309853,296.75398017190463,300.851806640625,700900,-0.008937542755433087
2022-02-02,302.4266825149562,313.9412271907151,301.4106811198063,313.5686950683594,1021600,0.04140065232486405
2022-02-03,311.76530980798645,312.9506274568593,309.83492796896866,311.0032958984375,562900,-0.008214949226851086
2022-02-04,309.01365416857794,311.1557007034548,305.6439415774892,307.21026611328125,788800,-0.012271090814609462
2022-02-07,307.2103119611684,308.77663673071777,304.71265685529306,307.1256408691406,618200,-0.00027550154146632955
2022-02-08,307.74369197275354,309.56400406537057,305.076694851351,306.8631591796875,553500,-0.000855004864657081
2022-02-09,310.1820648959572,312.8998596433405,308.35330368600245,312.578125,527400,0.018452525285145984
2022-02-10,307.83685284948496,311.2065661767984,302.3081686349126,304.0268859863281,632500,-0.02773829969159346
2022-02-11,304.3061875138455,306.1180243283608,299.5310183772683,303.24786376953125,553800,-0.0025656348940410593
2022-02-14,303.0446962834006,305.8471359374349,300.01366796587814,301.1058654785156,685700,-0.007088587880306628
2022-02-15,302.9346568926542,303.8067148508749,296.8895235312958,297.6769104003906,701200,-0.011453210410299668
2022-02-16,298.5489142576049,299.3786494398981,293.79069446405134,297.78692626953125,500800,0.00036951318826572465
2022-02-17,297.16038566809056,297.16038566809056,292.74927366663223,292.99481201171875,693400,-0.016223315828028002
2022-02-18,292.2498493049528,294.18870632552495,290.6835244412939,290.8782653808594,681900,-0.0072500547939581906
2022-02-22,290.33638411064766,293.17267175906454,287.9318492462289,289.8791809082031,802300,-0.003440629008309313
2022-02-23,315.9647857924372,315.9647857924372,298.25266189247606,299.2517395019531,1342100,0.03182093867981867
2022-02-24,295.45019343169355,299.1162423143247,290.23476954908364,297.7107849121094,1490500,-0.005162662476858293
2022-02-25,299.6411115676165,307.10017583268143,298.97224367437013,307.083251953125,839900,0.03099639500887187
2022-02-28,303.6034812647914,304.86499504606417,298.4981279640487,300.5809020996094,1040600,-0.02140194712739557
2022-03-01,302.67220648775236,306.76158512741193,300.60635585430737,303.9337463378906,670600,0.011092795278098104
2022-03-02,304.73795650225946,310.0126511806505,304.018291211034,309.27606201171875,723500,0.017424544642162997
2022-03-03,310.7239077196726,316.7351928458794,309.8772485705727,315.7699890136719,731000,0.0207797830653421
2022-03-04,313.89883547000596,321.6034378129959,312.81511294478867,319.4952392578125,697400,0.011728307421615916
2022-03-07,318.5047293158252,322.086107064994,316.57434735636986,318.4708557128906,622700,-0.0032114071057416887
2022-03-08,316.70134995304664,317.9374651959516,310.06354468105155,310.8932800292969,586200,-0.024081263741060063
2022-03-09,313.2639434030744,315.81239618378106,309.49629915397594,312.95068359375,647000,0.0065959154646074375
2022-03-10,311.15567987980774,314.1951828092511,310.05500759735105,312.9844665527344,605000,0.00010794395876071137
2022-03-11,313.28074805192995,315.8376747206848,309.66552349083946,309.86871337890625,455200,-0.010004859135425
2022-03-14,311.88379679557846,312.6203860507802,303.70506709681615,304.8565368652344,673100,-0.016307407531545814
2022-03-15,308.9687850601186,308.9687850601186,299.6375772863574,302.3620300292969,811900,-0.008216220665274259
2022-03-16,303.5879682916659,306.32094289918166,298.8372339533393,304.5585632324219,891200,0.007238320194772258
2022-03-17,305.37594484467985,312.81709614832215,305.35892643255426,311.4208068847656,619500,0.022281679851476267
2022-03-18,316.3503239670501,317.27833399966215,309.89678677411007,311.3611755371094,1344600,-0.00019149991336164606
2022-03-21,312.2551486033699,316.2396391953857,310.91846287624935,312.9362487792969,658000,0.005045917291295455
2022-03-22,314.5538696454658,316.19706857909244,310.8673702590101,315.337158203125,649300,0.007642918144871989
2022-03-23,315.0391821020027,316.69939952442434,311.752836043322,313.3534240722656,710300,-0.006310705998472765
2022-03-24,313.34494198843186,317.66998291015625,313.3194013799647,317.66998291015625,646700,0.013681350393045206
2022-03-25,318.4191415664998,320.47098995489813,315.8649773293353,320.1219177246094,528400,0.0076888618108179796
2022-03-28,320.64983516382745,327.6482475440432,320.17305982745864,326.38818359375,691000,0.019385504085790123
2022-03-29,334.16985367927055,339.19303864002666,325.7325938735938,337.54986572265625,921200,0.0336258294783324
2022-03-30,336.60482356314634,338.3672033586724,334.88502876666,337.28594970703125,437100,-0.0007821636701716335
2022-03-31,338.81840916854054,340.93838325661073,332.2712324431295,332.2797546386719,1062500,-0.01495383746455093
2022-04-01,333.1226016559735,338.22243387641544,332.51812339975623,337.5838928222656,617700,0.015836802195867954
2022-04-04,337.6775934644267,338.86103556806046,330.7302624342101,335.5321044921875,583900,-0.006096407433554117
2022-04-05,334.01666194816397,342.8455544053341,334.01666194816397,336.911376953125,803400,0.004102276052253702
2022-04-06,338.2394924904925,348.592375796957,335.9662746352907,347.86016845703125,839200,0.03198066487885663
2022-04-07,344.81219048934474,349.61403198396135,342.41126974203644,348.3880310058594,609200,0.0015163059678231605
2022-04-08,349.06062640276275,350.67828470650346,347.57069710996313,348.1752014160156,526700,-0.0006110847847273114
2022-04-11,348.52426127163295,350.490991918433,339.55064834597187,342.0877685546875,638800,-0.017638468090955855
2022-04-12,342.0282053481055,347.0343463498601,339.64430269829626,346.3191833496094,598200,0.012293507711804938
2022-04-13,346.88110111713587,348.6690216007412,342.9562138392462,345.3656311035156,583300,-0.002757188911050858
2022-04-14,346.1403885344625,349.6651481949158,344.0204402061733,347.7920837402344,510800,0.007001184567717588
2022-04-18,347.81766415989404,350.4484509117095,346.84709500032284,348.7371520996094,658000,0.002713651891969864
2022-04-19,350.7634694662987,354.4414732845487,349.9376217476034,351.76812744140625,520100,0.00865373708205374
2022-04-20,351.9213120588899,358.73241755036065,351.68292440598066,357.4978942871094,592000,0.016157242329453727
2022-04-21,358.0343065067607,359.08152342770336,351.2146781809036,351.25726318359375,548900,-0.017610573473803303
2022-04-22,350.85708343784285,351.91279649457823,342.2665795927117,342.5645446777344,571400,-0.025058806975596364
2022-04-25,343.0413718951404,343.7309943126715,334.39976020117655,339.70391845703125,933700,-0.008385681409710058
2022-04-26,341.14268775853236,343.90969898531574,335.0552682560693,335.6171875,799800,-0.012103222626824915
2022-04-27,336.8942808966506,340.8361859667204,332.9523498442781,333.2162780761719,671800,-0.007179424655388425
2022-04-28,336.41756963947466,340.29989802777754,332.7140255107849,339.6783752441406,577900,0.01920745187856667
2022-04-29,336.4175395964172,336.6899640688254,315.37971885631697,316.29071044921875,1385500,-0.07133745429788668
2022-05-02,318.129703759962,319.22800176408805,300.3952737937855,306.54229736328125,1118500,-0.0313060134098492
2022-05-03,307.39369109232763,307.7512855590906,300.7869365029194,303.9541015625,903900,-0.008479038735200886
2022-05-04,296.35117783562106,303.2644714857822,294.52922069302605,302.3875427246094,1008400,-0.005167259541933319
2022-05-05,303.1197108440751,304.08178357531943,294.10351378543584,297.36431884765625,839900,-0.016751398909787996
2022-05-06,294.401514823272,295.37208380070354,282.9843966464819,286.8156433105469,1153200,-0.03611839829683136
2022-05-09,281.8095199783169,282.3884577715214,266.2546654950783,267.0719909667969,1175800,-0.07132140041049558
2022-05-10,270.83504884990407,272.6655540022889,265.079683114227,265.9480895996094,1269000,-0.004217113290061092
2022-05-11,266.82509001059356,272.70818632528227,265.6757106005723,266.3057556152344,1065500,0.0013439680057804834
2022-05-12,268.22138345124694,270.1795661931799,263.61536952485903,267.45513916015625,782800,0.004306742336272793
2022-05-13,269.7282992143096,271.8652919554182,265.30107008863536,271.19268798828125,783300,0.013877745809661052
2022-05-16,271.1671073741201,273.3892178233259,269.1918807644022,271.737548828125,597000,0.002007112464220066
2022-05-17,273.84050839807617,273.84050839807617,266.1780147301893,269.4302978515625,632200,-0.008526984633759772
2022-05-18,269.1578597263011,269.6431312207673,260.46516808783616,261.291015625,623700,-0.030674933274258017
2022-05-19,260.1927192592003,265.9310930407269,258.4644023592453,263.7344970703125,1100600,0.009308115618556835
2022-05-20,266.0587951744952,267.02086793501485,263.0959550778025,266.4078674316406,606400,0.010085566448816334
2022-05-23,268.9450209961212,272.6059797274382,264.67103576193915,272.52935791015625,697800,0.022717873119151837
2022-05-24,271.4480941066148,278.5742353162518,270.74145331790555,277.5440368652344,1069800,0.01823326825222335
2022-05-25,276.23288564162175,278.5316179738655,272.0270262545814,276.5904541015625,1111700,-0.00344170493087361
2022-05-26,277.9271641263655,280.081175217881,276.53939721298445,277.4674072265625,574700,0.003165567781001974
2022-05-27,278.68491676008506,286.50068098714956,278.68491676008506,285.8706359863281,602500,0.029835911912678818
2022-05-31,284.1167325997168,284.80635492345345,280.71117999566223,281.50299072265625,1388700,-0.01539631500529934
2022-06-01,281.85211371804854,285.00226112716587,276.6842059812837,281.48602294921875,738200,-6.027745846037878e-05
2022-06-02,279.80870882207205,283.5973964624682,273.72981097400117,283.44415283203125,568300,0.0069323176866011105
2022-06-03,281.34973671115426,284.9425959469658,278.523147639592,281.57110595703125,521900,-0.006630099655456126
2022-06-06,283.2143012934654,283.2143012934654,274.04485902858875,274.58123779296875,848200,-0.025137846923273966
2022-06-07,273.8319928622038,281.7669371781454,272.74221699777917,281.5115051269531,716100,0.024926152123514594
2022-06-08,279.8001940422273,279.8001940422273,268.9194293217284,269.5154113769531,725200,-0.04354774374679277
2022-06-09,268.42572874616235,271.93344473209095,263.62391176981015,263.72607421875,549600,-0.021714606973264466
2022-06-10,260.5077817004138,265.5650298988097,258.82202364017945,261.7422790527344,906800,-0.0075506149081335985
2022-06-13,256.2848919120359,259.00082261675,251.81510342075708,253.27099609375,782200,-0.03290030562326214
2022-06-14,253.91383801284718,257.64242375812654,251.47953242815908,255.29383850097656,904300,0.0079551433267122
2022-06-15,255.86818708921922,264.87682749847875,255.74817337748553,260.71966552734375,819100,0.02103056203950037
2022-06-16,255.49955075761517,262.1510506848376,255.49955075761517,257.82244873046875,811200,-0.011174586848167859
2022-06-17,258.0966872125138,262.46816190321243,254.25666803675935,255.89382934570312,1439200,-0.007508535462305465
2022-06-21,258.3453312380785,261.53393431382597,256.67390232078736,258.936767578125,595300,0.011821261930054556
2022-06-22,257.5309900492876,266.2653595307963,257.5309900492876,262.4853210449219,736100,0.013611269371873637
2022-06-23,264.0110460821076,266.0167759655776,261.61100796718057,264.148193359375,755600,0.006315123498048482
2022-06-24,265.9738981780668,269.8653703596908,263.59959974152196,269.3082275390625,878100,0.01934626678826197
2022-06-27,268.2882806601665,271.05688798935313,266.65111900341907,268.8968505859375,539500,-0.0015286999322681367
2022-06-28,271.25398600958164,272.7368665902331,266.651089530657,266.9682312011719,593300,-0.007198183937493195
2022-06-29,266.9682213513263,268.5025288404164,264.9281979524829,266.6253662109375,598200,-0.0012851167595891789
2022-06-30,264.6196147311082,271.67397573079614,264.26817973928155,268.00537109375,1012000,0.005162471408422937
2022-07-01,267.73107813553946,272.7882630115832,267.52534414021494,272.0339660644531,489200,0.01491991203207371
2022-07-05,270.0025178384466,270.25965263026364,263.71103373636583,269.7539367675781,669700,-0.008416735571196704
2022-07-06,271.3310858159314,274.51113424133257,269.23108196926177,271.73394775390625,424300,0.00731325618829722
2022-07-07,272.1797360524105,273.91117165666503,268.1254024026661,269.82257080078125,545400,-0.0070588565522471496
2022-07-08,269.8225406331679,272.2054191020693,267.7653836933818,270.7139587402344,506300,0.0032981628392220403
2022-07-11,269.48823375232723,271.9568324932126,268.7082233058552,268.97393798828125,502800,-0.006448270534494191
2022-07-12,266.7025544641523,269.64257640330914,261.3453601909764,263.4625244140625,555700,-0.02070335457693741
2022-07-13,260.59105194135884,265.1339681862238,258.619614996155,262.3567810058594,526000,-0.0042057985575622864
2022-07-14,256.9652998879102,263.7110739222755,256.9652998879102,262.6567687988281,445900,0.0011427812700366294
2022-07-15,266.7110814052875,269.1368069810946,263.4710519983213,268.5625305175781,734400,0.022235656926453174
2022-07-18,270.19973218860173,271.40831829591696,263.3253640955679,264.82537841796875,556300,-0.014013115750754673
2022-07-19,266.7196120880642,271.2024937979277,265.3738791240224,271.0996398925781,549800,0.02341576876670698
2022-07-20,270.5253787740735,273.0454044734258,268.89679732110613,270.85968017578125,422600,-0.0008855267308518101
2022-07-21,270.7739985000971,273.7568934282341,268.939708943164,273.6711730957031,495100,0.010326386049345559
2022-07-22,274.33116954725284,277.59691279389006,272.2054517894174,273.7140197753906,417100,0.0001565503792687268
2022-07-25,281.2569750199747,281.70268414395804,274.5026206375585,277.64837646484375,619500,0.014271642372165829
2022-07-26,276.48262351575255,280.91410568009627,276.28546936948896,280.039794921875,753100,0.00857623753732438
2022-07-27,279.4312023998781,280.63120846689384,277.20260475646586,279.67120361328125,815500,-0.0013170774304636927
2022-07-28,281.05981773020346,289.39132679479536,280.3312341224859,288.94561767578125,874800,0.032623855912207254
2022-07-29,289.2131660427927,293.3874621070017,287.91093396532597,291.1397705078125,638100,0.007564966609272065
2022-08-01,289.2667095323275,292.05850201509764,288.785051562839,289.3648376464844,599700,-0.006115156942936064
2022-08-02,288.5442723106658,292.4063830513438,285.75247947839387,286.2608947753906,860200,-0.010784691444667673
2022-08-03,287.7592928520975,295.87599783297213,286.8495187471648,292.91473388671875,1015000,0.022977941544842943
2022-08-04,294.93052202367346,296.88388365230605,291.2021986453702,294.8502502441406,787100,0.006586045123201174
2022-08-05,285.4223763499098,298.44477771487425,285.4223763499098,295.41217041015625,793800,0.0019039678492282048
2022-08-08,297.90968738367053,301.3704390054843,295.85822437651615,299.4349060058594,556100,0.013525482703608937
2022-08-09,300.2911375880555,306.3741818507126,299.5686370897326,305.87469482421875,867000,0.021278472332536758
2022-08-10,308.98759145181214,309.8706082701928,304.51893839879375,308.6040344238281,622800,0.008883489106478511
2022-08-11,309.0590076977516,312.60003118355064,307.6318899526928,309.0054931640625,487700,0.0013000408149291256
2022-08-12,310.66450804235274,313.946887126526,310.17394906124395,313.6971435546875,529900,0.015068955526199256
2022-08-15,314.49090717497603,317.00619879086105,313.5722048469049,316.9437561035156,531000,0.010296323098639815
2022-08-16,314.3303526279563,317.1132167782128,313.1708077520146,315.0528259277344,660900,-0.005984006471327961
2022-08-17,312.18074632561974,317.97838875738125,310.78038615930177,316.88128662109375,597600,0.005786887460833752
2022-08-18,316.899156885637,318.5403324721339,312.64456167770555,314.7228088378906,500500,-0.006834934104220263
2022-08-19,314.0271542884266,315.41858662810597,311.97566398863745,313.2779235839844,1237800,-0.004601548147444731
2022-08-22,312.18073402021304,312.18073402021304,307.7210092484957,308.9251403808594,567900,-0.013991747924953269
2022-08-23,307.98863227642846,308.2473039771425,303.0472760186747,304.2335510253906,613500,-0.015303317009885619
2022-08-24,304.2782032801209,309.050088397612,304.2782032801209,305.9461364746094,839000,0.005613395467905165
2022-08-25,307.3909908044368,312.6356314371562,307.3909908044368,312.4037170410156,578400,0.02088725436801064
2022-08-26,312.30563089023343,312.98349057091883,306.6328466171243,307.2928771972656,453900,-0.01649502602733534
2022-08-29,305.57146709458874,307.64078624958387,303.17213260935813,303.85894775390625,398600,-0.011237684127110235
2022-08-30,303.2613038945019,304.52787778756783,295.7868003433136,296.57171630859375,561000,-0.024274540637002424
2022-08-31,298.4001898197623,299.14944757576825,294.18130737702194,295.0821533203125,913100,-0.005035262040610458
2022-09-01,293.03959597490365,301.4952165208337,292.2189946595607,301.2811584472656,796500,0.020790106585232462
2022-09-02,303.02045525375826,303.4218141328225,296.02761039852106,297.00872802734375,505600,-0.01428238431828339
2022-09-06,297.71341530447506,305.86580606147345,297.71341530447506,302.70831298828125,716700,0.01900815277799764
2022-09-07,301.682599136603,306.0085110692784,300.2554815412855,305.30389404296875,881400,0.008537976021420231
2022-09-08,303.6359263747232,306.35634771430546,299.3902594993088,302.71722412109375,560800,-0.008508538436558312
2022-09-09,303.4575445317634,305.5446926722661,300.5854803958575,302.5120849609375,649400,-0.0006778890742190876
2022-09-12,302.1641914719116,303.44859442239704,300.9154739422731,302.8242492675781,577400,0.001031374846217112
2022-09-13,299.06483224407543,299.66596125592434,292.8021544305065,294.1031494140625,740400,-0.029222047650269138
2022-09-14,293.367409313643,294.70427377622156,289.22220946805805,291.312744140625,864300,-0.009533141949105777
2022-09-15,290.69373407791517,290.69373407791517,281.1023367487988,281.42535400390625,669800,-0.0345301720658978
2022-09-16,281.75727958626794,282.3853518592896,277.74665834438537,280.96771240234375,2423400,-0.001627479888752724
2022-09-19,279.5052561896056,280.81523253109754,275.4856807761401,280.3845520019531,640000,-0.002077699324125392
2022-09-20,277.9888986038172,277.9888986038172,272.52476844262435,274.8037414550781,769600,-0.020104885476401713
2022-09-21,276.14062713507536,277.9171534209918,270.55985220841546,270.72137451171875,545800,-0.014967021798866895
2022-09-22,269.68059865703526,269.68059865703526,264.6919988846175,268.1911926269531,774200,-0.009390022167099261
2022-09-23,265.3290134601094,268.10145251240056,261.8926325775519,264.7458190917969,675700,-0.012929939035987326
2022-09-26,263.0949155111323,263.7678384018338,256.9219651460889,260.9325866699219,859800,-0.014508107107252902
2022-09-27,263.56146552423274,263.95624914394773,256.3836213567643,257.9447937011719,564000,-0.011516501216808505
2022-09-28,261.0223520075576,264.11778131251924,257.40651359353603,262.5027770996094,738600,0.017516077280154915
2022-09-29,260.2147858238817,260.9505214225598,254.8224490123567,257.9447937011719,671600,-0.0175160772801549
2022-09-30,261.4709119979328,263.9831463266576,258.2947085113087,262.7180480957031,1124100,0.018335812514637388
2022-10-03,265.4635729185242,266.306971744921,261.3722041944852,263.74090576171875,868000,0.003885807034237489
2022-10-04,264.80861199161774,268.8820185790823,264.01904480317324,266.4774475097656,1062500,0.010322411624670257
2022-10-05,262.70008405519,265.26614973477353,259.1111626249714,263.7139587402344,654400,-0.010424589169409595
2022-10-06,264.32410922373555,265.4635820947741,257.60383419892224,258.3664855957031,787200,-0.02048596233709963
2022-10-07,256.3118407027732,257.7922655036886,251.96922112751326,254.5173797607422,842900,-0.01500994030464879
2022-10-10,255.54921817069663,260.2237817855541,254.86731417374014,258.04351806640625,920000,0.01375912188860456
2022-10-11,257.05655983707396,260.90568667208015,255.79146144007743,260.1161193847656,747500,0.007999898958310344
2022-10-12,260.1699002758798,261.1927286939686,257.00267805800416,257.42437744140625,475600,-0.01040214719972442
2022-10-13,253.11766569247987,261.1119921799102,252.81261062935042,259.5149230957031,851500,0.00808821093278601
2022-10-14,262.6642199439119,263.7139916409905,252.53448027657802,252.83058166503906,853900,-0.026094581332539623
2022-10-17,257.00268530225514,263.9741558519776,256.0247074240961,261.75799560546875,1030600,0.03470076927739939
2022-10-18,266.1545049463054,270.68550863646976,264.3241468100189,266.6569519042969,853800,0.0185426119674607
2022-10-19,263.5883615836689,266.47744473973563,260.6723626092442,261.00433349609375,627900,-0.021425997359161945
2022-10-20,262.5027492864288,265.2392915187196,261.42606167103054,262.96929931640625,840200,0.007500282108574097
2022-10-21,262.67320368392797,263.8216576013144,257.9716973566543,262.6014099121094,1558100,-0.001399961824060692
2022-10-24,264.2522950683766,265.95705478191394,260.27757085481244,261.39910888671875,772100,-0.004588938720976033
2022-10-25,262.4937431933701,270.2727433887983,261.31837347229066,269.267822265625,881000,0.02965811392277105
2022-10-26,269.3485624783211,272.0492072171091,266.18134043271334,267.4464111328125,681100,-0.006787292051377838
2022-10-27,269.16018031704664,270.0933077432776,265.8673595763067,267.23114013671875,650000,-0.0008052367533087088
2022-10-28,266.17239934266655,280.6267693334544,264.8175725463821,279.523193359375,798000,0.04497129346036332
2022-10-31,278.78749006064766,280.5998859954419,276.4905819404176,277.91717529296875,1080300,-0.005762132060485724
2022-11-01,279.02968689747274,279.6936560450311,274.4179366555733,276.02398681640625,827200,-0.0068353680037687705
2022-11-02,275.6920304033559,275.6920304033559,253.49455462068008,253.93418884277344,1534800,-0.08341263629351695
2022-11-03,251.2245052158506,251.2334862816237,247.11520214259107,248.2367401123047,1417000,-0.022692246348543454
2022-11-04,248.6943272628474,249.77101474542457,243.02382429970123,249.1878204345703,1050900,0.003824023004422515
2022-11-07,252.53446425384803,254.17641124236997,242.90719945105454,246.13720703125,756300,-0.012317778452267813
2022-11-08,247.46515703236452,259.0394257085095,246.77429936270724,257.2449645996094,1327500,0.0441396679597794
2022-11-09,258.3485032747669,262.5924125907007,255.3696920092231,255.450439453125,996200,-0.007000384480697017
2022-11-10,266.20827347524835,273.0541185000613,264.45866322404544,271.6903381347656,1076700,0.06163453893011213
2022-11-11,272.1120860288274,273.32335277394037,262.50275429603136,264.8445129394531,655700,-0.025520044855072428
2022-11-14,265.58018878619094,266.16338304882,260.72616921214706,260.8607482910156,781100,-0.015156176668018115
2022-11-15,263.875495765791,265.45460282793914,256.8860624976819,259.38934326171875,925500,-0.005656544713795512
2022-11-16,259.99044508108125,266.09162827515996,259.6764363437889,261.18377685546875,843100,0.006894096647090668
2022-11-17,257.7832902762585,262.3950681447685,257.56796372035353,259.64056396484375,511900,-0.005926057159402362
2022-11-18,262.1617795505814,264.54841594417087,258.8240810263294,263.34613037109375,1048500,0.014171023692129981
2022-11-21,262.1797211192165,267.3836745349549,262.1797211192165,266.96197509765625,713900,0.01363698093551637
2022-11-22,267.51823108665235,268.88201149721823,265.1226137657773,268.5859375,624700,0.006064695022260822
2022-11-23,268.2719111941749,268.59490102115006,264.63813873419895,266.5851135253906,1057200,-0.007477359969645295
2022-11-25,268.86407493650756,271.609597871984,266.02882348143845,267.9219665527344,394000,0.005002200587164468
2022-11-28,266.65690904654406,268.0027547637077,258.3036954858524,258.8958435058594,993300,-0.03426993634334724
2022-11-29,259.2188771797961,260.77109586277794,257.74740595921634,260.7351989746094,972600,0.007079496799216921
2022-11-30,259.4969903101413,267.500297924599,258.0255192378163,267.3387756347656,2217400,0.025011347737935126
2022-12-01,269.22301261105747,270.17407485996404,262.19770903563557,265.11370849609375,652400,-0.008357854108708294
2022-12-02,261.96440637386485,266.4146622621977,261.2197170606039,265.4007873535156,632900,0.0010822659425485349
2022-12-05,263.112864874559,265.4277076993389,259.64956801446203,259.7033996582031,1049700,-0.02170087926489747
2022-12-06,260.2327885543703,260.67242281619343,256.3567455277662,259.2906799316406,908200,-0.00159046058440114
2022-12-07,260.63643454296385,266.9888407284964,256.8680835171623,266.31591796875,937400,0.026733516894546512
2022-12-08,266.9889256021296,274.8037967361727,265.5623321837203,271.5737609863281,1081100,0.019550516377141686
2022-12-09,270.8828384948367,271.74417202843296,266.9439838209996,267.0157775878906,657700,-0.016926033239590934
2022-12-12,267.01584025327844,270.75727663688485,265.1226693907403,270.4432678222656,983900,0.012754596759651682
2022-12-13,277.0999886687488,277.77740639981266,271.0574203025234,272.7012939453125,992100,0.008314689277415048
2022-12-14,274.06508436191075,277.0457382804647,269.6392949771159,271.1296081542969,1254500,-0.0057800693586034894
2022-12-15,268.03157370861754,272.5115545520409,265.52061348040195,269.8922119140625,1353900,-0.004574301264624766
2022-12-16,266.4690419695544,267.6342082426842,256.65100491120285,258.7464904785156,2001900,-0.042173883038157306
2022-12-19,258.00580347070013,258.737412346526,255.28711930855764,256.90386962890625,730900,-0.007146814334325496
2022-12-20,255.16968405258643,258.62901798691837,252.9116252650033,254.94387817382812,594700,-0.007658531442007415
2022-12-21,256.7232407293491,260.1283836055193,255.4587057021326,256.2174377441406,574900,0.0049830148170647084
2022-12-22,254.61873035047705,255.92841561170684,249.98518881718738,252.89356994628906,731700,-0.013057722089157791
2022-12-23,251.62004137476544,257.05746558519803,250.19296008448072,255.80197143554688,459800,0.011434867985082591
2022-12-27,255.41360576798402,256.4252119372968,253.679404074733,255.64845275878906,314100,-0.0006003267339555901
2022-12-28,256.4883993204747,257.63548333593775,250.28325777956454,251.0871124267578,574200,-0.01800332894116865
2022-12-29,253.01100296684396,256.65099315275876,251.90005552484547,255.23292541503906,403500,0.016376620851453954
2022-12-30,254.2303438374369,254.70001017901564,250.15679664429925,253.07421875,432900,-0.008493760782012708
2023-01-03,253.878080920428,254.67292210984724,244.47554736904937,247.64584350585938,1046300,-0.02168312530086955
2023-01-04,249.6148543467456,253.84196163314851,249.17228361484584,251.19549560546875,694900,0.014231827776736077
2023-01-05,248.892308516854,250.03037914429876,243.98781067871104,245.01747131347656,880900,-0.024901983440618437
2023-01-06,245.27035109322676,250.24712181866792,244.8097258130147,249.97616577148438,857900,0.02003605691756971
2023-01-09,249.61485872199927,257.0032486553523,248.73875829915033,253.99549865722656,947000,0.01595096863622918
2023-01-10,254.91681565904418,256.0006674792511,251.82777870842926,253.96841430664062,769800,-0.00010663887697674648
2023-01-11,256.84966899855584,265.93609544093164,256.84966899855584,265.2496643066406,731600,0.04346160575725119
2023-01-12,265.58389619234305,268.23937599275393,263.02775776502153,267.42645263671875,707300,0.008173073198220741
2023-01-13,263.8948492992805,266.14386722534357,261.0677550428738,262.72064208984375,851100,-0.01775331484874298
2023-01-17,264.6445123984985,265.99934778620405,262.25998888532223,263.3800048828125,756400,0.002506604551801622
2023-01-18,262.97356721799866,264.48196288208857,256.9942309053505,258.1232604980469,1045500,-0.02016065011914172
2023-01-19,257.6444903909158,261.29352086499586,255.60319656324552,259.7218933105469,854400,0.006174192725953826
2023-01-20,259.22520346547094,261.88068336464346,256.44328658091877,261.1219787597656,2293900,0.005376232290019149
2023-01-23,261.3928905071589,263.2083786677159,259.59548445873185,262.70257568359375,709500,0.006034851583244023
2023-01-24,263.4793540386723,266.6858144229145,259.89355517060477,265.3761291503906,686000,0.010125673636930137
2023-01-25,264.5632290873458,265.62902632438465,262.32322462689064,264.00323486328125,521200,-0.005186818596869611
2023-01-26,265.15031834486405,269.422575904579,263.47934916865944,268.60968017578125,593600,0.017297966472204673
2023-01-27,267.47161967020224,271.5541805807617,267.47161967020224,270.3529052734375,628500,0.00646883929836563
2023-01-30,268.79934192478333,271.99676110410996,268.79934192478333,269.9645080566406,1063600,-0.0014376633960416073
2023-01-31,269.35031952323993,276.15159257018524,269.1606502729024,274.8870849609375,848700,0.018069914489427085
2023-02-01,273.6226041493474,277.4161549128165,270.4522799765082,276.332275390625,680800,0.00524362475269069
2023-02-02,278.5632026397385,285.3102842488085,278.5632026397385,281.3180236816406,557600,0.017881748296006934
2023-02-03,277.8044749202898,278.94251785386217,273.83931029025496,278.61737060546875,709300,-0.00964637722705691
2023-02-06,271.35537858534934,281.5527777053676,270.55152415452716,277.96697998046875,2363600,-0.0023370794394351625
2023-02-07,274.6793216621959,275.44706725151775,270.316763708784,272.8006286621094,1470600,-0.0187610991408864
2023-02-08,272.22251497193037,274.299917775527,269.67541835715514,272.7734680175781,1182700,-9.95672071639702e-05
2023-02-09,274.34509950290686,274.8689845735022,269.3231790034978,269.6393127441406,1270200,-0.011556476047830019
2023-02-10,267.30000429519964,271.95160049474714,265.81870430548867,270.88580322265625,1832100,0.0046121545560164345
2023-02-13,270.9129083138975,274.4716117595099,270.7954848271633,273.22515869140625,1053700,0.008598870623535215
2023-02-14,272.7735078052701,274.24576657886115,269.0612723040318,271.76190185546875,1029600,-0.00536989025258576
2023-02-15,270.31677302182015,272.2677394146238,267.995481624604,271.7890319824219,690800,9.982551877562502e-05
2023-02-16,268.3025412100535,271.7619028000604,265.94514100428984,270.56964111328125,1154700,-0.004496629202296385
2023-02-17,269.9644935634541,270.9941540521787,266.9025525721681,270.0728759765625,1971200,-0.0018376848317229462
2023-02-21,268.12197412639364,270.12713194219094,267.26390054325026,269.97357177734375,1545200,-0.0003677617017980824
2023-02-22,265.9271254032797,268.98903931526803,261.3929249327628,264.01226806640625,2077700,-0.022328499886324914
2023-02-23,265.2226221966174,266.96583733336854,262.78390716532624,265.8187255859375,883000,0.006819021692007927
2023-02-24,264.5270787839547,266.8303153933064,262.75676832983714,264.86126708984375,1015500,-0.003608425221259138
2023-02-27,267.1103110353242,269.31417870799373,264.6896509664575,266.649658203125,993400,0.00672948674151587
2023-02-28,266.649673311432,273.00837519765594,265.9542010598907,270.0187072753906,1456900,0.01255558757595224
2023-03-01,267.30001681476796,268.28452731366167,264.35549881118914,267.083251953125,1586900,-0.010930827936311225
2023-03-02,265.7193320878542,272.14123814548066,263.7232158075935,272.0780334472656,1052200,0.018528497958332658
2023-03-03,274.09224965767277,276.5761147726238,274.0832361645466,275.3206481933594,1032200,0.011847499029204412
2023-03-06,276.2960574979941,276.7386557476125,274.083176506675,276.13348388671875,530500,0.002947974218487326
2023-03-07,276.5489639959696,277.1541358678611,272.014791959222,273.0896301269531,579300,-0.011084329288490236
2023-03-08,272.63803766609584,275.59156879033065,270.8315905423373,271.75286865234375,675600,-0.0049069746205911615
2023-03-09,273.0535472191996,274.4354783405714,266.46002541170253,267.083251953125,722100,-0.017332667296942966
2023-03-10,267.35411245141296,267.37216699536236,254.19414158459847,254.2212371826172,1306700,-0.049355514429799366
2023-03-13,252.28841788348473,267.3541806363704,252.28841788348473,261.56451416015625,1505300,0.028476060709741163
2023-03-14,264.8684510381526,266.23746895020037,259.4562735771816,262.52288818359375,1125700,0.0036573101639625688
2023-03-15,261.90216637352387,264.17475436024904,259.34667818480636,263.3624572753906,1066600,0.003192976614911688
2023-03-16,262.79667598177593,269.29494309971176,260.5788736881008,269.1123962402344,1032500,0.021597874298734086
2023-03-17,269.988550251963,273.0368929833105,267.9532672476434,269.8516540527344,2241900,0.0027432563478116275
2023-03-20,268.93896347617255,273.4475692665664,266.95843904073524,272.31585693359375,1304400,0.009090252733870903
2023-03-21,272.3341493542272,272.9821432865821,263.48115681612285,267.341796875,1311000,-0.0184346534755866
2023-03-22,264.54895096601894,267.7615967999813,259.9673153676555,260.0859680175781,1101000,-0.0275157552451148
2023-03-23,260.2411193439411,263.43549358435354,257.1197471166784,257.5943298339844,839700,-0.009626240111660895
2023-03-24,257.3662069724706,261.8565975466083,257.0467917726231,261.57366943359375,555100,0.015329980031127741
2023-03-27,262.8970262133366,263.9740079926933,260.94390874071576,261.3454895019531,566300,-0.0008727159532175869
2023-03-28,259.4288315468646,261.54625208970447,256.7455548604303,257.37530517578125,639000,-0.01530789548030623
2023-03-29,259.99473363956093,265.1239826253929,258.5344423914985,264.89581298828125,751600,0.028801239072844566
2023-03-30,267.97153544948605,269.49572088178803,266.69379105121016,268.91162109375,698300,0.015046189354495533
2023-03-31,270.2166885067494,275.90265685910555,269.78772856379425,275.75665283203125,1175300,0.02513600466115669
2023-04-03,280.09187898704164,288.2785772462702,279.434749445011,280.8311462402344,3556000,0.01823480149947315
2023-04-04,280.19227093304227,286.9004627946572,279.6537940152711,281.3422546386719,1888500,0.0018183305665571245
2023-04-05,280.99548272207534,282.2093329655489,277.59118162736524,280.42962646484375,1515600,-0.003249108783792084
2023-04-06,281.552129280425,283.65130615234375,279.6172556760829,283.65130615234375,990100,0.01142288112263335
2023-04-10,282.40097343058403,284.3267115578778,281.1962312125053,284.2628173828125,691300,0.002153534985172133
2023-04-11,284.6826966127711,287.59411547113433,283.29540743467356,286.6266784667969,1114500,0.00828137357876326
2023-04-12,287.84051968555224,288.8444715011116,285.67747632319026,285.80523681640625,881900,-0.0028700084405037297
2023-04-13,285.47671563057236,285.48582347570505,276.2586572159402,277.91973876953125,1344900,-0.02797822614439096
2023-04-14,278.2026431784238,280.6759939023865,263.1799363037492,264.9961853027344,1778600,-0.04761693174532844
2023-04-17,264.366507122154,268.84776273804164,263.2804172756995,268.765625,880900,0.014124286488128171
2023-04-18,267.642979659673,269.86078180902433,264.4120898558074,265.20611572265625,1223300,-0.013332398446577862
2023-04-19,264.38468294652336,266.4564808242721,262.4315655747583,263.8827209472656,1152900,-0.005002553233244758
2023-04-20,263.3077784171856,264.1930777810861,260.4693613155221,262.52288818359375,1116300,-0.005166494295956467
2023-04-21,264.34818643167,264.9779089062187,262.0938696585908,263.298583984375,663200,0.0029504172215833817
2023-04-24,265.09662670033157,265.09662670033157,261.0352235141557,262.9427185058594,767800,-0.0013524804346503338
2023-04-25,263.24378521703187,265.4981016450722,262.04817891842845,264.67669677734375,1055300,0.006572860906690666
2023-04-26,264.67675665068134,266.6937682732875,262.1121323748023,263.4263916015625,1122600,-0.004735088808953166
2023-04-27,263.74580755923773,266.97666896164765,263.727536165938,266.89453125,842200,0.013079586121095901
2023-04-28,267.5060147896852,269.88809177882507,267.09529841437705,269.0849304199219,948800,0.008173489922131036
2023-05-01,268.071888863991,269.90638127944374,266.1461230420424,267.0405578613281,596200,-0.007626507272191267
2023-05-02,266.4017111696336,267.6246968815808,260.96212785933574,261.7652893066406,991400,-0.01995228905317438
2023-05-03,263.08868119552835,263.98308819055495,256.14318417526147,257.6582336425781,1206800,-0.015814228954410328
2023-05-04,258.73519326845377,266.4564726629781,257.75864853884957,264.9505310058594,1162900,0.02790910215154317
2023-05-05,267.03147410274374,271.0746611897727,266.5386477467309,270.0707092285156,643400,0.019140677633148837
2023-05-08,269.4044350568299,271.9143009515013,268.5282714887294,271.3758239746094,922300,0.004820853745291201
2023-05-09,271.06550659290406,273.46585543432286,268.05367877185535,273.1555480957031,976700,0.006536741681105063
2023-05-10,274.7618180591446,275.21815725396317,271.0837252630166,273.8126525878906,600200,0.002402716675268674
2023-05-11,273.25589146004137,273.25589146004137,268.0262623586518,269.2401123046875,716900,-0.016840530585597622
2023-05-12,269.5960919877271,270.3718463629264,266.62075142416626,270.1436767578125,470600,0.0033503613443728293
2023-05-15,270.3718553718719,271.695250266723,266.79417144200664,268.3183288574219,439300,-0.006779883718703651
2023-05-16,268.1905588404391,268.1905588404391,263.4081049877523,263.6271667480469,484700,-0.017638212066569552
2023-05-17,264.238697223602,264.3756212952651,260.9621844045962,261.9570007324219,495600,-0.006355486868777423
2023-05-18,261.7562043190156,261.8474777471158,258.7078612190962,259.93084716796875,485500,-0.007764747742444427
2023-05-19,262.020832084157,262.93351046176156,258.5161504564837,260.0220642089844,463300,0.00035086654947210163
2023-05-22,260.4875732900182,261.1081879836045,257.8225398223571,259.6661682128906,496500,-0.0013696521472961207
2023-05-23,259.5475581610073,264.90497736391814,258.3245721160232,262.3951110839844,1151000,0.0104545877467967
2023-05-24,262.2033916917657,263.4446209765463,257.39355858140357,258.6439514160156,918500,-0.014399014388334555
2023-05-25,260.2137542199837,260.2137542199837,255.43132778451022,258.3883972167969,745500,-0.000988542479810021
2023-05-26,259.2098508588825,261.82923391128196,257.2293260969947,261.65582275390625,832800,0.012566118062224125
2023-05-30,262.9609024723415,266.3469316189657,262.8879004537899,263.67279052734375,932500,0.0076789180465021796
2023-05-31,264.44858533837674,265.1422298849268,257.79515152712816,258.5617980957031,3587900,-0.01957417502004924
2023-06-01,258.7352089190896,260.18636433492844,256.99198971003204,258.6804504394531,864100,0.0004587882995529718
2023-06-02,259.61141141203785,263.80060239997346,258.1784994771598,263.2073669433594,766800,0.01734867108907605
2023-06-05,263.2438684044084,263.2438684044084,257.7130386004542,258.4249267578125,779400,-0.01833695592890199
2023-06-06,260.10421806690357,260.10421806690357,254.774179353153,255.55909729003906,909000,-0.011151549590921114
2023-06-07,256.1066851623466,267.46040724992133,254.7102882551687,266.3834533691406,1275200,0.041483141313495384
2023-06-08,265.6076951577743,268.03542338427394,262.3585618267268,264.8775634765625,750700,-0.005669130156288343
2023-06-09,265.2608779705298,265.2608779705298,261.7105454321458,261.80181884765625,756100,-0.011679893681511542
2023-06-12,261.4367082394138,262.82396921815393,257.6034482667174,262.56842041015625,1050400,0.0029238963284245094
2023-06-13,260.0967410357482,265.0310028219863,259.07297769379664,262.8728332519531,956400,0.001158694235495449
2023-06-14,262.85438017263937,264.569837354096,259.3404343946624,262.0427551269531,691600,-0.003162713530706454
2023-06-15,262.67919249338655,266.40527722125194,260.66859342515016,265.289306640625,659200,0.012313275707103123
2023-06-16,265.88873326983946,271.1089322341279,264.48682527535374,264.79119873046875,1799800,-0.0018793675742450617
2023-06-20,263.9150323838856,264.3208449334212,259.2021126623963,262.8728332519531,907400,-0.007271194602151531
2023-06-21,263.2325314124446,266.4236680148739,260.7976562155091,265.3999328613281,765500,0.009567477440815193
2023-06-22,265.76887313696585,266.1193501921024,259.4511386145601,261.2864990234375,755000,-0.015620366225216259
2023-06-23,261.48013840787695,265.24309356596905,259.5525432158928,261.544677734375,2127300,0.0009876179669463974
2023-06-26,261.15736111987377,266.8110405878172,260.6224136321319,266.39599609375,804200,0.018378788207001152
2023-06-27,267.1984045313887,268.7386514562374,265.63051799467297,267.0047302246094,813700,0.0022824655651868106
2023-06-28,266.7925440879882,267.70563623423567,264.1271233809357,266.6542053222656,926800,-0.001313666573927119
2023-06-29,264.79119320919966,266.27607629253845,262.3932179257966,266.1654052734375,691200,-0.0018347680011449377
2023-06-30,267.86242757272294,269.8269226078099,264.44994917068016,269.19976806640625,1404000,0.01133579633881664
2023-07-03,268.3235831304686,271.8283250089852,267.0692740123885,270.2235107421875,363900,0.0037956979059486575
2023-07-05,269.64249441558025,270.942935391212,264.4407586592985,269.22747802734375,807800,-0.003692768638668793
2023-07-06,266.46978120177033,268.6924898639586,263.6659933914134,268.342041015625,816200,-0.003294226257544275
2023-07-07,265.1047611294508,267.0046886136554,264.0902299130698,264.7819519042969,740300,-0.013355774934925162
2023-07-10,263.81356803737606,268.36048077455604,262.39322425011846,268.3051452636719,785500,0.013218270246725531
2023-07-11,268.5449588918669,271.45018588101556,266.65423506199005,271.0259094238281,523900,0.010089488514022932
2023-07-12,272.999631766092,276.3844706659167,271.83752973218225,273.25787353515625,689000,0.008201518003163034
2023-07-13,272.63070017221656,275.66506185913926,270.91521499540755,275.6004943847656,445800,0.008536391944001694
2023-07-14,275.7757122060628,278.9852839959335,274.3184688897238,278.20135498046875,552200,0.009392817017142348
2023-07-17,278.0906723454497,279.19743877432796,276.6887925956115,277.2145080566406,510500,-0.0035535461911300713
2023-07-18,277.62030477652917,277.90621426094725,270.14970217131787,271.4962463378906,720700,-0.020843290177552102
2023-07-19,271.33026552415333,277.9339083355061,270.1220600023494,270.1958312988281,697500,-0.004801316433873478
2023-07-20,269.6056207984853,270.08520467001927,265.0955790566505,266.5712585449219,776200,-0.013505402676836191
2023-07-21,267.23524529602196,269.41185017719476,265.89790494113595,269.0614013671875,819600,0.009298016900983586
2023-07-24,270.60162247041814,272.7229200147025,269.3011818208159,272.6767883300781,1067800,0.01334755683506564
2023-07-25,273.0365230835784,274.0787220950805,269.67014822204965,270.89678955078125,719500,-0.0065492702889655705
2023-07-26,270.7308282614082,275.69278620776885,270.7308282614082,272.60308837890625,539800,0.006278950569611679
2023-07-27,273.0272887325193,274.39229697005527,265.6120208763623,265.92559814453125,631300,-0.02480028510822129
2023-07-28,267.11536296009143,267.55807517264424,259.5802204035801,259.65399169921875,785000,-0.02386661987664883
2023-07-31,260.2996152974665,262.3102138616449,258.27055279933376,259.8569030761719,1185400,0.0007811631644767708
2023-08-01,260.56706475837314,261.92284105090056,256.83177708826764,257.6434020996094,579200,-0.008554640271394324
2023-08-02,256.27845949582957,258.2429550501465,254.95035061815753,257.1085205078125,1031800,-0.0020782118951541157
2023-08-03,263.9426882325773,265.7872804122382,258.21523739567834,264.6805419921875,1606600,0.029025342313695725
2023-08-04,261.1296763815983,262.31021416015335,251.860584502239,254.26779174804688,2402700,-0.04013558701087685
2023-08-07,254.75658464530116,261.60003287684873,254.75658464530116,261.01898193359375,1018100,0.026205122535930804
2023-08-08,259.5802457088305,261.59084442931123,257.126934732639,259.9306945800781,1033600,-0.004178096218190849
2023-08-09,257.4128415259285,265.65817073182467,257.1822675059566,264.0810241699219,828800,0.015840929618821043
2023-08-10,264.38539013825886,266.3406532687564,261.58160225398814,262.57769775390625,750500,-0.005708936115404641
2023-08-11,261.4155828636994,265.4367799499911,260.98210261391654,264.62518310546875,822400,0.007767391719682037
2023-08-14,263.94268228847017,265.9440771426768,260.1704947435642,261.4432678222656,777200,-0.012097110484294078
2023-08-15,259.62635443642375,260.0875024904849,256.9240335947239,257.9570007324219,687200,-0.01342440370985752
2023-08-16,258.556532403729,260.0229800923568,257.0070814285278,257.1085205078125,516100,-0.0032946526495059797
2023-08-17,256.90557827145665,258.55649624128904,251.16889516077,251.21502685546875,831500,-0.0231890014649391
2023-08-18,249.96068843908384,254.20325629041952,249.48110458140894,252.19265747070312,695000,0.003884056102871988
2023-08-21,251.5285640109351,252.77366922911995,248.54953782475823,252.0173797607422,619100,-0.0006952567544425063
2023-08-22,253.15183916018145,253.15183916018145,250.59706099500391,252.4324493408203,515100,0.0016456331226772996
2023-08-23,254.55371441860527,256.2784035599992,252.9489282692855,253.91732788085938,702200,0.005865047693653546
2023-08-24,255.53132519444748,257.56959145504356,251.74990599944044,252.49696350097656,897600,-0.005609510349753583
2023-08-25,253.76980927053057,255.6605334835367,252.51549987226625,254.8304443359375,615200,0.009199176921114197
2023-08-28,254.8672771659211,257.98464219706415,254.8672771659211,255.73423767089844,371400,0.003540371321563718
2023-08-29,255.01486972944576,257.62495528844175,254.5998252290742,257.25604248046875,518800,0.0059330920394045665
2023-08-30,257.65261260885416,259.3496621200265,257.2191604830696,259.1651916503906,595700,0.007393800801473533
2023-08-31,258.9991713256454,258.9991713256454,254.47069455574066,254.9041748046875,899100,-0.016577974534091586
2023-09-01,256.3798589013321,257.0623489523407,253.41006457800364,254.36923217773438,482500,-0.002100807999638191
2023-09-05,253.79742978749275,254.33237727841956,250.02524217929002,250.1174774169922,687700,-0.01685616429698156
2023-09-06,250.03445459977817,251.06742163030438,245.33997127404413,247.84861755371094,794800,-0.009112570460054792
2023-09-07,247.69183795570476,252.3217542374196,247.69183795570476,251.9159698486328,834100,0.016277432224812052
2023-09-08,252.55232816365125,254.47995177741458,251.7960667543383,252.3955535888672,946200,0.001901935064002511
2023-09-11,252.53390299706135,255.56826516846093,250.892216999202,255.09788513183594,651000,0.010649820777872231
2023-09-12,254.18408915462214,255.3029917121543,252.49643057450842,254.07220458984375,513000,-0.004028838103655021
2023-09-13,253.89504742152866,254.42652756512373,252.06753311472963,253.6060028076172,665600,-0.0018366040002483995
2023-09-14,255.2284216351716,258.2214476814932,254.59436165142694,257.42889404296875,735900,0.014961649671292881
2023-09-15,256.6829672496477,258.8461352259446,255.041917756363,255.58270263671875,1190100,-0.007197495683106522
2023-09-18,255.5827147191623,255.5827147191623,250.84608771445355,251.63864135742188,597800,-0.01555195111278033
2023-09-19,252.19806931807497,254.76219480777618,251.78780696333297,252.09548950195312,723000,0.0018138467965469036
2023-09-20,254.26801631985265,254.78083003037105,251.89968883454824,252.46844482421875,528500,0.001478327580772125
2023-09-21,250.59432569908546,251.97427321411067,244.99053685425284,245.36349487304688,719300,-0.028545506349947312
2023-09-22,245.22364928393287,249.34491096694813,245.22364928393287,246.13742065429688,726400,0.0031492369451618716
2023-09-25,245.03716507393557,246.612939147169,243.25628826098844,245.90432739257812,568600,-0.0009474532601377229
2023-09-26,244.36580858039207,246.8180495094477,243.58258820939815,246.0814666748047,814400,0.0007200992061848891
2023-09-27,250.01628731571176,253.40090976766848,246.8740435201799,247.0698699951172,1324700,0.004008524646737237
2023-09-28,247.79712087336145,250.50110232916023,245.99754918101,246.41714477539062,806300,-0.0026453607930252646
2023-09-29,248.9066662599963,250.59432476401207,244.3844756049516,245.70848083496094,619000,-0.002880014343427454
2023-10-02,246.83674202625625,247.21903328139896,241.33550399579443,243.1164093017578,607900,-0.0106054167072941
2023-10-03,241.717796579068,242.40779886391292,237.69911446068585,238.42640686035156,739300,-0.01947968316829223
2023-10-04,240.1513533096641,241.92292540877094,237.64316984626333,241.54063415527344,802700,0.01297702022202012
2023-10-05,241.2329217014875,242.612897631828,239.83430782994708,241.38211059570312,729900,-0.0006565172876497791
2023-10-06,239.8902766992825,246.88334683213807,239.06044717338543,246.1280975341797,735800,0.019470923064504254
2023-10-09,244.92528613304256,252.2726765109416,244.6455747043919,252.15145874023438,617600,0.024177811626616964
2023-10-10,251.75050504800708,255.09785094128287,250.38919546955637,253.13978576660156,729400,0.003911915345781372
2023-10-11,255.01393951083568,257.3356295255029,253.64329672335035,257.13983154296875,653400,0.015678179478003217
2023-10-12,256.02093553948595,257.2051135730094,253.615332042463,254.51043701171875,537400,-0.010278183519007448
2023-10-13,255.5920218898074,256.580373429371,251.70389120894575,253.72720336914062,601100,-0.0030821576380340686
2023-10-16,255.34032744206218,257.4475533991448,252.62701259313084,257.09326171875,712700,0.013179217752280772
2023-10-17,255.1164785106754,257.07454360574656,253.0838331965441,254.5663604736328,733800,-0.009877354708637057
2023-10-18,253.15850009301528,254.15615658360755,248.2726552021921,248.60833740234375,530400,-0.02368283449136932
2023-10-19,246.9672441393915,248.40316241364602,240.93455489367838,241.02780151367188,739800,-0.030966430117953657
2023-10-20,242.20266926543897,242.81806286983593,233.86692714523414,234.2119140625,1000200,-0.02868596462824572
2023-10-23,233.11165434856687,235.3307931341362,231.02306652914868,231.1722412109375,866700,-0.013063255563531462
2023-10-24,231.19087162180716,231.96477300971193,225.102240333015,226.2490997314453,1304600,-0.021526462138849695
2023-10-25,224.6546877029226,225.75492379233592,220.16980147220843,221.90408325195312,1083500,-0.019391372399641425
2023-10-26,222.5754247840299,225.16752143602645,221.95069804826414,222.64068603515625,1310300,0.003313967493181478
2023-10-27,222.61272736279372,224.60808275833028,219.0509168958191,222.4449005126953,964500,-0.0008797657844076153
2023-10-30,221.99732474801988,224.03930337232904,218.0625564005923,222.67799377441406,1355600,0.0010473210253467684
2023-10-31,228.08598346736713,230.07202004730345,217.41921762728435,222.57545471191406,1485200,-0.00046058740100186657
2023-11-01,224.75727215937596,226.81788881422096,218.73390161899772,226.19317626953125,1244000,0.016123230007566398
2023-11-02,228.24447318539913,234.41703261261588,228.24447318539913,231.4799346923828,993900,0.02310379814925827
2023-11-03,235.43335705958802,241.72712007009187,235.43335705958802,236.14198303222656,1182800,0.019940052566058096
2023-11-06,235.50794757610376,236.65480705516046,230.70603104524614,231.34939575195312,827700,-0.02050414362643161
2023-11-07,231.7130326078452,232.22586057405752,229.59647371697156,231.21885681152344,1183700,-0.0005644094387006187
2023-11-08,233.68042153926828,237.39142091336527,232.55221421826278,233.74569702148438,1851400,0.010869065459308325
2023-11-09,233.9881048679138,235.70373452044464,229.79226312768543,229.9414520263672,1205400,-0.016409039424005956
2023-11-10,231.64780571266607,231.75969029373016,227.8808635725319,228.2351837158203,1430500,-0.007448115269472548
2023-11-13,226.76195874607225,230.70604644632175,225.27011227206432,229.68040466308594,1143100,0.0063121928256136915
2023-11-14,235.61984609836944,243.8157182404198,233.5872004910632,242.4264373779297,1627800,0.05400951567120794
2023-11-15,241.96955767106752,244.6735390743855,241.61523756800085,242.97654724121094,1004000,0.0022666119337112324
2023-11-16,244.0861176894954,244.99988909319825,241.8483409479452,241.9695587158203,1071600,-0.004152997458262866
2023-11-17,244.08609283817785,244.08609283817785,240.21660013354548,240.28187561035156,868000,-0.006999211926211684
2023-11-20,239.98353045896295,242.2119740776725,238.67814879223107,240.63619995117188,876700,0.001473533322775028
2023-11-21,239.20028340984322,240.85063758307342,238.0161196467428,239.82498168945312,535300,-0.0033768348560839884
2023-11-22,242.0441401463462,242.1560247157485,236.55224963499418,237.50331115722656,587900,-0.009727849262242226
2023-11-24,235.8249892085135,237.99750486817777,234.49165056476932,237.79237365722656,297800,0.0012163482433125588
2023-11-27,237.85761992318808,240.76673240845022,235.86226457516702,239.27487182617188,817100,0.006215069070560164
2023-11-28,238.482335839451,239.87163084859074,236.81331518873074,239.3121795654297,985000,0.0001559078509328571
2023-11-29,241.26090686908216,242.07209840896365,239.21892822151048,240.46835327148438,1091300,0.0048196034017467465
2023-11-30,238.49167343659212,242.5662979317899,238.49167343659212,241.270263671875,1748500,0.0033292375278722694
2023-12-01,240.9625287869091,248.5989632371785,240.36580163090582,248.0208740234375,1301800,0.027595180885703646
2023-12-04,247.67592785234623,251.29368108713678,246.85540297993455,251.0978546142578,1207400,0.01232981010517134
2023-12-05,250.40788188236016,251.70394468793396,249.46613922377423,250.6596221923828,883500,-0.0017467902465340063
2023-12-06,250.8367161252964,251.65724078514867,248.65488198243693,251.4334716796875,1385200,0.003082496491169341
2023-12-07,251.7505115038498,256.0022956439694,250.8647112851275,254.63165283203125,995100,0.012639573744405603
2023-12-08,254.26806348084403,256.81352301900716,253.1398275806454,255.3030242919922,749000,0.002633168042873073
2023-12-11,254.54775070236295,258.37993944470685,254.14682151394314,258.1188659667969,817100,0.010969029414551183
2023-12-12,256.9877508325646,258.35453925074006,255.54553633663232,257.3365173339844,929600,-0.0030355652842684188
2023-12-13,258.0057642253398,268.0918586788872,256.96887144009173,266.33856201171875,1515800,0.03438365464986285
2023-12-14,270.96681297301757,275.36888175709083,270.70287928096405,274.3979797363281,1716800,0.029811244358180233
2023-12-15,273.9549970274485,274.69967852949435,270.2316182838395,273.4176940917969,2184800,-0.0035788924548684157
2023-12-18,273.46475632813565,274.23771525553354,270.9950849535556,272.41845703125,679400,-0.003661311823113176
2023-12-19,273.85127365105035,279.1205414285733,272.1357188343026,277.9422607421875,770400,0.020074067877313344
2023-12-20,278.31934162871744,281.3545939153415,276.06645508318036,276.1795654296875,762200,-0.006362143394972922
2023-12-21,278.9037450917205,280.29881095823777,276.6131744325465,280.0914611816406,580500,0.014064943356948184
2023-12-22,280.49675910038667,283.67339883318505,278.9508412241181,280.8360900878906,415500,0.002654992937934016
2023-12-26,281.61849502477287,285.66233327708,281.4582362080386,284.5594787597656,380500,0.013171106050538216
2023-12-27,284.79514289493187,288.00006042030884,284.2578400295147,287.764404296875,526300,0.011199808824799406
2023-12-28,288.4525239321808,290.6582617450503,287.7738331615582,290.1398010253906,532500,0.008220774599981245
2023-12-29,289.29146917623575,290.33779738731073,287.1611572505998,287.50048828125,558200,-0.00913832071672038
2024-01-02,287.4721782285694,294.33448303956385,286.5483959162108,293.9385681152344,823000,0.02214623491064648
2024-01-03,291.38411743461484,291.38411743461484,285.48327811816364,285.62469482421875,675500,-0.028692100317400923
2024-01-04,284.83287367067305,286.43531814986443,282.37260863014086,282.95703125,745100,-0.009383640122207965
2024-01-05,281.82590707470695,284.61606777477766,279.03571760801697,281.47711181640625,615300,-0.005243916737103512
2024-01-08,280.77954660020913,283.0418395774962,279.8180799956815,282.90045166015625,857900,0.005043938503215746
2024-01-09,280.1668505966251,280.6570049728682,278.55497078184567,279.8652038574219,623200,-0.010787002385656825
2024-01-10,279.865187833582,279.865187833582,276.85821359711565,278.2815856933594,1104600,-0.005674573224055579
2024-01-11,276.83937167164544,278.07420737595186,272.39018320296566,273.6910095214844,1108500,-0.016633731656109745
2024-01-12,275.93445339492075,278.81888178296117,273.3987914352896,278.10247802734375,791400,0.015989904185550064
2024-01-16,276.18896978723603,278.0176635608767,274.04922259571936,277.9328308105469,692500,-0.0006102030549657642
2024-01-17,274.16233172540905,278.94144467264414,273.9360822922406,277.6029052734375,951500,-0.001187774447143658
2024-01-18,277.3955364509203,278.1119402755703,271.01397894784725,274.27545166015625,939200,-0.012058794816118695
2024-01-19,274.5393883939749,276.6414514061581,272.6352972407525,275.17095947265625,651000,0.003259675874804356
2024-01-22,275.88734980187144,278.611548593038,275.4537505581623,276.80169677734375,627700,0.005908778381697239
2024-01-23,277.7631886017858,279.1676899749363,272.91808461036794,275.10498046875,594700,-0.0061485817219248465
2024-01-24,277.40497189833496,278.25332819421243,271.73035400304576,272.1451110839844,558900,-0.010817351309195708
2024-01-25,274.8976129433076,277.05623130245675,272.87097583433206,274.9447326660156,634800,0.01023468467582985
2024-01-26,276.14184986539277,276.42462569961555,272.1545380031557,273.24798583984375,562300,-0.006190349441822255
2024-01-29,273.3611077940975,273.3611077940975,270.66521550451813,273.1820068359375,629600,-0.00024149115206437854
2024-01-30,270.28813096720006,273.0500425232977,268.3274847294882,268.4217529296875,666300,-0.017578816255190723
2024-01-31,269.8733818725724,271.9094542372423,265.25452759251056,266.94183349609375,759200,-0.005528665903826921
2024-02-01,266.39509043875745,270.0242004394531,265.0471443365784,270.0242004394531,723600,0.011480803646483198
2024-02-02,266.2631236310554,266.819268592215,261.10696685335876,264.46270751953125,730600,-0.02081133724569239
2024-02-05,261.1635060468692,261.6159761011359,257.56267404402223,258.4299011230469,782600,-0.023075767358996805
2024-02-06,258.42051255705934,263.64266057683926,258.2131340070575,262.6623229980469,649700,0.016244782609290413
2024-02-07,262.64348079160027,267.526269016129,262.36067616897395,265.075439453125,686700,0.009145198411397073
2024-02-08,265.0188691067152,268.996745597623,264.9434718049697,268.5537109375,495600,0.013036472024041743
2024-02-09,268.2992603280758,269.9111404345097,264.49104866476955,267.7713928222656,557000,-0.002917330047007314
2024-02-12,268.242654953131,269.32666735090066,264.8492010746473,265.1979675292969,515300,-0.009657010266338981
2024-02-13,260.0795129622608,262.0213170093465,256.4221255286074,260.76763916015625,643300,-0.01684685498695333
2024-02-14,261.7573987020005,265.74471067768377,259.8061590904991,264.3873291015625,707300,0.013785444233988696
2024-02-15,267.752502824652,270.27875858415973,266.5742220891684,269.8357238769531,619800,0.020398160131623228
2024-02-16,266.5930744031023,269.01562633033046,265.2356927891404,265.3676452636719,852700,-0.016697138608309535
2024-02-20,264.87749746402915,269.11930792163815,263.25618209401165,267.8184814453125,1201400,0.00919323785825382
2024-02-21,276.207814166355,279.06396518381086,268.4500331236454,272.0602722167969,1357800,0.01571418778685133
2024-02-22,272.1640183128595,274.87875306870495,268.8648321255944,269.0156555175781,706400,-0.011254053922664868
2024-02-23,268.6479607993038,270.65575542477796,267.44140268743115,268.4405822753906,498600,-0.002139982462618782
2024-02-26,267.7053576083647,268.8742027813374,262.5680425842335,262.634033203125,707300,-0.02186803999877263
2024-02-27,264.80211321600115,265.9615230542866,263.50128667552696,263.5389709472656,627900,0.003439699981701885
2024-02-28,260.5979535967873,265.5373253936846,256.89344632407636,264.2082214355469,1137100,0.0025362554522014437
2024-02-29,265.72585320465595,269.2984082811279,263.93487232435007,267.58282470703125,1184800,0.012691633654161712
2024-03-01,265.94268365370516,268.52546585872904,263.52013152176755,266.9889831542969,904500,-0.002221747530551546
2024-03-04,266.00859376767517,269.0061321917894,262.0966798387828,268.72332763671875,795500,0.006474932559182413
2024-03-05,267.9975781868557,269.873391798785,261.8516765988932,263.4729919433594,646200,-0.019731463154207474
2024-03-06,266.0086523273615,267.611096759082,263.65209101605114,267.45086669921875,759200,0.01498500821526042
2024-03-07,268.0635408314566,270.2032879381638,265.47132364097484,269.6659851074219,746100,0.00824822739861695
2024-03-08,270.8254718720525,277.32016918236064,270.74063910993806,276.3115539550781,1151600,0.024344946784793996
2024-03-11,276.6603163185555,278.26278962330053,274.8693353563589,274.9447326660156,689700,-0.004958942412830478
2024-03-12,273.79231475132644,277.4591393883744,272.3732175464212,276.73529052734375,549900,0.006491314071433988
2024-03-13,277.3924622534492,278.84966441184895,274.1161335070816,275.1066589355469,836500,-0.005902546270165919
2024-03-14,276.33528687195064,276.33528687195064,265.06813652668313,267.28729248046875,833900,-0.028834791421911917
2024-03-15,264.02044621377325,267.4110604517603,261.86799591293374,263.8585510253906,1651900,-0.012910913736513012
2024-03-18,264.4680811019707,265.6871780117317,262.90612681082206,264.3728332519531,676300,0.0019471860414323092
2024-03-19,264.1156921386719,267.25866775319133,263.3728054080275,264.1156921386719,859500,-0.0009731190791061091
2024-03-20,263.8585761570229,269.41117472952527,262.16326887655714,268.61114501953125,500100,0.016877541276768118
2024-03-21,270.0968859158433,271.4874115005698,266.7253097091859,268.4491882324219,629800,-0.0006031232693658077
2024-03-22,269.1063569588789,269.49685278834926,264.02043580245527,266.0776672363281,550200,-0.008873404703277224
2024-03-25,265.6585960134563,267.17294085224006,262.63943984018084,262.6584777832031,378900,-0.012933623503166042
2024-03-26,263.0490060869255,264.14428378996405,261.89658548220245,262.19183349609375,497000,-0.001778199993565904
2024-03-27,264.20145305632076,274.5447552768405,264.0871672415474,274.3923645019531,687000,0.04548264454756137
2024-03-28,276.8686267388134,277.46862718621236,274.2018321329276,276.2590637207031,841300,0.006779992836917806
2024-04-01,280.8306591416763,280.8306591416763,272.6874765233571,272.8684387207031,473300,-0.01234929256112177
2024-04-02,270.1159191801648,271.887436129964,268.29682190506367,269.8968811035156,590800,-0.01094980537248526
2024-04-03,270.05881294734723,270.6112330972883,264.74431950759276,266.9825134277344,642800,-0.010856800733340692
2024-04-04,269.0587805888031,272.90656739469694,266.1824812563778,267.28729248046875,499700,0.001140918249261971
2024-04-05,267.2872629328675,269.8206755047252,265.9633846852025,269.12542724609375,437100,0.006853461496260463
2024-04-08,270.1159350505805,274.15421730156675,269.34447685365905,273.9351501464844,468800,0.017713856856834496
2024-04-09,275.81141911879797,279.9544536564489,275.7066668266596,279.38299560546875,607400,0.019692184497350693
2024-04-10,271.7541165508065,271.91604081755025,260.46795737352886,262.7251892089844,834200,-0.061475006644954505
2024-04-11,263.69662891831433,264.35380131313167,258.89642201090686,262.0870361328125,498500,-0.0024319303548026305
2024-04-12,261.267981000696,262.5251829520548,258.6773962519408,259.19171142578125,516300,-0.011108661132597427
2024-04-15,259.93461438610746,262.4489893797979,251.68664940830735,253.1152801513672,809500,-0.023722948721314085
2024-04-16,252.28664274892833,252.88664315979244,248.2674276728879,249.74366760253906,775600,-0.013409975459089165
2024-04-17,250.50560046495627,252.83904204622308,249.1341127783808,249.35317993164062,420800,-0.001564777467557055
2024-04-18,249.94369426903856,250.43897151005598,246.58165120884348,247.89599609375,749000,-0.005860997180049423
2024-04-19,248.74366174903835,249.01984275236862,246.76261093605336,247.99124145507812,737600,0.00038414121311181694
2024-04-22,248.70553021549821,249.2484167897935,246.0863742575318,249.0007781982422,769900,0.004062592926031543
2024-04-23,249.3531717676333,251.41993673470765,248.68646589036734,249.74366760253906,512900,0.0029790405084631796
2024-04-24,247.9150248308531,250.73421021412173,244.8196584517309,249.69607543945312,699000,-0.00019058220293047734
2024-04-25,246.92452093595486,248.53411372892776,245.45778538913498,246.37210083007812,598400,-0.013401481961471772
2024-04-26,246.91498419179337,249.6293880953462,244.8577526774869,245.46731567382812,577700,-0.0036791934380284047
2024-04-29,247.3912165044239,251.31518418116426,247.14357788182141,250.41990661621094,846300,0.01997533067206077
2024-04-30,248.06739352847043,249.85794841751382,246.40065793407226,247.10546875,934600,-0.013323890854355813
2024-05-01,244.11488002810998,254.08672317208186,244.11488002810998,247.7721710205078,1219900,0.0026944142158635254
2024-05-02,249.94366865118016,252.83903469033348,247.25783625431222,251.37229919433594,927500,0.014425445211585829
2024-05-03,255.1820163496096,256.95353358509857,252.03904034110474,253.1152801513672,662200,0.0069099338163656305
2024-05-06,254.934381017509,256.64872610967393,252.35330080872615,256.3820495605469,592400,0.01282367535996535
2024-05-07,258.8392801736447,260.94415017289066,257.59161178197917,260.2012634277344,520300,0.01478670858749087
2024-05-08,258.7154891321434,258.7154891321434,255.3534172467704,256.2201232910156,466500,-0.015418490048800413
2024-05-09,257.4773381972866,262.610898319073,257.07733788930324,262.2870788574219,443600,0.02340269310685443
2024-05-10,262.6489583145505,263.6013786966738,261.0870040019612,262.8108825683594,383300,0.001995071103521109
2024-05-13,263.668064805999,264.8681238326344,262.0680054808614,263.7347412109375,318200,0.0035091340574878007
2024-05-14,266.39201785908466,269.45881294401624,265.15385380514823,266.51580810546875,622200,0.010489729427572982
2024-05-15,270.6397740987312,274.020854764414,270.125458963858,273.01129150390625,773100,0.024079595834180408
2024-05-16,275.9828955569877,276.2019627496698,272.4018140114409,273.3637390136719,721200,0.001290130547573863
2024-05-17,274.87800870577263,277.0019164374028,273.34462597494337,274.9351806640625,764100,0.005732077509882586
2024-05-20,273.77326618670406,275.5161827972142,271.88746325822063,272.2969970703125,538000,-0.009641991607763502
2024-05-21,271.9636264792674,272.3160464331219,267.6301253988564,269.56353759765625,434800,-0.010089248007435062
2024-05-22,268.334871792508,272.12551484911035,267.82058578498203,269.5444641113281,347700,-7.075942585018399e-05
2024-05-23,269.0682792892382,269.0682792892382,261.19174448324003,261.3060302734375,756300,-0.03104111393639976
2024-05-24,262.32511583289073,262.32511583289073,258.93450189556904,259.4297790527344,665200,-0.0072061851957566855
2024-05-28,261.3346409417865,262.55373786053576,257.52495943749966,257.62017822265625,589400,-0.0069997422619166106
2024-05-29,254.5438848843486,255.22962873356857,250.8103841351368,251.2484893798828,865700,-0.025043875835294632
2024-05-30,253.42001751029278,255.5058205960428,251.9342439513428,255.4772491455078,782200,0.016690914301950993
2024-05-31,257.62018883203405,261.12511805014685,254.80103254112032,260.80126953125,1232100,0.02062533663641253
2024-06-03,261.2013029500361,261.5536938586761,258.71549957899276,261.33465576171875,472100,0.0020430941069965124
2024-06-04,261.27747176502623,268.4015867176131,260.963185826419,265.69671630859375,608800,0.016553702064351167
2024-06-05,266.1919610130401,266.3729232093348,262.9061281622661,263.95379638671875,561800,-0.006581419903583011
2024-06-06,262.5823364745227,264.16332888466695,260.5822476647413,263.00140380859375,617400,-0.0036147043041818015
2024-06-07,258.86787062420586,262.172770798635,256.7249245790864,260.7917785644531,890200,-0.008437064192477155
2024-06-10,260.0583593696237,262.3441914131006,257.39159407298314,260.9822082519531,1006500,0.0007299317358345663
2024-06-11,258.9630720195977,262.73464824393847,258.1058995684603,261.5727233886719,782800,0.0022601083726520063
2024-06-12,267.6970031812479,271.4717364439628,265.4244815763381,265.520751953125,723400,0.014980653654745693
2024-06-13,266.65704024375094,272.1650516612839,265.8963103212417,272.12652587890625,747600,0.02457412740150375
2024-06-14,270.8843679117123,273.63838873448185,270.8843679117123,272.7524719238281,617200,0.002297560826528306
2024-06-17,270.13324388629206,273.6094685376854,268.04365357844097,273.28204345703125,753600,0.0019397004560187357
2024-06-18,273.888739337103,280.9663470354817,272.6465691554074,280.6485900878906,899100,0.026598929543861363
2024-06-20,279.01156630525753,281.91002200603805,276.93161460555007,281.1492919921875,799100,0.0017824988411007448
2024-06-21,281.7463315739346,282.6226096310356,279.2812099703269,280.2633972167969,1487300,-0.003155951148640396
2024-06-24,279.4545371787563,285.5114321118298,278.2412539425302,281.4767150878906,625300,0.004319861556427678
2024-06-25,281.1685220165364,281.1685220165364,274.8901709228339,278.8382263183594,714300,-0.009417947218079745
2024-06-26,277.30718990203223,279.12712937107034,275.79536858598476,277.4419860839844,383200,-0.005019927494491701
2024-06-27,279.4448959518341,279.4448959518341,272.8294806591431,275.9301452636719,905600,-0.005464115361786783
2024-06-28,276.87386241684834,278.1545584165321,273.7057847307487,276.9894104003906,1790200,0.0038315390431132093
2024-07-01,274.19685820821843,276.75827926870215,270.11400658012656,272.63690185546875,618000,-0.01583839577830599
2024-07-02,273.43611593795333,275.2753327238049,271.7124765023303,274.8131408691406,626400,0.007950498884779566
2024-07-03,274.9383617507992,278.62643496695773,274.34134420956894,276.69091796875,360200,0.006809684628202572
2024-07-05,277.6827015225153,279.473783258352,275.36201511649125,278.9345397949219,514900,0.0080760663120295
2024-07-08,279.1945558564016,280.8026476442296,277.7501472537313,279.676025390625,466600,0.002654751189454196
2024-07-09,279.65674918487565,280.3019018396542,273.86947655931925,278.27972412109375,420000,-0.005005071407963661
2024-07-10,279.2137786666808,279.73377394459243,275.1501749919198,276.7486572265625,569600,-0.005517090042851257
2024-07-11,280.67746676936673,287.05211816734857,279.17528429918343,285.6365966796875,676500,0.03161064225057232
2024-07-12,288.88168098275816,294.2741449050825,286.252847106652,291.4142150878906,679300,0.020025312725214614
2024-07-15,292.6564298508751,293.4845432741202,287.8128479218643,290.8460998535156,478400,-0.001951413826699879
2024-07-16,292.27123139393433,295.26598693106456,290.6727491456324,294.3222961425781,701000,0.011881151493886338
2024-07-17,294.32230934037216,299.0310953137944,293.51344407964143,298.4918518066406,703300,0.014067223046492324
2024-07-18,297.2688789877891,303.25836051207,291.82827972509835,292.3675231933594,815500,-0.020730983413136225
2024-07-19,293.55193632535816,294.49559766176276,289.8638637966633,290.47052001953125,494400,-0.006509560913563937
2024-07-22,291.25052730099947,294.34158270864594,286.4454710024893,293.1379089355469,557600,0.009141086240180642
2024-07-23,292.7045337740509,293.946733162772,290.14311281596866,290.7786560058594,969400,-0.008080831781668284
2024-07-24,291.134982896361,292.0593961372161,284.50995766600425,284.59661865234375,704400,-0.021489540929444828
2024-07-25,286.4743292046856,290.04682437594147,282.5647995335232,283.9899597167969,544900,-0.0021339201058685198
2024-07-26,285.270682042626,290.74980736679197,284.49070379454866,289.5942687988281,368100,0.019541985830040288
2024-07-29,289.3728022711743,292.19420642967833,286.02176404175344,291.5779113769531,457200,0.0068263772728061525
2024-07-30,292.62752979397465,294.505243102812,289.71943537573054,293.0897216796875,537700,0.005171531949678597
2024-07-31,279.04045202787745,291.95346707147417,276.39236987483315,284.9529113769531,1623000,-0.02815483609989842
2024-08-01,287.23507013952667,289.26685723627133,284.81808395015645,288.9587097167969,763800,0.013959861573833068
2024-08-02,288.56391326059537,300.81249725116805,287.09061791820267,300.34063720703125,1217000,0.03863348291596026
2024-08-05,294.53415390453137,302.91173514905745,291.6356980451292,292.40606689453125,1395900,-0.026773811595138173
2024-08-06,292.38680245858217,303.57614856908265,290.41275994150374,301.0532531738281,1030000,0.029143693669829943
2024-08-07,301.4095383309512,305.23240724176156,298.1259128958642,298.655517578125,906300,-0.007996375870983426
2024-08-08,297.5673484377115,301.727251260834,296.41183946677376,301.5635681152344,561500,0.009690039391032556
2024-08-09,302.53617080355673,306.6960743753325,299.78217934328933,305.2901916503906,558200,0.012281938838133308
2024-08-12,304.6835373967352,304.6835373967352,299.7340167519032,302.69024658203125,575900,-0.008552778193765332
2024-08-13,304.48131115823855,305.36719854569424,301.82359022274153,304.7220458984375,469100,0.006690042067307583
2024-08-14,304.4235327989939,310.7596581399337,304.4235327989939,308.98785400390625,607800,0.013901932519227693
2024-08-15,308.05381395608225,308.65083142442467,303.5279889758001,305.47314453125,676900,-0.011440100554846018
2024-08-16,304.83758362976766,308.1404571015496,304.22128861001386,307.57232666015625,554900,0.006848400100651024
2024-08-19,308.52562347691855,311.2603664778905,307.7167583121153,311.1062927246094,485000,0.011424362795973106
2024-08-20,311.5107585833094,313.74478405931006,311.0292890955454,313.4847717285156,544500,0.007616152828269975
2024-08-21,314.0433023933275,316.8550678313682,310.1722687859381,315.64178466796875,572300,0.006857193897190947
2024-08-22,317.00912766381947,321.3616305823723,314.40921009661946,320.8897705078125,845900,0.016489692338413558
2024-08-23,322.0838054212675,329.04583467865,321.55417140819173,328.30438232421875,548300,0.022843502853882213
2024-08-26,329.8451071812548,330.2784120650193,326.16667343962405,327.07183837890625,420900,-0.0037613369527620677
2024-08-27,324.6067241094437,330.74064048483655,324.58744652315,329.89324951171875,576000,0.008589279798175342
2024-08-28,328.71848583726995,330.3266069174613,324.63563382993374,328.1407165527344,540700,-0.005326585535123655
2024-08-29,328.1406772505376,329.59472438826026,324.3948602233732,329.05548095703125,730300,0.0027838414115329752
2024-08-30,330.89469278675654,331.55912296638854,326.0992465743174,330.9813537597656,942100,0.005835669062407594
2024-09-03,329.90288452242095,332.2909542703026,327.2162766694899,329.0169677734375,646100,-0.005952717523293753
2024-09-04,330.5480600054765,333.70649875053596,327.3703730595777,331.202880859375,805800,0.0066217975052447016
2024-09-05,333.75466110705196,334.8812832732489,328.0925751220194,328.5259094238281,724000,-0.008115413991500115
2024-09-06,329.0843794070497,333.87018706576913,327.3125753018091,332.8205871582031,860100,0.012987860756426056
2024-09-09,332.9072368090196,340.1389173327244,330.7695112811722,338.4730224609375,700700,0.0168408243823246
2024-09-10,339.4071094961207,347.8424645147365,338.2804579393821,345.8299255371094,845000,0.021502717652163765
2024-09-11,341.5447967754636,346.5905871484265,338.5404321446441,346.0802307128906,597500,0.0007235193310559674
2024-09-12,345.3965512421049,346.21505517221374,341.72775643873126,345.81060791015625,633900,-0.0007793796400574303
2024-09-13,346.94677389059075,349.24815971269464,344.37349501005525,348.76263427734375,548900,0.008500310587337074
2024-09-16,349.8502108932708,354.0548481770633,347.5002547177239,352.48175048828125,596500,0.010607289449743821
2024-09-17,351.7923305582926,353.3654283271143,347.06331725958546,347.21868896484375,594100,-0.015044040246415244
2024-09-18,349.5297977822132,355.6862571870494,348.4907661639991,350.2774963378906,552700,0.008770878024989763
2024-09-19,353.0643746373929,353.0643746373929,344.431747999389,348.2382507324219,582400,-0.0058388129615415205
2024-09-20,347.15066898307333,351.2485046386719,345.490180374442,351.2485046386719,2196300,0.008607089317735997
2024-09-23,353.2586150569872,355.5988512810777,351.8505793989426,354.44329833984375,595100,0.00905442153104811
2024-09-24,351.41363028560033,356.18146420608224,350.724162798535,351.5107116699219,479400,-0.00830819995946984
2024-09-25,352.1613245722915,352.607999690795,347.7236148266604,349.17047119140625,652000,-0.006679925871625398
2024-09-26,349.09280977610285,349.81137798229156,345.2862770866791,346.1796569824219,724900,-0.008602378949438966
2024-09-27,347.9081208849426,348.74324008217206,344.5579833721931,346.31561279296875,790700,0.0003926548475565509
2024-09-30,345.6941076340326,353.6081662499539,344.78131745101086,353.3362731933594,943500,0.020069683781439723
2024-10-01,356.6669648227719,359.27909397613035,349.14132074642487,349.6365661621094,995700,-0.010525986164963991
2024-10-02,346.1116660405009,346.5875011338938,341.9167190298193,345.0143737792969,903200,-0.013308153305117006
2024-10-03,345.0143806079387,345.84949981029973,340.6058307602242,342.7809753417969,629000,-0.006494391944374715
2024-10-04,338.6151157143474,339.2074721112912,333.4782783258319,335.40093994140625,823100,-0.02176503551328131
2024-10-07,333.81814277481794,337.03231874395703,331.13806255803263,336.67303466796875,574900,0.0037855840094481352
2024-10-08,338.8676128204611,339.032704502274,335.6437169194695,337.867431640625,539400,0.0035413686223028052
2024-10-09,337.86746098768776,338.4209671267544,334.6532847988322,337.8868713378906,415200,5.753480868802618e-05
2024-10-10,336.96438273911156,338.2947177324176,331.15748768112127,332.1673889160156,641300,-0.0170721139339787
2024-10-11,333.9929668843046,334.964017778419,331.7012713644514,332.9053649902344,445100,0.0022192350318433764
2024-10-14,331.6138582584045,335.46893123670003,331.24485420175296,333.76959228515625,440100,0.0025926510950810893
2024-10-15,336.032119099399,340.39215736352907,334.18712849736625,335.0028076171875,617500,0.003688001269173633
2024-10-16,334.87662174211766,339.31433176669753,334.87662174211766,337.576171875,444000,0.007652266555094463
2024-10-17,336.6438837783673,336.86723613034917,333.7598617208872,335.40093994140625,642000,-0.0064645274576530095
2024-10-18,336.97405878309246,337.37219319180366,334.54643163299033,335.6145935058594,368900,0.0006368066341940146
2024-10-21,333.97353775848956,334.6921355946994,321.42757639375407,322.2432556152344,818100,-0.04065674591317374
2024-10-22,322.5248753084456,326.477030135257,321.5441043704322,325.2243957519531,543300,0.00920867999216561
2024-10-23,324.8747929723327,332.5849396371321,324.35041717870826,329.9339599609375,711300,0.014377120555685933
2024-10-24,330.02134832536547,331.9537597890912,328.2928788894788,328.61334228515625,321500,-0.004010704900126245
2024-10-25,329.1668602051174,329.89514841431156,325.1175647229839,326.603271484375,554700,-0.00613561092443477
2024-10-28,328.63273716715884,330.9244326185624,324.97188607397567,326.86541748046875,465400,0.0008023215636281292
2024-10-29,325.4283115788121,326.99168939336744,321.26249468061826,321.67034912109375,679200,-0.016021258191956197
2024-10-30,322.0296058220014,326.6226574864175,321.92277481620613,326.1080017089844,1167700,0.01370135943674771
2024-10-31,319.4757664126348,328.8852526026305,315.48476118426055,319.5340270996094,1371300,-0.02036485084595708
2024-11-01,320.56332488223023,321.09742066855915,313.5232057141345,314.29034423828125,1058400,-0.016546547391147193
2024-11-04,317.16463362578776,322.95208857196906,315.4458842367876,322.93267822265625,840300,0.027126653093737105
2024-11-05,321.6314673811445,330.90499125048916,319.18442987959105,330.73992919921875,629400,0.023888479210656555
2024-11-06,325.66131672475046,327.438356363908,307.92991883507835,315.8925476074219,1542700,-0.04593023761078724
2024-11-07,316.43636671095095,324.5349280362908,315.4555957735652,323.4862060546875,1040700,0.02375435678110524
2024-11-08,325.05929537682357,331.8857821571019,323.9522831039622,329.5941162109375,611200,0.01870547324965873
2024-11-11,327.1081833588725,330.7690641215657,325.9817904224817,327.14703369140625,750700,-0.007452232420445298
2024-11-12,325.3020518599237,326.3993441195973,319.9904022456819,320.6798400878906,917200,-0.019966471644818417
2024-11-13,325.4283069813774,327.0887957948851,322.44717347681313,325.2438049316406,760200,0.014131827605082213
2024-11-14,323.97169703351517,325.45740363583985,321.07795485718316,322.1849670410156,681400,-0.009449257688020895
2024-11-15,320.51474375153646,326.37986923019713,320.19428039334656,325.3117370605469,599500,0.00965810112956662
2024-11-18,324.15623932915696,328.3803169417519,322.3403787712167,327.5257873535156,533100,0.00678287843063222
2024-11-19,328.37056527843004,328.7686996906464,324.0590970511616,324.7679748535156,666700,-0.008455788148875296
2024-11-20,323.35992984789067,324.1561986491944,319.60196783706357,323.2239685058594,531200,-0.004765519959108749
2024-11-21,322.0004751987539,329.2445064089461,321.0585546672076,326.12744140625,481400,0.00894274565643399
2024-11-22,328.4191398987505,328.91438537581604,326.1954545165072,327.807373046875,508800,0.005137929038514348
2024-11-25,331.4293789435415,342.6450049387102,329.64264885099334,337.7606201171875,1359400,0.029911261495033918
2024-11-26,337.03234514479084,341.48949501002545,334.2454337055788,339.90667724609375,650900,0.006333681177870455
2024-11-27,342.6547424557973,345.56789529279615,341.1399053512878,341.1884460449219,499500,0.003763851092704407
2024-11-29,340.63494269681473,342.45080308071994,337.4013267073414,337.9742431640625,691000,-0.009465263416029613
2024-12-02,336.8672781263057,338.97444202705304,331.56534840202903,334.1094970703125,709900,-0.011500914132523285
2024-12-03,335.1096511941386,335.1096511941386,325.739016504244,326.3604736328125,483800,-0.023466256971912153
2024-12-04,325.21464236041743,325.8749498234487,322.3986008340972,324.9233093261719,469000,-0.004413334638275207
2024-12-05,323.9717208425889,324.98162208965357,321.7285956043099,323.0395202636719,568700,-0.00581451368449802
2024-12-06,324.04938059982226,324.884499765676,322.1169988331357,324.33099365234375,1013500,0.003989910180330795
2024-12-09,324.02025986227534,327.0499339537106,323.2725613314153,325.8555603027344,570600,0.004689636951814625
2024-12-10,324.55437326316166,324.55437326316166,316.91217730978616,318.4949951171875,853000,-0.022847455656714918
2024-12-11,318.32993323254317,320.23318481905875,313.1639350064487,313.9796142578125,923400,-0.014278699916113833
2024-12-12,315.15454910145223,317.2423321865134,311.44515728707694,311.50341796875,650100,-0.007917750275191862
2024-12-13,310.05270898834607,314.37547334179413,310.0037100608827,311.3367919921875,566800,-0.0005350520980272357
2024-12-16,311.0623111685464,313.1011809319025,308.18046846098156,308.96466064453125,753900,-0.007648355170459652
2024-12-17,306.3082565438536,311.70926629646146,304.5830935246533,307.1610412597656,1234600,-0.0058547290957178056
2024-12-18,305.54368698749516,307.16104040079233,293.47720806809275,293.9477233886719,867000,-0.04397023449029665
2024-12-19,292.938107786796,296.36887023054396,282.9594973440247,283.6064147949219,1044900,-0.0358145263589639
2024-12-20,285.6746894171383,296.9570063174898,284.88071536058635,291.61480712890625,2224900,0.027846364184808736
2024-12-23,290.6345789213637,293.369394970741,288.5565219628506,292.90869140625,751900,0.0044271492725005196
2024-12-24,291.3207273349443,295.7611125469472,290.37969675673247,294.8494873046875,296300,0.006604086587123572
2024-12-26,292.69302891025393,296.02576330910523,291.38932253861435,295.3592224121094,377700,0.001727305021990729
2024-12-27,293.13413088722035,295.8689470161873,291.634398799827,292.20294189453125,388300,-0.010743751281388467
2024-12-30,291.06587232205516,291.06587232205516,286.79210721174525,289.9582214355469,549700,-0.007711718764291801
2024-12-31,292.0460917668901,293.6144462191486,290.04643909241355,293.51641845703125,813100,0.012196729344993613
2025-01-02,293.0851224175998,293.5752313179637,288.7917636641925,290.7129821777344,707300,-0.009597113030124668
2025-01-03,290.24248595209133,295.0651406000157,290.16405177918966,294.5064392089844,489400,0.01296440283698702
2025-01-06,293.1341161800192,294.3692001596259,289.3014909708744,289.9778137207031,597700,-0.015496452096263692
2025-01-07,292.10490882694813,294.1045615451381,289.57596002672534,292.30096435546875,789500,0.007979555666853634
2025-01-08,290.87963216019443,292.5263908849226,286.4490584730336,289.6151428222656,584900,-0.009231023413923635
2025-01-10,285.52765121154516,287.31162487221206,281.83221096230136,283.27313232421875,883100,-0.022141383804863236
2025-01-13,283.204548286341,284.71406220484926,281.23430087782305,284.4984130859375,709500,0.004316111554906485
2025-01-14,286.13537391495714,286.9097543320767,283.6162070571789,284.2435607910156,958600,-0.0008961966012181131
2025-01-15,292.1049147495434,293.65364576631214,283.18492647072543,284.74346923828125,782700,0.0017571879481010693
2025-01-16,285.1845701270614,292.81066344129954,283.72405517236956,291.81085205078125,388600,0.02451715843485116
2025-01-17,291.8794259416924,293.21253762454273,290.1542630591239,290.21307373046875,587300,-0.005490435232201015
2025-01-21,291.1540981614602,296.28064813404507,290.6345839129094,291.1639099121094,653800,0.0032709827054340384
2025-01-22,289.29168022592467,290.40911294774554,284.6258339879719,284.9983215332031,596100,-0.02140308200635347
2025-01-23,285.9981483404223,286.6843127938105,282.3811421185645,285.82171630859375,904900,0.0028849559997739934
2025-01-24,285.3316054749299,288.5761241096938,285.24338945960733,286.40985107421875,637500,0.002055583809918727
2025-01-27,289.10543141387654,295.5650629271035,287.75272610535194,291.4383544921875,1305800,0.017404675851629893
2025-01-28,290.38953612728994,292.04610667586024,287.7723413231265,291.59521484375,726100,0.0005380834435514205
2025-01-29,290.86004300815046,293.10472026646664,286.49806176593785,288.43890380859375,643300,-0.010883298371635621
2025-01-30,293.08511901190417,297.2804499537136,289.0368147557207,292.1539001464844,806400,0.012797427092237629
2025-01-31,291.0266481168287,296.2708191364266,290.5757563213225,292.5754089355469,734400,0.0014417230521089695
2025-02-03,291.19333073650546,292.5068190967734,286.22361894063755,290.0562744140625,838200,-0.008647487912736056
2025-02-04,287.0567804348896,291.44813690737675,286.8215078282404,290.86981201171875,630700,0.002800831804571401
2025-02-05,294.810303394657,297.1432264522453,291.66378284360445,296.17279052734375,556600,0.018067250125287943
2025-02-06,297.5941246990534,298.1626378507025,295.12395674269584,296.88836669921875,471400,0.0024131626575437993
2025-02-07,296.9079592759346,298.51553079215137,294.5162255020679,296.6236877441406,420600,-0.0008919076559358817
2025-02-10,297.3392792120582,298.4763355084219,294.3398149823249,297.6137390136719,436000,0.003332177143439681
2025-02-11,296.3198122970157,299.38789862455775,296.04535252501773,299.2996826171875,333800,0.005648886507194359
2025-02-12,293.39880619547824,295.63370163715933,292.05591256310885,294.17315673828125,386800,-0.017276791978713863
2025-02-13,294.95733353348413,296.6236857985284,293.92808692396295,295.2807922363281,363600,0.0037581792560799163
2025-02-14,296.6237113266849,297.7999847205499,291.4481622386537,291.51678466796875,398800,-0.012829157249494242
2025-02-18,290.30131543862325,293.56542764272956,289.55634031713834,291.12469482421875,556600,-0.001345904528732176
2025-02-19,290.2424965837133,292.1637150959674,289.24265528276226,291.5461730957031,474700,0.0014467115766434553
2025-02-20,291.4873839846038,298.5547464700619,289.5759770813869,298.0450439453125,433200,0.02204623774480432
2025-02-21,297.9568057215315,298.7703733330422,294.4378274108618,298.1724548339844,593200,0.00042739735372480724
2025-02-24,297.32943655874135,300.7013880074661,294.3299726407517,297.34906005859375,1064400,-0.002765291528505857
2025-02-25,304.30864829165307,306.4847331494867,295.39844157058576,302.4952392578125,1398500,0.01715880426946759
2025-02-26,302.81868677257336,303.4656341294614,295.153376169478,298.2802734375,933200,-0.014031979967015119
2025-02-27,298.55471884725034,303.0245394534511,297.1628263487292,299.652587890625,749200,0.004590203855423275
2025-02-28,300.7210427621863,302.4266122497945,293.04592024019985,297.6137390136719,1074700,-0.006827295310876471
2025-03-03,298.09403057921855,304.9261500659219,296.4080846252244,304.886962890625,789700,0.02414462650602245
2025-03-04,306.66113475828416,312.23857625234535,299.152663064351,299.9956359863281,1317800,-0.016173166601747432
2025-03-05,296.9275847529336,305.71032773534125,296.82955699160664,305.14178466796875,680300,0.017008608515542308
2025-03-06,303.85768953687875,304.98496387597544,297.211814414968,302.32855224609375,868800,-0.009262188991712926
2025-03-07,302.93630228909825,309.00385292759324,301.9168973044377,307.768798828125,895200,0.01783450057499786
2025-03-10,308.05303042924896,316.11042176374116,307.0728126509111,307.39630126953125,1060400,-0.0012110492095902675
2025-03-11,307.6609512899926,308.0922495083598,299.77999192531433,302.1129150390625,1057700,-0.01733696037447042
2025-03-12,300.76019332357316,302.6128191943323,296.0257548436408,297.44708251953125,834400,-0.015564503072602999
2025-03-13,297.23919204243884,300.77351833857284,289.2102632795093,289.9626770019531,700200,-0.02548412057562053
2025-03-14,291.5070866446285,295.457198312973,289.0815614583252,295.1502990722656,744200,0.017732500270543645
2025-03-17,295.94228247346683,299.61522395647637,294.0810676415238,297.4075012207031,482600,0.007618541398169313
2025-03-18,296.2491958648516,298.6846308167057,294.0712021885805,295.5166015625,510300,-0.0063782398447926
2025-03-19,294.7047833460767,296.9322953685285,290.0517763600499,292.6653747558594,798700,-0.00969512584518527
2025-03-20,292.9920830630962,295.1403776629735,291.1704467088503,293.51678466796875,692800,0.0029049349153687167
2025-03-21,292.9326888476023,293.1603707353247,287.6757327990603,288.23016357421875,1421700,-0.0181754855592681
2025-03-24,289.33897193375327,294.3186976129419,289.0716511544357,291.9822692871094,667500,0.01293373876562565
2025-03-25,291.88326340787495,292.9227871506382,283.62662243246126,286.2600402832031,610200,-0.019792449326669327
2025-03-26,287.0916332932834,290.4972540136331,287.0916332932834,288.62615966796875,441900,0.008231656093574489
2025-03-27,289.72503435992803,293.5662596168374,288.5370461711052,289.0023498535156,550300,0.001302533488332507
2025-03-28,291.16056588980985,291.66544805020374,287.5074439017863,291.4278564453125,524600,0.008357665345612688
2025-03-31,293.4177868957441,298.54600729531137,292.7940786988249,296.2987060546875,1015000,0.01657560315313045
2025-04-01,298.50640370917614,298.50640370917614,291.79416861199076,295.87298583984375,838700,-0.0014378272180636
2025-04-02,296.6253970724209,296.72440364958004,290.05177728245866,293.9622802734375,596800,-0.006478799623007671
2025-04-03,292.6851878953904,299.45682067229967,289.6260448633818,291.7941589355469,1151300,-0.007402842185640647
2025-04-04,291.40807795429623,296.53629836593734,281.12190796674275,281.68621826171875,1407100,-0.03525486830547205
2025-04-07,280.2903026220907,282.8841117381191,267.84592844283554,272.9345703125,1409400,-0.03156165295222892
2025-04-08,277.18170150292497,279.9734935551855,261.3713152694076,263.6483154296875,1338700,-0.03461602073763679
2025-04-09,261.2920848608468,280.96348483213615,254.03535949192644,279.4685974121094,1789400,0.058273857016537374
2025-04-10,278.68648229471285,282.07231359693657,267.7766351432152,275.290771484375,1227700,-0.015062043636474162
2025-04-11,274.90466817830605,278.19149306986225,269.0834321014103,277.5380859375,1035600,0.008130280473499259
2025-04-14,279.3398962744107,286.7154175579666,278.5181749646088,285.84423828125,1044300,0.029488870674866274
2025-04-15,286.1115272700347,289.28943577431204,284.23052327167176,286.0224304199219,691500,0.0006231947206982049
2025-04-16,286.1313256303792,289.6062539584899,284.7156252791358,286.1412353515625,698000,0.00041528304034425996
2025-04-17,288.3786568559148,295.5165867222508,288.3786568559148,293.0514831542969,741400,0.023862785179456624
2025-04-21,290.67543288571125,291.1209473423331,281.2505935897899,284.6859130859375,664200,-0.028961790798892426
2025-04-22,290.5467755947196,295.04137804714026,288.6954402460715,293.70489501953125,843200,0.031188991591725435
2025-04-23,294.4077716426332,297.49658324699453,290.06163401097126,292.2792663574219,709600,-0.004865767946654878
2025-04-24,293.71476784558615,293.75437651746716,289.6755594780853,290.8536682128906,689700,-0.004889454531326209
2025-04-25,290.7942635640808,291.19025963600996,284.91362974761324,288.00244140625,909800,-0.00985132511582202
2025-04-28,288.4479257227533,290.4675449663821,286.94312856405634,289.1904296875,844100,0.00411644016512093
2025-04-29,288.0816348919155,291.06156053686107,286.2897277015338,290.0616455078125,621300,0.0030080737369899335
2025-04-30,289.8042541445844,298.2786968557678,288.2598483372934,297.4272766113281,1044200,0.025076275630868384
2025-05-01,296.2689926676949,301.75360021966196,292.101048644955,297.0015869140625,905100,-0.0014322648046126711
2025-05-02,301.26851113238297,301.26851113238297,296.5560762253131,297.15008544921875,1290500,0.0004998674417851998
2025-05-05,297.00159761565794,299.1202235140141,294.2592937408634,297.33819580078125,861300,0.0006328479930507057
2025-05-06,295.1700845249871,298.15001025072445,292.5861851032177,295.0018005371094,647300,-0.007888737531434173
2025-05-07,295.0611925069753,298.36780663317376,294.6156780302526,296.902587890625,991100,0.006422638266161349
2025-05-08,296.2194821303714,299.94191178642046,294.7245946478081,297.6946105957031,734700,0.002664066280588612
2025-05-09,296.96197687414013,301.8328161706072,296.50658290248884,301.0309143066406,460100,0.011144800429151868
2025-05-12,302.456540457896,303.14952606690525,295.8631012817987,302.12982177734375,822600,0.0036438336279480768
2025-05-13,304.42664493713056,304.4563438891096,296.87289928728165,299.1103210449219,730800,-0.010044326396033552
2025-05-14,297.5559940337491,298.68461459098984,293.6652804102255,295.2096862792969,642000,-0.013126567257394492
2025-05-15,297.58568601239506,302.2090240027161,296.1105878007106,301.93182373046875,532700,0.02251533786557668
2025-05-16,302.0902492085194,306.0601501464844,301.70413261716647,306.0601501464844,706900,0.013580409088546935
2025-05-19,304.3771447826502,306.6640546327828,302.44662234224836,306.3670349121094,505900,0.0010021919300711325
2025-05-20,305.48594269576085,306.53534589683727,303.93162712362465,304.7434387207031,479400,-0.005313605580538346
2025-05-21,302.1397204868038,302.8525255126341,292.3584632705739,292.9029541015625,615400,-0.03962889860795783
2025-05-22,292.86336965711035,294.486962608419,289.220157471798,292.8237609863281,592500,-0.00027040977874827164
2025-05-23,293.72467890189046,294.5166710677255,291.6654509306161,293.7345886230469,558700,0.0031056701159129806
2025-05-27,296.3778743560814,298.1994804366558,293.4375574806965,297.14019775390625,874600,0.011527473913235253
2025-05-28,297.10060608216486,299.5954086414959,295.9521962718987,299.1400146484375,626100,0.006707666466342366
2025-05-29,299.85282469841957,304.6939351406092,298.5163114358294,302.96142578125,570000,0.012693749552741246
2025-05-30,302.08032891641744,305.6245346777672,300.9319191167033,305.3275451660156,1601200,0.00777962919405329
2025-06-02,302.5258253103762,306.90166230515945,300.19933687908343,306.6739501953125,553500,0.0044000127833478415
2025-06-03,305.12952331786266,305.35723541209046,298.5657833821879,300.27850341796875,918300,-0.021074742992520764
2025-06-04,299.02122135234697,302.0506352757339,297.19961515225947,300.25872802734375,811000,-6.585899956462045e-05
2025-06-05,300.00132174774336,300.0706293736624,297.2391983456518,297.4570007324219,801100,-0.009374850551497687
2025-06-06,298.4469875624472,301.2882979230997,297.2094809445627,299.88250732421875,747500,0.008121076505500245
2025-06-09,298.9915060813626,303.0604133046353,298.06089869555336,299.5557861328125,569300,-0.0010900912648591846
2025-06-10,300.48641212129604,302.2981388258033,298.1401042823201,300.9814147949219,590200,0.00474785354833269
2025-06-11,301.15963365730147,302.42683927198266,296.1996972829128,297.1600036621094,644400,-0.012777791367912818
2025-06-12,298.0299987792969,299.5400085449219,295.29998779296875,296.6499938964844,947400,-0.0017177544774530068
2025-06-13,294.3900146484375,297.1499938964844,292.739990234375,294.95001220703125,708600,-0.005747080293982921
2025-06-16,296.4599914550781,298.260009765625,293.0,294.55999755859375,853300,-0.0013231826394130277
2025-06-17,293.82000732421875,296.2900085449219,292.0,293.6600036621094,585700,-0.0030600611910845763
2025-06-18,293.7699890136719,294.2799987792969,290.5199890136719,290.80999755859375,766800,-0.009752523436986167
2025-06-20,290.8500061035156,293.44000244140625,288.6000061035156,290.0799865722656,1420000,-0.0025134238516042297
2025-06-23,290.55999755859375,295.2799987792969,290.55999755859375,294.760009765625,636100,0.01600479831278838
2025-06-24,294.5199890136719,296.7799987792969,291.69000244140625,295.6000061035156,711700,0.0028457106923687877
2025-06-25,294.25,294.25,289.0799865722656,289.44000244140625,841000,-0.021059179640018917
2025-06-26,289.6499938964844,290.42999267578125,284.8999938964844,288.57000732421875,1198600,-0.00301031386820008
2025-06-27,289.55999755859375,294.5,288.7900085449219,289.8800048828125,1194200,0.004529344871619847
2025-06-30,289.2099914550781,294.1000061035156,284.04998779296875,293.4200134277344,1255300,0.012138014389008262
